{
  "val": {
    "accuracy": 0.6852736454210454,
    "macro_f1": 0.5437355449176219,
    "per_class_f1": {
      "Walk": 0.8206650831353919,
      "Run": 0.9747368421052631,
      "Sit": 0.3823711980136561,
      "Stand": 0.31174533479692645,
      "Lie": 0.0,
      "Other": 0.7728948114544939
    }
  },
  "test": {
    "accuracy": 0.5701452128968743,
    "macro_f1": 0.4407429717360682,
    "per_class_f1": {
      "Walk": 0.489247311827957,
      "Run": 0.3106796116504854,
      "Sit": 0.26528497409326424,
      "Stand": 0.25267993874425726,
      "Lie": 0.6544117647058824,
      "Other": 0.6721542293945629
    },
    "confusion_matrix": [
      [
        728,
        0,
        1,
        24,
        17,
        820
      ],
      [
        223,
        64,
        7,
        7,
        1,
        19
      ],
      [
        1,
        0,
        128,
        0,
        132,
        192
      ],
      [
        15,
        3,
        26,
        165,
        0,
        288
      ],
      [
        0,
        0,
        1,
        8,
        445,
        24
      ],
      [
        419,
        24,
        349,
        605,
        287,
        3103
      ]
    ]
  }
}