Time,Acc_X,Acc_Y,Acc_Z,Gyro_X,Gyro_Y,Gyro_Z,Device,Subject,Activity
-0.0016481250058859587,2.0345690917968753,9.26917465209961,2.841540985107422,0.0366116426885128,0.27285802364349365,-0.07976134866476059,phone,user1,run
0.018349874997511506,1.9502943420410157,9.132059783935548,2.918331298828125,0.010078538209199905,0.2146151065826416,-0.0716896653175354,phone,user1,run
0.03834687499329448,1.9437080383300782,9.105564880371094,2.912194061279297,0.015586329624056816,0.04583605006337166,-0.06666331738233566,phone,user1,run
0.05834487499669194,1.8748512268066406,9.115743713378906,2.9789552307128906,0.02546432428061962,-0.03506637364625931,-0.03947709873318672,phone,user1,run
0.07834287500008941,1.9489471435546877,9.104666748046876,3.009042663574219,0.038183487951755524,0.02275998517870903,-0.03249267861247063,phone,user1,run
0.09833987499587238,2.0011885070800783,9.198371887207031,2.887944488525391,0.029095247387886047,0.06369061768054962,-0.02331523969769478,phone,user1,run
0.11833787499926984,2.0604652404785155,9.190288696289063,2.8494744873046876,0.0401206873357296,0.049217354506254196,-0.01870930753648281,phone,user1,run
0.1383358750026673,2.0133132934570312,9.121731262207032,2.8864476013183595,0.055662237107753754,0.03218516334891319,-0.015196098014712334,phone,user1,run
0.15833287499845028,1.9549346923828126,9.160350952148438,2.9454249572753906,0.06198997050523758,0.02327810227870941,-0.02578575350344181,phone,user1,run
0.17833087500184774,1.976938934326172,9.261690216064453,2.8800109863281254,0.053002096712589264,0.07316447049379349,-0.04284185916185379,phone,user1,run
0.1983288750052452,1.945803680419922,9.273665313720704,2.9475205993652347,0.05045079067349434,0.15860995650291443,-0.015215042047202587,phone,user1,run
0.21832587500102818,2.024839324951172,9.402247924804689,2.9027636718750003,0.03258153051137924,0.23100125789642334,-0.0024439413100481033,phone,user1,run
0.23832387500442564,1.9618203735351563,9.392368469238281,2.9186306762695313,0.04331464692950249,0.25101715326309204,-0.028019627556204796,phone,user1,run
0.2583218750078231,1.9085311889648438,9.178313598632814,2.817890167236328,0.061993710696697235,0.19442439079284668,-0.03644059598445892,phone,user1,run
0.2783188750036061,1.8594332885742189,9.100176086425781,2.628084869384766,0.08608163893222809,0.20702166855335236,-0.04758615791797638,phone,user1,run
0.29831687500700355,1.7497114562988283,8.896449737548828,2.412383422851563,0.08809830248355865,0.38847509026527405,-0.08295520395040512,phone,user1,run
0.318314875010401,1.6744180297851563,9.399703216552735,2.602188720703125,0.07429203391075134,0.479355126619339,-0.10163277387619019,phone,user1,run
0.338311875006184,1.7823435974121096,9.811796264648438,2.7771748352050785,0.10139379650354385,0.4302542507648468,-0.08136282861232758,phone,user1,run
0.35830987500958145,1.7308506774902344,9.601932678222656,2.705324249267578,0.1338871568441391,0.29430365562438965,-0.04157591238617897,phone,user1,run
0.3783078750129789,1.4382092285156252,9.200766906738282,2.797981567382813,0.16707958281040192,0.16600188612937927,-0.01757166162133217,phone,user1,run
0.39830449991859496,1.28373046875,9.070088653564454,2.830763397216797,0.18122732639312744,0.1980563998222351,-0.03679529204964638,phone,user1,run
0.4183024999219924,1.2433145141601563,8.982221374511719,3.0428723144531253,0.17178821563720703,0.3030500113964081,-0.09081867337226868,phone,user1,run
0.4383004999253899,1.287472686767578,9.119186553955078,3.0088929748535156,0.14306996762752533,0.41211485862731934,-0.11996109783649445,phone,user1,run
0.45829749992117286,1.1199710083007812,9.119186553955078,2.8193870544433595,0.07874472439289093,0.46067214012145996,-0.15282422304153442,phone,user1,run
0.4782954999245703,0.9743238830566406,9.518855438232423,2.801873474121094,0.03179719299077988,0.36648812890052795,-0.1308201104402542,phone,user1,run
0.4982934999279678,0.8696914672851563,9.70551727294922,2.7557693481445313,0.012724076397716999,0.15757733583450317,-0.05779315158724785,phone,user1,run
0.5182904999237508,0.7168592834472657,9.513915710449218,3.030897216796875,0.053373053669929504,-0.3078686594963074,0.03720534220337868,phone,user1,run
0.5382884999271482,1.3177098083496095,9.342821502685547,3.9510337829589846,0.3119334280490875,-1.2222564220428467,0.07225225865840912,phone,user1,run
0.5582864999305457,2.9117449951171874,9.076375579833984,3.0240115356445316,0.5442851781845093,-2.0919768810272217,-0.058801859617233276,phone,user1,run
0.5782834999263287,2.9562025451660157,8.610693969726563,0.46298721313476565,0.4900078773498535,-1.5542144775390625,-0.24880649149417877,phone,user1,run
0.5982814999297261,2.036365356445313,8.92578872680664,1.5009288024902345,0.41402098536491394,-1.2453856468200684,-0.14426189661026,phone,user1,run
0.6182794999331236,1.3078303527832031,9.941277008056641,3.5892361450195316,0.1608400195837021,-1.8404319286346436,0.06287757307291031,phone,user1,run
0.6382764999289066,0.8834628295898438,10.529254302978517,3.1919622802734375,-0.06391815841197968,-1.7302112579345703,0.25090229511260986,phone,user1,run
0.658274499932304,1.257235565185547,9.763746185302734,2.2421873474121097,-0.03745133802294731,-0.567470371723175,0.29352208971977234,phone,user1,run
0.6782724999357015,1.3361215209960937,9.114845581054688,2.0935464477539063,-0.20556825399398804,-0.2162836343050003,0.23796238005161285,phone,user1,run
0.6982694999314845,1.8574873352050782,9.15092056274414,2.1251307678222657,-0.24047935009002686,-0.23615533113479614,0.1262834072113037,phone,user1,run
0.7182674999348819,1.8905685424804688,9.40658889770508,1.8663189697265625,-0.13761259615421295,-0.21124552190303802,0.05119750648736954,phone,user1,run
0.7382654999382794,1.9423608398437502,9.955198059082031,1.2816348266601563,-0.10334364324808121,-0.027511710301041603,0.10250991582870483,phone,user1,run
0.7582624999340624,1.8995498657226564,8.923543395996095,1.8721568298339846,0.0280475877225399,-0.07043413817882538,0.12057805806398392,phone,user1,run
0.7782604999374598,1.6913328552246094,7.680228881835938,1.4983840942382813,0.34164750576019287,0.086937315762043,0.021646788343787193,phone,user1,run
0.7982584999408573,2.0041822814941406,8.06597671508789,1.36037109375,0.6870338320732117,0.1692272126674652,-0.16950878500938416,phone,user1,run
0.8182554999366403,2.19623291015625,9.028475189208985,2.265389099121094,0.7835912108421326,-0.2933160066604614,-0.2607644498348236,phone,user1,run
0.8382534999400377,2.3584954833984377,11.536060638427735,1.982926483154297,-0.07123148441314697,-0.8925482630729675,-0.016880057752132416,phone,user1,run
0.8582514999434352,2.2073098754882814,10.10069549560547,1.2817845153808594,-0.041840143501758575,-0.6806356906890869,0.03956617787480354,phone,user1,run
0.8782484999392182,1.9588265991210938,9.229357452392579,1.9655625915527344,0.14621764421463013,-0.1421530544757843,-0.07649092376232147,phone,user1,run
0.8982464999426156,1.6717236328125,9.335486755371095,2.3234683227539064,0.02891518734395504,0.04357359930872917,-0.07169632613658905,phone,user1,run
0.9182444999460131,1.6762142944335938,9.098529510498047,1.8293458557128908,0.08857507258653641,0.17384925484657288,-0.10320906341075897,phone,user1,run
0.9382414999417961,1.510059814453125,9.088500366210939,1.5573614501953126,0.07419216632843018,0.06398020684719086,-0.1140548512339592,phone,user1,run
0.9582394999451935,1.6449293518066408,9.683962097167969,1.774559783935547,0.0209499578922987,-0.14610132575035095,-0.03406594321131706,phone,user1,run
0.978237499948591,2.3162832641601563,9.844877471923828,1.9618203735351563,0.05835399776697159,-0.23490270972251892,0.01132750790566206,phone,user1,run
0.998234499944374,2.408341827392578,9.482780456542969,1.6512162780761719,0.13321858644485474,-0.19419050216674805,-0.0010702022118493915,phone,user1,run
1.0182324999477714,2.1597088623046874,8.898395690917969,1.3431568908691407,0.22058020532131195,-0.18820123374462128,-0.03730924427509308,phone,user1,run
1.0382294999435544,1.85853515625,8.288563842773438,0.8936416625976563,0.3330986201763153,-0.08915834128856659,-0.1258794516324997,phone,user1,run
1.0582274999469519,1.2255015563964844,7.825876007080079,0.5887257385253907,0.43595606088638306,0.21929170191287994,-0.20482124388217926,phone,user1,run
1.0782254999503493,0.6161187744140625,8.231382751464844,0.690963134765625,0.3048836290836334,0.37620866298675537,-0.24981878697872162,phone,user1,run
1.0982224999461323,0.6219566345214844,10.163714447021485,1.8832337951660156,0.15770132839679718,0.20272615551948547,-0.31715619564056396,phone,user1,run
1.1182204999495298,1.7892292785644532,12.2672900390625,2.11480224609375,0.17389287054538727,0.07564232498407364,-0.21408410370349884,phone,user1,run
1.1382184999529272,2.9562025451660157,10.726693725585939,1.8071919250488282,0.2704649865627289,0.08654576539993286,-0.26802968978881836,phone,user1,run
1.1582154999487102,1.7929714965820314,9.312883758544922,1.3970448303222658,0.43278446793556213,0.2643362879753113,-0.29678693413734436,phone,user1,run
1.1782134999521077,1.3681549072265626,8.798553314208984,1.162781982421875,0.48749619722366333,0.2705470323562622,-0.2053113579750061,phone,user1,run
1.1982114999555051,0.9886940002441407,8.898695068359375,1.4389576721191406,0.39975830912590027,0.034786030650138855,-0.12749391794204712,phone,user1,run
1.218208499951288,1.0740165710449219,9.946665802001954,1.4242881774902345,0.32509511709213257,-0.12254379689693451,-0.08078266680240631,phone,user1,run
1.2382064999546856,1.5395484924316407,10.90347610473633,1.184337158203125,0.29296764731407166,-0.06751684099435806,-0.08532388508319855,phone,user1,run
1.258204499958083,2.232307891845703,10.582693176269531,1.2331356811523437,0.3074817359447479,0.008633994497358799,-0.14265872538089752,phone,user1,run
1.278201499953866,2.371967468261719,9.822573852539064,1.0737171936035157,0.37512630224227905,0.16455994546413422,-0.19718562066555023,phone,user1,run
1.2981994999572635,2.0372634887695313,9.090895385742188,1.004860382080078,0.420694500207901,0.31725379824638367,-0.1755799800157547,phone,user1,run
1.3181964999530464,1.555565185546875,9.051976318359376,1.05620361328125,0.3555489182472229,0.25226840376853943,-0.08394836634397507,phone,user1,run
1.338194499956444,1.4867083740234375,9.884395294189453,0.929267578125,0.28431054949760437,0.061508458107709885,0.014881070703268051,phone,user1,run
1.3581924999598414,1.7754579162597657,10.556946716308595,0.34787658691406254,0.25247716903686523,0.060145456343889236,0.03854011744260788,phone,user1,run
1.3781894999556243,1.8208135986328127,9.938732299804688,0.1981878662109375,0.23640376329421997,0.11625659465789795,0.03177116438746452,phone,user1,run
1.3981874999590218,1.6926800537109377,9.021439819335939,0.6592291259765626,0.25941747426986694,0.028088118880987167,0.016004452481865883,phone,user1,run
1.4181854999624193,1.28133544921875,8.494385833740235,0.9520202636718751,0.2765432596206665,-0.15287600457668304,0.06599348038434982,phone,user1,run
1.4381824999582022,0.7779322814941406,8.788823547363283,0.7890092468261719,0.21234512329101562,-0.2521420121192932,0.10165638476610184,phone,user1,run
1.4581804999615997,1.02746337890625,9.858199768066406,0.19025436401367188,0.1549830287694931,-0.0667862594127655,-0.0052583422511816025,phone,user1,run
1.4781784999649972,1.3183085632324218,10.289602661132813,-0.2851570129394531,0.17458976805210114,0.37954115867614746,-0.16428647935390472,phone,user1,run
1.4981754999607801,1.3219010925292969,10.023007049560547,-0.5489085388183594,0.2007618397474289,0.8226463198661804,-0.2111496478319168,phone,user1,run
1.5181734999641776,1.3419593811035158,9.368418273925782,-0.1778302001953125,0.18728263676166534,0.9078138470649719,-0.2014220505952835,phone,user1,run
1.5381704999599606,1.2240046691894533,9.033564605712892,0.08083190917968751,0.16446080803871155,0.7154301404953003,-0.20030264556407928,phone,user1,run
1.558168499963358,1.2214599609375,9.193432159423828,-0.025297393798828127,0.15577231347560883,0.4501063823699951,-0.2620783746242523,phone,user1,run
1.5781664999667555,1.244062957763672,9.790540466308594,-0.08232879638671875,0.23364919424057007,0.2521003186702728,-0.3794820010662079,phone,user1,run
1.5981634999625385,1.4097683715820313,10.796149291992188,-0.11780502319335938,0.38381707668304443,0.171172097325325,-0.514703094959259,phone,user1,run
1.618161499965936,1.329086151123047,11.076216888427735,0.1981878662109375,0.5705346465110779,0.08038042485713959,-0.6128232479095459,phone,user1,run
1.6381594999693334,0.8952882385253906,10.689121856689454,0.7933502197265625,0.4144866466522217,-0.2637033760547638,-0.5879100561141968,phone,user1,run
1.6581564999651164,0.28919860839843753,9.823022918701172,1.1193722534179689,0.06208479404449463,-0.524215042591095,-0.5033514499664307,phone,user1,run
1.6781544999685138,0.31225067138671875,9.465566253662109,0.11541000366210938,0.09255046397447586,0.056602247059345245,-0.31983646750450134,phone,user1,run
1.6981514999642968,0.8235873413085938,9.51631072998047,-0.8879534912109376,0.053132928907871246,0.7988888621330261,-0.2771458327770233,phone,user1,run
1.7181494999676943,0.9886940002441407,9.066795501708985,-0.74006103515625,-0.03888525068759918,1.199650526046753,-0.4021972417831421,phone,user1,run
1.7381474999710917,0.9702822875976563,8.305179290771484,-0.3153941345214844,-0.02080647274851799,1.276160478591919,-0.5885927677154541,phone,user1,run
1.7581444999668747,0.9943821716308594,8.512198791503907,-0.2878514099121094,0.09832964092493057,1.2907952070236206,-0.7619333267211914,phone,user1,run
1.7781424999702722,1.1050021362304687,9.543404388427735,-0.5801934814453126,0.23070260882377625,1.4151623249053955,-0.8711485862731934,phone,user1,run
1.7981404999736696,1.080004119873047,10.127938842773437,-0.5393284606933594,0.36939123272895813,1.5415270328521729,-0.8573516011238098,phone,user1,run
1.8181374999694526,0.9927355957031251,10.439590759277344,-0.3011737060546875,0.5132026076316833,1.5437597036361694,-0.7334595322608948,phone,user1,run
1.83813549997285,0.6451583862304687,10.218500518798828,-0.1926493835449219,0.6248407959938049,1.4197585582733154,-0.5604971647262573,phone,user1,run
1.858132499968633,0.3219804382324219,10.036778411865235,-0.25162673950195313,0.5439783930778503,1.0849941968917847,-0.4384514093399048,phone,user1,run
1.8781304999720305,-0.14699432373046875,10.196645965576172,-0.12319381713867188,0.1953965723514557,0.41500893235206604,-0.43234944343566895,phone,user1,run
1.898128499975428,-0.4794529724121094,10.30861312866211,-0.49591873168945316,0.13411737978458405,0.22751587629318237,-0.37603724002838135,phone,user1,run
1.918125499971211,-0.79275146484375,10.36998550415039,-0.7714956665039063,0.28279557824134827,0.40320104360580444,-0.2443617880344391,phone,user1,run
1.9381234999746084,-1.0092013549804688,10.254425811767579,-0.8346643066406251,0.4093594253063202,0.5989200472831726,-0.10329457372426987,phone,user1,run
1.9581214999780059,-1.066831512451172,9.809101867675782,-0.6947053527832031,0.37534472346305847,0.551889955997467,-0.05999090522527695,phone,user1,run
1.9781184999737889,-1.144519958496094,9.61929656982422,-0.6447093200683595,0.2682375907897949,0.3605984151363373,-0.057341527193784714,phone,user1,run
1.9981164999771863,-1.1659254455566408,9.680968322753907,-0.795146484375,0.26497066020965576,0.3038383424282074,-0.018681729212403297,phone,user1,run
2.0181134999729693,-1.020128631591797,9.874366149902345,-1.1933184814453126,0.2984740436077118,0.3855387270450592,-0.0011668605729937553,phone,user1,run
2.0381114999763668,-0.8460406494140625,9.682165832519532,-1.3310321044921876,0.280494749546051,0.4639134109020233,-0.03427807614207268,phone,user1,run
2.0581094999797642,-0.7226971435546875,9.525441741943359,-1.3844709777832032,0.22745835781097412,0.4786321818828583,-0.1045098528265953,phone,user1,run
2.078106499975547,-0.7485932922363282,9.753717041015625,-1.3510903930664062,0.21304744482040405,0.4563756287097931,-0.17192737758159637,phone,user1,run
2.0981044999789447,-0.7933502197265625,9.74009536743164,-1.3647120666503907,0.22539392113685608,0.4131552577018738,-0.22176294028759003,phone,user1,run
2.1181014999747276,-0.8017327880859375,9.602232055664063,-1.4542259216308595,0.23117947578430176,0.3935208320617676,-0.24633704125881195,phone,user1,run
2.138099499978125,-0.6948550415039063,9.710606689453126,-1.6139437866210937,0.22565703094005585,0.37660181522369385,-0.3085539638996124,phone,user1,run
2.1580974999815226,-0.7770341491699219,9.73620346069336,-1.6796571350097658,0.22349141538143158,0.39268845319747925,-0.292315274477005,phone,user1,run
2.1780944999773055,-0.7162605285644532,9.461824035644531,-1.569935302734375,0.24307633936405182,0.4000895023345947,-0.2357184886932373,phone,user1,run
2.198092499980703,-0.5152285766601563,9.103469238281251,-1.4570700073242189,0.2814115285873413,0.3538772165775299,-0.2098516821861267,phone,user1,run
2.218089499976486,-0.37556900024414064,8.983568572998047,-1.5503260803222656,0.28162676095962524,0.30738434195518494,-0.20192287862300873,phone,user1,run
2.2380874999798834,-0.37137771606445313,9.152866516113281,-1.6899856567382814,0.2467079609632492,0.2945040762424469,-0.17916059494018555,phone,user1,run
2.258085499983281,-0.4345463562011719,9.529782714843751,-1.6772621154785157,0.23543772101402283,0.26366129517555237,-0.1420454978942871,phone,user1,run
2.278082499979064,-0.5501060485839844,9.88559280395508,-1.6678317260742188,0.2532593905925751,0.21994976699352264,-0.07798149436712265,phone,user1,run
2.2980804999824613,-0.6399192810058594,9.941426696777345,-1.7479151916503908,0.26202842593193054,0.19003674387931824,-0.0073380968533456326,phone,user1,run
2.3180774999782443,-0.6370751953125,9.789043579101563,-1.7780026245117189,0.2604382336139679,0.17302507162094116,0.013601221144199371,phone,user1,run
2.3380754999816418,-0.8057743835449219,9.887987823486329,-1.7203724670410157,0.28400251269340515,0.16519278287887573,0.01918656937777996,phone,user1,run
2.3580734999850392,-0.9336085510253906,10.352621612548829,-1.6058605957031251,0.3642538785934448,0.130523681640625,-0.0015104932244867086,phone,user1,run
2.378070499980822,-1.0422825622558594,10.621462554931641,-1.644031219482422,0.44641008973121643,0.1150352731347084,0.02382478304207325,phone,user1,run
2.3980693749617785,-1.2171189880371094,10.234068145751953,-0.8898994445800782,0.5590255260467529,0.02790875732898712,0.19537019729614258,phone,user1,run
2.4180663749575615,-0.5758525085449219,9.126072235107422,-1.3497431945800782,0.44508740305900574,-0.03361585736274719,0.21245747804641724,phone,user1,run
2.438064374960959,-0.6459068298339844,9.231602783203126,-2.3966661071777344,0.004564741626381874,0.13561484217643738,0.146985724568367,phone,user1,run
2.4580623749643564,-0.863404541015625,9.440418548583985,-1.6554075622558595,-0.25734448432922363,0.185403510928154,0.02865760214626789,phone,user1,run
2.4780593749601394,-1.1308982849121094,9.550439758300781,-1.5678396606445313,-0.3354273736476898,0.16647855937480927,-0.043830398470163345,phone,user1,run
2.498057374963537,-1.1549981689453126,10.053094482421875,-2.4263044738769532,-0.50822913646698,0.2665640711784363,-0.05060213804244995,phone,user1,run
2.51805437495932,-1.0533595275878906,9.578431549072267,-2.082469482421875,-0.5928082466125488,0.2790462374687195,-0.052374109625816345,phone,user1,run
2.5380523749627173,-1.0021659851074218,9.257349243164063,-1.646575927734375,-0.5246460437774658,0.14752936363220215,-0.06464140117168427,phone,user1,run
2.5580503749661148,-1.0407856750488282,10.19754409790039,-2.1871018981933594,-0.48405036330223083,0.17212778329849243,0.03128323704004288,phone,user1,run
2.5780473749618977,-0.8295748901367188,11.409723358154297,-2.844385070800781,-0.58475661277771,0.40934592485427856,0.203497976064682,phone,user1,run
2.598045374965295,-0.3565585327148438,11.19237533569336,-2.753973083496094,-0.7317948937416077,0.7195270657539368,0.37934303283691406,phone,user1,run
2.618042374961078,-0.07948471069335938,9.63710952758789,-1.555415496826172,-0.6731809377670288,0.6859117746353149,0.42738962173461914,phone,user1,run
2.6380403749644756,-0.10074050903320313,9.069789276123048,-1.1415261840820312,-0.5202193856239319,0.39398014545440674,0.4423685371875763,phone,user1,run
2.658038374967873,-0.2070195007324219,9.777218170166016,-1.445244598388672,-0.4324429929256439,0.12502598762512207,0.48533424735069275,phone,user1,run
2.678035374963656,-0.4655319213867188,11.763587493896486,-2.319426727294922,-0.4864124059677124,0.15841110050678253,0.7047305703163147,phone,user1,run
2.6980333749670535,-0.09340576171875001,11.319461059570314,-1.9227516174316408,-0.5168178081512451,0.17497096955776215,0.8468592166900635,phone,user1,run
2.7180303749628365,0.5794450378417969,9.685458984375,-0.9475296020507813,-0.4045034646987915,-0.047004569321870804,0.732366681098938,phone,user1,run
2.738028374966234,0.7671546936035156,9.107660522460938,-0.7792794799804688,-0.2787233293056488,-0.24595780670642853,0.6093832850456238,phone,user1,run
2.7580263749696314,0.6304888916015625,8.976832580566407,-0.7906558227539063,-0.17665491998195648,-0.31592756509780884,0.6018236875534058,phone,user1,run
2.7780233749654144,0.504151611328125,10.045909423828126,-0.9928852844238282,-0.1282268762588501,-0.25377732515335083,0.7075225710868835,phone,user1,run
2.798021374968812,0.7673043823242188,8.861871643066406,-0.5852828979492187,-0.07287681847810745,-0.28937003016471863,0.6266966462135315,phone,user1,run
2.818018374964595,0.5402265930175781,7.938890991210938,-0.07634124755859376,0.029556557536125183,-0.3919786810874939,0.47593197226524353,phone,user1,run
2.8380163749679923,-0.008232879638671876,8.014783172607423,0.032183074951171876,0.16513286530971527,-0.41913071274757385,0.45329323410987854,phone,user1,run
2.8580133749637753,-0.061372375488281256,8.30832275390625,-0.26195526123046875,0.18191896378993988,-0.4117073118686676,0.3232736885547638,phone,user1,run
2.8780113749671727,-0.017812957763671877,8.495733032226562,-0.4974156188964844,0.10348040610551834,-0.425423264503479,0.02509300597012043,phone,user1,run
2.89800937497057,-0.2567161560058594,9.695637817382813,-1.004561004638672,-0.07071550190448761,-0.3352801203727722,-0.15975165367126465,phone,user1,run
2.918006374966353,-0.2938389587402344,9.587412872314454,-0.7870632934570313,-0.179925799369812,-0.22452954947948456,-0.23552241921424866,phone,user1,run
2.9380043749697506,-0.027542724609375003,8.810229034423829,-0.35296600341796874,-0.1432887762784958,-0.19852811098098755,-0.36825957894325256,phone,user1,run
2.9580013749655336,0.09011260986328125,8.306825866699219,-0.34817596435546877,-0.09823168814182281,-0.24687154591083527,-0.5539608001708984,phone,user1,run
2.977999374968931,0.08113128662109376,8.000263366699219,-0.44876678466796877,-0.07346680015325546,-0.3217681050300598,-0.8019827604293823,phone,user1,run
2.9979973749723285,-0.00089813232421875,7.621550903320313,-0.5330415344238282,-0.03278840333223343,-0.3900511562824249,-1.1388379335403442,phone,user1,run
3.0179943749681115,-0.26225463867187504,8.283324737548828,-0.9479786682128907,-0.046779051423072815,-0.3841559886932373,-1.4574624300003052,phone,user1,run
3.037992374971509,-0.6496490478515625,9.274264068603516,-1.6221766662597656,-0.1775926649570465,-0.20596611499786377,-1.6775779724121094,phone,user1,run
3.057989374967292,-0.8677455139160156,9.694440307617189,-1.4165043640136719,-0.30845367908477783,-0.1496868133544922,-1.909515380859375,phone,user1,run
3.0779873749706894,-2.041754150390625,11.931987304687501,-2.2273681640625003,-0.5215766429901123,0.20642243325710297,-1.6440702676773071,phone,user1,run
3.0979843749664724,-3.363804931640625,15.135924682617189,-2.612666931152344,-0.6960106492042542,0.9167333841323853,-0.6012869477272034,phone,user1,run
3.11798237496987,-1.5995736694335938,12.779973907470703,-0.6420149230957032,-0.46842458844184875,1.1106879711151123,0.1058373898267746,phone,user1,run
3.1379803749732673,0.20941452026367188,8.867110748291015,0.4734654235839844,-0.07781431823968887,0.7680021524429321,0.08729706704616547,phone,user1,run
3.1579773749690503,0.7726931762695313,8.529263305664063,0.8834628295898438,0.3440427780151367,0.34008508920669556,-0.10638821870088577,phone,user1,run
3.1779753749724478,0.4405339050292969,9.593849487304688,0.13921051025390627,0.5608483552932739,0.051577795296907425,-0.10565134882926941,phone,user1,run
3.1979723749682307,-0.1574725341796875,10.621312866210937,-0.968785400390625,0.4482874274253845,-0.028198204934597015,0.10466958582401276,phone,user1,run
3.217970374971628,-0.09774673461914063,10.6578369140625,-0.9180409240722657,0.2736036479473114,-0.15972405672073364,0.1855708658695221,phone,user1,run
3.237967374967411,-0.43110351562500004,10.063123626708984,-0.22842498779296877,0.27926671504974365,-0.3304140567779541,0.1920708417892456,phone,user1,run
3.2579653749708086,-0.7646099853515625,9.893226928710938,-0.22303619384765627,0.33169031143188477,-0.3767510652542114,0.2258920520544052,phone,user1,run
3.277963374974206,-0.8901988220214844,9.932295684814454,-0.8113128662109376,0.24452099204063416,-0.27861282229423523,0.2472013235092163,phone,user1,run
3.297960374969989,-0.9812095642089844,9.95415023803711,-1.18553466796875,0.0677349790930748,-0.11183091253042221,0.25198182463645935,phone,user1,run
3.3179583749733865,-1.050216064453125,9.431886291503906,-0.8146060180664063,-0.0010335338301956654,-0.019520698115229607,0.16872252523899078,phone,user1,run
3.3379553749691695,-1.3359718322753906,9.513167266845704,-0.5528004455566407,0.0654875785112381,0.029205434024333954,0.10872584581375122,phone,user1,run
3.357953374972567,-1.5578105163574218,10.025252380371095,-0.9180409240722657,0.08182483911514282,0.1451164036989212,0.17723745107650757,phone,user1,run
3.37795037496835,-1.1548484802246095,10.184072113037109,-1.2882211303710938,-0.022490695118904114,0.29080167412757874,0.22188730537891388,phone,user1,run
3.3979483749717474,-0.7432044982910156,9.750423889160157,-1.1701167297363282,-0.1121755838394165,0.38714614510536194,0.17688782513141632,phone,user1,run
3.417946374975145,-0.6941065979003906,9.654024353027344,-0.9160949707031251,-0.1093454360961914,0.43434107303619385,0.16687141358852386,phone,user1,run
3.437943374970928,-0.6809339904785157,10.054591369628907,-0.8590635681152344,-0.04980681836605072,0.4556553363800049,0.22523599863052368,phone,user1,run
3.4579413749743253,-0.7039860534667969,11.243718566894533,-1.1478131103515625,-0.028498295694589615,0.5509223341941833,0.4417688250541687,phone,user1,run
3.4779383749701083,-0.398770751953125,12.131821746826173,-1.2928614807128906,-0.03787219524383545,0.715808093547821,0.7678449153900146,phone,user1,run
3.4979363749735057,0.4375401306152344,10.398875427246095,-0.6991960144042969,0.004752621985971928,0.7008415460586548,0.8860769271850586,phone,user1,run
3.5179333749692887,1.1160791015625,9.300609283447265,-0.44876678466796877,0.0556408166885376,0.5257692933082581,0.7449721097946167,phone,user1,run
3.537931374972686,1.312470703125,8.8376220703125,-0.4071533203125,0.09026221930980682,0.33182260394096375,0.5456986427307129,phone,user1,run
3.557928374968469,0.7677534484863282,9.196126556396484,-0.569864959716797,0.10889147967100143,0.2052242010831833,0.491199254989624,phone,user1,run
3.5779263749718666,0.29219238281250004,9.564360809326173,-0.7499404907226563,0.10001501441001892,0.12338511645793915,0.5488459467887878,phone,user1,run
3.597924374975264,0.2902464294433594,9.947264556884766,-1.0436297607421876,0.04268963262438774,0.053746405988931656,0.47546130418777466,phone,user1,run
3.617921374971047,0.09190887451171875,10.134974212646485,-1.3485456848144532,-0.04325227811932564,0.14018745720386505,0.4103870093822479,phone,user1,run
3.6379193749744445,0.021405487060546877,10.538684692382812,-1.3154644775390625,-0.12369776517152786,0.32027921080589294,0.4429507553577423,phone,user1,run
3.6579163749702275,0.28770172119140625,10.252629547119142,-0.8952882385253906,-0.13577362895011902,0.43117037415504456,0.39690014719963074,phone,user1,run
3.677914374973625,0.21151016235351563,9.308991851806642,-0.7228468322753907,-0.1133665218949318,0.4585150480270386,0.30213621258735657,phone,user1,run
3.697911374969408,-0.17079483032226564,9.173074493408203,-0.8937913513183594,-0.12591390311717987,0.4727165400981903,0.26957908272743225,phone,user1,run
3.7179093749728054,-0.11720626831054688,9.272168426513673,-0.8111631774902344,-0.12557196617126465,0.4124479591846466,0.22214441001415253,phone,user1,run
3.737907374976203,-0.05059478759765625,9.47230224609375,-0.6207591247558594,-0.07906362414360046,0.318254679441452,0.1904299557209015,phone,user1,run
3.757904374971986,0.16420852661132812,8.765172729492187,-0.49247589111328127,-0.021952655166387558,0.24758869409561157,0.09708751738071442,phone,user1,run
3.7779023749753833,0.09804611206054688,8.124205627441407,-0.47062133789062505,0.0074873315170407295,0.23474831879138947,-0.009087475948035717,phone,user1,run
3.7978993749711663,-0.08173004150390625,7.7495347595214845,-0.6388714599609375,-0.04072319716215134,0.2338714897632599,-0.0873156264424324,phone,user1,run
3.8178973749745637,0.014519805908203126,8.695717163085938,-0.6333329772949219,-0.10308601707220078,0.1133396252989769,-0.20274664461612701,phone,user1,run
3.8378943749703467,0.08158035278320312,8.902437286376953,-0.6273454284667969,-0.14121034741401672,-0.05187491327524185,-0.30786505341529846,phone,user1,run
3.857892374973744,0.09535171508789063,9.121431884765625,-0.6432124328613281,-0.14818669855594635,-0.16633571684360504,-0.3733532130718231,phone,user1,run
3.877889374969527,0.14055770874023438,9.664502563476564,-0.6944059753417969,-0.1211734190583229,-0.21508540213108063,-0.41549500823020935,phone,user1,run
3.8978873749729246,0.192799072265625,9.809850311279297,-0.6541397094726563,-0.0662841796875,-0.2508266270160675,-0.46505868434906006,phone,user1,run
3.9178843749687076,0.10388397216796875,9.928104400634766,-0.8313711547851563,-0.04300631582736969,-0.24522407352924347,-0.46872711181640625,phone,user1,run
3.937882374972105,-0.018860778808593753,10.235115966796876,-1.050066375732422,-0.07167772948741913,-0.18049800395965576,-0.39589524269104004,phone,user1,run
3.9578803749755025,0.0461041259765625,10.32537826538086,-1.0889854431152344,-0.11058203876018524,-0.08407926559448242,-0.3016452491283417,phone,user1,run
3.9778773749712855,0.30865814208984377,10.05189697265625,-0.8478369140625001,-0.10592298209667206,-0.03252497315406799,-0.26373809576034546,phone,user1,run
3.997875374974683,0.44188110351562504,9.752369842529298,-0.6403683471679688,-0.05224347859621048,-0.05483103170990944,-0.27181828022003174,phone,user1,run
4.017872374970466,0.42810974121093753,9.476493530273437,-0.5188211059570312,0.01145511120557785,-0.1245599091053009,-0.2833942770957947,phone,user1,run
4.037870374973863,0.33365615844726565,9.477840728759766,-0.4920268249511719,0.07028021663427353,-0.19520483911037445,-0.27883967757225037,phone,user1,run
4.057867374969646,0.2507286071777344,9.456584930419922,-0.5902226257324219,0.09595945477485657,-0.22969305515289307,-0.2768874764442444,phone,user1,run
4.077865374973044,0.11585906982421876,9.683962097167969,-0.8851094055175782,0.0388951376080513,-0.2002159059047699,-0.26153630018234253,phone,user1,run
4.097862374968827,-0.007334747314453125,10.024354248046876,-1.0431806945800781,-0.056012798100709915,-0.12583531439304352,-0.24633483588695526,phone,user1,run
4.117860374972224,-0.020357666015625,10.339299316406251,-0.8241860961914063,-0.08493807911872864,-0.06125424802303314,-0.24915924668312073,phone,user1,run
4.137857374968007,0.05358856201171875,10.35022659301758,-0.5462141418457032,-0.03563644737005234,-0.03717978298664093,-0.2427881509065628,phone,user1,run
4.157855374971405,0.13382171630859377,10.179132385253906,-0.580792236328125,-0.015086444094777107,-0.040734659880399704,-0.2144130915403366,phone,user1,run
4.177853374974802,0.1293310546875,9.373358001708985,-0.5797444152832032,-0.050468187779188156,-0.06462779641151428,-0.1973358541727066,phone,user1,run
4.197850374970585,-0.17618362426757814,10.988199920654298,-1.1277548217773439,-0.16746611893177032,0.02139148861169815,-0.10077917575836182,phone,user1,run
4.217848374973983,0.258662109375,9.806407470703126,-0.9008267211914063,-0.2703487277030945,0.12495198100805283,-0.13472184538841248,phone,user1,run
4.2378453749697655,0.12723541259765625,9.379195861816406,-0.9677375793457031,-0.34487298130989075,0.2915864884853363,-0.1558036506175995,phone,user1,run
4.257843374973163,0.16929794311523438,9.271270294189454,-1.0614427185058595,-0.4432951509952545,0.43641197681427,-0.17229029536247253,phone,user1,run
4.277840374968946,0.32781829833984377,9.271719360351563,-1.064735870361328,-0.5374448895454407,0.5032335519790649,-0.21194066107273102,phone,user1,run
4.2978383749723434,0.3492237854003906,9.630972290039063,-0.9036708068847656,-0.5525333881378174,0.5194599628448486,-0.22072692215442657,phone,user1,run
4.317835374968126,0.4164340209960938,9.88229965209961,-0.8038284301757813,-0.5002285242080688,0.4963374137878418,-0.21384724974632263,phone,user1,run
4.337833374971524,0.3929328918457031,9.78889389038086,-0.9551637268066406,-0.45858269929885864,0.49938490986824036,-0.20261552929878235,phone,user1,run
4.357830374967307,0.28336074829101565,9.531279602050782,-1.050066375732422,-0.4181627631187439,0.5653460025787354,-0.19574451446533203,phone,user1,run
4.377828374970704,0.25237518310546875,8.982969818115235,-1.1163784790039064,-0.3880358338356018,0.698935329914093,-0.21484209597110748,phone,user1,run
4.397824749932624,0.3023712158203125,8.788673858642579,-1.1846365356445314,-0.35528382658958435,0.9357587695121765,-0.2902618646621704,phone,user1,run
4.417822749936022,0.2808160400390625,9.358838195800782,-0.9312135314941407,-0.20926187932491302,1.2401738166809082,-0.36653292179107666,phone,user1,run
4.437819749931805,0.15582595825195314,9.952054595947265,-0.5743556213378906,0.05608391389250755,1.5672781467437744,-0.32670050859451294,phone,user1,run
4.457817749935202,0.21570144653320314,9.712552642822265,-0.35625915527343754,0.31685903668403625,1.7837566137313843,-0.25492674112319946,phone,user1,run
4.4778157499386,0.16974700927734376,9.717791748046876,0.12184661865234375,0.6384289860725403,1.9424327611923218,-0.2362900972366333,phone,user1,run
4.497812749934383,-0.2601589965820313,10.703192596435548,2.096240844726563,0.4016249179840088,1.5361803770065308,-0.4348579943180084,phone,user1,run
4.51781074993778,-2.2077589416503907,11.574530639648438,5.219945068359375,-0.7228456139564514,0.5446520447731018,-0.6278377175331116,phone,user1,run
4.537807749933563,-1.4673985290527345,9.634415130615235,2.0836669921875,-0.09580963850021362,0.7501715421676636,-0.31883499026298523,phone,user1,run
4.557805749936961,-0.101788330078125,9.150172119140626,-0.6216572570800781,0.36077621579170227,0.978665292263031,-0.2720218598842621,phone,user1,run
4.577802749932744,0.4662803649902344,9.616901550292969,-1.012943572998047,0.017552271485328674,0.9631686210632324,-0.41829970479011536,phone,user1,run
4.597800749936141,0.23531066894531252,10.28855484008789,0.6846762084960938,-0.03522145375609398,0.8336188793182373,-0.3627799451351166,phone,user1,run
4.617797749931924,0.5322930908203125,9.832303619384765,1.0681787109375,0.35896289348602295,0.6468505859375,-0.17264224588871002,phone,user1,run
4.6377957499353215,1.2283456420898438,9.601932678222656,-0.3770658874511719,0.6051995158195496,0.6654661297798157,-0.1521921157836914,phone,user1,run
4.6577927499311045,1.3783337402343752,9.320218505859376,-0.6764433288574219,0.6527833342552185,0.6014407277107239,-0.251049667596817,phone,user1,run
4.677790749934502,1.1334429931640626,9.18819305419922,-0.6617738342285157,0.6491835117340088,0.373493492603302,-0.2852381467819214,phone,user1,run
4.697787749930285,1.1825408935546875,8.926986236572265,-0.5572911071777344,0.6663282513618469,0.098720483481884,-0.3358176648616791,phone,user1,run
4.717785749933682,1.131497039794922,8.375532989501954,0.0305364990234375,0.7467930316925049,-0.14357531070709229,-0.42412272095680237,phone,user1,run
4.737782749929465,1.1193722534179689,8.117020568847657,0.1838177490234375,0.7671288847923279,-0.16159799695014954,-0.5625804662704468,phone,user1,run
4.757780749932863,1.5462844848632813,8.210276641845704,0.28830047607421877,0.6924677491188049,0.08671993762254715,-0.7115854024887085,phone,user1,run
4.777777749928646,2.4192691040039063,8.956325225830078,1.0966195678710937,0.45186254382133484,0.2754572331905365,-0.7177480459213257,phone,user1,run
4.797775749932043,3.4624497985839846,9.456285552978516,2.7665469360351564,-0.13936574757099152,0.25400781631469727,-0.5647324919700623,phone,user1,run
4.817772749927826,4.2583447265625,9.399254150390625,5.140310668945313,-0.9898856282234192,0.20556598901748657,-0.5059412121772766,phone,user1,run
4.837770749931224,4.531077575683594,9.808952178955078,6.997947692871094,-1.9177442789077759,0.9724977016448975,-0.5230433344841003,phone,user1,run
4.857767749927007,3.3584161376953126,12.254566497802735,8.558153228759766,-2.6792194843292236,1.5206081867218018,-0.2751413583755493,phone,user1,run
4.877765749930404,0.1407073974609375,15.556250610351563,8.507558441162109,-2.8728485107421875,1.0396018028259277,0.7064653038978577,phone,user1,run
4.897763749933802,-2.08606201171875,17.055532836914065,4.371060333251953,-2.6079256534576416,0.7566588521003723,1.8278957605361938,phone,user1,run
4.917760749929585,-1.3162129211425782,17.85576873779297,1.0467732238769532,-1.9917211532592773,0.78523188829422,1.5693926811218262,phone,user1,run
4.94650774996262,-3.217259674072266,20.91465774536133,-4.635709991455078,-1.4136338233947754,1.4887148141860962,1.1244548559188843,phone,user1,run
4.966504749958403,-3.775897979736328,18.65286117553711,-5.944139099121094,-1.8305790424346924,1.673806071281433,0.9670286774635315,phone,user1,run
4.986502749961801,-5.454357604980469,15.977923736572267,-0.9849517822265625,-2.6953492164611816,0.2570786774158478,0.49455496668815613,phone,user1,run
5.006499749957584,-5.55210433959961,17.505946197509765,9.255403289794922,-2.8605833053588867,0.17631521821022034,1.1285476684570312,phone,user1,run
5.026497749960981,-7.762108612060548,11.619886322021484,9.347312164306642,-0.6993129849433899,0.5618655681610107,1.1572551727294922,phone,user1,run
5.046494749956764,-8.988059234619142,7.547305297851563,0.9237290954589844,0.618799090385437,-1.7965682744979858,1.4462648630142212,phone,user1,run
5.066492749960162,-6.950646057128907,4.987478485107422,-5.183720397949219,0.8621394634246826,-2.1617956161499023,1.6877926588058472,phone,user1,run
5.086490749963559,-3.3495845031738285,3.795656890869141,-5.742209014892579,0.6366961002349854,-1.1818745136260986,1.2457237243652344,phone,user1,run
5.106487749959342,-1.1671229553222657,3.4088612365722657,-2.009571075439453,0.5564188361167908,0.1817372888326645,0.852110743522644,phone,user1,run
5.12648574996274,0.3483256530761719,1.7537530517578126,4.357288970947266,1.30446457862854,1.2420954704284668,0.5564593076705933,phone,user1,run
5.146482749958523,-0.8036787414550781,0.5394781494140626,3.7049455261230473,2.3088812828063965,0.6966655850410461,0.17740555107593536,phone,user1,run
5.16648074996192,-2.787503356933594,-0.9171427917480469,0.7679031372070313,2.5411229133605957,-1.2046452760696411,0.1346522718667984,phone,user1,run
5.186477749957703,-3.190315704345703,-1.117276611328125,0.25836273193359377,2.2798750400543213,-2.704679012298584,0.3318951725959778,phone,user1,run
5.2064757499611005,-2.792143707275391,-1.3184582519531252,0.14340179443359377,2.0288116931915283,-3.592052698135376,0.5950570702552795,phone,user1,run
5.2264727499568835,-2.5674609375,-3.2564781188964846,-0.16001724243164064,1.019927740097046,-3.034208059310913,0.659295380115509,phone,user1,run
5.246470749960281,0.40236328125000004,-1.3054353332519533,0.9876461791992188,0.8236717581748962,0.07130976766347885,0.6415569186210632,phone,user1,run
5.266467749956064,-0.27572662353515626,0.6167175292968751,0.8972341918945312,1.302406668663025,0.30832043290138245,0.3314579725265503,phone,user1,run
5.286465749959461,-2.9484187316894532,14.501693572998047,-3.0635293579101566,1.6344263553619385,-1.3502843379974365,-0.05678907409310341,phone,user1,run
5.306462749955244,-11.036549377441407,32.864158630371094,-9.273515625,-0.22787664830684662,-2.5572826862335205,-0.8032507300376892,phone,user1,run
5.326460749958642,-9.129215698242188,31.396460723876956,-5.651946716308594,-0.9733174443244934,-3.107705593109131,-1.6553152799606323,phone,user1,run
5.346457749954425,-5.913602600097657,22.719754028320313,-1.8565892028808595,-0.3037252426147461,-2.9675276279449463,-1.6617189645767212,phone,user1,run
5.366455749957822,-1.982776794433594,20.136575775146486,-1.8826350402832033,0.9211735129356384,-2.54685640335083,-1.030210256576538,phone,user1,run
5.386452749953605,0.7949967956542969,21.047581329345704,-2.647544403076172,2.0502090454101562,-1.1508123874664307,-1.0732107162475586,phone,user1,run
5.406450874987058,2.5795857238769533,21.362376708984375,-2.5979974365234377,2.53131103515625,0.22399461269378662,-1.3227657079696655,phone,user1,run
5.426447874982841,3.5292109680175785,20.171453247070314,0.44203079223632813,2.7888197898864746,0.745630145072937,-1.1166181564331055,phone,user1,run
5.446445874986239,6.518345031738281,10.875634002685548,19.895127868652345,5.498003959655762,-3.5050320625305176,-1.4126769304275513,phone,user1,run
5.466442874982022,1.7224681091308596,11.82316360473633,-3.4819093322753907,6.545536518096924,-6.705864429473877,-1.620240569114685,phone,user1,run
5.486440874985419,2.8232789611816407,6.546187133789063,10.494077453613281,4.487844944000244,-7.85414981842041,-0.9866650104522705,phone,user1,run
5.506437874981202,0.089813232421875,8.116122436523439,-7.4027059936523445,0.13268905878067017,-12.013484954833984,0.0376577153801918,phone,user1,run
5.5264358749846,12.47999771118164,-2.0770806884765625,3.586541748046875,1.0471614599227905,-3.0498766899108887,0.005392661318182945,phone,user1,run
5.546432874980383,5.016218719482422,2.229463806152344,-0.24878265380859377,-0.11721070110797882,1.587976336479187,0.0017361987847834826,phone,user1,run
5.56643087498378,4.025129699707032,1.682351531982422,-0.5276527404785156,-1.6388994455337524,1.4792379140853882,0.24551215767860413,phone,user1,run
5.586427874979563,3.5127452087402347,0.4068539428710938,2.50279541015625,-1.8078421354293823,1.1763348579406738,0.43040212988853455,phone,user1,run
5.6064258749829605,3.5197805786132816,-0.501606903076172,5.469775543212891,-1.591538906097412,-0.5626183152198792,0.5630161762237549,phone,user1,run
5.6264228749787435,1.8706599426269532,-0.0383203125,1.2786410522460938,-1.6704198122024536,-2.6330037117004395,0.866689145565033,phone,user1,run
5.646420874982141,1.0520123291015626,1.5864010620117188,-0.24863296508789065,-1.6498143672943115,-2.9134209156036377,1.4297541379928589,phone,user1,run
5.666417874977924,0.7707472229003907,5.095254364013672,-1.5364050292968752,-1.68842613697052,-2.565345048904419,2.2441420555114746,phone,user1,run
5.686415874981321,-3.8800813293457033,20.330722045898437,7.233707427978516,-1.58920156955719,-2.4102439880371094,3.572561025619507,phone,user1,run
5.706412874977104,-8.763675842285156,48.159801177978515,1.8350340270996095,0.11087382584810257,-5.462523937225342,8.14737319946289,phone,user1,run
5.726410874980502,4.957540740966797,47.335166015625,-2.502496032714844,0.30465495586395264,-6.009215831756592,6.800906658172607,phone,user1,run
5.746407874976285,-3.3343162536621094,34.65398666381836,-0.8072712707519532,0.6090797185897827,-6.01446008682251,1.9866262674331665,phone,user1,run
5.766405874979682,-5.408253479003907,14.44436279296875,-4.554728393554687,1.525850772857666,-0.0930851623415947,0.5982545018196106,phone,user1,run
5.786402874975465,-3.9269338989257814,5.821394348144532,0.8363108825683594,0.7697247862815857,2.803619146347046,0.3282865881919861,phone,user1,run
5.806399874971248,-3.6542010498046875,4.7276188659667975,-4.490960998535156,-0.6321272850036621,3.2816014289855957,-0.12129435688257217,phone,user1,run
5.826397874974646,-3.619922332763672,3.0323941040039064,-3.2355216979980472,-1.3380303382873535,4.422811985015869,-0.27788758277893066,phone,user1,run
5.846394874970429,-3.155138854980469,1.4467414855957033,-2.3836431884765625,-1.615126132965088,4.811532974243164,-0.4035356044769287,phone,user1,run
5.866392874973826,-2.7785220336914063,0.13127700805664064,-1.6395405578613282,-1.5551321506500244,4.210566520690918,-0.4046807289123535,phone,user1,run
5.886389874969609,-2.7238856506347657,-0.7342231750488282,-0.9767189025878906,-1.3280330896377563,3.6235764026641846,-0.1496298462152481,phone,user1,run
5.9063878749730065,-2.7831623840332034,-1.9761904907226564,0.255069580078125,-0.9111427664756775,1.9924559593200684,0.1118771955370903,phone,user1,run
5.9263848749687895,-2.9006680297851566,-2.844235382080078,-0.8864566040039062,-0.5859870910644531,0.11549505591392517,0.14013683795928955,phone,user1,run
5.946382874972187,-3.1921119689941406,-2.458786926269531,-0.520916748046875,-0.3732304871082306,-0.3187272548675537,0.05004356801509857,phone,user1,run
5.96637987496797,-3.67875,-3.018772430419922,4.423451385498047,1.0710886716842651,1.9158674478530884,0.5058606863021851,phone,user1,run
5.986377874971367,0.16046630859375,0.750838623046875,13.016182708740235,3.9374325275421143,4.796777725219727,0.9990824460983276,phone,user1,run
6.00637487496715,-1.7006135559082032,0.19085311889648438,-0.2197430419921875,4.393077850341797,2.7644875049591064,1.5546209812164307,phone,user1,run
6.026372874970548,-3.5518139648437503,1.5019766235351564,-3.3159045410156254,4.1800360679626465,1.7620738744735718,2.1342697143554688,phone,user1,run
6.046369874966331,-2.4174728393554688,9.188043365478515,-6.71323974609375,1.8830287456512451,-1.2948123216629028,2.548868179321289,phone,user1,run
6.066367874969728,-5.137017517089844,31.801219024658206,-16.526233520507812,-3.5472869873046875,-9.410514831542969,-0.6105358004570007,phone,user1,run
6.086364874965511,-13.461506652832032,42.347837219238286,-15.11781234741211,-6.735922813415527,-9.419921875,-1.890611171722412,phone,user1,run
6.106362874968909,-9.839338989257813,26.570646057128908,-0.8846603393554688,-6.6460280418396,-6.281740665435791,-1.628247857093811,phone,user1,run
6.126359874964692,-0.7860154724121095,11.82421142578125,5.36768783569336,-2.2595317363739014,-0.3963050842285156,-1.736548900604248,phone,user1,run
6.146357874968089,-0.8030799865722656,15.389197998046876,-0.0736468505859375,1.7890874147415161,2.2237260341644287,-1.789149522781372,phone,user1,run
6.166354874963872,1.9029927062988283,16.540304260253908,-1.7868342590332031,3.769826889038086,2.951326847076416,-0.6396195292472839,phone,user1,run
6.18635287496727,4.9723599243164065,15.697706451416016,-1.349443817138672,4.277904987335205,3.803774833679199,-0.3940525949001312,phone,user1,run
6.206349874963053,6.211333465576172,13.829740905761719,2.172881469726563,4.4298272132873535,4.045053482055664,-0.6576582789421082,phone,user1,run
6.22634787496645,6.096671905517579,8.446635131835938,21.442160797119143,7.20142126083374,-1.8363001346588135,-0.9864933490753174,phone,user1,run
6.246344874962233,3.3949401855468753,9.066645812988282,18.381475524902346,7.8345208168029785,-7.647811412811279,-1.283530592918396,phone,user1,run
6.2663428749656305,-2.8136988830566407,13.725407867431642,-14.987283782958984,0.18797297775745392,-19.784242630004883,-0.20600071549415588,phone,user1,run
6.286339874961413,17.08172836303711,2.941083984375,-0.47615982055664063,-0.7191992998123169,-5.613650798797607,1.0156384706497192,phone,user1,run
6.306336874957196,4.815336456298828,3.450923767089844,1.1180250549316406,-1.0946779251098633,4.644740104675293,1.3100526332855225,phone,user1,run
6.326334874960594,4.506678314208985,0.7873626708984376,2.8117529296875,-2.6444170475006104,2.5534491539001465,1.6406147480010986,phone,user1,run
6.346331874956377,4.399201812744141,-0.20267852783203125,3.5473233032226563,-2.663991928100586,0.5992888808250427,1.52299964427948,phone,user1,run
6.366329874959774,2.538571014404297,0.3692820739746094,-0.9984237670898438,-2.3786511421203613,-0.16951227188110352,1.6949597597122192,phone,user1,run
6.386326874955557,2.4580384826660158,0.9672885131835938,-1.9631675720214845,-2.586164951324463,0.005667230114340782,2.154954195022583,phone,user1,run
6.406324749928899,3.456761627197266,3.916605377197266,-4.639003143310547,-2.666141986846924,1.3420559167861938,2.76213002204895,phone,user1,run
6.426321749924682,3.725303192138672,9.137747955322267,-5.800587615966797,-3.0061447620391846,3.3817837238311768,3.933384895324707,phone,user1,run
6.4463197499280795,6.484515380859375,19.127823486328126,-2.9186306762695313,-3.435070276260376,5.171471118927002,5.6897149085998535,phone,user1,run
6.4663167499238625,15.013479309082031,35.08329391479492,6.714287567138673,-3.9061758518218994,3.654001474380493,6.4215264320373535,phone,user1,run
6.48631474992726,17.18666015625,41.319475708007815,11.381432189941407,-2.6165051460266113,-5.8914031982421875,4.6598734855651855,phone,user1,run
6.506311749923043,9.08715316772461,28.41106887817383,1.2473561096191408,-1.0822100639343262,-9.897651672363281,1.9775779247283936,phone,user1,run
6.52630974992644,-0.13861175537109377,13.680201873779298,3.240162048339844,0.022017410025000572,-10.212849617004395,0.5625386834144592,phone,user1,run
6.546306749922223,-2.920426940917969,5.651497650146485,1.2042457580566406,3.457512617111206,-5.743861198425293,0.4487285017967224,phone,user1,run
6.566304749925621,-1.851200408935547,4.153113555908203,-8.130642242431641,4.88242244720459,2.3098039627075195,0.527340829372406,phone,user1,run
6.586301749921404,-2.6334736633300784,2.4312442016601565,-4.934638366699219,3.1670002937316895,6.870668411254883,0.396896094083786,phone,user1,run
6.606299749924801,-2.4051983642578127,3.4013768005371094,-1.7691709899902344,1.5699135065078735,5.550447463989258,-0.4446198344230652,phone,user1,run
6.626296749920584,-3.91585693359375,0.9175918579101563,-1.1452684020996093,0.3145696222782135,2.638185501098633,-1.1759469509124756,phone,user1,run
6.6462937500327826,-4.332141265869141,-0.8990304565429688,-0.9836045837402344,-0.2324766218662262,0.5630373954772949,-1.7127876281738281,phone,user1,run
6.666291749919765,-6.416856079101563,-2.4168740844726564,-7.360643463134766,-0.528843104839325,2.546924114227295,-2.29355525970459,phone,user1,run
6.686288750031963,-7.827821960449219,-0.5677693176269532,0.21136047363281252,-1.1261333227157593,7.926615238189697,-2.5672030448913574,phone,user1,run
6.706286749918945,-5.401966552734375,-0.43484573364257817,2.05253173828125,-0.811168909072876,6.802849769592285,-2.0747456550598145,phone,user1,run
6.726283750031143,-2.7657984924316406,-0.06750961303710938,4.7716273498535156,-0.5011330246925354,4.513313293457031,-1.56222403049469,phone,user1,run
6.746281750034541,-0.4125421142578125,2.828368377685547,12.199031982421875,1.8882696628570557,2.37467360496521,-1.4714326858520508,phone,user1,run
6.766278750030324,-1.0273136901855469,2.6565257263183595,1.9836749267578127,3.189645767211914,0.09365800768136978,-1.4705859422683716,phone,user1,run
6.786276750033721,0.7470964050292969,19.047740020751956,-9.435478820800782,2.2319090366363525,-1.3545159101486206,-3.1626768112182617,phone,user1,run
6.806273750029504,-12.767998809814454,31.737152252197266,-18.544037475585938,-1.8441592454910278,-3.3103599548339844,-5.445030689239502,phone,user1,run
6.826271750032902,-13.760435028076172,30.016929473876953,-9.664652252197266,-5.015480041503906,1.0170494318008423,-2.0376172065734863,phone,user1,run
6.846268750028685,-5.443280639648438,18.256485443115235,2.289339294433594,-4.148558616638184,1.642957091331482,-1.4609795808792114,phone,user1,run
6.866266750032082,-3.592379608154297,17.440681915283204,5.020110626220704,-1.3569793701171875,0.11052076518535614,-1.0353307723999023,phone,user1,run
6.886263750027865,0.30326934814453127,13.780792694091797,2.5990452575683594,2.1886587142944336,-0.5968524813652039,-0.7423266768455505,phone,user1,run
6.906261750031263,0.9196875,14.014756164550782,0.513731689453125,4.066636085510254,0.1164705753326416,-1.1337076425552368,phone,user1,run
6.926258750027046,1.581910400390625,13.741274871826173,-1.6576528930664063,4.663054943084717,0.618095338344574,-1.204890251159668,phone,user1,run
6.946255750022829,2.6315277099609378,12.535232849121094,-1.2528945922851562,4.5768866539001465,1.2393745183944702,-1.1946780681610107,phone,user1,run
6.966253750026226,5.366340637207031,4.447850646972657,23.24126953125,6.5023016929626465,-2.098949432373047,-1.7320631742477417,phone,user1,run
6.986250750022009,1.3148657226562501,8.831784210205079,15.810122680664064,7.636807441711426,-8.043658256530762,-2.2902064323425293,phone,user1,run
7.0062487500254065,-1.9464024353027345,13.433963928222656,-9.811197509765625,-0.3938535451889038,-14.355438232421875,0.08160799741744995,phone,user1,run
7.0262457500211895,13.515843658447267,3.3367112731933597,-2.1444406127929687,-0.3972504734992981,-0.6071093678474426,0.4995279014110565,phone,user1,run
7.046243750024587,3.756588134765625,3.8203555297851564,2.2546115112304688,-0.911950409412384,3.529165506362915,0.48779621720314026,phone,user1,run
7.06624075002037,3.5378929138183595,2.3176304626464845,0.5559439086914063,-2.0182013511657715,1.7638964653015137,0.7268196940422058,phone,user1,run
7.086238750023767,2.968177642822266,1.2118798828125001,4.859045562744141,-1.370476484298706,2.0231924057006836,0.9189023375511169,phone,user1,run
7.10623575001955,2.302362213134766,0.7384144592285157,2.955154724121094,-1.3767101764678955,-0.1999971568584442,1.3159732818603516,phone,user1,run
7.126233750022948,2.0508851623535156,1.2983999633789063,-1.756746826171875,-1.7903454303741455,-0.27674034237861633,1.7918950319290161,phone,user1,run
7.146230750018731,2.388882293701172,5.378166046142578,-3.921844482421875,-2.168402671813965,0.6414489150047302,2.3059725761413574,phone,user1,run
7.166227750014514,3.9077737426757815,14.201567687988282,-5.892945556640625,-2.8928184509277344,2.4522545337677,3.042576313018799,phone,user1,run
7.186225750017911,5.351970520019531,34.95201690673828,8.727151794433594,-3.2544198036193848,2.755277633666992,3.683673620223999,phone,user1,run
7.206222750013694,7.561675415039063,42.63374267578125,4.5937971496582035,-1.2000529766082764,-2.1226940155029297,3.9287426471710205,phone,user1,run
7.226220750017092,5.185965728759766,31.049332580566407,-3.8492454528808597,-1.1764813661575317,-4.681763648986816,1.8543496131896973,phone,user1,run
7.246217750012875,0.15238311767578125,15.980917510986329,-2.0038829040527344,-1.2481099367141724,-4.606816291809082,-0.11895053833723068,phone,user1,run
7.266215750016272,-5.863307189941406,10.388247528076173,1.5617024230957033,-0.14588218927383423,-2.648362636566162,-0.4024679660797119,phone,user1,run
7.286212750012055,-6.02631820678711,8.28003158569336,-4.412673797607422,1.2747248411178589,1.8590275049209595,0.3329367935657501,phone,user1,run
7.3062107500154525,-5.67904037475586,6.760840759277344,-5.925428009033204,0.9360291361808777,4.839380264282227,0.5720662474632263,phone,user1,run
7.3262077500112355,-5.799839172363281,5.233866119384766,-5.288352813720703,0.22803948819637299,5.936761379241943,0.4554283320903778,phone,user1,run
7.346205750014633,-9.020990753173828,4.722379760742188,-0.3779640197753906,0.16004344820976257,6.079474925994873,0.3807806670665741,phone,user1,run
7.366202750010416,-10.800190887451173,3.1219079589843752,-0.07424560546875,0.7304238080978394,3.507230520248413,1.040738582611084,phone,user1,run
7.386199750006199,-8.709638214111328,0.6939569091796876,-1.016536102294922,1.0593897104263306,1.236772894859314,1.9508440494537354,phone,user1,run
7.406197999953292,-8.4687890625,-1.4296769714355468,-3.31470703125,0.7761979103088379,0.26227861642837524,2.6221566200256348,phone,user1,run
7.426194999949075,-7.406747589111329,-2.218985595703125,-1.4296769714355468,0.45546045899391174,1.1803884506225586,2.6120591163635254,phone,user1,run
7.446192999952473,-2.292931823730469,-2.9415330505371093,2.902613983154297,1.0647741556167603,3.440866231918335,2.2540624141693115,phone,user1,run
7.466189999948256,5.364544372558594,-0.0058378601074218755,35.73249389648438,1.1482397317886353,5.39769172668457,1.5936167240142822,phone,user1,run
7.486187999951653,0.7704478454589844,2.545606384277344,11.052416381835938,1.3015557527542114,-2.1783812046051025,0.8514089584350586,phone,user1,run
7.506184999947436,0.9035211181640626,4.405488739013672,1.0421328735351563,2.573413610458374,-5.344414710998535,-0.49313884973526,phone,user1,run
7.526182999950834,-9.091344451904297,24.699537048339845,-19.367924194335938,0.7345688939094543,-10.303267478942871,-4.16288948059082,phone,user1,run
7.546179999946617,-24.505989532470704,35.53415634155274,-20.101548614501954,-5.701252460479736,-8.566078186035156,-2.217397928237915,phone,user1,run
7.5661769999424,-8.792266387939453,16.396603088378907,-4.283492431640625,-6.025334358215332,-5.2283406257629395,-0.21028704941272736,phone,user1,run
7.586174999945797,-5.757626953125,13.986614685058594,-1.891766052246094,-3.8797447681427,-2.426426649093628,-1.482000470161438,phone,user1,run
7.60617199994158,-4.455784149169922,15.697706451416016,-0.3730242919921875,-1.0586867332458496,-0.02273140475153923,-2.202176570892334,phone,user1,run
7.6261699999449775,-3.858226776123047,17.822088775634768,-2.584076385498047,1.6880403757095337,2.001190185546875,-2.387357473373413,phone,user1,run
7.64616699994076,-1.6314573669433594,19.905157012939455,-4.865931243896485,3.841162919998169,4.843879222869873,-1.8732584714889526,phone,user1,run
7.666164999944158,2.6288333129882813,19.28320037841797,-5.416636047363282,4.27556037902832,6.249186038970947,-1.323839783668518,phone,user1,run
7.686161999939941,6.602619781494141,17.014518127441406,-2.9882359313964844,3.836914300918579,6.349225044250488,-1.5101712942123413,phone,user1,run
7.706159999943338,8.464897155761719,14.26234130859375,-0.13726455688476563,3.594874143600464,4.9602131843566895,-2.09655499458313,phone,user1,run
7.726156999939121,4.906347198486328,13.670921173095703,8.895252227783203,3.986769199371338,3.8492777347564697,-1.9996297359466553,phone,user1,run
7.746153999934904,-1.8579364013671875,6.33048568725586,25.05235336303711,8.644983291625977,-7.547587871551514,-0.6011687517166138,phone,user1,run
7.766151999938302,-4.010609893798828,6.493197326660156,14.969919891357423,8.094071388244629,-15.481354713439941,-0.8128286004066467,phone,user1,run
7.786148999934085,-8.05055877685547,10.713521118164063,-18.7386328125,2.086432456970215,-21.078460693359375,-0.3055174946784973,phone,user1,run
7.806146999937482,8.190218353271485,3.6851866149902346,4.327201538085938,0.4015052318572998,-13.046091079711914,0.9163680672645569,phone,user1,run
7.826143999933265,7.8254269409179695,2.12677734375,0.034727783203125,2.5123093128204346,-2.3859128952026367,0.5877842307090759,phone,user1,run
7.846141999936663,7.179669799804688,-0.26659561157226563,-2.668650512695313,0.8101902604103088,-0.5553807020187378,1.6369112730026245,phone,user1,run
7.866138999932446,5.647156677246094,-1.2702584838867188,-4.44800033569336,-0.5488441586494446,0.5694975852966309,2.3913891315460205,phone,user1,run
7.886136999935843,4.795876922607422,-0.013621673583984376,-5.4777090454101565,-1.1138437986373901,2.1889734268188477,2.7522573471069336,phone,user1,run
7.906133999931626,2.132615203857422,2.54830078125,-4.969216461181641,-1.865843415260315,3.866302967071533,3.1683082580566406,phone,user1,run
7.926130999927409,1.3982423400878907,8.52911361694336,-5.951922912597657,-2.771543264389038,5.417214393615723,3.632089853286743,phone,user1,run
7.9461289999308065,-2.2971231079101564,28.07816116333008,-3.7181181335449223,-4.221798419952393,7.14078950881958,4.882321357727051,phone,user1,run
7.966125999926589,1.0771600341796876,45.5579118347168,9.51062255859375,-4.182773113250732,2.250067710876465,9.285452842712402,phone,user1,run
7.986123999929987,13.988261260986329,37.13597534179688,-2.5152195739746097,-3.6206483840942383,-3.234238862991333,8.30960464477539,phone,user1,run
8.00612099992577,5.413342895507813,23.84092254638672,1.0265652465820314,-3.5186071395874023,-6.435711860656738,5.206109046936035,phone,user1,run
8.026118999929167,0.7336244201660157,13.171409912109375,3.7125796508789066,-2.2770702838897705,-8.013511657714844,2.9749598503112793,phone,user1,run
8.04611599992495,-3.066972198486328,8.874595184326171,1.8839822387695313,1.4267165660858154,-4.337338924407959,1.1858705282211304,phone,user1,run
8.066113999928348,-3.662882995605469,6.377038879394531,-5.735622711181641,3.261573076248169,1.3519387245178223,-0.698929488658905,phone,user1,run
8.08611099992413,-5.450465698242188,4.71384750366211,-5.436095581054688,2.5573556423187256,2.939692735671997,-1.9587126970291138,phone,user1,run
8.106107999919914,-9.432185668945314,1.4163546752929688,-5.835016021728516,1.6210075616836548,3.323486804962158,-2.1385045051574707,phone,user1,run
8.126105999923311,-13.574371948242188,-1.0123448181152344,-3.8300852966308594,0.9299382567405701,2.1658308506011963,-1.2345341444015503,phone,user1,run
8.146102999919094,-11.993958435058595,-2.9722192382812502,-1.7730628967285158,0.157575324177742,-0.29114970564842224,-0.17536254227161407,phone,user1,run
8.166100999922492,-10.118658142089844,-2.512525177001953,-0.7084767150878907,-0.2438964992761612,-0.35155999660491943,0.4622022211551666,phone,user1,run
8.18609800003469,3.583997039794922,-3.0778994750976563,-2.8816575622558593,0.04161103814840317,5.337387561798096,1.4227949380874634,phone,user1,run
8.206095999921672,-5.439688110351563,0.8740324401855469,2.5830285644531252,1.4514596462249756,15.289499282836914,0.8872988820075989,phone,user1,run
8.22609300003387,-4.113895111083985,1.3479469299316407,2.313439178466797,1.2691330909729004,13.325065612792969,1.3014847040176392,phone,user1,run
8.246090000029653,-2.5258474731445313,5.531746673583985,3.8013450622558596,1.3882821798324585,11.012155532836914,1.189631462097168,phone,user1,run
8.26608800003305,4.011058959960938,14.763199768066407,2.74708740234375,2.0607903003692627,7.060666084289551,-1.0802668333053589,phone,user1,run
8.286085000028834,2.62494140625,18.564844207763674,-0.4698728942871094,1.813813328742981,-3.613088369369507,-7.383228778839111,phone,user1,run
8.306083000032231,-22.806573486328126,29.449459533691407,-9.950258331298828,-0.8977693915367126,-9.796480178833008,-9.302024841308594,phone,user1,run
8.326080000028014,-23.827450561523438,32.36000701904297,-0.11106903076171876,-2.6171984672546387,-6.78058385848999,0.10441608726978302,phone,user1,run
8.346078000031412,-0.9324110412597657,16.901353454589845,2.3346949768066407,0.09243379533290863,-6.64992094039917,0.5426377058029175,phone,user1,run
8.366075000027195,1.8015037536621095,14.266831970214845,-2.681972808837891,1.0097973346710205,-4.906619071960449,-1.6243557929992676,phone,user1,run
8.386072000022978,1.8257533264160157,14.970368957519533,-4.020788726806641,1.5766173601150513,-2.7045536041259766,-2.094385862350464,phone,user1,run
8.40606987499632,3.2130683898925785,14.965429229736328,-4.275259552001954,2.1544506549835205,-0.954544186592102,-1.6278810501098633,phone,user1,run
8.426066874992102,4.796625366210938,13.460309143066407,-3.567231903076172,2.058650016784668,0.6757030487060547,-1.4462236166000366,phone,user1,run
8.4460648749955,5.103337554931641,11.278745727539063,-2.7189459228515624,1.8983619213104248,1.5728389024734497,-1.3913605213165283,phone,user1,run
8.466061874991283,5.054539031982422,9.251062316894531,-0.029189300537109376,1.8037714958190918,2.1089084148406982,-1.152638554573059,phone,user1,run
8.48605987499468,4.5249403381347655,6.821015625,14.018947448730469,2.787832021713257,0.3704749345779419,-0.8584700226783752,phone,user1,run
8.506056874990463,3.1139744567871097,4.005969543457032,9.072633361816406,5.43502950668335,-5.152666091918945,-0.6241831183433533,phone,user1,run
8.526053874986246,2.055675201416016,4.274361419677734,7.301217041015625,5.95587158203125,-7.481917858123779,-0.44090163707733154,phone,user1,run
8.546051874989644,-3.1184651184082033,6.1119401550292976,-2.545606384277344,0.7134810090065002,-18.698070526123047,0.6639637351036072,phone,user1,run
8.566048874985427,4.4595263671875,1.012943572998047,-4.421056365966797,1.5326200723648071,-10.886439323425293,1.3030447959899902,phone,user1,run
8.586046874988824,4.201612701416016,0.5780978393554688,-6.823410644531251,1.5102652311325073,-2.237002372741699,1.8595051765441895,phone,user1,run
8.606043874984607,3.7532949829101563,3.004701690673828,-4.698878631591797,0.17090445756912231,1.11749267578125,2.72267746925354,phone,user1,run
8.62604087498039,2.7967840576171876,5.941145324707032,-4.89302490234375,-0.961917519569397,2.461073637008667,3.4788095951080322,phone,user1,run
8.646038874983788,1.8390756225585938,11.62347885131836,-2.5539889526367188,-1.655874490737915,3.849773645401001,4.489125728607178,phone,user1,run
8.66603587497957,3.7913159179687503,22.055435485839844,0.9976753234863281,-2.1181249618530273,4.306249618530273,5.925065040588379,phone,user1,run
8.686033874982968,12.784165191650391,35.96451141357422,0.8422984313964844,-2.3985588550567627,1.654706597328186,6.900665760040283,phone,user1,run
8.706030874978751,16.217874755859377,36.011663360595705,-1.338666229248047,-2.6495659351348877,0.16906091570854187,5.5774922370910645,phone,user1,run
8.726028874982148,6.3352757263183594,22.334305572509766,2.944227447509766,-2.065160036087036,-1.6031404733657837,3.5488157272338867,phone,user1,run
8.746025874977931,2.6002427673339845,11.209439849853517,0.9166937255859375,-1.2567360401153564,-2.50571870803833,2.23067045211792,phone,user1,run
8.766022874973714,0.7782316589355469,6.393055572509766,-2.3538551330566406,-0.686320424079895,-1.6591005325317383,1.0340778827667236,phone,user1,run
8.786020874977112,-0.5002597045898438,4.427043914794922,-2.571203155517578,0.014139163307845592,0.1988784372806549,-0.31792935729026794,phone,user1,run
8.806017874972895,-2.634521484375,3.1823822021484376,-3.293750610351563,0.79386967420578,1.6819190979003906,-1.86526358127594,phone,user1,run
8.826015874976292,-5.756878509521485,2.1930894470214843,-3.4048196411132814,1.5446017980575562,2.60391902923584,-3.0935781002044678,phone,user1,run
8.846012874972075,-8.377179565429689,2.125879211425781,-2.403252410888672,2.0881199836730957,2.2874929904937744,-3.15869140625,phone,user1,run
8.866010874975473,-8.889863433837892,1.8462606811523439,-3.669319610595703,1.531285047531128,1.152494192123413,-1.8382506370544434,phone,user1,run
8.886007874971256,-8.516839141845704,0.28575576782226564,-2.238894195556641,0.7316218018531799,0.5187801718711853,-0.4147767126560211,phone,user1,run
8.906004874967039,-9.388177185058595,-0.6318360900878907,-1.8601817321777345,0.18405647575855255,0.4445861279964447,0.702886164188385,phone,user1,run
8.926002874970436,-4.9265551757812505,-1.0780581665039064,0.30716125488281254,0.08465446531772614,1.6836057901382446,1.7510584592819214,phone,user1,run
8.945999874966219,3.979324951171875,-0.3932322692871094,2.962339782714844,1.9941989183425903,8.999707221984863,0.899541974067688,phone,user1,run
8.965997874969617,-2.4273522949218753,0.8842112731933595,1.7838404846191407,2.5172901153564453,9.374866485595703,0.6775063276290894,phone,user1,run
8.9859948749654,-2.4635769653320314,3.612737274169922,1.9152671813964846,2.424462080001831,7.738600254058838,0.6327144503593445,phone,user1,run
9.005992874968797,3.7585340881347657,18.96750686645508,-3.810027008056641,1.9305918216705322,2.9662914276123047,-2.4507579803466797,phone,user1,run
9.02598987496458,-16.77321990966797,31.114896240234376,-14.885196075439454,-1.373020887374878,-4.725033760070801,-6.55476713180542,phone,user1,run
9.045986874960363,-23.461761016845703,33.673974609375,-8.844657440185546,-4.659726142883301,-2.3059840202331543,-1.8532828092575073,phone,user1,run
9.06598487496376,-3.6744090270996095,21.03066650390625,7.8463833618164065,-2.7716569900512695,-2.453441858291626,-1.1078542470932007,phone,user1,run
9.085981874959543,-2.3604414367675783,17.212855682373046,5.2630554199218755,1.2344056367874146,-3.2777099609375,-2.2961924076080322,phone,user1,run
9.10597987496294,-1.2879217529296876,17.578245849609377,0.3059637451171875,2.9451699256896973,-4.270708084106445,-1.8108795881271362,phone,user1,run
9.125976874958724,1.3433065795898438,18.905086669921875,-6.396797790527344,3.621016502380371,-3.298677682876587,-1.2227689027786255,phone,user1,run
9.145974874962121,4.456682281494141,16.491356048583985,-7.158114624023438,2.8768625259399414,-1.2455271482467651,-1.0644923448562622,phone,user1,run
9.165971874957904,7.260651397705079,12.804373168945313,-4.384532318115235,2.177056074142456,-0.15002387762069702,-1.1326167583465576,phone,user1,run
9.185968874953687,7.535030822753907,9.902058563232423,-1.753154296875,1.6964199542999268,-0.3516976535320282,-1.5211539268493652,phone,user1,run
9.205966874957085,6.870562591552734,8.798104248046876,6.880741424560547,1.7705978155136108,-1.0904852151870728,-1.7981590032577515,phone,user1,run
9.225963874952868,5.377567291259766,6.481222229003906,12.338841247558594,3.8819515705108643,-6.7714524269104,-1.7200428247451782,phone,user1,run
9.245961874956265,2.3331980895996094,6.956184539794922,1.7559983825683594,4.222316265106201,-10.398772239685059,-1.471600890159607,phone,user1,run
9.265958874952048,4.814737701416016,5.640570373535157,14.960339813232423,3.3544774055480957,-13.622876167297363,-1.0711050033569336,phone,user1,run
9.285956874955446,10.616223449707032,2.8445347595214847,-3.6027081298828127,1.9844638109207153,-10.773489952087402,-0.2366991937160492,phone,user1,run
9.305953874951228,6.443650360107422,2.564916229248047,-6.941964111328125,-0.023329488933086395,-0.8078320622444153,0.9288572669029236,phone,user1,run
9.325950874947011,3.904929656982422,-0.30252090454101566,-3.6080969238281253,-1.9059345722198486,2.2776291370391846,2.1903469562530518,phone,user1,run
9.345948874950409,1.77949951171875,-0.2667453002929688,-2.1802162170410155,-2.737096071243286,3.205960988998413,2.541931390762329,phone,user1,run
9.365945874946192,0.5284011840820313,2.2697300720214844,-1.99265625,-2.8516552448272705,3.498159646987915,2.9515786170959473,phone,user1,run
9.38594387494959,0.5255570983886719,7.3464230346679695,-4.6607080078125005,-2.9813146591186523,3.751924514770508,3.6291728019714355,phone,user1,run
9.405940541648306,1.3930032348632813,19.33589080810547,-7.79384262084961,-3.8728954792022705,5.5383734703063965,4.704674243927002,phone,user1,run
9.425938541651703,6.257736968994141,42.85707824707031,-1.1683204650878907,-5.272228240966797,5.58376407623291,5.481896877288818,phone,user1,run
9.445935541647486,6.076014862060547,49.48005569458008,13.881533203125,-3.9241371154785156,-2.919149398803711,5.182719707489014,phone,user1,run
9.46593254164327,4.182602233886719,24.80416946411133,2.7993287658691406,-1.726061463356018,-8.478324890136719,2.6824097633361816,phone,user1,run
9.485930541646667,-0.1886077880859375,9.36931640625,1.2186158752441407,-0.9419513940811157,-9.121292114257812,0.3610086739063263,phone,user1,run
9.50592754164245,-5.747597808837891,5.468877410888672,-0.6253994750976563,1.3857448101043701,-4.612296104431152,-0.25403493642807007,phone,user1,run
9.525925541645847,-4.74019271850586,5.079237670898438,-8.027357025146484,2.116635322570801,2.8977551460266113,0.20246672630310059,phone,user1,run
9.54592254164163,-4.791985015869141,3.4350567626953126,-6.467899932861329,1.1734943389892578,6.126682758331299,-0.040023721754550934,phone,user1,run
9.565919541637413,-5.580096130371094,2.1585113525390627,-4.516108703613281,0.38020601868629456,7.004689693450928,-0.2561759054660797,phone,user1,run
9.58591754164081,-7.128925323486328,0.5875282287597656,-3.1680120849609374,-0.16176316142082214,6.2750935554504395,0.03538420423865318,phone,user1,run
9.605914541636594,-6.099515991210938,-0.8225395202636719,-1.961371307373047,-0.6635242104530334,3.7795705795288086,0.43502530455589294,phone,user1,run
9.625912541639991,-6.094576263427735,-0.04954696655273438,-1.5531701660156252,-0.8733280301094055,1.7278664112091064,0.42653700709342957,phone,user1,run
9.645909541635774,-6.086493072509766,0.6248007202148438,-1.5132032775878907,-1.0068795680999756,1.039791464805603,0.4034097492694855,phone,user1,run
9.665907541639172,-5.925877075195313,-0.04879852294921875,1.3810281372070312,-0.865475594997406,0.7402970194816589,0.6844787001609802,phone,user1,run
9.685904541634955,1.3168116760253907,0.044307861328125,6.836134185791016,0.9937414526939392,3.0870511531829834,0.8264692425727844,phone,user1,run
9.705901541630737,-2.0377125549316406,1.7922230529785157,1.2766950988769532,3.686552047729492,6.700153827667236,0.2653113007545471,phone,user1,run
9.725899541634135,-2.161505126953125,7.375163269042969,1.5114070129394532,4.289097309112549,5.360422611236572,-0.02205871231853962,phone,user1,run
9.745896541629918,-2.4541465759277346,18.905386047363283,-6.747967529296876,3.2557528018951416,1.3928444385528564,-1.7974447011947632,phone,user1,run
9.765894541633315,-11.192225646972657,25.751998443603515,-14.641802215576172,-0.9472554326057434,-3.655823230743408,-2.8055567741394043,phone,user1,run
9.785891541629098,-7.447462921142579,23.90454025268555,-6.353388061523438,-3.4743120670318604,-3.0683374404907227,-1.4875446557998657,phone,user1,run
9.805889541632496,-3.3087194824218753,17.615069274902346,2.288141784667969,-2.76216197013855,-3.560783624649048,-2.0260913372039795,phone,user1,run
9.825886541628279,-0.5421725463867187,16.756903839111327,8.672964477539063,0.22326277196407318,-4.39176082611084,-2.333155632019043,phone,user1,run
9.845883541624062,-1.6964222717285158,17.923577728271486,-5.2331176757812505,1.444575548171997,-3.34354567527771,-1.7296501398086548,phone,user1,run
9.86588154162746,1.3307327270507814,16.06384506225586,-5.6151232910156255,1.2244117259979248,-0.9634445905685425,-0.8142995238304138,phone,user1,run
9.885878541623242,4.3683659362792975,15.506254577636719,-3.9643560791015626,1.3931843042373657,1.3200758695602417,-0.380856990814209,phone,user1,run
9.90587654162664,7.200326843261719,13.579311676025391,2.697989501953125,1.8340383768081665,2.795198678970337,-0.456704318523407,phone,user1,run
9.925873541622423,7.337591400146485,8.631800079345703,18.907781066894533,5.3890557289123535,-2.5329298973083496,-1.1362254619598389,phone,user1,run
9.945870541618206,5.632187805175781,11.345506896972656,-0.3836521911621094,6.540073871612549,-5.374317169189453,-1.5998574495315552,phone,user1,run
9.965868541621603,7.482789459228516,18.788329467773437,27.085425567626956,0.6494208574295044,-17.964290618896484,-0.7109161615371704,phone,user1,run
9.985865541617386,10.68702621459961,7.961793365478516,-14.518907775878906,-1.7124035358428955,1.0279343128204346,0.003945572301745415,phone,user1,run
10.005863541620784,4.089346160888672,3.6265086364746097,-0.7547305297851563,-3.562854766845703,6.403316497802734,0.6250784397125244,phone,user1,run
10.025860541616566,4.986280975341797,3.2781829833984375,2.994822235107422,-3.99334979057312,3.9138660430908203,1.1739243268966675,phone,user1,run
10.045858541619964,3.733386383056641,2.0450473022460938,1.7682728576660156,-3.525529146194458,2.402503728866577,1.6791110038757324,phone,user1,run
10.065855541615747,2.5174649047851565,0.7792794799804688,-0.4668791198730469,-3.363905191421509,2.1708199977874756,2.1364877223968506,phone,user1,run
10.08585254161153,1.5871495056152345,0.9490264892578125,-1.4726376342773437,-3.4923830032348633,2.277945041656494,2.4454526901245117,phone,user1,run
10.105850541614927,2.136357421875,4.446054382324219,-3.165018310546875,-3.7351064682006836,2.925218105316162,3.0050830841064453,phone,user1,run
10.12584754161071,4.337679748535156,11.881991271972657,-6.008804626464844,-4.100335597991943,4.590644836425781,4.06085205078125,phone,user1,run
10.145845541614108,9.786199493408203,23.978486480712892,-4.420607299804688,-4.654218673706055,6.718897342681885,5.402007579803467,phone,user1,run
10.16584254160989,20.600161743164062,36.59544937133789,6.145021362304687,-4.829324245452881,4.674655914306641,5.5033769607543945,phone,user1,run
10.185840541613288,16.661552124023437,35.96136795043945,3.051105194091797,-3.242837429046631,-1.7067986726760864,3.788343906402588,phone,user1,run
10.205837541609071,7.163503417968751,18.778000946044923,-1.9966978454589845,-1.4769586324691772,-3.265321731567383,2.021536111831665,phone,user1,run
10.225834541604854,2.2742207336425784,9.930798797607423,-2.5451573181152347,0.033668167889118195,-3.285752296447754,0.5103618502616882,phone,user1,run
10.245832541608252,-0.17109420776367187,6.713389434814453,-4.3876757812500005,1.4909749031066895,-2.2549970149993896,-0.8722711801528931,phone,user1,run
10.265829541604035,-3.3247361755371094,6.198460235595704,-6.647526397705079,2.5701260566711426,-0.325062096118927,-2.171635389328003,phone,user1,run
10.285827541607432,-7.755821685791016,7.014413452148438,-10.1021923828125,2.719791889190674,2.2614874839782715,-2.633329391479492,phone,user1,run
10.305824541603215,-10.821596374511719,5.4443284606933595,-11.608360290527344,1.955815076828003,5.171647548675537,-1.9931386709213257,phone,user1,run
10.325822541606613,-11.610755310058595,1.875000915527344,-10.222093048095704,1.0668138265609741,7.530633926391602,-1.115039348602295,phone,user1,run
10.345819541602395,-10.513387298583986,-0.8315208435058594,-8.774752807617189,0.8365299105644226,9.536545753479004,-0.6086559891700745,phone,user1,run
10.365816541598178,-7.076384582519531,-0.7044351196289063,-4.218976593017579,0.5777202844619751,9.923799514770508,-0.289178729057312,phone,user1,run
10.385814541601576,-5.160967712402344,-0.5403762817382812,-2.0472926330566406,0.3390749990940094,9.397589683532715,-0.08578278124332428,phone,user1,run
10.405812291661277,-3.9103184509277344,-0.3058140563964844,-0.5673202514648438,0.30824410915374756,8.255646705627441,0.012610064819455147,phone,user1,run
10.425810291664675,-3.773353271484375,-0.10044113159179688,-0.4938230895996094,0.39452072978019714,6.579584121704102,0.08675030618906021,phone,user1,run
10.445807291660458,-5.251379699707032,1.5486795043945314,-3.390299835205078,0.36607441306114197,5.175809860229492,0.09186758100986481,phone,user1,run
10.465805291663855,-10.344987487792968,8.413254547119141,-7.472161560058594,0.033920690417289734,5.206069469451904,0.557235598564148,phone,user1,run
10.485802291659638,-13.982872467041016,21.638253021240235,-8.009244689941406,-0.7637037634849548,6.1648478507995605,1.6252044439315796,phone,user1,run
10.505800291663036,-9.222172393798829,31.803614044189455,-3.4310151672363283,0.11470288038253784,4.37136697769165,1.9854562282562256,phone,user1,run
10.525797291658819,-2.2278172302246095,38.65771087646485,-1.8507513427734377,1.5662771463394165,4.580445766448975,-0.42395684123039246,phone,user1,run
10.545794291654602,-10.915750579833984,36.94796630859375,5.967640228271485,7.8202619552612305,17.380414962768555,-2.5198540687561035,phone,user1,run
10.565792291658,-6.105204162597657,12.136312408447266,25.39484115600586,-2.4733669757843018,9.561777114868164,-1.9243158102035522,phone,user1,run
10.585789291653782,-2.8912376403808597,14.450949096679688,2.0218455505371096,-0.8812187314033508,2.720649242401123,-1.6458184719085693,phone,user1,run
10.60578729165718,-1.3668077087402344,12.263098754882813,-1.4964381408691407,-0.25779035687446594,-0.25974464416503906,-0.2931630313396454,phone,user1,run
10.625784291652963,-0.21480331420898438,11.33607650756836,-1.5545173645019532,0.7362837791442871,-3.3517627716064453,0.5337695479393005,phone,user1,run
10.64578229165636,1.4742842102050782,12.364438018798829,-5.272186431884766,1.2363628149032593,-3.5113494396209717,0.9241554737091064,phone,user1,run
10.665779291652143,3.750301208496094,13.196707305908204,-4.5216471862792975,1.00138258934021,-2.285158157348633,0.5905741453170776,phone,user1,run
10.685776291647926,4.773872680664063,11.35808074951172,-3.781586151123047,0.4232111871242523,-0.9691770076751709,-0.22950004041194916,phone,user1,run
10.705774291651323,6.4551763916015625,6.698719940185547,9.012608184814454,0.30490052700042725,0.40128594636917114,-0.9130322933197021,phone,user1,run
10.725771291647106,9.232500915527345,3.5398388671875,20.0846337890625,4.883036136627197,0.08636227250099182,-2.1932318210601807,phone,user1,run
10.745769291650504,5.060975646972657,5.716462554931641,1.0355465698242188,-0.6196454763412476,1.3734275102615356,-0.9903379082679749,phone,user1,run
10.765766291646287,3.100203094482422,3.8937030029296875,-1.687291259765625,-3.384004592895508,3.1583359241485596,-0.1410536915063858,phone,user1,run
10.785764291649684,1.5117063903808594,2.1740789794921875,-1.302890625,-3.575493335723877,3.765934944152832,0.22730976343154907,phone,user1,run
10.805761291645467,1.648821258544922,0.07110214233398438,-0.1490899658203125,-2.626958131790161,4.25996208190918,0.3173440098762512,phone,user1,run
10.82575829164125,1.9294876098632814,0.4041595458984375,-2.059567108154297,-1.5049238204956055,4.602755546569824,0.3459302484989166,phone,user1,run
10.845756291644648,2.0731887817382812,5.395529937744141,-5.416935424804688,-1.2756550312042236,5.434481143951416,0.5498325228691101,phone,user1,run
10.86575329164043,3.1653176879882814,11.739487609863282,-6.690636749267578,-2.1585757732391357,6.095959186553955,0.4040369689464569,phone,user1,run
10.885751291643828,3.3889526367187504,23.370899963378907,-0.6906637573242188,-3.1302716732025146,5.019846439361572,0.1099884957075119,phone,user1,run
10.905748291639611,0.2743794250488281,34.59695526123047,7.424410858154297,-1.8364924192428589,-0.4198928773403168,0.517349362373352,phone,user1,run
10.925746291643009,-6.544241180419922,32.742761077880864,2.775528259277344,-0.8381124138832092,-6.886055946350098,1.3054918050765991,phone,user1,run
10.945743291638792,-13.648018798828126,26.59773971557617,7.050189056396484,-0.3241640031337738,-9.364636421203613,3.1326746940612793,phone,user1,run
10.965741291642189,-5.049000549316406,13.706696777343751,-5.4531600952148445,0.8232972025871277,-2.233879804611206,3.2254996299743652,phone,user1,run
10.985738291637972,-0.4328997802734375,11.024873657226562,-4.390968933105469,-0.43399807810783386,2.4724550247192383,1.694645643234253,phone,user1,run
11.005735291633755,-1.5754737854003906,10.604248352050782,-4.284091186523438,-0.8565414547920227,2.929745674133301,0.7542257308959961,phone,user1,run
11.025733291637152,-2.5932073974609375,8.640631713867188,-3.432811431884766,-0.6605481505393982,3.092848777770996,0.3651295602321625,phone,user1,run
11.045730291632935,-3.0855335998535156,6.004912719726563,-2.7446923828125,-0.32545962929725647,3.450652599334717,0.1841864287853241,phone,user1,run
11.065728291636333,-2.6668542480468753,3.1954051208496095,-2.0767813110351563,-0.04461346194148064,3.4751627445220947,0.031173208728432655,phone,user1,run
11.085725291632116,-2.3040087890625003,0.908909912109375,-1.1515553283691407,0.2690313756465912,3.1452581882476807,-0.05087621137499809,phone,user1,run
11.105723291635513,-2.155517578125,-0.18142272949218752,-1.5654446411132814,0.5190617442131042,2.7899563312530518,0.1331072300672531,phone,user1,run
11.125720291631296,-2.1586610412597658,-1.2290940856933594,-1.3286370849609375,0.43162381649017334,2.606570243835449,0.31891530752182007,phone,user1,run
11.145718291634694,-2.105371856689453,-1.743424530029297,-1.9778370666503908,0.21702037751674652,2.8606178760528564,0.40097787976264954,phone,user1,run
11.165715291630477,-1.8321899414062501,-1.9308348083496094,-0.7646099853515625,0.024412965402007103,3.4051036834716797,0.34947139024734497,phone,user1,run
11.18571229162626,4.9385302734375,-1.450034637451172,24.742647399902346,0.21446172893047333,3.0792720317840576,0.3181121051311493,phone,user1,run
11.205710291629657,-0.6975494384765626,1.5239808654785156,-0.8575666809082032,1.2742393016815186,-1.7599174976348877,0.32261741161346436,phone,user1,run
11.22570729162544,-2.631976776123047,1.6432827758789064,-5.479205932617187,0.7598541378974915,-0.5579233169555664,0.7343696355819702,phone,user1,run
11.245705291628838,-5.1133666992187505,16.34600830078125,-8.52671859741211,-0.0013058283366262913,0.7089764475822449,1.1990454196929932,phone,user1,run
11.26570229162462,-6.147266693115235,27.188561096191407,-8.201594696044923,-2.3030359745025635,1.3957093954086304,1.0012211799621582,phone,user1,run
11.285700291628018,-8.288114776611328,23.524181213378906,-2.095492401123047,-2.6450273990631104,-0.17394381761550903,-0.9792782664299011,phone,user1,run
11.305697291623801,-8.122259674072266,14.728172607421875,-0.5815406799316406,-0.8361911773681641,-1.4925371408462524,-1.2861979007720947,phone,user1,run
11.325695291627198,-5.859714660644531,14.087205505371095,-1.0283615112304687,0.4969922602176666,-1.4414948225021362,-1.0278420448303223,phone,user1,run
11.345692291622981,-3.5775604248046875,16.89581497192383,-2.9211753845214847,1.3171833753585815,-0.5505384206771851,-1.013085126876831,phone,user1,run
11.365690291626379,-2.130369873046875,18.085091857910157,-3.117417297363281,1.9108108282089233,1.227028727531433,-0.9476912021636963,phone,user1,run
11.385687291622162,-0.26614654541015625,17.91759017944336,-2.798580322265625,2.2679989337921143,2.5793933868408203,-0.55369633436203,phone,user1,run
11.405683499993756,2.7499314880371095,15.32572998046875,-2.484533386230469,2.2525103092193604,3.369211435317993,-0.3869885504245758,phone,user1,run
11.425681499997154,4.7716273498535156,12.500804443359376,-0.16061599731445314,2.2265992164611816,3.6580915451049805,-0.8164541125297546,phone,user1,run
11.445678499992937,6.396199035644532,6.133046264648438,30.052555389404297,3.6216676235198975,1.4221552610397339,-1.5910794734954834,phone,user1,run
11.465676499996334,-0.9339079284667969,6.871311035156251,4.819976806640625,7.751816749572754,-7.700728416442871,-2.337360382080078,phone,user1,run
11.485673499992117,-4.636308746337891,14.238091735839845,10.597811737060548,3.2739272117614746,-16.672710418701172,-1.1626919507980347,phone,user1,run
11.505671499995515,14.56022186279297,4.647385711669922,-1.4108161926269531,-1.9731847047805786,-5.864991188049316,1.1830193996429443,phone,user1,run
11.525668499991298,4.233197021484375,3.5991156005859377,1.8353334045410157,-1.4464839696884155,3.1064720153808594,0.8294100761413574,phone,user1,run
11.545666499994695,4.217779083251953,2.928809509277344,2.189945983886719,-2.628462791442871,0.5733542442321777,0.30281078815460205,phone,user1,run
11.565663499990478,2.1332139587402343,2.3382875061035158,0.2743794250488281,-2.405190944671631,0.5820497870445251,-0.14544174075126648,phone,user1,run
11.585661499993876,1.6109500122070313,2.7172993469238285,0.7179071044921875,-2.1108710765838623,1.0114079713821411,0.07595524191856384,phone,user1,run
11.605658499989659,0.798739013671875,6.321055297851562,-2.5340803527832034,-2.260049343109131,1.3365267515182495,0.6902049779891968,phone,user1,run
11.625656499993056,0.3525169372558594,10.823841705322266,-3.4982254028320314,-2.837960720062256,2.344202756881714,1.9290653467178345,phone,user1,run
11.645653499988839,0.0736468505859375,19.622993774414063,1.1695179748535156,-3.1704671382904053,2.666938066482544,3.831707239151001,phone,user1,run
11.665650499984622,4.972958679199219,26.757158203125,-0.3649411010742188,-2.8118155002593994,1.6064908504486084,5.196601390838623,phone,user1,run
11.68564849998802,7.405550079345703,32.138467712402345,-0.13442047119140627,-2.753220319747925,1.2975044250488281,3.941218376159668,phone,user1,run
11.705645499983802,3.4612522888183594,29.844937133789063,-0.35595977783203125,-2.1115057468414307,-0.020942367613315582,2.246703863143921,phone,user1,run
11.7256434999872,0.5146298217773437,17.87028854370117,-3.428171081542969,-1.674906849861145,-1.2095614671707153,0.6516736149787903,phone,user1,run
11.745640499982983,-2.5168661499023437,11.344908142089844,-4.488416290283204,-1.4953957796096802,-1.3224042654037476,-0.295001357793808,phone,user1,run
11.76563849998638,-4.588857421875001,8.003107452392578,-3.0919702148437502,-1.1477302312850952,-0.5019359588623047,-0.3397688567638397,phone,user1,run
11.785635499982163,-5.760021972656251,6.1257115173339844,-3.05364990234375,-0.1609431803226471,0.9974596500396729,-0.12372269481420517,phone,user1,run
11.80563349998556,-5.281916198730469,4.460125122070313,-3.137026519775391,0.5792675614356995,2.4378561973571777,0.16353510320186615,phone,user1,run
11.825630499981344,-5.272635498046875,2.827919311523438,-3.0505064392089847,0.9188803434371948,2.999764919281006,0.17434024810791016,phone,user1,run
11.845628499984741,-6.252797241210938,0.8821156311035157,-2.271676025390625,1.0104365348815918,3.1513752937316895,0.4907609820365906,phone,user1,run
11.865625499980524,-5.668711853027344,-1.1136840820312501,-3.015030212402344,1.1109567880630493,3.3009917736053467,0.9986065030097961,phone,user1,run
11.885623499983922,-4.75456283569336,-2.095342712402344,-3.2563284301757816,1.054532766342163,3.6084649562835693,1.2885280847549438,phone,user1,run
11.905620499979705,-5.395829315185547,-1.9714004516601564,-2.76145751953125,0.7091682553291321,3.9186084270477295,1.3023172616958618,phone,user1,run
11.925618499983102,-3.753744049072266,-1.2087364196777344,0.2341131591796875,0.41733527183532715,4.016671657562256,1.4539794921875,phone,user1,run
11.945615499978885,0.07888595581054687,0.6574328613281251,7.637268218994141,0.9122469425201416,4.488504409790039,1.2886366844177246,phone,user1,run
11.965613499982283,-3.4657429504394535,8.982221374511719,17.861307220458986,3.5989649295806885,6.742650985717773,0.7986952066421509,phone,user1,run
11.985610499978065,-2.2947280883789065,7.8728782653808596,4.3119332885742185,1.9489057064056396,-0.3723991811275482,0.7686180472373962,phone,user1,run
12.005608499981463,-7.926017761230469,27.685228271484377,-10.092911682128907,0.7839754819869995,-5.791017055511475,-1.483212947845459,phone,user1,run
12.025605499977246,-14.161900177001954,28.0648388671875,-11.886332244873048,-2.2706425189971924,-7.049724102020264,-0.7933995723724365,phone,user1,run
12.045603499980643,-4.493805084228516,13.34070785522461,-4.740342407226563,-2.8223307132720947,-5.564183235168457,-0.410262793302536,phone,user1,run
12.065600499976426,-3.4000296020507816,13.083692321777344,-7.012168121337891,-2.622866153717041,-3.54952073097229,-1.3776777982711792,phone,user1,run
12.085598499979824,-2.956651611328125,15.591876525878908,-6.9272946166992195,-1.2243289947509766,0.9320429563522339,-2.0028083324432373,phone,user1,run
12.105595499975607,-2.4704626464843753,16.21278533935547,-3.186423797607422,1.4180632829666138,5.145615100860596,-1.8012800216674805,phone,user1,run
12.12559249997139,-1.028511199951172,16.837136993408205,-2.1917422485351565,3.1231069564819336,6.798820495605469,-1.0526206493377686,phone,user1,run
12.145590499974787,1.6727714538574219,17.305812377929687,-1.521885223388672,3.590212345123291,6.808448791503906,-0.59595787525177,phone,user1,run
12.16558749997057,4.8246171569824226,16.027770080566405,0.013022918701171875,3.5870091915130615,6.018002986907959,-0.7412199974060059,phone,user1,run
12.185585499973968,4.934937744140625,13.634546813964844,6.573430480957032,3.7028682231903076,4.376462936401367,-1.1394990682601929,phone,user1,run
12.20558249996975,1.2136761474609377,7.547604675292969,24.34956481933594,7.271516799926758,-4.956414699554443,-0.9085066914558411,phone,user1,run
12.225580499973148,-1.9246975708007814,9.77018280029297,10.466534729003907,7.672962665557861,-12.19245719909668,-1.3040186166763306,phone,user1,run
12.245577499968931,-8.214018859863282,16.05666000366211,-11.042087860107422,1.0180953741073608,-20.628015518188477,-0.20947057008743286,phone,user1,run
12.265575499972329,23.6386930847168,3.9847137451171877,12.613370361328126,0.5580731630325317,-4.6218695640563965,0.5914045572280884,phone,user1,run
12.285572499968112,5.478008422851563,2.5741969299316407,-1.2698094177246095,-2.0237338542938232,4.203969478607178,0.6184664964675903,phone,user1,run
12.305570499971509,3.356320495605469,2.113305358886719,-0.2677931213378906,-3.11914324760437,4.00257682800293,0.4618051052093506,phone,user1,run
12.325567499967292,4.07871826171875,1.076561279296875,1.7200730895996095,-3.188817024230957,2.478261947631836,0.5056048631668091,phone,user1,run
12.34556549997069,3.749852142333985,2.558629302978516,0.5842350769042969,-3.0107314586639404,0.9342139959335327,0.8679718375205994,phone,user1,run
12.365562499966472,2.241588592529297,6.9536398315429695,-2.562371520996094,-3.1417574882507324,0.7819117903709412,1.657512903213501,phone,user1,run
12.38556049996987,1.264270935058594,12.018058319091798,-3.8109251403808595,-3.609626531600952,1.7138301134109497,2.7649543285369873,phone,user1,run
12.405558291589841,-0.9165440368652344,24.900868377685548,-1.0853929138183593,-4.200770378112793,2.5568411350250244,4.805491924285889,phone,user1,run
12.425556291593239,4.183949432373047,34.27901641845703,6.249653778076172,-3.2730746269226074,0.5820657014846802,6.955331325531006,phone,user1,run
12.445553291589022,10.279573516845703,34.353860778808595,0.19549346923828126,-2.43778133392334,-1.9736363887786865,4.913744926452637,phone,user1,run
12.46555129159242,3.8742434692382814,27.384952697753906,0.04445755004882813,-1.910493016242981,-4.8426737785339355,1.5194921493530273,phone,user1,run
12.485548291588202,-1.9119740295410157,15.235916748046876,-3.77694580078125,-1.182858943939209,-4.839674949645996,-0.7467909455299377,phone,user1,run
12.5055462915916,-7.619006195068359,9.050329742431641,-3.998185729980469,-0.2511042356491089,-1.1473957300186157,-0.8471406102180481,phone,user1,run
12.525543291587383,-7.457791442871094,6.910379791259766,-6.018983459472657,0.6270967721939087,3.8656821250915527,-0.08019622415304184,phone,user1,run
12.54554129159078,-7.801776123046875,3.646417236328125,-6.814129943847656,0.2139568030834198,6.040533542633057,0.2733815610408783,phone,user1,run
12.565538291586563,-8.357869720458984,1.2323872375488283,-6.289021911621094,0.11511840671300888,7.657793045043945,0.37869206070899963,phone,user1,run
12.58553629158996,-10.00968475341797,-0.6999444580078126,-3.543581085205078,0.4776488244533539,7.910518169403076,0.6901367902755737,phone,user1,run
12.605533291585743,-8.924890594482422,-1.7676741027832032,-3.077151031494141,1.1557292938232422,5.1338725090026855,1.1720898151397705,phone,user1,run
12.625530291697942,-7.8796142578125,-1.572330322265625,-3.599564666748047,0.951749861240387,2.106736898422241,1.5313953161239624,phone,user1,run
12.64552829170134,-8.51234848022461,0.1898052978515625,-2.373015289306641,0.4556228220462799,0.0351790226995945,1.8981001377105713,phone,user1,run
12.665525291697122,-7.025640106201172,1.477427673339844,-0.30147308349609375,0.4406023323535919,-1.1856093406677246,2.412069082260132,phone,user1,run
12.68552329170052,5.588329010009766,1.3733940124511719,4.589456176757813,1.392995834350586,0.8004920482635498,2.0828745365142822,phone,user1,run
12.705520291696303,-5.353766784667969,17.01361999511719,23.9213053894043,7.438452243804932,19.638072967529297,0.08665075898170471,phone,user1,run
12.7255182916997,-1.1563453674316406,8.906628570556641,8.788075103759766,-1.0020880699157715,5.031927585601807,1.6091430187225342,phone,user1,run
12.745515291695483,-0.07649093627929687,15.546371154785158,1.0277627563476563,-1.1462194919586182,-6.152924060821533,-1.889153003692627,phone,user1,run
12.76551329169888,-14.738201751708985,18.210081939697268,-9.970316619873048,-2.1401631832122803,-11.475459098815918,-3.4703149795532227,phone,user1,run
12.785510291694663,-13.840817871093751,18.872604217529297,-10.463690643310548,-2.980160713195801,-8.786531448364258,-0.744333803653717,phone,user1,run
12.805508291698061,-6.020630035400391,16.043337707519534,-6.163433074951172,-2.4808807373046875,-6.123890399932861,-0.6770061254501343,phone,user1,run
12.825505291693844,-4.658612365722656,16.03450607299805,-6.0342517089843755,-1.5421249866485596,-2.924647808074951,-2.283926248550415,phone,user1,run
12.845503291697241,-4.689298553466797,16.15485580444336,-5.954916687011719,-0.1030820980668068,1.094893217086792,-2.6227643489837646,phone,user1,run
12.865500291693024,-2.6467959594726564,16.083154907226564,-5.303770751953126,1.5794790983200073,4.138463973999023,-1.9428802728652954,phone,user1,run
12.885498291696422,0.33545242309570317,17.33470230102539,-3.9447468566894535,2.774608612060547,5.677404880523682,-1.1467702388763428,phone,user1,run
12.905495291692205,3.0180239868164063,17.707127838134767,-2.199675750732422,3.0753273963928223,6.600942134857178,-0.9629513621330261,phone,user1,run
12.925493291695602,4.995711364746094,16.443904724121094,1.024768981933594,3.3310370445251465,6.661427974700928,-1.0114306211471558,phone,user1,run
12.945490291691385,4.021537170410157,12.89373733520508,21.47643951416016,4.3541951179504395,4.97977352142334,-0.921694278717041,phone,user1,run
12.965488291694783,2.6276358032226566,6.6930317687988286,12.22657470703125,9.321708679199219,-6.303242206573486,-0.8244642615318298,phone,user1,run
12.985485291690566,-2.1543200683593753,9.14134048461914,16.413068847656252,8.925435066223145,-11.687580108642578,-1.5263309478759766,phone,user1,run
13.005482291686349,-10.333311767578126,15.821349334716798,-17.90127410888672,0.6484062075614929,-22.875505447387695,-0.29952362179756165,phone,user1,run
13.025480291689746,18.80524429321289,4.565356292724609,4.9758027648925784,1.5598114728927612,-3.6334903240203857,0.13384680449962616,phone,user1,run
13.045477291685529,6.660848693847656,2.2570065307617186,-2.1751268005371096,-1.8763254880905151,2.99149751663208,0.6348066926002502,phone,user1,run
13.065475291688927,5.515430603027344,0.9789642333984375,1.9706520080566408,-3.0262115001678467,2.711315393447876,0.7758464217185974,phone,user1,run
13.08547229168471,4.541106719970704,0.8050259399414063,1.6136444091796875,-2.73295259475708,1.8207722902297974,1.0287076234817505,phone,user1,run
13.105470291688107,2.9256660461425783,2.684517517089844,-3.0084439086914063,-2.6514201164245605,1.6197919845581055,1.4819355010986328,phone,user1,run
13.12546729168389,1.9333795166015626,6.3018951416015625,-5.616021423339844,-3.3755335807800293,2.764066457748413,2.1837220191955566,phone,user1,run
13.145465291687287,1.4962884521484376,12.243639221191406,-5.510191497802735,-4.259788513183594,4.333591461181641,3.2837626934051514,phone,user1,run
13.16546229168307,-0.05119354248046875,26.007367401123048,-2.544708251953125,-4.775547981262207,4.946012020111084,5.049292087554932,phone,user1,run
13.185460291686468,4.470154266357422,39.11351303100586,10.079739074707032,-4.518567085266113,3.190281391143799,6.952444553375244,phone,user1,run
13.20545729168225,9.232949981689453,36.095788421630864,6.082451477050782,-1.98600435256958,-3.088034152984619,5.38236141204834,phone,user1,run
13.225455291685648,4.115541687011719,21.840632171630862,-0.29368927001953127,-0.6987404227256775,-6.723755836486816,1.8929585218429565,phone,user1,run
13.245452291681431,-1.9308348083496094,13.732592926025392,-4.384532318115235,-0.41354745626449585,-6.9526872634887695,-0.6850914359092712,phone,user1,run
13.265450291684829,-9.544452209472658,10.795700225830078,-4.218228149414062,0.4227179288864136,-2.049635171890259,-0.8664522171020508,phone,user1,run
13.285447291680612,-9.412576446533203,9.1825048828125,-7.6754388427734375,1.2002677917480469,5.217104911804199,0.01859496533870697,phone,user1,run
13.30544529168401,-9.119485931396484,5.739514617919922,-7.033872985839844,0.11995319277048111,7.7024760246276855,0.6075579524040222,phone,user1,run
13.325442291679792,-9.961784362792969,1.6636404418945314,-2.920426940917969,-0.6592221260070801,8.668988227844238,1.0646156072616577,phone,user1,run
13.345439291675575,-10.01971389770508,-0.6532415771484376,-1.7982106018066406,-0.02097809687256813,6.555583953857422,0.9654337167739868,phone,user1,run
13.365437291678973,-9.67872299194336,-1.7645306396484375,-4.662803649902344,0.20499452948570251,3.6375274658203125,1.1295907497406006,phone,user1,run
13.385434291674756,-9.582622833251953,-1.845063171386719,-4.806654510498047,-0.17437180876731873,2.1826117038726807,1.4534251689910889,phone,user1,run
13.405431999941356,-9.142388305664063,-0.5182223510742188,-2.735261993408203,-0.6318493485450745,1.0250746011734009,2.015057325363159,phone,user1,run
13.42542899993714,-2.7608587646484377,-0.8602610778808594,0.5107379150390625,-0.717541515827179,1.049649953842163,2.226591110229492,phone,user1,run
13.445426999940537,4.233795776367188,0.4631369018554688,8.660390625,2.8788468837738037,8.286017417907715,0.7993971109390259,phone,user1,run
13.46542399993632,-3.18298095703125,4.628674621582031,6.122867431640626,5.60481071472168,10.615188598632812,0.3286646008491516,phone,user1,run
13.485421999939717,-2.870131530761719,24.635021209716797,23.45487533569336,1.188883900642395,3.613572359085083,0.8159685134887695,phone,user1,run
13.5054189999355,-1.2783416748046876,14.39062454223633,1.0891351318359375,-0.3053787052631378,-5.422602653503418,-1.4528453350067139,phone,user1,run
13.525416999938898,-14.51711151123047,20.984712066650392,-9.288933563232423,-0.7948118448257446,-9.693022727966309,-3.7614409923553467,phone,user1,run
13.54541399993468,-12.795840911865236,25.127347412109376,-13.31436264038086,-2.947476863861084,-6.933235168457031,-0.8371710777282715,phone,user1,run
13.565411999938078,-3.8513410949707034,18.92304931640625,-9.074429626464845,-3.2794559001922607,-3.0354788303375244,-0.983450710773468,phone,user1,run
13.585408999933861,-1.2153227233886719,16.09348342895508,-6.456373901367188,-2.4998154640197754,1.0489377975463867,-1.9429222345352173,phone,user1,run
13.605406999937259,-1.1070977783203126,15.116165771484376,-1.0922785949707032,-0.4086899757385254,4.394471645355225,-1.833003282546997,phone,user1,run
13.625403999933042,-0.23620880126953125,14.55498275756836,0.5662724304199219,1.4736201763153076,5.345941543579102,-1.0653035640716553,phone,user1,run
13.645400999928825,2.215692443847656,15.527959442138673,2.3068528747558594,2.798755407333374,5.064578056335449,-0.1454588770866394,phone,user1,run
13.665398999932222,5.016817474365235,14.303655395507814,3.1331346130371096,3.7954463958740234,4.236994743347168,0.31508415937423706,phone,user1,run
13.685395999928005,6.258335723876954,11.614048461914063,8.86770950317383,4.651094436645508,3.028493642807007,0.01570236310362816,phone,user1,run
13.705393999931403,4.753515014648438,7.880213012695313,15.326777801513673,7.207409858703613,-2.3817946910858154,-0.6060356497764587,phone,user1,run
13.725390999927185,2.4349864196777347,8.689879302978516,5.843697967529297,8.203253746032715,-6.78928804397583,-1.0677434206008911,phone,user1,run
13.745388999930583,-7.236401824951172,12.661570129394532,8.128247222900391,3.5103018283843994,-21.33462142944336,-1.1123086214065552,phone,user1,run
13.765385999926366,20.967946929931642,5.382507019042969,-1.159339141845703,-0.19517315924167633,-6.0804338455200195,0.29734373092651367,phone,user1,run
13.785383999929763,3.051105194091797,4.02408187866211,0.5713618469238282,-1.7440145015716553,5.897792816162109,0.5820683836936951,phone,user1,run
13.805380999925546,2.825075225830078,1.499132537841797,1.7027091979980469,-3.1263444423675537,4.0909318923950195,0.5936582684516907,phone,user1,run
13.82537799992133,3.005300445556641,1.2316387939453126,2.6274861145019535,-2.944340944290161,2.076153516769409,0.17154398560523987,phone,user1,run
13.845375999924727,2.9090505981445314,2.5135729980468753,0.9753717041015626,-2.6187374591827393,0.9559069275856018,0.4377022385597229,phone,user1,run
13.86537299992051,2.496508483886719,6.122418365478516,-2.448907470703125,-2.7565457820892334,0.8615649938583374,1.1978517770767212,phone,user1,run
13.885370999923907,1.9037411499023438,9.884095916748047,-4.321363677978516,-3.258167266845703,1.9796288013458252,2.255963087081909,phone,user1,run
13.90536799991969,0.7918533325195313,21.434826049804688,-3.5976187133789064,-3.8547792434692383,3.432363510131836,3.990169048309326,phone,user1,run
13.925365999923088,3.423231353759766,34.01301956176758,9.197174377441407,-3.5321455001831055,2.2647018432617188,5.942582130432129,phone,user1,run
13.94536299991887,9.90145980834961,35.2018473815918,0.3614982604980469,-2.080467700958252,-2.173410415649414,4.651832103729248,phone,user1,run
13.965360999922268,4.835245056152344,28.71568542480469,-0.7441026306152344,-1.4433165788650513,-5.521930694580078,1.416275143623352,phone,user1,run
13.985358000034466,-0.8580157470703126,15.973582763671876,-2.54830078125,-0.6352555751800537,-5.940195083618164,-0.582409143447876,phone,user1,run
14.005355999921449,-6.643484802246094,8.33032699584961,0.31225067138671875,0.9653418064117432,-2.974079132080078,-0.8113075494766235,phone,user1,run
14.025353000033647,-6.328839111328126,7.341932373046875,-6.169121246337891,2.4332852363586426,2.989457368850708,0.17797215282917023,phone,user1,run
14.045350999920629,-5.887856140136719,5.326523437500001,-6.031257934570313,1.6465198993682861,5.857138156890869,0.7224120497703552,phone,user1,run
14.065348000032827,-5.857020263671875,2.9969178771972658,-4.682562561035157,0.7633100748062134,6.848588466644287,0.995298445224762,phone,user1,run
14.08534500002861,-8.758736114501954,3.706891479492188,-1.4048286437988282,0.4511050283908844,6.883934497833252,0.696029543876648,phone,user1,run
14.105343000032008,-11.448043670654297,3.2275881958007813,-1.9802320861816407,0.5203202962875366,5.0759687423706055,1.326115608215332,phone,user1,run
14.12534000002779,-9.244326324462891,0.8916957092285157,-2.623594207763672,0.33709338307380676,3.0506837368011475,2.151109457015991,phone,user1,run
14.145338000031188,-8.256829833984375,-0.7153623962402345,-2.322719879150391,-0.03833722695708275,1.8284997940063477,2.7261765003204346,phone,user1,run
14.165335000026971,-7.881260833740234,-0.20387603759765627,-1.307530975341797,-0.08326435834169388,1.6320710182189941,2.804265022277832,phone,user1,run
14.185333000030369,-3.280727691650391,-1.0756631469726563,5.164859619140625,0.5123072862625122,3.57429575920105,2.452730894088745,phone,user1,run
14.205330000026152,-2.0311262512207033,11.871063995361329,39.23341369628906,4.328914165496826,13.690414428710938,1.3008804321289062,phone,user1,run
14.225328000029549,0.4584965515136719,5.181475067138672,7.199129333496094,2.8163676261901855,1.003804326057434,1.5100821256637573,phone,user1,run
14.245325000025332,0.508941650390625,6.806795196533203,-0.20402572631835938,3.10827374458313,-5.464420795440674,-0.48973214626312256,phone,user1,run
14.265322000021115,-11.060349884033204,15.226636047363282,-15.205529937744142,0.4292394816875458,-12.608652114868164,-3.1183907985687256,phone,user1,run
14.285320000024512,-16.583713989257813,19.626286926269533,-18.601368255615235,-3.8887040615081787,-10.609906196594238,-1.3155314922332764,phone,user1,run
14.305317000020295,-7.120542755126953,16.903449096679687,-9.871821441650392,-4.191531658172607,-6.70322847366333,-0.6448668241500854,phone,user1,run
14.325315000023693,-6.578968963623047,17.096697235107424,-9.122030639648438,-3.0883007049560547,-3.1187589168548584,-2.489779472351074,phone,user1,run
14.345312000019476,-5.952671356201172,17.981207885742187,-7.916138305664063,-1.356819987297058,1.8024513721466064,-2.97867751121521,phone,user1,run
14.365310000022873,-3.650758209228516,17.35715560913086,-4.904700622558594,1.1776642799377441,5.969224452972412,-2.380133628845215,phone,user1,run
14.385307000018656,-1.2147239685058595,17.89738220214844,-3.096610565185547,2.804910182952881,8.052108764648438,-1.746221899986267,phone,user1,run
14.405305124935694,1.2280462646484376,18.128501586914062,-0.9476792907714844,3.6577703952789307,8.312908172607422,-1.1480504274368286,phone,user1,run
14.425302124931477,4.877906341552735,16.95718734741211,1.88009033203125,3.8924753665924072,7.075100421905518,-0.759705126285553,phone,user1,run
14.44529912492726,5.18087631225586,15.285763092041016,10.969039764404297,4.483128070831299,4.520601272583008,-0.526869535446167,phone,user1,run
14.465297124930657,3.470233612060547,10.241851959228516,16.286881256103516,7.216396808624268,-2.4754576683044434,0.14067259430885315,phone,user1,run
14.48529412492644,2.476300506591797,7.980953521728516,6.816524963378907,8.159692764282227,-7.185332298278809,0.00946690421551466,phone,user1,run
14.505292124929838,-4.414919128417969,7.528743896484375,19.586170349121094,6.731069564819336,-14.735330581665039,-0.49420836567878723,phone,user1,run
14.52528912492562,-8.105943603515625,12.560829620361329,-16.701069946289063,1.9371646642684937,-20.508604049682617,0.13300982117652893,phone,user1,run
14.545287124929018,8.264613647460937,6.264173583984375,11.504775695800781,-0.2729727625846863,-14.613425254821777,1.6651884317398071,phone,user1,run
14.565284124924801,7.898924102783203,5.270839233398438,-1.3582754516601563,1.9941142797470093,-3.2042031288146973,1.2482922077178955,phone,user1,run
14.585281124920584,5.229974212646485,3.289559326171875,-6.311175842285157,-1.2512588500976562,0.5808746218681335,2.2712833881378174,phone,user1,run
14.605279124923982,3.7146752929687503,0.5906716918945313,-2.8419900512695313,-2.7775118350982666,2.3779709339141846,2.8572278022766113,phone,user1,run
14.625276124919765,2.797083435058594,1.9543359375,-1.1126362609863283,-2.99153470993042,2.5856196880340576,3.1491689682006836,phone,user1,run
14.645274124923162,0.5306465148925782,6.424041137695313,-2.6852659606933593,-3.093777656555176,2.4835903644561768,3.969222068786621,phone,user1,run
14.665271124918945,0.24593856811523437,12.713961181640625,-1.0789562988281252,-3.220665454864502,3.11401104927063,5.032809734344482,phone,user1,run
14.685269124922343,-0.5541476440429688,28.558362579345705,5.054089965820313,-3.1393065452575684,3.6499929428100586,6.421683311462402,phone,user1,run
14.705266125034541,6.262676696777344,39.20422439575196,4.831053771972656,-1.8705434799194336,-0.0642392486333847,7.816164493560791,phone,user1,run
14.725264124921523,8.378975830078126,33.75420776367188,0.7667056274414062,-1.864796757698059,-3.1224730014801025,5.213099956512451,phone,user1,run
14.745261125033721,2.758164367675781,21.39515853881836,2.155367889404297,-1.404819130897522,-6.246354103088379,2.369760036468506,phone,user1,run
14.765258125029504,-4.493805084228516,13.142969055175781,1.6817527770996095,-0.30775272846221924,-5.356455326080322,0.43254661560058594,phone,user1,run
14.785256125032902,-6.810986480712891,9.316326599121094,-5.9989251708984375,1.2064405679702759,1.4933773279190063,0.1524381786584854,phone,user1,run
14.805253125028685,-6.954837341308594,5.273234252929687,-7.079228668212891,0.8760454058647156,5.357029914855957,-0.20985350012779236,phone,user1,run
14.825251125032082,-7.528594207763672,3.9902522277832033,-7.066654815673829,0.10823068022727966,6.4918107986450195,-0.4522375762462616,phone,user1,run
14.845248125027865,-8.810378723144531,2.655627593994141,-5.731581115722657,-0.4636330008506775,6.966663360595703,-0.5010523200035095,phone,user1,run
14.865246125031263,-9.83829116821289,1.9456539916992188,-1.0758128356933594,-0.26177963614463806,4.972888469696045,-0.5533729791641235,phone,user1,run
14.885243125027046,-8.979976043701173,-0.15432907104492188,-1.089584197998047,0.11259295046329498,2.0957610607147217,0.2043277770280838,phone,user1,run
14.905240125022829,-7.667655029296875,-1.733694763183594,-0.7644602966308595,0.45317038893699646,-0.23885208368301392,1.286820888519287,phone,user1,run
14.925238125026226,-6.0043139648437505,-1.6546591186523438,-0.71611083984375,0.5427055954933167,-1.181908130645752,2.152573823928833,phone,user1,run
14.945235125022009,-3.248694305419922,-2.039209442138672,1.8384768676757814,0.9443485140800476,-0.35173743963241577,2.222136974334717,phone,user1,run
14.965233125025406,3.279979248046875,0.5668711853027344,6.977590026855469,3.7604119777679443,6.782958507537842,1.3906491994857788,phone,user1,run
14.98523012502119,0.564027099609375,12.34677474975586,22.16680389404297,2.5963456630706787,9.055082321166992,1.2921478748321533,phone,user1,run
15.005228125024587,3.9513331604003907,6.515201568603516,4.434228973388672,1.3298919200897217,0.8480643033981323,0.2788669466972351,phone,user1,run
15.02522512502037,5.792205047607422,14.139147491455079,-2.631078643798828,0.1370423287153244,-7.69849967956543,-4.884476184844971,phone,user1,run
15.045222125016153,-17.677938537597658,24.89278518676758,-16.303047637939454,-3.821659803390503,-11.088287353515625,-7.387759685516357,phone,user1,run
15.06522012501955,-17.59620849609375,25.686883850097658,-9.963880004882814,-6.333110809326172,-4.516521453857422,-1.1967564821243286,phone,user1,run
15.085217125015333,-3.4335598754882812,18.375338287353518,0.4375401306152344,-3.616283416748047,-1.2133138179779053,-0.08360215276479721,phone,user1,run
15.10521512501873,-0.2077679443359375,17.747693481445314,2.416275329589844,-0.3220270574092865,0.09945593774318695,-1.3799501657485962,phone,user1,run
15.125212125014514,0.6412664794921875,15.20642807006836,-0.6421646118164063,2.573807954788208,0.8483408689498901,-1.591709852218628,phone,user1,run
15.145210125017911,1.507365417480469,14.499597930908203,-3.0993049621582034,3.798682928085327,1.580974817276001,-1.2578824758529663,phone,user1,run
15.165207125013694,2.7952871704101563,13.305531005859375,-4.591402130126953,3.8721201419830322,2.5774502754211426,-0.9606288075447083,phone,user1,run
15.185204125009477,4.198020172119141,11.453282775878908,-2.9844937133789062,3.4768946170806885,3.0936193466186523,-1.02773916721344,phone,user1,run
15.205202125012875,5.5658757019042975,10.018217010498047,-1.829794921875,3.0624430179595947,2.9311063289642334,-1.359066367149353,phone,user1,run
15.225199125008658,5.1079779052734375,9.558373260498048,0.36553985595703126,3.0182831287384033,2.6867196559906006,-1.6483347415924072,phone,user1,run
15.245197125012055,2.2079086303710938,8.524922332763673,23.79167495727539,4.142060279846191,0.4642738103866577,-1.3034793138504028,phone,user1,run
15.265194125007838,0.045056304931640624,5.48504379272461,11.640393676757814,7.682300567626953,-9.403863906860352,-0.8885754942893982,phone,user1,run
15.285191125003621,-6.939269714355469,12.949271850585939,0.7277865600585938,4.437002658843994,-18.257884979248047,-0.7037253379821777,phone,user1,run
15.305189125007018,8.564290466308595,9.228908386230469,-0.34443374633789064,-0.558585524559021,-15.654175758361816,1.4161036014556885,phone,user1,run
15.325186125002801,6.143075408935547,3.7375776672363283,-0.945883026123047,-1.1161224842071533,2.815751791000366,1.2974083423614502,phone,user1,run
15.345184125006199,5.120252380371094,2.6970913696289065,2.2041664123535156,-2.5571184158325195,3.390368700027466,1.351474642753601,phone,user1,run
15.365181125001982,3.7974531555175783,2.0540286254882814,2.458637237548828,-2.733860492706299,1.8651320934295654,1.3343552350997925,phone,user1,run
15.38517912500538,3.2561787414550785,4.501888275146484,0.98914306640625,-2.3735573291778564,0.4560701847076416,1.5135185718536377,phone,user1,run
15.405176125001162,2.6840684509277346,9.29507080078125,-3.6506085205078125,-2.696154832839966,0.19472673535346985,2.1392598152160645,phone,user1,run
15.425172624993138,1.0051597595214845,17.30835708618164,-3.9781274414062504,-3.4518799781799316,1.2192708253860474,3.3937840461730957,phone,user1,run
15.445170624996535,-2.0481907653808595,31.096933593750002,11.030262451171875,-3.039144992828369,0.4606953263282776,5.614887237548828,phone,user1,run
15.465167624992318,6.886279907226563,33.31951171875,-1.5417938232421875,-1.2345631122589111,-2.6983895301818848,6.173825263977051,phone,user1,run
15.485165624995716,6.010151824951172,33.05635894775391,-1.6425343322753907,-1.6969101428985596,-2.7101852893829346,3.148845672607422,phone,user1,run
15.505162624991499,-0.3288661193847656,19.022891693115234,0.056133270263671875,-1.415554404258728,-3.7722983360290527,0.37213537096977234,phone,user1,run
15.525159624987282,-5.658682708740234,11.177855529785157,-1.918111267089844,-0.4389546811580658,-1.8383644819259644,-0.7497655749320984,phone,user1,run
15.54515762499068,-6.8831364440917975,7.801327056884766,-7.228917388916016,0.11620191484689713,3.2020392417907715,-0.3042711019515991,phone,user1,run
15.565154624986462,-5.304219818115235,4.795876922607422,-5.741610260009766,-0.3992682695388794,5.572225093841553,0.038889892399311066,phone,user1,run
15.58515262498986,-4.42794204711914,2.980302429199219,-4.299359436035156,-0.49238699674606323,6.707965850830078,-0.15233071148395538,phone,user1,run
15.605149624985643,-4.43602523803711,1.917063446044922,-3.3199461364746097,0.011027220636606216,6.484241962432861,-0.3906850516796112,phone,user1,run
15.62514762498904,-5.2066227722167975,1.1382330322265626,-1.6558566284179688,0.6594873666763306,5.4177446365356445,-0.25473693013191223,phone,user1,run
15.645144624984823,-6.405180358886719,0.8342152404785157,-1.2133767700195313,1.0879809856414795,2.558781623840332,0.43957531452178955,phone,user1,run
15.665141624980606,-5.821394348144532,-0.1095721435546875,-1.6040643310546876,0.803798258304596,0.07011974602937698,1.238072395324707,phone,user1,run
15.685139624984004,-5.173391876220704,0.3047662353515625,-1.8215620422363281,0.48317641019821167,-0.46269193291664124,1.7561795711517334,phone,user1,run
15.705136624979787,-4.6695396423339846,1.0577005004882813,-0.21136047363281252,0.549541175365448,0.15563873946666718,1.7829504013061523,phone,user1,run
15.725134624983184,-0.2947370910644531,2.1489312744140627,3.1295420837402346,1.3900786638259888,2.2232980728149414,1.089835524559021,phone,user1,run
15.745131624978967,-2.6735902404785157,9.259893951416016,21.271665344238283,3.585632562637329,12.100471496582031,-0.1816720813512802,phone,user1,run
15.76512862497475,-1.3753399658203125,7.344327392578125,6.372248840332031,1.1078588962554932,3.270447254180908,-0.4967416822910309,phone,user1,run
15.785126624978147,-2.7167005920410157,12.826826477050782,-2.788700866699219,1.0874403715133667,-2.9021573066711426,-1.4855616092681885,phone,user1,run
15.80512362497393,-10.742411041259766,22.86659866333008,-12.939093017578125,-1.9077167510986328,-7.901278018951416,-2.258080005645752,phone,user1,run
15.825121624977328,-8.512049102783203,18.163828125000002,-7.786058807373047,-3.932694911956787,-7.141005039215088,-0.9292387962341309,phone,user1,run
15.84511862497311,-3.7356317138671877,14.38778045654297,-4.477938079833985,-3.6898434162139893,-5.818303108215332,-0.9065950512886047,phone,user1,run
15.865115624968894,-3.2621662902832034,17.06975326538086,-4.804259490966797,-3.199033498764038,-4.704165935516357,-1.5987253189086914,phone,user1,run
15.885113624972291,-1.4480886840820313,18.9396647644043,-6.268215179443359,-1.2383902072906494,-0.38079747557640076,-2.3694140911102295,phone,user1,run
15.905110624968074,-0.8479866027832031,18.87889114379883,-3.4579591369628906,1.2640748023986816,4.2007598876953125,-1.91881263256073,phone,user1,run
15.925108624971472,0.17453704833984376,17.7134147644043,-2.574346618652344,2.9800329208374023,6.3349385261535645,-0.7601506114006042,phone,user1,run
15.945105624967255,2.921325073242188,15.003150787353517,-0.8669970703125001,3.8209638595581055,6.955997467041016,-0.06984138488769531,phone,user1,run
15.965102624963038,4.862039337158204,12.935350799560547,0.743653564453125,4.156665802001953,6.6867547035217285,-0.032297804951667786,phone,user1,run
15.985100624966435,5.0247509765625,10.71576644897461,9.366172943115235,4.575291633605957,5.768136978149414,-0.35873091220855713,phone,user1,run
16.005097624962218,-0.8132588195800782,4.102668457031251,25.695715484619143,9.597487449645996,-4.854085445404053,-0.4705662429332733,phone,user1,run
16.025095624965616,-9.863887939453125,11.911180572509766,18.100360107421874,7.1500396728515625,-20.893463134765625,-1.345737338066101,phone,user1,run
16.0450926249614,7.306007080078126,15.00913833618164,-11.784094848632813,-3.5579030513763428,-21.300216674804688,1.9012596607208252,phone,user1,run
16.06508962495718,3.346740417480469,5.754782867431641,0.21031265258789064,-1.0716915130615234,5.921421527862549,0.9902859330177307,phone,user1,run
16.08508762496058,4.254303131103516,3.766168212890625,4.635111236572266,-3.2964696884155273,2.395581007003784,1.3196858167648315,phone,user1,run
16.105084624956362,3.9642063903808595,3.151696014404297,0.6792874145507812,-3.1660120487213135,0.9690909385681152,1.2266613245010376,phone,user1,run
16.12508262495976,2.9359945678710937,2.47884521484375,0.1770817565917969,-2.6506779193878174,0.7752217650413513,1.2795652151107788,phone,user1,run
16.145079624955542,2.7860064697265625,4.770729217529297,-1.487157440185547,-2.527287006378174,0.38284504413604736,1.6703968048095703,phone,user1,run
16.165076624951325,2.7809170532226566,7.328011322021485,-3.7905674743652344,-2.6986732482910156,1.4037050008773804,2.4539175033569336,phone,user1,run
16.185074624954723,2.431693267822266,12.437037048339844,-1.6233741760253908,-2.9384756088256836,2.6743733882904053,3.455500364303589,phone,user1,run
16.205071624950506,3.5913317871093753,27.225683898925784,5.7432568359375,-2.1637487411499023,1.6501530408859253,4.7301859855651855,phone,user1,run
16.225069624953903,8.259224853515626,36.312837066650395,0.2820135498046875,-1.0492535829544067,-0.26292097568511963,4.4213547706604,phone,user1,run
16.245066624949686,6.452332305908204,34.71700561523438,-1.9513421630859376,-0.9990519881248474,-2.079005002975464,1.9651163816452026,phone,user1,run
16.26506362494547,-0.19534378051757814,17.922230529785157,-3.0529014587402346,-1.0504131317138672,-3.5744926929473877,-0.04244957119226456,phone,user1,run
16.285061624948867,-4.161196746826172,10.6099365234375,-1.5920892333984376,-0.8097385764122009,-2.052769184112549,-0.28429707884788513,phone,user1,run
16.30505862494465,-5.142705688476563,7.309749298095704,-5.157375183105469,0.08352985233068466,2.1247849464416504,0.4034549593925476,phone,user1,run
16.325056624948047,-3.696562957763672,4.9775990295410155,-6.07182357788086,-0.19248253107070923,5.578395366668701,0.5653775334358215,phone,user1,run
16.34505362494383,-3.4148487854003906,3.207230529785156,-4.364324340820312,-0.6197472810745239,6.781356334686279,-0.00227870955131948,phone,user1,run
16.365050624939613,-3.4539175415039063,1.7883311462402345,-2.7687922668457032,-0.5696216225624084,6.709557056427002,-0.6036784648895264,phone,user1,run
16.38504862494301,-4.020788726806641,0.3496728515625,-2.229164428710938,-0.15581344068050385,5.765593528747559,-0.9836471676826477,phone,user1,run
16.405045624938793,-7.031328277587891,0.3715274047851563,-3.642974395751953,0.23259873688220978,4.039137363433838,-0.8846202492713928,phone,user1,run
16.425042416667566,-7.887547760009766,-0.6866221618652344,-3.789070587158203,-0.19157420098781586,2.154313802719116,0.3995356559753418,phone,user1,run
16.445040416670963,-9.284442901611328,-0.18830841064453127,-4.373155975341797,-0.8549583554267883,0.361805260181427,1.9822998046875,phone,user1,run
16.465037416666746,-7.107669525146485,0.7849676513671875,-1.52562744140625,-1.223720669746399,0.24239936470985413,3.0974538326263428,phone,user1,run
16.485035416670144,-0.43304946899414065,1.7058526611328126,6.512207794189454,-0.7592504024505615,0.35603275895118713,2.995614767074585,phone,user1,run
16.505032416665927,-3.3094679260253907,6.076912994384766,10.751392364501953,6.556838512420654,10.019417762756348,1.63243567943573,phone,user1,run
16.52502941666171,-3.4784664916992187,21.225112152099612,18.321600036621096,1.5834505558013916,0.04503435268998146,2.2595508098602295,phone,user1,run
16.545027416665107,-3.8215530395507815,21.151016235351562,-5.7050862121582036,-0.8277110457420349,-8.7669095993042,-1.280066728591919,phone,user1,run
16.56502441666089,-15.740367736816408,21.05506576538086,-13.823903045654298,-2.69942569732666,-9.463817596435547,-2.5974955558776855,phone,user1,run
16.585022416664287,-6.477629699707031,13.18742660522461,-6.999594268798829,-3.570831298828125,-5.814700126647949,-0.7101181149482727,phone,user1,run
16.60501941666007,-4.117188262939453,14.949412536621095,-6.631809082031251,-3.3371376991271973,-3.333822011947632,-1.3752800226211548,phone,user1,run
16.625016416655853,-2.318977661132813,17.704732818603517,-6.337970123291016,-2.5512497425079346,0.6273257732391357,-2.2473459243774414,phone,user1,run
16.64501441665925,-1.597328338623047,18.021923217773438,-2.598446502685547,-0.33264681696891785,4.8095293045043945,-2.4239025115966797,phone,user1,run
16.665011416655034,-0.5378315734863282,17.457596740722657,-0.42227188110351566,1.8053760528564453,6.849980354309082,-1.5306191444396973,phone,user1,run
16.68500941665843,2.4406745910644534,16.31337615966797,1.003363494873047,3.1506547927856445,7.26217794418335,-0.42975571751594543,phone,user1,run
16.705006416654214,6.1575952148437505,15.14176254272461,2.2309606933593753,4.111723899841309,6.585304260253906,-0.03793420270085335,phone,user1,run
16.725003416649997,7.5134756469726565,11.786938934326173,8.955127716064453,4.8144917488098145,5.13367223739624,-0.3696533143520355,phone,user1,run
16.745001416653395,2.4701632690429687,5.382507019042969,23.641986236572265,8.42776870727539,-2.9857091903686523,-0.655906617641449,phone,user1,run
16.764998416649178,-2.59859619140625,7.823331298828125,23.56774063110352,9.392626762390137,-10.769561767578125,-1.1635692119598389,phone,user1,run
16.78499541664496,-10.788215789794922,18.41141326904297,-18.328336029052736,0.1963648796081543,-25.091733932495117,-0.3351220488548279,phone,user1,run
16.804993416648358,14.784754943847657,4.568200378417969,-1.3440550231933595,-1.2629591226577759,2.9680793285369873,0.4179479777812958,phone,user1,run
16.82499041664414,3.1687605285644533,2.438878326416016,2.511028289794922,-3.4863884449005127,6.706682205200195,0.7031491994857788,phone,user1,run
16.84498841664754,3.949087829589844,1.376986541748047,4.095333709716797,-3.7829058170318604,3.1404783725738525,0.06275485455989838,phone,user1,run
16.86498541664332,3.331322479248047,2.12677734375,0.9018745422363281,-2.924516439437866,0.9489527940750122,-0.1417074352502823,phone,user1,run
16.884982416639104,2.763702850341797,2.660567321777344,-0.5715115356445313,-2.787205696105957,0.2637825012207031,0.16856418550014496,phone,user1,run
16.904980416642502,3.2829730224609377,6.5449896240234375,-4.039948883056641,-2.9441728591918945,0.653685450553894,1.0283987522125244,phone,user1,run
16.924977416638285,3.3847613525390625,10.25831771850586,-6.3548849487304695,-3.542529582977295,2.5234005451202393,2.258796453475952,phone,user1,run
16.944974416634068,3.4359548950195316,18.225799255371093,-5.286706237792969,-4.082738399505615,4.544990539550781,3.987579107284546,phone,user1,run
16.964972416637465,6.970404968261719,29.585227203369143,-1.397493896484375,-4.212666988372803,5.555738925933838,5.478966236114502,phone,user1,run
16.98496941663325,12.400812377929688,36.71864318847656,6.182892608642579,-3.6340458393096924,4.019656181335449,4.488865852355957,phone,user1,run
17.004967416636646,6.747967529296876,31.178513946533204,6.131998443603516,-1.2941135168075562,-1.0554624795913696,2.19041109085083,phone,user1,run
17.02496441663243,2.7202931213378907,17.010775909423828,-0.37242553710937504,0.0642884150147438,-3.5460431575775146,0.20740026235580444,phone,user1,run
17.04496141662821,-2.1046234130859376,11.287577362060548,-3.456611938476563,0.3745015263557434,-3.6358184814453125,-1.1179463863372803,phone,user1,run
17.06495941663161,-6.216871948242188,9.85400848388672,-7.644453277587891,-0.07776448130607605,-1.9180378913879395,-0.8743683695793152,phone,user1,run
17.084956416627392,-7.425458679199219,9.222621459960939,-7.0468959045410156,-0.6840707659721375,1.080740213394165,-0.03740377724170685,phone,user1,run
17.10495441663079,-8.808432769775392,6.252497863769531,-6.198310546875001,-0.5008659958839417,4.518874645233154,0.3680248260498047,phone,user1,run
17.124951416626573,-11.488160247802735,4.304448852539062,-3.85358642578125,-0.30315420031547546,6.970698833465576,0.7716622352600098,phone,user1,run
17.144948416622356,-11.149564361572267,1.4853611755371094,-2.062860260009766,0.14874359965324402,7.516699314117432,1.8039569854736328,phone,user1,run
17.164946416625753,-9.430090026855469,0.06331832885742188,-2.139800262451172,0.2274118810892105,6.850083351135254,2.5305590629577637,phone,user1,run
17.184943416621536,-7.348518676757813,-0.4834945678710938,-0.980760498046875,0.30450135469436646,4.315168857574463,2.5721778869628906,phone,user1,run
17.20494041661732,-7.256759490966798,-0.7572752380371094,-1.9381695556640626,0.07515385746955872,1.7052963972091675,2.7127602100372314,phone,user1,run
17.224938416620716,-5.513484649658204,-1.0015672302246095,-1.1142828369140625,-0.00039830803871154785,0.9648464918136597,2.8303589820861816,phone,user1,run
17.2449354166165,-0.44158172607421875,-0.35865417480468753,3.0957124328613284,0.26576730608940125,1.1016734838485718,2.5515637397766113,phone,user1,run
17.264932416612282,-2.1076171875000003,2.8267218017578126,3.2013926696777344,4.278480052947998,7.639304161071777,1.2791301012039185,phone,user1,run
17.28493041661568,-4.068539428710937,9.431437225341798,1.7546511840820314,4.888855934143066,5.3248114585876465,0.5659096240997314,phone,user1,run
17.304927416611463,-7.9149407958984375,24.089405822753907,-9.332043914794923,3.9260971546173096,0.483099102973938,-1.507678508758545,phone,user1,run
17.32492541661486,-17.629888458251955,28.041188049316407,-17.184115447998046,-0.9861615896224976,-5.273903846740723,-1.5330098867416382,phone,user1,run
17.344922416610643,-5.16890121459961,13.456267547607423,-3.224295043945313,-2.726283550262451,-4.819935321807861,-0.8279114365577698,phone,user1,run
17.364919416606426,-3.0325437927246095,15.668367462158203,-3.800446929931641,-2.525404691696167,-4.287050247192383,-1.9639580249786377,phone,user1,run
17.384917416609824,-0.8440946960449219,19.349662170410156,1.7137861633300782,-1.9971169233322144,-2.5306272506713867,-2.8311452865600586,phone,user1,run
17.404914416605607,-2.1698876953125,18.611397399902344,0.6035449218750001,0.542874813079834,0.5659067630767822,-2.9034552574157715,phone,user1,run
17.424911374924704,-0.9497749328613282,20.245698852539064,-1.090931396484375,1.6744052171707153,1.9958807229995728,-1.750638723373413,phone,user1,run
17.444909374928102,2.921474761962891,20.63833236694336,-1.6986676025390626,2.435227155685425,2.9071691036224365,-0.6723797917366028,phone,user1,run
17.464906374923885,8.988208923339844,16.564553833007814,6.477180633544922,3.0627057552337646,3.042668581008911,-0.5352131128311157,phone,user1,run
17.484903374919668,9.148375854492189,11.020832061767578,11.368858337402344,5.377378940582275,-1.6583369970321655,-1.7435988187789917,phone,user1,run
17.504901374923065,5.897286529541016,10.514884185791017,0.9274713134765625,5.996932029724121,-4.711390018463135,-2.058936595916748,phone,user1,run
17.52489837491885,3.217559051513672,7.1278775024414065,26.47020492553711,3.350328207015991,-12.413729667663574,-1.771236538887024,phone,user1,run
17.544896374922246,11.205697631835939,5.351970520019531,-5.868097229003906,1.4070732593536377,-6.775070667266846,-0.7435643672943115,phone,user1,run
17.564893375034444,4.594994659423828,2.8921357727050783,-6.970554656982422,-1.433897614479065,3.8752450942993164,0.26748716831207275,phone,user1,run
17.584890375030227,2.3366409301757813,0.6572831726074219,0.6273454284667969,-3.0301780700683594,5.005708694458008,0.682279109954834,phone,user1,run
17.604888375033624,3.279829559326172,-0.08786727905273438,3.2756382751464845,-2.964782238006592,3.4070444107055664,0.786373496055603,phone,user1,run
17.624885375029407,2.163600769042969,0.5706134033203125,0.1830693054199219,-2.6583642959594727,2.3640146255493164,1.1202694177627563,phone,user1,run
17.64488237502519,1.7594412231445313,1.3217514038085938,-1.3022918701171875,-2.800428867340088,2.2503631114959717,1.6254143714904785,phone,user1,run
17.664880375028588,2.255659332275391,4.072131958007812,-2.5727000427246094,-3.0561702251434326,2.7102606296539307,2.154203176498413,phone,user1,run
17.68487737502437,3.1665151977539066,8.102500762939453,-4.524042205810547,-3.532766342163086,3.712817907333374,2.838921546936035,phone,user1,run
17.704874375020154,5.159770202636719,17.860708465576174,-4.2801992797851565,-4.402798652648926,5.2536187171936035,3.850309371948242,phone,user1,run
17.72487237502355,10.590327301025392,34.93480270385742,4.102818145751954,-5.083058834075928,4.246099472045898,4.566788196563721,phone,user1,run
17.744869375019334,12.046199798583984,42.91006805419922,12.801229705810547,-3.710939645767212,-3.9777579307556152,4.08335542678833,phone,user1,run
17.76486737502273,7.343129882812501,28.619585266113283,1.7143849182128907,-1.2293999195098877,-9.002108573913574,2.246093511581421,phone,user1,run
17.784864375018515,1.6708255004882813,14.70826400756836,-0.30641281127929687,-0.16247035562992096,-9.391962051391602,-0.37259551882743835,phone,user1,run
17.804861375014298,-5.275778961181641,8.267008666992188,3.6380346679687503,2.2931132316589355,-5.559347152709961,-1.807568073272705,phone,user1,run
17.824859375017695,-6.151757354736328,9.561067657470703,-8.544381866455078,4.339221954345703,2.585829973220825,-1.4474074840545654,phone,user1,run
17.844856375013478,-7.0680020141601565,9.715396728515625,-8.493338012695313,3.105403184890747,6.10322904586792,-0.6768184900283813,phone,user1,run
17.86485337500926,-7.104226684570313,6.306236114501954,-6.260281677246094,1.428663730621338,7.402261257171631,-0.17145118117332458,phone,user1,run
17.88485137501266,-5.445525970458984,2.346819763183594,-3.7697607421875,0.25753751397132874,7.840323448181152,0.28854575753211975,phone,user1,run
17.90484837500844,-7.703580322265625,1.9600241088867187,-0.7301815795898438,-0.3689415752887726,7.3737263679504395,0.7705342173576355,phone,user1,run
17.924845375004224,-9.671687622070314,2.097887420654297,-0.5926176452636719,-0.5000898838043213,5.437265396118164,1.6500517129898071,phone,user1,run
17.944843375007622,-11.010204162597656,1.2567864990234376,-1.9240988159179688,-0.6883689165115356,3.372204303741455,2.531351327896118,phone,user1,run
17.964840375003405,-9.328900451660157,0.4098477172851563,-0.9859996032714844,-0.3195033371448517,1.9192501306533813,2.4837141036987305,phone,user1,run
17.984837374999188,-4.667444000244141,-0.9618997192382813,0.8346643066406251,0.4220127761363983,1.9369031190872192,1.7542752027511597,phone,user1,run
18.004835375002585,-0.05763015747070313,0.11061996459960938,6.448290710449219,1.5490217208862305,3.252561569213867,1.130407452583313,phone,user1,run
18.02483237499837,-1.4889537048339845,3.8351747131347658,3.4319132995605472,4.740106105804443,7.069717884063721,0.1331116110086441,phone,user1,run
18.04482937499415,0.572259979248047,16.17266876220703,4.490212554931641,2.3098912239074707,4.070691108703613,-0.19256877899169922,phone,user1,run
18.06482737499755,-1.1804452514648438,15.946489105224611,-0.3791615295410156,-0.5947319269180298,-3.8887135982513428,-2.87970232963562,phone,user1,run
18.08482437499333,-13.475427703857422,19.058667297363282,-6.250701599121094,-2.1157941818237305,-7.899960041046143,-3.8643908500671387,phone,user1,run
18.10482237499673,-11.934532012939453,18.95463363647461,-4.970264282226562,-3.0468811988830566,-6.660367012023926,-1.0561703443527222,phone,user1,run
18.124819374992512,-4.983736267089844,18.33522171020508,-2.8276199340820316,-2.3585479259490967,-5.69594669342041,-1.1433897018432617,phone,user1,run
18.144816374988295,-4.264931030273438,19.29427734375,-3.4371524047851563,-1.593818187713623,-3.738032817840576,-2.2308506965637207,phone,user1,run
18.164814374991693,-3.16142578125,17.32033218383789,-3.3570689392089847,-0.17401395738124847,-0.3080301880836487,-2.448791742324829,phone,user1,run
18.184811374987476,-1.4766792297363283,17.91414733886719,-4.513114929199219,1.4112969636917114,2.714404821395874,-1.7137088775634766,phone,user1,run
18.20480837498326,1.268013153076172,16.703464965820313,-2.877466278076172,2.5583064556121826,4.263906478881836,-0.9257199168205261,phone,user1,run
18.224806374986656,4.088148651123047,14.415023803710938,-2.1083656311035157,2.852499485015869,4.894674777984619,-0.7883705496788025,phone,user1,run
18.24480337498244,6.657405853271484,12.537178802490235,0.5842350769042969,2.972245216369629,4.972072601318359,-1.0041934251785278,phone,user1,run
18.264800374978222,6.07376953125,10.085277557373047,22.48878433227539,4.043300628662109,2.709257125854492,-1.3935128450393677,phone,user1,run
18.28479837498162,3.160228271484375,7.1614077758789065,9.768386535644531,7.856211185455322,-6.487136363983154,-1.5471398830413818,phone,user1,run
18.304795374977402,-5.088069305419922,8.574319610595703,23.74512176513672,5.5195488929748535,-16.84132957458496,-1.6103838682174683,phone,user1,run
18.324792374973185,10.901979217529297,6.92445053100586,2.182760925292969,1.5723588466644287,-16.767072677612305,-0.5892626047134399,phone,user1,run
18.344790374976583,7.130721588134766,3.961212615966797,-7.858358459472656,-0.27681005001068115,0.9745910167694092,0.035528864711523056,phone,user1,run
18.364787374972366,4.600982208251954,1.8193167114257813,-1.7104930114746095,-3.0416018962860107,3.201420307159424,0.7505134344100952,phone,user1,run
18.38478437496815,3.4564622497558597,1.2073892211914063,-0.3195854187011719,-3.627206325531006,2.721479892730713,1.2356657981872559,phone,user1,run
18.404782374971546,2.4867787170410156,2.0264859008789062,-0.6578819274902344,-3.5089011192321777,2.1496047973632812,2.1495747566223145,phone,user1,run
18.424779499997385,2.5598268127441406,5.15647705078125,-3.399430847167969,-3.5083413124084473,2.123345375061035,3.178211212158203,phone,user1,run
18.444776499993168,2.4536975097656253,9.865684204101562,-4.95574447631836,-4.095275402069092,2.9561712741851807,4.101069927215576,phone,user1,run
18.464774499996565,2.063309326171875,22.464085693359376,-0.14534774780273438,-4.687779903411865,4.088794708251953,5.291263580322266,phone,user1,run
18.48477149999235,6.051016845703125,34.81639892578125,9.768835601806641,-3.2198545932769775,0.7955804467201233,6.292623996734619,phone,user1,run
18.50476849998813,9.80236587524414,34.7565234375,-0.2962339782714844,-2.1294310092926025,-3.4746968746185303,4.469604969024658,phone,user1,run
18.52476649999153,4.229454803466797,25.929978332519532,1.9109262084960938,-1.4994244575500488,-5.7550740242004395,1.5442744493484497,phone,user1,run
18.54476349998731,-1.0530601501464845,13.468242645263672,0.9186396789550781,-0.32455968856811523,-5.812056541442871,-0.3482036590576172,phone,user1,run
18.564760499983095,-6.49529296875,9.46751220703125,-2.9267138671875,1.2643564939498901,-2.2696971893310547,-0.3169352412223816,phone,user1,run
18.584758499986492,-5.712720336914063,8.719068603515625,-7.064110107421875,1.7754409313201904,4.15946626663208,0.5130929946899414,phone,user1,run
18.604755499982275,-5.163063354492188,6.282884674072266,-5.684728546142578,0.873528242111206,6.978402137756348,0.45354822278022766,phone,user1,run
18.624752499978058,-5.237458648681641,3.670068054199219,-3.6811450195312503,0.17941690981388092,7.684979438781738,0.059191007167100906,phone,user1,run
18.644750499981456,-5.749244384765626,1.3355227661132814,-3.8044885253906253,-0.2281765639781952,7.357690334320068,0.0022513559088110924,phone,user1,run
18.66474749997724,-7.449109497070313,-0.22034179687500002,-1.129401397705078,-0.06909086555242538,6.391438961029053,0.05938160791993141,phone,user1,run
18.68474449997302,-7.8481796264648445,-1.2969030761718752,-2.8470794677734377,0.5076936483383179,3.3624649047851562,0.4804438650608063,phone,user1,run
18.70474249997642,-7.968828735351563,-0.9434880065917969,-5.3386482238769535,0.21362878382205963,2.8243939876556396,0.9176770448684692,phone,user1,run
18.724739499972202,-5.972280578613281,0.7140151977539063,-1.8091378784179688,0.004593715071678162,3.947685956954956,0.8489556312561035,phone,user1,run
18.744736499967985,0.43230102539062504,1.5431410217285157,2.6566754150390626,0.5022953152656555,5.209697723388672,-0.16490992903709412,phone,user1,run
18.764734499971382,0.9854008483886719,3.572021942138672,8.442294158935548,2.7413525581359863,7.386499881744385,-1.3172316551208496,phone,user1,run
18.784731499967165,-1.483864288330078,9.187145233154297,4.05761215209961,4.232234477996826,5.933005332946777,-1.65101158618927,phone,user1,run
18.80472849996295,-5.831722869873047,16.434773712158204,-10.093211059570313,1.2016271352767944,3.7917184829711914,-1.623542308807373,phone,user1,run
18.824726499966346,-7.343279571533204,17.202826538085937,-6.822362823486328,-1.9677081108093262,3.1679723262786865,-0.5514235496520996,phone,user1,run
18.84472349996213,-4.530628509521485,15.238311767578125,1.0577005004882813,-2.1606996059417725,0.6000713109970093,-0.43879011273384094,phone,user1,run
18.86472049995791,-4.942122802734375,20.090022583007812,-0.7348219299316406,-1.319400429725647,-2.0247910022735596,-0.8625868558883667,phone,user1,run
18.88471849996131,-2.8758197021484375,25.406516876220703,0.9632469177246095,-0.5265390276908875,-3.0546536445617676,-1.0644981861114502,phone,user1,run
18.904715499957092,-1.3888119506835939,20.740869140625,-0.6953041076660157,0.8887823224067688,-2.1933963298797607,-0.8132262229919434,phone,user1,run
18.924712499952875,-0.026195526123046875,15.94888412475586,-6.153852996826172,0.9405819177627563,0.23251783847808838,-0.2415107637643814,phone,user1,run
18.944710499956273,1.6688795471191407,12.918585662841798,-4.585264892578126,0.4186769723892212,2.3782103061676025,-0.009424394927918911,phone,user1,run
18.964707499952056,3.2398626708984377,10.693313140869142,-1.5467335510253908,0.5028651356697083,3.301227331161499,-0.0874720960855484,phone,user1,run
18.98470449994784,4.303550720214844,11.577225036621094,0.03667373657226563,1.1683933734893799,3.588411808013916,-0.552935004234314,phone,user1,run
19.004702499951236,4.061354370117188,12.087513885498048,10.241702270507814,2.469175338745117,2.7770161628723145,-0.951044499874115,phone,user1,run
19.02469949994702,0.6587800598144532,10.17598892211914,9.527238006591798,5.154228210449219,-0.8839097619056702,-0.7547686696052551,phone,user1,run
19.044696499942802,-1.1439212036132813,8.225844268798829,17.700242156982423,6.111147403717041,-2.861969232559204,-0.5751581192016602,phone,user1,run
19.0646944999462,-2.058369598388672,10.750194854736328,1.8544935607910158,-2.1702349185943604,-9.554259300231934,-0.5159593224525452,phone,user1,run
19.084691499941982,5.192701721191407,6.2084893798828125,2.324216766357422,-3.0695714950561523,-2.9054489135742188,0.7426682114601135,phone,user1,run
19.104688499937765,4.6223876953125,4.925357666015625,-0.7315287780761719,-1.703298807144165,1.3413082361221313,0.5732758045196533,phone,user1,run
19.124686499941163,5.208568725585938,2.2123992919921878,0.3273692321777344,-1.6755452156066895,2.4126625061035156,0.3378925323486328,phone,user1,run
19.144683499936946,5.30541732788086,0.9800120544433594,-3.6950660705566407,-2.8040308952331543,2.3416922092437744,0.17112582921981812,phone,user1,run
19.16468049993273,4.54140609741211,0.4746629333496094,-1.2969030761718752,-2.985994577407837,3.522737741470337,-0.07242760062217712,phone,user1,run
19.184678499936126,3.5146911621093753,3.7146752929687503,1.0768606567382812,-2.6116065979003906,3.0542941093444824,-0.06079313904047012,phone,user1,run
19.20467549993191,1.1094927978515625,10.923384704589845,-4.267326049804688,-2.394923210144043,3.6284384727478027,0.7925481200218201,phone,user1,run
19.224672499927692,1.4335688781738283,20.255428619384766,-2.9356951904296875,-2.716648817062378,4.983819961547852,2.3088393211364746,phone,user1,run
19.24467049993109,3.763324127197266,32.699501037597656,0.4596940612792969,-2.4642393589019775,4.113874912261963,3.3818938732147217,phone,user1,run
19.264667499926873,4.9511041259765625,36.249369049072264,-4.497547302246094,-1.6325587034225464,2.333460569381714,2.248339891433716,phone,user1,run
19.284664499922656,1.3834231567382813,24.856710205078127,-6.363267517089844,-1.1741337776184082,0.8258543014526367,1.676282286643982,phone,user1,run
19.304662499926053,0.6797364807128906,16.323105926513673,-3.738475799560547,-0.5753109455108643,-0.035731587558984756,1.7365864515304565,phone,user1,run
19.324659499921836,-0.9415420532226563,13.3881591796875,-2.7957362365722656,0.23879799246788025,-1.072075605392456,1.4606149196624756,phone,user1,run
19.344656500034034,-2.4254063415527347,10.667117614746095,-4.307891693115234,1.042272925376892,-0.9052650332450867,1.3111684322357178,phone,user1,run
19.364654499921016,-2.9729676818847657,8.87878646850586,-5.652844848632813,1.4730664491653442,0.9697070121765137,1.0623233318328857,phone,user1,run
19.384651500033215,-3.26441162109375,7.357050933837891,-6.21507568359375,1.2899209260940552,3.668004274368286,0.6754299402236938,phone,user1,run
19.404648500028998,-3.4061668395996096,5.375471649169922,-5.673501892089844,0.6637771129608154,5.861218452453613,0.19426417350769043,phone,user1,run
19.424646875006147,-3.351380767822266,2.9192294311523437,-3.629652099609375,0.151678666472435,6.7483320236206055,-0.1334461122751236,phone,user1,run
19.44464387500193,-3.234473876953125,1.2193643188476564,-2.6500891113281253,-0.11226599663496017,6.936652183532715,-0.1547827124595642,phone,user1,run
19.464640874997713,-4.486919403076172,0.8306227111816407,-1.542093200683594,-0.3345871865749359,6.633153915405273,-0.022883784025907516,phone,user1,run
19.48463887500111,-5.641917572021485,0.8277786254882813,-1.0704240417480468,-0.7059181928634644,4.876257419586182,0.3633677661418915,phone,user1,run
19.504635874996893,-8.422684936523439,1.1572434997558594,-2.578837280273438,-1.2952756881713867,3.022284507751465,1.1132335662841797,phone,user1,run
19.524632874992676,-7.515720977783204,0.4870870971679688,-1.409169616699219,-1.7169277667999268,2.982145071029663,1.9907912015914917,phone,user1,run
19.544630874996074,-5.531447296142578,0.3791615295410156,5.696254577636719,-1.5032589435577393,3.577322006225586,2.1617279052734375,phone,user1,run
19.564627874991857,-6.3108764648437505,11.318562927246095,30.989906158447265,2.105947971343994,6.542237758636475,1.4328405857086182,phone,user1,run
19.58462487498764,-1.5679893493652344,9.516460418701172,-0.4674778747558594,1.773324966430664,-0.2832910716533661,0.39914047718048096,phone,user1,run
19.604622874991037,-12.554093627929689,31.493159637451175,-17.23216552734375,-1.2397838830947876,-6.4520111083984375,-2.0392539501190186,phone,user1,run
19.62461987498682,-10.584938507080079,18.764229583740235,-8.739725646972657,-4.178969860076904,-6.9576416015625,-0.2990349531173706,phone,user1,run
19.644616874982603,-4.855303344726563,12.550052032470704,-10.159672851562501,-3.4338386058807373,-5.861044406890869,-0.32669633626937866,phone,user1,run
19.664613874978386,-3.5654356384277346,16.78145278930664,-12.768747253417969,-2.5553698539733887,-0.6701365113258362,-0.8404840230941772,phone,user1,run
19.684611874981783,-0.8797206115722657,19.717896423339845,-8.293353881835937,-0.37646082043647766,5.331694602966309,-1.0331248044967651,phone,user1,run
19.704608874977566,0.6252497863769532,19.014060058593753,-3.1163694763183596,1.9038150310516357,8.722871780395508,-0.6758736968040466,phone,user1,run
19.72460587497335,2.0383113098144534,16.830999755859377,-0.4773573303222656,3.3853487968444824,9.972635269165039,-0.1300976723432541,phone,user1,run
19.744603874976747,3.523223419189453,14.280303955078125,8.158634033203125,3.9181976318359375,9.35265064239502,0.14963197708129883,phone,user1,run
19.76460087497253,3.383114776611328,7.462282104492188,27.7389665222168,8.543501853942871,-1.460973858833313,0.0685516968369484,phone,user1,run
19.784597874968313,-4.958887939453125,8.8376220703125,14.934743041992188,8.60757827758789,-13.049093246459961,-1.0021884441375732,phone,user1,run
19.80459587497171,-9.717192993164064,17.88705368041992,-9.974208526611328,-0.3559737205505371,-19.77724266052246,-0.4716726839542389,phone,user1,run
19.824592874967493,13.50641326904297,5.658832397460937,-0.9243278503417969,-1.3492581844329834,-2.461031913757324,0.8207266330718994,phone,user1,run
19.844589874963276,1.7576449584960938,4.425696716308594,1.0900332641601562,-1.8395233154296875,6.526981830596924,0.8901862502098083,phone,user1,run
19.864587874966674,3.1555879211425784,3.514541473388672,8.429121551513672,-3.0575103759765625,2.04545259475708,0.5412461161613464,phone,user1,run
19.884584874962457,3.489693145751953,4.19652328491211,-0.809366912841797,-2.408987045288086,-0.16012506186962128,0.157126784324646,phone,user1,run
19.90458187495824,3.496878204345703,3.1756462097167972,-3.612737274169922,-1.7304929494857788,1.869920015335083,0.027038801461458206,phone,user1,run
19.924579874961637,2.056872711181641,2.4375311279296876,-1.6390914916992188,-1.5809129476547241,3.8545923233032227,0.25399351119995117,phone,user1,run
19.94457687495742,2.073937225341797,2.504891052246094,0.21689895629882813,-2.1618359088897705,3.067190170288086,0.6039420366287231,phone,user1,run
19.964573874953203,2.4483087158203127,5.885161743164063,-4.067641296386719,-2.821626663208008,3.227684736251831,1.2078107595443726,phone,user1,run
19.984570874948986,2.9189300537109375,12.232562255859376,-5.850883026123047,-3.6885182857513428,5.0412139892578125,1.9809942245483398,phone,user1,run
20.004568874952383,4.531526641845703,24.374263458251953,-4.071982269287109,-4.511826038360596,6.53361701965332,3.167470932006836,phone,user1,run
20.024565874948166,9.549691314697267,32.09880020141602,3.233875122070313,-4.657417297363281,5.788156032562256,3.6404600143432617,phone,user1,run
20.04456287494395,11.073223114013672,33.4486930847168,2.9846434020996093,-3.4874584674835205,1.1450920104980469,2.660921335220337,phone,user1,run
20.064560874947347,6.6910858154296875,23.274650115966796,-2.285597076416016,-1.7578150033950806,-2.151953935623169,2.0278241634368896,phone,user1,run
20.08455787494313,2.899021453857422,17.342935180664064,-5.4003199768066406,0.31976768374443054,-1.9383493661880493,1.254215121269226,phone,user1,run
20.104554874938913,-1.066831512451172,13.810730438232422,-7.741601257324219,2.0603766441345215,-0.8006654977798462,0.5395161509513855,phone,user1,run
20.12455287494231,-4.594395904541016,11.792028350830078,-8.763226776123048,2.028851270675659,0.31584328413009644,0.1949453055858612,phone,user1,run
20.144549874938093,-6.431525573730469,10.802136840820314,-7.638316040039063,1.1597777605056763,1.9529359340667725,0.26532381772994995,phone,user1,run
20.164546874933876,-7.596403198242188,9.408684539794923,-6.450536041259766,0.307552307844162,3.8311448097229004,0.43463316559791565,phone,user1,run
20.184544874937274,-8.962312774658203,7.169341278076172,-4.157155151367188,-0.25989988446235657,5.465473651885986,0.8021990656852722,phone,user1,run
20.204541874933057,-10.014474792480469,4.917424163818359,-1.0427316284179688,-0.2902768552303314,5.601804733276367,1.7064050436019897,phone,user1,run
20.22453887492884,-10.645263061523439,2.9401858520507815,-0.3224295043945313,0.031090691685676575,4.188991546630859,2.694378137588501,phone,user1,run
20.244536874932237,-9.990823974609375,2.4833358764648437,-1.3226495361328126,0.12756307423114777,3.171757698059082,3.3288798332214355,phone,user1,run
20.26453387492802,-9.634564819335939,1.6343014526367188,-1.1533515930175782,0.36105358600616455,3.347493886947632,3.316664695739746,phone,user1,run
20.284530874923803,-8.279283142089843,0.16914825439453127,-0.8545729064941406,0.7317261099815369,4.21591854095459,2.992778778076172,phone,user1,run
20.304527874919586,-5.401517486572266,-0.901575164794922,0.9630972290039063,0.9328491687774658,5.636778831481934,2.6643636226654053,phone,user1,run
20.324525874922983,-3.3949401855468753,1.511107635498047,3.159928894042969,3.745852470397949,13.426936149597168,1.8652825355529785,phone,user1,run
20.344522874918766,-1.5450869750976564,3.3425491333007815,4.182602233886719,4.204336643218994,10.565611839294434,1.098507285118103,phone,user1,run
20.364519875030965,0.053738250732421874,9.090596008300782,3.71991439819336,5.190256595611572,6.3943562507629395,-0.724669337272644,phone,user1,run
20.384517875034362,-1.6540603637695312,15.216307525634766,0.7482939147949219,1.2793598175048828,-3.163156270980835,-3.1619744300842285,phone,user1,run
20.404514875030145,-14.314432983398438,17.55579254150391,-10.694959716796875,-1.8210583925247192,-8.215435028076172,-3.5961191654205322,phone,user1,run
20.424512291676365,-11.77915512084961,24.40944030761719,-8.69631591796875,-3.4937081336975098,-7.347625732421875,-1.7187483310699463,phone,user1,run
20.444510291679762,-5.483696594238282,24.85461456298828,-3.0262568664550784,-3.642759084701538,-6.639440536499023,-1.7183066606521606,phone,user1,run
20.464507291675545,-0.8330177307128906,20.625010070800784,-1.6001724243164064,-2.7990362644195557,-4.534490585327148,-2.00477933883667,phone,user1,run
20.48450429167133,0.00868194580078125,17.253421325683593,-0.5001100158691406,0.2614588141441345,-0.22748398780822754,-1.8590703010559082,phone,user1,run
20.504502291674726,1.53999755859375,16.472644958496094,-1.623523864746094,2.0378546714782715,1.7582106590270996,-0.8297152519226074,phone,user1,run
20.52449929167051,4.301305389404297,15.282919006347656,-0.906514892578125,2.926820755004883,2.9776546955108643,0.03999161720275879,phone,user1,run
20.54449629166629,6.333479461669922,13.41540252685547,-0.07065307617187501,3.360344409942627,3.652611494064331,0.01851324550807476,phone,user1,run
20.564493291662075,7.846832427978516,9.791139221191406,11.981833648681642,3.9398701190948486,3.3374600410461426,-0.4241099953651428,phone,user1,run
20.584491291665472,5.346581726074219,5.773943023681641,12.443623352050782,7.4565863609313965,-3.4070241451263428,-1.280385971069336,phone,user1,run
20.604488291661255,3.9832168579101563,9.368717651367188,18.68249954223633,7.564346790313721,-6.487563133239746,-1.8923335075378418,phone,user1,run
20.624485291657038,7.751031646728516,12.236005096435548,-2.3797512817382813,-2.6872034072875977,-17.0213623046875,0.3025505542755127,phone,user1,run
20.644483291660435,6.875951385498047,3.489693145751953,-2.209106140136719,-1.184516191482544,3.4526207447052,0.6305791139602661,phone,user1,run
20.66448029165622,3.8351747131347658,3.2829730224609377,3.3447944641113283,-2.0719122886657715,3.94515061378479,0.7802040576934814,phone,user1,run
20.684477291652,3.2980915832519533,2.386487274169922,-0.09774673461914063,-2.6222541332244873,2.3337364196777344,0.6677350997924805,phone,user1,run
20.7044752916554,2.499202880859375,0.9919871520996094,-0.43499542236328126,-2.3821749687194824,2.374809503555298,0.8839805126190186,phone,user1,run
20.724472291651182,2.3998095703125,2.182611236572266,-0.8663983154296876,-2.430011749267578,2.3017075061798096,1.2433851957321167,phone,user1,run
20.744469291646965,2.616409149169922,6.981182556152344,-2.964585113525391,-2.721578598022461,2.701458215713501,1.859073281288147,phone,user1,run
20.764466291642748,3.486998748779297,13.252840576171875,-3.6920722961425785,-3.2678580284118652,3.761829376220703,2.711726188659668,phone,user1,run
20.784464291646145,5.22877670288086,25.385410766601563,2.6132656860351564,-3.6498959064483643,4.308307647705078,3.52023983001709,phone,user1,run
20.80446129164193,7.669002227783204,34.00059539794922,5.103187866210938,-2.6752326488494873,1.7340402603149414,3.7882513999938965,phone,user1,run
20.82445829163771,9.557624816894531,34.099839019775395,-1.4431489562988282,-2.3378734588623047,-1.471969723701477,2.340132236480713,phone,user1,run
20.84445629164111,5.090913391113282,24.571104125976564,-2.9139903259277347,-2.0994625091552734,-3.2564566135406494,-0.12004344910383224,phone,user1,run
20.86445329163689,-1.5314653015136719,15.040423278808595,-4.250860290527344,-1.2080315351486206,-2.483964681625366,-1.4816694259643555,phone,user1,run
20.884450291632675,-7.000791778564453,10.777587890625,-3.241060180664063,-0.26149123907089233,-0.6258003115653992,-1.2486342191696167,phone,user1,run
20.904448291636072,-7.625293121337891,8.594377899169922,-5.236710205078126,0.6798394918441772,2.853156328201294,-0.23233623802661896,phone,user1,run
20.924445291631855,-9.631870422363281,7.061116333007813,-5.005441131591797,0.3930900990962982,4.622868537902832,0.6787863373756409,phone,user1,run
20.944442291627638,-9.518406372070313,4.665797424316406,-1.9270925903320313,0.2264324575662613,4.866117477416992,1.576283574104309,phone,user1,run
20.96443929162342,-8.429121551513672,1.9543359375,-0.6471043395996094,0.8780043125152588,3.651414155960083,2.0696473121643066,phone,user1,run
20.98443729162682,-6.619684295654297,-0.05134323120117188,-2.2109024047851564,1.3591349124908447,2.174236297607422,2.261324644088745,phone,user1,run
21.0044342916226,-5.1660571289062505,-1.0038125610351563,-3.1042446899414062,1.109968900680542,1.8443459272384644,2.291985034942627,phone,user1,run
21.024431291618384,-6.509363708496094,-1.4311738586425782,-3.250939636230469,0.5546672940254211,2.1438984870910645,2.4561920166015625,phone,user1,run
21.044429291621782,-5.764063568115235,-2.462828521728516,-2.3908282470703126,0.14111442863941193,3.3066771030426025,2.679213762283325,phone,user1,run
21.064426291617565,-0.8845106506347656,-3.2597712707519535,2.5054898071289062,0.45436394214630127,5.5184855461120605,2.2653095722198486,phone,user1,run
21.084423291613348,3.486549682617188,2.9093499755859376,21.86084014892578,3.9420692920684814,10.639062881469727,1.0904107093811035,phone,user1,run
21.104421291616745,-0.9828561401367188,6.99345703125,6.860982513427735,1.5785419940948486,6.793726921081543,0.9215201139450073,phone,user1,run
21.12441829161253,2.468067626953125,8.822952575683594,5.016967163085938,1.0140405893325806,0.3908197283744812,-0.6148070693016052,phone,user1,run
21.14441529160831,-3.5411860656738283,16.846268005371094,-2.8506719970703127,0.5967406034469604,-8.662940979003906,-4.807805061340332,phone,user1,run
21.164412291604094,-25.582850189208987,28.03894271850586,-19.555933227539064,-3.2962727546691895,-11.105043411254883,-3.285749912261963,phone,user1,run
21.18441029160749,-8.863069152832031,19.9313525390625,-5.605543212890625,-4.614023685455322,-7.166718482971191,0.9136130809783936,phone,user1,run
21.204407291603275,-2.436632995605469,16.706458740234375,-6.288273468017579,-3.1340816020965576,-4.618834018707275,-1.134811520576477,phone,user1,run
21.224404291599058,-1.812880096435547,18.106647033691406,-3.8851707458496096,-0.3888298571109772,0.5443736910820007,-2.86401104927063,phone,user1,run
21.244402291602455,-2.1583616638183596,18.110988006591796,-3.7004548645019533,2.1392593383789062,4.917688846588135,-2.531132936477661,phone,user1,run
21.264399291598238,-0.7047344970703125,18.787281646728516,-2.8767178344726565,3.260662794113159,7.168944835662842,-1.053601622581482,phone,user1,run
21.28439629159402,2.6035359191894534,17.972525939941406,-0.21989273071289064,3.557065010070801,8.079440116882324,-0.07447221130132675,phone,user1,run
21.30439429159742,5.754932556152344,15.003599853515626,4.8419810485839845,3.8377468585968018,7.604778289794922,0.07074882090091705,phone,user1,run
21.3243912915932,4.230802001953125,8.92908187866211,27.17808288574219,7.204421043395996,0.6639506220817566,-0.10593462735414505,phone,user1,run
21.344388291588984,2.5173152160644534,8.718619537353517,6.263874206542969,9.084123611450195,-5.50912618637085,-0.5214782953262329,phone,user1,run
21.364385291701183,-6.275699615478516,10.261461181640625,13.499377899169923,5.599207401275635,-17.47344207763672,-1.125760555267334,phone,user1,run
21.384383291588165,-4.697232055664062,13.399984588623047,-14.440770263671876,-0.32644760608673096,-18.610355377197266,0.5034390687942505,phone,user1,run
21.404380291700363,12.973970489501953,3.1954051208496095,4.860841827392578,0.530989944934845,1.3233221769332886,0.5335478782653809,phone,user1,run
21.424376499955542,4.299958190917969,3.0496083068847657,0.6607260131835938,-2.0781331062316895,4.693963527679443,1.1784354448318481,phone,user1,run
21.44437449995894,4.573140106201172,1.4844630432128907,2.4348367309570316,-2.5582876205444336,3.6118130683898926,0.9015035629272461,phone,user1,run
21.464371499954723,3.80568603515625,1.6254698181152345,2.916834411621094,-2.1164441108703613,1.9411929845809937,0.7101117968559265,phone,user1,run
21.484368499950506,2.8695327758789064,2.3040087890625003,-0.7125183105468751,-1.9646486043930054,0.7866271734237671,1.248470664024353,phone,user1,run
21.504366499953903,2.362387390136719,4.582869873046875,-3.338357849121094,-2.265164375305176,1.0929747819900513,2.0790982246398926,phone,user1,run
21.524363499949686,1.7679734802246094,7.4027059936523445,-3.922892303466797,-2.8515617847442627,2.3269596099853516,2.840683698654175,phone,user1,run
21.54436049994547,3.098855895996094,15.03353759765625,-3.3425491333007815,-3.6266658306121826,3.4174869060516357,3.7206127643585205,phone,user1,run
21.564357499941252,1.1957135009765625,34.646951293945314,13.717025299072267,-3.192119836807251,1.4207205772399902,4.495909690856934,phone,user1,run
21.58435549994465,7.3374417114257815,36.54425582885742,1.0427316284179688,-1.7214555740356445,-3.621608018875122,4.615222930908203,phone,user1,run
21.604352499940433,5.022206268310547,32.19744506835938,-0.43260040283203127,-1.8625625371932983,-6.59279203414917,2.191744565963745,phone,user1,run
21.624349499936216,-1.0494676208496094,17.833016052246094,0.0688568115234375,-1.0340763330459595,-6.676144123077393,-0.4284258782863617,phone,user1,run
21.644347499939613,-6.942562866210938,11.363469543457033,-4.462669830322266,0.9588617086410522,-1.023090124130249,-0.8918139934539795,phone,user1,run
21.664344499935396,-6.981032867431641,9.307345275878907,-7.046446838378906,1.005182147026062,4.195417881011963,-0.16168075799942017,phone,user1,run
21.68434149993118,-5.527256011962891,6.3755419921875,-4.993316345214844,-0.055879976600408554,6.0502424240112305,0.20256918668746948,phone,user1,run
21.704339499934576,-4.256548461914063,3.426075439453125,-2.984942779541016,-0.7681732773780823,6.078101634979248,0.14251333475112915,phone,user1,run
21.72433649993036,-6.453978881835938,2.7702891540527346,-0.21315673828125,-0.6781501173973083,5.970118999481201,-0.07926873862743378,phone,user1,run
21.744333499926142,-9.734107818603515,2.915786590576172,1.3082794189453126,0.2782817780971527,3.5608742237091064,0.5185312032699585,phone,user1,run
21.764330499921925,-7.358248443603516,0.532891845703125,0.24548950195312502,1.2097854614257812,0.8227880001068115,1.8367263078689575,phone,user1,run
21.784328499925323,-5.178630981445313,-0.8337661743164063,-1.864373016357422,1.3493226766586304,-0.7057297229766846,2.51300311088562,phone,user1,run
21.804325499921106,-4.144281921386719,-1.7450711059570314,-2.7333160400390626,1.1204285621643066,-0.37991487979888916,2.6155471801757812,phone,user1,run
21.824322500033304,-1.5405963134765626,-2.1716839599609377,-0.8566685485839844,0.9576869010925293,1.182092547416687,2.1253767013549805,phone,user1,run
21.844320499920286,1.1653266906738282,-2.4861799621582032,4.077969818115235,1.7096452713012695,4.146603107452393,1.505208969116211,phone,user1,run
21.864317500032485,1.507664794921875,10.636880493164064,27.966942443847657,1.1060038805007935,8.549202919006348,1.347622275352478,phone,user1,run
21.884314500028268,2.984044647216797,3.18298095703125,0.7210505676269532,1.30869722366333,3.5889034271240234,1.1017595529556274,phone,user1,run
21.904312500031665,6.878047027587891,19.310144348144533,-6.0308088684082035,-0.13083866238594055,-5.043945789337158,-4.315688133239746,phone,user1,run
21.924309500027448,-17.829124145507812,30.859527282714847,-16.24930938720703,-4.475520610809326,-8.868515968322754,-6.175507068634033,phone,user1,run
21.94430650002323,-13.913267211914063,24.39806396484375,-5.585035858154297,-5.635381698608398,-5.169991970062256,-0.43453577160835266,phone,user1,run
21.964303500019014,-3.286864929199219,13.125006408691407,-1.905088348388672,-3.1133716106414795,-3.6918046474456787,-0.16005142033100128,phone,user1,run
21.98430150002241,-2.858006744384766,12.52400619506836,-0.3519181823730469,-0.3808591365814209,-1.6557300090789795,-1.4056068658828735,phone,user1,run
22.004298500018194,-2.566113739013672,12.335697784423829,-0.8370593261718751,1.6506569385528564,0.16489945352077484,-1.836046576499939,phone,user1,run
22.024295500013977,-1.7790504455566407,11.654464416503906,-3.399879913330078,2.923405408859253,1.997872233390808,-1.5449620485305786,phone,user1,run
22.044293500017375,-0.14280303955078125,11.478580169677734,-3.5124458312988285,3.3468775749206543,3.6101856231689453,-0.9889698028564453,phone,user1,run
22.064290500013158,1.7365388488769533,11.296408996582032,-3.2852183532714845,3.2970616817474365,4.277223587036133,-0.680801510810852,phone,user1,run
22.08428750000894,4.2944197082519535,10.752589874267578,-2.39501953125,3.0203821659088135,4.2105021476745605,-0.7349187731742859,phone,user1,run
22.104284500004724,5.122797088623047,10.425370330810548,-0.7225474548339844,2.6807456016540527,3.477769136428833,-1.0810186862945557,phone,user1,run
22.12428250000812,4.615202636718751,11.0985205078125,2.8213330078125,2.6974620819091797,2.612727165222168,-1.0138386487960815,phone,user1,run
22.144279500003904,1.7265097045898439,8.31266372680664,20.286114807128907,4.473078727722168,-1.772779107093811,-0.3187772333621979,phone,user1,run
22.164276499999687,1.1972103881835938,5.276078338623047,5.332061920166016,6.21723747253418,-7.565216064453125,-0.01978250965476036,phone,user1,run
22.184274500003085,-2.587968292236328,4.611909484863282,10.659782867431641,4.951754570007324,-12.535270690917969,-0.4077679514884949,phone,user1,run
22.204271499998868,-5.876330108642579,9.208251342773439,-9.458680572509767,0.36638063192367554,-17.89177894592285,0.1521327644586563,phone,user1,run
22.22426849999465,7.727829895019531,2.710862731933594,8.202043762207031,0.08311998844146729,-11.472933769226074,1.26162850856781,phone,user1,run
22.244266499998048,4.641248474121094,3.4486784362792973,0.681383056640625,1.0153818130493164,-2.4505655765533447,1.3685449361801147,phone,user1,run
22.26426349999383,3.269051971435547,2.844684448242188,-4.044140167236328,-0.6475750207901001,-0.6630370616912842,2.3012943267822266,phone,user1,run
22.284260499989614,1.8269508361816407,3.9637573242187503,-4.5090733337402344,-1.3109136819839478,0.6948711276054382,3.0475122928619385,phone,user1,run
22.304257499985397,0.9931846618652345,7.6103242492675784,-3.865711212158203,-1.8813416957855225,2.105747938156128,3.717339038848877,phone,user1,run
22.324255499988794,-0.5752537536621094,23.333777160644534,-2.963836669921875,-2.0975286960601807,2.9517769813537598,5.034195423126221,phone,user1,run
22.344252499984577,-3.1558872985839845,47.33172317504883,22.20272918701172,0.0983002707362175,-1.7916089296340942,7.648540019989014,phone,user1,run
22.36424949998036,3.847149810791016,36.11988830566406,-3.1332843017578127,0.3606378436088562,-7.020451545715332,5.547290325164795,phone,user1,run
22.384247499983758,-2.6599685668945314,21.58152099609375,2.839145965576172,0.44480180740356445,-8.901022911071777,2.234768867492676,phone,user1,run
22.40424449997954,-9.187145233154297,10.75648178100586,6.979835357666016,2.582504987716675,-3.633028984069824,0.7837361693382263,phone,user1,run
22.42424199997913,-7.503745880126954,9.977501678466798,-4.477788391113282,-0.6266504526138306,2.193276882171631,-0.053375571966171265,phone,user1,run
22.44423999998253,-5.091961212158203,8.367898864746094,-2.5664131164550783,-1.9020514488220215,5.0625128746032715,-0.38597121834754944,phone,user1,run
22.46423699997831,-4.486470336914063,5.803731079101563,0.17857864379882812,-1.9160552024841309,5.954302787780762,-0.8973599076271057,phone,user1,run
22.484233999974094,-3.769461364746094,3.9556741333007817,0.8949888610839845,-1.3293107748031616,5.4442315101623535,-1.216489553451538,phone,user1,run
22.504230999969877,-4.259991302490235,2.6197023010253906,1.2383747863769532,-0.5888454914093018,4.03170108795166,-1.1306349039077759,phone,user1,run
22.524228999973275,-4.846322021484375,1.392404479980469,2.335443420410156,0.5816761255264282,0.4937116801738739,-0.3142271637916565,phone,user1,run
22.544225999969058,-6.581663360595703,-0.7726931762695313,1.2578343200683595,1.4704586267471313,-3.3555541038513184,0.8868790864944458,phone,user1,run
22.56422299996484,-6.255341949462891,-1.7151333618164064,-0.7988887023925781,1.6926779747009277,-5.623394966125488,1.993786334991455,phone,user1,run
22.584220999968238,-3.2301329040527347,-2.0517832946777346,-1.0133926391601562,1.8152438402175903,-5.518160343170166,2.2072038650512695,phone,user1,run
22.60421799996402,-1.5739768981933595,-2.1142034912109375,-0.9490264892578125,1.9888297319412231,-4.586886882781982,1.5431326627731323,phone,user1,run
22.624214999959804,0.904119873046875,-0.48693740844726563,-0.047601013183593756,2.0786852836608887,-2.0247063636779785,0.9698660373687744,phone,user1,run
22.6442129999632,1.2183164978027345,0.6753955078125,-2.645448760986328,1.868674397468567,-2.184626817703247,0.6098817586898804,phone,user1,run
22.664209999958985,3.556454315185547,11.856693878173829,-10.184221801757813,0.46150681376457214,-1.6133729219436646,-0.28155940771102905,phone,user1,run
22.684206999954768,1.7766554260253906,25.98401596069336,-13.574671325683594,-3.1106698513031006,-0.7037667632102966,-2.526885747909546,phone,user1,run
22.70420399995055,-4.338727569580079,32.52840682983398,-4.280648345947266,-4.961422920227051,1.3472378253936768,-3.9800758361816406,phone,user1,run
22.724201999953948,-9.966424713134765,22.002595367431642,17.299076385498047,-0.4850005805492401,0.48015981912612915,-1.526917576789856,phone,user1,run
22.74419899994973,-2.451003112792969,15.478562164306641,-3.4872981262207032,1.0075618028640747,-0.29269444942474365,0.5876896381378174,phone,user1,run
22.764195999945514,-0.6101312255859376,15.395933990478516,-5.01756591796875,0.40258732438087463,-0.7582616806030273,0.3566189408302307,phone,user1,run
22.78419399994891,-1.2487033081054688,15.400724029541017,-4.461921386718751,-0.3158949017524719,-1.6568728685379028,-0.25255873799324036,phone,user1,run
22.804190999944694,-1.522034912109375,13.263318786621094,-2.6743386840820316,-0.3779262900352478,-2.30350399017334,-0.330363005399704,phone,user1,run
22.824187999940477,-0.9330097961425782,10.962603149414063,-1.4338682556152345,0.12215050309896469,-3.2123842239379883,-0.3308958411216736,phone,user1,run
22.844185999943875,-0.47615982055664063,9.897418212890626,-3.277584228515625,0.4951004683971405,-3.7164270877838135,-0.409557580947876,phone,user1,run
22.864182999939658,0.14639556884765625,8.92474090576172,-2.7440936279296877,0.4847375452518463,-3.667994260787964,-0.4222443699836731,phone,user1,run
22.88417999993544,0.789158935546875,7.548053741455078,-2.6840684509277346,0.6305713057518005,-3.697368860244751,-0.49981358647346497,phone,user1,run
22.904176999931224,0.95561279296875,7.077282714843751,-2.2647903442382815,0.8045230507850647,-3.332645893096924,-0.6686421632766724,phone,user1,run
22.92417499993462,1.350641326904297,7.44416976928711,-2.252665557861328,0.8123072385787964,-2.711639165878296,-0.7158621549606323,phone,user1,run
22.944171999930404,1.9633172607421876,7.689060516357422,-1.9763401794433595,0.7675120830535889,-1.930416464805603,-0.6441963315010071,phone,user1,run
22.964168999926187,2.602039031982422,6.631958770751954,-1.3365705871582032,0.7275408506393433,-1.3036854267120361,-0.6184931397438049,phone,user1,run
22.984166999929585,3.0792466735839845,5.383105773925782,-0.7656578063964844,0.6650317311286926,-1.1413917541503906,-0.7241662740707397,phone,user1,run
23.004163999925368,3.2768357849121097,5.143454132080079,2.338736572265625,0.6646479368209839,-1.298439383506775,-0.7733328342437744,phone,user1,run
23.02416099992115,4.5512855529785154,1.7789007568359376,17.964442749023437,2.8306477069854736,-5.743040084838867,-1.1259725093841553,phone,user1,run
23.04415800003335,1.26217529296875,2.951861572265625,2.8297155761718753,4.308535575866699,-9.728639602661133,-1.6591371297836304,phone,user1,run
23.06415599992033,-0.5544470214843751,8.924441528320314,2.07169189453125,2.0664403438568115,-13.088855743408203,-1.0212862491607666,phone,user1,run
23.08415300003253,-2.1243823242187503,12.342433776855469,-7.039261779785156,1.1532729864120483,-7.084671497344971,0.5453964471817017,phone,user1,run
23.104150000028312,-3.227139129638672,11.257489929199219,-5.433401184082031,0.4913467466831207,0.28379642963409424,2.491631269454956,phone,user1,run
23.12414800003171,-7.347919921875,14.756164398193361,2.8339068603515627,-1.3594577312469482,-0.056485600769519806,5.181600570678711,phone,user1,run
23.144145000027493,-10.205477600097657,26.972260894775392,6.537505187988281,-2.188122272491455,-2.8871002197265625,9.254478454589844,phone,user1,run
23.164142000023276,8.162076873779297,33.91168029785156,-4.780608673095704,-0.8472502827644348,-2.773434638977051,10.24356746673584,phone,user1,run
23.184140000026673,11.566297760009766,31.513367614746095,1.1472143554687502,-1.1465444564819336,-2.4994540214538574,4.018858432769775,phone,user1,run
23.204137000022456,-0.1215472412109375,16.38372985839844,-1.006956024169922,-0.5368154644966125,-2.849384069442749,-0.07416542619466782,phone,user1,run
23.22413400001824,-4.6713359069824225,9.146729278564454,-2.019899597167969,0.01290710549801588,-0.21645663678646088,-0.5268524885177612,phone,user1,run
23.244131000014022,-3.9031333923339844,6.401138763427735,-2.8503726196289065,0.14628338813781738,3.2229106426239014,0.015700671821832657,phone,user1,run
23.26412900001742,-3.797153778076172,3.799399108886719,0.3950285339355469,-0.14256086945533752,4.2911295890808105,-0.15968795120716095,phone,user1,run
23.284126000013202,-3.3750315856933595,2.6816734313964847,-2.0230430603027343,-0.6557908654212952,3.758406639099121,-0.4584452211856842,phone,user1,run
23.304123000008985,-3.527714080810547,1.6926800537109377,-1.9164646911621095,-1.07461678981781,3.3434932231903076,-0.7220034599304199,phone,user1,run
23.324121000012383,-5.147795104980469,0.5757028198242188,-0.6692582702636719,-1.276004433631897,2.380408525466919,-0.9956061840057373,phone,user1,run
23.344118000008166,-5.662424926757812,-0.41688308715820316,1.7558486938476563,-0.6748469471931458,0.04037189111113548,-0.3032163381576538,phone,user1,run
23.36411500000395,-5.677393798828125,-1.8985020446777345,-0.7981402587890626,-0.1219036802649498,-2.2515227794647217,0.553699791431427,phone,user1,run
23.384111999999732,-3.0082942199707032,-2.0772303771972656,-1.205892333984375,-0.00331752747297287,-2.597390651702881,0.9457597136497498,phone,user1,run
23.40411000000313,-1.6167878723144533,-2.2649400329589846,0.020207977294921877,0.16591453552246094,-2.232402801513672,0.7110550403594971,phone,user1,run
23.424106249934994,0.6092330932617188,-1.5114070129394532,1.5238311767578125,1.100791573524475,-1.7337062358856201,0.21650847792625427,phone,user1,run
23.444103249930777,-0.3492237854003906,0.29309051513671874,0.5836363220214844,1.5091155767440796,-2.0802464485168457,-0.28528738021850586,phone,user1,run
23.464101249934174,-0.3921844482421875,7.562274169921875,-2.1412971496582034,1.8505516052246094,-2.527533531188965,-1.0105172395706177,phone,user1,run
23.484098249929957,-7.184459838867188,29.963340911865235,-13.603411560058595,-0.145315021276474,-1.584617257118225,-2.2198822498321533,phone,user1,run
23.50409524992574,-9.46796127319336,31.37804901123047,-7.976313171386719,-3.0503084659576416,0.6425085067749023,-1.8320790529251099,phone,user1,run
23.524092249921523,-5.184019775390626,17.59471160888672,2.80456787109375,-2.795316696166992,1.417980670928955,-1.8402999639511108,phone,user1,run
23.54409024992492,-2.396217041015625,17.135915679931642,6.298901367187501,-0.11980193853378296,0.10240498930215836,-2.1277265548706055,phone,user1,run
23.564087249920703,-1.5543676757812501,21.146675262451172,-1.210682373046875,1.3153773546218872,-0.5442439913749695,-1.8990740776062012,phone,user1,run
23.5840842500329,0.4736151123046875,22.025198364257815,-4.860093383789063,1.4791656732559204,0.5742760896682739,-1.4414246082305908,phone,user1,run
23.604082249919884,2.7882518005371093,21.08919479370117,-4.576732635498047,1.4489777088165283,2.0924503803253174,-0.7380363345146179,phone,user1,run
23.624079250032082,5.960604858398438,17.503551177978515,-2.5342300415039065,1.8345062732696533,3.249444007873535,0.012034972198307514,phone,user1,run
23.644076250027865,8.762777709960938,12.73237289428711,1.0063572692871094,2.3698267936706543,3.048729181289673,-0.1499280482530594,phone,user1,run
23.664073250023648,6.1451710510253905,8.090076599121094,7.438631286621094,3.2339322566986084,1.6852302551269531,-0.7295001149177551,phone,user1,run
23.684071250027046,-1.0689271545410157,2.5560845947265625,18.072817382812502,6.473988056182861,-4.787312030792236,-0.6354189515113831,phone,user1,run
23.70406825002283,-2.0423529052734377,2.3073019409179687,15.317796478271486,7.732547283172607,-9.521416664123535,-0.8218070268630981,phone,user1,run
23.72406525001861,-9.383387145996094,11.577075347900392,-8.16462158203125,1.321416974067688,-22.409029006958008,-0.7799057960510254,phone,user1,run
23.74406325002201,10.941497039794923,5.838608551025391,-6.600673828125,0.29782941937446594,-2.0040998458862305,0.1630123257637024,phone,user1,run
23.764060250017792,3.6811450195312503,2.917882232666016,-2.276166687011719,-1.8990461826324463,3.898357629776001,0.7041979432106018,phone,user1,run
23.784057250013575,3.49912353515625,1.5859519958496096,2.9698242187500004,-3.016005754470825,2.561351776123047,0.8077701330184937,phone,user1,run
23.804054250009358,3.670068054199219,1.325643310546875,3.2302825927734378,-2.754702091217041,0.7949700355529785,1.0096518993377686,phone,user1,run
23.824052250012755,2.3897804260253905,1.9585272216796876,0.6535409545898437,-2.4488725662231445,0.16110354661941528,1.449895977973938,phone,user1,run
23.84404925000854,2.062860260009766,5.042264556884766,-2.058668975830078,-2.573575019836426,0.1397872269153595,2.2000255584716797,phone,user1,run
23.86404625000432,1.7652790832519532,9.259295196533204,-3.3473391723632813,-3.100987672805786,0.9304856657981873,3.0463452339172363,phone,user1,run
23.88404425000772,0.06391708374023437,22.95461563110352,2.2638922119140625,-3.6892220973968506,1.5780707597732544,4.330650329589844,phone,user1,run
23.9040412500035,2.7967840576171876,35.032549438476565,8.116721191406251,-2.127344846725464,-2.339859962463379,5.737257957458496,phone,user1,run
23.924038249999285,6.160289611816407,38.487664489746095,-2.837798767089844,-1.641222596168518,-5.30966329574585,3.784841537475586,phone,user1,run
23.944036250002682,0.28949798583984376,31.837144317626954,-2.6638604736328126,-1.8430440425872803,-6.999058723449707,1.322607398033142,phone,user1,run
23.964033249998465,-5.605543212890625,16.707805938720703,0.0975970458984375,-0.08320563286542892,-3.389404296875,0.33597177267074585,phone,user1,run
23.984030249994248,-5.630241851806641,10.082283782958985,-5.838009796142578,1.0851776599884033,2.6998443603515625,0.5543637871742249,phone,user1,run
24.00402724999003,-4.2870849609375,6.901099090576173,-6.405479736328125,0.4978855550289154,5.711689472198486,0.4657352864742279,phone,user1,run
24.02402524999343,-3.6827915954589847,4.283941497802735,-4.161645812988281,-0.18416157364845276,6.480375289916992,-0.11600136011838913,phone,user1,run
24.04402224998921,-3.834126892089844,2.3712190246582034,-2.858156433105469,-0.3252933919429779,5.594822406768799,-0.502636730670929,phone,user1,run
24.064019249984995,-5.410947875976563,1.050066375732422,-1.9631675720214845,-0.23952804505825043,4.631874084472656,-0.3993586301803589,phone,user1,run
24.084016249980778,-7.534432067871094,-0.3758683776855469,-1.1894265747070314,0.20673708617687225,2.316664218902588,0.3730867803096771,phone,user1,run
24.104014249984175,-7.083120574951172,-2.4604335021972656,-4.261338500976563,0.013492023572325706,0.4928455650806427,1.6004183292388916,phone,user1,run
24.124011249979958,-5.253026275634766,-2.7449917602539062,-3.732188873291016,-0.5902265310287476,1.2177752256393433,2.0620977878570557,phone,user1,run
24.14400824997574,-6.7334477233886725,-2.2204824829101564,-1.5548167419433594,-0.9727063179016113,2.4494669437408447,2.385500907897949,phone,user1,run
24.16400624997914,-4.184398498535156,-3.859573974609375,4.337979125976562,-0.22823627293109894,4.252737522125244,2.7832252979278564,phone,user1,run
24.18400324997492,0.9478289794921876,0.6758445739746094,32.5912760925293,3.7319347858428955,6.6687421798706055,2.2827091217041016,phone,user1,run
24.204000249970704,-1.2519964599609377,6.467001800537109,4.868026885986328,4.884305953979492,2.2371275424957275,2.1733033657073975,phone,user1,run
24.223997249966487,1.5308665466308595,7.417375488281251,2.1010308837890626,2.7979347705841064,-3.187225580215454,1.3588553667068481,phone,user1,run
24.243995249969885,-3.9701939392089844,18.56798767089844,-13.501473541259767,-0.4384053945541382,-12.474132537841797,-3.105705499649048,phone,user1,run
24.263992249965668,-17.895735626220706,25.59452590942383,-21.429287567138672,-6.381922245025635,-11.790245056152344,-2.8120980262756348,phone,user1,run
24.28398924996145,-8.050409088134765,18.222655792236328,-6.9588789367675785,-7.762634754180908,-6.442061424255371,-0.46219977736473083,phone,user1,run
24.303987249964848,-3.800446929931641,21.17781051635742,-2.5400679016113283,-5.67433500289917,-1.5387896299362183,-1.6713032722473145,phone,user1,run
24.32398424996063,-4.048630828857422,21.621787261962893,0.049846343994140625,-0.13247136771678925,3.358783483505249,-2.774441957473755,phone,user1,run
24.343981249956414,-2.0683987426757815,19.624939727783204,-3.8217027282714846,3.311896562576294,6.409842491149902,-1.8481190204620361,phone,user1,run
24.363978249952197,0.5387297058105469,18.80374740600586,-3.6588414001464846,4.354372024536133,8.286995887756348,-0.9289634227752686,phone,user1,run
24.383976249955595,3.7703594970703125,16.827556915283203,-1.7410295104980469,4.3656816482543945,8.47472858428955,-0.7536578178405762,phone,user1,run
24.403973249951378,5.605543212890625,13.742622070312501,-0.3177891540527344,4.232048034667969,7.578856945037842,-1.0379239320755005,phone,user1,run
24.423970749950968,1.448837127685547,10.254874877929687,29.449309844970706,4.900561809539795,5.542473793029785,-1.2817816734313965,phone,user1,run
24.443968749954365,-2.395169219970703,4.525539093017579,15.823744354248047,10.320650100708008,-8.864168167114258,-0.7599831223487854,phone,user1,run
24.463965749950148,-11.959080963134767,14.82232681274414,-3.519630889892578,5.064105033874512,-22.30913543701172,-1.2951053380966187,phone,user1,run
24.48396274994593,1.9952009582519532,9.538314971923828,-7.99981430053711,-0.8547802567481995,-18.313512802124023,1.3006089925765991,phone,user1,run
24.503959749941714,6.644981689453125,2.578537902832031,2.837649078369141,-0.5673208832740784,3.695549726486206,0.7698052525520325,phone,user1,run
24.52395774994511,5.004093933105469,2.2677841186523438,1.6414865112304688,-2.6445930004119873,3.6952555179595947,1.1573638916015625,phone,user1,run
24.543954749940895,6.4586192321777345,2.0609143066406252,4.939877471923828,-2.5566625595092773,1.8469191789627075,0.9016684889793396,phone,user1,run
24.563951749936678,4.655618591308594,2.732417907714844,0.8313711547851563,-1.7942644357681274,0.05016540363430977,1.0627353191375732,phone,user1,run
24.58394874993246,3.742068328857422,2.668201446533203,-2.7152037048339843,-2.011568069458008,0.010692834854125977,1.768972635269165,phone,user1,run
24.603946749935858,4.158502349853515,5.181175689697266,-4.632117462158203,-2.563471794128418,0.794361412525177,2.4889748096466064,phone,user1,run
24.62394374993164,3.7773948669433595,8.682993621826173,-5.672454071044922,-3.412811517715454,2.395232677459717,3.1120872497558594,phone,user1,run
24.6451907500159,2.8973748779296877,15.665373687744141,-1.5259268188476562,-4.148777484893799,3.8173651695251465,4.131656646728516,phone,user1,run
24.673936749924906,2.9582981872558594,35.41994384765625,10.974278869628908,-3.370216131210327,1.8120101690292358,5.409485340118408,phone,user1,run
24.69393374992069,9.208700408935547,34.57510070800782,-2.640359344482422,-1.2959580421447754,-2.683391571044922,6.04756498336792,phone,user1,run
24.713931749924086,5.31978744506836,29.927864685058594,3.5892361450195316,-1.7721694707870483,-4.876046657562256,3.3443703651428223,phone,user1,run
24.73392874991987,-3.041525115966797,16.77321990966797,2.6111700439453127,-1.017910361289978,-7.8957037925720215,-0.010304028168320656,phone,user1,run
24.753925750032067,-7.523355102539063,11.388467559814453,-9.55942108154297,1.2720880508422852,-3.953239917755127,-1.228725790977478,phone,user1,run
24.77392374991905,-5.797893218994141,8.48405731201172,-8.261320495605469,1.6218470335006714,4.127605438232422,-0.44473737478256226,phone,user1,run
24.793920750031248,-4.603975982666016,5.270240478515626,-5.821094970703125,0.4597930908203125,7.851097583770752,-0.338811457157135,phone,user1,run
24.81391775002703,-4.374503173828125,2.944826202392578,-2.7765760803222657,-0.47955432534217834,8.823756217956543,-0.9934540390968323,phone,user1,run
24.833914750022814,-4.492008819580079,0.7640112304687501,-1.857187957763672,-0.7958416938781738,7.51912260055542,-1.5376403331756592,phone,user1,run
24.85391275002621,-10.33166519165039,1.2349319458007812,-0.2231858825683594,-0.4042223393917084,5.561788558959961,-1.9377233982086182,phone,user1,run
24.873909750021994,-10.486443328857423,-1.7440232849121096,-3.5589990234375,0.5131692290306091,1.6012134552001953,-0.34298259019851685,phone,user1,run
24.893906750017777,-7.4236624145507815,-2.6198519897460937,-3.8643640136718753,0.1908688247203827,-0.18485480546951294,1.8306713104248047,phone,user1,run
24.91390375001356,-4.609813842773438,-3.2048355102539063,-1.2744497680664064,-0.2671734392642975,0.19531595706939697,2.854132652282715,phone,user1,run
24.933901750016958,-0.8316705322265625,-3.620970153808594,4.355492706298828,0.46713966131210327,3.342109441757202,2.7427666187286377,phone,user1,run
24.95389875001274,4.58691146850586,7.5787399291992195,45.434268951416016,2.6498942375183105,6.713892936706543,1.9993906021118164,phone,user1,run
24.973895750008523,-0.07888595581054687,1.4184503173828125,0.8443940734863282,2.5507540702819824,2.288586378097534,1.120294451713562,phone,user1,run
24.99389375001192,0.5945635986328125,11.168275451660158,-0.6222560119628907,1.5089462995529175,-3.0569100379943848,0.6140510439872742,phone,user1,run
25.013890750007704,-12.683724060058594,27.917545166015625,-19.844982147216797,0.584225594997406,-9.179398536682129,-2.658125162124634,phone,user1,run
25.033887750003487,-15.129039001464845,25.23153076171875,-11.082354125976563,-4.868908405303955,-10.668850898742676,-2.6295933723449707,phone,user1,run
25.05388474999927,-5.205574951171875,15.173945617675782,-5.562732238769532,-5.961751937866211,-7.351644515991211,0.2882348895072937,phone,user1,run
25.073882750002667,-3.088078308105469,14.830260314941407,-5.138963470458985,-4.3611040115356445,-4.616686820983887,-1.0205755233764648,phone,user1,run
25.09387974999845,-3.8971458435058595,17.65323989868164,-1.4061758422851562,-1.6001993417739868,0.5355161428451538,-2.6305582523345947,phone,user1,run
25.113876749994233,-2.7116111755371097,18.036293334960938,-2.0639080810546875,1.2078869342803955,3.690502882003784,-2.665740728378296,phone,user1,run
25.13387474999763,-0.26794281005859377,18.322348480224612,-3.394491119384766,2.7795591354370117,5.106129169464111,-1.7846417427062988,phone,user1,run
25.153871749993414,3.4485287475585937,17.486336975097657,-3.434008941650391,3.311417579650879,6.142983436584473,-1.0993698835372925,phone,user1,run
25.173868749989197,6.669680328369141,16.382232971191407,-0.7152127075195313,3.394345998764038,6.951186180114746,-1.0360580682754517,phone,user1,run
25.19386574998498,6.705904998779297,15.225887603759766,7.8317138671875,3.629091739654541,6.743404388427734,-1.336904764175415,phone,user1,run
25.213863749988377,1.1535012817382813,7.297474822998047,26.85430618286133,5.654603958129883,3.1097254753112793,-1.3790029287338257,phone,user1,run
25.23386074998416,-4.255800018310547,7.754773864746094,26.427843017578127,10.011449813842773,-7.705772876739502,-1.121408224105835,phone,user1,run
25.253857749979943,-6.202501831054688,15.168706512451173,-14.83370315551758,3.8258097171783447,-24.155330657958984,-1.523905634880066,phone,user1,run
25.273854749975726,9.257349243164063,3.9052290344238285,-3.2452514648437503,1.1697218418121338,-7.371849536895752,0.013832325115799904,phone,user1,run
25.293852749979123,4.348457336425781,2.472408599853516,0.6864724731445313,-1.7489739656448364,5.196514129638672,0.563505232334137,phone,user1,run
25.313849749974906,5.081333312988281,0.9226812744140626,4.485272827148438,-3.139183282852173,3.812929391860962,0.5640527606010437,phone,user1,run
25.33384674997069,4.4722499084472656,1.0942245483398438,2.167342987060547,-2.6612203121185303,1.5999747514724731,0.26434752345085144,phone,user1,run
25.353843749966472,2.979104919433594,2.262395324707031,-2.036964111328125,-2.108844757080078,0.3896220028400421,0.4010554850101471,phone,user1,run
25.37384174996987,3.0599368286132815,6.475384368896485,-5.097799072265626,-2.2296931743621826,0.5917156338691711,1.085098147392273,phone,user1,run
25.393838749965653,2.4773483276367188,11.001222839355469,-6.160139923095703,-2.9159443378448486,2.169671058654785,1.9251245260238647,phone,user1,run
25.413835749961436,1.7917739868164064,17.928367767333985,-3.2588731384277345,-3.820754051208496,4.054556369781494,3.1770777702331543,phone,user1,run
25.433833500021137,-0.3496728515625,30.851893157958987,11.365714874267578,-4.497251510620117,4.53952169418335,4.634215831756592,phone,user1,run
25.45383050001692,8.488997039794922,31.51755889892578,1.5063175964355469,-2.934393882751465,0.08227059990167618,6.190849304199219,phone,user1,run
25.473827500012703,7.361242218017579,31.841485290527345,-1.5917898559570314,-2.046998977661133,-3.536069393157959,4.427163124084473,phone,user1,run
25.493824500008486,1.3452525329589844,22.19404724121094,-0.7093748474121094,-1.9240752458572388,-6.271434783935547,1.5658479928970337,phone,user1,run
25.513822500011884,-5.729784851074219,12.90241928100586,-0.3487747192382813,-0.7755101323127747,-6.744311809539795,-0.5215272903442383,phone,user1,run
25.533819500007667,-7.13476318359375,9.754615173339845,-8.010142822265625,1.124855875968933,-2.0036165714263916,-0.4517587721347809,phone,user1,run
25.55381650000345,-6.265221405029298,6.9835775756835945,-7.309000854492188,1.4283949136734009,4.697139263153076,0.38609644770622253,phone,user1,run
25.573813499999233,-6.084846496582031,3.6411781311035156,-6.054459686279297,0.2347031682729721,7.408074378967285,0.522488534450531,phone,user1,run
25.59381150000263,-7.692353668212891,1.282532958984375,-2.9226722717285156,-0.6261463761329651,8.391548156738281,0.33685553073883057,phone,user1,run
25.613808499998413,-12.88565414428711,1.3701008605957032,-1.2966036987304688,-0.4414072334766388,6.939154148101807,-0.03203343227505684,phone,user1,run
25.633805499994196,-9.88229965209961,-0.9162446594238282,-5.3422407531738285,-0.20966477692127228,2.1234400272369385,1.1739972829818726,phone,user1,run
25.65380249998998,-10.822644195556641,-2.1986279296875,-4.352049865722656,-0.8372676968574524,0.3422473073005676,2.0812442302703857,phone,user1,run
25.673800499993376,-12.036919097900391,-0.5385800170898438,-3.516786804199219,-1.1398862600326538,-0.32410529255867004,2.843367099761963,phone,user1,run
25.69379749998916,-1.4591656494140626,-5.354066162109375,6.224655761718751,-0.7325631380081177,1.6316008567810059,3.643808603286743,phone,user1,run
25.713794499984942,-2.908751220703125,8.599617004394531,33.9949072265625,4.303009510040283,13.116657257080078,2.875797748565674,phone,user1,run
25.733791499980725,-1.0041119384765627,14.62833023071289,13.842614135742188,8.088495254516602,13.566455841064453,2.132312774658203,phone,user1,run
25.753789499984123,1.9336788940429688,5.876928863525391,3.6841387939453125,0.20355907082557678,-1.4113411903381348,0.8618512153625488,phone,user1,run
25.773786499979906,-4.927602996826172,9.715995483398437,-6.150260467529297,0.6614642143249512,-8.909370422363281,-2.069678544998169,phone,user1,run
25.79378349997569,-14.354100494384767,16.074622650146484,-20.167561340332032,-1.2592244148254395,-13.730902671813965,-4.28189754486084,phone,user1,run
25.813781499979086,-13.061987457275391,25.31281173706055,-18.36740478515625,-4.3916473388671875,-9.397444725036621,-2.876465082168579,phone,user1,run
25.83377849997487,-5.239254913330078,21.590801696777344,-10.232421569824218,-5.656410217285156,-2.698335886001587,-1.120781421661377,phone,user1,run
25.853775499970652,-3.7386254882812504,19.00447998046875,-4.601431274414063,-4.029268741607666,2.1134378910064697,-2.6250853538513184,phone,user1,run
25.873772499966435,-1.6046630859375002,17.954263916015627,-0.3035687255859375,-0.649750292301178,5.439063549041748,-2.6450304985046387,phone,user1,run
25.893770499969833,1.289418640136719,17.489031372070315,-1.069525909423828,2.760991334915161,6.221953392028809,-1.3804689645767212,phone,user1,run
25.913767499965616,4.0495289611816405,16.741186523437502,0.8137078857421876,4.315520763397217,6.917612075805664,-0.49586033821105957,phone,user1,run
25.9337644999614,7.368576965332031,15.200290832519531,2.4553440856933597,4.924482345581055,6.642042636871338,-0.045936062932014465,phone,user1,run
25.95376149995718,5.909860382080079,14.268777923583984,13.569432220458985,5.355727672576904,5.520938396453857,-0.3476112186908722,phone,user1,run
25.97375949996058,-0.39667510986328125,7.976462860107422,20.037481842041018,7.691315174102783,0.1530417799949646,-0.29566171765327454,phone,user1,run
25.993756499956362,-9.951904907226563,7.186854858398438,27.941195983886722,10.39612865447998,-9.37185287475586,0.11786704510450363,phone,user1,run
26.013753499952145,-9.723779296875,16.33014129638672,-20.67276077270508,3.5548095703125,-26.739852905273438,-1.0829936265945435,phone,user1,run
26.033750499947928,15.298486633300781,4.155658264160157,2.474803619384766,2.114490509033203,-12.601494789123535,0.2938250005245209,phone,user1,run
26.053748499951325,5.6961048889160155,1.9511924743652345,-1.4997312927246094,-0.8998653888702393,3.1516003608703613,0.528247058391571,phone,user1,run
26.07374549994711,4.346212005615235,0.9707313537597657,1.7992584228515627,-2.6837387084960938,3.886918306350708,0.5355778932571411,phone,user1,run
26.09374249994289,3.2418086242675783,1.4672488403320314,1.991458740234375,-2.6306777000427246,2.6804256439208984,0.09709933400154114,phone,user1,run
26.11374049994629,2.1806652832031252,3.789519653320313,-1.4468911743164063,-2.2582309246063232,1.1222422122955322,0.15621288120746613,phone,user1,run
26.13373749994207,1.9489471435546877,7.386988677978516,-3.4994229125976566,-2.3163344860076904,1.2312885522842407,0.8625171184539795,phone,user1,run
26.153734499937855,0.5210664367675781,11.557765502929689,-4.664450225830079,-2.737483263015747,2.300997018814087,1.9307337999343872,phone,user1,run
26.173731499933638,-0.7541317749023438,20.39074722290039,-3.5281631469726564,-3.379232883453369,3.6029694080352783,3.5554375648498535,phone,user1,run
26.193729499937035,1.3361215209960937,33.16727828979492,8.895701293945313,-4.128807067871094,4.154036998748779,5.785752773284912,phone,user1,run
26.213726499932818,8.696914672851562,34.26898727416992,2.7268794250488284,-3.079261064529419,-0.16114932298660278,6.94207763671875,phone,user1,run
26.2337234999286,4.73255859375,29.35126373291016,0.25387207031250003,-2.109919309616089,-5.186184406280518,4.557151794433594,phone,user1,run
26.253720499924384,-0.9797126770019532,16.361426239013674,-1.069226531982422,-1.59795081615448,-7.398805618286133,1.5415239334106445,phone,user1,run
26.27371849992778,-8.330626373291016,10.681637420654297,-0.45026367187500005,-0.8240312337875366,-6.442514896392822,-0.43241968750953674,phone,user1,run
26.293715499923564,-7.441175994873047,9.364676055908204,-7.381150817871094,1.641863465309143,0.3050866425037384,-0.05442699044942856,phone,user1,run
26.313712499919347,-8.25712921142578,6.232140197753907,-7.717351684570313,1.4622851610183716,5.219460487365723,0.44423621892929077,phone,user1,run
26.333709500031546,-7.851173400878906,3.1774424743652347,-4.517755279541015,0.3648798167705536,7.300859451293945,0.8356873393058777,phone,user1,run
26.353707499918528,-9.30075897216797,1.659598846435547,-1.2910652160644531,0.22865575551986694,7.58531379699707,0.7888256907463074,phone,user1,run
26.373704500030726,-8.299341430664063,-0.6110293579101563,-2.7256819152832032,0.5564882159233093,5.231426239013672,1.08779776096344,phone,user1,run
26.39370150002651,-8.75334732055664,-2.0972886657714844,-5.2982322692871096,0.601554274559021,2.5206458568573,1.716755986213684,phone,user1,run
26.413698500022292,-8.490643615722657,-1.1419752502441407,-5.862409057617188,-0.15078221261501312,0.8020027279853821,2.318293571472168,phone,user1,run
26.433696374995634,-6.602170715332032,-0.6515950012207031,-1.8287471008300782,-0.8928050994873047,0.550835907459259,2.6805405616760254,phone,user1,run
26.453693374991417,4.181404724121094,-2.2375469970703126,10.145003356933595,-0.7221949696540833,0.8308607339859009,2.417269229888916,phone,user1,run
26.4736903749872,2.708467712402344,15.94409408569336,38.609810485839844,5.299161911010742,10.656612396240234,0.6331911683082581,phone,user1,run
26.493687374982983,-0.2219883728027344,8.186775512695313,7.695497131347657,5.023989200592041,6.7346272468566895,1.8261491060256958,phone,user1,run
26.51368537498638,-1.039588165283203,10.862012329101564,-0.7009922790527344,0.7152482271194458,-3.90832257270813,0.8442440629005432,phone,user1,run
26.533682374982163,-16.375496978759767,19.960242462158202,-15.15179168701172,0.022578269243240356,-10.9068603515625,-2.7012417316436768,phone,user1,run
26.553679374977946,-16.52458694458008,20.126097564697268,-10.804980926513672,-3.2145638465881348,-11.031594276428223,-1.760299801826477,phone,user1,run
26.573677374981344,-6.343059539794922,15.805482330322267,-4.731361083984376,-3.848165512084961,-7.658955097198486,0.49184146523475647,phone,user1,run
26.593674374977127,-6.387217712402344,16.447197875976563,-5.445675659179688,-3.03173565864563,-5.4902143478393555,-1.3472673892974854,phone,user1,run
26.61367137497291,-6.477480010986328,16.041541442871093,-5.552553405761719,-2.339982032775879,-2.23734450340271,-2.518437385559082,phone,user1,run
26.633668374968693,-4.733756103515625,16.130157165527343,-6.666087799072266,-0.9537259340286255,1.1190495491027832,-2.467306137084961,phone,user1,run
26.65366637497209,-0.9104067993164063,15.27154266357422,-6.072871398925781,0.8371623158454895,4.175045490264893,-1.760291337966919,phone,user1,run
26.673663374967873,2.1438418579101564,14.397061157226563,-4.029770050048828,1.8352694511413574,6.070968151092529,-1.570619821548462,phone,user1,run
26.693660374963656,3.5813026428222656,14.223272552490235,-0.7177574157714844,2.352081298828125,6.780474662780762,-1.724457025527954,phone,user1,run
26.71365737495944,5.322781219482422,14.619498596191407,2.6444009399414066,2.901494026184082,6.352363109588623,-1.7220916748046875,phone,user1,run
26.733655374962837,3.108585662841797,13.152549133300782,27.040069885253907,3.749945640563965,4.915284156799316,-1.4591922760009766,phone,user1,run
26.75365237495862,3.7857774353027347,8.413404235839844,6.001170501708985,7.715807914733887,-3.555867910385132,-0.7038415670394897,phone,user1,run
26.773649374954402,2.695295104980469,8.586743774414064,3.9110668945312503,8.527587890625,-7.932670593261719,-1.0250076055526733,phone,user1,run
26.793646374950185,-8.507109375,10.059680786132812,-2.0422032165527346,6.150763511657715,-14.608777046203613,-1.2170815467834473,phone,user1,run
26.813644374953583,12.613819427490235,5.177583160400391,0.10223739624023438,1.0675677061080933,-21.016443252563477,-0.254241019487381,phone,user1,run
26.833641374949366,8.890611877441406,6.108946380615235,-3.8446051025390626,2.9332096576690674,-3.758512020111084,-0.3583765923976898,phone,user1,run
26.85363837494515,5.4672308349609375,1.9561322021484375,-1.2683125305175782,-0.37861183285713196,1.4698988199234009,1.08356511592865,phone,user1,run
26.873635374940932,3.6169285583496094,2.378553771972656,-0.9535171508789063,-2.280993938446045,2.0014421939849854,2.2369368076324463,phone,user1,run
26.89363337494433,0.9021739196777344,5.998476104736328,-2.7759773254394533,-2.645160436630249,1.6564751863479614,3.3029377460479736,phone,user1,run
26.913630374940112,-0.4378395080566406,9.123377838134767,-3.1183154296875,-3.0397448539733887,1.7885825634002686,4.6062703132629395,phone,user1,run
26.933627374935895,-3.9481896972656254,21.440514221191407,8.425379333496094,-3.631272315979004,2.6022825241088867,5.835233211517334,phone,user1,run
26.953624374931678,3.296894073486328,34.93555114746094,1.8558407592773438,-2.5957813262939453,0.1258937269449234,8.118102073669434,phone,user1,run
26.973622374935076,10.927575988769531,41.50299407958985,-0.9565109252929688,-2.2557320594787598,-3.4077439308166504,8.407723426818848,phone,user1,run
26.99361937493086,3.6679724121093753,31.631771392822266,5.560337219238281,-2.275164842605591,-6.878283500671387,4.792086124420166,phone,user1,run
27.01361637492664,-3.6444712829589845,14.349160766601564,1.4609619140625,-0.3688447177410126,-8.562935829162598,1.5766960382461548,phone,user1,run
27.03361437493004,-3.024460601806641,7.523804168701172,-9.66001190185547,2.486459493637085,-1.8402507305145264,0.44063976407051086,phone,user1,run
27.053611374925822,-3.483106842041016,4.199816436767579,-7.107819213867188,1.9975805282592773,4.798357009887695,0.07292391359806061,phone,user1,run
27.073608374921605,-4.00252670288086,1.7860858154296877,-3.8465510559082032,0.6641466617584229,6.153693199157715,-0.3513043224811554,phone,user1,run
27.093605375033803,-4.633165283203125,0.23725662231445313,-1.0582992553710937,-0.19342663884162903,5.28795051574707,-0.5294082164764404,phone,user1,run
27.113603374920785,-4.916675720214844,-1.6733702087402345,-1.8265017700195314,-0.4859031140804291,3.167858839035034,-0.4292674958705902,phone,user1,run
27.133600375032984,-6.95274169921875,-2.4936643981933595,-2.501747589111328,-0.6057865619659424,1.0959011316299438,-0.4707794785499573,phone,user1,run
27.153597375028767,-6.908583526611329,-3.1058912658691407,-2.4301963806152345,-0.8201397657394409,-0.5318697094917297,-0.22894825041294098,phone,user1,run
27.17359437502455,-6.299200744628907,-3.2477961730957032,-1.1371852111816407,-0.3928292393684387,0.6386399865150452,-0.30978214740753174,phone,user1,run
27.193592375027947,-3.7341348266601564,-1.279090118408203,1.5846047973632813,1.0997705459594727,5.770301342010498,-0.597673237323761,phone,user1,run
27.21358937502373,-1.0984158325195312,0.7840695190429688,2.8934829711914065,1.8724656105041504,7.238304615020752,-0.40389251708984375,phone,user1,run
27.233586375019513,-1.4922468566894531,7.130571899414063,15.545323333740235,2.305389642715454,6.892431259155273,-0.5308640003204346,phone,user1,run
27.253583375015296,0.920885009765625,10.622660064697266,11.812386016845704,1.0403637886047363,4.096786022186279,-0.09130953997373581,phone,user1,run
27.273581375018694,-0.6493496704101562,18.42278961181641,-4.420607299804688,1.45754873752594,-2.1128334999084473,-1.0819262266159058,phone,user1,run
27.293578375014476,-17.46358428955078,30.944251098632815,-15.267052001953125,-0.8061003088951111,-7.624631881713867,-4.5207414627075195,phone,user1,run
27.31357537501026,-9.320517883300782,26.546097106933594,-6.155499572753906,-3.9108965396881104,-6.355381965637207,-1.9294852018356323,phone,user1,run
27.333572375006042,-3.86316650390625,19.506086883544924,-2.0077748107910156,-3.86521315574646,-4.824217796325684,-0.8592170476913452,phone,user1,run
27.35357037500944,-2.433190155029297,16.4346240234375,-2.019749908447266,-2.8056325912475586,-3.666167974472046,-1.9251455068588257,phone,user1,run
27.373567375005223,-1.4973362731933595,15.373181304931641,-3.1439122009277347,-0.9501861333847046,-0.8255602717399597,-2.1429760456085205,phone,user1,run
27.393564375001006,-0.3183879089355469,15.442187805175783,-2.659519500732422,1.121512532234192,2.1954739093780518,-1.7391877174377441,phone,user1,run
27.41356137499679,1.8137782287597657,13.849649505615234,-2.683469696044922,2.8634066581726074,3.92647385597229,-1.0785164833068848,phone,user1,run
27.43355924997013,3.962260437011719,11.686946868896484,-1.3079800415039062,3.3317880630493164,4.627722263336182,-0.714348316192627,phone,user1,run
27.453556249965914,4.453538818359375,9.501341857910157,0.458646240234375,3.4180808067321777,5.031944751739502,-0.7874950766563416,phone,user1,run
27.473553249961697,3.7417689514160157,6.239924011230469,20.833526458740234,3.6508119106292725,4.744029521942139,-1.0156621932983398,phone,user1,run
27.49355024995748,1.4401551818847658,4.1321571350097654,9.504036254882813,7.040773868560791,-1.6893482208251953,-1.2148668766021729,phone,user1,run
27.513548249960877,-3.8731956481933594,9.469757537841797,17.326319732666015,8.725711822509766,-7.504217147827148,-1.667336106300354,phone,user1,run
27.53354524995666,1.1725117492675783,9.401200103759766,-8.095615081787109,2.053293228149414,-19.954008102416992,-1.0633368492126465,phone,user1,run
27.553542249952443,6.880741424560547,3.0258078002929687,-2.895279235839844,0.3528071939945221,-5.622622966766357,-0.032953765243291855,phone,user1,run
27.57354024995584,4.2680744934082036,2.791395263671875,0.10582992553710938,-1.2625123262405396,3.437504768371582,0.31564685702323914,phone,user1,run
27.593537249951623,3.3352143859863284,2.3240670776367187,0.4968168640136719,-2.518961191177368,3.253225326538086,0.5103867650032043,phone,user1,run
27.613534249947406,3.1754965209960937,3.4239797973632813,-0.19923568725585938,-2.5850613117218018,2.632810115814209,0.7983202338218689,phone,user1,run
27.63353124994319,2.4634272766113283,7.294630737304688,-2.6792784118652344,-2.6019375324249268,1.950996994972229,1.5421384572982788,phone,user1,run
27.653529249946587,0.9735754394531251,13.748908996582031,-4.492308197021485,-3.081859588623047,2.002772808074951,2.7816641330718994,phone,user1,run
27.67352624994237,-2.0865110778808593,28.2754508972168,8.861272888183594,-4.064644813537598,2.55143666267395,4.48648738861084,phone,user1,run
27.693523249938153,3.203039245605469,32.590078582763674,5.959706726074219,-2.941756248474121,-1.0211453437805176,6.434216022491455,phone,user1,run
27.713520249933936,5.2664982604980475,32.60789154052735,-3.446582794189453,-1.2576011419296265,-5.07700777053833,5.177606105804443,phone,user1,run
27.733518249937333,-0.27393035888671874,27.648255157470704,-1.2831317138671876,-1.677060604095459,-7.116902828216553,1.8836003541946411,phone,user1,run
27.753515249933116,-8.215066680908203,17.25985794067383,-0.239501953125,-1.0951993465423584,-6.199316501617432,-0.1944703459739685,phone,user1,run
27.7735122499289,-7.203021240234375,11.372750244140626,-7.3339988708496096,1.362463116645813,1.1335084438323975,0.13557781279087067,phone,user1,run
27.793509249924682,-6.049370269775391,6.976242828369141,-6.042484588623047,0.8403493165969849,6.033583164215088,0.49000248312950134,phone,user1,run
27.81350724992808,-5.648803253173829,3.6910244750976564,-4.773872680664063,-0.2678913474082947,7.472972869873047,0.361562043428421,phone,user1,run
27.833504249923863,-9.84592529296875,3.894002380371094,0.7458988952636719,-0.8130543828010559,8.259156227111816,0.37517663836479187,phone,user1,run
27.853501249919645,-7.589816894531251,2.0977377319335937,1.641636199951172,-0.3142051100730896,5.701371669769287,1.0546786785125732,phone,user1,run
27.873498250031844,-6.74242904663086,-0.10702743530273438,-2.2335054016113283,0.5921881794929504,1.511073112487793,1.6305092573165894,phone,user1,run
27.893496249918826,-5.825585632324219,-2.3044578552246096,-3.4612522888183594,0.6051221489906311,-0.7004092335700989,2.3236184120178223,phone,user1,run
27.913493250031024,-5.762267303466797,-3.1882200622558594,-4.82641342163086,0.25752848386764526,-1.2587379217147827,2.6330666542053223,phone,user1,run
27.933490250026807,-2.9494665527343753,-2.4197181701660155,-2.11480224609375,-0.08491705358028412,-0.4806670844554901,2.4351863861083984,phone,user1,run
27.953488250030205,2.9758117675781253,-2.709814910888672,9.51586166381836,-0.2123454213142395,0.9383724927902222,1.932898998260498,phone,user1,run
27.973485250025988,3.7330870056152348,6.4726899719238284,18.85074966430664,3.538069248199463,4.581208229064941,0.6884052157402039,phone,user1,run
27.99348225002177,0.9871971130371094,1.7010626220703127,1.5046710205078127,2.1162302494049072,3.046480417251587,0.8186063170433044,phone,user1,run
28.013479250017554,2.8924351501464844,8.928782501220704,-1.3570779418945313,2.394447088241577,0.3119826912879944,0.2239391952753067,phone,user1,run
28.03347725002095,-7.581134948730469,21.046533508300783,-13.391901397705078,1.2361408472061157,-6.351574897766113,-3.035000801086426,phone,user1,run
28.053474250016734,-22.065913696289062,28.937224731445315,-16.109649810791016,-3.7555150985717773,-12.013777732849121,-4.692883491516113,phone,user1,run
28.073471250012517,-10.247839508056641,21.389620056152346,-2.904110870361328,-6.110350131988525,-8.805061340332031,-0.4729917049407959,phone,user1,run
28.0934682500083,-4.493805084228516,18.95463363647461,-0.8253836059570313,-4.438591003417969,-6.596261501312256,-0.5830295085906982,phone,user1,run
28.113466250011697,-4.182003479003907,18.05231002807617,0.16450790405273438,-1.6965616941452026,-2.5878078937530518,-2.6884334087371826,phone,user1,run
28.13346325000748,-2.910996551513672,16.57877426147461,-2.9593460083007814,1.0263433456420898,0.25212714076042175,-2.7087597846984863,phone,user1,run
28.153460250003263,-0.2797682189941406,16.574582977294924,-5.223238220214844,2.3549420833587646,2.4605183601379395,-2.1684021949768066,phone,user1,run
28.173457249999046,2.676134948730469,15.580649871826173,-4.561464385986328,2.9038519859313965,4.816259384155273,-1.6756198406219482,phone,user1,run
28.193455250002444,4.604874114990235,14.075230407714844,-2.2008732604980468,2.7230212688446045,6.112707138061523,-1.805600881576538,phone,user1,run
28.213452249998227,5.103487243652344,12.442126464843751,0.4550537109375,2.7585396766662598,6.41801643371582,-2.049814224243164,phone,user1,run
28.23344924999401,4.177961883544922,10.095905456542969,22.410347442626954,3.136733055114746,5.8091583251953125,-1.9990702867507935,phone,user1,run
28.253446249989793,2.5906626892089846,5.820047149658204,8.42612777709961,6.796482563018799,-1.6347986459732056,-1.3829467296600342,phone,user1,run
28.27344424999319,0.8155041503906251,5.81750244140625,9.191336517333985,8.311405181884766,-7.523733615875244,-1.269091010093689,phone,user1,run
28.293441249988973,-5.493725738525391,7.176825714111328,-6.025120697021484,5.286844253540039,-15.256590843200684,-1.3116720914840698,phone,user1,run
28.313438249984756,5.2630554199218755,4.056264953613281,-0.8249345397949219,0.4740903079509735,-17.9769229888916,-0.4586825668811798,phone,user1,run
28.333436249988154,6.772516479492188,2.3114932250976565,-3.7687129211425785,1.6059417724609375,-5.588400840759277,-0.29621419310569763,phone,user1,run
28.353433249983937,5.1941986083984375,0.4866380310058594,-1.1743080139160156,0.6766571998596191,0.736575722694397,0.18035973608493805,phone,user1,run
28.37343024997972,3.8705012512207033,2.152823181152344,-3.3964370727539066,-0.7843207716941833,1.2770392894744873,0.9688486456871033,phone,user1,run
28.393427249975502,2.229463806152344,3.8847216796875004,-4.716541900634766,-1.292858600616455,1.9286010265350342,1.6380581855773926,phone,user1,run
28.4134252499789,0.30731094360351563,7.839198303222656,-4.5761338806152345,-1.8002716302871704,3.032235622406006,2.812859535217285,phone,user1,run
28.433423124952242,-1.8474581909179688,14.582525482177735,-3.905079345703125,-2.4191980361938477,4.08135986328125,4.5169219970703125,phone,user1,run
28.453420124948025,-5.736221466064453,37.5345964050293,10.412347412109375,-3.4688336849212646,5.0902099609375,6.434260368347168,phone,user1,run
28.473417124943808,10.456804962158204,41.81734039306641,-1.5631993103027344,-3.0661826133728027,0.16700612008571625,9.337854385375977,phone,user1,run
28.493415124947205,6.480324096679688,38.45099075317383,1.4015354919433594,-3.1163408756256104,-5.101780891418457,6.637420654296875,phone,user1,run
28.513412124942988,-2.0836669921875,18.13643508911133,8.0903759765625,-2.381588935852051,-8.737446784973145,3.0291378498077393,phone,user1,run
28.53340912493877,-5.846242675781251,10.669213256835938,-1.0653346252441407,0.7143409848213196,-8.241680145263672,1.075614333152771,phone,user1,run
28.553406124934554,-5.527405700683594,9.071286163330079,-9.36647232055664,3.3959741592407227,-0.14863555133342743,0.581424355506897,phone,user1,run
28.57340412493795,-5.514233093261719,4.996908874511719,-7.086264038085938,2.225088596343994,5.755555629730225,0.4244852066040039,phone,user1,run
28.593401124933735,-6.254593505859376,1.8905685424804688,-4.902006225585938,0.7532354593276978,8.244094848632812,0.4172172248363495,phone,user1,run
28.613398124929518,-7.068900146484375,0.22827529907226562,-1.4295272827148438,-0.39570915699005127,8.047325134277344,0.7002968192100525,phone,user1,run
28.6333951249253,-9.75970458984375,0.05134323120117188,-1.6149916076660158,-0.8719344735145569,4.611143112182617,0.43585485219955444,phone,user1,run
28.653393124928698,-9.215436401367189,-1.4962884521484376,-3.1284942626953125,-1.1457716226577759,0.8909549713134766,0.8594818711280823,phone,user1,run
28.67339012492448,-8.249644775390625,-1.542242889404297,-3.1949560546875,-1.1690880060195923,-0.33327314257621765,1.2258855104446411,phone,user1,run
28.693387124920264,-4.971162414550782,-2.348915405273438,0.3519181823730469,-1.0082587003707886,0.7347227931022644,1.42601478099823,phone,user1,run
28.713384125032462,0.26300308227539065,-1.8098863220214845,3.916605377197266,0.41334593296051025,5.024474143981934,1.1921641826629639,phone,user1,run
28.733382124919444,7.378755798339844,9.73859848022461,36.34008041381836,2.017378568649292,6.287801742553711,0.35868218541145325,phone,user1,run
28.753379125031643,1.1680210876464845,2.7891499328613283,2.7643016052246097,0.5833897590637207,4.122888088226318,0.3023698925971985,phone,user1,run
28.773376125027426,2.8806097412109377,9.928104400634766,1.7920733642578126,1.2786097526550293,0.15208573639392853,-0.8140276670455933,phone,user1,run
28.79337312502321,-9.374705200195313,18.92918655395508,-9.838590545654297,1.428816795349121,-6.219202995300293,-4.460384368896484,phone,user1,run
28.813371125026606,-23.64078872680664,27.928472442626955,-18.90583511352539,-2.43279767036438,-11.536495208740234,-5.896454334259033,phone,user1,run
28.83336812502239,-10.178533630371094,23.214325561523438,-6.931336212158204,-5.722459316253662,-7.352411270141602,-1.1906429529190063,phone,user1,run
28.853365125018172,-4.587809600830078,19.304007110595705,-4.5214974975585935,-4.481514930725098,-4.237736701965332,-0.9679892063140869,phone,user1,run
28.87336312502157,-3.6768040466308594,17.949773254394533,-2.5033941650390625,-1.680566668510437,-0.6680403351783752,-2.4269118309020996,phone,user1,run
28.893360125017352,-1.3180091857910157,16.41112289428711,-4.344715118408203,1.3122069835662842,2.440167188644409,-2.2105979919433594,phone,user1,run
28.913357125013135,1.3141172790527345,16.083603973388673,-4.743934936523438,3.0567474365234375,4.956865310668945,-1.7153295278549194,phone,user1,run
28.93335412500892,3.774251403808594,15.911611633300781,-2.5092320251464844,3.8954989910125732,6.7806925773620605,-1.4526982307434082,phone,user1,run
28.953352125012316,6.209088134765626,15.273338928222657,-0.4309538269042969,4.0006103515625,6.922419548034668,-1.5628260374069214,phone,user1,run
28.9733491250081,4.854105834960937,15.380665740966798,5.1961445617675786,4.011193752288818,5.9887237548828125,-1.7179300785064697,phone,user1,run
28.99334612500388,0.1407073974609375,10.239007873535156,28.147317352294923,5.149205684661865,3.529122829437256,-1.0993232727050781,phone,user1,run
29.013343124999665,0.2571652221679688,6.2930635070800784,11.637998657226563,9.019949913024902,-6.5370259284973145,0.06703220307826996,phone,user1,run
29.033341125003062,-11.466605072021485,10.532846832275391,0.7120692443847657,8.22187614440918,-14.969328880310059,-0.5300613045692444,phone,user1,run
29.053338124998845,0.45520339965820317,7.841443634033204,-4.725672912597656,1.4349137544631958,-22.74666976928711,-0.17480453848838806,phone,user1,run
29.073335124994628,8.420439605712891,2.5694068908691405,1.319506072998047,2.0282042026519775,-7.69965124130249,0.38279852271080017,phone,user1,run
29.09333212499041,5.968238983154297,2.618804168701172,-4.326153717041016,0.32499369978904724,0.46865367889404297,0.4785052239894867,phone,user1,run
29.11333012499381,3.826941833496094,1.8959573364257813,-4.109703826904297,-2.3446881771087646,1.3561348915100098,1.198357105255127,phone,user1,run
29.13332712498959,3.5777101135253906,1.5910414123535157,-1.635648651123047,-3.2901434898376465,2.1735920906066895,1.7787827253341675,phone,user1,run
29.153324124985375,2.912194061279297,4.634961547851563,-3.753145294189453,-3.364532947540283,1.9382364749908447,2.5762197971343994,phone,user1,run
29.173321124981157,1.8398240661621095,9.112300872802734,-4.360432434082031,-3.6043262481689453,2.789613723754883,3.496474504470825,phone,user1,run
29.193319124984555,0.910107421875,18.170115051269534,3.883224792480469,-4.1863298416137695,3.968852996826172,4.502917289733887,phone,user1,run
29.213316124980338,0.5526507568359376,30.00330780029297,5.238955535888672,-3.4667463302612305,3.15746808052063,5.706228256225586,phone,user1,run
29.23331312497612,5.389392700195312,35.42413513183594,1.696871337890625,-2.313286304473877,0.9506127834320068,6.523941516876221,phone,user1,run
29.253310124971904,4.344116363525391,34.96474044799805,3.0180239868164063,-1.80711829662323,-2.0207738876342773,4.6521315574646,phone,user1,run
29.2733081249753,-0.5295986938476562,20.883971557617187,0.4677772521972656,-1.2813704013824463,-6.659348011016846,1.467026948928833,phone,user1,run
29.293305124971084,-10.48105453491211,14.523997192382813,-0.7107220458984376,-0.5754754543304443,-7.472496509552002,-0.9290989637374878,phone,user1,run
29.313302124966867,-8.48600326538086,10.5045556640625,-8.991951141357422,1.5188454389572144,0.010276824235916138,-0.05698489770293236,phone,user1,run
29.33329912496265,-7.014862518310547,5.45824951171875,-6.361620941162109,1.002875804901123,6.338845252990723,0.77881920337677,phone,user1,run
29.353297124966048,-6.848558349609375,2.29921875,-3.9125637817382812,-0.20008783042430878,8.059545516967773,0.9924599528312683,phone,user1,run
29.37329412496183,-8.72550521850586,2.439177703857422,-0.7102729797363282,-0.9827882647514343,8.222034454345703,1.4605776071548462,phone,user1,run
29.393291124957614,-7.707023162841797,0.7756869506835938,0.43080413818359375,-1.161665439605713,6.130449295043945,1.6242228746414185,phone,user1,run
29.413288124953397,-8.789871368408203,-1.4889537048339845,-1.315913543701172,-0.49911561608314514,2.0737006664276123,1.4030725955963135,phone,user1,run
29.433285749983042,-7.585775299072266,-2.208357696533203,-3.690276031494141,-0.013274939730763435,-1.508380651473999,1.844812273979187,phone,user1,run
29.453282749978825,-5.255720672607422,-1.7061520385742188,-3.7125796508789066,-0.058362383395433426,-1.8016831874847412,2.232140064239502,phone,user1,run
29.47327974997461,-2.096240844726563,-1.8923648071289063,-0.8828640747070313,-0.12762941420078278,-0.29780352115631104,2.0020816326141357,phone,user1,run
29.49327674997039,4.970863037109376,-2.209555206298828,10.785820770263673,-0.019140589982271194,0.9045982360839844,1.3694244623184204,phone,user1,run
29.51327474997379,5.119054870605469,18.10919174194336,39.67873764038086,3.968700647354126,8.72235107421875,0.05060870200395584,phone,user1,run
29.533271749969572,4.422104187011719,3.5533108520507812,-0.0425115966796875,0.3958424925804138,1.4395297765731812,1.245320439338684,phone,user1,run
29.553268749965355,3.722908172607422,23.798410949707034,-18.582806854248048,0.12716756761074066,-3.70526123046875,-1.408800721168518,phone,user1,run
29.573265749961138,-14.382840728759767,29.89403503417969,-17.152531127929688,-4.176176071166992,-7.864872932434082,-5.948503017425537,phone,user1,run
29.593263749964535,-15.085479583740236,26.388923950195313,-8.570128326416016,-5.179460525512695,-3.779984474182129,-3.329174757003784,phone,user1,run
29.613260749960318,-4.807702331542969,16.525485076904296,-2.1885987854003908,-2.811119556427002,-0.1580445021390915,0.29245486855506897,phone,user1,run
29.6332577499561,-3.7955072021484377,12.271481323242188,-0.1627116394042969,-0.2559065818786621,0.4372784197330475,-0.6898854970932007,phone,user1,run
29.653254749951884,-4.133055267333985,11.039692840576173,-1.1422746276855469,1.1917749643325806,-0.546196460723877,-1.4489226341247559,phone,user1,run
29.67325274995528,-2.6397605895996095,8.220904541015626,-1.5239808654785156,1.7574670314788818,-1.574973225593567,-1.1689494848251343,phone,user1,run
29.693249749951065,-1.1825408935546875,5.5128858947753905,-3.25004150390625,1.8308687210083008,-2.5802202224731445,-1.0447721481323242,phone,user1,run
29.713246749946848,0.13097763061523438,5.4848941040039065,-5.041665802001954,1.363073468208313,-2.7048110961914062,-1.0936204195022583,phone,user1,run
29.73324374994263,1.327738952636719,6.752308502197266,-5.910459136962891,0.7638852596282959,-1.5993024110794067,-1.1714043617248535,phone,user1,run
29.753241749946028,2.8241770935058597,7.658673706054688,-5.147795104980469,0.4039200246334076,0.17362356185913086,-1.2257869243621826,phone,user1,run
29.77323874994181,3.473676452636719,8.220006408691408,-1.887125701904297,0.3974584937095642,1.713950276374817,-1.036606788635254,phone,user1,run
29.793235749937594,4.158951416015626,7.8903918457031255,6.125412139892578,0.8589691519737244,1.730553150177002,-0.33925509452819824,phone,user1,run
29.813232749933377,4.793032836914063,4.432881774902344,9.029073944091797,2.138535499572754,-1.5219500064849854,0.5237875580787659,phone,user1,run
29.833230749936774,4.485422515869141,2.0017872619628907,0.8268804931640625,3.3925435543060303,-6.537361145019531,0.42162880301475525,phone,user1,run
29.853227749932557,2.1977297973632814,1.9308348083496094,-0.580792236328125,2.960327386856079,-8.082202911376953,-0.31779322028160095,phone,user1,run
29.87322474992834,0.6378236389160157,3.8218524169921877,-1.7321978759765626,2.0915982723236084,-8.733420372009277,-0.5487651228904724,phone,user1,run
29.893221749924123,-1.6209791564941407,8.02376449584961,-4.153712310791016,1.125391960144043,-8.620512962341309,-0.011428668163716793,phone,user1,run
29.91321974992752,-3.6947666931152345,14.907799072265625,-5.090913391113282,0.1489429473876953,-7.4314446449279785,1.5091668367385864,phone,user1,run
29.933216749923304,-4.421056365966797,26.288782196044924,3.0891261291503906,-1.0411263704299927,-6.615453720092773,3.9448957443237305,phone,user1,run
29.953213749919087,2.512525177001953,33.60332153320313,-0.5170248413085938,-1.1584558486938477,-10.439360618591309,6.0834431648254395,phone,user1,run
29.973210750031285,-2.192191314697266,26.972260894775392,7.135661315917969,-0.24844925105571747,-13.930750846862793,4.401306629180908,phone,user1,run
29.993208750034682,-7.635471954345704,14.600787506103517,8.560099182128907,2.215223789215088,-14.498950958251953,2.034498453140259,phone,user1,run
30.013205750030465,3.9811212158203126,9.602980499267579,-6.407126312255859,1.7198532819747925,-6.933226108551025,0.7427059412002563,phone,user1,run
30.03320275002625,2.2671853637695314,13.063184967041016,0.7176077270507812,-2.3431618213653564,1.0700831413269043,-0.33018407225608826,phone,user1,run
30.05319975002203,0.5068460083007813,12.767250366210938,2.2806573486328126,-2.8392462730407715,2.2199480533599854,-1.0455920696258545,phone,user1,run
30.07319775002543,-0.8687933349609376,10.559042358398438,1.0636880493164063,-2.3115172386169434,1.731616497039795,-1.4106838703155518,phone,user1,run
30.093194750021212,-0.9978250122070313,8.735534362792968,-1.265767822265625,-2.0041821002960205,0.6380875706672668,-1.362961769104004,phone,user1,run
30.113191750016995,-1.4421011352539064,8.19470901489258,-1.7467176818847656,-1.9923560619354248,-0.2671910226345062,-1.3621466159820557,phone,user1,run
30.133188750012778,-1.8782940673828126,7.002138977050782,-1.9993922424316408,-1.7579612731933594,-1.2556077241897583,-1.344274878501892,phone,user1,run
30.153186750016175,-2.511177978515625,5.859714660644531,-1.0404862976074218,-1.1830309629440308,-1.9560153484344482,-1.3559411764144897,phone,user1,run
30.173183750011958,-2.715652770996094,3.995790710449219,-0.7599696350097657,-0.368853896856308,-2.993472099304199,-1.1655254364013672,phone,user1,run
30.19318075000774,-2.266736297607422,2.328857116699219,-1.8401234436035157,0.4317227005958557,-4.012944221496582,-0.9353248476982117,phone,user1,run
30.213177750003524,-1.6063096618652344,1.1138337707519532,-2.341880035400391,0.7581243515014648,-4.172553539276123,-0.7790318727493286,phone,user1,run
30.23317575000692,-0.9686357116699219,0.9169931030273438,-2.830763397216797,0.8407899141311646,-3.7935431003570557,-0.5988687872886658,phone,user1,run
30.253172750002705,-0.38035903930664067,1.0542576599121094,-2.8132498168945315,0.7527920603752136,-3.025489330291748,-0.44160813093185425,phone,user1,run
30.273169749998488,0.06466552734375,1.6181350708007813,-3.1729518127441407,0.6097140908241272,-2.2955093383789062,-0.2905866801738739,phone,user1,run
30.29316674999427,0.3728746032714844,3.4265245056152347,-4.044888610839844,0.4148104190826416,-1.7327895164489746,-0.10402902960777283,phone,user1,run
30.313164749997668,0.7734416198730469,8.152646484375001,-4.809498596191406,0.10855885595083237,-1.069653868675232,0.06940747052431107,phone,user1,run
30.33316174999345,0.8975335693359375,17.67763916015625,-4.872667236328125,-0.19368012249469757,-0.3493589162826538,0.053745001554489136,phone,user1,run
30.353158749989234,0.93166259765625,24.060665588378907,-3.7985009765625004,0.3622123897075653,0.3558902144432068,-0.25503650307655334,phone,user1,run
30.373155749985017,-0.00868194580078125,23.589146118164063,-4.734205169677734,1.2815971374511719,-0.2532154321670532,-0.8708810806274414,phone,user1,run
30.393153749988414,0.2697390747070313,19.59066101074219,-3.992198181152344,1.4535081386566162,-1.2945915460586548,-0.8257150053977966,phone,user1,run
30.413150749984197,0.9270222473144532,17.591568145751953,-2.625989227294922,1.2786545753479004,-1.84076726436615,-0.42115476727485657,phone,user1,run
30.433148249983788,1.2789404296875,15.794854431152345,-1.5495776367187502,1.2941854000091553,-1.9417366981506348,-0.31952711939811707,phone,user1,run
30.45314524997957,1.7634828186035156,13.8671630859375,-1.2087364196777344,1.482557773590088,-1.9403150081634521,-0.3894244432449341,phone,user1,run
30.473143249982968,1.9856208801269533,13.992003479003907,-0.7641609191894532,1.6999037265777588,-1.7816290855407715,-0.5205045342445374,phone,user1,run
30.49314024997875,2.431992645263672,13.73873016357422,-0.7622149658203126,1.9974838495254517,-1.5393015146255493,-0.5912231206893921,phone,user1,run
30.513137249974534,2.5999433898925783,12.625195770263673,1.0850935363769532,2.3261160850524902,-1.100457787513733,-0.569688081741333,phone,user1,run
30.533134249970317,1.6735198974609375,10.328970794677735,8.784183197021484,2.977719306945801,-1.285383701324463,-0.4155614376068115,phone,user1,run
30.553132249973714,0.44457550048828126,8.521329803466797,6.8232609558105475,4.399211406707764,-4.181918144226074,-0.26804956793785095,phone,user1,run
30.573129249969497,-1.044228515625,8.353229370117187,-0.2636018371582031,3.6797375679016113,-8.536089897155762,-0.2827901542186737,phone,user1,run
30.59312624996528,6.706204376220703,4.089645538330078,-0.08053253173828126,-0.20705972611904144,-10.590540885925293,0.1745128631591797,phone,user1,run
30.613123249961063,3.975732421875,4.269122314453125,-0.7708969116210938,0.044811900705099106,-0.389161616563797,0.40542808175086975,phone,user1,run
30.633120249956846,3.7612284851074222,3.5423835754394535,3.0985565185546875,-1.178279995918274,2.1740126609802246,0.6378611922264099,phone,user1,run
30.653118249960244,4.068838806152344,2.8612998962402347,5.1855166625976565,-1.6500030755996704,0.8640057444572449,0.6637080311775208,phone,user1,run
30.673115249956027,3.389850769042969,2.437830505371094,2.0074754333496094,-1.1262768507003784,-0.3885970413684845,0.8592258095741272,phone,user1,run
30.69311224995181,2.5439598083496096,2.2435345458984375,-0.7466473388671876,-1.1850731372833252,-1.2491734027862549,1.424831748008728,phone,user1,run
30.713109249947593,1.8705102539062501,5.4531600952148445,-1.4120137023925783,-1.3948965072631836,-0.9062910079956055,2.027012825012207,phone,user1,run
30.73310724995099,1.9803817749023438,11.715687103271485,-0.135318603515625,-1.70803701877594,-0.2940707802772522,2.541738986968994,phone,user1,run
30.753104249946773,-0.9300160217285157,27.690766754150392,5.943390655517579,-2.4220991134643555,-0.7984743714332581,3.1236343383789062,phone,user1,run
30.773101249942556,-0.8349636840820313,33.032109375000005,4.65636703491211,-2.2313177585601807,-3.820493221282959,4.515463352203369,phone,user1,run
30.79309824993834,-0.3838018798828125,31.56441146850586,-1.8053956604003907,-0.811923086643219,-5.485443592071533,4.507739067077637,phone,user1,run
30.813096249941736,-4.388424224853516,23.37823471069336,-1.110091552734375,-0.6452302932739258,-6.150798320770264,2.483071804046631,phone,user1,run
30.83309324993752,-5.427114257812501,15.249837799072266,-4.946613464355469,0.3612275719642639,-2.441652774810791,1.3563522100448608,phone,user1,run
30.853090249933302,-4.570296020507813,10.158774719238282,-2.0767813110351563,0.31194138526916504,2.307732343673706,1.158897042274475,phone,user1,run
30.873087249929085,-3.193309478759766,6.869514770507813,-1.3621673583984375,-0.10025737434625626,3.430913209915161,0.7092679142951965,phone,user1,run
30.893085249932483,-2.631078643798828,6.1240649414062505,-2.3593936157226563,-0.5966518521308899,2.9273483753204346,0.06731273978948593,phone,user1,run
30.913082249928266,-2.60817626953125,5.355563049316406,-1.8782940673828126,-0.9776129126548767,2.4631736278533936,-0.5691235065460205,phone,user1,run
30.93307924992405,-2.554138641357422,3.477119293212891,-0.9940827941894532,-0.9398739337921143,2.172668218612671,-0.9991196990013123,phone,user1,run
30.95307624991983,-2.1510269165039064,1.2174183654785158,-0.4496649169921875,-0.34986186027526855,1.860015630722046,-1.0610696077346802,phone,user1,run
30.97307325003203,-1.5831079101562502,0.002245330810546875,-0.2796185302734375,0.326709121465683,1.5150270462036133,-0.8342230916023254,phone,user1,run
30.993071249919012,-1.6346008300781252,-0.43828857421875,0.6448590087890625,0.6489328742027283,1.1765755414962769,-0.6084265112876892,phone,user1,run
31.01306825003121,-2.4245082092285157,-1.2457095336914064,2.355501708984375,0.8768811821937561,0.8007644414901733,-0.3879103660583496,phone,user1,run
31.033065250026993,-3.0793963623046876,-2.1104612731933594,3.107088775634766,1.5305389165878296,0.8090583086013794,-0.08459387719631195,phone,user1,run
31.053062250022776,-1.1322454833984374,-2.358944549560547,4.9090415954589846,1.9666533470153809,1.9625279903411865,0.08247027546167374,phone,user1,run
31.073060250026174,0.5307962036132813,3.9230419921875,13.094619598388672,0.9970357418060303,0.9027665853500366,0.01498409267514944,phone,user1,run
31.093057250021957,-1.6136444091796875,7.582631835937501,-6.312373352050781,-0.02105351909995079,-3.9731483459472656,0.5133248567581177,phone,user1,run
31.11305425001774,-4.812642059326172,26.11529296875,-12.298724670410158,-0.8740628957748413,-2.6354289054870605,0.40330860018730164,phone,user1,run
31.133051250013523,-3.586242370605469,29.920679626464846,-2.638862457275391,-3.226516008377075,-0.08211594074964523,-0.13015422224998474,phone,user1,run
31.15304925001692,-6.376739501953125,14.585968322753907,3.010689239501953,-2.6170496940612793,1.3969238996505737,-1.3591428995132446,phone,user1,run
31.173046250012703,-3.5317556762695315,10.078391876220703,0.10807525634765626,-0.782577395439148,1.0043247938156128,-0.7680302858352661,phone,user1,run
31.193043250008486,-3.0936167907714847,14.455439758300782,-2.3975642395019534,0.016456495970487595,0.1484580934047699,-0.7129338979721069,phone,user1,run
31.21304025000427,-2.5680596923828127,17.14010696411133,-2.126477966308594,0.08394170552492142,-0.16899824142456055,-0.8710252046585083,phone,user1,run
31.233038250007667,-1.2022998046875,16.05995315551758,-2.7836114501953126,0.20161598920822144,-0.41448765993118286,-0.9081860780715942,phone,user1,run
31.25303525000345,-0.367635498046875,15.573015747070313,-2.2830523681640624,0.424405574798584,-0.24568650126457214,-0.9530806541442871,phone,user1,run
31.273032249999233,0.6848258972167969,14.362483062744142,-2.7399023437500003,0.6909751892089844,-0.0029030097648501396,-0.8202533721923828,phone,user1,run
31.293029249995016,2.186054077148438,12.664863281250001,-2.4267535400390625,1.123534917831421,0.568378210067749,-0.6321563720703125,phone,user1,run
31.3130262499908,4.467310180664063,10.069859619140626,-1.3754896545410158,1.7545130252838135,1.0711592435836792,-0.49189865589141846,phone,user1,run
31.333024249994196,5.569767608642579,8.301736450195312,-0.9060658264160156,2.1434056758880615,1.0394446849822998,-0.7885012626647949,phone,user1,run
31.35302124998998,3.6024087524414066,8.133785705566407,1.3081297302246095,2.237304925918579,1.1639386415481567,-1.5620789527893066,phone,user1,run
31.373018249985762,1.2804373168945313,3.7820352172851566,31.303653717041016,2.901106357574463,0.48421725630760193,-1.8323522806167603,phone,user1,run
31.393015249981545,-4.121678924560547,13.489947509765626,27.94748291015625,7.52638053894043,-8.654661178588867,-2.049048900604248,phone,user1,run
31.413013249984942,9.085805969238281,4.450844421386719,-10.155930633544923,-1.7943142652511597,-14.931055068969727,0.050636809319257736,phone,user1,run
31.433009749976918,3.137176208496094,2.752775573730469,4.050876159667969,-2.7157278060913086,2.5195817947387695,0.5040330290794373,phone,user1,run
31.4530067499727,3.2425570678710938,4.058210906982422,1.187779998779297,-3.3278260231018066,1.5037188529968262,0.14898264408111572,phone,user1,run
31.473003749968484,2.245480499267578,2.412084045410156,-3.250191192626953,-3.080540180206299,0.32209280133247375,0.3441537916660309,phone,user1,run
31.49300174997188,2.2001248168945313,2.1439915466308594,-2.6587710571289063,-2.9590559005737305,1.3499200344085693,0.6971079111099243,phone,user1,run
31.512998749967664,1.7263600158691408,10.59511734008789,-4.351301422119141,-3.00156307220459,2.2798969745635986,1.062756061553955,phone,user1,run
31.532995749963447,0.947230224609375,19.265986175537112,-0.7206015014648438,-3.2384071350097656,3.645082712173462,2.5120480060577393,phone,user1,run
31.55299274995923,3.3588652038574223,26.488466949462893,3.977828063964844,-2.9276769161224365,3.982677698135376,4.682848930358887,phone,user1,run
31.572989749955013,7.16155746459961,30.65175933837891,4.137096862792969,-1.9264553785324097,2.6434919834136963,5.472610950469971,phone,user1,run
31.59298774995841,3.696712646484375,28.162585601806644,0.39547760009765626,-1.1095986366271973,-0.8277975916862488,3.604862928390503,phone,user1,run
31.612984749954194,-1.8999989318847657,18.980829162597658,-2.5066873168945314,-0.7646889686584473,-4.719590187072754,1.350462555885315,phone,user1,run
31.632981749949977,-5.886808319091797,13.565091247558595,-0.08397537231445312,-0.4966406524181366,-4.881621360778809,0.45524081587791443,phone,user1,run
31.65297874994576,-6.4235920715332036,9.831704864501953,-4.734205169677734,0.8575171232223511,-2.274197816848755,0.8468996286392212,phone,user1,run
31.672976749949157,-3.8166133117675782,6.722221069335938,-5.7330780029296875,1.6301089525222778,3.3801615238189697,1.5585875511169434,phone,user1,run
31.69297374994494,-2.6878106689453127,3.9065762329101563,-3.7606297302246094,0.7192208766937256,6.360703945159912,1.275375247001648,phone,user1,run
31.712970749940723,-2.3450234985351566,2.5468038940429687,-2.658621368408203,-0.15599167346954346,6.98080587387085,0.617720901966095,phone,user1,run
31.732967749936506,-2.3535557556152344,1.07296875,-1.4218931579589844,-0.39496544003486633,6.749446868896484,-0.5605899691581726,phone,user1,run
31.75296474993229,-4.325105895996094,0.940045166015625,-2.312241668701172,0.11145738512277603,5.532102584838867,-1.7328015565872192,phone,user1,run
31.772962749935687,-5.292394409179688,1.1401789855957032,-3.6396812438964847,0.7281070351600647,3.466698408126831,-1.444216251373291,phone,user1,run
31.79295974993147,-4.587959289550781,0.4358935546875,-5.116510162353516,0.6372042894363403,1.522796630859375,-0.3162071406841278,phone,user1,run
31.812956749927253,-3.800746307373047,1.330433349609375,-2.7737319946289065,0.23006491363048553,1.5462850332260132,0.5662742853164673,phone,user1,run
31.832953749923036,-2.5004003906250003,3.0267059326171877,0.7774832153320312,0.17168597877025604,1.8181228637695312,0.6528388857841492,phone,user1,run
31.852951749926433,-0.944835205078125,5.082081756591797,4.049828338623047,0.6441056728363037,1.142619252204895,0.06657268106937408,phone,user1,run
31.872948749922216,-3.3693434143066407,16.913029174804688,12.017160186767578,2.71510910987854,1.7701565027236938,-0.7321268320083618,phone,user1,run
31.892945750034414,-6.118526458740234,23.256537780761718,1.8648220825195314,3.0418479442596436,0.6426447033882141,-0.18813760578632355,phone,user1,run
31.912942750030197,-2.0670515441894532,14.20336395263672,-7.348518676757813,-0.5052077174186707,-0.9450395703315735,0.7371728420257568,phone,user1,run
31.932940750033595,-3.509751434326172,10.053393859863283,-6.458918609619141,-2.1473472118377686,-0.7533590793609619,-0.11729875952005386,phone,user1,run
31.952937750029378,-3.9410046386718753,11.471095733642578,-3.224893798828125,-2.779700994491577,0.40460890531539917,-0.6473203897476196,phone,user1,run
31.97293475002516,-5.099745025634766,17.014368438720705,-1.7765057373046875,-2.477337598800659,0.7699040174484253,-0.9675484895706177,phone,user1,run
31.992931750020944,-4.348457336425781,17.05478439331055,-2.3381378173828127,-1.5287610292434692,0.36356303095817566,-1.040937900543213,phone,user1,run
32.01292875001673,-1.9486477661132813,14.538516998291016,-1.6396902465820313,-0.3359912037849426,0.5887479782104492,-0.8656231760978699,phone,user1,run
32.032926750020124,-0.5068460083007813,12.828473052978516,-1.4593153381347657,1.1465129852294922,1.287682056427002,-0.7127944827079773,phone,user1,run
32.05292375001591,0.5737568664550782,12.393627319335938,-1.8836828613281251,2.3964109420776367,1.39115309715271,-0.5259473323822021,phone,user1,run
32.07292075001169,2.3569985961914064,11.442056121826173,-2.840642852783203,2.9940011501312256,1.1336891651153564,-0.23359422385692596,phone,user1,run
32.09291775000747,4.170627136230469,11.147019653320314,-1.5712825012207032,2.7594926357269287,1.406961441040039,-0.3059421181678772,phone,user1,run
32.11291575001087,4.469256134033204,11.267818450927734,-0.16241226196289063,2.5965399742126465,1.5752573013305664,-0.7728288173675537,phone,user1,run
32.13291275000665,3.144061889648438,11.735745391845704,2.8374993896484377,2.746351718902588,1.6495740413665771,-1.1735299825668335,phone,user1,run
32.152909750002436,0.9560618591308594,6.035000152587891,30.69831253051758,3.867661476135254,0.35800522565841675,-1.0528059005737305,phone,user1,run
32.17290674999822,-6.290967864990234,14.220877532958985,25.146058502197267,8.52934741973877,-9.411683082580566,-1.2709429264068604,phone,user1,run
32.192903749994,15.96130828857422,4.113446044921875,-4.914879455566407,-1.521659016609192,-20.004261016845703,0.9696055054664612,phone,user1,run
32.2129017499974,3.043920135498047,3.6751574707031254,3.1249017333984375,-1.6332621574401855,3.508136749267578,0.9381531476974487,phone,user1,run
32.23289874999318,3.0126351928710937,3.1940579223632812,1.3930032348632813,-2.7581005096435547,2.3420376777648926,0.5588476657867432,phone,user1,run
32.252895749988966,1.737436981201172,3.9481896972656254,0.24069946289062502,-2.7230589389801025,0.5922137498855591,0.19501887261867523,phone,user1,run
32.27289274998475,0.6563850402832031,7.226971435546876,-1.3900094604492188,-2.5005877017974854,0.66782146692276,0.4780772626399994,phone,user1,run
32.292890749988146,0.0077838134765625,10.243348846435547,-2.5463548278808594,-2.6279757022857666,1.0266177654266357,1.378328561782837,phone,user1,run
32.31288774998393,0.13007949829101564,16.765436096191408,-0.23126907348632814,-2.748028039932251,2.0466575622558594,2.7867560386657715,phone,user1,run
32.33288474997971,3.5982174682617187,22.749542083740234,0.5852828979492187,-2.399963140487671,2.2247307300567627,4.500310897827148,phone,user1,run
32.352881749975495,6.015390930175782,28.101811981201173,0.07559280395507813,-1.9173104763031006,1.6677637100219727,4.70244026184082,phone,user1,run
32.37287974997889,3.231929168701172,30.490095520019533,0.9776170349121094,-1.6055972576141357,0.8736060857772827,3.062798023223877,phone,user1,run
32.392876749974675,-0.12648696899414064,19.886894989013673,-1.8576370239257813,-1.0556373596191406,-0.7571880221366882,1.528850793838501,phone,user1,run
32.41287374997046,-3.07760009765625,12.223431243896485,-2.4527993774414063,-0.8221926093101501,-1.2903529405593872,0.46001794934272766,phone,user1,run
32.432870500022545,-4.5649072265625,8.79166763305664,-2.335293731689453,-0.40391767024993896,-0.21632513403892517,0.13048864901065826,phone,user1,run
32.45286750001833,-4.615202636718751,6.552623748779297,-3.4863999938964847,-0.013906989246606827,1.4031221866607666,0.2523963153362274,phone,user1,run
32.472865500021726,-3.646417236328125,4.788691864013672,-4.227808227539063,0.17575529217720032,3.1916465759277344,0.24937690794467926,phone,user1,run
32.49286250001751,-3.167563018798828,3.5643878173828125,-3.5712734985351564,0.1971222460269928,4.4367194175720215,-0.19680790603160858,phone,user1,run
32.51285950001329,-3.9101687622070314,2.0616627502441407,-1.7366885375976564,0.43217289447784424,4.650359630584717,-0.7914746999740601,phone,user1,run
32.532856500009075,-5.3350556945800784,0.8957373046875,-1.7989590454101563,1.0083224773406982,3.510061025619507,-0.9627285599708557,phone,user1,run
32.55285450001247,-4.539609832763672,-0.5845344543457032,-2.3403831481933595,1.2268548011779785,2.115675926208496,-0.31119585037231445,phone,user1,run
32.572851500008255,-4.541705474853516,-1.309027862548828,-2.0459454345703127,0.8920975923538208,1.3239474296569824,0.48893824219703674,phone,user1,run
32.59284850000404,-5.747897186279297,-1.2822335815429688,-2.3534060668945314,0.540512204170227,1.0258903503417969,1.0408902168273926,phone,user1,run
32.61284549999982,-4.620741119384766,-0.33485366821289064,1.5413447570800782,0.3347497582435608,1.7945225238800049,1.2884870767593384,phone,user1,run
32.63284350000322,2.4710614013671877,16.316669311523437,43.34611129760742,1.2087321281433105,6.614034175872803,0.7945646047592163,phone,user1,run
32.652840499999,0.3811074829101563,3.6483631896972657,3.2958462524414065,-0.8444581031799316,3.016201972961426,0.42393624782562256,phone,user1,run
32.672837499994785,-9.064400482177735,23.55441833496094,-13.118719482421875,1.199110507965088,-2.226243495941162,-1.602820873260498,phone,user1,run
32.69283449999057,-11.995904388427736,25.332420959472657,-12.919932861328126,-0.9091231226921082,-4.309736728668213,-1.8489021062850952,phone,user1,run
32.71283149998635,-3.1590307617187503,8.821455688476563,-4.036206665039063,-2.039417028427124,-2.5997283458709717,-0.06080428138375282,phone,user1,run
32.73282949998975,-3.9737864685058595,12.683125305175782,-6.566544799804688,-1.1597939729690552,-2.1883931159973145,-0.950501561164856,phone,user1,run
32.75282649998553,-3.9065762329101563,17.069004821777344,-7.3973171997070315,-0.9270146489143372,-1.1033289432525635,-1.3630472421646118,phone,user1,run
32.772823499981314,-2.548899536132813,18.274747467041017,-4.860692138671875,-0.7778081297874451,0.398979127407074,-1.4127178192138672,phone,user1,run
32.7928204999771,-1.0394384765625,15.863411865234376,-1.9269429016113282,0.26990917325019836,1.7062911987304688,-1.3920849561691284,phone,user1,run
32.812818499980494,0.23800506591796877,15.050003356933594,-1.3599220275878907,1.734621524810791,2.536161184310913,-1.2346967458724976,phone,user1,run
32.83281549997628,1.893113250732422,15.313156127929688,-1.1135343933105468,2.7031161785125732,3.095268964767456,-0.8349617719650269,phone,user1,run
32.85281249997206,4.546046447753906,15.160323944091799,0.4739144897460938,3.1806111335754395,3.4449753761291504,-0.5323794484138489,phone,user1,run
32.87280949996784,5.5799464416503906,13.80339569091797,10.07958938598633,3.5741522312164307,3.2175371646881104,-0.6989524364471436,phone,user1,run
32.89280749997124,0.9741741943359375,8.117469635009765,18.734890594482422,5.867288589477539,-0.8406397700309753,-1.0496065616607666,phone,user1,run
32.912804499967024,-2.049687652587891,11.993060302734376,15.963104553222657,9.05601978302002,-8.833821296691895,-1.4309719800949097,phone,user1,run
32.93280149996281,8.871751098632814,13.931678924560547,3.2320788574218753,3.7700202465057373,-20.062822341918945,-0.8518272638320923,phone,user1,run
32.95279849995859,5.926625518798828,3.8944514465332034,-1.4877561950683595,-0.402362585067749,-1.9521912336349487,0.6277173757553101,phone,user1,run
32.97279649996199,2.737657012939453,2.561623077392578,2.758463745117188,-1.9652825593948364,5.930524826049805,0.7073866724967957,phone,user1,run
32.99279349995777,3.2015423583984375,2.208357696533203,2.0028350830078128,-2.9262773990631104,3.4606640338897705,0.37896040081977844,phone,user1,run
33.01279049995355,3.266656951904297,3.1175669860839847,1.2976515197753906,-2.471989870071411,2.093909978866577,-0.1476544588804245,phone,user1,run
33.032787499949336,3.324287109375,5.076842651367188,-0.4159849548339844,-2.334637403488159,0.8425462245941162,0.11369364708662033,phone,user1,run
33.05278449994512,2.4035517883300783,8.235574035644532,-2.6129663085937502,-2.5066323280334473,0.33636677265167236,0.9356328845024109,phone,user1,run
33.07278249994852,0.6429130554199219,16.445401611328126,-3.9311251831054688,-2.958266496658325,0.8558328151702881,2.230745792388916,phone,user1,run
33.0927794999443,0.5746549987792969,25.821753387451174,4.611310729980469,-3.635939836502075,1.4617434740066528,4.599149703979492,phone,user1,run
33.11277649994008,8.70784194946289,30.264664306640626,1.488504638671875,-2.9471962451934814,-0.8334571719169617,6.925305366516113,phone,user1,run
33.13277449994348,6.9641180419921875,30.6945703125,-2.0315753173828126,-2.351935386657715,-2.8869473934173584,5.50799036026001,phone,user1,run
33.15277149993926,2.551893310546875,24.312442016601565,0.46059219360351566,-2.488908290863037,-4.514344215393066,3.2205440998077393,phone,user1,run
33.172768499935046,-1.4733860778808594,15.869549102783203,-1.1497590637207031,-1.5247808694839478,-5.4811320304870605,1.4980038404464722,phone,user1,run
33.19276549993083,-4.289330291748047,10.499466247558594,-6.771618347167969,0.27197587490081787,-1.8517305850982666,0.5535286664962769,phone,user1,run
33.212763499934226,-4.809498596191406,7.869435424804688,-8.146060180664064,1.1756500005722046,3.725555896759033,0.4231480360031128,phone,user1,run
33.23276049993001,-4.368216247558594,5.0392707824707035,-5.410648498535156,0.6066648960113525,6.883825778961182,0.09133946150541306,phone,user1,run
33.25275749992579,-5.342689819335938,2.635269927978516,-4.631518707275391,0.20357829332351685,7.698775291442871,-0.4777175486087799,phone,user1,run
33.272754499921575,-5.476212158203126,0.9042695617675782,-3.672912139892578,0.14220844209194183,7.0408453941345215,-0.7539416551589966,phone,user1,run
33.29275150003377,-7.681725769042969,-0.5842350769042969,-4.878804473876953,0.03580723702907562,5.278994560241699,-0.8582221865653992,phone,user1,run
33.312749499920756,-8.473728790283204,-1.7982106018066406,-5.816155242919923,-0.4110499322414398,2.740901231765747,-0.3044741153717041,phone,user1,run
33.332746500032954,-10.029443664550781,-1.1365864562988282,-5.313500518798828,-1.3536924123764038,0.8890780210494995,0.7948732376098633,phone,user1,run
33.35274350002874,-11.931987304687501,-0.7328759765625,-3.488046569824219,-1.7828696966171265,0.22985537350177765,2.1578011512756348,phone,user1,run
33.37274050002452,-8.163274383544922,0.6833290100097656,2.359992370605469,-1.0779229402542114,0.5562028288841248,3.039255380630493,phone,user1,run
33.39273850002792,-4.626578979492188,8.256979522705079,14.168336791992187,2.778679609298706,7.525485038757324,2.9011428356170654,phone,user1,run
33.4127355000237,-7.386389923095703,28.121570892333985,52.50107345581055,10.968375205993652,19.441041946411133,2.4230165481567383,phone,user1,run
33.43273274996318,-2.241887969970703,9.83963836669922,3.920197906494141,-0.9789286851882935,-5.929244518280029,1.7941850423812866,phone,user1,run
33.45272974995896,-12.893887023925782,14.557976531982423,-10.723999328613282,0.19519579410552979,-11.499197006225586,-1.7084156274795532,phone,user1,run
33.47272774996236,-9.212442626953125,11.318862304687501,-15.9460400390625,-0.9513490200042725,-10.467808723449707,-1.7086728811264038,phone,user1,run
33.49272474995814,-6.047274627685547,15.445331268310548,-16.365767211914065,-1.8089808225631714,-4.5786895751953125,-0.8055750131607056,phone,user1,run
33.512721749953926,-4.34740951538086,18.70854537963867,-12.658726043701172,-2.475126266479492,0.9558823704719543,-1.3446840047836304,phone,user1,run
33.53271874994971,-4.36896469116211,18.572029266357422,-7.550897827148438,-2.664498805999756,4.71541166305542,-2.9406933784484863,phone,user1,run
33.552716749953106,-3.899690551757813,18.78413818359375,-3.3187486267089845,-0.8097803592681885,7.1898322105407715,-3.176388740539551,phone,user1,run
33.57271374994889,-1.3096266174316407,17.91908706665039,-0.4528083801269531,1.9728283882141113,8.805866241455078,-1.731014370918274,phone,user1,run
33.59271074994467,1.9824774169921875,16.81393524169922,1.9754420471191407,3.5699989795684814,8.825671195983887,-0.24423561990261078,phone,user1,run
33.612707749940455,3.368445281982422,15.97522933959961,14.372362518310547,4.135530471801758,7.232192039489746,0.43622809648513794,phone,user1,run
33.63270574994385,2.5602758789062503,11.964619445800782,16.566649475097655,6.479705333709717,1.1088966131210327,0.9679844975471497,phone,user1,run
33.652702749939635,2.04295166015625,13.301339721679689,0.8104147338867188,9.032102584838867,-7.206334590911865,0.7507425546646118,phone,user1,run
33.67269974993542,-8.084837493896485,13.956826629638673,13.682297515869141,7.8296799659729,-10.345398902893066,0.12425791472196579,phone,user1,run
33.692697749938816,-0.14474899291992188,13.557157745361328,2.7255322265625,0.8727349042892456,-21.886350631713867,0.3270125985145569,phone,user1,run
33.7126947499346,12.515324249267579,4.705614624023438,-0.3597019958496094,2.7822368144989014,-8.647761344909668,0.7230508327484131,phone,user1,run
33.73269174993038,3.9499859619140625,2.7428961181640625,-5.242548065185547,-1.141654372215271,2.6122584342956543,0.7014960646629333,phone,user1,run
33.752688749926165,3.1856753540039064,0.8114625549316407,2.3502626037597656,-3.221240758895874,4.680705547332764,0.6820429563522339,phone,user1,run
33.77268674992956,4.327051849365235,-0.17453704833984376,4.93613525390625,-3.083075523376465,3.0672569274902344,0.48876574635505676,phone,user1,run
33.792683749925345,2.784210205078125,0.8882528686523438,1.0725196838378908,-2.183637857437134,0.9136377573013306,0.540529191493988,phone,user1,run
33.81268074992113,2.129471740722656,4.199966125488282,-3.0124855041503906,-1.8525725603103638,0.13057921826839447,1.230934739112854,phone,user1,run
33.832677750033326,1.3561798095703126,6.991810455322266,-5.597759399414063,-2.16695237159729,0.862597644329071,2.1122801303863525,phone,user1,run
33.85267574992031,1.2963043212890626,16.445251922607422,-5.709277496337891,-3.0780553817749023,2.4639573097229004,3.062933921813965,phone,user1,run
33.87267275003251,-1.2707075500488283,37.15992553710938,12.037068786621095,-4.191501617431641,3.6770975589752197,4.346708297729492,phone,user1,run
33.89266975002829,8.844507751464844,37.93261871337891,0.9976753234863281,-2.7692112922668457,-1.0396393537521362,6.344703197479248,phone,user1,run
33.91266675002407,4.34980453491211,30.589937896728518,-1.6625926208496093,-1.7915151119232178,-5.699567794799805,4.339340686798096,phone,user1,run
33.93266475002747,-1.9559825134277344,17.26614486694336,2.0579205322265626,-1.6846206188201904,-7.892269134521484,1.2808396816253662,phone,user1,run
33.95266175002325,-7.306605834960938,11.882290649414063,-4.441563720703125,0.40737566351890564,-5.109579086303711,-0.21961529552936554,phone,user1,run
33.972658750019036,-6.790030059814454,8.980125732421875,-6.075565795898438,2.2327487468719482,2.215806007385254,0.16198794543743134,phone,user1,run
33.99265575001482,-5.259013824462891,5.321284332275391,-5.031636657714844,1.8852057456970215,5.5765180587768555,0.5088661313056946,phone,user1,run
34.01265375001822,-5.089865570068359,2.8601023864746096,-3.622167663574219,1.1440632343292236,6.5218400955200195,0.3172069489955902,phone,user1,run
34.032650750014,-4.246519317626953,1.1720626831054688,-2.052831115722656,0.5269986391067505,6.215688705444336,0.10660921782255173,phone,user1,run
34.05264775000978,-7.136409759521484,0.7232958984375001,-0.5327421569824219,0.5191823840141296,5.486217021942139,-0.7236467003822327,phone,user1,run
34.072644750005566,-9.043444061279297,0.056582336425781254,-1.3942007446289064,0.9316613078117371,3.4490201473236084,-0.27995142340660095,phone,user1,run
34.09264275000896,-8.919052734375,-1.3132191467285157,-2.787802734375,0.8485303521156311,1.0992114543914795,1.3069665431976318,phone,user1,run
34.112639750004746,-7.086413726806641,-0.4099974060058594,-2.0987855529785158,0.40367600321769714,0.4417038559913635,2.6239852905273438,phone,user1,run
34.13263675000053,-0.24638763427734375,0.5117857360839844,1.9742445373535158,0.2356872707605362,1.8784863948822021,2.791625738143921,phone,user1,run
34.15263374999631,0.276624755859375,12.164902954101564,40.130947265625004,1.844770073890686,11.988811492919922,1.4894815683364868,phone,user1,run
34.17263174999971,0.5625302124023438,4.6446913146972655,5.046605529785157,1.6463507413864136,6.766389846801758,1.226481318473816,phone,user1,run
34.19262874999549,0.7685018920898438,8.506959686279297,1.3801300048828127,2.2875723838806152,-0.20964324474334717,-0.12394436448812485,phone,user1,run
34.212625749991275,-10.423873443603517,16.714392242431643,-13.695320434570313,1.9687304496765137,-6.9084601402282715,-3.0153486728668213,phone,user1,run
34.23262374999467,-15.729141082763674,20.16696258544922,-14.426699523925782,-2.2674763202667236,-10.017559051513672,-3.192689895629883,phone,user1,run
34.252620749990456,-5.926176452636719,15.173496551513672,-5.506748657226563,-4.543790817260742,-6.7208147048950195,-0.34107866883277893,phone,user1,run
34.27261774998624,-5.255271606445313,15.444283447265626,-6.340963897705079,-3.4337425231933594,-4.963381290435791,-1.3003114461898804,phone,user1,run
34.29261474998202,-4.857249298095703,17.62584686279297,-6.6294140625,-1.4256833791732788,-1.9307788610458374,-2.567904472351074,phone,user1,run
34.31261274998542,-3.0388307189941406,18.150056762695314,-7.0126171875,0.5898694396018982,1.9274884462356567,-2.3403611183166504,phone,user1,run
34.3326097499812,0.0431103515625,19.477346649169924,-4.812941436767578,2.220050811767578,5.249466419219971,-1.837031364440918,phone,user1,run
34.352606749976985,2.4060964965820313,19.606827392578126,-2.908302154541016,3.2495975494384766,6.479655742645264,-1.4019842147827148,phone,user1,run
34.37260374997277,5.249433746337891,17.16405715942383,-0.12528945922851564,3.506633996963501,6.208095550537109,-1.1823153495788574,phone,user1,run
34.392601749976166,5.105283508300782,14.27716049194336,5.325625305175781,3.6030802726745605,5.0078253746032715,-1.1543406248092651,phone,user1,run
34.41259874997195,0.4237687683105469,7.183561706542969,28.454029541015625,4.9305033683776855,2.073230266571045,-0.8799540400505066,phone,user1,run
34.43259612494148,0.5891748046875,7.38908432006836,4.387526092529297,9.072218894958496,-8.453826904296875,-0.5569384098052979,phone,user1,run
34.452593124937266,-9.482032012939454,12.103081512451173,1.926793212890625,7.533431529998779,-13.690286636352539,-1.0515549182891846,phone,user1,run
34.472591124940664,13.419893188476562,4.6511279296875,11.352392578125,0.6649719476699829,-21.086328506469727,0.2706940770149231,phone,user1,run
34.49258812493645,7.333699493408203,4.613556060791016,-4.576433258056641,2.5416505336761475,-4.166948318481445,0.005906185135245323,phone,user1,run
34.51258512493223,4.84078353881836,2.4575894165039065,-2.4740551757812503,-0.6935133934020996,1.8471511602401733,0.5935114622116089,phone,user1,run
34.53258312493563,3.532504119873047,0.9060658264160156,-0.5658233642578125,-2.301161050796509,2.3130311965942383,1.1555049419403076,phone,user1,run
34.55258012493141,2.694995727539063,1.347348175048828,-1.0889854431152344,-2.5026540756225586,1.976489782333374,1.5848557949066162,phone,user1,run
34.57257712492719,2.351759490966797,4.111051025390625,-2.0239411926269533,-2.549302816390991,1.4998244047164917,2.1546096801757812,phone,user1,run
34.592574124922976,1.39869140625,7.6086776733398445,-4.1183857727050786,-2.5955190658569336,1.3289576768875122,2.9130728244781494,phone,user1,run
34.61257212492637,-0.4037104797363281,17.788408813476565,2.2537133789062502,-3.1543731689453125,2.180006980895996,3.835422992706299,phone,user1,run
34.632569124922156,-1.5991246032714845,36.827766265869144,10.589129791259767,-2.771057605743408,0.997747004032135,5.482023239135742,phone,user1,run
34.652566125034355,6.748117218017579,36.89467712402344,-2.309547271728516,-0.813277542591095,-3.076228141784668,7.023186683654785,phone,user1,run
34.67256312503014,2.6457481384277344,29.711265106201175,3.9742355346679688,-1.0784512758255005,-5.065171241760254,4.45993185043335,phone,user1,run
34.692561125033535,-3.5555561828613285,16.845519561767578,0.281414794921875,-0.10755974799394608,-6.954921722412109,1.3137658834457397,phone,user1,run
34.71255812502932,-6.808890838623047,12.782967681884767,-8.121361541748048,1.3866608142852783,-2.471024751663208,-0.13188940286636353,phone,user1,run
34.7325551250251,-6.568640441894532,8.110134887695313,-6.626869354248047,1.085640549659729,4.692643165588379,0.19117112457752228,phone,user1,run
34.7525531250285,-5.776338043212891,5.193899230957031,-5.316194915771485,-0.6922239065170288,7.227524757385254,0.12017754465341568,phone,user1,run
34.77255012502428,-4.5180546569824225,2.6400599670410156,-3.2663575744628908,-1.7216341495513916,7.610373497009277,-0.27120113372802734,phone,user1,run
34.792547125020064,-7.303761749267578,1.6899856567382814,0.8479866027832031,-1.850540041923523,7.144494533538818,-0.6138326525688171,phone,user1,run
34.81254412501585,-7.089407501220704,0.6474037170410156,1.0891351318359375,-0.903327465057373,4.393507480621338,-0.45652762055397034,phone,user1,run
34.832542125019245,-6.462960205078125,-1.5108082580566407,-2.963986358642578,0.12998312711715698,0.18926852941513062,0.27951398491859436,phone,user1,run
34.85253912501503,-5.087620239257813,-2.6972410583496096,-4.300257568359375,0.1408204436302185,-1.200788974761963,1.0633134841918945,phone,user1,run
34.87253612501081,-4.144431610107422,-1.8841319274902344,-2.1794677734375,-0.05882667750120163,-0.5092437863349915,1.218275547027588,phone,user1,run
34.892533125006594,-1.196312255859375,-0.9186396789550781,1.2347822570800782,-0.175886869430542,0.1555323302745819,1.159969687461853,phone,user1,run
34.91253112500999,4.6765750122070315,3.9844143676757815,18.655854949951173,0.1910383105278015,0.12200838327407837,0.9035337567329407,phone,user1,run
34.932528125005774,-0.6167175292968751,7.094646606445313,6.658303985595704,4.732859134674072,5.538586139678955,-0.13400255143642426,phone,user1,run
34.95252512500156,-1.2976515197753906,13.988111572265625,-1.8778450012207033,2.1954538822174072,0.4578738510608673,-0.2679815888404846,phone,user1,run
34.972523125004955,-11.631412353515625,23.799159393310546,-10.193352813720704,-0.2681371867656708,-4.95219612121582,-2.0225579738616943,phone,user1,run
34.99252012500074,-8.977131958007813,18.220560150146486,-6.505771179199219,-2.9639523029327393,-6.070961952209473,-1.3313192129135132,phone,user1,run
35.01251712499652,-3.8157151794433597,17.095799102783204,-4.372557220458985,-3.2754409313201904,-4.9032301902771,-0.553151547908783,phone,user1,run
35.0325141249923,-4.0724313354492185,20.18477554321289,-3.7208125305175783,-2.831273078918457,-3.6991961002349854,-1.7765847444534302,phone,user1,run
35.0525121249957,-2.7511289978027347,19.163150024414062,-1.9950512695312501,-2.0044777393341064,-1.3188838958740234,-2.0819902420043945,phone,user1,run
35.072509124991484,-0.670455780029297,16.03645202636719,-2.0851638793945315,-0.6211612820625305,1.356882929801941,-1.5778032541275024,phone,user1,run
35.09250612498727,1.0572514343261719,15.044913940429689,-0.9659413146972656,0.7380088567733765,3.4601831436157227,-1.1122620105743408,phone,user1,run
35.11250312498305,2.4519012451171878,13.23772201538086,-0.08517288208007813,1.875898003578186,4.148221969604492,-0.7680350542068481,phone,user1,run
35.13250112498645,4.273313598632813,12.020303649902344,-0.3454815673828125,2.873668670654297,3.751805543899536,-0.7036121487617493,phone,user1,run
35.15249812498223,4.906646575927734,10.55724609375,-0.16106506347656252,3.460045337677002,3.303584098815918,-0.8699259757995605,phone,user1,run
35.17249512497801,4.453688507080078,9.418563995361328,1.7994081115722658,3.5521037578582764,2.9825360774993896,-1.1648818254470825,phone,user1,run
35.19249312498141,1.4913487243652344,5.913602600097657,25.65350326538086,3.9246225357055664,1.8824347257614136,-1.312723159790039,phone,user1,run
35.212490124977194,-0.3668870544433594,5.622008972167969,6.439608764648438,7.512162685394287,-6.116432189941406,-1.0976580381393433,phone,user1,run
35.23248712497298,-8.37149139404297,12.283306732177735,4.964127044677735,7.612349510192871,-11.75297737121582,-1.343017816543579,phone,user1,run
35.25248412496876,15.374678192138672,5.923931121826172,-3.5486705017089846,0.09212418645620346,-20.735759735107422,0.12650549411773682,phone,user1,run
35.27248212497216,4.514162750244141,2.82851806640625,-2.2400917053222655,-0.7313811779022217,1.8776159286499023,0.676824152469635,phone,user1,run
35.29247912496794,3.7437149047851563,1.6878900146484377,2.075284423828125,-2.4408645629882812,4.560030460357666,0.7256036400794983,phone,user1,run
35.31247612496372,4.107159118652344,1.9402651977539063,1.5941848754882812,-2.846040725708008,2.799631357192993,0.5824732184410095,phone,user1,run
35.33247412496712,3.3952395629882814,5.739963684082031,-0.8080197143554688,-2.580526113510132,1.6168460845947266,0.5758399963378906,phone,user1,run
35.352471124962904,2.055675201416016,9.053173828125,-3.277434539794922,-2.730114459991455,1.1847689151763916,1.2210912704467773,phone,user1,run
35.37246812495869,-0.5944139099121094,18.55990447998047,-3.507206726074219,-3.178809404373169,1.7910878658294678,2.5754992961883545,phone,user1,run
35.39246512495447,-1.7847386169433594,30.264065551757813,6.596183166503907,-3.603773593902588,2.414074420928955,5.028669834136963,phone,user1,run
35.41246312495787,5.816903686523438,31.01161102294922,4.102967834472657,-2.5597057342529297,-0.35999172925949097,6.899664878845215,phone,user1,run
35.43245962494984,5.741460571289063,30.699809417724612,-2.762505340576172,-1.335738182067871,-3.7460293769836426,4.747828483581543,phone,user1,run
35.452456624945626,-0.5445675659179687,20.921393737792968,-2.098935241699219,-1.62270188331604,-5.325039386749268,1.4315733909606934,phone,user1,run
35.47245462494902,-7.199578399658203,13.7569921875,0.41074584960937505,-1.468809962272644,-4.552566051483154,-0.42778170108795166,phone,user1,run
35.492451624944806,-7.123386840820313,9.608518981933594,-6.406527557373047,0.2503557503223419,0.5116970539093018,-0.08653467148542404,phone,user1,run
35.51244862494059,-6.204298095703125,6.387816467285156,-6.944957885742188,0.4662134647369385,4.992539882659912,0.3185414671897888,phone,user1,run
35.53244562493637,-4.947960662841797,3.6045043945312503,-4.906047821044922,-0.11636894941329956,6.520874500274658,0.2691252827644348,phone,user1,run
35.55244362493977,-5.594915313720703,2.449955291748047,-2.0026853942871097,-0.158517524600029,6.932896614074707,0.054316986352205276,phone,user1,run
35.57244062493555,-8.079748077392578,2.684667205810547,0.2812651062011719,0.19328297674655914,5.716036796569824,0.01527919340878725,phone,user1,run
35.592437624931335,-6.7229695129394536,0.5658233642578125,-2.2507196044921876,0.5936381816864014,2.681126594543457,0.6341296434402466,phone,user1,run
35.61243462492712,-5.777385864257813,-1.045276336669922,-1.91841064453125,0.47261637449264526,1.291540265083313,1.28549325466156,phone,user1,run
35.632432624930516,-5.773044891357422,-1.0785072326660157,-1.222657470703125,0.23326720297336578,0.3966093361377716,1.7851186990737915,phone,user1,run
35.6524296249263,-4.358785858154297,-1.447639617919922,1.5468832397460939,0.184267058968544,0.16936825215816498,2.086970090866089,phone,user1,run
35.67242662492208,2.7063720703125003,7.1367091369628906,26.072032928466797,1.7118415832519531,3.849679708480835,1.9081215858459473,phone,user1,run
35.69242462492548,-1.2048445129394532,5.922134857177735,10.444081420898438,0.9364472031593323,8.643086433410645,1.1808953285217285,phone,user1,run
35.71242162492126,0.3769161987304688,6.94361068725586,3.3666490173339847,1.4527291059494019,0.6218127608299255,0.05083777755498886,phone,user1,run
35.73241862503346,-9.00721939086914,16.799864501953127,-11.3763427734375,2.2326483726501465,-5.64849328994751,-2.4161219596862793,phone,user1,run
35.75241562502924,-15.340249786376955,21.579874420166018,-15.81910400390625,-1.3510867357254028,-9.788277626037598,-2.8784449100494385,phone,user1,run
35.77241362503264,-4.4158172607421875,12.939841461181642,-4.429438934326172,-4.1237382888793945,-7.0821943283081055,-0.16891227662563324,phone,user1,run
35.792410625028424,-4.006568298339844,14.582525482177735,-4.966971130371094,-3.6819357872009277,-5.8474507331848145,-1.0620641708374023,phone,user1,run
35.81240762502421,-5.332660675048828,18.178198242187502,-5.327271881103516,-2.920820474624634,-3.9460365772247314,-2.31488299369812,phone,user1,run
35.832405625027604,-3.9139109802246095,19.397861938476563,-6.421346740722656,-1.0869396924972534,-0.8903553485870361,-2.459804058074951,phone,user1,run
35.85240262502339,-0.6497987365722656,18.429974670410157,-6.604416046142578,0.7825612425804138,2.524470806121826,-1.768106460571289,phone,user1,run
35.87239962501917,1.4461427307128907,16.69747741699219,-3.3940420532226563,1.985486388206482,5.6255412101745605,-1.4367974996566772,phone,user1,run
35.89239662501495,3.2389645385742187,15.302977294921876,-1.227447509765625,2.894469976425171,6.864896297454834,-1.2272427082061768,phone,user1,run
35.91239462501835,4.786895599365234,14.956148529052735,0.6435118103027344,3.244948625564575,6.724369049072266,-1.2729904651641846,phone,user1,run
35.932391625014134,4.478387145996094,14.939682769775391,5.749244384765626,3.677839756011963,6.0398736000061035,-1.2770887613296509,phone,user1,run
35.95238862500992,-0.19145187377929687,8.940009155273438,30.085337219238284,5.1208391189575195,3.411057710647583,-0.8114504814147949,phone,user1,run
35.972386625013314,0.3824546813964844,7.005581817626953,8.728349304199218,9.47219181060791,-7.063607215881348,-0.12049224972724915,phone,user1,run
35.9923836250091,-12.771441650390626,15.006144561767579,-2.084714813232422,8.140867233276367,-15.055440902709961,-1.1172308921813965,phone,user1,run
36.01238062500488,18.35587875366211,6.108197937011719,7.018604736328125,-0.07742856442928314,-22.66564178466797,0.184565469622612,phone,user1,run
36.03237762500066,5.35765869140625,2.768043823242188,-1.886077880859375,0.10971197485923767,0.7317777276039124,0.5215532779693604,phone,user1,run
36.05237562500406,4.426295471191406,1.6640895080566407,-0.059725799560546876,-2.3551251888275146,4.110901832580566,0.7843309640884399,phone,user1,run
36.07237262499984,4.400399322509766,0.983155517578125,1.625020751953125,-2.917642831802368,3.306075096130371,0.569762110710144,phone,user1,run
36.09236962499563,2.9825477600097656,3.7118312072753907,0.013621673583984376,-2.6267900466918945,1.682342290878296,0.49119919538497925,phone,user1,run
36.112367624999024,2.1145028686523437,6.526128845214844,-2.5933570861816406,-2.556154251098633,0.8205116391181946,1.159091830253601,phone,user1,run
36.13236462499481,0.7491920471191407,11.677666168212891,-3.3314721679687502,-2.9176669120788574,1.127586007118225,2.1733994483947754,phone,user1,run
36.15236162499059,-0.42032592773437505,22.318438568115237,-2.1046234130859376,-3.4194440841674805,1.6627051830291748,3.7898788452148438,phone,user1,run
36.17235862498637,2.5472529602050784,34.716855926513674,9.272168426513673,-3.429382085800171,1.3838502168655396,5.904682159423828,phone,user1,run
36.19235662498977,7.764503631591797,34.9575553894043,-0.6251000976562501,-1.4541338682174683,-2.195143461227417,6.245300769805908,phone,user1,run
36.21235362498555,2.7309210205078127,27.14604949951172,-2.475102996826172,-0.886523425579071,-3.838369607925415,3.4468843936920166,phone,user1,run
36.232350624981336,-2.914589080810547,15.312557373046875,-2.7726841735839844,-0.9572256803512573,-4.2074875831604,1.0408166646957397,phone,user1,run
36.252348624984734,-6.349047088623047,10.545869750976562,-4.594545593261719,-0.5887072086334229,-1.307072639465332,0.3173542320728302,phone,user1,run
36.27234562498052,-6.414011993408203,8.032147064208985,-6.186036071777344,-0.07406517118215561,3.8394978046417236,0.5755710601806641,phone,user1,run
36.2923426249763,-6.250102844238282,5.331463165283203,-5.931265869140625,-0.8037760257720947,5.9757890701293945,0.4623142182826996,phone,user1,run
36.31233962497208,-6.930737457275391,2.873724060058594,-3.5387910461425784,-1.4461933374404907,6.946883678436279,0.2967775762081146,phone,user1,run
36.33233762497548,-10.155631256103517,1.9507434082031252,-0.3864962768554688,-0.9517115950584412,6.408891201019287,0.06743185222148895,phone,user1,run
36.35233462497126,-8.85588409423828,-0.14444961547851562,-3.3760794067382816,0.45689448714256287,2.8919827938079834,0.7086431384086609,phone,user1,run
36.372331624967046,-7.445067901611329,-2.546953582763672,-4.768334197998047,0.8428319096565247,0.5367156863212585,1.3748656511306763,phone,user1,run
36.39232962497044,-7.07054672241211,-1.8335371398925782,-4.296964416503906,0.404766708612442,-0.21289518475532532,1.920028567314148,phone,user1,run
36.41232662496623,-7.014563140869141,0.2281256103515625,-2.5006997680664065,-0.04864402487874031,0.2263406664133072,2.1377573013305664,phone,user1,run
36.43232412496582,-0.5785469055175781,-1.9586769104003907,3.126847686767578,-0.15662696957588196,1.6254647970199585,2.1967265605926514,phone,user1,run
36.4523211249616,1.2027488708496095,5.134472808837891,19.231258392333984,2.477947235107422,8.201202392578125,1.3196500539779663,phone,user1,run
36.472319124965,-1.1268566894531251,15.171700286865235,21.823867034912112,4.816958427429199,12.649181365966797,0.4051398038864136,phone,user1,run
36.49231612496078,1.8709593200683594,11.28967300415039,4.555925903320313,-0.36969345808029175,-0.5168978571891785,0.23739971220493317,phone,user1,run
36.51231312495656,-14.093193054199219,19.963385925292968,-14.59330307006836,0.44599637389183044,-7.814419269561768,-3.657055139541626,phone,user1,run
36.53231112495996,-13.707445220947266,16.528778228759766,-13.068274383544923,-3.1899518966674805,-9.608977317810059,-3.3960726261138916,phone,user1,run
36.55230812495574,-4.597539367675782,12.257560272216798,-5.342390441894532,-4.521610260009766,-4.653843879699707,-0.3048022389411926,phone,user1,run
36.57230512495153,-5.0822314453125,18.500627746582033,-6.271658020019531,-2.7070014476776123,-2.1360630989074707,-1.1992355585098267,phone,user1,run
36.59230212494731,-3.0958621215820314,19.85710693359375,-6.305787048339844,-0.7533197402954102,0.17700907588005066,-1.9221479892730713,phone,user1,run
36.61230012495071,-0.30716125488281254,18.499280548095705,-5.331014099121094,0.7572547197341919,1.972009301185608,-1.837133765220642,phone,user1,run
36.63229712494649,1.7967137145996095,16.213384094238283,-4.53856201171875,1.8296271562576294,3.220017194747925,-1.7954121828079224,phone,user1,run
36.65229412494227,2.5364753723144533,15.246394958496095,-1.966161346435547,2.291116714477539,4.534337043762207,-1.8172245025634766,phone,user1,run
36.67229212494567,3.5895355224609378,14.907350006103517,-0.041613464355468754,2.776872396469116,4.918629169464111,-1.6084898710250854,phone,user1,run
36.69228912494145,4.683011627197266,15.739768981933594,5.378615112304688,3.24379825592041,4.833992958068848,-1.2175580263137817,phone,user1,run
36.712286124937236,2.6182054138183597,11.608809356689454,29.90660888671875,4.79954195022583,2.693387031555176,-0.7671660780906677,phone,user1,run
36.73228312493302,0.3686833190917969,11.142678680419923,8.14635955810547,9.436513900756836,-7.237652778625488,-0.6601316928863525,phone,user1,run
36.75228112493642,-12.561428375244141,20.150047760009766,-2.6012905883789066,6.94804048538208,-16.655153274536133,-1.3370392322540283,phone,user1,run
36.7722781249322,11.221864013671876,6.05984848022461,-7.557933197021485,0.11588911712169647,-12.529040336608887,-0.012937851250171661,phone,user1,run
36.79227512492798,2.13875244140625,3.5884877014160157,-0.6629713439941407,-2.321068048477173,5.408284664154053,0.023669002577662468,phone,user1,run
36.81227312493138,3.8016444396972657,1.6802558898925781,5.195545806884766,-3.7423462867736816,5.296450614929199,-0.051748987287282944,phone,user1,run
36.83227012492716,4.31387924194336,0.9057664489746095,2.694097595214844,-3.1701602935791016,2.0831117630004883,-0.22210051119327545,phone,user1,run
36.852267124922946,3.425776062011719,1.204395446777344,-0.2951861572265625,-2.530102252960205,0.17292949557304382,-0.2296799123287201,phone,user1,run
36.87226412491873,2.791245574951172,4.135599975585937,-2.921474761962891,-2.5030312538146973,-0.413514643907547,-0.016641555353999138,phone,user1,run
36.89226212492213,2.596051483154297,9.105564880371094,-5.449417877197266,-2.8650193214416504,0.3681451678276062,0.6410312056541443,phone,user1,run
36.912259125034325,0.7080276489257813,18.419646148681643,-5.649551696777344,-3.4674205780029297,2.341425657272339,1.9083847999572754,phone,user1,run
36.93225612503011,1.3503419494628908,26.47499496459961,-2.857407989501953,-3.9987189769744873,4.179903030395508,4.296374320983887,phone,user1,run
36.952254125033505,7.664361877441407,28.293413543701174,3.720513153076172,-4.312018871307373,4.772262096405029,6.1773600578308105,phone,user1,run
36.97225112502929,6.419550476074219,24.871978454589843,7.995772705078125,-3.6347265243530273,2.0124878883361816,5.14388370513916,phone,user1,run
36.99224812502507,3.1271470642089847,17.427209930419924,1.146016845703125,-1.6331958770751953,-2.7853140830993652,3.0023252964019775,phone,user1,run
37.01224612502847,-0.11780502319335938,14.766492919921875,-2.91473876953125,-0.6088898777961731,-4.636390686035156,1.03917396068573,phone,user1,run
37.03224312502425,-4.802612915039063,13.32154769897461,-6.625372467041016,-0.23995693027973175,-3.9935243129730225,-0.29101303219795227,phone,user1,run
37.052240125020035,-7.941136322021484,12.549453277587892,-5.550158386230469,-0.683849036693573,-1.9177147150039673,-0.3726651668548584,phone,user1,run
37.07223712501582,-7.552843780517579,8.907227325439454,-4.165537719726562,-0.5981160998344421,2.109006643295288,0.3164833188056946,phone,user1,run
37.092235125019215,-7.238497467041016,4.898713073730469,-4.004023590087891,-0.15430870652198792,6.047646522521973,0.6685361862182617,phone,user1,run
37.112232125015,-7.39821533203125,2.573298797607422,-3.395838317871094,0.012669460847973824,7.638489246368408,0.6522746682167053,phone,user1,run
37.13222912501078,-6.811734924316407,1.3183085632324218,-0.8824150085449219,0.6428656578063965,8.126428604125977,0.9428208470344543,phone,user1,run
37.15222712501418,-4.601131896972657,0.39996826171875,-1.5280224609375002,1.171485424041748,6.187509059906006,1.5071477890014648,phone,user1,run
37.17222412500996,-5.285059661865235,0.5740562438964844,-1.6774118041992188,0.8470882773399353,3.920672655105591,1.5649889707565308,phone,user1,run
37.192221125005744,-5.155129852294922,0.5788462829589844,-0.7800279235839844,0.4173048734664917,2.178058385848999,1.5172669887542725,phone,user1,run
37.21221812500153,-2.5524920654296874,0.8214916992187501,1.0159373474121094,0.42236608266830444,1.068564772605896,1.5086530447006226,phone,user1,run
37.232216125004925,-1.2163705444335937,2.030677185058594,1.109941864013672,0.8672998547554016,0.6176459193229675,1.0931570529937744,phone,user1,run
37.25221312500071,-4.317022705078125,8.794062652587892,-0.22842498779296877,1.5684854984283447,0.7248877286911011,0.22803226113319397,phone,user1,run
37.27221012499649,-10.90497299194336,24.10736846923828,-8.979526977539063,3.052412509918213,5.737395286560059,-0.25692296028137207,phone,user1,run
37.29220812499989,-4.530628509521485,21.99151840209961,-6.048023071289063,1.4339301586151123,8.372976303100586,0.2779496908187866,phone,user1,run
37.31220512499567,-7.045698394775391,17.089362487792968,-4.101920013427734,-0.9541073441505432,4.494799613952637,-1.687835454940796,phone,user1,run
37.332202124991454,-3.590283966064453,16.46441207885742,3.1621742248535156,-1.8679548501968384,1.982502818107605,-1.651122808456421,phone,user1,run
37.35219912498724,-2.3938220214843753,18.28402816772461,4.884043579101562,-0.6992751359939575,0.24235062301158905,-1.3125640153884888,phone,user1,run
37.372197124990635,-1.6410374450683594,16.781003723144533,-1.5946339416503907,1.1430643796920776,-1.0304434299468994,-0.8237496018409729,phone,user1,run
37.39219412498642,0.28351043701171874,13.733940124511719,-3.2729438781738285,1.4963860511779785,-0.6573262214660645,-0.3581834137439728,phone,user1,run
37.4121911249822,1.098116455078125,12.509336700439453,-2.1576132202148437,1.2877790927886963,0.4894677698612213,-0.3358818590641022,phone,user1,run
37.432188750011846,2.1917422485351565,11.882440338134765,-0.9285191345214844,1.2552746534347534,1.3804304599761963,-0.20539119839668274,phone,user1,run
37.45218575000763,3.6446209716796876,10.623408508300782,1.4973362731933595,1.4487781524658203,1.8121469020843506,-0.07526043057441711,phone,user1,run
37.47218275000341,5.422623596191406,6.7828450012207036,17.636025695800782,2.214123010635376,1.3289918899536133,-0.41220033168792725,phone,user1,run
37.492179749999195,0.6204597473144532,9.973460083007813,4.233945465087891,5.246700286865234,-3.4575722217559814,-1.366491436958313,phone,user1,run
37.51217775000259,-3.3518298339843753,14.918726348876953,17.244140625,5.89558744430542,-5.378644943237305,-1.2248679399490356,phone,user1,run
37.532174749998376,7.731721801757813,7.559729461669923,2.348466339111328,-2.623300313949585,-13.368623733520508,0.5565698742866516,phone,user1,run
37.55217174999416,3.7187168884277346,4.309837646484375,-3.394640808105469,-2.460125207901001,-1.4645692110061646,0.8184046745300293,phone,user1,run
37.572169749997556,3.426674194335938,1.7408798217773438,2.3534060668945314,-2.1901659965515137,3.4851412773132324,0.2992861866950989,phone,user1,run
37.59216674999334,3.6610867309570314,1.1609857177734375,-1.058448944091797,-2.7103230953216553,2.614281415939331,0.20550476014614105,phone,user1,run
37.61216374998912,3.758833465576172,0.5122348022460937,-2.4935147094726564,-3.1138317584991455,2.1740009784698486,0.260686993598938,phone,user1,run
37.632160749984905,2.9030630493164065,3.503763885498047,-1.0735675048828126,-3.0886521339416504,3.078758955001831,0.12699930369853973,phone,user1,run
37.6521587499883,2.022893371582031,11.808494110107423,-4.762646026611328,-2.6044678688049316,3.8764073848724365,0.3784903287887573,phone,user1,run
37.672155749984086,2.252665557861328,23.954985351562502,-2.6575735473632816,-2.56506609916687,5.554401397705078,1.6544922590255737,phone,user1,run
37.69215274997987,7.198680267333985,33.97230422973633,-1.0403366088867188,-2.3383657932281494,6.0773444175720215,3.3829495906829834,phone,user1,run
37.712150749983266,8.948541412353515,33.37399841308594,-1.4762301635742188,-1.9423714876174927,4.46500301361084,2.852897882461548,phone,user1,run
37.73214774997905,4.149071960449219,23.242916107177734,-4.616100769042969,-1.351945161819458,1.1808786392211914,1.6151164770126343,phone,user1,run
37.75214474997483,1.278790740966797,16.238831176757813,-4.723128204345703,-1.065455675125122,-0.5566310286521912,1.866169810295105,phone,user1,run
37.77214274997823,-1.970951385498047,14.031072235107423,-3.2301329040527347,-0.9110074043273926,-1.4187636375427246,1.2073123455047607,phone,user1,run
37.79213974997401,-5.817352752685547,11.850556640625001,-2.2469773864746094,-0.522319495677948,-2.2270994186401367,0.6030653119087219,phone,user1,run
37.812136749969795,-6.534062347412109,8.944350128173829,-4.8139892578125005,0.5822773575782776,-0.46550253033638,0.7446214556694031,phone,user1,run
37.83213374996558,-5.794300689697266,6.565796356201172,-5.541925506591797,1.0898126363754272,3.3936777114868164,1.0870468616485596,phone,user1,run
37.852131749968976,-4.865182800292969,4.400399322509766,-4.482129364013672,0.4784069061279297,4.9738993644714355,1.2170665264129639,phone,user1,run
37.87212874996476,-5.4073553466796875,3.569776611328125,-1.9270925903320313,-0.10811139643192291,5.624380111694336,1.1119848489761353,phone,user1,run
37.89212574996054,-7.358248443603516,2.629282379150391,-1.0960208129882814,-0.07136013358831406,4.843625068664551,0.8408975005149841,phone,user1,run
37.91212374996394,-8.116870880126953,1.4166540527343752,-3.292852478027344,0.18247823417186737,2.6422793865203857,0.9390853047370911,phone,user1,run
37.93212074995972,-7.786058807373047,0.12259506225585938,-3.9109172058105472,-0.0018009115010499954,1.5733717679977417,1.3408546447753906,phone,user1,run
37.952117749955505,-6.012696533203125,-0.5408253479003906,-2.009720764160156,-0.24019759893417358,1.9390369653701782,1.581906795501709,phone,user1,run
37.97211474995129,1.567240905761719,-2.7631040954589845,5.316344604492188,-0.18475942313671112,3.477679491043091,1.5636712312698364,phone,user1,run
37.992112749954686,0.5090913391113282,3.3620086669921876,36.16239990234375,3.1417932510375977,11.802810668945312,0.8087091445922852,phone,user1,run
38.01210974995047,-2.6937982177734376,3.7793408203125,4.388573913574219,3.033477306365967,5.953066349029541,0.5251210927963257,phone,user1,run
38.03210674994625,-4.432732086181641,11.122321014404298,-4.431085510253906,2.153498888015747,-0.5427523255348206,0.26821503043174744,phone,user1,run
38.05210474994965,-9.928403778076172,24.355252990722658,-14.639556884765625,0.5396748185157776,-4.688802242279053,-0.15672536194324493,phone,user1,run
38.07210174994543,-7.127727813720703,21.925056610107422,-11.206446075439453,-3.3169431686401367,-7.432745933532715,0.05231515318155289,phone,user1,run
38.092098749941215,-3.746558990478516,15.018718414306642,-7.766898651123047,-4.132255554199219,-5.950376987457275,-0.20595799386501312,phone,user1,run
38.112095749937,-3.49912353515625,14.537469177246095,-10.200088806152344,-2.9759225845336914,-3.2784323692321777,-1.094290018081665,phone,user1,run
38.132093749940395,-2.515668640136719,16.604820098876953,-5.054539031982422,-1.0732823610305786,2.5398151874542236,-1.437907099723816,phone,user1,run
38.15209074993618,-1.8363812255859375,17.689314880371093,-0.7861651611328125,1.457306146621704,6.975489616394043,-1.3641098737716675,phone,user1,run
38.17208774993196,-0.959205322265625,18.110688629150392,0.6710545349121094,3.272174119949341,8.171027183532715,-0.9553810954093933,phone,user1,run
38.19208574993536,0.47900390625,17.905315704345703,0.6843768310546875,4.134035110473633,7.497618198394775,-0.3578682839870453,phone,user1,run
38.21208274993114,2.433190155029297,15.861166534423829,5.152585144042969,4.467700481414795,6.497441291809082,0.28848907351493835,phone,user1,run
38.232079749926925,1.1689192199707032,9.175619201660156,26.167384643554687,5.412540912628174,3.1772959232330322,0.6495605111122131,phone,user1,run
38.25207774993032,-7.201075286865235,8.92039993286133,14.569203186035157,8.526047706604004,-7.685137748718262,0.35940462350845337,phone,user1,run
38.272074749926105,-9.80326400756836,15.830031280517579,-10.01791763305664,3.948582172393799,-19.223430633544922,-0.24870619177818298,phone,user1,run
38.29207174992189,20.377574615478515,1.4172528076171875,4.683760070800782,-2.315016031265259,-19.14468765258789,2.3059990406036377,phone,user1,run
38.312068750034086,4.5548780822753905,3.907324676513672,4.2275088500976565,0.05290047824382782,2.938656806945801,0.8850269317626953,phone,user1,run
38.33206674992107,4.2381367492675786,3.2991394042968754,-0.29653335571289063,-2.0174126625061035,1.9124201536178589,0.611079752445221,phone,user1,run
38.35206375003327,2.694995727539063,2.628384246826172,-0.11526031494140626,-2.2486655712127686,1.6021705865859985,0.1944366842508316,phone,user1,run
38.37206075002905,1.654808807373047,2.0124151611328127,0.24204666137695313,-1.848631739616394,1.9042531251907349,-0.03982631862163544,phone,user1,run
38.39205875003245,1.7583934020996095,3.0470635986328127,-0.15193405151367187,-1.73296058177948,1.357604742050171,0.15617230534553528,phone,user1,run
38.41205575002823,1.4546749877929688,5.581443328857422,-1.157842254638672,-1.6799490451812744,1.0645889043807983,0.689627468585968,phone,user1,run
38.43205262499396,-0.7348219299316406,12.499157867431641,-0.4888833618164063,-1.8468918800354004,1.2588493824005127,1.657633662223816,phone,user1,run
38.45204962498974,-1.8986517333984376,25.06537628173828,3.1226564025878907,-1.9677790403366089,1.093852162361145,3.7007975578308105,phone,user1,run
38.47204762499314,5.904920654296875,32.265852813720706,0.7140151977539063,-1.5955226421356201,-0.6153794527053833,6.116810321807861,phone,user1,run
38.49204462498892,5.18087631225586,35.527420349121094,-0.15477813720703126,-1.6482192277908325,-2.5231330394744873,4.536111831665039,phone,user1,run
38.512041624984704,-1.4124627685546876,24.040906677246095,-1.2118798828125001,-1.7492436170578003,-4.523675441741943,1.9239598512649536,phone,user1,run
38.5320396249881,-5.299429779052734,13.954132232666016,-1.2061917114257814,-1.4232879877090454,-4.448052406311035,0.7705874443054199,phone,user1,run
38.552036624983884,-4.5180546569824225,9.111851806640626,-5.944737854003907,-0.019483622163534164,0.5601550936698914,0.843807578086853,phone,user1,run
38.57203362497967,-3.682342529296875,5.797294464111328,-4.477039947509766,-0.021048642694950104,4.837176322937012,0.5798558592796326,phone,user1,run
38.592031624983065,-3.2108230590820312,3.886667633056641,-3.4012271118164064,-0.5194602608680725,5.707709789276123,-0.002246004529297352,phone,user1,run
38.61202862497885,-3.0397288513183596,2.8657905578613283,-2.1710852050781253,-0.6311203241348267,5.460738182067871,-0.5417789220809937,phone,user1,run
38.63202562497463,-5.739963684082031,2.631078643798828,0.3626957702636719,-0.10687761753797531,4.615386009216309,-0.9033171534538269,phone,user1,run
38.652022624970414,-6.951544189453125,1.5103591918945314,-1.3572276306152344,0.8032436966896057,2.2687292098999023,-0.5883868932723999,phone,user1,run
38.67202062497381,-5.491480407714844,-0.6535409545898437,-2.675087127685547,1.1872464418411255,0.5722489356994629,0.4294028580188751,phone,user1,run
38.692017624969594,-3.9425015258789062,-2.023492126464844,-2.688110046386719,1.0166101455688477,0.08120352029800415,1.1973316669464111,phone,user1,run
38.71201462496538,-3.455863494873047,-2.0851638793945315,-1.9508930969238283,0.647397518157959,0.12485848367214203,1.519740104675293,phone,user1,run
38.732012624968775,-1.7401313781738281,-1.6268170166015625,0.17214202880859375,0.5048477649688721,0.7829564213752747,1.4939576387405396,phone,user1,run
38.75200962496456,2.4697142028808594,5.206772460937501,20.843854980468752,0.853786826133728,1.7202157974243164,1.0450800657272339,phone,user1,run
38.77200662496034,-1.1247610473632812,7.479945373535156,9.258846130371094,3.821462869644165,6.273278713226318,0.430647611618042,phone,user1,run
38.79200462496374,-2.1586610412597658,12.209809570312501,-2.4602838134765626,1.8119820356369019,-0.1347639113664627,0.3617332875728607,phone,user1,run
38.81200162495952,-14.222374420166016,29.441376342773438,-15.593373413085938,0.3975706696510315,-4.393192291259766,-1.5376553535461426,phone,user1,run
38.831998624955304,-8.132438507080078,17.679435424804687,-6.12451400756836,-3.566641092300415,-5.783184051513672,-0.8489458560943604,phone,user1,run
38.85199562495109,-3.130440216064453,10.274783477783204,-4.638254699707032,-3.6680307388305664,-5.027734756469727,-0.6533548831939697,phone,user1,run
38.871993624954484,-3.6241136169433594,12.724289703369141,-8.779542846679687,-1.7663086652755737,-3.0927348136901855,-1.5787204504013062,phone,user1,run
38.89199062495027,-3.5822007751464846,17.373321990966797,-8.537645874023438,0.2509516775608063,1.62907075881958,-1.8946611881256104,phone,user1,run
38.91198762494605,-1.8970051574707032,18.58774658203125,-6.728657684326172,2.2036478519439697,5.9607672691345215,-1.7954038381576538,phone,user1,run
38.93198562494945,0.4806504821777344,18.393300933837892,-4.0459364318847655,3.2214624881744385,7.79420804977417,-1.4414845705032349,phone,user1,run
38.95198262494523,1.9345770263671875,18.710042266845704,-0.8373587036132812,3.4114325046539307,7.5987091064453125,-1.2535032033920288,phone,user1,run
38.971979624941014,-0.81191162109375,18.433417510986327,35.75015716552735,3.279836893081665,5.988827705383301,-0.9999743700027466,phone,user1,run
38.99197762494441,-1.8758990478515627,11.936028900146486,5.109923858642579,7.774247169494629,-5.782156467437744,0.1488126516342163,phone,user1,run
39.011974624940194,-9.30554901123047,15.947836303710938,5.409301300048829,7.967782974243164,-12.901158332824707,0.03705347701907158,phone,user1,run
39.03197162493598,-4.471651153564453,14.036910095214845,-6.995402984619141,0.4934368133544922,-21.636741638183594,1.1842886209487915,phone,user1,run
39.05196862493176,12.314292297363282,3.437002716064453,-1.7104930114746095,-0.7190191745758057,-8.509237289428711,2.36521315574646,phone,user1,run
39.07196662493516,4.641697540283204,3.902534637451172,0.29533584594726564,-2.1119344234466553,4.432708263397217,1.4315483570098877,phone,user1,run
39.09196362493094,5.034480743408204,2.233355712890625,2.858306121826172,-3.5986125469207764,3.851548910140991,1.3934252262115479,phone,user1,run
39.11196062492672,4.5689488220214844,0.9613009643554687,3.7214112854003907,-3.1967031955718994,2.078064441680908,1.2773375511169434,phone,user1,run
39.13195862493012,2.5891658020019532,0.7023394775390626,0.8349636840820313,-2.488842010498047,0.4545315206050873,1.3393243551254272,phone,user1,run
39.151955624925904,2.0398081970214843,2.408192138671875,-1.6287629699707031,-2.431448221206665,0.016145192086696625,1.563997507095337,phone,user1,run
39.17195262492169,3.2015423583984375,6.257587280273438,-3.6256105041503908,-2.7326018810272217,0.7288562655448914,2.0549333095550537,phone,user1,run
39.191950624925084,4.65636703491211,12.210558013916016,-4.231550445556641,-3.320143222808838,2.0140230655670166,2.572636127471924,phone,user1,run
39.21194762492087,8.0999560546875,23.312820739746094,-1.1081455993652345,-4.010348796844482,3.1939504146575928,3.3772506713867188,phone,user1,run
39.231944625033066,12.004137268066406,34.511333312988285,7.579338684082032,-4.0745344161987305,2.8316426277160645,3.9915058612823486,phone,user1,run
39.25194162502885,9.324110412597657,30.825248565673828,6.033353576660157,-2.8156144618988037,-1.7844350337982178,3.555990695953369,phone,user1,run
39.271939625032246,4.2767564392089845,18.56424545288086,-1.1487112426757813,-0.9736511707305908,-5.883558750152588,1.9488309621810913,phone,user1,run
39.29193662502803,1.1708651733398439,11.691138153076173,-1.026116180419922,-0.19205142557621002,-5.37617301940918,0.27679842710494995,phone,user1,run
39.31193362502381,-3.177891540527344,9.580676879882812,-2.5628205871582033,0.7458309531211853,-3.500723123550415,-0.9157751798629761,phone,user1,run
39.33193162502721,-4.414769439697266,9.113797760009765,-6.8126330566406255,2.043856620788574,1.3552906513214111,-0.9763884544372559,phone,user1,run
39.35192862502299,-4.907694396972657,7.667655029296875,-6.148464202880859,1.8800632953643799,5.498124599456787,-0.6910988688468933,phone,user1,run
39.371925625018775,-4.92700424194336,4.7943800354003905,-4.629423065185547,0.873647153377533,6.807735443115234,-0.70357745885849,phone,user1,run
39.39192362502217,-4.657414855957032,2.212998046875,-4.073628845214844,0.1596071571111679,7.019878387451172,-0.727716326713562,phone,user1,run
39.411920625017956,-4.957241363525391,0.1968406677246094,-3.2178584289550782,-0.28301337361335754,6.932977199554443,-0.5859051942825317,phone,user1,run
39.43191799998749,-4.672084350585938,-0.469423828125,-2.4173231506347657,-0.34195059537887573,6.227009296417236,-0.43321704864501953,phone,user1,run
39.45191499998327,-3.793561248779297,-0.8436456298828126,-3.0933174133300785,-0.5843358635902405,4.611792087554932,-0.08946262300014496,phone,user1,run
39.47191299998667,-4.269122314453125,-0.4197271728515625,-2.0649559020996096,-1.1052684783935547,3.919354200363159,0.07654683291912079,phone,user1,run
39.491909999982454,-3.5628909301757816,0.3391946411132813,0.6080355834960938,-1.4278846979141235,3.607393503189087,0.2384529858827591,phone,user1,run
39.51190699997824,-1.8568885803222657,0.8207432556152344,1.6985179138183595,-1.399053692817688,2.907158374786377,0.47406697273254395,phone,user1,run
39.531904999981634,-0.4165837097167969,2.7857070922851563,4.588707733154297,-1.0166047811508179,2.291369676589966,0.43169885873794556,phone,user1,run
39.55190199997742,-5.6872732543945315,9.619745635986328,-1.6444802856445313,0.8006507158279419,3.702277183532715,0.08677979558706284,phone,user1,run
39.5718989999732,-11.460767211914064,27.445127563476564,-7.165449371337891,1.0050750970840454,4.0875749588012695,1.0806281566619873,phone,user1,run
39.5918969999766,-3.922592926025391,30.22799057006836,-2.4676185607910157,-0.02364998869597912,5.394754886627197,2.3855409622192383,phone,user1,run
39.61189399997238,-8.426277465820313,30.078900604248048,-3.5295103454589847,-0.204127237200737,3.0937469005584717,-0.6274328827857971,phone,user1,run
39.631890999968164,-3.9942938232421876,18.120568084716798,0.9141490173339845,-0.04393845424056053,0.9449313879013062,-1.001356840133667,phone,user1,run
39.65188899997156,-0.9825567626953126,13.579161987304689,1.7221687316894532,1.0791215896606445,-0.07225806266069412,-0.3109229803085327,phone,user1,run
39.671885999967344,0.7330256652832031,14.266981658935547,-4.693938903808594,2.4044501781463623,0.1488570272922516,-0.24619950354099274,phone,user1,run
39.69188299996313,1.60705810546875,13.751603393554689,-4.668042755126954,1.9249019622802734,1.484375238418579,-0.45186081528663635,phone,user1,run
39.71187999995891,2.0181033325195314,13.350886688232423,-1.8095869445800783,1.216894268989563,2.8454456329345703,-0.5890631675720215,phone,user1,run
39.73187799996231,6.100713500976563,12.509785766601563,16.437767486572266,1.1988807916641235,3.601215362548828,-0.461022287607193,phone,user1,run
39.75187499995809,4.258045349121094,10.90257797241211,8.976084136962891,4.134215831756592,-0.22779326140880585,-0.8199250102043152,phone,user1,run
39.77187199995387,-2.8698321533203126,9.705816650390625,23.437810821533205,6.187283039093018,-3.3923163414001465,-0.9856352210044861,phone,user1,run
39.79186999995727,2.169588317871094,10.509345703125,3.8811291503906253,-0.8773300647735596,-10.449592590332031,-0.7848720550537109,phone,user1,run
39.811866999953054,3.2241453552246093,6.738387451171875,-0.9174421691894532,-3.3222525119781494,-1.98549485206604,0.5404558777809143,phone,user1,run
39.83186399994884,3.4380505371093752,3.9667510986328125,4.605472869873047,-1.899045467376709,2.906799793243408,0.30217254161834717,phone,user1,run
39.851861999952234,3.8574783325195314,2.741249542236328,0.04460723876953125,-1.5933902263641357,2.7635068893432617,-0.19546808302402496,phone,user1,run
39.87185899994802,3.3495845031738285,3.6280055236816406,-4.53377197265625,-2.9475903511047363,1.7278579473495483,-0.2178058922290802,phone,user1,run
39.8918559999438,3.5091526794433596,2.6358686828613282,-2.6237438964843753,-3.3555426597595215,3.0856761932373047,0.18126387894153595,phone,user1,run
39.91185299993958,4.023782501220703,4.314927062988281,0.7379653930664063,-2.9379005432128906,4.1634063720703125,0.4305894374847412,phone,user1,run
39.93185099994298,3.624562683105469,7.907606048583985,-4.818180541992188,-2.6719677448272705,3.4694578647613525,0.8627703785896301,phone,user1,run
39.951847999938764,4.734354858398437,13.109588470458984,-5.812113647460937,-2.751425266265869,5.1920881271362305,1.706177830696106,phone,user1,run
39.97184499993455,7.350614318847657,20.544627227783206,-0.3291654968261719,-3.2624475955963135,6.743162631988525,2.546505928039551,phone,user1,run
39.991842999937944,10.986852722167969,28.47812942504883,1.7658778381347657,-3.13801646232605,5.450709342956543,3.156107187271118,phone,user1,run
40.01183999993373,9.97959732055664,31.57429092407227,-2.7390042114257813,-2.4474194049835205,2.075453519821167,2.666107177734375,phone,user1,run
40.03183699992951,7.624245300292969,27.1402116394043,-6.038143615722657,-1.6504393815994263,-0.8205314874649048,2.7598156929016113,phone,user1,run
40.05183499993291,3.429518280029297,21.17137390136719,-7.406897277832032,-0.25189656019210815,-2.512387990951538,2.446056842803955,phone,user1,run
40.07183199992869,-1.1302995300292968,17.28919692993164,-9.460027770996094,0.6972533464431763,-2.910169839859009,1.043668270111084,phone,user1,run
40.09182899992447,-4.247118072509766,13.420342254638673,-7.440876617431641,1.257967233657837,-1.0042015314102173,0.11704740673303604,phone,user1,run
40.11182699992787,-8.441695404052735,12.144994354248048,-5.860014038085938,1.45661461353302,2.151235580444336,-0.26902055740356445,phone,user1,run
40.131823999923654,-8.848249969482422,9.866582336425783,-6.359375610351563,1.867183804512024,7.1473708152771,0.26195240020751953,phone,user1,run
40.15182099991944,-10.359956359863281,7.445966033935547,-4.022135925292969,0.9515718221664429,8.942078590393066,0.7618892192840576,phone,user1,run
40.171818000031635,-9.925859069824218,4.007017364501953,-1.3431568908691407,0.22787749767303467,9.032400131225586,1.546613335609436,phone,user1,run
40.19181599991862,-8.568930816650392,1.4178515625,-1.3886622619628908,-0.15620815753936768,6.8439106941223145,2.1087868213653564,phone,user1,run
40.211813000030816,-7.568561096191407,0.03397933959960937,-2.851121063232422,-0.38529476523399353,4.324677467346191,2.2074527740478516,phone,user1,run
40.2318100000266,-7.655979309082031,-1.57352783203125,-4.103566589355469,-0.6713148951530457,3.5992391109466553,1.9802758693695068,phone,user1,run
40.251808000029996,-6.791976013183594,-2.3929238891601563,-2.1345611572265626,-1.1457288265228271,4.632169246673584,1.537712574005127,phone,user1,run
40.27180500002578,-5.527256011962891,-3.380121002197266,4.988526306152344,-1.3944498300552368,6.181764125823975,1.1181713342666626,phone,user1,run
40.29180200002156,-1.284778289794922,-0.8680448913574219,34.92656982421875,0.5420318245887756,13.071563720703125,0.9169192314147949,phone,user1,run
40.31180000002496,-0.5078938293457032,-0.04296066284179688,2.5478517150878908,3.327690839767456,5.287589073181152,0.44685861468315125,phone,user1,run
40.33179700002074,-1.4251863098144533,3.7507502746582033,-2.3845413208007815,4.030689716339111,-0.28556856513023376,0.4823742210865021,phone,user1,run
40.351794000016525,-8.535999298095703,22.248084869384765,-19.484232330322268,2.7546257972717285,-5.2684221267700195,-0.23676222562789917,phone,user1,run
40.37179100001231,-14.584920501708986,32.245345458984374,-21.74288543701172,-3.5942013263702393,-12.039875030517578,-0.9361702799797058,phone,user1,run
40.391789000015706,-5.407505035400391,22.477407989501955,-11.984378356933595,-6.302728652954102,-8.914748191833496,0.263184517621994,phone,user1,run
40.41178600001149,-2.5246499633789066,15.816110229492189,-10.433004455566406,-4.696465492248535,-3.4745068550109863,-0.8621760606765747,phone,user1,run
40.43178300000727,-2.3775059509277345,16.876654815673827,-4.821174316406251,-1.8824973106384277,4.279176712036133,-1.7634525299072266,phone,user1,run
40.45178100001067,-2.4002586364746095,18.419646148681643,1.2735516357421877,1.4323930740356445,9.65822982788086,-1.3985545635223389,phone,user1,run
40.47177800000645,-0.12289443969726563,17.890496520996095,4.240232391357422,3.8902676105499268,10.800313949584961,-0.04092831537127495,phone,user1,run
40.491775000002235,5.175038452148438,15.566429443359375,19.08785659790039,5.306729316711426,9.036969184875488,0.8587058186531067,phone,user1,run
40.51177300000563,4.334536285400391,13.222603454589844,7.213200073242188,8.113924026489258,2.2000999450683594,0.780826210975647,phone,user1,run
40.531770000001416,-5.019362182617188,11.593690795898437,11.106903076171875,8.42360782623291,-3.654573917388916,0.05060727149248123,phone,user1,run
40.5517669999972,-4.238735504150391,13.84171600341797,5.641917572021485,2.5719146728515625,-14.171786308288574,-0.7200407981872559,phone,user1,run
40.571765000000596,6.276747436523438,7.4149804687500005,-1.354233856201172,-1.1107717752456665,-12.398805618286133,0.8108806610107422,phone,user1,run
40.59176199999638,3.5916311645507815,7.129374389648438,0.298179931640625,-0.5192746520042419,0.7014951705932617,0.7148050665855408,phone,user1,run
40.61175899999216,5.672005004882813,3.3632061767578127,13.842314758300782,-0.6028158664703369,3.5873241424560547,0.3819066286087036,phone,user1,run
40.631755999987945,3.479813690185547,5.0093330383300785,-1.2401710510253907,-0.9212144613265991,-1.0092567205429077,-0.13993659615516663,phone,user1,run
40.65175399999134,2.8937823486328127,2.9440777587890627,-2.6640101623535157,-2.136960029602051,-1.9606215953826904,0.013994783163070679,phone,user1,run
40.671750999987125,3.1754965209960937,0.549656982421875,-1.8241067504882813,-2.366544246673584,-0.14640462398529053,-0.02646894007921219,phone,user1,run
40.69174799998291,3.1175669860839847,2.1701870727539063,4.376000061035157,-1.7063319683074951,2.1998562812805176,-0.14081403613090515,phone,user1,run
40.711745999986306,2.0371138000488282,6.389612731933594,-3.723955993652344,-2.013108491897583,0.8429349064826965,0.18439237773418427,phone,user1,run
40.73174299998209,-0.4550537109375,13.971795501708986,-3.3817675781250003,-2.5638365745544434,2.0643672943115234,1.0901516675949097,phone,user1,run
40.75173999997787,-0.7149133300781251,24.83964569091797,3.3594639587402346,-2.9841322898864746,3.424302339553833,3.1137683391571045,phone,user1,run
40.77173799998127,6.2156744384765625,26.359285583496096,-2.0459454345703127,-2.4577739238739014,2.141019344329834,5.274742603302002,phone,user1,run
40.79173499997705,5.413043518066407,32.53589126586914,-2.2302122497558594,-2.6677863597869873,1.9304521083831787,3.9819936752319336,phone,user1,run
40.811731999972835,1.2868739318847657,28.595485382080078,-3.412753143310547,-2.5615923404693604,1.6798280477523804,1.9665963649749756,phone,user1,run
40.83172899996862,-0.6744973754882813,19.329454193115236,-4.536316680908203,-1.9138023853302002,1.1912868022918701,1.2455685138702393,phone,user1,run
40.851726999972016,-2.6735902404785157,13.220058746337891,-4.103416900634766,-1.3052868843078613,0.8278174996376038,0.5823469161987305,phone,user1,run
40.8717239999678,-3.792214050292969,8.908873901367189,-3.519181823730469,-0.8679682016372681,0.9580963850021362,0.40213027596473694,phone,user1,run
40.89172099996358,-3.9712417602539065,6.719227294921875,-3.597169647216797,-0.5326749682426453,1.1621102094650269,0.38579630851745605,phone,user1,run
40.91171899996698,-4.235592041015625,5.228028259277344,-4.008065185546875,-0.38231226801872253,1.373761534690857,0.2650796175003052,phone,user1,run
40.93171599996276,-5.431006164550782,4.578977966308594,-3.4123040771484376,-0.12796729803085327,1.9800184965133667,0.11780782788991928,phone,user1,run
40.951712999958545,-6.876999206542969,3.266956329345703,-2.2746697998046876,0.2582148313522339,2.405310869216919,0.36408013105392456,phone,user1,run
40.97171099996194,-7.300318908691406,0.3288661193847656,-3.2947984313964844,0.54869544506073,2.30332350730896,1.1480249166488647,phone,user1,run
40.991707999957725,-6.760990447998047,-1.4090199279785156,-3.1524444580078126,0.6773231625556946,2.547276735305786,2.0946757793426514,phone,user1,run
41.01170499995351,-7.2194869995117195,-2.2646406555175784,-3.441493377685547,0.5656818747520447,2.8336610794067383,2.59015154838562,phone,user1,run
41.031702999956906,-5.4953723144531255,-2.0842657470703125,-1.024768981933594,0.44146275520324707,3.4587748050689697,2.651829957962036,phone,user1,run
41.05169999995269,-1.8556910705566407,-2.417622528076172,5.248685302734375,0.8925269842147827,5.695747375488281,2.3606414794921875,phone,user1,run
41.07169699994847,-4.126319274902344,11.847712554931642,35.247801818847655,3.21661376953125,8.734936714172363,1.64737069606781,phone,user1,run
41.091693999944255,0.36179763793945313,5.800886993408203,4.221670989990234,3.384185314178467,2.9667909145355225,1.1542706489562988,phone,user1,run
41.11169199994765,-3.902235260009766,15.186669158935548,-3.5251693725585938,1.7204185724258423,-4.033646106719971,-0.11244431138038635,phone,user1,run
41.131688999943435,-16.36412063598633,25.259073486328127,-17.324822845458986,0.4246719181537628,-9.353694915771484,-2.5777781009674072,phone,user1,run
41.15168599993922,-6.246959381103516,14.1449853515625,-7.300767974853516,-2.958087921142578,-7.68030309677124,-0.4797845780849457,phone,user1,run
41.171683999942616,-3.8113742065429688,13.025912475585939,-6.477480010986328,-3.3171024322509766,-5.41309118270874,-0.22113151848316193,phone,user1,run
41.1916809999384,-3.622467041015625,15.539485473632814,-7.646399230957032,-3.074425220489502,-3.215331554412842,-1.4607670307159424,phone,user1,run
41.21167799993418,-3.274740142822266,17.89468780517578,-5.234015808105469,-2.3547487258911133,0.2505796551704407,-2.196260690689087,phone,user1,run
41.23167599993758,-2.3083497619628908,18.70225845336914,-4.032913513183594,-0.4400334358215332,3.8137776851654053,-2.1505191326141357,phone,user1,run
41.25167299993336,-0.7420069885253907,18.560802612304688,-1.9486477661132813,2.0963244438171387,6.876710891723633,-1.4411592483520508,phone,user1,run
41.271669999929145,2.2311103820800784,15.839611358642578,-0.7177574157714844,3.5968732833862305,8.045299530029297,-0.340019166469574,phone,user1,run
41.29166799993254,4.729714508056641,12.557985534667969,0.8843609619140625,3.9664134979248047,7.912813663482666,0.10669854283332825,phone,user1,run
41.311664999928325,4.374054107666016,10.787766723632814,7.836653594970704,4.06191873550415,6.828936576843262,-0.0014126377645879984,phone,user1,run
41.33166199992411,-1.2014016723632812,5.25272689819336,26.67767349243164,5.848883152008057,2.9774465560913086,0.11697600036859512,phone,user1,run
41.35165899991989,-4.91502914428711,6.2789927673339845,20.876038055419922,9.834064483642578,-8.190422058105469,0.3553570508956909,phone,user1,run
41.37165699992329,-14.211297454833986,15.75204345703125,-17.40131378173828,6.093388080596924,-21.492477416992188,-0.5684908032417297,phone,user1,run
41.39165399991907,18.85868316650391,5.496719512939453,0.7116201782226563,-0.3698706030845642,-20.639179229736328,1.7428443431854248,phone,user1,run
41.41165100003127,2.4101380920410156,3.2539334106445312,3.7423677062988285,-0.2893170118331909,3.5741307735443115,1.5026408433914185,phone,user1,run
41.431648291647434,4.718936920166016,1.5355068969726564,4.026177520751953,-2.406498908996582,5.425811767578125,1.8158997297286987,phone,user1,run
41.45164529164322,5.666017456054687,1.8889219665527344,4.983137512207032,-2.719123601913452,2.6559009552001953,1.296657919883728,phone,user1,run
41.471642291639,4.089196472167969,5.538931732177734,-0.8999285888671875,-1.7925353050231934,0.511558473110199,0.9677210450172424,phone,user1,run
41.4916402916424,2.8734246826171876,6.994804229736329,-5.93770248413086,-1.7573919296264648,0.6156271696090698,1.7538031339645386,phone,user1,run
41.51163729163818,2.4373814392089845,12.13361801147461,-6.0959234619140625,-2.685962200164795,2.5701801776885986,2.6413512229919434,phone,user1,run
41.531634291633964,3.0672715759277347,23.986270294189456,0.15657440185546875,-3.791943073272705,4.1499128341674805,3.8154685497283936,phone,user1,run
41.55163129162975,5.005291442871094,36.394866485595706,10.63104263305664,-4.039392471313477,2.6467058658599854,4.831338405609131,phone,user1,run
41.571629291633144,8.26566146850586,33.90988403320313,-0.49636779785156254,-2.389418601989746,-2.525829315185547,4.770351886749268,phone,user1,run
41.59162629162893,2.9865893554687504,22.152134399414063,-0.34368530273437503,-2.2547497749328613,-5.277685165405273,2.3783304691314697,phone,user1,run
41.61162329162471,-2.173330535888672,13.100158081054689,0.5662724304199219,-1.895444631576538,-6.293308258056641,0.14547105133533478,phone,user1,run
41.63162129162811,-6.196663970947266,9.528884582519531,-4.371359710693359,-0.35598325729370117,-3.613180637359619,-0.7657729387283325,phone,user1,run
41.65161829162389,-7.1790710449218755,8.531808013916017,-6.718329162597657,0.9331398606300354,2.4519481658935547,-0.4405001103878021,phone,user1,run
41.67161529161967,-7.3533087158203125,6.324498138427734,-6.378236389160157,0.3976808786392212,5.886302947998047,-0.05404388904571533,phone,user1,run
41.69161329162307,-9.362430725097656,4.789440307617188,-2.525548095703125,-0.34176790714263916,7.105236053466797,0.10677788406610489,phone,user1,run
41.711610291618854,-10.227481842041016,2.792293395996094,0.2585124206542969,-0.19136108458042145,6.174437522888184,0.41687941551208496,phone,user1,run
41.73160729161464,-8.574020233154297,-0.18172210693359375,-1.845212860107422,0.6204476952552795,2.8293676376342773,1.22233247756958,phone,user1,run
41.75160429161042,-6.516548767089844,-1.7127383422851563,-3.6021093750000004,0.910656213760376,0.21516261994838715,1.924975037574768,phone,user1,run
41.77160229161382,-5.402565307617188,-2.0336709594726563,-3.6577935791015626,0.5644118189811707,-0.4686761200428009,2.2370765209198,phone,user1,run
41.7915992916096,-4.165837097167969,-2.391576690673828,-0.20746856689453125,0.32458367943763733,0.6563776135444641,2.0560250282287598,phone,user1,run
41.81159629160538,2.970872039794922,1.6423846435546876,13.541739807128907,1.598111629486084,5.992542743682861,1.729385495185852,phone,user1,run
41.83159429160878,-0.28186386108398437,8.68673583984375,16.23299331665039,1.8344403505325317,10.326786994934082,0.9301702976226807,phone,user1,run
41.851591291604564,1.3486953735351563,5.772296447753907,3.932322692871094,0.3735837936401367,1.7682496309280396,0.2823066711425781,phone,user1,run
41.87158829160035,-4.033961334228516,14.115346984863281,-1.85135009765625,1.7559791803359985,-2.908076047897339,-2.3118221759796143,phone,user1,run
41.891586291603744,-19.84947280883789,24.16140609741211,-16.638050994873048,0.712997555732727,-7.86726713180542,-4.510014533996582,phone,user1,run
41.91158329159953,-7.788004760742188,16.256793823242187,-6.093827819824219,-2.8256936073303223,-6.035791397094727,-0.825054407119751,phone,user1,run
41.93158029159531,-4.992717590332031,15.468233642578125,-3.6550991821289065,-2.777182102203369,-4.759875297546387,-0.3193853497505188,phone,user1,run
41.95157829159871,-4.74977279663086,17.686919860839843,-9.053922271728515,-1.362811803817749,-4.986900806427002,-1.7575677633285522,phone,user1,run
41.97157529159449,-2.9594956970214845,17.875677337646486,-8.292306060791017,-0.3691983222961426,-1.6227837800979614,-2.120725631713867,phone,user1,run
41.99157229159027,-0.9114546203613282,16.888779602050782,-5.628146209716797,0.6387426257133484,2.2089953422546387,-1.9293267726898193,phone,user1,run
42.011569291586056,0.9419911193847657,16.17925506591797,-3.2950978088378906,1.3189525604248047,4.4772515296936035,-1.6892704963684082,phone,user1,run
42.031567291589454,2.190095672607422,14.977254638671877,-0.5057981872558595,2.1025407314300537,5.675773620605469,-1.4040313959121704,phone,user1,run
42.05156429158524,3.6324961853027347,13.78333740234375,1.2964540100097657,2.696594715118408,5.562388896942139,-1.1097389459609985,phone,user1,run
42.071561291697435,4.5673022460937505,12.350816345214845,5.361400909423828,3.227600574493408,4.7954912185668945,-0.8546900749206543,phone,user1,run
42.09155929170083,2.848576354980469,6.873406677246094,20.50645660400391,4.426130294799805,2.689263343811035,-0.5544976592063904,phone,user1,run
42.111556291696616,1.7610877990722658,5.744154968261719,4.658462677001953,7.5923261642456055,-4.189411640167236,-0.38938623666763306,phone,user1,run
42.1315532916924,-0.9069639587402344,6.674320678710938,9.43248504638672,8.007157325744629,-7.439035892486572,-0.6971762180328369,phone,user1,run
42.151551291695796,-6.9871701049804695,12.06086929321289,-6.1611877441406255,5.625997543334961,-14.63919448852539,-0.8292062878608704,phone,user1,run
42.17154829169158,12.962594146728517,5.23790771484375,8.302335205078126,0.19111454486846924,-17.601736068725586,0.60912024974823,phone,user1,run
42.19154529168736,6.601571960449219,3.027903442382813,-0.3303630065917969,0.7635048031806946,-2.253074884414673,0.5707818269729614,phone,user1,run
42.211542291683145,4.358486480712891,3.4187406921386723,-0.41628433227539063,-1.7035988569259644,2.3942484855651855,0.9775938391685486,phone,user1,run
42.23154029168654,3.709436187744141,3.001109161376953,0.6779402160644532,-2.707381010055542,2.5859320163726807,1.2974308729171753,phone,user1,run
42.251537291682325,2.56506591796875,2.938539276123047,-0.2854563903808594,-2.788547992706299,1.752833366394043,1.5350011587142944,phone,user1,run
42.27153429167811,2.1371058654785156,7.230264587402344,-3.423381042480469,-2.6775712966918945,1.0386840105056763,2.0160670280456543,phone,user1,run
42.291532291681506,1.3033396911621093,14.20965087890625,-4.7416896057128906,-3.125091314315796,1.2994458675384521,3.0037519931793213,phone,user1,run
42.31152929167729,-0.1299298095703125,25.01118896484375,-0.1681004333496094,-3.8637807369232178,2.246659517288208,4.713563442230225,phone,user1,run
42.33152629167307,-0.5225633239746094,37.56049255371094,16.37325164794922,-3.5328290462493896,1.4103198051452637,7.0667219161987305,phone,user1,run
42.35152429167647,7.254364471435547,31.29676803588867,-0.5345384216308594,-0.5431088805198669,-3.805548667907715,7.745323657989502,phone,user1,run
42.37152129167225,2.4743545532226565,22.73457321166992,-3.0693672180175784,-0.26923319697380066,-6.673724174499512,4.1801958084106445,phone,user1,run
42.391518291668035,-5.083279266357422,14.932497711181641,1.9956500244140627,-0.6682740449905396,-7.75063943862915,0.7746532559394836,phone,user1,run
42.41151529166382,-7.511380004882813,13.030552825927735,-8.986562347412109,1.5349321365356445,-1.1390317678451538,-0.3432440459728241,phone,user1,run
42.431513291667216,-7.159312133789063,10.39154067993164,-7.817942504882813,1.2244020700454712,5.230278968811035,-0.18177378177642822,phone,user1,run
42.451510541606694,-7.561974792480469,6.808441772460938,-5.493426361083984,-0.21974170207977295,7.430264472961426,-0.19438496232032776,phone,user1,run
42.47150754160248,-10.408904571533204,5.688470764160156,-1.3425581359863281,-1.1490061283111572,8.136445045471191,-0.12718583643436432,phone,user1,run
42.491505541605875,-8.401429138183595,2.7634034729003907,0.09819580078125001,-1.2493795156478882,6.49339485168457,0.3940349221229553,phone,user1,run
42.51150254160166,-8.023465118408204,-0.3209326171875,-0.27767257690429686,-0.6519289016723633,3.5326156616210938,0.7664201259613037,phone,user1,run
42.53149954159744,-7.330705718994141,-1.8047969055175783,-0.28530670166015626,0.3339773118495941,0.6777368187904358,1.5757733583450317,phone,user1,run
42.55149754160084,-7.244784393310547,-1.787732391357422,-1.028511199951172,0.9184162020683289,-1.3076114654541016,2.436302423477173,phone,user1,run
42.57149454159662,-4.5920008850097656,-1.5548167419433594,-0.9544152832031251,1.1624149084091187,-2.0653676986694336,2.9104366302490234,phone,user1,run
42.591491541592404,-4.55772216796875,-1.3009446716308595,0.7646099853515625,1.4511545896530151,-1.10171639919281,2.468916416168213,phone,user1,run
42.61148854158819,-0.13696517944335937,9.984387359619141,39.62963973999024,1.8263449668884277,6.746137619018555,1.4184378385543823,phone,user1,run
42.631486541591585,1.4636563110351564,2.820883941650391,9.90535171508789,-0.28007209300994873,5.090447902679443,1.2265092134475708,phone,user1,run
42.65148354158737,2.388732604980469,3.357667694091797,1.9785855102539063,2.2928175926208496,-2.0382165908813477,0.5220500826835632,phone,user1,run
42.671480541699566,-1.4203962707519533,17.878970489501953,-12.5259521484375,2.9556219577789307,-7.229438781738281,-1.5666873455047607,phone,user1,run
42.69147854158655,-23.171963653564454,36.96577926635742,-27.23032424926758,-2.4043233394622803,-14.876838684082031,-5.191441059112549,phone,user1,run
42.711475541698746,-9.851912841796876,21.471050720214844,-4.562362518310547,-7.436556339263916,-9.241801261901855,-1.1538127660751343,phone,user1,run
42.73147254169453,-3.736080780029297,17.713863830566407,-0.718505859375,-5.522921085357666,-6.282375812530518,0.08900775015354156,phone,user1,run
42.75147054169793,-2.725382537841797,16.540603637695312,-1.2522958374023438,-1.5961577892303467,-2.707270622253418,-1.3796321153640747,phone,user1,run
42.77146754169371,-2.2408401489257814,14.662159881591798,-1.3959970092773437,1.4534143209457397,0.8760251402854919,-1.7747812271118164,phone,user1,run
42.79146454168949,-1.0617420959472657,13.67601058959961,-2.8562104797363284,2.6837170124053955,2.2873318195343018,-1.7505799531936646,phone,user1,run
42.811461541685276,0.7963439941406251,12.35306167602539,-4.820874938964844,3.00382399559021,3.053131580352783,-1.5060218572616577,phone,user1,run
42.83145954168867,3.1590307617187503,11.582913208007813,-4.557572479248047,2.882683515548706,3.92678165435791,-1.324367642402649,phone,user1,run
42.851456541684456,4.9936157226562505,10.297236785888673,-3.087329864501953,2.2687931060791016,3.6959447860717773,-1.6028845310211182,phone,user1,run
42.87145354168024,4.808151397705078,9.552535400390626,-1.1918215942382813,1.6915969848632812,2.8357813358306885,-1.9704110622406006,phone,user1,run
42.89145154168364,4.656217346191407,8.5885400390625,0.5031037902832032,1.7293838262557983,2.480940818786621,-1.6530795097351074,phone,user1,run
42.91144854167942,5.317242736816406,8.158484344482423,2.9930259704589846,1.8945600986480713,2.0428974628448486,-0.9942836165428162,phone,user1,run
42.9314455416752,5.723647613525391,7.436685333251954,7.6597215270996095,2.334986686706543,0.9088270664215088,-0.38591113686561584,phone,user1,run
42.9514435416786,4.6096641540527346,4.793781280517578,13.864618377685547,3.4246182441711426,-1.9574922323226929,0.07254476100206375,phone,user1,run
42.97144054167438,2.1067190551757813,4.0107595825195315,6.339167633056641,5.438380241394043,-6.625222206115723,0.06853359937667847,phone,user1,run
42.991437541670166,-1.691781921386719,5.6097344970703125,11.75715087890625,6.184695720672607,-9.211563110351562,-0.07927186042070389,phone,user1,run
43.01143454166595,-7.484585723876953,8.525072021484375,-2.1198916625976563,5.5628204345703125,-15.068756103515625,0.12477647513151169,phone,user1,run
43.031432541669346,-6.295907592773438,6.83299072265625,-9.160650329589844,2.1104440689086914,-17.9615478515625,1.1638504266738892,phone,user1,run
43.05142954166513,0.8156538391113282,9.211095428466797,9.202862548828126,-0.37001392245292664,-15.239526748657227,2.8903141021728516,phone,user1,run
43.07142654166091,-2.580633544921875,9.451345825195313,-4.096680908203125,2.8104898929595947,-4.038163661956787,3.385833740234375,phone,user1,run
43.09142454166431,-5.836812286376953,9.17097885131836,-0.25731491088867187,2.050631523132324,2.621410369873047,4.141816139221191,phone,user1,run
43.11142154166009,-9.827064514160156,16.229400787353516,-4.037703552246094,-1.327372431755066,1.103424072265625,5.348684310913086,phone,user1,run
43.131418541655876,-5.91854232788086,33.95509002685547,8.46010711669922,-4.106979846954346,-0.5302770733833313,8.404640197753906,phone,user1,run
43.15141654165927,10.041269073486328,32.53499313354492,-3.3891023254394534,-2.5778541564941406,-3.4112203121185303,11.296610832214355,phone,user1,run
43.171413541655056,9.604327697753908,21.235889739990235,0.7613168334960938,-2.050570249557495,-3.6637425422668457,8.024659156799316,phone,user1,run
43.19141054165084,1.7789007568359376,12.772489471435547,-1.3970448303222658,-1.0218664407730103,-3.0743863582611084,3.058121681213379,phone,user1,run
43.21140754164662,-1.3202545166015627,7.347620544433594,-0.6932084655761719,-0.5153271555900574,-1.9475892782211304,0.6609112024307251,phone,user1,run
43.23140554165002,-2.9237200927734377,4.936734008789062,-3.105142822265625,0.17694590985774994,-0.3424796462059021,-0.45922577381134033,phone,user1,run
43.2514025416458,-4.033512268066406,4.079915771484375,-4.028273162841797,0.40380847454071045,1.6427624225616455,-0.979377031326294,phone,user1,run
43.271399541641586,-4.350852355957032,2.898123321533203,-2.7860064697265625,0.2757125198841095,3.253796339035034,-1.2455617189407349,phone,user1,run
43.29139754164498,-5.029091949462891,0.5870791625976562,-1.6362474060058594,-0.04159972071647644,3.391838550567627,-1.295684576034546,phone,user1,run
43.311394541640766,-6.096671905517579,0.19639160156250002,1.2172686767578125,-0.08214487135410309,2.2650225162506104,-1.1928434371948242,phone,user1,run
43.33139154163655,-6.261179809570312,0.3296145629882813,1.031055908203125,0.12331948429346085,-0.6676923632621765,-0.3714824616909027,phone,user1,run
43.351389541639946,-7.048392791748047,-0.9764195251464844,0.44068359375000005,0.42810747027397156,-1.86006498336792,0.7874134182929993,phone,user1,run
43.37138654163573,-3.1808853149414062,-1.6528628540039063,0.5298980712890625,1.881707787513733,2.3473596572875977,2.07617449760437,phone,user1,run
43.39138354163151,-0.38170623779296875,-0.3637435913085938,2.0520826721191407,2.517061471939087,4.854764938354492,2.18854022026062,phone,user1,run
43.411380541627295,2.584375762939453,6.723717956542969,9.900561676025392,2.3823740482330322,3.8859782218933105,1.8829196691513062,phone,user1,run
43.43137854163069,6.719826049804688,12.547357635498047,1.4926959228515626,1.0401246547698975,0.24184530973434448,1.285658359527588,phone,user1,run
43.451375541626476,3.083437957763672,20.989951171875003,-5.530698852539063,-1.0575155019760132,-4.980457782745361,-2.5963878631591797,phone,user1,run
43.47137254162226,-17.603094177246096,26.751619720458987,-3.1534922790527347,-3.622337579727173,-7.167891502380371,-6.7096734046936035,phone,user1,run
43.491370541625656,-8.293204193115235,16.046930236816408,-1.24541015625,-3.0972723960876465,-1.5078648328781128,-2.3800430297851562,phone,user1,run
43.51136754162144,-0.3598516845703125,14.252761230468751,-1.2467573547363282,-1.632129192352295,0.8037936687469482,0.43503260612487793,phone,user1,run
43.53136454161722,-2.805316314697266,18.86167694091797,-3.0039532470703127,-0.7544842958450317,0.036268945783376694,-1.4226206541061401,phone,user1,run
43.551361541613005,-2.633174285888672,19.084114379882813,-3.83921630859375,-0.039232708513736725,-0.41423332691192627,-1.6785115003585815,phone,user1,run
43.5713595416164,-0.6325845336914063,16.40438690185547,-2.7631040954589845,0.3729572594165802,-0.6721343398094177,-0.9811751246452332,phone,user1,run
43.591356541612186,1.2546908569335937,13.329331512451173,-2.900069274902344,0.8805748820304871,-1.3508696556091309,-0.5993592143058777,phone,user1,run
43.61135354160797,2.402054901123047,11.998000030517579,-3.3290771484375004,1.1895525455474854,-1.899930715560913,-0.7307736277580261,phone,user1,run
43.631351541611366,3.176993408203125,9.548493804931642,-2.7870542907714846,1.458808183670044,-1.627116084098816,-0.7821268439292908,phone,user1,run
43.65134854160715,4.515809326171875,9.351204071044922,-2.724484405517578,1.7506479024887085,-1.2246272563934326,-0.8344275951385498,phone,user1,run
43.67134554160293,5.284311218261719,9.541159057617188,-1.6076568603515626,1.884446144104004,-0.9264636635780334,-0.9774737358093262,phone,user1,run
43.69134354160633,5.330415344238282,8.899593200683594,-0.21450393676757815,1.8719710111618042,-1.0034276247024536,-1.2094345092773438,phone,user1,run
43.71134054160211,4.2152343750000005,7.859106903076173,1.7922230529785157,1.9349238872528076,-1.307826280593872,-1.463110327720642,phone,user1,run
43.731337541597895,3.399730224609375,5.1608180236816406,18.938167877197266,2.262557029724121,-2.1350209712982178,-1.4472287893295288,phone,user1,run
43.75133454159368,1.0014175415039064,4.013154602050782,7.418123931884766,5.056589126586914,-8.136746406555176,-1.5723506212234497,phone,user1,run
43.771332541597076,0.869242401123047,8.754395141601563,20.26455963134766,6.156477928161621,-12.00966739654541,-1.9730286598205566,phone,user1,run
43.79132954159286,6.926546173095703,6.904392242431641,-13.270952911376954,2.2199485301971436,-15.573050498962402,-0.7227404117584229,phone,user1,run
43.81132654158864,4.275409240722657,1.9474502563476563,-4.523443450927735,-0.5694482326507568,-1.0014177560806274,0.6793307065963745,phone,user1,run
43.83132454159204,0.9455836486816407,4.497547302246094,-0.5731581115722657,-2.5268259048461914,2.744753837585449,1.6158223152160645,phone,user1,run
43.85132154158782,-1.4858102416992187,7.764503631591797,-1.3419593811035158,-2.9277682304382324,2.4780054092407227,2.637296676635742,phone,user1,run
43.87131854170002,-3.855831756591797,14.842235412597658,-3.160377960205078,-3.197190046310425,1.9265761375427246,4.284773826599121,phone,user1,run
43.8913155416958,-3.053350524902344,27.88371551513672,6.5554678344726565,-3.498044013977051,1.9733418226242065,6.747076511383057,phone,user1,run
43.9113135416992,8.525521087646485,36.59485061645508,0.607137451171875,-2.7125730514526367,-1.3130455017089844,8.01591682434082,phone,user1,run
43.931310541694984,4.512815551757813,36.701428985595705,-1.9067349243164065,-2.2173550128936768,-4.552412033081055,4.302030563354492,phone,user1,run
43.95130754169077,-2.684966583251953,20.26455963134766,-0.9630972290039063,-1.8745814561843872,-5.690781593322754,0.9037516117095947,phone,user1,run
43.971305541694164,-6.158193969726563,11.100316772460937,-2.844385070800781,-0.7195739150047302,-3.470200300216675,-0.14437991380691528,phone,user1,run
43.99130254168995,-4.133354644775391,6.684050445556641,-5.329217834472656,0.6304958462715149,1.6464476585388184,0.5223199725151062,phone,user1,run
44.01129954168573,-2.8563601684570314,4.1721240234375,-4.857398986816406,0.5480945110321045,4.824030876159668,0.7059730887413025,phone,user1,run
44.03129754168913,-2.6807752990722657,2.5976980590820316,-3.2323782348632815,-0.027252476662397385,6.039740562438965,0.21448220312595367,phone,user1,run
44.05129454168491,-2.681972808837891,1.2766950988769532,-2.7596612548828126,-0.30728504061698914,5.932353973388672,-0.26931363344192505,phone,user1,run
44.071291541680694,-4.908293151855469,0.700393524169922,-0.0149688720703125,-0.5189823508262634,5.692657470703125,-0.4072328507900238,phone,user1,run
44.09128854167648,-5.957461395263672,-0.4273612976074219,0.9410929870605469,-0.11371729522943497,4.309928894042969,-0.20171287655830383,phone,user1,run
44.111286541679874,-5.466632080078125,-1.350791015625,-3.576512603759766,0.7374394536018372,0.9269641637802124,0.6270573735237122,phone,user1,run
44.13128354167566,-4.487518157958984,-1.5560142517089846,-3.1522947692871095,0.08680882304906845,-0.4615931808948517,1.6565430164337158,phone,user1,run
44.15128054167144,-3.183729400634766,-1.345851287841797,-1.0403366088867188,-0.5235486030578613,-0.7621934413909912,2.145141124725342,phone,user1,run
44.17127854167484,-1.0328521728515625,-1.3439053344726564,2.214045867919922,-0.5099290609359741,-0.7261408567428589,2.117799758911133,phone,user1,run
44.19127554167062,0.1866618347167969,2.9466224670410157,11.0027197265625,0.9816930294036865,0.7552344799041748,1.6625231504440308,phone,user1,run
44.2112725416664,0.29488677978515626,8.730444946289063,7.011269989013672,5.33806037902832,4.771831035614014,0.9148865938186646,phone,user1,run
44.231269541662186,1.5862513732910157,18.88517807006836,1.1081455993652345,2.9225494861602783,0.8620304465293884,0.4989313781261444,phone,user1,run
44.251267541665584,-13.617781677246095,28.83259231567383,-10.922037506103516,-1.4907279014587402,-8.513579368591309,-2.807316303253174,phone,user1,run
44.27126454166137,-12.057276763916017,19.658619689941407,-4.06434814453125,-4.668944835662842,-9.484423637390137,-2.4056496620178223,phone,user1,run
44.29126154165715,-2.7931915283203126,10.64675994873047,-0.029189300537109376,-4.371845722198486,-6.922724723815918,-0.0555780790746212,phone,user1,run
44.31125954166055,-4.079915771484375,17.652341766357424,-5.468428344726563,-1.7130640745162964,-1.8837369680404663,-1.290665626525879,phone,user1,run
44.33125654165633,-3.50630859375,18.97244659423828,-5.0358279418945315,-1.3311750888824463,0.7782663106918335,-2.090338945388794,phone,user1,run
44.35125354165211,-1.4772779846191406,16.972605285644534,-5.2524275207519535,-0.27447912096977234,2.707664728164673,-1.9541372060775757,phone,user1,run
44.371250541647896,1.2115805053710937,15.388748931884766,-4.017495574951172,0.6386553645133972,4.10214900970459,-1.546335220336914,phone,user1,run
44.391248541651294,2.9431796264648438,13.57392288208008,-1.8507513427734377,1.4162378311157227,4.99677848815918,-1.30774986743927,phone,user1,run
44.41124554164708,4.309837646484375,11.680210876464844,-0.7734416198730469,2.2714054584503174,4.952691555023193,-1.2093735933303833,phone,user1,run
44.43124254164286,5.223238220214844,9.99726058959961,0.5755531311035157,2.8668580055236816,4.747856140136719,-1.1774380207061768,phone,user1,run
44.451240250025876,4.423002319335938,9.73575439453125,3.5163377380371097,3.2175607681274414,4.09959077835083,-1.134087085723877,phone,user1,run
44.47123725002166,0.5703140258789062,7.165449371337891,28.264373931884766,4.038420677185059,2.488027811050415,-0.9027554988861084,phone,user1,run
44.49123425001744,-0.3806584167480469,7.748936004638672,9.509724426269532,8.024482727050781,-6.66934061050415,-0.36990612745285034,phone,user1,run
44.511231250013225,-12.293934631347657,16.283288726806642,-1.325792999267578,7.365269660949707,-14.334169387817383,-0.6430732011795044,phone,user1,run
44.53122925001662,18.138680419921876,6.040089569091797,4.042942657470704,-0.6290239691734314,-22.225444793701172,1.0359188318252563,phone,user1,run
44.551226250012405,6.213728485107422,3.0073960876464847,-2.1269270324707032,-0.5245141983032227,0.23967891931533813,0.8751131892204285,phone,user1,run
44.57122325000819,5.3887939453125,2.2050645446777346,1.5762222290039063,-3.1394612789154053,4.341076374053955,0.9508318305015564,phone,user1,run
44.591221250011586,4.454886016845704,2.235301666259766,2.0686981201171877,-3.5130958557128906,3.406362533569336,0.8874860405921936,phone,user1,run
44.61121825000737,2.785258026123047,6.416856079101563,-1.5072157287597656,-3.081216335296631,2.378424882888794,1.0990504026412964,phone,user1,run
44.63121525000315,1.8865269470214845,10.880274353027344,-4.962630157470703,-3.169703722000122,2.105015754699707,1.9140450954437256,phone,user1,run
44.651212249998935,-0.10837463378906251,20.39209442138672,-2.9662316894531253,-3.9874415397644043,2.901249647140503,3.2728662490844727,phone,user1,run
44.67121025000233,-1.9157162475585938,31.02358612060547,11.346554718017579,-4.453958988189697,2.7478246688842773,5.253746509552002,phone,user1,run
44.691207249998115,7.771089935302735,30.10853897094727,0.16705261230468751,-2.5726003646850586,-1.3955751657485962,6.408600807189941,phone,user1,run
44.7112042499939,4.216282196044922,26.422005157470704,-1.6661851501464844,-2.0680904388427734,-4.2271294593811035,3.237622022628784,phone,user1,run
44.731202249997295,-2.5274940490722657,18.09242660522461,-2.411934356689453,-1.9509936571121216,-6.359604358673096,0.0448344349861145,phone,user1,run
44.75119924999308,-7.507039031982422,12.709769897460939,-3.5724710083007816,-1.2322570085525513,-4.34043550491333,-0.9893744587898254,phone,user1,run
44.77119624998886,-6.571185150146484,8.673263854980469,-7.053631896972656,0.6358519196510315,2.5222771167755127,-0.3265247046947479,phone,user1,run
44.791193249984644,-5.270839233398438,6.382427673339844,-6.211034088134766,0.4629226326942444,6.457840442657471,-0.0010835053399205208,phone,user1,run
44.81119124998804,-4.8984136962890625,3.723057861328125,-4.45518539428711,-0.00745610473677516,7.779181003570557,-0.34546422958374023,phone,user1,run
44.831188249983825,-5.188510437011719,1.2539424133300783,-2.333796844482422,-0.10596607625484467,7.467189311981201,-0.5824859738349915,phone,user1,run
44.85118524997961,-7.829618225097657,1.1385324096679688,0.8012837219238281,0.5366647839546204,6.22221565246582,-0.3274902105331421,phone,user1,run
44.87118224997539,-7.688761138916016,0.018860778808593753,-2.8518695068359374,1.5816576480865479,2.2144582271575928,0.7599816918373108,phone,user1,run
44.89118024997879,-4.949607238769532,-1.0521620178222657,-2.7729835510253906,1.2101317644119263,0.2719874978065491,2.0536534786224365,phone,user1,run
44.91117724997457,-4.759951629638672,-1.0892848205566408,-2.0971389770507813,0.64271080493927,-0.14594358205795288,2.4605844020843506,phone,user1,run
44.931174249970354,-0.001945953369140625,-1.2084370422363282,1.8191670227050782,0.6852778792381287,1.6847025156021118,2.126134157180786,phone,user1,run
44.95117224997375,2.811603240966797,10.157577209472656,32.854578552246096,1.992709994316101,6.404234409332275,0.9641683101654053,phone,user1,run
44.971169249969535,-2.245630187988281,4.915777587890625,12.221634979248048,-2.6267826557159424,6.568353652954102,-0.6577719449996948,phone,user1,run
44.99116624996532,-4.795427856445313,9.78560073852539,2.183060302734375,0.4586767256259918,-1.3131436109542847,-1.786358118057251,phone,user1,run
45.0111632499611,-17.76191390991211,25.717420349121095,-13.06528060913086,1.4341925382614136,-5.434505462646484,-2.6055679321289062,phone,user1,run
45.0311612499645,-11.330238647460938,19.695293426513672,-8.643176422119142,-0.9258450269699097,-6.684614658355713,-0.698364794254303,phone,user1,run
45.05115824996028,-5.8299266052246095,13.002111968994141,-7.8956309509277345,-1.667972207069397,-6.851470470428467,0.1688888967037201,phone,user1,run
45.071155249956064,-5.239703979492187,16.886384582519533,-11.376642150878906,-1.4941380023956299,-5.63368034362793,-1.0152537822723389,phone,user1,run
45.09115324995946,-1.8690133666992188,17.57989242553711,-9.96567626953125,-1.9846657514572144,-3.0246381759643555,-1.343134880065918,phone,user1,run
45.111150249955244,0.6001020812988281,17.50325180053711,-8.037086791992188,-1.3950098752975464,0.2160937339067459,-1.749746322631836,phone,user1,run
45.13114724995103,1.357826385498047,18.06997329711914,-4.244273986816406,-0.04228868708014488,4.104420185089111,-2.0851612091064453,phone,user1,run
45.15114424994681,2.7054739379882813,18.539097747802735,-1.669178924560547,1.5398248434066772,6.536830425262451,-1.83000910282135,phone,user1,run
45.17114224995021,4.583768005371094,16.67068313598633,1.7772541809082032,2.752128839492798,7.4020538330078125,-1.368787169456482,phone,user1,run
45.19113924994599,5.132826232910157,11.052715759277344,26.534122009277343,3.7316086292266846,6.623899459838867,-1.0482250452041626,phone,user1,run
45.211136249941774,0.46193939208984375,6.784790954589844,7.383695526123048,8.464174270629883,-1.8262113332748413,-1.0359524488449097,phone,user1,run
45.23113324993756,-5.337151336669923,10.201136627197267,27.042315216064456,10.309359550476074,-7.42978048324585,-1.3698985576629639,phone,user1,run
45.251131249940954,11.145073699951173,10.98879867553711,1.0571017456054688,1.356122374534607,-23.15871810913086,-1.2071294784545898,phone,user1,run
45.27112824993674,3.313210144042969,5.555996246337891,-2.9844937133789062,-0.26379135251045227,0.45772433280944824,-0.21002531051635742,phone,user1,run
45.29112524993252,3.3964370727539066,3.3190480041503907,3.2227981567382815,-2.3458104133605957,6.31881856918335,0.13916517794132233,phone,user1,run
45.31112324993592,4.624633026123047,2.622247009277344,5.34807861328125,-3.0298850536346436,3.7637693881988525,0.03269141539931297,phone,user1,run
45.3311202499317,3.4326617431640627,2.3453228759765627,0.018262023925781252,-2.2023377418518066,1.0709000825881958,-0.18480528891086578,phone,user1,run
45.35111724992748,2.835104370117188,2.571801910400391,-2.113005981445313,-2.092851400375366,0.1423759013414383,-0.08855921030044556,phone,user1,run
45.37111424992327,2.8086094665527344,5.77963119506836,-3.933370513916016,-2.3557441234588623,0.41629326343536377,0.1943369358778,phone,user1,run
45.391112249926664,2.1213885498046876,9.524393920898438,-3.7902680969238283,-2.909193515777588,1.5639560222625732,0.8778596520423889,phone,user1,run
45.41110924992245,0.42032592773437505,18.151403961181643,-2.827320556640625,-3.413203001022339,2.5783798694610596,2.129624605178833,phone,user1,run
45.431106250034645,0.9087602233886719,27.010880584716798,6.009253692626953,-3.6981186866760254,2.9752378463745117,4.36760950088501,phone,user1,run
45.45110362500418,9.048084411621094,33.700020446777344,0.9571096801757814,-2.6171648502349854,0.5245142579078674,6.19361686706543,phone,user1,run
45.47110162500758,8.244854736328126,33.83863220214844,-1.8657202148437502,-1.9553440809249878,-1.7079663276672363,4.607402324676514,phone,user1,run
45.49109862500336,1.4977853393554688,22.603445892333987,-2.698288879394531,-1.9403557777404785,-3.8613507747650146,1.8354156017303467,phone,user1,run
45.51109562499914,-3.0252090454101563,12.970976715087891,-2.385289764404297,-1.5935254096984863,-4.048396587371826,0.1844431459903717,phone,user1,run
45.53109362500254,-6.557713165283204,8.694369964599609,-4.003275146484375,-0.8027465343475342,-1.6205706596374512,-0.15049977600574493,phone,user1,run
45.551090624998324,-6.163433074951172,7.169341278076172,-5.342390441894532,0.23259036242961884,3.1515235900878906,0.3610058128833771,phone,user1,run
45.57108762499411,-6.762187957763672,5.282814331054688,-5.251828765869141,-0.04590310528874397,5.695223331451416,0.47788193821907043,phone,user1,run
45.59108462498989,-7.769443359375001,3.459456024169922,-3.2648606872558594,-0.03134137764573097,6.5305495262146,0.287431538105011,phone,user1,run
45.61108262499329,-8.34469711303711,1.2034973144531251,-2.7767257690429688,0.2920296788215637,5.928316116333008,0.2899731397628784,phone,user1,run
45.63107962498907,-7.8570112609863285,-1.0834469604492187,-3.745511169433594,0.4213678240776062,4.113106727600098,0.8714112639427185,phone,user1,run
45.65107662498485,-8.010442199707033,-1.3368699645996094,-4.891977081298829,0.08465531468391418,2.0892412662506104,1.4473499059677124,phone,user1,run
45.671073624980636,-9.152866516113281,-0.6158193969726563,-3.6811450195312503,-0.697284996509552,0.6088855266571045,2.05108642578125,phone,user1,run
45.69107162498403,-4.590953063964844,-1.4350657653808594,-0.7702981567382813,-0.9960100054740906,-0.07337047904729843,2.704813003540039,phone,user1,run
45.711068624979816,5.72170166015625,-4.0390507507324225,8.018675079345703,-0.5772842168807983,0.3823605179786682,2.4364569187164307,phone,user1,run
45.7310656249756,-2.2474264526367187,1.9227516174316408,3.9809715270996096,4.2387237548828125,8.082365036010742,0.5874298810958862,phone,user1,run
45.75106262497138,-1.6432827758789064,4.810097351074219,3.852538604736328,6.179194450378418,8.269598007202148,0.5344747304916382,phone,user1,run
45.77106062497478,0.6662644958496095,23.031256256103518,6.9166667175292975,4.715009689331055,4.0633745193481445,0.4010366201400757,phone,user1,run
45.79105762497056,-11.699520721435547,25.780588989257815,-7.06336166381836,-2.105057954788208,-7.688540935516357,-2.0070197582244873,phone,user1,run
45.811054624966346,-11.771221618652344,19.788848876953125,-5.147495727539063,-3.5156593322753906,-8.332481384277344,-1.832859754562378,phone,user1,run
45.83105262496974,-2.754871215820313,15.25717254638672,-3.413800964355469,-3.316444158554077,-5.796346664428711,0.4261837303638458,phone,user1,run
45.851049624965526,-1.939816131591797,17.361047515869142,-4.786147155761719,-1.8856064081192017,-1.4830056428909302,-1.0482059717178345,phone,user1,run
45.87104662496131,-2.1511766052246095,16.97724563598633,-2.810405731201172,-1.0813921689987183,2.2962400913238525,-2.136216640472412,phone,user1,run
45.89104362495709,-0.7876620483398438,17.4788525390625,-0.49906219482421876,0.7103383541107178,4.638396263122559,-1.7239899635314941,phone,user1,run
45.91104162496049,2.132615203857422,17.004039916992188,-2.509830780029297,2.899470329284668,4.667457103729248,-0.6006261110305786,phone,user1,run
45.93103862495627,4.9494575500488285,14.798675994873047,-1.2018507385253907,3.725613594055176,4.830965518951416,-0.08011966943740845,phone,user1,run
45.951035624952056,6.3671594238281255,12.637919311523438,-0.2041754150390625,3.8501687049865723,4.577527046203613,-0.26885277032852173,phone,user1,run
45.97103262494784,5.859415283203125,11.11139373779297,2.23934326171875,3.8512442111968994,3.931143283843994,-0.803342878818512,phone,user1,run
45.991030624951236,-0.5891748046875,5.926625518798828,35.91945510864258,4.454672336578369,2.3443443775177,-1.1597986221313477,phone,user1,run
46.01102762494702,-7.111860809326172,7.354506225585938,20.915406188964845,9.02786922454834,-9.695830345153809,-0.9556869268417358,phone,user1,run
46.0310246249428,-0.6225553894042969,13.048665161132813,-16.836538238525392,3.581827163696289,-23.706735610961914,-0.9155862331390381,phone,user1,run
46.051021624938585,3.1284942626953125,2.9488677978515625,0.9812095642089844,-1.2106812000274658,-1.161799430847168,0.8630004525184631,phone,user1,run
46.07101962494198,2.034419403076172,1.4732363891601563,2.8276199340820316,-1.755528211593628,5.601243495941162,0.7852047681808472,phone,user1,run
46.091016624937765,2.4903712463378906,1.3129197692871095,0.9451345825195313,-2.9913840293884277,2.1002449989318848,0.4712420403957367,phone,user1,run
46.11101362493355,2.9569509887695316,0.7629634094238281,2.2493724060058593,-2.634450912475586,1.0002022981643677,0.18597723543643951,phone,user1,run
46.131011624936946,2.752775573730469,2.821482696533203,-0.45026367187500005,-2.091883659362793,0.10311026871204376,0.2920553386211395,phone,user1,run
46.15100862493273,2.4433689880371094,6.392007751464844,-2.484533386230469,-2.1019673347473145,-0.15100009739398956,0.906940221786499,phone,user1,run
46.17100562492851,0.8960366821289063,14.15501449584961,-2.9196784973144534,-2.3551011085510254,0.47333914041519165,1.9711172580718994,phone,user1,run
46.191002624924295,-2.721939697265625,30.145811462402346,9.151968383789063,-2.558424472808838,1.38153874874115,3.8632590770721436,phone,user1,run
46.21100062492769,3.2994387817382815,32.269295654296876,2.778372344970703,-0.8483948111534119,-1.3527222871780396,6.44998836517334,phone,user1,run
46.230997624923475,4.06958724975586,30.889614715576172,-3.0897248840332034,0.03880051523447037,-3.498943328857422,5.070295333862305,phone,user1,run
46.25099462491926,-2.694546661376953,22.348526000976562,0.3369493103027344,-0.8856123089790344,-4.513792514801025,1.8661880493164062,phone,user1,run
46.270991625031456,-6.838080139160157,15.420932006835939,-2.868185577392578,-0.31934475898742676,-3.6796889305114746,0.47899380326271057,phone,user1,run
46.290989625034854,-5.877228240966797,10.202783203125,-4.564607849121094,0.8415216207504272,2.1242830753326416,0.630181074142456,phone,user1,run
46.31098662503064,-4.62283676147461,6.361022186279297,-4.667294311523437,0.08835809677839279,5.1010518074035645,0.4828849732875824,phone,user1,run
46.33098362502642,-3.677253112792969,4.115841064453125,-4.142635345458984,-0.8092755079269409,6.065638065338135,0.07120213657617569,phone,user1,run
46.3509806250222,-3.253634033203125,2.8292665100097656,-1.9202069091796876,-1.1700048446655273,6.425939083099365,-0.4948190152645111,phone,user1,run
46.3709786250256,-7.605683898925782,3.0171258544921877,1.4742842102050782,-0.6377202272415161,5.619421005249023,-1.0459011793136597,phone,user1,run
46.39097562502138,-5.945635986328125,0.5243595886230469,0.1790277099609375,0.499629408121109,2.2563445568084717,-0.30806300044059753,phone,user1,run
46.410972625017166,-3.819756774902344,-1.1169772338867188,-1.7555493164062501,1.2033333778381348,-0.44363129138946533,0.7644276022911072,phone,user1,run
46.43096962501295,-3.0587393188476564,-1.7060023498535157,-3.0036538696289066,1.1724108457565308,-1.477527379989624,1.293046236038208,phone,user1,run
46.4509679999901,-1.723216552734375,-1.4078224182128907,-0.7270381164550782,0.9297747015953064,-0.8849104046821594,1.2423490285873413,phone,user1,run
46.47096499998588,0.8252339172363282,-0.931512908935547,2.8324099731445314,1.0380096435546875,-0.4173406660556793,0.8469485640525818,phone,user1,run
46.490961999981664,3.8754409790039066,4.495601348876954,21.518502044677735,2.2888059616088867,0.6869681477546692,0.26776111125946045,phone,user1,run
46.51095899997745,-0.5917195129394531,4.781806182861328,0.33440460205078126,3.700122833251953,0.1106809750199318,-0.0958438515663147,phone,user1,run
46.530956999980845,-8.06492889404297,23.221809997558594,-17.339791717529298,2.5176751613616943,-2.478093385696411,-0.47848063707351685,phone,user1,run
46.55095399997663,-5.443729705810547,24.921974487304688,-11.452085266113281,-1.9880998134613037,-2.8204123973846436,-0.21168778836727142,phone,user1,run
46.57095099997241,-3.8745428466796876,14.26234130859375,-1.5187417602539064,-4.6017584800720215,-2.0445876121520996,-0.8428775668144226,phone,user1,run
46.59094799996819,-5.307512969970704,14.598392486572266,0.42810974121093753,-4.048785209655762,-1.9748666286468506,-1.6692551374435425,phone,user1,run
46.61094599997159,-4.31103515625,18.133740692138673,2.006577301025391,-2.706897020339966,-1.4570568799972534,-1.2929472923278809,phone,user1,run
46.630942999967374,-0.7448510742187501,17.32736755371094,-0.6420149230957032,-0.49510467052459717,-0.31520119309425354,-1.1020705699920654,phone,user1,run
46.65093999996316,-0.7189549255371094,17.384398956298828,-3.3331187438964847,1.3156487941741943,1.1020617485046387,-1.4144537448883057,phone,user1,run
46.67093699995894,0.8916957092285157,16.304544525146486,-3.943249969482422,2.2735178470611572,2.6744651794433594,-0.942678689956665,phone,user1,run
46.69093499996234,2.6743386840820316,13.528267822265626,-2.6207501220703127,2.53373646736145,4.085662841796875,-0.48815399408340454,phone,user1,run
46.71093199995812,3.859573974609375,10.53853500366211,-0.6132746887207031,2.6668431758880615,4.508355617523193,-0.5269417762756348,phone,user1,run
46.7309289999539,3.6250117492675784,8.511749725341797,0.7741900634765625,2.7586560249328613,4.234190940856934,-0.8244427442550659,phone,user1,run
46.750925999949686,0.4616400146484375,5.83950668334961,28.92165710449219,2.9991891384124756,3.6734960079193115,-0.9413362145423889,phone,user1,run
46.770923999953084,-2.448907470703125,2.495310974121094,9.991572418212892,7.26031494140625,-5.176146030426025,-0.4843289256095886,phone,user1,run
46.79092099994887,-11.159593505859375,9.979148254394532,0.4399351501464844,8.259095191955566,-13.289799690246582,-0.9071067571640015,phone,user1,run
46.81091799994465,8.999136199951172,4.477039947509766,-11.064092102050783,1.2661081552505493,-20.753440856933594,0.0723840743303299,phone,user1,run
46.83091499994043,2.534679107666016,1.572180633544922,1.6616944885253908,-0.3212958574295044,0.5097454190254211,0.6723171472549438,phone,user1,run
46.85091299994383,3.0778994750976563,0.6863227844238282,3.0987062072753906,-2.1391758918762207,4.125940799713135,0.9510930776596069,phone,user1,run
46.87090999993961,3.0226643371582034,1.1322454833984374,0.6012995910644532,-2.846665620803833,1.8365204334259033,1.1772922277450562,phone,user1,run
46.890906999935396,2.4909700012207034,2.8982730102539063,-0.5604345703125,-2.7758359909057617,0.6473742127418518,1.7594685554504395,phone,user1,run
46.91090399993118,3.1496003723144534,6.651268615722657,-2.0169058227539063,-2.733659505844116,0.03936852142214775,2.761385440826416,phone,user1,run
46.93090199993458,3.439996490478516,19.349512481689455,-4.235442352294922,-2.7644786834716797,0.2175363302230835,4.082356929779053,phone,user1,run
46.95089899993036,3.7628750610351562,41.20571228027344,15.972085876464844,-2.975409507751465,0.6477465629577637,6.0644850730896,phone,user1,run
46.97089599992614,9.866133270263672,38.232594909667974,-0.26958938598632814,-0.11753269284963608,-4.384851932525635,6.805763244628906,phone,user1,run
46.990892999921925,1.77949951171875,28.5725830078125,2.08606201171875,0.4940224885940552,-7.45988130569458,3.2279746532440186,phone,user1,run
47.01089099992532,-7.695497131347657,15.569273529052735,8.80498992919922,0.9719672203063965,-10.047096252441406,0.16313891112804413,phone,user1,run
47.030887999921106,-8.70589599609375,8.600365447998048,5.832770690917969,5.047183036804199,-3.0310328006744385,-0.13906575739383698,phone,user1,run
47.050885000033304,-5.668861541748047,6.218518524169922,-5.31454833984375,0.8375204205513,1.4093388319015503,-0.05185862258076668,phone,user1,run
47.07088200002909,-3.237767028808594,4.709506530761719,-2.9228219604492187,-1.8284761905670166,5.530806064605713,-0.42036324739456177,phone,user1,run
47.090880000032485,-2.6584716796875,2.6234445190429687,-0.6198609924316406,-2.265146255493164,7.1571550369262695,-1.1143237352371216,phone,user1,run
47.11087700002827,-2.206561431884766,0.6340814208984376,-0.15777191162109375,-2.036478281021118,6.768788814544678,-1.8524802923202515,phone,user1,run
47.13087400002405,-1.9308348083496094,-0.15881973266601562,-0.4397854614257813,-1.5090893507003784,5.521683692932129,-2.218374013900757,phone,user1,run
47.15087100001983,-1.8911672973632814,-0.23486160278320314,-0.5641767883300781,-0.8411985635757446,3.9998676776885986,-2.061203956604004,phone,user1,run
47.17086900002323,-3.3257839965820315,0.08547225952148438,0.583187255859375,-0.28054940700531006,2.589385747909546,-1.646210789680481,phone,user1,run
47.190866000019014,-3.2922537231445315,-0.4439767456054688,-0.00389190673828125,0.3788759112358093,0.5768121480941772,-0.6960061192512512,phone,user1,run
47.2108630000148,-2.6878106689453127,0.4378395080566406,-0.9909393310546876,0.8216431140899658,-1.1295732259750366,0.38630738854408264,phone,user1,run
47.23086000001058,0.5147795104980469,4.5126658630371095,21.048030395507812,0.951107382774353,-0.9726487398147583,1.1284568309783936,phone,user1,run
47.25085800001398,-3.723057861328125,7.548502807617188,-9.20450912475586,4.012879371643066,-3.867723226547241,1.2287145853042603,phone,user1,run
47.27085500000976,-5.686973876953125,22.95955535888672,-15.00090545654297,2.62408709526062,-2.3240299224853516,1.8047075271606445,phone,user1,run
47.29085200000554,0.3034190368652344,19.20985290527344,-3.9125637817382812,-1.1754047870635986,-0.4536340832710266,1.9317680597305298,phone,user1,run
47.310849000001326,-7.176226959228516,13.460009765625001,-0.9321116638183594,-2.19779372215271,-1.0375651121139526,-1.0959206819534302,phone,user1,run
47.330847000004724,-6.9886669921875,13.842165069580078,-1.3684542846679688,-1.5778499841690063,-0.7626661062240601,-1.43802809715271,phone,user1,run
47.35084400000051,-5.99997299194336,18.0535075378418,-2.023192749023438,-0.7035855054855347,-0.8615037798881531,-1.1811717748641968,phone,user1,run
47.37084099999629,-4.177662506103516,19.89497817993164,-2.355052642822266,-0.0780438557267189,-0.962863564491272,-1.3411331176757812,phone,user1,run
47.39083799999207,-2.4637266540527345,18.04063430786133,-3.7985009765625004,0.37755781412124634,-0.9022610783576965,-1.550122618675232,phone,user1,run
47.41083599999547,-0.609532470703125,17.72269546508789,-2.940934295654297,0.5013157725334167,-0.06421294808387756,-1.3762797117233276,phone,user1,run
47.43083299999125,1.116228790283203,16.510366516113283,-1.3091775512695314,0.9194686412811279,1.0363125801086426,-1.160632848739624,phone,user1,run
47.45082979160361,2.775378570556641,12.35485794067383,-0.06197113037109375,1.4716811180114746,1.549683690071106,-1.1476235389709473,phone,user1,run
47.47082679159939,3.4322126770019534,8.563542022705079,2.0384609985351565,1.9920121431350708,1.5652740001678467,-1.2232692241668701,phone,user1,run
47.49082479160279,3.3419503784179687,2.30161376953125,22.182371520996096,2.840471029281616,0.6690053343772888,-1.2951443195343018,phone,user1,run
47.51082179159857,1.5215858459472658,4.127516784667969,-0.18052459716796876,6.202474594116211,-6.156246662139893,-1.8326679468154907,phone,user1,run
47.530818791594356,0.5242098999023438,6.332431640625001,3.710783386230469,5.92277193069458,-7.529616832733154,-2.1977856159210205,phone,user1,run
47.55081579159014,10.406210174560547,4.411476287841797,13.199701080322265,2.149010181427002,-11.862716674804688,-1.6478939056396484,phone,user1,run
47.57081379159354,6.919959869384766,4.136049041748047,-6.685247955322266,0.5757272839546204,-4.894832611083984,-1.1373642683029175,phone,user1,run
47.59081079158932,4.922663269042969,3.3426988220214846,-2.422113189697266,-1.0222738981246948,1.8690499067306519,-0.797450065612793,phone,user1,run
47.61080779170152,3.2695010375976565,2.4001089477539064,-0.6484515380859376,-2.3336081504821777,2.781714677810669,-0.141129270195961,phone,user1,run
47.6308047916973,3.220403137207031,4.524640960693359,-2.0158580017089847,-2.6743521690368652,2.3089470863342285,0.9009100198745728,phone,user1,run
47.650801791693084,2.7273284912109377,8.12764846801758,-3.895499267578125,-2.997335910797119,2.009631395339966,2.4149112701416016,phone,user1,run
47.67079979169648,0.07319778442382813,17.551451568603518,-3.7259019470214847,-3.8614091873168945,2.352720260620117,3.6817827224731445,phone,user1,run
47.690796791692264,-4.051624603271485,35.412908477783205,17.52435791015625,-4.701467037200928,2.1198060512542725,5.645787715911865,phone,user1,run
47.71079379168805,6.698270874023438,35.52562408447266,1.0313552856445314,-2.2522637844085693,-4.059063911437988,7.548332691192627,phone,user1,run
47.73079079168383,2.2242247009277345,34.56896347045899,-1.7559983825683594,-1.348063349723816,-7.744986057281494,4.222989082336426,phone,user1,run
47.75078879168723,-6.9359765625000005,22.01831268310547,4.020788726806641,-1.193663239479065,-9.794854164123535,0.49295762181282043,phone,user1,run
47.77078579168301,-8.056845703125001,14.211297454833986,-9.921817474365234,1.9096121788024902,-2.6397762298583984,-0.443316251039505,phone,user1,run
47.790782791678794,-6.9219058227539065,8.836574249267578,-7.976612548828125,1.7663894891738892,5.313660144805908,0.2946399748325348,phone,user1,run
47.81077979167458,-5.665568389892578,3.7776942443847656,-4.5797264099121096,0.1920822709798813,7.919649600982666,0.4629099667072296,phone,user1,run
47.830777791677974,-4.3062451171875,1.063089294433594,-2.7765760803222657,-0.829689085483551,8.059661865234375,0.37556982040405273,phone,user1,run
47.85077479167376,-8.90602981567383,2.0110679626464845,0.6343807983398437,-1.1988489627838135,7.6937479972839355,0.4898015856742859,phone,user1,run
47.87077179166954,-9.680968322753907,-0.6806346130371094,-0.4064048767089844,-1.0168956518173218,4.850963115692139,1.227989912033081,phone,user1,run
47.89076879166532,-7.137457580566407,-3.227288818359375,-4.116739196777344,-0.8607321977615356,0.7109206318855286,2.405543804168701,phone,user1,run
47.910765791661106,-6.1505598449707035,-2.7270291137695315,-6.234535217285156,-1.2582306861877441,-0.7475605010986328,2.932943344116211,phone,user1,run
47.9307637916645,-6.1927720642089845,-2.2085073852539066,-2.941982116699219,-1.3534042835235596,0.40077629685401917,2.8110873699188232,phone,user1,run
47.95076079166029,-1.7305513000488282,-3.017425231933594,3.6283049011230473,-1.129834532737732,1.0777100324630737,2.4936349391937256,phone,user1,run
47.97075779165607,5.829627227783203,-0.8002359008789063,33.00456665039063,0.9587427973747253,1.1975133419036865,1.5925006866455078,phone,user1,run
47.99075479165185,0.49636779785156254,6.220913543701172,-0.8487350463867188,8.612077713012695,0.0076648094691336155,-0.21615168452262878,phone,user1,run
48.01075279165525,1.2723541259765625,7.687264251708985,-0.18995498657226564,3.397310733795166,-0.7110862135887146,0.5352569222450256,phone,user1,run
48.03074979165103,-2.168839874267578,15.177538146972656,-10.08393035888672,0.42528727650642395,-5.20533561706543,-0.7319142818450928,phone,user1,run
48.050746791646816,-14.053076477050782,22.30661315917969,-16.390765228271484,-3.241838216781616,-10.435027122497559,-3.5702719688415527,phone,user1,run
48.0707437916426,-15.157629547119141,24.215593414306642,-10.764864349365235,-6.485184669494629,-8.434501647949219,-2.4767556190490723,phone,user1,run
48.090741791645996,-7.822133789062501,23.41565689086914,-2.1330642700195312,-5.3841705322265625,-3.729574203491211,-1.1334947347640991,phone,user1,run
48.11073879164178,-4.041146392822266,20.191661224365234,-0.21929397583007815,-2.1843297481536865,-1.3712326288223267,-2.110743284225464,phone,user1,run
48.13073579163756,-2.109563140869141,16.911981353759767,-2.9282107543945313,0.40198707580566406,0.07919016480445862,-2.6128616333007812,phone,user1,run
48.150732791633345,-0.4643344116210938,18.374889221191406,-5.151836700439453,2.1239945888519287,2.3416354656219482,-2.55940318107605,phone,user1,run
48.17073079163674,2.3534060668945314,18.051112518310546,-3.856729888916016,3.0125985145568848,4.942168235778809,-2.1829349994659424,phone,user1,run
48.190727791632526,3.9451959228515627,17.449363861083985,-1.394051055908203,3.1278507709503174,6.059141159057617,-2.050919532775879,phone,user1,run
48.21072479162831,4.496349792480469,16.13659378051758,4.937632141113282,3.2514541149139404,6.062180042266846,-1.8380069732666016,phone,user1,run
48.23072179162409,2.7572662353515627,8.907826080322266,26.342520446777346,4.704364776611328,3.3204970359802246,-1.3020811080932617,phone,user1,run
48.250718791619875,3.0051507568359375,8.445587310791016,0.057779846191406255,8.777955055236816,-6.618335247039795,-0.9786612391471863,phone,user1,run
48.27071679162327,-4.465663604736329,7.603139190673828,10.233020324707033,7.559415817260742,-9.227703094482422,-1.2439892292022705,phone,user1,run
48.290713791619055,-2.5307872009277346,6.950945434570313,-9.003776550292969,1.204840064048767,-18.792333602905273,-0.7676979303359985,phone,user1,run
48.31071079161484,9.515562286376953,1.542242889404297,1.6732205200195314,0.581945538520813,-12.058706283569336,-0.013711977750062943,phone,user1,run
48.33070779161062,6.519841918945313,2.2112017822265626,-2.9080027770996093,1.856797218322754,-1.6776748895645142,-0.39847639203071594,phone,user1,run
48.35070579161402,4.683161315917969,2.0734881591796874,-3.3578173828125,-0.7281473278999329,-0.6657293438911438,0.5103700757026672,phone,user1,run
48.3707027916098,3.9571710205078126,0.5888754272460938,-1.8362315368652344,-1.8749276399612427,0.2875427305698395,1.2508963346481323,phone,user1,run
48.390699791605584,3.7294944763183597,1.417552185058594,-2.7340644836425785,-1.8773398399353027,0.7728744745254517,2.0408496856689453,phone,user1,run
48.41069679160137,1.6563056945800783,4.558171234130859,-3.1704071044921878,-1.7796536684036255,1.6183797121047974,3.0056560039520264,phone,user1,run
48.43069379159715,0.43185195922851566,9.810898132324219,-1.1994557189941406,-2.152900457382202,2.5478498935699463,3.95880389213562,phone,user1,run
48.450692374957725,0.4381388854980469,23.251598052978515,4.080065460205079,-2.25463604927063,3.1834542751312256,5.112678527832031,phone,user1,run
48.47068937495351,6.707701263427735,43.22755783081055,1.9790345764160158,-2.0295698642730713,1.6987507343292236,6.719823837280273,phone,user1,run
48.49068637494929,8.916807403564453,44.14110809326172,1.1449690246582032,-2.454606771469116,-2.388624668121338,6.287951469421387,phone,user1,run
48.510683374945074,1.011895751953125,25.487498474121097,7.081923065185547,-2.333585739135742,-6.853466987609863,3.278425455093384,phone,user1,run
48.53068137494847,-3.7356317138671877,10.635233917236329,1.3633648681640627,-0.2694266438484192,-8.001330375671387,0.7929505109786987,phone,user1,run
48.550678374944255,-3.1364277648925785,6.795568542480469,-7.349117431640625,2.170241117477417,-2.240770101547241,0.044054292142391205,phone,user1,run
48.57067537494004,-5.0181646728515625,6.927743682861329,-7.614814910888672,1.7537541389465332,3.221531391143799,-0.222530335187912,phone,user1,run
48.59067237493582,-6.879992980957032,4.949906616210938,-5.448370056152344,0.4425099790096283,6.246668815612793,-0.32333001494407654,phone,user1,run
48.610669374931604,-7.778724060058594,1.774559783935547,-2.978057098388672,-0.6082622408866882,7.3387064933776855,-0.1778930276632309,phone,user1,run
48.630667374935,-9.415869598388673,-0.530496826171875,-0.10867401123046876,-1.0539207458496094,7.064000606536865,0.682844340801239,phone,user1,run
48.650664374930784,-9.093589782714844,-2.1439915466308594,-0.9728269958496094,-0.44652119278907776,4.589139461517334,1.2339335680007935,phone,user1,run
48.67066137492657,-6.760990447998047,-1.3786331176757813,-3.7497024536132812,-0.3077199459075928,0.8397722840309143,2.1084189414978027,phone,user1,run
48.69065837492235,-6.062692565917969,-0.5297483825683594,-2.3141876220703126,-0.7477952241897583,0.3058571517467499,2.332528829574585,phone,user1,run
48.71065637492575,-4.030368804931641,-0.7668553161621094,0.5945635986328125,-0.8694544434547424,0.7795973420143127,2.2328503131866455,phone,user1,run
48.73065337492153,1.0036628723144532,3.060685272216797,9.081165618896485,-0.6251124739646912,0.7657773494720459,2.043428897857666,phone,user1,run
48.75065037503373,0.2908451843261719,4.098776550292969,3.652105407714844,3.219984769821167,5.851678371429443,0.8118972778320312,phone,user1,run
48.77064737502951,0.8271798706054688,13.635594635009767,3.3688943481445315,4.235639572143555,5.069608688354492,-0.45187368988990784,phone,user1,run
48.790644375025295,-2.6536816406250003,14.257850646972656,-2.2616468811035157,1.6698589324951172,0.6283525228500366,-2.547869920730591,phone,user1,run
48.81064237502869,-14.851216735839845,18.01249282836914,-11.100316772460937,-0.49335187673568726,-6.005423545837402,-4.83186149597168,phone,user1,run
48.830639375024475,-12.00144287109375,20.464094696044924,-6.024671630859375,-3.2522246837615967,-6.277373790740967,-3.0125741958618164,phone,user1,run
48.85063637502026,-5.062622222900391,20.369341735839846,-2.7767257690429688,-4.026047706604004,-5.626010417938232,-1.6291548013687134,phone,user1,run
48.87063337501604,-2.92431884765625,21.69064407348633,-0.5668711853027344,-3.515159845352173,-4.9578399658203125,-2.714613199234009,phone,user1,run
48.89063137501944,-0.9722282409667969,20.21336608886719,-2.715503082275391,-1.180755615234375,-3.0379250049591064,-2.862502098083496,phone,user1,run
48.91062837501522,1.031205596923828,19.502344665527346,-3.51349365234375,0.9844380617141724,0.09427841007709503,-2.352505683898926,phone,user1,run
48.930625375011005,3.7244050598144534,18.23373275756836,-2.579136657714844,2.1091082096099854,2.6904191970825195,-1.4514143466949463,phone,user1,run
48.95062237500679,6.189927978515625,14.164444885253907,-0.5571414184570312,2.6632564067840576,4.3444132804870605,-0.7415411472320557,phone,user1,run
48.97061937500257,8.054300994873048,9.920320587158203,7.945477294921876,3.094339609146118,4.650590419769287,-0.4469802975654602,phone,user1,run
48.99061737500597,6.333479461669922,4.934488677978516,19.399059448242188,5.031311511993408,1.8239448070526123,-0.7222557067871094,phone,user1,run
49.01061437500175,5.069507904052735,7.947722625732422,9.90864486694336,8.452567100524902,-5.433200836181641,-1.2636674642562866,phone,user1,run
49.030611374997534,-4.325105895996094,17.45355514526367,-3.0648765563964844,5.907194137573242,-15.899981498718262,-1.6943516731262207,phone,user1,run
49.05060837499332,14.737153930664062,8.157137145996094,-11.691437530517579,0.20025616884231567,-15.692971229553223,-0.09728419035673141,phone,user1,run
49.070606374996714,5.002746734619141,2.851420440673828,-2.282603302001953,-1.9030863046646118,4.065380096435547,0.753698468208313,phone,user1,run
49.0906033749925,3.6539016723632813,0.9857002258300782,0.8729846191406251,-3.1029741764068604,5.774812698364258,1.0499274730682373,phone,user1,run
49.11060037498828,3.5452276611328126,0.31449600219726564,-0.36793487548828124,-3.266068696975708,4.472172260284424,1.1060608625411987,phone,user1,run
49.13059737498406,3.689228210449219,-0.104183349609375,-1.4516812133789063,-3.3662474155426025,3.3033900260925293,1.2704309225082397,phone,user1,run
49.150594374979846,3.889062652587891,2.9222232055664064,-2.8050169372558593,-3.5915238857269287,2.701554298400879,1.564965009689331,phone,user1,run
49.170592374983244,3.5868411254882813,8.048762512207032,-5.09944564819336,-3.9172468185424805,2.836663007736206,2.2895913124084473,phone,user1,run
49.19058937497903,4.855602722167969,17.25806167602539,-4.8297065734863285,-4.433021068572998,4.1628522872924805,3.837836265563965,phone,user1,run
49.21058637497481,10.01686981201172,32.559392395019536,2.700234832763672,-4.894229888916016,5.850515842437744,6.043231964111328,phone,user1,run
49.23058337497059,17.726287994384766,39.60793487548828,11.444002075195312,-4.5130815505981445,4.357325553894043,7.4654011726379395,phone,user1,run
49.250580374966376,12.254416809082032,32.49891815185547,1.2551399230957032,-2.6756749153137207,-2.46856951713562,5.959544658660889,phone,user1,run
49.27057837496977,5.639223175048828,18.79551452636719,-0.1742376708984375,-1.541782021522522,-5.065937519073486,3.2888941764831543,phone,user1,run
49.290575374965556,1.7166302490234375,12.284354553222657,-1.3936019897460938,-0.8239606618881226,-6.1165266036987305,1.076101303100586,phone,user1,run
49.31057237496134,-2.455194396972656,8.638087005615235,-1.5579602050781252,0.02205975353717804,-5.009849548339844,-0.7238179445266724,phone,user1,run
49.33056937495712,-6.951095123291016,10.317594451904297,-11.336226196289063,2.169358968734741,1.1570816040039062,-1.6325690746307373,phone,user1,run
49.35056737496052,-9.038953399658203,9.51062255859375,-10.307864685058595,1.3138017654418945,6.070113182067871,-1.3286457061767578,phone,user1,run
49.3705643749563,-8.660240936279298,5.226980438232422,-8.439450073242188,0.05084166303277016,8.511377334594727,-0.7380368709564209,phone,user1,run
49.390561374952085,-9.162895660400391,1.8148260498046875,-8.67955078125,-0.21982441842556,9.594792366027832,-0.6049105525016785,phone,user1,run
49.41055837494787,-9.241781616210938,-0.5050497436523438,-11.7403857421875,0.22204340994358063,8.826258659362793,-0.48108547925949097,phone,user1,run
49.43055537494365,-7.535479888916016,-1.0436297607421876,-8.75469451904297,-0.3493075370788574,8.580978393554688,-0.11713472753763199,phone,user1,run
49.45055325003341,-4.455933837890625,-1.1549981689453126,-5.648503875732422,-0.8926801681518555,8.03518009185791,0.13687416911125183,phone,user1,run
49.47055025002919,-2.6596691894531252,-0.7674540710449219,-2.328857116699219,-1.0894283056259155,7.893782138824463,0.18325774371623993,phone,user1,run
49.490547250024974,-1.5491285705566407,-0.585582275390625,-0.09774673461914063,-1.153366208076477,7.785719871520996,0.1296268254518509,phone,user1,run
49.51054425002076,-1.2543914794921875,-0.3047662353515625,0.5643264770507813,-1.1096857786178589,7.373363018035889,0.060312580317258835,phone,user1,run
49.53054125001654,-1.099463653564453,0.2567161560058594,0.67300048828125,-0.84727543592453,6.746002674102783,0.04988397657871246,phone,user1,run
49.55053925001994,-2.561623077392578,4.555626525878907,-1.0663824462890625,-0.26301103830337524,5.964808464050293,-0.03568478673696518,phone,user1,run
49.57053625001572,-12.905712432861328,24.118894500732424,-4.645888824462891,0.3499380648136139,6.033531665802002,0.25616976618766785,phone,user1,run
49.590533250011504,-9.967771911621094,27.256370086669925,-3.2205528259277347,0.329368531703949,6.580752372741699,2.7608230113983154,phone,user1,run
49.61053025000729,-4.016747131347657,21.80470687866211,0.950673065185547,0.44382038712501526,3.6270580291748047,3.2092888355255127,phone,user1,run
49.63052725000307,-6.673721923828126,31.37610305786133,-4.7900390625,1.4047006368637085,-1.1025313138961792,1.4230223894119263,phone,user1,run
49.65052525000647,-2.2269190979003906,35.069971618652346,6.907535705566406,1.4499859809875488,-1.7837406396865845,0.7477900385856628,phone,user1,run
49.67052225000225,-8.64167953491211,12.339440002441407,22.722149047851563,6.115649223327637,4.478315353393555,-0.17016446590423584,phone,user1,run
49.69051924999803,-0.04999603271484375,11.488010559082031,-11.392808532714845,0.7966001629829407,0.26491427421569824,-0.4852244257926941,phone,user1,run
49.710516249993816,2.2875430297851564,8.80738494873047,-4.6360093688964845,-2.0557029247283936,2.996258020401001,0.05410892516374588,phone,user1,run
49.73051424999721,2.1305195617675783,8.951834564208985,0.0987945556640625,-1.9686682224273682,3.721336603164673,-0.30980977416038513,phone,user1,run
49.750511249993,1.756597137451172,12.439132690429688,1.52562744140625,-1.0389608144760132,2.9297573566436768,-0.680658221244812,phone,user1,run
49.77050824998878,2.4243585205078126,13.173954620361329,1.5956817626953126,0.39610159397125244,2.192005157470703,-0.3431858718395233,phone,user1,run
49.79050524998456,3.702400817871094,10.870394897460939,2.861748962402344,1.425376057624817,1.7623059749603271,0.01564544439315796,phone,user1,run
49.810502249980345,4.256099395751954,8.631351013183593,4.074676666259766,2.28848934173584,0.7774523496627808,-0.09787845611572266,phone,user1,run
49.83050024998374,3.1519953918457033,6.8741551208496094,5.835165710449219,2.948446273803711,-0.8129774332046509,-0.48154664039611816,phone,user1,run
49.850497249979526,2.222578125,5.79879135131836,8.244854736328126,3.130763292312622,-3.4408020973205566,-0.6037569046020508,phone,user1,run
49.87049424997531,2.838846588134766,4.83554443359375,0.2219883728027344,0.4631982147693634,-6.211056709289551,0.02435964159667492,phone,user1,run
49.89049124997109,2.5376728820800785,2.2529649353027343,-3.892954559326172,-1.6428186893463135,-0.6869198083877563,0.7897854447364807,phone,user1,run
49.910488249966875,0.8541238403320313,0.731678466796875,-4.09787841796875,-2.3657119274139404,4.180580139160156,0.7134297490119934,phone,user1,run
49.93048624997027,0.33979339599609376,0.6234535217285156,-3.0566436767578127,-2.4241857528686523,6.379072666168213,0.3299237787723541,phone,user1,run
49.950483249966055,0.6882687377929688,0.8937913513183594,-2.920576629638672,-2.2416510581970215,7.258951663970947,0.1944020390510559,phone,user1,run
49.97048024996184,1.8167720031738281,3.6444712829589845,-1.8806890869140627,-2.0379042625427246,7.799692630767822,-0.013218147680163383,phone,user1,run
49.99047724995762,2.9023146057128906,9.696086883544922,-4.1002734375,-1.6829485893249512,7.371944427490234,-0.0780041441321373,phone,user1,run
50.010474249953404,4.125570831298829,18.0488671875,-3.0093420410156253,-2.0633199214935303,6.574581146240234,0.18102744221687317,phone,user1,run
50.0304722499568,2.3918760681152347,30.190269012451175,6.458469543457031,-2.523355484008789,4.529397010803223,0.5361064672470093,phone,user1,run
50.050469249952585,0.17184265136718752,26.370212860107422,0.9288185119628907,-0.9985504746437073,-0.5171790719032288,1.3835058212280273,phone,user1,run
50.07046624994837,-3.752696228027344,22.206172027587893,-4.175866241455078,0.24696233868598938,-3.4176716804504395,1.669171690940857,phone,user1,run
50.09046324994415,-10.348729705810547,22.592368927001953,11.058852996826172,0.2940884530544281,-3.7094473838806152,2.023582696914673,phone,user1,run
50.11046024993993,-10.038874053955078,15.258968811035157,1.3838722229003908,0.9553964734077454,-6.582699775695801,2.257796287536621,phone,user1,run
50.13045824994333,-0.33635055541992187,10.016720123291016,-5.7366705322265625,1.161301612854004,-1.0907284021377563,1.8226301670074463,phone,user1,run
50.150455249939114,-0.5188211059570312,9.277257843017578,-3.1331346130371096,-0.13772058486938477,3.4409708976745605,0.7435089349746704,phone,user1,run
50.1704522499349,-1.8306930541992188,7.835905151367188,-1.4171031188964844,-0.7998993396759033,3.959695816040039,-0.15721823275089264,phone,user1,run
50.19044924993068,-2.4544459533691407,5.8194483947753906,0.13861175537109377,-0.5995933413505554,3.698936700820923,-0.3523673713207245,phone,user1,run
50.21044624992646,-2.344574432373047,4.2486149597167975,0.4183799743652344,0.0564151406288147,3.5007097721099854,-0.3102680444717407,phone,user1,run
50.23044424992986,-2.1285736083984377,2.9089009094238283,0.71132080078125,0.6661021709442139,3.0365021228790283,-0.3186766803264618,phone,user1,run
50.25044124992564,-2.0372634887695313,1.9169137573242188,0.28755203247070316,1.1945502758026123,2.261495590209961,-0.33299142122268677,phone,user1,run
50.270438249921426,-1.4563215637207032,0.5462141418457032,0.2513273620605469,1.5098000764846802,1.5511714220046997,-0.25172924995422363,phone,user1,run
50.290435250033624,-0.7125183105468751,-0.5734574890136719,0.6973997497558594,1.60520601272583,1.0683823823928833,-0.14643248915672302,phone,user1,run
50.31043225002941,0.15896942138671877,-0.2233355712890625,-1.1097921752929687,1.3626154661178589,0.7414706945419312,-0.18102982640266418,phone,user1,run
50.330430250032805,0.12199630737304688,2.3734643554687502,-2.6768833923339845,0.5806792378425598,1.0259673595428467,-0.2206479161977768,phone,user1,run
50.35042725002859,-0.26809249877929686,4.087100830078125,-2.377955017089844,0.04203355684876442,1.4777196645736694,-0.23500031232833862,phone,user1,run
50.37042425002437,0.039517822265625,6.480174407958985,1.6892372131347657,-0.22583921253681183,1.664647102355957,-0.20392045378684998,phone,user1,run
50.390421250020154,-1.196162567138672,11.685300292968751,7.153773651123047,0.011464299634099007,1.047242522239685,-0.005079230759292841,phone,user1,run
50.41041825001594,-3.419638824462891,21.036803741455078,-5.286556549072266,1.4227463006973267,-0.7565929293632507,0.4561629593372345,phone,user1,run
50.430416250019334,-3.9999819946289064,26.416616363525392,-1.0663824462890625,0.6673228144645691,-1.0640474557876587,0.8608380556106567,phone,user1,run
50.45041237492114,-3.5414854431152345,9.872869262695312,0.8702902221679688,-0.1162610799074173,-1.9526243209838867,0.34150880575180054,phone,user1,run
50.47040937503334,-3.684438171386719,9.550439758300781,-5.290747833251953,0.3023627698421478,-2.2365024089813232,-0.10043726861476898,phone,user1,run
50.490406375029124,-3.413052520751953,12.724738769531251,-6.655160522460938,-0.5046895146369934,-0.6798427700996399,-0.18709823489189148,phone,user1,run
50.51040337502491,-3.3367112731933597,16.563955078125,-4.302053833007813,-1.4966109991073608,1.1332648992538452,-0.5495898127555847,phone,user1,run
50.530401375028305,-3.4530194091796877,16.28852783203125,-3.110830993652344,-1.7021186351776123,1.8725395202636719,-1.25741708278656,phone,user1,run
50.55039837502409,-2.466570739746094,15.709681549072267,-2.4013064575195315,-1.2538387775421143,2.179060459136963,-1.280192494392395,phone,user1,run
50.57039537501987,-1.2240046691894533,14.227463836669923,-1.8300942993164064,-0.7405325174331665,2.855992078781128,-0.8507081866264343,phone,user1,run
50.590392375015654,-0.13726455688476563,11.326346740722657,-0.564027099609375,-0.07899734377861023,3.7342259883880615,-0.49556997418403625,phone,user1,run
50.61038937501144,0.607137451171875,8.964258728027344,0.8750802612304688,0.7481058835983276,4.146666526794434,-0.4056980609893799,phone,user1,run
50.630387375014834,0.6135740661621094,8.559051361083984,2.2384451293945316,1.6161725521087646,3.770714044570923,-0.4896239936351776,phone,user1,run
50.65038437501062,1.1624826049804688,6.680308227539063,14.144386596679688,2.4254331588745117,2.976045608520508,-0.4786304533481598,phone,user1,run
50.6703813750064,-0.34398468017578127,5.101241912841797,10.124496002197267,4.970239162445068,-1.4516257047653198,-0.4910261631011963,phone,user1,run
50.69037837500218,-3.7378770446777345,7.874375152587891,21.971460113525392,6.661423683166504,-6.022813320159912,-0.5388520956039429,phone,user1,run
50.710375374997966,-1.7305513000488282,8.95303207397461,-7.475155334472657,1.6137090921401978,-17.725812911987305,0.5670527219772339,phone,user1,run
50.73037237499375,6.2032502746582034,0.27258316040039066,0.5505551147460938,-1.5981000661849976,-4.768916130065918,1.8261712789535522,phone,user1,run
50.750370374997146,2.0881576538085938,1.1079959106445314,2.0604652404785155,-1.7667046785354614,3.397388458251953,1.3132675886154175,phone,user1,run
50.77036737499293,1.4950909423828125,2.0145108032226564,1.239272918701172,-3.106019973754883,1.5594696998596191,0.9532206654548645,phone,user1,run
50.79036437498871,-0.7806266784667969,6.432872772216797,1.4130615234375001,-3.099626302719116,0.29822418093681335,0.9319804906845093,phone,user1,run
50.810361374984495,-2.18186279296875,11.64024398803711,-0.51732421875,-2.6149256229400635,-0.023328682407736778,1.9582898616790771,phone,user1,run
50.83035837498028,-1.3618679809570313,22.82558395385742,-0.4427792358398438,-2.323437213897705,0.628430962562561,3.8898630142211914,phone,user1,run
50.850356374983676,4.882995758056641,34.62135452270508,2.2493724060058593,-1.900184988975525,1.2654238939285278,5.519410610198975,phone,user1,run
50.87035337497946,2.844684448242188,38.08664840698243,1.314716033935547,-1.2556381225585938,0.5171166658401489,3.6174278259277344,phone,user1,run
50.89035037497524,-2.728226623535156,24.044349517822265,-3.6314483642578126,-0.848975419998169,-1.0182205438613892,1.2385843992233276,phone,user1,run
50.910347374971025,-3.556753692626953,13.950240325927735,-2.787802734375,-1.2897073030471802,-0.9972671866416931,0.9433034062385559,phone,user1,run
50.93034437496681,-3.509901123046875,10.705288238525391,-1.7214202880859375,-1.3468204736709595,0.31204476952552795,0.8499528169631958,phone,user1,run
50.950342374970205,-3.121608581542969,8.049361267089845,-1.6578025817871094,-1.0978453159332275,1.2064303159713745,0.4830027222633362,phone,user1,run
50.97033937496599,-2.649939422607422,6.393055572509766,-2.645299072265625,-0.6681771874427795,1.3196290731430054,0.1004849374294281,phone,user1,run
50.99033637496177,-2.1775218200683595,4.895270233154297,-3.2672557067871097,-0.2581135332584381,1.644299864768982,-0.23942819237709045,phone,user1,run
51.010333374957554,-2.279459838867188,2.734663238525391,-2.3436763000488283,0.1873742938041687,2.4915974140167236,-0.5859007239341736,phone,user1,run
51.03033037495334,-2.286195831298828,0.7464976501464844,-2.415227508544922,0.7691697478294373,2.4067132472991943,-0.7352756261825562,phone,user1,run
51.050328374956734,-2.112107849121094,-0.48678771972656254,-1.8136285400390626,1.2038578987121582,2.0689537525177,-0.5633216500282288,phone,user1,run
51.07032537495252,-1.697919158935547,-0.7273374938964844,-0.9122030639648437,1.2792459726333618,1.8359194993972778,-0.27736741304397583,phone,user1,run
51.0903223749483,-2.679877166748047,-0.9843530273437501,-1.043031005859375,1.1131483316421509,1.387148380279541,-0.08590202778577805,phone,user1,run
51.11031937494408,-5.148842926025391,-2.597248992919922,0.8722361755371094,0.8808799982070923,1.2314962148666382,0.16255581378936768,phone,user1,run
51.130316374939866,-1.0431806945800781,-1.3762380981445312,3.4899925231933597,1.1653258800506592,4.1811933517456055,0.5513527393341064,phone,user1,run
51.15031337493565,1.0665321350097656,4.193379821777344,23.115980072021486,0.5750482678413391,4.347285270690918,0.7685545682907104,phone,user1,run
51.17031137493905,-1.97110107421875,3.650907897949219,8.452023925781251,-1.7560169696807861,-2.0673916339874268,0.4498042166233063,phone,user1,run
51.19030837493483,-5.425916748046875,19.63287322998047,-8.300838317871094,0.30902373790740967,-3.8651437759399414,-0.028076812624931335,phone,user1,run
51.21030537493061,-11.161539459228516,35.217415008544926,-13.687237243652344,-0.9999164938926697,-3.714790105819702,-0.6504088044166565,phone,user1,run
51.230302374926396,-3.3675471496582032,15.708184661865236,-3.297492828369141,-3.1411397457122803,-1.5967161655426025,-0.39565160870552063,phone,user1,run
51.25029937492218,-1.9345770263671875,10.933862915039063,-3.3190480041503907,-2.081397533416748,-0.8874416351318359,-1.145047903060913,phone,user1,run
51.270297374925576,-2.4833358764648437,14.54345672607422,-3.429368591308594,-1.1702412366867065,0.0648437887430191,-1.638680100440979,phone,user1,run
51.29029437492136,-1.1813433837890626,17.562678222656253,-2.762205963134766,-0.33212730288505554,0.9012974500656128,-1.566057562828064,phone,user1,run
51.31029137503356,0.20836669921875,16.312178649902343,-2.8527676391601564,0.6702064871788025,1.495032548904419,-1.426788568496704,phone,user1,run
51.33028837502934,1.2639715576171875,14.985337829589845,-2.0351678466796876,1.444785714149475,2.379342555999756,-1.221732497215271,phone,user1,run
51.35028537502512,2.694247283935547,14.636114044189453,-2.079775085449219,1.9653257131576538,2.869123935699463,-0.9217915534973145,phone,user1,run
51.370282375020906,3.922443237304688,12.797487487792969,-0.3836521911621094,2.3251750469207764,3.2655632495880127,-0.7472109794616699,phone,user1,run
51.390280375024304,4.102069702148437,11.69622756958008,3.0002110290527346,2.6501097679138184,3.208826780319214,-0.7967506051063538,phone,user1,run
51.41027737502009,1.723216552734375,7.0221972656250005,21.637205200195314,3.6494202613830566,1.9843096733093262,-0.9113509654998779,phone,user1,run
51.43027437501587,0.5542973327636719,8.884624328613281,2.092947692871094,7.159336566925049,-4.706953525543213,-0.8843085765838623,phone,user1,run
51.45027162495535,-4.939428405761719,13.207933959960938,19.060313873291015,7.1887640953063965,-6.93398904800415,-1.091630220413208,phone,user1,run
51.47026862495113,14.191987609863283,6.286327514648438,0.5035528564453126,-1.3630841970443726,-18.858966827392578,0.19730500876903534,phone,user1,run
51.49026662495453,4.20370834350586,3.152893524169922,4.18215316772461,-1.315853476524353,1.8110620975494385,0.2426540106534958,phone,user1,run
51.51026362495031,4.446802825927735,4.175566864013672,0.4698728942871094,-2.706908702850342,2.2761752605438232,0.05820911005139351,phone,user1,run
51.530260624946095,3.6407290649414064,4.057013397216797,-2.1568647766113282,-3.132878303527832,1.0269279479980469,-0.19907090067863464,phone,user1,run
51.55025762494188,2.6370661926269534,4.11030258178711,0.023501129150390626,-2.6023809909820557,2.9438250064849854,-0.1509200632572174,phone,user1,run
51.57025462493766,1.592538299560547,8.638536071777343,-0.8924441528320313,-2.3402254581451416,3.1056509017944336,0.0690096840262413,phone,user1,run
51.590251624933444,0.8204438781738281,12.527449035644532,-4.530179443359375,-2.5497117042541504,2.875002145767212,1.1228420734405518,phone,user1,run
51.61024962493684,0.8087681579589844,19.89153533935547,-1.6956738281250001,-3.3184399604797363,4.093051910400391,2.7813119888305664,phone,user1,run
51.630246624932624,4.490960998535156,25.690027313232424,3.084485778808594,-3.6765048503875732,3.89496111869812,4.458783149719238,phone,user1,run
51.65024362492841,6.025270385742187,32.436048889160155,1.184337158203125,-3.023070812225342,1.7167656421661377,4.179300785064697,phone,user1,run
51.67024062492419,3.830384674072266,29.15053115844727,-1.7657281494140626,-2.38135027885437,-0.339873343706131,2.670630693435669,phone,user1,run
51.69023762491997,-0.13651611328125002,18.61977996826172,-4.774022369384766,-1.9990010261535645,-2.051352024078369,1.0916692018508911,phone,user1,run
51.71023562492337,-2.7978318786621097,12.736863555908204,-5.188211059570313,-1.9879122972488403,-2.2992281913757324,0.4790748357772827,phone,user1,run
51.730232624919154,-4.4634182739257815,8.534502410888672,-3.2424073791503907,-1.851893424987793,-1.0067919492721558,0.3860723674297333,phone,user1,run
51.75022962503135,-5.583688659667969,5.460494842529297,-2.364932098388672,-1.2255018949508667,0.34400710463523865,0.32515352964401245,phone,user1,run
51.770226625027135,-6.250551910400391,5.615572357177735,-3.0132339477539065,0.04299274459481239,3.1982851028442383,0.365924596786499,phone,user1,run
51.79022362502292,-5.656886444091797,2.701132965087891,-3.045117645263672,0.6775485277175903,4.5280442237854,0.4275057017803192,phone,user1,run
51.810221625026315,-7.290140075683594,0.5361849975585937,-3.4646951293945314,1.0729879140853882,4.712961673736572,0.33712834119796753,phone,user1,run
51.8302186250221,-8.38975341796875,-1.1738589477539063,-5.490582275390626,1.1936768293380737,4.048805236816406,0.7404282689094543,phone,user1,run
51.85021562501788,-8.14635955810547,-1.4193484497070312,-4.954546966552734,0.7064315676689148,3.0756447315216064,1.512288212776184,phone,user1,run
51.870212625013664,-9.424252166748047,-0.8237370300292969,-3.965553588867188,0.15985751152038574,1.3487484455108643,1.978772521018982,phone,user1,run
51.89020962500945,-6.128705291748047,-0.5559439086914063,-2.0423529052734377,-0.022221466526389122,-0.6444950103759766,2.4312655925750732,phone,user1,run
51.91020662500523,3.4620007324218753,-0.5272036743164062,9.142388305664063,0.22184538841247559,-0.3077964186668396,2.246164560317993,phone,user1,run
51.93020462500863,-2.900218963623047,5.6802378845214845,6.5098127746582035,5.9471116065979,9.613138198852539,0.4184129238128662,phone,user1,run
51.95020162500441,-4.037104797363281,19.477047271728516,15.226935424804688,6.564375400543213,8.707245826721191,0.4897530972957611,phone,user1,run
51.970198625000194,-5.5199212646484375,15.930622100830078,-0.0101788330078125,-1.6962651014328003,-4.141251564025879,-0.1377485692501068,phone,user1,run
51.99019562499598,-14.557228088378906,21.32660110473633,-8.558003540039063,-1.5401525497436523,-9.513303756713867,-2.3414318561553955,phone,user1,run
52.01019262499176,-8.597970428466798,18.228044586181642,-7.016658782958984,-2.5112576484680176,-8.789759635925293,-1.1473218202590942,phone,user1,run
52.03018962498754,-4.220174102783203,17.852026519775393,-7.3039114379882815,-2.7418434619903564,-6.435750484466553,-0.9104626774787903,phone,user1,run
52.05018762499094,-3.242706756591797,19.300713958740236,-8.037386169433594,-2.6344587802886963,-2.8881990909576416,-1.9660626649856567,phone,user1,run
52.07018462498672,-2.5072860717773438,17.93585220336914,-6.285728759765625,-1.4696006774902344,2.4094619750976562,-2.1251258850097656,phone,user1,run
52.090181624982506,-0.7756869506835938,17.476607208251956,-1.4841636657714845,0.6738225817680359,7.008292198181152,-1.4205385446548462,phone,user1,run
52.11017862497829,2.5006997680664065,14.985337829589845,-0.4724176025390625,2.7220101356506348,8.040915489196777,-0.40712055563926697,phone,user1,run
52.13017562497407,5.295837249755859,13.427078247070312,0.5068460083007813,3.5388245582580566,7.85619592666626,-0.018042709678411484,phone,user1,run
52.150172624969855,5.674699401855469,12.036769409179689,4.71100341796875,3.7547097206115723,7.323112487792969,-0.29077067971229553,phone,user1,run
52.17017062497325,-0.02724334716796875,7.616461486816407,28.17545883178711,4.698483943939209,4.974796295166016,-0.5985307693481445,phone,user1,run
52.190167624969035,-0.3629951477050781,7.229516143798828,7.270231475830078,8.707916259765625,-4.611052989959717,0.011400280520319939,phone,user1,run
52.21016462496482,-9.883946228027344,13.291909332275392,6.599476318359375,8.383649826049805,-11.232931137084961,-0.3527570962905884,phone,user1,run
52.2301616249606,-1.1368858337402343,12.763657836914064,-7.45135482788086,0.6802143454551697,-22.326494216918945,0.17703288793563843,phone,user1,run
52.250158624956384,8.172555084228517,3.4578094482421875,0.35401382446289065,0.43416672945022583,-4.525642395019531,1.3174192905426025,phone,user1,run
52.27015662495978,4.401297454833984,2.624791717529297,-0.7833210754394532,-1.9269676208496094,5.120503902435303,1.434897541999817,phone,user1,run
52.290153624955565,5.269641723632812,1.5390994262695312,4.7398933410644535,-3.0750744342803955,4.744864463806152,0.9895128607749939,phone,user1,run
52.31015062495135,5.241500244140625,1.4159056091308595,3.5869908142089844,-2.5403501987457275,2.412020206451416,0.20924511551856995,phone,user1,run
52.33014762494713,3.7007542419433594,3.8969961547851564,-1.7411791992187502,-2.009030818939209,0.5288684368133545,0.04889049753546715,phone,user1,run
52.350144624942914,2.322121124267578,7.361541595458985,-4.4123744201660156,-2.343658685684204,0.6122344732284546,0.6418684720993042,phone,user1,run
52.3701416249387,0.9464817810058594,13.332325286865235,-4.91981918334961,-3.0138754844665527,1.8763189315795898,1.7967983484268188,phone,user1,run
52.390139624942094,-0.686173095703125,26.992169494628907,-3.5057098388671877,-3.7087604999542236,3.283365249633789,3.6325724124908447,phone,user1,run
52.41013662493788,2.793790283203125,38.376894836425784,13.483810272216797,-4.233432292938232,3.4205429553985596,6.034492015838623,phone,user1,run
52.43013362493366,7.980504455566407,33.83968002319336,-0.6033952331542969,-2.1647684574127197,-1.7442786693572998,6.1482133865356445,phone,user1,run
52.45013054169249,2.3813978576660157,22.44941619873047,-2.642454986572266,-1.891636610031128,-4.9377760887146,3.0878679752349854,phone,user1,run
52.47012754168827,-3.260819091796875,15.130386199951174,-0.8934919738769531,-1.982367992401123,-5.77455997467041,0.5224390029907227,phone,user1,run
52.490124541684054,-7.819439392089844,11.435320129394531,-5.209017791748047,-0.7638232707977295,-2.8791186809539795,-0.3418397307395935,phone,user1,run
52.51012254168745,-7.2688842773437505,8.1957568359375,-8.259374542236328,0.7463392615318298,3.478299379348755,0.17785584926605225,phone,user1,run
52.530119541683234,-5.788462829589844,5.025499420166016,-6.275699615478516,0.09780300408601761,6.8635573387146,0.33392396569252014,phone,user1,run
52.55011654167902,-5.401816864013672,2.4909700012207034,-4.078568572998047,-0.3885239064693451,8.048964500427246,-0.05600995570421219,phone,user1,run
52.5701135416748,-8.447682952880859,1.3548326110839843,-0.30177246093750004,-0.29121384024620056,7.2884016036987305,-0.427382230758667,phone,user1,run
52.59011054167058,-8.229436798095703,-0.7041357421875001,-2.3620880126953128,0.6826878190040588,4.0468034744262695,-0.05266953259706497,phone,user1,run
52.610107541666366,-5.841602325439453,-2.3893313598632813,-4.374353485107422,1.1981050968170166,0.9533006548881531,1.0206736326217651,phone,user1,run
52.630105541669764,-5.066663818359375,-2.544408874511719,-3.8501435852050783,0.6602569818496704,0.22396327555179596,1.5603954792022705,phone,user1,run
52.65010254166555,-4.601131896972657,-2.2683828735351566,-2.3260130310058593,0.10886526852846146,0.6361493468284607,1.7080000638961792,phone,user1,run
52.67009954166133,0.1483415222167969,-2.870580596923828,3.2684532165527345,-0.0874505490064621,1.756926417350769,1.5919126272201538,phone,user1,run
52.69009654165711,-0.8457412719726562,2.7987300109863282,10.102042694091798,1.9969991445541382,6.02741003036499,0.8878639936447144,phone,user1,run
52.710093541652896,-4.265829162597656,12.794044647216797,17.41837829589844,3.912186861038208,9.150260925292969,0.27633264660835266,phone,user1,run
52.73009054164868,0.5111869812011719,11.564651184082031,4.644541625976562,-0.024354977533221245,1.837822437286377,0.745445728302002,phone,user1,run
52.750088541652076,-13.279934234619141,29.29438201904297,-10.3848046875,0.11878616362810135,-6.121122360229492,-2.071498394012451,phone,user1,run
52.77008554164786,-15.477514343261719,26.44041687011719,-8.84435806274414,-2.8555471897125244,-10.3016939163208,-2.739025592803955,phone,user1,run
52.79008254164364,-4.115391998291016,13.087584228515626,-3.5628909301757816,-3.8113632202148438,-8.258403778076172,-0.25515782833099365,phone,user1,run
52.810079541639425,-2.2040167236328125,14.466067657470704,-6.5960334777832035,-2.6779983043670654,-4.819666385650635,-0.9955691695213318,phone,user1,run
52.83007654163521,-2.159110107421875,21.536614379882813,-5.16171615600586,-1.0239481925964355,1.2079483270645142,-2.276841402053833,phone,user1,run
52.85007354163099,-1.0892848205566408,21.473445739746094,-4.4000999450683596,0.6812013387680054,4.116732597351074,-2.6179146766662598,phone,user1,run
52.87007154163439,1.4349160766601563,21.615799713134766,-4.387526092529297,2.2387876510620117,5.887475967407227,-1.5658248662948608,phone,user1,run
52.89006854163017,5.239554290771484,19.258651428222656,-1.0168354797363282,3.164078950881958,7.565883159637451,-0.40454041957855225,phone,user1,run
52.910065541625954,8.737779693603516,13.813125457763672,3.452270965576172,3.668771743774414,7.612120628356934,-0.0774766355752945,phone,user1,run
52.93006254162174,2.7677444458007816,3.701203308105469,39.55240036010743,4.5117106437683105,5.73504638671875,-0.767969012260437,phone,user1,run
52.95005954161752,-1.0678793334960939,5.58563461303711,15.490237884521486,9.972248077392578,-6.477238178253174,-1.1343097686767578,phone,user1,run
52.97005754162092,-12.890593872070314,18.600919189453126,-12.835059356689454,7.640620231628418,-19.029781341552734,-1.792386770248413,phone,user1,run
52.9900545416167,14.908098449707031,6.665339355468751,-3.4408946228027344,0.7697680592536926,-14.870864868164062,0.2115744650363922,phone,user1,run
53.010051541612484,3.769311676025391,3.007695465087891,0.8195457458496094,-1.4343113899230957,6.139714241027832,0.5984205603599548,phone,user1,run
53.03004854160827,4.470603332519532,1.7871336364746095,5.595963134765626,-3.249932050704956,5.148529529571533,0.5095159411430359,phone,user1,run
53.05004554160405,4.835394744873047,1.4097683715820313,5.029690704345703,-2.8625121116638184,2.1689844131469727,0.17202891409397125,phone,user1,run
53.07004254159983,2.869083709716797,1.668131103515625,-0.8045768737792969,-2.145190477371216,0.06591739505529404,0.3223991096019745,phone,user1,run
53.090039541595615,2.5259971618652344,3.720513153076172,-3.8456529235839847,-2.208897113800049,0.0858265683054924,0.9859514832496643,phone,user1,run
53.11003754159901,2.0916004943847657,6.828949127197266,-6.324049072265625,-2.7681281566619873,1.1441855430603027,1.9801957607269287,phone,user1,run
53.130034541594796,0.908909912109375,14.875316619873047,-6.727909240722656,-3.738882064819336,2.8825154304504395,3.128810167312622,phone,user1,run
53.15003154159058,-0.5863307189941407,30.857431640625002,6.976691894531251,-4.815898418426514,4.481377601623535,5.121564865112305,phone,user1,run
53.17002854158636,10.546468505859375,38.29306915283203,6.731352081298828,-4.032794952392578,1.0667027235031128,7.512052059173584,phone,user1,run
53.19002554169856,7.812104644775391,35.940710906982424,-2.185155944824219,-2.0863142013549805,-5.406185150146484,5.435303211212158,phone,user1,run
53.21002254169434,1.13763427734375,21.153560943603516,2.376009063720703,-1.8542348146438599,-8.40880298614502,1.9289729595184326,phone,user1,run
53.23002054169774,-5.66467025756836,11.450139312744142,-1.3998889160156252,0.01987667754292488,-7.740717887878418,-0.1909596174955368,phone,user1,run
53.25001754169352,-5.278024291992188,7.9097016906738284,-9.61884750366211,3.0738365650177,0.008826467208564281,-0.05044110119342804,phone,user1,run
53.27001454168931,-3.7482055664062504,4.4441084289550785,-7.469766540527345,2.8381385803222656,5.8869733810424805,0.3188351094722748,phone,user1,run
53.29001154168509,-4.331991577148438,2.6466462707519534,-4.377646636962891,1.555480718612671,7.526769161224365,-0.04869416356086731,phone,user1,run
53.31000854168087,-4.692741394042969,1.699116668701172,-3.1278955078125,0.6581186056137085,7.225423812866211,-0.2832077741622925,phone,user1,run
53.330005541676655,-6.496340789794922,0.03861968994140625,-4.302951965332031,-0.0031810151413083076,6.158167362213135,-0.300536185503006,phone,user1,run
53.35000354168005,-9.758357391357423,-2.2168899536132813,-3.6052528381347657,-0.8177772760391235,4.977466106414795,-0.1399177610874176,phone,user1,run
53.370000541675836,-13.525274047851564,-3.361260223388672,-4.853207702636719,-1.467360258102417,1.60747492313385,0.6111274361610413,phone,user1,run
53.38999754167162,-14.79493377685547,-2.0028350830078128,-1.8754499816894532,-1.4299064874649048,0.3795628249645233,2.028968572616577,phone,user1,run
53.4099945416674,-7.375762023925781,-3.126398620605469,3.1290930175781253,-0.5060107111930847,1.4643138647079468,3.3753392696380615,phone,user1,run
53.429991541663185,-3.13508056640625,1.914668426513672,11.219918060302735,2.9164633750915527,9.413633346557617,3.289309501647949,phone,user1,run
53.44998862501234,-1.390159149169922,11.834989013671876,20.275935974121094,7.471313953399658,12.610918998718262,2.1956629753112793,phone,user1,run
53.469986625015736,3.2684532165527345,13.069920959472658,7.622449035644531,3.705301523208618,2.546764850616455,3.379639148712158,phone,user1,run
53.48998362501152,0.439486083984375,15.212265930175782,-3.4519715881347657,-0.6868036985397339,-8.992671012878418,0.21369725465774536,phone,user1,run
53.5099806250073,-13.085787963867189,17.02799011230469,-12.471166076660158,-2.015789031982422,-15.255179405212402,-5.139050006866455,phone,user1,run
53.529977625003085,-17.765057373046876,23.64078872680664,-9.473350067138673,-4.982041835784912,-12.360644340515137,-4.360527992248535,phone,user1,run
53.54997462499887,-6.330785064697266,18.92739028930664,-4.598138122558594,-5.0086236000061035,-7.547630310058594,-0.7203844785690308,phone,user1,run
53.56997162499465,-3.800446929931641,17.944234771728517,-6.9500473022460945,-2.2717196941375732,-1.424737811088562,-1.725809931755066,phone,user1,run
53.58996962499805,-4.0619531250000005,16.967066802978515,-7.349267120361328,-0.11834357678890228,4.048781871795654,-2.8044445514678955,phone,user1,run
53.60996662499383,-1.3177098083496095,17.842296752929688,-4.60562255859375,1.6087615489959717,7.8501691818237305,-2.133575439453125,phone,user1,run
53.629963624989614,2.750679931640625,18.163079681396486,-1.9730470275878906,2.883633852005005,9.694965362548828,-1.2787915468215942,phone,user1,run
53.6499606249854,6.764433288574219,16.20844436645508,0.4477189636230469,3.5058794021606445,9.549469947814941,-1.1865102052688599,phone,user1,run
53.66995762498118,5.5130355834960945,14.82232681274414,5.779182128906251,3.885568141937256,8.491657257080078,-1.4773637056350708,phone,user1,run
53.68995462497696,0.40071670532226566,12.830419006347658,30.036688385009768,5.1505351066589355,6.337116718292236,-1.1771273612976074,phone,user1,run
53.709951624972746,0.69216064453125,8.108488311767578,9.045240325927734,9.370388984680176,-3.4857654571533203,0.3489365577697754,phone,user1,run
53.72994962497614,-13.011093292236328,8.390950927734375,22.022803344726565,9.921297073364258,-9.621748924255371,0.4574088156223297,phone,user1,run
53.749946624971926,-9.507030029296876,13.59068801879883,-21.132005767822267,2.7264370918273926,-25.366260528564453,-0.3827251195907593,phone,user1,run
53.76994362496771,16.698076171875,0.9880952453613282,9.357341308593751,-0.12955619394779205,-16.14417839050293,1.6780375242233276,phone,user1,run
53.78994062496349,5.12579086303711,2.0137623596191405,-2.9096493530273437,0.3703394830226898,0.6766800284385681,1.0432087182998657,phone,user1,run
53.809937624959275,2.9895831298828126,1.8100360107421876,-4.024381256103516,-2.3461129665374756,1.8049774169921875,1.4136568307876587,phone,user1,run
53.82993462495506,2.6340724182128907,1.568588104248047,-0.23935226440429688,-3.1551544666290283,2.6343958377838135,1.5116095542907715,phone,user1,run
53.849932624958456,2.6598188781738283,4.014651489257813,-0.6334826660156251,-3.043074369430542,1.9650858640670776,2.016082286834717,phone,user1,run
53.86992962495424,1.888173522949219,7.039561157226563,-2.3466700744628906,-2.8365726470947266,1.667834997177124,2.851860284805298,phone,user1,run
53.88992662495002,1.7157321166992188,11.908037109375,-2.835104370117188,-2.9837021827697754,2.114417791366577,3.847057819366455,phone,user1,run
53.909923624945804,1.9347267150878906,24.081023254394534,2.1392015075683597,-3.154022693634033,2.8314507007598877,4.886257171630859,phone,user1,run
53.92992062494159,6.605613555908204,36.60128723144531,5.248086547851563,-2.5336689949035645,1.875057339668274,6.220592021942139,phone,user1,run
53.94991762493737,8.632698211669922,38.93508407592773,0.44457550048828126,-1.5375028848648071,-1.3797847032546997,5.747140407562256,phone,user1,run
53.96991562494077,2.7161018371582033,24.897724914550782,1.7543518066406252,-1.3052210807800293,-4.308417320251465,2.9004249572753906,phone,user1,run
53.98991262493655,-3.9282810974121096,13.555511169433595,-1.2120295715332032,-0.6199814081192017,-5.762589931488037,0.29000264406204224,phone,user1,run
54.009909624932334,-7.708819427490234,10.57835220336914,-7.865992584228516,0.4320651888847351,-1.4589532613754272,-0.2640162408351898,phone,user1,run
54.02990662492812,-7.685318298339844,7.306306457519532,-7.125482482910156,0.26482096314430237,4.453399181365967,0.45681875944137573,phone,user1,run
54.0499036249239,-7.244335327148438,4.7363008117675784,-5.152734832763672,-0.956868052482605,6.4650492668151855,0.720673143863678,phone,user1,run
54.06990062491968,-8.077353057861329,3.0386810302734375,-4.267775115966797,-1.5932930707931519,6.972513198852539,0.2764922082424164,phone,user1,run
54.08989762503188,-12.9187353515625,3.5331028747558597,-0.7276368713378907,-1.2648333311080933,6.711896896362305,0.004690404515713453,phone,user1,run
54.10989562491886,-12.98474807739258,0.34338592529296874,-2.199675750732422,0.1799534410238266,3.643669605255127,0.8695605993270874,phone,user1,run
54.12989262503106,-9.694140930175783,-2.2809567260742187,-2.3336471557617187,1.1217138767242432,0.6374305486679077,2.0350234508514404,phone,user1,run
54.149889625026844,-7.424111480712891,-2.669099578857422,-3.1906150817871097,1.4458293914794922,-0.830528974533081,2.6604819297790527,phone,user1,run
54.16988662502263,-4.16972900390625,-3.672612762451172,-0.8337661743164063,1.426741123199463,0.4297931492328644,2.4459590911865234,phone,user1,run
54.18988362501841,-0.9581575012207032,-0.32527359008789064,4.142635345458984,2.7907495498657227,8.235864639282227,1.5786473751068115,phone,user1,run
54.20988062501419,2.592159576416016,8.805438995361328,42.59437454223633,-0.14399354159832,12.681756973266602,1.6528221368789673,phone,user1,run
54.22987862501759,1.7284556579589845,3.635340270996094,3.4685870361328126,1.571890950202942,-1.296634554862976,1.5837091207504272,phone,user1,run
54.249875625013374,-2.5692572021484374,13.146860961914063,-6.088289337158203,3.092827558517456,-6.484856605529785,-1.1304396390914917,phone,user1,run
54.26987262500916,-21.73046127319336,26.89172836303711,-24.2040673828125,0.27402442693710327,-13.1537504196167,-4.691924571990967,phone,user1,run
54.28986962500494,-9.937684478759767,16.76274169921875,-6.586752777099609,-5.4554667472839355,-10.117595672607422,-1.5805555582046509,phone,user1,run
54.30986662500072,-4.570445709228516,10.895243225097657,-5.160368957519531,-5.364809513092041,-7.178374290466309,-0.33312052488327026,phone,user1,run
54.329863624996506,-4.439019012451172,15.242652740478517,-6.271508331298828,-4.04592227935791,-4.6068902015686035,-1.8716402053833008,phone,user1,run
54.34986062499229,-4.686903533935547,20.509600067138674,-5.333708496093751,-2.265564203262329,-0.1941165179014206,-2.8027546405792236,phone,user1,run
54.369858624995686,-2.3510110473632815,22.599404296875,-6.210135955810547,0.6488369703292847,4.639357566833496,-2.804964780807495,phone,user1,run
54.38985562499147,0.5930667114257813,23.569536895751956,-5.060376892089844,2.853937864303589,8.504142761230469,-1.9542405605316162,phone,user1,run
54.40985262498725,4.366270294189453,20.907622375488284,-1.1310479736328125,3.763207197189331,10.444543838500977,-1.168501853942871,phone,user1,run
54.429849624983035,8.274044036865234,16.55572219848633,4.513114929199219,4.070896148681641,9.959634780883789,-0.7880471348762512,phone,user1,run
54.449847291689366,2.4445664978027346,10.861263885498047,33.67981246948242,4.988978862762451,7.751163005828857,-0.8821964263916016,phone,user1,run
54.46984429168515,0.3158432006835938,7.215295715332031,11.4577734375,9.680259704589844,-2.9194445610046387,-0.10433906316757202,phone,user1,run
54.48984229168855,-11.073372802734376,9.314380645751953,9.814939727783203,9.834967613220215,-11.219533920288086,-0.3569566309452057,phone,user1,run
54.50983929168433,-5.75044189453125,14.22536819458008,-18.364261322021484,2.4921822547912598,-22.67538833618164,-0.9983603358268738,phone,user1,run
54.52983629168011,17.241595916748047,-0.4532574462890625,13.301938476562501,0.11738622188568115,-13.019926071166992,0.9874902963638306,phone,user1,run
54.549833291675895,4.644391937255859,2.2733226013183594,-3.7272491455078125,0.6642259955406189,0.8881700038909912,0.3487153947353363,phone,user1,run
54.56983029167168,2.030677185058594,1.9821780395507813,-2.4043002319335938,-1.8092750310897827,2.5166547298431396,0.9023598432540894,phone,user1,run
54.58982729166746,1.8003062438964845,1.2020004272460938,-0.12169692993164063,-2.4781525135040283,2.689117431640625,1.191816806793213,phone,user1,run
54.609824291663244,1.8603314208984376,1.555565185546875,0.3686833190917969,-2.452784538269043,1.958022952079773,1.5788474082946777,phone,user1,run
54.62982229166664,2.084714813232422,3.9977366638183596,-1.5120057678222658,-2.1701765060424805,1.3631670475006104,2.2533698081970215,phone,user1,run
54.649819291662425,2.549198913574219,7.5981994628906255,-4.283642120361328,-1.999220371246338,1.6910290718078613,3.246067762374878,phone,user1,run
54.66981629165821,3.1546897888183594,15.548466796875001,-3.460204467773438,-2.3355870246887207,3.0930237770080566,4.374544620513916,phone,user1,run
54.68981329165399,3.7188665771484377,33.18134902954102,8.00699935913086,-2.804452419281006,3.7699577808380127,5.580771446228027,phone,user1,run
54.709810291649774,8.929381256103516,36.37405975341797,-0.243094482421875,-1.982537031173706,-0.3279476761817932,6.644855499267578,phone,user1,run
54.72980729164556,6.853647766113282,34.29368591308594,-0.33784744262695315,-2.2341082096099854,-4.448465347290039,5.208202838897705,phone,user1,run
54.74980429164134,1.0433303833007812,21.892125091552735,6.436315612792969,-2.125087261199951,-7.148046970367432,2.680133581161499,phone,user1,run
54.76980229164474,-4.4595263671875,13.743669891357422,-0.8336164855957031,-0.07502016425132751,-7.416872024536133,0.3616706430912018,phone,user1,run
54.78979929164052,-7.115453338623047,12.289443969726562,-9.7189892578125,1.861161708831787,-0.7024537324905396,-0.5495555400848389,phone,user1,run
54.8097962916363,-6.012397155761719,6.882388000488282,-7.691305847167969,1.001893401145935,5.401940822601318,-0.12414126098155975,phone,user1,run
54.829793291632086,-5.570965118408203,2.9591963195800783,-4.811444549560547,-0.3530726432800293,7.779651165008545,-0.10258205235004425,phone,user1,run
54.84979029162787,-7.432044982910156,1.5402969360351564,-1.9235000610351562,-1.0967953205108643,8.008575439453125,-0.18398626148700714,phone,user1,run
54.86978729162365,-9.359436950683595,0.2927911376953125,-0.4123924255371094,-1.1634767055511475,6.370806694030762,-0.3484872579574585,phone,user1,run
54.889784291619435,-9.883646850585938,-2.248773651123047,-3.0698162841796877,-0.5001168251037598,2.5650522708892822,0.5595730543136597,phone,user1,run
54.90978229162283,-9.962682495117187,-3.0264065551757815,-3.6552488708496096,-0.41675475239753723,-0.4182814955711365,1.9603536128997803,phone,user1,run
54.929779291618615,-7.687713317871094,-2.6304798889160157,-4.388723602294922,-0.2896111309528351,-1.5798317193984985,2.5667388439178467,phone,user1,run
54.9497762916144,-3.0695169067382815,-2.4685166931152347,-0.1477427673339844,0.010018834844231606,0.2817317843437195,2.280726909637451,phone,user1,run
54.96977329161018,2.8364515686035157,-1.8191670227050782,8.498726806640626,0.9464918375015259,3.0578131675720215,1.4647343158721924,phone,user1,run
54.989770291605964,1.5444882202148438,6.440357208251953,9.316476287841798,4.92243766784668,7.520660400390625,0.1833256185054779,phone,user1,run
55.00976729160175,2.084864501953125,12.906610565185547,9.923164672851563,4.517248153686523,6.360958576202393,0.5101702213287354,phone,user1,run
55.02976429159753,6.221961364746094,13.609848175048828,0.966390380859375,-0.5309568047523499,-2.0222649574279785,0.05411168932914734,phone,user1,run
55.04976229160093,-9.834249572753906,19.021993560791017,-7.759414215087891,-1.772269368171692,-10.783162117004395,-5.352501392364502,phone,user1,run
55.06975929159671,-23.190225677490236,28.103009490966798,-7.106172637939453,-4.597779750823975,-11.971757888793945,-6.084665298461914,phone,user1,run
55.089756291592494,-5.160069580078125,17.741556243896486,1.8435662841796876,-5.513613224029541,-8.916065216064453,-0.28147050738334656,phone,user1,run
55.10975329158828,-1.846410369873047,17.736616516113283,-4.008364562988281,-1.3110710382461548,-1.1037647724151611,-0.7775329947471619,phone,user1,run
55.129750291700475,-2.701432342529297,17.79783920288086,-5.4178335571289065,0.4236604869365692,2.3637561798095703,-2.4611380100250244,phone,user1,run
55.14974729169626,-0.07214996337890625,17.37287292480469,-5.577701110839844,1.2025721073150635,4.469382286071777,-2.041003704071045,phone,user1,run
55.16974429169204,2.5935067749023437,17.239200897216797,-3.7953575134277346,1.8056988716125488,5.660054683685303,-1.557991862297058,phone,user1,run
55.18974229169544,4.760550384521484,15.276781768798829,-2.3894810485839844,2.32692289352417,5.798067092895508,-1.2474308013916016,phone,user1,run
55.20973929169122,6.613547058105469,12.49436782836914,-0.48678771972656254,2.8291914463043213,5.589669227600098,-1.1694391965866089,phone,user1,run
55.229736291687004,6.057603149414063,11.232042846679688,2.4544459533691407,3.1407630443573,5.128933906555176,-1.286226749420166,phone,user1,run
55.24973329168279,2.195933532714844,9.019793243408204,26.72258010864258,3.7984578609466553,4.153706073760986,-1.2539952993392944,phone,user1,run
55.26973029167857,0.00748443603515625,5.3458332824707036,7.744894409179688,7.696843147277832,-4.101693153381348,-0.4487796425819397,phone,user1,run
55.28972729167435,-8.061186676025391,8.674012298583985,23.484962768554688,8.846513748168945,-9.343607902526855,-0.3983038663864136,phone,user1,run
55.309724291670136,-0.3619473266601563,10.473719787597657,-3.841461639404297,2.111290454864502,-24.25819206237793,-0.2835041284561157,phone,user1,run
55.329722291673534,7.539222106933594,2.010169830322266,-5.056335296630859,1.3683680295944214,-7.146756649017334,0.8188754320144653,phone,user1,run
55.34971929166932,4.242328033447266,1.5551161193847658,-2.618055725097656,-1.3591656684875488,3.166823148727417,0.9947400093078613,phone,user1,run
55.3697162916651,2.049537963867188,1.110091552734375,0.31674133300781254,-2.9155197143554688,3.7774605751037598,0.904123842716217,phone,user1,run
55.38971329166088,1.8621276855468751,2.787802734375,0.9586065673828126,-3.1457912921905518,3.0434300899505615,0.9514647126197815,phone,user1,run
55.409710291656666,1.3266911315917969,7.031178588867188,-0.9821076965332032,-2.9546964168548584,2.1236541271209717,1.40216064453125,phone,user1,run
55.42970729165245,-0.2183958435058594,15.13891845703125,-2.538421325683594,-3.013866901397705,1.8668954372406006,2.4104628562927246,phone,user1,run
55.44970374996774,-2.7330166625976564,28.43307312011719,6.578968963623047,-3.328845262527466,1.9952219724655151,4.452611923217773,phone,user1,run
55.46970174997114,4.621639251708984,33.85494827270508,2.8300149536132815,-2.3969194889068604,-0.9882218241691589,6.783456802368164,phone,user1,run
55.48969874996692,5.060825958251954,35.06458282470703,-3.006947021484375,-1.6008076667785645,-4.3216447830200195,5.431726455688477,phone,user1,run
55.5096957499627,-0.9093589782714844,24.655079498291016,-0.2652484130859375,-1.85275399684906,-6.232079029083252,2.459242105484009,phone,user1,run
55.529692749958485,-6.092480621337891,15.214211883544923,0.9195378112792969,-1.1357688903808594,-5.908375263214111,0.8317326307296753,phone,user1,run
55.54968974995427,-5.421725463867188,10.207722930908204,-6.811285858154298,0.9975160360336304,-0.12420134246349335,0.8341941833496094,phone,user1,run
55.56968674995005,-4.031865692138672,6.026467895507813,-6.122867431640626,0.7226577401161194,4.622161388397217,0.8926151394844055,phone,user1,run
55.589683749945834,-3.169658660888672,3.9311251831054688,-4.62957275390625,-0.28419703245162964,6.469432830810547,0.41674837470054626,phone,user1,run
55.60968174994923,-3.3151560974121095,2.8219317626953124,-3.3721875000000003,-0.8804503083229065,7.103381633758545,-0.36956003308296204,phone,user1,run
55.629678749945015,-5.020260314941407,2.066003723144531,-0.41119491577148437,-0.8676581978797913,6.847676753997803,-1.0600862503051758,phone,user1,run
55.6496757499408,-9.797725524902344,2.5204586791992187,-0.5656736755371095,0.04178221523761749,4.6585564613342285,-1.3529549837112427,phone,user1,run
55.66967274993658,-7.048841857910157,-0.8349636840820313,-2.667902069091797,0.6209174990653992,1.436489462852478,0.4163799583911896,phone,user1,run
55.689669749932364,-4.895419921875,-2.442470855712891,-3.3543745422363282,0.27101054787635803,-0.2776796221733093,1.6657538414001465,phone,user1,run
55.70966674992815,-5.250780944824219,-2.395169219970703,-3.0289512634277345,-0.3004468083381653,-0.2944623529911041,1.9909324645996094,phone,user1,run
55.72966374992393,-5.0338819885253905,-3.347638549804688,2.4072940063476564,-0.5883337259292603,0.5507461428642273,1.8734543323516846,phone,user1,run
55.74966174992733,0.996328125,3.4118550109863284,35.53460540771484,1.2843939065933228,4.2841291427612305,1.679232120513916,phone,user1,run
55.76965874992311,-0.4517605590820313,3.011287994384766,1.8251545715332032,3.167945146560669,3.090008497238159,1.1913882493972778,phone,user1,run
55.78965574991889,-0.9092092895507813,9.819729766845704,-1.948198699951172,2.9770891666412354,-2.3192617893218994,0.8226454257965088,phone,user1,run
55.80965275003109,-10.102042694091798,25.521028747558596,-22.151236267089846,1.7499691247940063,-7.691781520843506,-1.642429232597351,phone,user1,run
55.829649750026874,-10.062674560546876,23.057152404785157,-12.434043273925782,-4.010897159576416,-9.45434856414795,-1.889316201210022,phone,user1,run
55.84964675002266,-3.795956268310547,13.842614135742188,-3.5723213195800785,-5.267081260681152,-5.8666911125183105,-0.6820146441459656,phone,user1,run
55.86964375001844,-3.4787658691406254,14.174773406982423,-4.940625915527344,-4.324719429016113,-4.409561634063721,-1.5887506008148193,phone,user1,run
55.88964175002184,-2.2342538452148437,17.69066207885742,-2.386636962890625,-3.1396915912628174,-1.392683506011963,-2.0789053440093994,phone,user1,run
55.90963875001762,-1.5444882202148438,18.064434814453126,-1.2171189880371094,-1.0913640260696411,2.062394857406616,-2.319392204284668,phone,user1,run
55.929635750013404,0.09116043090820312,19.340381469726562,-1.9630178833007814,1.3485746383666992,4.580310344696045,-1.98210871219635,phone,user1,run
55.94963275000919,2.271676025390625,18.189574584960937,-2.0469932556152344,3.0701375007629395,6.291715145111084,-1.2070502042770386,phone,user1,run
55.96962975000497,4.5708947753906255,15.683336334228516,-0.3737727355957031,3.6937763690948486,7.076409816741943,-0.6806111335754395,phone,user1,run
55.98962675000075,6.780150604248047,12.232412567138672,2.791245574951172,3.8943958282470703,6.803246974945068,-0.5561404228210449,phone,user1,run
56.009623749996535,2.7891499328613283,7.823630676269532,28.70326126098633,4.4081597328186035,5.328630447387695,-0.8468750715255737,phone,user1,run
56.02962074999232,0.536484375,6.866970062255859,7.808063049316407,8.331110954284668,-3.73502779006958,-0.7456691265106201,phone,user1,run
56.049618749995716,-10.187664642333985,12.985496520996094,10.956316223144531,8.385448455810547,-10.49489688873291,-1.1615248918533325,phone,user1,run
56.0696157499915,5.033732299804687,10.568921813964844,3.3018338012695314,0.4201187193393707,-22.26770782470703,-0.8061879873275757,phone,user1,run
56.08961274998728,6.658453674316407,3.8550833129882816,-2.079475708007813,0.909165620803833,-4.088398456573486,0.1565515100955963,phone,user1,run
56.109609749983065,4.389172668457031,2.771935729980469,-1.2930111694335937,-2.257871389389038,3.54835844039917,0.6447383165359497,phone,user1,run
56.12960674997885,4.680766296386719,2.1116587829589846,4.14862289428711,-3.4538936614990234,3.497688055038452,0.4029802680015564,phone,user1,run
56.14960374997463,3.7715570068359376,2.0517832946777346,1.4521302795410156,-2.8901305198669434,1.6622647047042847,0.1256147027015686,phone,user1,run
56.169600749970414,2.9960197448730472,4.104464721679688,-2.1478834533691407,-2.5640366077423096,0.6852100491523743,0.3201439380645752,phone,user1,run
56.18959874997381,2.5399182128906252,9.156908111572266,-5.0216075134277345,-2.8575847148895264,1.095257043838501,0.9504746198654175,phone,user1,run
56.209595749969594,1.0190808105468752,15.671660614013673,-5.282065887451172,-3.6776483058929443,2.1015737056732178,2.087512493133545,phone,user1,run
56.22959274996538,0.7182064819335938,21.642893371582034,-1.916015625,-4.47086763381958,3.0928239822387695,4.093099594116211,phone,user1,run
56.24958974996116,3.8887632751464847,30.079649047851564,10.581495666503907,-4.63887357711792,2.7031123638153076,6.080509185791016,phone,user1,run
56.26958674995694,9.14268768310547,30.433662872314454,0.5057981872558595,-2.607222080230713,-1.2976813316345215,6.3567328453063965,phone,user1,run
56.289583749952726,4.731361083984376,27.10922607421875,-0.6162684631347657,-1.686328649520874,-3.352973699569702,3.9848577976226807,phone,user1,run
56.30958074994851,-0.49591873168945316,17.001794586181642,-1.7299525451660158,-1.1292548179626465,-4.416848659515381,1.5128520727157593,phone,user1,run
56.32957774994429,-6.783743133544922,11.842024383544922,-1.73159912109375,-0.4459702968597412,-3.6338107585906982,-0.11370275169610977,phone,user1,run
56.34957574994769,-7.451504516601563,9.756261749267578,-6.743177490234375,1.0795828104019165,1.074967861175537,0.017715048044919968,phone,user1,run
56.36957274994347,-6.193071441650391,6.170169067382813,-6.106102294921875,0.9147554039955139,5.346512317657471,0.5108839273452759,phone,user1,run
56.389569749939255,-6.227200469970703,3.7929624938964848,-4.737198944091797,-0.003722372930496931,7.228851318359375,0.543225884437561,phone,user1,run
56.40956674993504,-10.43839324951172,3.2046858215332032,-1.2585827636718752,-0.1948443055152893,7.759288311004639,-0.08233629912137985,phone,user1,run
56.42956374993082,-9.54744598388672,0.3442840576171875,-1.8390756225585938,0.503132164478302,5.398324966430664,0.12604109942913055,phone,user1,run
56.44956041662954,-7.150630187988281,-1.2157717895507814,-3.0026060485839845,1.1416794061660767,2.3439249992370605,0.8150533437728882,phone,user1,run
56.46955741662532,-5.283862152099609,-0.5557942199707031,-2.3968157958984375,0.7885099649429321,0.7591006755828857,1.4944618940353394,phone,user1,run
56.489554416621104,-5.442382507324219,0.36359390258789065,-1.6947756958007814,0.4557499587535858,0.7064103484153748,1.5690768957138062,phone,user1,run
56.5095524166245,-3.0681697082519532,0.9223818969726563,-0.10942245483398438,0.4761381447315216,1.7607665061950684,1.2390761375427246,phone,user1,run
56.529549416620284,-1.5093113708496095,5.289250946044922,3.0014085388183593,1.8993418216705322,9.000959396362305,0.29900112748146057,phone,user1,run
56.54954641661607,-1.3570779418945313,11.20105728149414,35.937268066406254,0.6018510460853577,15.830146789550781,-0.19112879037857056,phone,user1,run
56.56954341661185,-0.08292755126953126,1.7286053466796876,2.9919781494140625,-0.6516179442405701,3.2252519130706787,-0.5570076107978821,phone,user1,run
56.58954041660763,-2.2233265686035155,11.391311645507812,-3.0455667114257814,0.7098208665847778,-2.5158493518829346,-1.532527208328247,phone,user1,run
56.609537416603416,-14.613061981201172,27.240353393554688,-16.94431411743164,-0.2766945958137512,-6.797272682189941,-3.224621534347534,phone,user1,run
56.6295344165992,-9.385183410644531,24.55418930053711,-10.446476440429688,-3.754760980606079,-6.043547630310059,-1.268394947052002,phone,user1,run
56.6495324166026,-3.6068994140625,21.57328811645508,-7.371121673583985,-3.86730694770813,-3.7008607387542725,-0.3200829327106476,phone,user1,run
56.66952941659838,0.09819580078125001,18.568436737060548,-4.090693359375,-2.1228928565979004,-1.3508672714233398,-0.8424029350280762,phone,user1,run
56.68952641659416,1.8953585815429688,16.18703887939453,-1.1271560668945313,0.03578567132353783,1.3922107219696045,-0.9407927989959717,phone,user1,run
56.709523416589946,3.593726806640625,14.611864471435547,0.2974314880371094,1.9330836534500122,2.9642956256866455,-0.8786492943763733,phone,user1,run
56.72952041658573,4.590803375244141,13.922547912597658,1.3051359558105469,3.3562874794006348,3.883613348007202,-0.8939424157142639,phone,user1,run
56.74951741669793,7.194339294433594,11.770922241210938,16.051720275878907,4.466413497924805,3.9583652019500732,-0.8688061833381653,phone,user1,run
56.76951441669371,5.160518646240234,10.725047149658204,5.760021972656251,7.291433811187744,-0.8328030109405518,-1.2922184467315674,phone,user1,run
56.78951141668949,-0.3986210632324219,13.029205627441407,22.031185913085938,8.22713851928711,-4.420063018798828,-1.7994338274002075,phone,user1,run
56.80950941669289,1.9860699462890625,14.47639617919922,-0.8592132568359375,3.42423677444458,-15.745468139648438,-1.604302167892456,phone,user1,run
56.82950641668867,3.6458184814453127,6.8973568725585945,-2.5117767333984378,-1.7233487367630005,-0.5000773668289185,-0.42068779468536377,phone,user1,run
56.849503416684456,4.1974214172363284,4.353097686767578,11.772419128417969,-2.00547194480896,5.8555006980896,-0.4747940003871918,phone,user1,run
56.86950041668024,3.612737274169922,5.915099487304688,0.907562713623047,-2.3418760299682617,0.3022717535495758,-0.8309807181358337,phone,user1,run
56.88949741667602,3.6986585998535157,3.0082942199707032,-0.20582199096679688,-2.0302340984344482,-0.40865379571914673,-0.391605943441391,phone,user1,run
56.909494416671805,2.758014678955078,1.2738510131835938,-1.1714639282226562,-1.70119309425354,0.8240140080451965,-0.054198697209358215,phone,user1,run
56.92949141666759,1.919458465576172,1.0819500732421876,-2.364932098388672,-1.888694405555725,2.0837900638580322,0.18989291787147522,phone,user1,run
56.94948841666337,1.5447875976562502,1.5419435119628908,-1.8279986572265625,-2.5755391120910645,2.81549072265625,0.546164870262146,phone,user1,run
56.96948641666677,2.2947280883789065,4.757107543945312,-2.7872039794921877,-3.042325973510742,3.434117317199707,1.0464838743209839,phone,user1,run
56.98948341666255,3.8621186828613285,12.062066802978515,-4.017645263671875,-3.493413209915161,4.2342681884765625,1.7049567699432373,phone,user1,run
57.009480416658334,6.20070556640625,29.90855484008789,-0.33365615844726565,-4.155228614807129,5.252168655395508,2.452037811279297,phone,user1,run
57.02947741665412,11.379785614013672,43.55238235473633,7.387288055419922,-4.2295331954956055,4.673412799835205,3.494971990585327,phone,user1,run
57.0494744166499,9.79997085571289,35.08883239746094,1.1406280517578125,-2.8024613857269287,0.70798259973526,3.6341805458068848,phone,user1,run
57.06947141664568,4.535717926025391,19.98598892211914,-3.289559326171875,-1.6194878816604614,-2.6669352054595947,2.535116195678711,phone,user1,run
57.089468416641466,-0.2748284912109375,15.197895812988282,-4.213737487792969,-0.6306628584861755,-3.047971487045288,1.0385422706604004,phone,user1,run
57.109466416644864,-4.669240264892578,13.251942443847657,-5.744604034423828,-0.0759006217122078,-2.4721295833587646,0.1448739469051361,phone,user1,run
57.12946341664065,-8.014334106445313,12.248429260253907,-4.659510498046875,0.1688309758901596,-0.8019211888313293,0.2672906517982483,phone,user1,run
57.14946041663643,-7.783214721679688,9.826914825439454,-6.335874481201172,1.167116403579712,4.398262977600098,0.9134411215782166,phone,user1,run
57.16945741663221,-7.452252960205079,6.9040928649902344,-5.339696044921875,0.45793381333351135,7.100775241851807,1.1726940870285034,phone,user1,run
57.189454416627996,-7.468718719482422,4.254303131103516,-2.9035121154785157,-0.2398863583803177,7.7560505867004395,1.2130467891693115,phone,user1,run
57.20945141662378,-7.535629577636719,2.5393194580078124,-1.3751902770996094,-0.07194096595048904,6.714923858642578,1.2321422100067139,phone,user1,run
57.22944841661956,-7.3515124511718755,0.988993377685547,-3.381617889404297,0.41075482964515686,4.188877105712891,1.1548216342926025,phone,user1,run
57.249445416615345,-7.132218475341797,-0.47436355590820317,-5.2275791931152344,0.3132169842720032,2.3407602310180664,1.1775749921798706,phone,user1,run
57.26944241661113,-6.920708312988282,-1.1416758728027345,-5.256319427490235,-0.14363543689250946,1.944309115409851,1.4584628343582153,phone,user1,run
57.289440416614525,-3.919150085449219,-1.5274237060546876,-1.355730743408203,-0.6251023411750793,2.8047003746032715,1.890520453453064,phone,user1,run
57.30943741661031,1.3888119506835939,-3.1021490478515625,4.6764253234863284,-0.7386398315429688,3.3519418239593506,1.9053306579589844,phone,user1,run
57.32943441660609,-0.379610595703125,-0.5032534790039063,5.126239929199219,1.6695762872695923,6.8784990310668945,1.2043137550354004,phone,user1,run
57.349431416601874,-2.8229795837402345,1.5852035522460939,2.6002427673339845,3.5727806091308594,7.172405242919922,0.9792688488960266,phone,user1,run
57.36942841659766,-3.932322692871094,10.211764526367189,3.7880227661132815,3.9727725982666016,5.351557731628418,1.298779010772705,phone,user1,run
57.38942541659344,-5.12579086303711,24.564517822265625,-6.424639892578125,2.077218770980835,0.6158218383789062,0.9913499355316162,phone,user1,run
57.40942241658922,-17.280814361572265,30.603110504150393,-9.854756927490234,-1.6209269762039185,-6.7393927574157715,-1.6941365003585815,phone,user1,run
57.42942041659262,-5.53294418334961,17.971478118896485,-2.4833358764648437,-3.270597219467163,-6.827794551849365,-0.683357834815979,phone,user1,run
57.44941762497183,-2.190245361328125,18.93457534790039,-5.952970733642578,-2.246462345123291,-4.232327938079834,-1.1203012466430664,phone,user1,run
57.46941462496761,-1.3921051025390625,21.205203552246093,-5.550906829833985,-0.8426074385643005,1.2356348037719727,-1.9707523584365845,phone,user1,run
57.489411624963395,-0.5631289672851563,19.97536102294922,-3.1430140686035157,-0.07304982841014862,4.502462387084961,-1.8935586214065552,phone,user1,run
57.50940862495918,1.342258758544922,19.96593063354492,-0.09984237670898438,1.2234232425689697,6.656152248382568,-0.9848130345344543,phone,user1,run
57.52940562495496,5.062921600341797,16.43836624145508,10.714269561767578,2.394148826599121,7.072802543640137,-0.005013201851397753,phone,user1,run
57.549402624950744,6.6241749572753905,9.353599090576173,17.039366455078127,4.885300636291504,3.492624044418335,0.10916528850793839,phone,user1,run
57.56939962494653,3.477119293212891,9.42529998779297,1.9118243408203126,8.080641746520996,-3.155658483505249,-0.8453733921051025,phone,user1,run
57.589397624949925,-4.258644104003906,9.993668060302735,15.312407684326173,7.696046829223633,-5.715632915496826,-1.581610083580017,phone,user1,run
57.60939462494571,10.645263061523439,5.372627563476563,0.7670050048828125,-0.6024997234344482,-18.09647560119629,-0.6791977882385254,phone,user1,run
57.62939162494149,3.8899607849121094,4.3120829772949225,0.9325607299804688,-1.195596694946289,0.4857940375804901,0.2336357831954956,phone,user1,run
57.649388624937274,3.556454315185547,2.58422607421875,3.2518377685546875,-1.435004472732544,4.161161422729492,0.10246682167053223,phone,user1,run
57.66938562493306,2.387684783935547,1.49688720703125,-0.8192463684082032,-2.1679933071136475,1.8722007274627686,-0.183974951505661,phone,user1,run
57.68938262492884,1.392404479980469,0.5900729370117188,1.5024256896972656,-1.7404087781906128,3.2931103706359863,-0.3316710889339447,phone,user1,run
57.70937962492462,1.735191650390625,0.46538223266601564,1.5343093872070312,-1.8836156129837036,2.193690299987793,-0.2727717161178589,phone,user1,run
57.729376624920405,1.366208953857422,1.9760408020019533,-1.6064593505859375,-2.47680926322937,0.3670427203178406,-0.03944495692849159,phone,user1,run
57.749373625032604,1.6052618408203125,6.606811065673829,-3.248694305419922,-2.7917933464050293,0.5622469186782837,0.49228188395500183,phone,user1,run
57.769371624919586,-0.8198451232910157,18.285674743652343,-3.676205291748047,-3.257352590560913,1.401334524154663,1.4123269319534302,phone,user1,run
57.789368625031784,0.4614903259277344,30.71373046875,6.193071441650391,-3.5074193477630615,2.233628749847412,3.922774076461792,phone,user1,run
57.80936562502757,8.485254821777344,34.254168090820315,-0.7062313842773438,-2.230642318725586,-0.01292994525283575,6.316155910491943,phone,user1,run
57.82936262502335,7.6422079467773445,33.31651794433594,-3.540587310791016,-1.7085460424423218,-0.8709045052528381,4.920995712280273,phone,user1,run
57.84935962501913,0.7813751220703126,25.60410598754883,-2.2573059082031253,-1.9119282960891724,-2.2866244316101074,2.480876922607422,phone,user1,run
57.869356625014916,-3.921545104980469,18.39375,-1.7727635192871094,-1.3915224075317383,-2.829033374786377,1.5378912687301636,phone,user1,run
57.8893536250107,-6.561455383300782,13.235027618408203,-4.601730651855469,-0.12517839670181274,-0.5667266845703125,1.2400215864181519,phone,user1,run
57.9093516250141,-5.842949523925782,10.041718139648438,-5.528453521728516,0.5491125583648682,3.1257004737854004,1.4998829364776611,phone,user1,run
57.92934862500988,-4.970563659667969,6.840475158691406,-4.298610992431641,-0.050685763359069824,5.148651123046875,1.3877848386764526,phone,user1,run
57.94934562500566,-4.731510772705079,4.623585205078125,-3.637884979248047,-0.8246645927429199,5.566977024078369,1.0328606367111206,phone,user1,run
57.969342625001445,-5.75328598022461,3.702251129150391,-0.580642547607422,-1.2457200288772583,5.444347858428955,0.5176435708999634,phone,user1,run
57.98933962499723,-9.29507080078125,3.477119293212891,-0.037122802734375,-0.6978678703308105,3.6737818717956543,-0.07655974477529526,phone,user1,run
58.00933662499301,-7.9098513793945315,0.10133926391601562,-2.902464294433594,0.3532988131046295,1.0131886005401611,0.839561402797699,phone,user1,run
58.029333624988794,-5.538183288574219,-1.3702505493164063,-2.2996678161621094,0.8172491192817688,0.4150850176811218,1.7151564359664917,phone,user1,run
58.04933062498458,-4.758005676269532,-1.1401789855957032,-2.1546194458007815,0.9030001163482666,0.32145658135414124,1.8906785249710083,phone,user1,run
58.069328624987975,-4.392016754150391,-1.2850776672363282,-1.964814147949219,0.8102447390556335,1.2325413227081299,1.783322811126709,phone,user1,run
58.08932562498376,-3.775748291015625,-1.8986517333984376,0.14744338989257813,0.9802068471908569,3.9006948471069336,1.4717692136764526,phone,user1,run
58.10932262497954,3.8588255310058597,7.898325347900391,36.797080078125,2.0773260593414307,9.922067642211914,1.1703087091445923,phone,user1,run
58.129319624975324,0.9550140380859375,3.0322444152832033,6.6930317687988286,0.24141059815883636,7.350413799285889,1.1944680213928223,phone,user1,run
58.14931662497111,2.3969654846191406,5.441035308837891,2.510878601074219,1.4390647411346436,-0.10036658495664597,0.6910634636878967,phone,user1,run
58.16931362496689,-8.660989379882812,26.888584899902344,-20.248692626953126,1.7481714487075806,-5.919223308563232,-1.7566322088241577,phone,user1,run
58.18931062496267,-17.05433532714844,30.279333801269534,-13.989309082031252,-3.838249683380127,-9.81579875946045,-2.715987205505371,phone,user1,run
58.209307624958456,-3.9673498535156253,14.934443664550782,-3.7883221435546877,-5.453019618988037,-6.561796188354492,0.869095504283905,phone,user1,run
58.22930562496185,-0.449066162109375,12.64854721069336,-4.68226318359375,-4.012951850891113,-4.8681206703186035,0.1372603178024292,phone,user1,run
58.249302624957636,-1.44419677734375,14.661561126708985,-1.9338285827636719,-1.3618568181991577,1.2777825593948364,-1.083935022354126,phone,user1,run
58.26929962495342,-1.2930111694335937,16.592994689941406,-0.3525169372558594,1.200879454612732,5.457223892211914,-1.162192940711975,phone,user1,run
58.2892966249492,-0.2549198913574219,15.863262176513672,-1.4165043640136719,2.5559709072113037,6.246450901031494,-1.0355403423309326,phone,user1,run
58.309293624944985,1.196162567138672,14.675332489013673,-0.1586700439453125,2.8369619846343994,6.5241379737854,-0.6771458387374878,phone,user1,run
58.32929062494077,3.413800964355469,12.738510131835938,6.699618072509766,3.0033557415008545,6.083674907684326,-0.37794598937034607,phone,user1,run
58.34928762493655,3.7356317138671877,10.063722381591797,7.369624786376954,4.121185302734375,3.3281586170196533,-0.36773619055747986,phone,user1,run
58.369284624932334,1.9371217346191407,9.60642333984375,-0.11002120971679688,5.197664260864258,-0.1519632190465927,-0.51775723695755,phone,user1,run
58.38928262493573,0.49517028808593755,8.85483627319336,0.8354127502441406,4.701579570770264,-1.1890097856521606,-0.2656949460506439,phone,user1,run
58.409279624931514,-2.751727752685547,6.990612945556641,9.713001708984375,3.8425674438476562,-2.727590322494507,0.2841683626174927,phone,user1,run
58.4292766249273,-3.643573150634766,9.360335083007813,-0.2944377136230469,2.4001362323760986,-8.526958465576172,0.44635477662086487,phone,user1,run
58.44927387498319,-3.6874319458007814,6.992708587646485,10.065668334960938,0.27027377486228943,-10.304593086242676,0.9553715586662292,phone,user1,run
58.469270874978974,0.24983047485351564,2.0357666015625,0.5770500183105469,1.0948506593704224,-10.807734489440918,1.1944234371185303,phone,user1,run
58.48926787497476,2.7032286071777345,3.845802612304688,-4.786895599365234,0.20736636221408844,-1.9185864925384521,0.3678446114063263,phone,user1,run
58.50926487497054,2.489473114013672,3.975582733154297,1.8875747680664063,-1.9418152570724487,1.2933155298233032,-0.1333768516778946,phone,user1,run
58.52926187496632,1.797312469482422,7.401508483886719,0.6545887756347657,-2.029662847518921,0.9663843512535095,-0.4395933151245117,phone,user1,run
58.54925987496972,1.9444564819335939,11.923604736328125,-2.511177978515625,-1.563848614692688,0.9151484966278076,-0.15999720990657806,phone,user1,run
58.569256874965504,2.220033416748047,14.628928985595703,1.2754975891113283,-1.5522629022598267,1.6556037664413452,0.40447142720222473,phone,user1,run
58.58925387496129,-0.8454418945312501,18.06697952270508,6.853498077392579,-1.0960767269134521,0.9803836345672607,0.9194554686546326,phone,user1,run
58.60925087495707,-1.5917898559570314,13.990506591796876,-1.144519958496094,-1.051347017288208,-2.2400741577148438,2.0253114700317383,phone,user1,run
58.62924787495285,-1.5265255737304688,13.751902770996095,-1.3566288757324219,-2.264089822769165,-2.4897351264953613,2.7311556339263916,phone,user1,run
58.649244874948636,-0.6749464416503906,15.530204772949219,-1.721719665527344,-2.235739231109619,-0.3672155439853668,2.9986789226531982,phone,user1,run
58.66924187494442,-0.726888427734375,15.82763626098633,-1.6853453063964845,-1.9857378005981445,1.4288239479064941,2.5822649002075195,phone,user1,run
58.689239874947816,-0.6159690856933594,13.98406997680664,-0.5499563598632813,-1.7745380401611328,2.4030284881591797,1.781198501586914,phone,user1,run
58.7092368749436,-1.3991404724121095,11.495195617675781,-0.6198609924316406,-1.5679463148117065,1.8810473680496216,0.7326707243919373,phone,user1,run
58.72923387493938,-2.2829026794433593,10.42267593383789,-1.0112969970703125,-1.1922990083694458,1.3866132497787476,0.01824534311890602,phone,user1,run
58.749230874935165,-3.0648765563964844,10.759176177978516,-0.9994715881347657,-0.708030104637146,1.557317852973938,-0.26764222979545593,phone,user1,run
58.76922787493095,-3.8245468139648438,10.264454956054688,-0.4806504821777344,-0.3969314992427826,2.0009214878082275,-0.2715972065925598,phone,user1,run
58.78922487492673,-3.8950502014160158,8.092022552490235,0.19923568725585938,-0.1697012186050415,2.538604497909546,-0.06635545194149017,phone,user1,run
58.809221874922514,-4.328997802734375,6.0713745117187505,1.1831396484375,0.10868696868419647,2.8975086212158203,0.06409114599227905,phone,user1,run
58.82921887503471,-3.8166133117675782,4.783901824951172,2.139650573730469,0.4817500710487366,2.681993007659912,0.19929419457912445,phone,user1,run
58.849216874921694,-4.4298880004882815,5.731880493164063,1.1683204650878907,0.5326641798019409,1.8139399290084839,-0.2740081250667572,phone,user1,run
58.86921387503389,-4.846920776367187,7.040908355712891,-0.15058685302734376,0.4070097804069519,0.7933852672576904,-0.8337374329566956,phone,user1,run
58.889210875029676,-4.407434692382813,6.402935028076172,-0.29937744140625,0.6944109797477722,0.3123556673526764,-0.8646851181983948,phone,user1,run
58.90920787502546,-3.404220886230469,5.659730529785157,-0.5653742980957032,1.1274431943893433,-0.11424180865287781,-0.8419631719589233,phone,user1,run
58.92920487502124,-1.8268011474609376,5.7543338012695315,-1.7031582641601564,1.492120385169983,-0.4986806809902191,-0.7943772077560425,phone,user1,run
58.949201875017025,-1.2078382873535156,6.887926483154297,-2.9327014160156253,1.5091341733932495,-0.35084226727485657,-0.8153872489929199,phone,user1,run
58.96919887501281,-0.929117889404297,8.505313110351564,-3.781586151123047,1.0206130743026733,-0.099351666867733,-0.8560994267463684,phone,user1,run
58.989196875016205,-0.19848724365234377,10.732830963134766,-1.9435583496093751,0.030309537425637245,0.36242738366127014,-1.047385811805725,phone,user1,run
59.00919387501199,-2.8434869384765626,16.461268615722656,5.624254302978516,-0.3992452025413513,1.5858203172683716,-1.2517956495285034,phone,user1,run
59.02919087500777,0.4550537109375,17.66177215576172,9.722282409667969,1.3186453580856323,3.480454683303833,-0.6069545745849609,phone,user1,run
59.049187875003554,2.4601341247558595,15.09865219116211,12.159364471435547,1.799473762512207,1.0668935775756836,0.22766795754432678,phone,user1,run
59.06918487499934,0.7536827087402345,9.916278991699219,1.9752923583984376,0.5751650333404541,-4.478466987609863,0.7489442825317383,phone,user1,run
59.08918187499512,-2.6659561157226563,8.480913848876954,1.3054353332519533,0.33438840508461,-3.5959930419921875,0.4062943160533905,phone,user1,run
59.1091788749909,-4.135300598144531,9.043743438720703,-0.931512908935547,-0.5299033522605896,-1.0647062063217163,0.3747905492782593,phone,user1,run
59.129175874986686,-2.737207946777344,8.169561309814453,-1.6185841369628906,-0.742120623588562,2.3553249835968018,0.5247524380683899,phone,user1,run
59.14917387499008,-2.5767416381835937,8.138426055908203,-0.6879693603515625,-0.9771750569343567,4.1252031326293945,0.3031002879142761,phone,user1,run
59.169170874985866,-3.2316297912597656,8.535699920654297,-0.49067962646484375,-0.9953184723854065,4.628414154052734,-0.29420676827430725,phone,user1,run
59.18916787498165,-2.7583140563964843,7.69564682006836,0.2938389587402344,-0.8297685384750366,4.471030235290527,-0.6059975028038025,phone,user1,run
59.20916487497743,-2.6217979431152343,8.490493927001953,0.6852749633789063,-0.37474364042282104,3.4586358070373535,-0.6032103300094604,phone,user1,run
59.229161874973215,-3.353775787353516,9.506730651855468,-0.6806346130371094,0.17838391661643982,1.7220758199691772,-0.5818783044815063,phone,user1,run
59.249158874969,-2.5331822204589844,8.724008331298828,-1.3835728454589844,0.4328252673149109,0.44329094886779785,-0.30339840054512024,phone,user1,run
59.26915587496478,-2.7036776733398438,9.21798110961914,-1.927841033935547,0.4235962927341461,0.01466691680252552,-0.25851497054100037,phone,user1,run
59.28915387496818,-2.2314097595214846,9.408235473632812,-1.7308506774902344,0.21632763743400574,0.2502904534339905,-0.22852598130702972,phone,user1,run
59.30915087496396,-2.2384451293945316,9.247469787597657,-1.0497669982910156,-0.10373920202255249,0.8019301295280457,-0.30297422409057617,phone,user1,run
59.329147874959745,-4.65591796875,11.596983947753907,11.670481109619141,-0.6729768514633179,0.9823741912841797,-0.3007812798023224,phone,user1,run
59.34914487495553,-4.304598541259766,9.41916275024414,10.61083465576172,-1.9423960447311401,-4.3946356773376465,0.11298089474439621,phone,user1,run
59.36914187495131,-2.6027874755859375,7.353907470703126,1.9929556274414064,0.22247812151908875,-6.103295803070068,0.43119388818740845,phone,user1,run
59.38913887494709,-2.4876768493652346,8.897647247314454,-2.2122496032714847,1.2865573167800903,-4.323099136352539,0.06381455808877945,phone,user1,run
59.409135874942876,-2.518662414550781,9.740544433593751,-3.5845957946777345,0.6833751201629639,-1.799926519393921,-0.32029038667678833,phone,user1,run
59.429133874946274,-2.4842340087890626,7.28130844116211,-2.139351196289063,-0.42054283618927,0.7696084380149841,-0.47742095589637756,phone,user1,run
59.449131291592494,-2.2183868408203127,6.877597961425781,-1.124461669921875,-0.7784320712089539,2.3776721954345703,-0.5118960738182068,phone,user1,run
59.46912829158828,-2.0041822814941406,7.600295104980469,2.6062303161621094,-0.7099654078483582,3.132622718811035,-0.7028175592422485,phone,user1,run
59.489125291700475,-3.443589019775391,10.876981201171876,7.505392456054688,-0.5602222084999084,2.091625690460205,-0.8324669003486633,phone,user1,run
59.50912229169626,-3.7592825317382816,10.553653564453125,4.508624267578125,-0.3238571286201477,-0.9029675722122192,-0.18924768269062042,phone,user1,run
59.52911929169204,-3.237617340087891,9.402547302246095,1.713337097167969,0.48006582260131836,-2.2962911128997803,0.46481412649154663,phone,user1,run
59.549116291687824,-2.827470245361328,9.210496673583984,1.7046551513671875,0.7702714800834656,-2.7646055221557617,0.7312488555908203,phone,user1,run
59.56911429169122,-2.6577232360839846,9.393416290283204,2.233056335449219,0.3345082402229309,-3.3928287029266357,0.6603081226348877,phone,user1,run
59.589111291687004,-2.695594482421875,8.04202651977539,-0.2942880249023438,-0.046174876391887665,-2.4964194297790527,0.5271542072296143,phone,user1,run
59.60910829168279,-2.338886260986328,8.984466705322266,4.508175201416016,-0.4523240327835083,0.8174178600311279,0.3559570908546448,phone,user1,run
59.62910529167857,-2.874771881103516,9.99726058959961,4.071682891845703,-0.37159550189971924,1.135477066040039,0.11277811974287033,phone,user1,run
59.64910229167435,-3.154989166259766,10.88057373046875,0.552052001953125,-0.07369090616703033,0.0933624878525734,-0.18162234127521515,phone,user1,run
59.669099291670136,-1.5488291931152345,10.522967376708985,-0.48873367309570315,0.02618574909865856,-0.009625207632780075,-0.3554112911224365,phone,user1,run
59.68909629166592,-1.066831512451172,9.55897201538086,3.4212854003906252,-0.34662124514579773,0.5316721796989441,-0.39915183186531067,phone,user1,run
59.70909429166932,-2.9295579528808595,10.875334625244141,2.3423291015625,-0.2957986295223236,0.3475065529346466,-0.0896095260977745,phone,user1,run
59.7290912916651,-3.6607873535156252,10.597212982177735,2.512225799560547,-0.03461869806051254,0.5638203620910645,0.7995716333389282,phone,user1,run
59.74908829166088,-1.713486785888672,8.556806030273439,3.967200164794922,-0.04753538966178894,0.5605849027633667,1.3250657320022583,phone,user1,run
59.769085291656666,-1.4241384887695314,7.7478881835937505,3.067421264648438,0.08186419308185577,-0.21977485716342926,1.0353549718856812,phone,user1,run
59.78908229165245,-2.465223541259766,8.587192840576172,1.6396902465820313,0.220779687166214,-0.9621179699897766,0.6506891250610352,phone,user1,run
59.80907929164823,-1.6263679504394533,9.261540527343751,2.1612057495117187,0.09558866173028946,-1.3588545322418213,0.6030398607254028,phone,user1,run
59.829076291644014,-0.5975573730468751,9.222920837402345,2.4086412048339847,0.02612495794892311,-1.7806302309036255,0.6215190291404724,phone,user1,run
59.8490732916398,-2.212698669433594,10.092462615966797,2.175426177978516,0.07993209362030029,-2.0508482456207275,0.6225684881210327,phone,user1,run
59.869071291643195,-0.8161029052734375,10.225236511230468,3.0267059326171877,0.03609957918524742,-1.8669087886810303,1.1200530529022217,phone,user1,run
59.88906829163898,2.9291088867187502,8.8759423828125,2.5656646728515624,0.0696827694773674,-1.9261335134506226,1.3975980281829834,phone,user1,run
59.90906529163476,3.8634658813476563,8.159382476806641,1.0246192932128906,0.09906884282827377,-1.941702961921692,0.9813863039016724,phone,user1,run
59.929062291630544,2.0471429443359375,10.273885345458984,2.0483404541015626,-0.045816391706466675,-1.5411789417266846,0.5260802507400513,phone,user1,run
59.94905929162633,0.28186386108398437,11.019484863281251,2.680924987792969,-0.18730050325393677,-1.1811143159866333,0.4701513648033142,phone,user1,run
59.96905629162211,1.217717742919922,8.879534912109376,2.339784393310547,-0.17137682437896729,-0.7679832577705383,0.6732305884361267,phone,user1,run
59.98905329161789,1.3512400817871095,8.242609405517578,2.1942869567871095,-0.09787814319133759,-0.45738714933395386,0.6101412773132324,phone,user1,run
60.00905129162129,-0.23441253662109376,9.536069641113281,2.517015838623047,-0.09022083133459091,-0.403636634349823,0.43411746621131897,phone,user1,run
60.02904829161707,-1.1135343933105468,10.968141632080078,2.1748274230957034,-0.05068643018603325,-0.44604846835136414,0.4688466787338257,phone,user1,run
60.049045291612856,1.5079641723632813,10.04905288696289,2.0706440734863283,-0.048945941030979156,-0.2693203389644623,0.6753954291343689,phone,user1,run
60.06904229160864,2.904110870361328,8.727301483154298,2.45968505859375,-0.015920400619506836,-0.08337573707103729,0.6289007067680359,phone,user1,run
60.08903929160442,3.2419583129882814,8.555758209228516,2.4995022583007813,0.001772019313648343,-0.382508248090744,0.5739368200302124,phone,user1,run
60.109036291600205,2.3308030700683595,8.935219116210938,2.8563601684570314,-0.09161782264709473,-0.806830108165741,0.4939809739589691,phone,user1,run
60.12903329159599,1.1831396484375,9.585616607666017,2.871179351806641,-0.04179937392473221,-0.8538753986358643,0.3884352147579193,phone,user1,run
60.149031291599385,0.6590794372558594,10.02315673828125,2.648741912841797,-0.016581427305936813,-0.5637226700782776,0.3651701807975769,phone,user1,run
60.16902829159517,1.7118402099609376,9.52633987426758,2.5295896911621094,-0.008149899542331696,-0.31777969002723694,0.49046775698661804,phone,user1,run
60.18902529159095,2.721939697265625,9.021739196777345,2.42615478515625,0.02110646851360798,-0.19664378464221954,0.496760755777359,phone,user1,run
60.209022291586734,2.608475646972656,9.107061767578125,2.544408874511719,-0.06045503914356232,-0.2052585333585739,0.3603062629699707,phone,user1,run
60.22901929169893,2.192191314697266,9.348060607910156,2.5056394958496093,-0.1410622000694275,-0.24823841452598572,0.25250348448753357,phone,user1,run
60.249016291694716,1.871558074951172,9.849817199707031,2.541864166259766,-0.1308349370956421,-0.1869242787361145,0.1955210119485855,phone,user1,run
60.2690132916905,2.048639831542969,9.352700958251953,2.440375213623047,-0.05439675971865654,-0.11199763417243958,0.23176230490207672,phone,user1,run
60.289011291693896,2.5530908203125002,8.775201873779297,2.518961791992188,-0.009873962961137295,-0.046738769859075546,0.26130977272987366,phone,user1,run
60.30900829168968,2.6529331970214844,8.884324951171875,2.3114932250976565,-0.033184781670570374,-0.026913179084658623,0.22272704541683197,phone,user1,run
60.32900529168546,2.321672058105469,9.177265777587891,2.3213726806640627,-0.04776638746261597,-0.04443931579589844,0.19445079565048218,phone,user1,run
60.349002291681245,2.3475682067871095,9.596394195556641,2.4397764587402344,-0.0392468087375164,-0.17119665443897247,0.23532049357891083,phone,user1,run
60.36899929167703,1.8844313049316408,9.294621734619142,2.662962341308594,-0.012285260483622551,-0.22243838012218475,0.2856265902519226,phone,user1,run
60.38899629167281,2.052831115722656,8.95692398071289,2.5427622985839844,-0.03032631240785122,-0.09207292646169662,0.41441866755485535,phone,user1,run
60.408993291668594,2.352507934570313,8.971443786621094,2.424957275390625,-0.033733658492565155,0.07757382094860077,0.43111780285835266,phone,user1,run
60.42899129167199,3.0264065551757815,8.688681793212892,2.090702362060547,-0.04090698063373566,0.15066669881343842,0.3697952330112457,phone,user1,run
60.448987249983475,3.274889831542969,9.06993896484375,1.7057029724121096,-0.11513227969408035,-0.2896721363067627,0.2541694641113281,phone,user1,run
60.46898424997926,3.4265245056152347,9.442963256835938,2.1761746215820312,-0.11353778094053268,-0.7334187626838684,0.24535304307937622,phone,user1,run
60.48898124997504,3.4263748168945316,8.932674407958984,2.7366091918945314,-0.11699500679969788,-0.6134983897209167,0.29171857237815857,phone,user1,run
60.50897824997082,3.223396911621094,8.692873077392578,2.616409149169922,-0.1651393324136734,-0.29954540729522705,0.25140073895454407,phone,user1,run
60.52897524996661,3.208128662109375,8.923543395996095,2.4298970031738283,-0.12290968000888824,-0.1318916231393814,0.2102087289094925,phone,user1,run
60.54897224996239,3.3182995605468752,9.104966125488282,2.3032603454589844,-0.06338042765855789,-0.10323382169008255,0.1815069019794464,phone,user1,run
60.56897024996579,3.31470703125,9.112899627685547,2.540816345214844,-0.08550482988357544,-0.10768679529428482,0.11652163416147232,phone,user1,run
60.58896724996157,3.344495086669922,9.078620910644531,2.712060241699219,-0.07597163319587708,-0.12624603509902954,0.08010540902614594,phone,user1,run
60.60896424995735,3.198249206542969,9.099277954101563,2.6635610961914065,-0.0765664130449295,-0.07256971299648285,0.07185246050357819,phone,user1,run
60.628961249953136,2.9484187316894532,9.046288146972657,2.4375311279296876,-0.10463220626115799,-0.09600242227315903,0.07981359958648682,phone,user1,run
60.64895824994892,3.004701690673828,9.246421966552735,2.429447937011719,-0.1356649398803711,-0.14120601117610931,0.08336060494184494,phone,user1,run
60.6689552499447,3.1102322387695316,9.10002639770508,2.4745042419433596,-0.13473831117153168,-0.2528223395347595,0.05224012956023216,phone,user1,run
60.688952249940485,3.1915132141113283,9.113498382568359,2.76145751953125,-0.1218990609049797,-0.2333599030971527,0.04279933124780655,phone,user1,run
60.70895024994388,3.5814523315429687,8.106692047119141,2.628533935546875,-0.07665397971868515,-0.12215738743543625,0.03401085361838341,phone,user1,run
60.728947249939665,3.170556793212891,9.381291503906251,2.814297637939453,-0.004204987548291683,0.18025913834571838,-0.01311984471976757,phone,user1,run
60.74894424993545,2.8993208312988283,9.080417175292968,2.6385630798339843,-0.027296703308820724,0.31777703762054443,-0.02230980433523655,phone,user1,run
60.76894124993123,2.963836669921875,8.690328369140625,2.7304719543457034,-0.009648514911532402,0.19267095625400543,-0.03758625686168671,phone,user1,run
60.788938249927014,3.134631500244141,8.485853576660157,2.6050328063964847,0.10800579190254211,0.18871036171913147,-0.0302891843020916,phone,user1,run
60.8089352499228,3.2087274169921876,9.579179992675781,2.5656646728515624,0.15917810797691345,0.49981236457824707,0.053481630980968475,phone,user1,run
60.82893224991858,2.784210205078125,9.099427642822267,2.5336312866210937,-0.0006768573075532913,0.6153721213340759,0.0062546986155211926,phone,user1,run
60.84893024992198,2.877765655517578,9.07667495727539,2.3581961059570316,0.03785499185323715,0.5468845963478088,-0.08312198519706726,phone,user1,run
60.868927250034176,2.970572662353516,8.895701293945313,2.5268952941894534,0.013475473038852215,0.31720155477523804,-0.11029592901468277,phone,user1,run
60.88892425002996,3.0539492797851566,8.714128875732422,2.388582916259766,0.012665051966905594,0.1591418832540512,-0.09540334343910217,phone,user1,run
60.90892125002574,2.9729676818847657,8.584348754882813,2.448608093261719,-0.015275990590453148,0.03412974998354912,-0.04213076829910278,phone,user1,run
60.928918250021525,2.9951216125488282,8.860973510742188,2.640359344482422,-0.03032004088163376,-0.10055689513683319,0.022707724943757057,phone,user1,run
60.94891525001731,3.1016999816894533,9.014703826904297,2.8027716064453125,-0.03914288058876991,-0.1635144054889679,0.028051307424902916,phone,user1,run
60.96891225001309,3.0563442993164065,9.150471496582032,2.6966423034667972,-0.04929136112332344,-0.16025550663471222,0.01640539988875389,phone,user1,run
60.98891025001649,2.9960197448730472,9.025930480957031,2.775228881835938,-0.05278300121426582,-0.061921872198581696,0.01691722497344017,phone,user1,run
61.00890725001227,2.9563522338867188,8.743018798828125,2.8201354980468754,-0.04687030613422394,-0.033261723816394806,0.009735293686389923,phone,user1,run
61.028904250008054,3.1522947692871095,8.77729751586914,2.92431884765625,-0.05204889178276062,-0.06760021299123764,0.0008004045812413096,phone,user1,run
61.04890125000384,3.217259674072266,8.954828338623047,2.898123321533203,-0.044260431081056595,-0.07538918405771255,0.0007787387585267425,phone,user1,run
61.06889824999962,3.173251190185547,8.967102813720704,2.851270751953125,-0.049681566655635834,-0.056786876171827316,0.0030630570836365223,phone,user1,run
61.0888952499954,3.0464648437500004,9.014703826904297,2.724185028076172,-0.06548451632261276,-0.039999764412641525,0.01187177561223507,phone,user1,run
61.1088932499988,2.981499938964844,8.982820129394531,2.7292744445800783,-0.08172987401485443,-0.043939609080553055,0.029623091220855713,phone,user1,run
61.12889024999458,2.9075537109375,8.888216857910157,2.7867549133300784,-0.07638519257307053,-0.06768513470888138,0.02428443916141987,phone,user1,run
61.148887249990366,3.0620324707031252,8.940757598876953,2.6934988403320315,-0.05245199799537659,-0.1035621240735054,0.014165681786835194,phone,user1,run
61.16888424998615,3.1820828247070314,8.90513168334961,2.5634193420410156,-0.017717409878969193,-0.04852407053112984,-0.017193276435136795,phone,user1,run
61.18888124998193,3.170706481933594,8.877588958740235,2.6077272033691408,-0.016807211562991142,0.0075315129943192005,-0.049155451357364655,phone,user1,run
61.208878249977715,3.0030551147460938,8.84046615600586,2.8497738647460937,-0.014646735042333603,-0.009136474691331387,-0.04346838220953941,phone,user1,run
61.2288752499735,3.0024563598632814,8.953780517578126,2.8196864318847656,0.00571773387491703,0.029103955253958702,-0.01821456477046013,phone,user1,run
61.248873249976896,2.9521609497070314,8.965306549072267,2.8502229309082034,-0.010453904047608376,0.105140320956707,-0.025505268946290016,phone,user1,run
61.26887024997268,2.84767822265625,8.960516510009766,2.8927345275878906,0.0028275963850319386,0.16786201298236847,-0.04704314097762108,phone,user1,run
61.28886724996846,2.708617401123047,8.924591217041016,2.8731253051757815,0.001273078378289938,0.10534696280956268,-0.028315093368291855,phone,user1,run
61.308864249964245,2.8243267822265627,8.94150604248047,2.9166847229003907,0.0007322665769606829,0.028288500383496284,0.012973085977137089,phone,user1,run
61.32886124996003,3.047812042236328,9.02967269897461,2.9897328186035157,-0.010636793449521065,-0.008899737149477005,0.00897466205060482,phone,user1,run
61.34885824995581,3.286864929199219,8.950038299560548,2.8764184570312503,0.006131056696176529,0.08279062062501907,-0.00992361269891262,phone,user1,run
61.368855249951594,3.1998957824707035,8.841214599609376,2.7494824218750002,-0.005803316831588745,0.10397231578826904,-0.01469822134822607,phone,user1,run
61.38885324995499,3.047362976074219,8.750652923583985,2.8592042541503906,-0.030000321567058563,0.13791018724441528,0.006235507782548666,phone,user1,run
61.408850249950774,2.8957283020019533,8.771908721923829,2.91473876953125,-0.04520275071263313,0.140926793217659,0.005496324971318245,phone,user1,run
61.42884724994656,2.918031921386719,8.76771743774414,2.8735743713378907,-0.060282494872808456,0.11066000908613205,0.0015719830989837646,phone,user1,run
61.44884424994234,2.7764263916015626,8.878038024902343,2.910996551513672,-0.05516820400953293,0.08821678906679153,-0.0021243731025606394,phone,user1,run
61.46884166658856,2.764750671386719,8.985813903808594,2.8627967834472656,-0.044018346816301346,0.006337369792163372,0.014943026937544346,phone,user1,run
61.48883866670076,2.655777282714844,9.057065734863281,2.853665771484375,-0.04779202118515968,-0.09997456520795822,0.02071591466665268,phone,user1,run
61.50883566669654,2.7556196594238282,8.926986236572265,2.864293670654297,-0.026871996000409126,-0.11929971724748611,0.017293158918619156,phone,user1,run
61.52883366669994,2.7634034729003907,8.903335418701172,2.801723785400391,-0.009314454160630703,-0.06829917430877686,-0.007020813878625631,phone,user1,run
61.54883066669572,3.0591883850097656,9.059760131835938,3.509452056884766,-0.10956055670976639,-0.02654789760708809,0.01812807470560074,phone,user1,run
61.568827666691504,3.0002110290527346,8.879983978271484,3.2409104919433593,-0.09206023067235947,-0.19118541479110718,-0.02129225805401802,phone,user1,run
61.58882466668729,3.117117919921875,8.97413818359375,3.484454040527344,-0.0456543043255806,-0.14371059834957123,-0.002269562566652894,phone,user1,run
61.60882166668307,2.9880862426757813,8.933871917724609,3.4021252441406253,0.016751181334257126,0.04921801760792732,0.056675028055906296,phone,user1,run
61.62881866667885,2.731519775390625,9.16424285888672,2.625689849853516,0.03850969299674034,0.14604513347148895,0.10896456986665726,phone,user1,run
61.64881666668225,2.731669464111328,8.530460815429688,3.2635134887695316,-0.15016476809978485,0.16262297332286835,0.14127925038337708,phone,user1,run
61.668813666678034,2.639161834716797,8.681047668457031,3.296894073486328,-0.10486773401498795,0.021335432305932045,0.10714688152074814,phone,user1,run
61.68881066667382,2.9590466308593752,8.728349304199218,3.0003607177734377,-0.07100571691989899,0.01100253313779831,0.1071653962135315,phone,user1,run
61.7088076666696,2.944826202392578,8.793014831542969,2.951412506103516,-0.08107613772153854,0.12659315764904022,0.07779928296804428,phone,user1,run
61.72880466666538,2.9626391601562503,8.960516510009766,2.86204833984375,-0.09292326867580414,0.13474483788013458,0.12566997110843658,phone,user1,run
61.748801666661166,3.4025743103027346,8.937314758300781,3.0555958557128906,-0.12081822752952576,-0.01496957428753376,0.21223938465118408,phone,user1,run
61.76879866665695,3.246598663330078,8.779393157958985,3.187172241210938,-0.06361040472984314,-0.12124445289373398,0.14041806757450104,phone,user1,run
61.788796666660346,2.991229705810547,8.54348373413086,3.108585662841797,0.0073826671577990055,-0.04597331956028938,0.06618195027112961,phone,user1,run
61.80879366665613,3.095413055419922,8.39978256225586,2.7128086853027344,0.0070459237322211266,0.02471769042313099,0.05292005091905594,phone,user1,run
61.82879066665191,3.460653533935547,8.67371292114258,2.8660899353027345,-0.0025086496025323868,-0.124995656311512,0.14790132641792297,phone,user1,run
61.848787666647695,3.542982330322266,8.853938140869142,3.2311807250976563,0.00846668891608715,-0.2830265462398529,0.1885741949081421,phone,user1,run
61.86878466664348,3.5212774658203125,8.66233657836914,3.4123040771484376,-0.005141260102391243,-0.3409584164619446,0.13994713127613068,phone,user1,run
61.88878166663926,3.5125955200195316,8.694519653320313,3.2000454711914066,0.004714109469205141,-0.2962600886821747,0.12565167248249054,phone,user1,run
61.908778666635044,3.3254846191406253,8.642427978515625,3.1859747314453126,-0.011941717006266117,-0.21540458500385284,0.09579073637723923,phone,user1,run
61.92877666663844,3.417094116210938,8.576265563964844,2.9294082641601564,-0.02229301817715168,-0.182513028383255,0.10716746002435684,phone,user1,run
61.948773666634224,3.481011199951172,8.700058135986328,2.7439439392089846,0.0035117624793201685,-0.20829057693481445,0.19719216227531433,phone,user1,run
61.96877066663001,3.396886138916016,8.803642730712891,2.9593460083007814,-0.006761540658771992,-0.24923144280910492,0.24787570536136627,phone,user1,run
61.98876766662579,3.586242370605469,8.811127166748047,3.4802627563476562,0.05263921618461609,-0.29266732931137085,0.22211258113384247,phone,user1,run
62.00876466662157,3.423680419921875,8.84046615600586,3.166964263916016,0.08599601686000824,-0.3812369406223297,0.11363863199949265,phone,user1,run
62.028761666617356,3.4311648559570314,8.61099334716797,3.2883618164062502,0.1070253923535347,-0.17955057322978973,0.05249124765396118,phone,user1,run
62.048759666620754,3.5058595275878908,8.841513977050782,2.7608587646484377,0.11739077419042587,0.10856518894433975,-0.0031212125904858112,phone,user1,run
62.06875666661654,3.5681300354003906,8.923842773437501,2.7632537841796876,0.10182595998048782,0.25484901666641235,0.01766151748597622,phone,user1,run
62.08875366661232,3.5594480895996097,8.779542846679687,2.5641677856445315,0.1384482979774475,0.1839064657688141,0.028905758634209633,phone,user1,run
62.1087506666081,3.797004089355469,8.543783111572266,2.5858726501464844,0.14990289509296417,0.12727844715118408,-0.00462890462949872,phone,user1,run
62.128747666603886,3.7601806640625,8.532706146240235,2.518662414550781,0.16853822767734528,0.10839175432920456,-0.03458044305443764,phone,user1,run
62.14874466659967,3.5548077392578126,8.764573974609375,2.488275604248047,0.13847561180591583,0.02185344323515892,-0.01740437187254429,phone,user1,run
62.168742666603066,3.279829559326172,8.880882110595703,2.8542645263671877,0.09770666807889938,-0.09732678532600403,0.035353899002075195,phone,user1,run
62.18873966659885,3.349434814453125,8.945547637939454,2.910846862792969,0.1470041126012802,-0.055269304662942886,0.010795309208333492,phone,user1,run
62.20873666659463,4.033212890625,8.474626922607422,2.374661865234375,0.19071371853351593,0.014985826797783375,-0.027507124468684196,phone,user1,run
62.228733666590415,4.481380920410157,8.356821899414063,1.9978953552246095,0.21320609748363495,0.04323844239115715,-0.06512332707643509,phone,user1,run
62.2487306665862,4.5990362548828125,8.417745208740234,1.9856208801269533,0.15858067572116852,-0.036098580807447433,-0.007170659489929676,phone,user1,run
62.268727666698396,4.018393707275391,8.560847625732423,2.327958984375,0.13699139654636383,-0.08150491863489151,0.12152472883462906,phone,user1,run
62.28872566658538,3.740721130371094,8.527616729736328,2.271526336669922,0.127589613199234,0.09556562453508377,0.20633652806282043,phone,user1,run
62.30872266669758,3.6145335388183595,8.585546264648437,2.5694068908691405,0.07729560136795044,0.07061512023210526,0.19864217936992645,phone,user1,run
62.32871966669336,3.569477233886719,8.920848999023438,2.573298797607422,0.10779792815446854,0.050677962601184845,0.12540514767169952,phone,user1,run
62.34871666668914,3.296894073486328,9.217382354736328,2.4532484436035156,0.052586305886507034,-0.013943067751824856,0.11881981045007706,phone,user1,run
62.368713666684926,3.107687530517578,9.198970642089844,1.6826509094238282,0.025387588888406754,0.00923155527561903,0.14578495919704437,phone,user1,run
62.38871066668071,3.7447627258300784,9.004824371337891,2.6441015625,-0.17112180590629578,0.011251460760831833,0.13042718172073364,phone,user1,run
62.408708666684106,3.323089599609375,8.848998413085939,2.685415649414063,-0.04762274771928787,0.07731596380472183,0.004597177729010582,phone,user1,run
62.42870566667989,3.3723371887207034,8.837771759033204,2.5303381347656253,-0.018681542947888374,-0.050289444625377655,0.05774250254034996,phone,user1,run
62.44870266667567,3.6182757568359376,8.710236968994142,2.495161285400391,0.07529410719871521,-0.022678419947624207,0.08617950975894928,phone,user1,run
62.46870012499858,3.8202058410644533,8.678353271484376,2.1986279296875,0.1711159497499466,0.19575873017311096,0.056774795055389404,phone,user1,run
62.48869712499436,3.872447204589844,8.674910430908204,2.151625671386719,0.11299283802509308,0.3011038303375244,0.07365045696496964,phone,user1,run
