Time,Acc_X,Acc_Y,Acc_Z,Gyro_X,Gyro_Y,Gyro_Z,Device,Subject,Activity
0.017458878,4.479551315,4.283226967,7.51300478,0.1544633508,-0.371244669,0.1033306494,phone,user2,sit
0.037471496,4.958391666,4.359841347,7.127538681,-0.02769687586,-0.007456851192,0.06285060197,phone,user2,sit
0.057474933,4.812345505,4.955997467,7.723694801,-0.2290318608,0.5113269091,0.185888648,phone,user2,sit
0.07748173,4.733336926,5.109226227,7.977479935,-0.3653857112,0.7616640925,0.4559331834,phone,user2,sit
0.097477433,4.632780075,4.740519524,7.860164165,-0.4314320982,0.7526093125,0.6029396653,phone,user2,sit
0.117471261,3.945644379,3.912125587,7.134721279,-0.50387007,0.9182579517,0.5512743592,phone,user2,sit
0.137464035,5.030217648,2.959233284,8.238448143,-0.6609966159,0.9677927494,0.2854908705,phone,user2,sit
0.157460441,3.538630009,3.268085241,8.595184326,-0.7376956344,0.5976133347,0.3797667921,phone,user2,sit
0.177460363,3.804386616,2.844311714,7.898471355,-0.7595335841,0.3488741219,0.8468852639,phone,user2,sit
0.197456925,3.881000996,2.504334927,8.166622162,-0.7627293468,0.2721750736,1.269795179,phone,user2,sit
0.217453097,5.300762653,2.501940727,8.573636055,-0.7254450917,0.03408846259,1.302818418,phone,user2,sit
0.237447668,6.473921299,2.561795712,8.899248123,-0.4990763962,-0.1640507281,1.043959141,phone,user2,sit
0.257438566,8.609549522,1.941697598,8.437167168,-0.1986718178,-0.1145159304,0.4330300093,phone,user2,sit
0.277436339,8.382100105,1.393425345,7.292738438,-0.2663161159,-0.3238403797,-0.7760451436,phone,user2,sit
0.29743755,5.877765179,1.094150186,7.328651428,-0.4165183902,-1.019990683,-1.409344912,phone,user2,sit
0.317436964,4.089296341,0.3974374831,7.280767441,-0.4788363874,-1.8498317,-1.442900658,phone,user2,sit
0.337432746,2.013523579,-0.08379705995,5.87297678,-0.7062703371,-1.78804636,-1.237837315,phone,user2,sit
0.357437238,1.168370485,0.1292868853,5.731719017,-1.293763638,-1.468999743,-0.875647366,phone,user2,sit
0.377451183,1.690306425,0.2274491638,7.812280178,-1.634115696,-1.375256419,-0.4367584288,phone,user2,sit
0.397459738,3.337517262,0.5841852427,8.705317497,-1.508414507,-1.764610529,-0.3419498801,phone,user2,sit
0.417464386,3.287238836,0.988805294,8.863334656,-1.361940622,-2.428802967,-0.5747101903,phone,user2,sit
0.437477394,3.174711466,0.09576806426,8.951920509,-1.24955523,-2.929477215,-0.6759102941,phone,user2,sit
0.457486691,3.095702887,0.1723825186,8.556877136,-1.09509182,-3.141997576,-0.5491438508,phone,user2,sit
0.477495402,3.744531393,-0.2561795712,7.237671852,-1.123321414,-3.131344795,-0.4340952635,phone,user2,sit
0.497513566,3.56736064,-0.1987187415,6.670246124,-1.443433285,-2.971022606,-0.3605920076,phone,user2,sit
0.517538722,3.387795448,-0.2513911724,7.326257229,-1.814677954,-2.785133839,-0.2386192381,phone,user2,sit
0.537559777,3.881000996,-0.4022258818,7.872135162,-1.882854939,-2.443716764,0.04846953228,phone,user2,sit
0.557582238,4.833893299,-0.4070142806,7.84340477,-1.834918022,-2.16834569,0.3067961633,phone,user2,sit
0.577601105,5.726930618,0.05027823523,8.264783859,-1.70069468,-2.36648488,0.5049353242,phone,user2,sit
0.597609386,5.544970989,-0.1915361285,8.391676903,-1.395496488,-2.675944328,0.7265103459,phone,user2,sit
0.617614777,5.635950565,0.03351882473,7.817068577,-0.9049421549,-2.761698008,1.043426514,phone,user2,sit
0.637614269,5.348646641,-0.107739076,5.418078423,-0.6807039976,-2.459695578,1.39336586,phone,user2,sit
0.657609543,7.927201748,0.7086837292,4.690241337,-0.8426241875,-2.388855457,1.745968461,phone,user2,sit
0.677613996,10.16099167,0.009576806799,4.991910458,-0.958738029,-2.434129238,1.754490614,phone,user2,sit
0.69762966,10.04846478,-1.137245774,4.661510944,-0.9081379771,-1.866876006,1.463140726,phone,user2,sit
0.717633839,8.887276649,-1.845929503,3.406949043,-0.8719189763,-1.283643723,1.112136126,phone,user2,sit
0.73763548,8.43956089,-2.240972757,2.281674147,-1.075917125,-0.7307714224,0.9555422068,phone,user2,sit
0.75765005,9.066842079,-1.051054597,4.343081951,-1.272458434,-0.7600662112,1.091896057,phone,user2,sit
0.777660246,11.22162342,-1.989581585,5.968744755,-0.8410263062,-1.086037159,0.868190527,phone,user2,sit
0.797659855,12.07156467,-3.007117271,5.983109951,-0.04953479767,-1.539307117,0.3302319944,phone,user2,sit
0.817660949,8.602366447,-0.9959878922,5.032611847,0.6359629035,-1.952097058,0.2354234457,phone,user2,sit
0.837663175,8.444349289,-0.181959331,3.488351822,1.136637211,-2.10815835,0.3797667921,phone,user2,sit
0.857673605,12.25352383,-2.8969841,2.418143749,1.363538504,-2.242381573,0.1763012707,phone,user2,sit
0.877680519,11.9566431,-1.647210717,2.394201756,1.510012388,-2.368615627,-0.3595267534,phone,user2,sit
0.897695363,10.93671322,-0.8451532125,2.942473888,1.807221174,-2.688194752,-0.5534048676,phone,user2,sit
0.917714543,9.382876396,-0.248996973,2.066195965,2.0863204,-2.348375559,-0.1763012707,phone,user2,sit
0.937729582,11.95903778,-2.422932148,-0.1268926859,2.028263569,-2.079928875,-0.2274339646,phone,user2,sit
0.9577363,2.109291792,-1.323993564,-15.47372532,1.440770149,-1.557949305,-0.3302319944,phone,user2,sit
0.977748253,10.85052204,-1.369483352,0.2442085743,0.8868326545,-1.262871027,-0.3281014562,phone,user2,sit
0.997760753,10.6254673,-2.837129116,-0.4979939461,1.534513474,-1.922269702,-0.5118595958,phone,user2,sit
1.017777394,10.99656868,-1.802833915,-3.397372246,1.205879331,-1.601625085,-0.8074704409,phone,user2,sit
1.037793332,11.49935055,-2.059013367,0.5913678408,1.237304688,-1.668736815,-1.371528029,phone,user2,sit
1.05780173,9.610325813,-2.698265314,3.725377798,2.083657265,-2.115082502,-1.672997832,phone,user2,sit
1.077815675,10.3357687,-1.582567334,2.703053713,2.90124774,-2.757969618,-1.783252716,phone,user2,sit
1.097827003,17.32683754,-1.948880196,0.1915361285,3.08660388,-3.257578611,-2.327602863,phone,user2,sit
1.117829425,15.80412579,-1.556231141,-3.579331636,2.792590857,-2.971022606,-3.535080194,phone,user2,sit
1.137831339,0.9433154464,1.721431017,-17.38429832,0.817057848,-0.1155811921,-2.796319246,phone,user2,sit
1.157832043,2.810792685,2.300827742,-10.60870743,-0.9049421549,0.3893541694,-1.532915592,phone,user2,sit
1.177829308,10.59194851,2.880224705,-4.661510944,-0.6705839634,-0.09800432622,-1.608549356,phone,user2,sit
1.197830714,12.61983681,2.968810081,-4.541800499,-0.2141181529,-0.9976201653,-2.072472095,phone,user2,sit
1.217841925,11.90397072,3.560178041,-4.022258759,-0.1672465205,-1.399224877,-2.523078918,phone,user2,sit
1.237841261,8.753201485,3.41892004,-3.655946016,-0.2130528986,-1.190965652,-2.697782278,phone,user2,sit
1.257842121,7.864952564,2.205059767,-1.917755604,-0.1912149638,-0.845287323,-2.600310564,phone,user2,sit
1.277846418,5.264849663,4.276044369,0.806845963,0.5331648588,-0.0655137673,-2.473011494,phone,user2,sit
1.297846847,5.585672379,6.119579315,-5.487510204,0.9944243431,0.5523396134,-1.686846256,phone,user2,sit
1.317852746,7.156269073,4.709394932,-9.282320023,0.327036202,0.401604712,-1.213868856,phone,user2,sit
1.3378513,6.612784863,4.520252705,-6.358999729,-0.2189118415,0.1613875628,-0.8836368918,phone,user2,sit
1.357861222,8.633491516,2.554613113,-5.264849663,-0.5725796223,1.124919295,-0.09853696078,phone,user2,sit
1.377872628,8.607154846,1.872265697,-2.293645144,-1.418932199,0.3547330499,-0.215183422,phone,user2,sit
1.397882668,5.559336185,-5.42765522,-1.711854219,-1.490304947,0.03568635881,-0.08522115648,phone,user2,sit
1.417896144,4.953603268,-7.20894146,-2.619256735,-1.500957608,0.5352953672,0.3547330499,phone,user2,sit
1.437908683,9.567230225,-1.601720929,-3.818751812,-1.408279657,0.4857605994,0.8234494328,phone,user2,sit
1.457908996,14.66927338,1.436521053,-2.370259762,-1.464738607,-0.2098570913,0.6993461251,phone,user2,sit
1.477913605,12.60307789,2.477998734,-0.9768342972,-1.064199209,-0.7179882526,0.2801645398,phone,user2,sit
1.497916183,9.315838814,3.588908434,-2.578555346,-0.6018744111,-0.5352953672,0.2290318608,phone,user2,sit
1.517921144,8.568847656,3.248931646,-3.56496644,-0.3105245829,-0.1304948926,0.2141181529,phone,user2,sit
1.537929464,7.381323814,4.685452938,-2.205059767,-0.156061247,-0.1890844405,0.3776362538,phone,user2,sit
1.557948839,7.924807549,2.995146275,-3.454833031,0.259924531,-0.2609897852,0.4681837261,phone,user2,sit
1.577955714,7.539340973,1.9321208,-3.265691042,0.3286340833,0.1533980817,0.5464806557,phone,user2,sit
1.597965832,8.221688271,1.905784607,-5.243301868,0.3621899188,-0.364320457,0.7792409658,phone,user2,sit
1.617974464,8.475474358,1.055842996,-3.60327363,-0.2279665917,-0.009587380104,0.8559399843,phone,user2,sit
1.637982277,8.901641846,1.611297727,-2.657563925,-0.6396912932,-0.7536746264,1.127049804,phone,user2,sit
1.658002355,9.43315506,5.02064085,-4.09408474,-0.6609966159,-0.712661922,0.9166600704,phone,user2,sit
1.67801591,9.734824181,9.821015358,-3.038241863,-0.7776430249,-0.09534116834,0.4724447727,phone,user2,sit
1.698026144,8.173804283,3.124433279,-2.741360903,-0.8910937309,-0.3073287904,0.1624528319,phone,user2,sit
1.718043722,8.35097599,1.44849205,-3.433285236,-0.5544701219,-0.5070658922,0.1326254308,phone,user2,sit
1.73805505,9.83777523,2.616862535,-3.938461781,-0.001597896684,-0.3861583769,0.1310275346,phone,user2,sit
1.758064621,10.20648193,2.746149302,-3.663128614,-0.02183792181,-0.4601942301,0.07723167539,phone,user2,sit
1.778081808,9.533711433,2.664746523,-3.478775024,-0.1491370201,-0.3057309091,0.06657902896,phone,user2,sit
1.79809591,8.506598473,2.430114746,-4.23294878,-0.1017327532,-0.2663161159,0.01864212751,phone,user2,sit
1.818107316,8.231265068,3.035847664,-4.225766182,-0.04048004746,-0.02663161233,-0.06391586363,phone,user2,sit
1.838119543,8.506598473,2.851494312,-3.857059002,0.01864212751,0.1129180342,-0.2652508616,phone,user2,sit
1.858139035,8.35097599,2.86107111,-3.720589399,0.1187769845,0.1794970632,-0.6061354876,phone,user2,sit
1.878147511,8.640673637,3.179499865,-3.624821424,0.1736381054,0.1906823367,-0.9640643597,phone,user2,sit
1.898158839,8.379706383,3.677493811,-3.263296843,0.1390170157,0.07723167539,-1.082841277,phone,user2,sit
1.918165675,8.343792915,4.525041103,-4.09408474,-0.3020024598,-0.2247707993,-0.2087918371,phone,user2,sit
1.938173839,9.691728592,1.422155857,-3.75650239,-0.4958806038,0.2162486911,-0.03462109342,phone,user2,sit
1.958178566,8.394071579,2.952050686,-2.839523315,-0.4426173866,0.005858954508,-0.2956108749,phone,user2,sit
1.978180753,8.295908928,3.38300705,-3.399766445,-0.3520699143,-0.4506068528,0.04101268202,phone,user2,sit
1.998173136,7.833827972,4.125209332,-3.378218651,-0.3105245829,-0.2790992856,0.0697748214,phone,user2,sit
2.018172511,7.438784599,5.149928093,-3.94085598,-0.2370213419,-0.2950782478,0.2029328793,phone,user2,sit
2.038172277,6.574477673,6.253654957,-5.142745018,-0.2364887148,-0.510794282,0.4452805519,phone,user2,sit
2.058169582,6.461950302,7.704541206,-5.111620426,-0.3387540877,-0.8138620257,0.8926916122,phone,user2,sit
2.078174347,6.588842869,7.173028469,-3.830722809,-0.3243730366,-1.080710769,1.351820588,phone,user2,sit
2.098183175,6.488286495,7.797914982,-3.268085241,0.09906959534,-0.6743124127,1.544633508,phone,user2,sit
2.1181938,5.523423195,7.441178799,-0.4429273009,0.8420915604,0.5182511806,2.168878317,phone,user2,sit
2.138206066,7.094019413,2.035071373,-1.213860273,1.725728393,0.6785734296,3.766242504,phone,user2,sit
2.158205324,11.03726959,-4.225766182,-3.287238836,2.608832598,2.146507978,3.95799017,phone,user2,sit
2.178201339,8.889671326,-1.209071875,-6.560112476,1.565938711,2.822418213,2.733468533,phone,user2,sit
2.198197355,6.909666061,1.103726983,-3.701435804,0.2514024079,1.317732096,2.144377232,phone,user2,sit
2.218195089,6.852205276,0.8331822157,-1.460463047,-0.4591289759,-0.5496764779,2.233859539,phone,user2,sit
2.238199894,7.261613846,-0.03351882473,-1.26653266,0.1070590764,-0.4372910559,2.718022346,phone,user2,sit
2.258209621,12.77306652,-4.711789131,-1.180341482,1.23144567,0.8644620776,2.985936165,phone,user2,sit
2.278213214,8.729259491,-6.358999729,-4.709394932,1.228782535,1.039165497,2.458630323,phone,user2,sit
2.298221925,9.13866806,-5.75805521,-2.480392933,0.8016114831,0.3456783295,2.273274422,phone,user2,sit
2.318239738,8.200140953,-5.386953831,-3.189076662,0.5081311464,0.003195793368,1.682585239,phone,user2,sit
2.338260441,8.547300339,-6.35660553,-2.159569979,0.1890844405,0.1134506613,1.48071754,phone,user2,sit
2.358281574,8.269572258,-6.600813866,-3.349488258,0.4026699662,0.01331580617,0.7062703371,phone,user2,sit
2.378299503,8.092401505,-6.06211853,-3.478775024,0.28921929,-0.06817692518,0.1773665249,phone,user2,sit
2.398299933,6.936002254,-5.595249176,-2.810792685,0.1763012707,-0.07350324839,0.1272991002,phone,user2,sit
2.418297746,11.11627865,-3.445256233,-1.841141105,0.1395496428,0.1065264493,-0.05113269389,phone,user2,sit
2.438295519,8.037335396,-5.181052685,-1.829170108,0.3573962152,0.01384843793,0.4245078862,phone,user2,sit
2.458290168,15.00925064,-2.664746523,-2.317587137,0.4873584807,0.0197073929,0.1219727769,phone,user2,sit
2.478282472,8.786720276,-5.521028996,-3.615244627,0.200269714,0.238086611,0.349406749,phone,user2,sit
2.498287355,8.482656479,-5.056553841,-2.310404539,-0.1778991669,0.2498045117,0.1326254308,phone,user2,sit
2.518299269,9.301473618,-4.910507679,-2.398990154,-0.06657902896,0.1773665249,0.1187769845,phone,user2,sit
2.538305128,7.627926826,-3.586514235,-2.360682964,-0.1091896072,0.1832254827,-0.1107875034,phone,user2,sit
2.55830966,8.688557625,-3.75650239,-2.238578558,-0.1773665249,0.07456851006,-0.1161138266,phone,user2,sit
2.578314074,9.507374763,-4.09169054,-2.576161146,-0.2780340314,0.1960086524,-0.0367516242,phone,user2,sit
2.598319816,9.490615845,-4.955997467,-2.097320795,-0.2284992188,0.2934803665,0.05273059011,phone,user2,sit
2.618325128,9.641449928,-6.452373505,-1.814804912,-0.1395496428,0.327036202,-0.03515372798,phone,user2,sit
2.638331066,7.704541206,-1.477222443,-2.102109194,0.2157160491,0.1571265012,-0.1810949594,phone,user2,sit
2.658332121,7.101202011,-2.839523315,-2.770091295,-0.03089267015,-0.000532632228,-0.1763012707,phone,user2,sit
2.678332003,8.975862503,-3.79480958,-1.963245392,-0.2343581766,0.0367516242,-0.2460760921,phone,user2,sit
2.698333878,9.105149269,-4.106055737,-2.123656988,-0.1938781291,0.04580637068,-0.2657834888,phone,user2,sit
2.718330988,9.411606789,-4.290409565,-2.202665567,-0.1171790883,-0.06604639441,-0.251935035,phone,user2,sit
2.738344269,8.980650902,-4.192247391,-1.383848548,0.09747169912,-0.2311623842,-0.3254382908,phone,user2,sit
2.758350363,8.655038834,-3.569754839,-2.04704237,0.3233077526,-0.334493041,-0.4431500137,phone,user2,sit
2.778353175,8.47786808,-3.11964488,-2.640804529,0.2444781959,-0.2253034264,-0.6077333689,phone,user2,sit
2.798361808,8.425195694,-2.885013103,-2.219424963,0.133690685,-0.05486112088,-0.7329019308,phone,user2,sit
2.818376457,8.346187592,-2.71502471,-2.023100376,0.1853560209,0.07084008306,-0.7472830415,phone,user2,sit
2.838383527,9.11233139,-2.329558372,-2.659958124,0.2274339646,0.1235706806,-0.5757754445,phone,user2,sit
2.858392316,9.524134636,-4.230554581,-2.659958124,0.1906823367,0.1272991002,-0.3962783813,phone,user2,sit
2.878407003,9.631873131,-3.983951569,-2.882618904,0.01757686399,-0.1198422536,-0.5289037824,phone,user2,sit
2.898419621,9.03571701,-3.411737442,-2.233790159,-0.06178534031,0.009054748341,-0.7440872192,phone,user2,sit
2.918423371,8.889671326,-2.880224705,-2.087743998,-0.09534116834,-0.005858954508,-0.9273127317,phone,user2,sit
2.938431027,9.282320023,-1.958456993,-1.007958889,0.05965480953,0.07669904083,-0.8644620776,phone,user2,sit
2.958429269,9.878476143,-3.94085598,0.1580173075,1.300687909,0.9001484513,-0.831438899,phone,user2,sit
2.978428293,8.729259491,-1.968033791,-4.285621166,0.8926916122,0.3051982522,-1.15314877,phone,user2,sit
2.998427785,8.736441612,-1.091755986,-3.885789394,-0.02982740477,-0.0564590171,-1.092961311,phone,user2,sit
3.01843298,9.418789864,-0.5339069963,-1.288080573,-0.2870887816,0.1885518134,-0.9086706042,phone,user2,sit
3.03844298,9.562441826,-0.356736064,-1.015141487,0.01491370238,0.1528654546,-0.4916195571,phone,user2,sit
3.058456691,10.01255131,-0.8475474119,-2.310404539,0.1251685768,-0.01864212751,-0.01171790902,phone,user2,sit
3.07846505,9.682151794,-2.104503393,-1.89620769,-0.04420847446,0.0165115986,0.004793690052,phone,user2,sit
3.098472746,9.476250648,-1.702277422,-1.331176162,-0.03462109342,0.01225054078,-0.01012001187,phone,user2,sit
3.118475441,9.299078941,-1.67115283,-1.790862918,-0.01171790902,-0.0197073929,-0.02237055451,phone,user2,sit
3.138477785,9.361329079,-1.695094824,-1.867477298,-0.007989482954,-0.04154531285,-0.03355583176,phone,user2,sit
3.158493253,9.414001465,-1.704671621,-1.903390408,0.001065264456,-0.03728425503,-0.04953479767,phone,user2,sit
3.178502707,9.35654068,-1.630451322,-1.900996208,0.01491370238,-0.01757686399,-0.06125270575,phone,user2,sit
3.198520168,9.294290543,-1.568202138,-1.908178806,0.03089267015,0.004793690052,-0.06870955974,phone,user2,sit
3.218528019,9.294290543,-1.529894829,-2.001552582,0.03888215125,0.02716424316,-0.0697748214,phone,user2,sit
3.238542082,9.337387085,-1.570596337,-2.085349798,0.05166532472,0.05486112088,-0.0697748214,phone,user2,sit
3.258557746,9.366117477,-1.537077546,-2.068590164,0.04900216311,0.08575379103,-0.07190535218,phone,user2,sit
3.278571652,9.26556015,-1.513135433,-2.018311977,0.04420847446,0.1049285457,-0.06604639441,phone,user2,sit
3.298588175,9.18894577,-1.489193439,-1.982398987,0.03834952042,0.1267664731,-0.06178534031,phone,user2,sit
3.318599699,9.169792175,-1.460463047,-1.920149803,0.03781688958,0.155528605,-0.06604639441,phone,user2,sit
3.338608605,9.239224434,-1.472434044,-1.905784607,0.04154531285,0.1874865443,-0.07669904083,phone,user2,sit
3.358616418,9.390059471,-1.520318031,-1.836352706,0.04367584363,0.2130528986,-0.0830906257,phone,user2,sit
3.378625324,9.528923035,-1.620874524,-1.795651317,0.04420847446,0.2173139453,-0.08575379103,phone,user2,sit
3.398627902,9.564835548,-1.649604917,-1.728613615,0.0330231972,0.2194444835,-0.09001484513,phone,user2,sit
3.418635597,9.543288231,-1.582567334,-1.575384736,0.02663161233,0.2173139453,-0.09534116834,phone,user2,sit
3.438648761,9.52173996,-1.472434044,-1.505952835,0.03728425503,0.2183792144,-0.1022653878,phone,user2,sit
3.458663996,9.677363396,-1.498770237,-1.510741234,0.04101268202,0.2039981484,-0.1033306494,phone,user2,sit
3.478687746,9.813833237,-1.611297727,-1.515529633,0.02077265643,0.1800296903,-0.1065264493,phone,user2,sit
3.49871255,9.844957352,-1.501164436,-1.323993564,-0.01864212751,0.1624528319,-0.09960222989,phone,user2,sit
3.518728293,9.852140427,-1.434126854,-1.240196466,-0.03515372798,0.1395496428,-0.07403588295,phone,user2,sit
3.538757003,9.880870819,-1.367089152,-1.223437071,-0.03834952042,0.1187769845,-0.05273059011,phone,user2,sit
3.558781769,9.950302124,-1.441309452,-1.201889277,-0.04101268202,0.08149272949,-0.04048004746,phone,user2,sit
3.578804894,9.895236015,-1.391031146,-1.197100878,-0.05592638254,0.0591221787,-0.04527373984,phone,user2,sit
3.598822238,9.770736694,-1.273715258,-1.185129881,-0.0697748214,0.05060006306,-0.04420847446,phone,user2,sit
3.618837746,9.698910713,-1.175553083,-1.146822572,-0.07190535218,0.0394147858,-0.03568635881,phone,user2,sit
3.638845753,9.763554573,-1.149216771,-1.127668977,-0.05699164793,0.02237055451,-0.02503371425,phone,user2,sit
3.658861613,9.866505623,-1.26413846,-1.074996591,-0.03515372798,0.006924218964,-0.008522115648,phone,user2,sit
3.67887716,9.878476143,-1.367089152,-1.019929886,-0.02396845073,0.0,0.003728425596,phone,user2,sit
3.698896964,9.737217903,-1.331176162,-1.027112484,-0.01864212751,-0.01438106969,-0.003728425596,phone,user2,sit
3.718918253,9.677363396,-1.26653266,-1.134851575,-0.004793690052,-0.03834952042,-0.009587380104,phone,user2,sit
3.738934308,9.734824181,-1.26413846,-1.211466074,0.01544633508,-0.05486112088,-0.008522115648,phone,user2,sit
3.758950714,9.785101891,-1.302445769,-1.254561663,0.03408846259,-0.05166532472,-0.000532632228,phone,user2,sit
3.778973019,9.737217903,-1.254561663,-1.304839969,0.04207794741,-0.04207794741,0.008522115648,phone,user2,sit
3.799000714,9.567230225,-1.194706678,-1.340752959,0.04207794741,-0.02822950855,0.01864212751,phone,user2,sit
3.819035089,9.481039047,-1.15400517,-1.355118155,0.03994741663,-0.0197073929,0.03036003746,phone,user2,sit
3.839061613,9.495404243,-1.22822547,-1.379060149,0.04101268202,-0.0165115986,0.04314320907,phone,user2,sit
3.859085246,9.545681953,-1.340752959,-1.41018486,0.0330231972,-0.01278317347,0.04953479767,phone,user2,sit
3.879104152,9.52173996,-1.388636947,-1.362300754,0.01491370238,-0.01438106969,0.05326322466,phone,user2,sit
3.899124582,9.512163162,-1.379060149,-1.352723956,0.009587380104,-0.02237055451,0.04900216311,phone,user2,sit
3.919147082,9.603142738,-1.44849205,-1.371877551,0.008522115648,-0.02822950855,0.04793690145,phone,user2,sit
3.93916841,9.648633003,-1.532289028,-1.321599364,0.00532632228,-0.03781688958,0.04314320907,phone,user2,sit
3.959183839,9.615114212,-1.501164436,-1.345541358,-0.004261057824,-0.05113269389,0.03355583176,phone,user2,sit
3.979200832,9.56004715,-1.455674648,-1.41257906,-0.009054748341,-0.0591221787,0.02130528912,phone,user2,sit
3.999223566,9.531316757,-1.417367458,-1.462857246,-0.006391586736,-0.06231797114,0.01065264456,phone,user2,sit
4.019238175,9.572018623,-1.388636947,-1.501164436,0.01012001187,-0.05166532472,0.00532632228,phone,user2,sit
4.039256418,9.583989143,-1.41257906,-1.505952835,0.02396845073,-0.03195793182,0.007456851192,phone,user2,sit
4.059275714,9.524134636,-1.434126854,-1.517923832,0.02663161233,-0.01491370238,0.01118527725,phone,user2,sit
4.079291183,9.476250648,-1.422155857,-1.529894829,0.02343581803,-0.005858954508,0.007456851192,phone,user2,sit
4.099300832,9.497797966,-1.41257906,-1.575384736,0.02237055451,0.000532632228,0.001065264456,phone,user2,sit
4.11931255,9.545681953,-1.441309452,-1.580173135,0.01864212751,0.006924218964,-0.001597896684,phone,user2,sit
4.139328293,9.538499832,-1.458068848,-1.572990537,0.009054748341,0.01171790902,-0.001597896684,phone,user2,sit
4.159343136,9.502586365,-1.422155857,-1.565807939,-0.005858954508,0.02077265643,0.000532632228,phone,user2,sit
4.179349582,9.454702377,-1.393425345,-1.510741234,-0.01864212751,0.02929477207,0.003195793368,phone,user2,sit
4.199364933,9.50976944,-1.405396342,-1.482010841,-0.02077265643,0.03142530099,0.004261057824,phone,user2,sit
4.219370636,9.600749016,-1.455674648,-1.424550056,-0.02183792181,0.03142530099,0.001597896684,phone,user2,sit
4.239382746,9.643844604,-1.465251446,-1.345541358,-0.02183792181,0.02876213938,-0.002130528912,phone,user2,sit
4.259390168,9.670180321,-1.443703651,-1.333570361,-0.01864212751,0.02130528912,-0.004261057824,phone,user2,sit
4.279393722,9.646238327,-1.41257906,-1.37666595,-0.01597896591,0.01810949668,-0.002130528912,phone,user2,sit
4.299399347,9.595960617,-1.335964561,-1.355118155,-0.01917476021,0.0165115986,-0.003728425596,phone,user2,sit
4.31940341,9.603142738,-1.323993564,-1.261744261,-0.006391586736,0.01917476021,0.0,phone,user2,sit
4.339409347,9.674968719,-1.41018486,-1.297657371,0.005858954508,0.02556634694,0.005858954508,phone,user2,sit
4.359411418,9.607931137,-1.426944256,-1.278503656,0.000532632228,0.03089267015,0.003195793368,phone,user2,sit
4.379420714,9.507374763,-1.369483352,-1.254561663,0.003195793368,0.01864212751,-0.004261057824,phone,user2,sit
4.399433058,9.574412346,-1.393425345,-1.309628367,0.01810949668,-0.000532632228,-0.004793690052,phone,user2,sit
4.419441339,9.713275909,-1.484405041,-1.347935557,0.02556634694,-0.000532632228,-0.003728425596,phone,user2,sit
4.439444738,9.648633003,-1.482010841,-1.331176162,0.008522115648,0.006391586736,-0.003728425596,phone,user2,sit
4.459453449,9.44512558,-1.335964561,-1.285686255,0.003195793368,0.0,-0.01171790902,phone,user2,sit
4.479456261,9.464279175,-1.352723956,-1.414973259,0.02237055451,-0.006391586736,-0.01331580617,phone,user2,sit
4.499465363,9.662998199,-1.477222443,-1.520318031,0.03249056637,0.007989482954,-0.01065264456,phone,user2,sit
4.519484621,9.674968719,-1.489193439,-1.465251446,0.02183792181,0.02237055451,-0.009587380104,phone,user2,sit
4.539499543,9.490615845,-1.335964561,-1.388636947,0.01225054078,0.02663161233,-0.01118527725,phone,user2,sit
4.559503019,9.40681839,-1.278503656,-1.431732655,0.02024002373,0.02609897964,-0.01065264456,phone,user2,sit
4.579501964,9.579200745,-1.386242747,-1.537077546,0.02929477207,0.04207794741,-0.007456851192,phone,user2,sit
4.599502628,9.653421402,-1.503558636,-1.400607944,0.02396845073,0.05858954415,-0.008522115648,phone,user2,sit
4.619504621,9.588777542,-1.41257906,-1.292868972,0.01757686399,0.05432848632,-0.01118527725,phone,user2,sit
4.639503332,9.552865028,-1.33835876,-1.357512355,0.006924218964,0.04474110901,-0.01012001187,phone,user2,sit
4.659508293,9.670180321,-1.407790542,-1.345541358,-0.009054748341,0.04048004746,-0.004261057824,phone,user2,sit
4.679517511,9.763554573,-1.462857246,-1.283292055,-0.02183792181,0.03462109342,-0.003728425596,phone,user2,sit
4.699536535,9.725247383,-1.446097851,-1.199495077,-0.02503371425,0.02343581803,-0.00266316114,phone,user2,sit
4.719554777,9.63666153,-1.405396342,-1.249773264,-0.02450108156,0.01118527725,-0.002130528912,phone,user2,sit
4.739571964,9.617507935,-1.367089152,-1.230619669,-0.02556634694,0.00532632228,-0.007456851192,phone,user2,sit
4.759588605,9.665391922,-1.352723956,-1.209071875,-0.01278317347,0.000532632228,-0.009587380104,phone,user2,sit
4.779594308,9.777919769,-1.362300754,-1.256955862,-0.003195793368,-0.002130528912,0.001065264456,phone,user2,sit
4.799600207,9.823410034,-1.379060149,-1.254561663,-0.003195793368,0.003195793368,0.01331580617,phone,user2,sit
4.8196113,9.737217903,-1.386242747,-1.18752408,-0.007456851192,0.009054748341,0.02183792181,phone,user2,sit
4.839612003,9.581595421,-1.340752959,-1.173158884,-0.009054748341,-0.001597896684,0.02183792181,phone,user2,sit
4.859608839,9.528923035,-1.352723956,-1.221042871,-0.003728425596,-0.02024002373,0.0170442313,phone,user2,sit
4.879608566,9.545681953,-1.398213744,-1.256955862,0.00266316114,-0.02663161233,0.01278317347,phone,user2,sit
4.899606769,9.588777542,-1.403002143,-1.249773264,0.01278317347,-0.02024002373,0.01065264456,phone,user2,sit
4.919609699,9.672574997,-1.41018486,-1.254561663,0.02663161233,-0.01491370238,0.01065264456,phone,user2,sit
4.939617824,9.737217903,-1.467645645,-1.304839969,0.03408846259,-0.01384843793,0.01491370238,phone,user2,sit
4.959612863,9.689333916,-1.515529633,-1.30005157,0.02237055451,-0.02343581803,0.0170442313,phone,user2,sit
4.979623644,9.552865028,-1.472434044,-1.297657371,0.001597896684,-0.04367584363,0.008522115648,phone,user2,sit
4.999638019,9.452308655,-1.388636947,-1.326387763,-0.01065264456,-0.05965480953,0.000532632228,phone,user2,sit
5.019652003,9.490615845,-1.359906554,-1.362300754,-0.01065264456,-0.05805691332,-0.001597896684,phone,user2,sit
5.039665246,9.607931137,-1.386242747,-1.407790542,-0.001065264456,-0.03568635881,0.004261057824,phone,user2,sit
5.05967423,9.634267807,-1.400607944,-1.422155857,0.001597896684,-0.01278317347,0.01171790902,phone,user2,sit
5.079689777,9.595960617,-1.400607944,-1.44849205,-0.001597896684,-0.007456851192,0.0165115986,phone,user2,sit
5.099690597,9.564835548,-1.398213744,-1.443703651,-0.00532632228,-0.006391586736,0.01757686399,phone,user2,sit
5.11969716,9.574412346,-1.458068848,-1.414973259,-0.002130528912,-0.003728425596,0.01544633508,phone,user2,sit
5.13970255,9.58638382,-1.467645645,-1.400607944,0.004793690052,0.004261057824,0.01171790902,phone,user2,sit
5.159705519,9.610325813,-1.438915253,-1.414973259,0.009054748341,0.0165115986,0.01225054078,phone,user2,sit
5.179708918,9.646238327,-1.45088625,-1.417367458,0.009054748341,0.02343581803,0.01810949668,phone,user2,sit
5.199720675,9.62469101,-1.441309452,-1.393425345,-0.002130528912,0.02396845073,0.02077265643,phone,user2,sit
5.219735402,9.562441826,-1.424550056,-1.350329757,-0.01118527725,0.02396845073,0.0170442313,phone,user2,sit
5.239750207,9.490615845,-1.37666595,-1.343147159,-0.01065264456,0.02609897964,0.01278317347,phone,user2,sit
5.259758058,9.490615845,-1.405396342,-1.364694953,-0.001065264456,0.03142530099,0.01012001187,phone,user2,sit
5.279763761,9.519346237,-1.431732655,-1.345541358,0.01118527725,0.04261057824,0.007989482954,phone,user2,sit
5.299772355,9.543288231,-1.429338455,-1.292868972,0.01438106969,0.04793690145,0.007456851192,phone,user2,sit
5.319778644,9.627084732,-1.44849205,-1.261744261,0.01917476021,0.04793690145,0.01118527725,phone,user2,sit
5.339790558,9.706093788,-1.479616642,-1.223437071,0.01491370238,0.0394147858,0.01544633508,phone,user2,sit
5.359800089,9.710882187,-1.498770237,-1.18752408,0.01012001187,0.02982740477,0.0165115986,phone,user2,sit
5.379807199,9.658209801,-1.474828243,-1.175553083,0.003195793368,0.01597896591,0.01331580617,phone,user2,sit
5.399820793,9.62469101,-1.460463047,-1.235408068,0.00266316114,0.001597896684,0.01384843793,phone,user2,sit
5.419832238,9.617507935,-1.45088625,-1.242590666,0.001065264456,-0.005858954508,0.0165115986,phone,user2,sit
5.439845441,9.631873131,-1.441309452,-1.22583127,0.001597896684,-0.007456851192,0.01810949668,phone,user2,sit
5.459860519,9.627084732,-1.441309452,-1.249773264,0.004793690052,-0.007989482954,0.01917476021,phone,user2,sit
5.479876418,9.612719536,-1.479616642,-1.273715258,0.007456851192,-0.006924218964,0.0170442313,phone,user2,sit
5.499885871,9.615114212,-1.48679924,-1.302445769,0.009054748341,-0.01118527725,0.01491370238,phone,user2,sit
5.519903449,9.615114212,-1.527500629,-1.290474772,0.007989482954,-0.01384843793,0.01438106969,phone,user2,sit
5.539923019,9.612719536,-1.517923832,-1.307234168,0.005858954508,-0.01810949668,0.01331580617,phone,user2,sit
5.559939816,9.610325813,-1.515529633,-1.319205165,0.001065264456,-0.01917476021,0.01438106969,phone,user2,sit
5.579953918,9.600749016,-1.498770237,-1.333570361,-0.00532632228,-0.01864212751,0.01438106969,phone,user2,sit
5.599962121,9.591172218,-1.505952835,-1.331176162,-0.009587380104,-0.02077265643,0.01597896591,phone,user2,sit
5.619965988,9.591172218,-1.522712231,-1.340752959,-0.01331580617,-0.02183792181,0.01597896591,phone,user2,sit
5.639964308,9.581595421,-1.517923832,-1.340752959,-0.01810949668,-0.02183792181,0.01331580617,phone,user2,sit
5.659965949,9.52173996,-1.498770237,-1.369483352,-0.0197073929,-0.02077265643,0.01065264456,phone,user2,sit
5.679976574,9.531316757,-1.489193439,-1.393425345,-0.02024002373,-0.01757686399,0.009054748341,phone,user2,sit
5.699981378,9.531316757,-1.482010841,-1.352723956,-0.0165115986,-0.009587380104,0.006924218964,phone,user2,sit
5.719986886,9.579200745,-1.532289028,-1.340752959,-0.009054748341,-0.00266316114,0.00532632228,phone,user2,sit
5.739995832,9.574412346,-1.484405041,-1.37427175,-0.001597896684,0.01012001187,0.004793690052,phone,user2,sit
5.760003214,9.567230225,-1.503558636,-1.304839969,0.001597896684,0.01012001187,-0.000532632228,phone,user2,sit
5.780008175,9.58638382,-1.534683347,-1.352723956,0.007989482954,0.01118527725,-0.000532632228,phone,user2,sit
5.800015832,9.58638382,-1.517923832,-1.333570361,0.006391586736,0.01331580617,-0.004261057824,phone,user2,sit
5.820023839,9.581595421,-1.493981838,-1.312022567,0.003195793368,0.009587380104,-0.003195793368,phone,user2,sit
5.840025949,9.574412346,-1.489193439,-1.326387763,0.0,0.01012001187,-0.00266316114,phone,user2,sit
5.860029113,9.579200745,-1.484405041,-1.314416766,0.0,0.01118527725,-0.001065264456,phone,user2,sit
5.880034582,9.574412346,-1.503558636,-1.314416766,-0.002130528912,0.01065264456,-0.000532632228,phone,user2,sit
5.900041457,9.593565941,-1.484405041,-1.278503656,0.001065264456,0.01118527725,-0.001597896684,phone,user2,sit
5.920048566,9.641449928,-1.491587639,-1.290474772,0.00266316114,0.01012001187,0.001065264456,phone,user2,sit
5.940047785,9.665391922,-1.534683347,-1.290474772,0.000532632228,0.007456851192,0.003195793368,phone,user2,sit
5.960053019,9.646238327,-1.517923832,-1.26413846,0.00266316114,0.004261057824,0.003195793368,phone,user2,sit
5.980058527,9.639056206,-1.508347034,-1.280897856,0.000532632228,0.0,0.002130528912,phone,user2,sit
6.000057121,9.619902611,-1.493981838,-1.297657371,0.000532632228,-0.000532632228,-0.000532632228,phone,user2,sit
6.020059308,9.593565941,-1.501164436,-1.297657371,0.001065264456,-0.00532632228,0.002130528912,phone,user2,sit
6.040053371,9.581595421,-1.48679924,-1.312022567,0.0,-0.004793690052,0.00266316114,phone,user2,sit
6.060053683,9.557653427,-1.493981838,-1.30005157,-0.002130528912,-0.002130528912,0.003195793368,phone,user2,sit
6.080061027,9.567230225,-1.496376038,-1.302445769,-0.000532632228,-0.002130528912,0.00266316114,phone,user2,sit
6.100064269,9.569623947,-1.510741234,-1.331176162,0.001597896684,-0.002130528912,0.001597896684,phone,user2,sit
6.120068058,9.59835434,-1.515529633,-1.309628367,0.00266316114,0.0,0.000532632228,phone,user2,sit
6.140080988,9.591172218,-1.520318031,-1.328781962,0.002130528912,0.001065264456,-0.001065264456,phone,user2,sit
6.160095246,9.579200745,-1.513135433,-1.340752959,0.001597896684,0.001065264456,-0.001597896684,phone,user2,sit
6.18010423,9.557653427,-1.496376038,-1.333570361,0.000532632228,0.0,-0.000532632228,phone,user2,sit
6.200100441,9.557653427,-1.48679924,-1.312022567,-0.001597896684,0.001597896684,-0.001065264456,phone,user2,sit
6.220112785,9.583989143,-1.498770237,-1.316810966,-0.001065264456,0.003728425596,0.000532632228,phone,user2,sit
6.240128371,9.591172218,-1.508347034,-1.304839969,-0.001065264456,0.003728425596,0.001065264456,phone,user2,sit
6.26012505,9.605537415,-1.496376038,-1.304839969,-0.001597896684,0.00532632228,0.000532632228,phone,user2,sit
6.280126808,9.62469101,-1.498770237,-1.292868972,0.001065264456,0.004261057824,0.0,phone,user2,sit
6.30013716,9.617507935,-1.52510643,-1.297657371,0.000532632228,0.002130528912,0.001065264456,phone,user2,sit
6.320142902,9.615114212,-1.517923832,-1.302445769,-0.001065264456,-0.003195793368,0.001065264456,phone,user2,sit
6.340149972,9.595960617,-1.508347034,-1.288080573,-0.001065264456,-0.001597896684,0.0,phone,user2,sit
6.360168136,9.593565941,-1.510741234,-1.307234168,0.0,-0.003195793368,0.0,phone,user2,sit
6.38018255,9.593565941,-1.491587639,-1.304839969,-0.001065264456,-0.003728425596,0.0,phone,user2,sit
6.400196496,9.595960617,-1.501164436,-1.304839969,0.000532632228,-0.001065264456,-0.004793690052,phone,user2,sit
6.420202199,9.600749016,-1.515529633,-1.319205165,0.0,0.0,-0.004793690052,phone,user2,sit
6.440206105,9.603142738,-1.505952835,-1.326387763,0.0,-0.001597896684,-0.004261057824,phone,user2,sit
6.460204582,9.59835434,-1.491587639,-1.307234168,0.0,0.0,-0.003728425596,phone,user2,sit
6.48021716,9.562441826,-1.484405041,-1.319205165,0.0,0.001597896684,-0.004261057824,phone,user2,sit
6.50023216,9.581595421,-1.498770237,-1.312022567,0.001065264456,0.00266316114,-0.004261057824,phone,user2,sit
6.520237824,9.588777542,-1.515529633,-1.321599364,0.001597896684,0.004261057824,-0.003728425596,phone,user2,sit
6.540243918,9.595960617,-1.505952835,-1.304839969,0.003195793368,0.005858954508,-0.00532632228,phone,user2,sit
6.560246066,9.607931137,-1.510741234,-1.312022567,0.00266316114,0.004793690052,-0.005858954508,phone,user2,sit
6.580248488,9.600749016,-1.513135433,-1.307234168,0.001065264456,0.003195793368,-0.004793690052,phone,user2,sit
6.600258527,9.610325813,-1.503558636,-1.309628367,0.001065264456,0.001597896684,-0.00532632228,phone,user2,sit
6.620274035,9.595960617,-1.503558636,-1.302445769,-0.000532632228,0.0,-0.004793690052,phone,user2,sit
6.640280441,9.600749016,-1.498770237,-1.304839969,0.0,0.001597896684,-0.00532632228,phone,user2,sit
6.660283839,9.605537415,-1.508347034,-1.307234168,0.000532632228,0.00266316114,-0.004793690052,phone,user2,sit
6.680292785,9.603142738,-1.515529633,-1.312022567,0.000532632228,0.00266316114,-0.004261057824,phone,user2,sit
6.700303214,9.579200745,-1.510741234,-1.323993564,-0.000532632228,0.001597896684,-0.004793690052,phone,user2,sit
6.720317785,9.581595421,-1.503558636,-1.292868972,-0.001597896684,-0.000532632228,-0.00532632228,phone,user2,sit
6.740325324,9.612719536,-1.501164436,-1.323993564,0.001065264456,0.0,-0.00532632228,phone,user2,sit
6.760332511,9.617507935,-1.517923832,-1.316810966,0.0,0.001597896684,-0.004261057824,phone,user2,sit
6.780339035,9.607931137,-1.505952835,-1.307234168,0.000532632228,0.003195793368,-0.003728425596,phone,user2,sit
6.80034755,9.595960617,-1.501164436,-1.307234168,-0.001065264456,0.000532632228,-0.005858954508,phone,user2,sit
6.820357902,9.595960617,-1.498770237,-1.331176162,-0.001065264456,0.002130528912,-0.004793690052,phone,user2,sit
6.840370089,9.622296333,-1.508347034,-1.319205165,0.000532632228,0.003728425596,-0.003728425596,phone,user2,sit
6.860382785,9.581595421,-1.501164436,-1.321599364,0.000532632228,0.003195793368,-0.003195793368,phone,user2,sit
6.880397472,9.545681953,-1.484405041,-1.302445769,0.0,0.006924218964,-0.004261057824,phone,user2,sit
6.900409699,9.543288231,-1.489193439,-1.297657371,0.0,0.005858954508,-0.004793690052,phone,user2,sit
6.920421691,9.576807022,-1.510741234,-1.312022567,0.002130528912,0.003728425596,-0.004793690052,phone,user2,sit
6.940421964,9.595960617,-1.529894829,-1.309628367,0.00266316114,0.006391586736,-0.006391586736,phone,user2,sit
6.960423527,9.603142738,-1.522712231,-1.30005157,0.003195793368,0.005858954508,-0.007989482954,phone,user2,sit
6.98043005,9.600749016,-1.510741234,-1.307234168,0.003728425596,0.004793690052,-0.006924218964,phone,user2,sit
7.000434347,9.627084732,-1.510741234,-1.314416766,0.00266316114,0.001597896684,-0.006924218964,phone,user2,sit
7.020437511,9.605537415,-1.498770237,-1.321599364,0.000532632228,0.000532632228,-0.006924218964,phone,user2,sit
7.040438996,9.607931137,-1.503558636,-1.302445769,-0.001065264456,0.0,-0.004793690052,phone,user2,sit
7.060452824,9.591172218,-1.491587639,-1.319205165,0.0,0.000532632228,-0.00532632228,phone,user2,sit
7.080459308,9.591172218,-1.48679924,-1.316810966,-0.001065264456,0.00266316114,-0.004793690052,phone,user2,sit
7.100466808,9.612719536,-1.498770237,-1.316810966,-0.000532632228,0.004261057824,-0.003195793368,phone,user2,sit
7.120467863,9.62469101,-1.513135433,-1.30005157,0.0,0.003195793368,-0.002130528912,phone,user2,sit
7.140467824,9.595960617,-1.510741234,-1.295263171,-0.001065264456,0.003728425596,-0.003728425596,phone,user2,sit
7.160469894,9.572018623,-1.496376038,-1.307234168,0.0,0.002130528912,-0.005858954508,phone,user2,sit
7.180481535,9.58638382,-1.505952835,-1.302445769,0.001597896684,-0.000532632228,-0.005858954508,phone,user2,sit
7.200492746,9.591172218,-1.515529633,-1.312022567,0.001597896684,0.000532632228,-0.00532632228,phone,user2,sit
7.220500597,9.588777542,-1.501164436,-1.302445769,0.001597896684,0.00266316114,-0.006391586736,phone,user2,sit
7.240506964,9.58638382,-1.513135433,-1.312022567,0.002130528912,0.004793690052,-0.006391586736,phone,user2,sit
7.260514738,9.593565941,-1.503558636,-1.321599364,0.002130528912,0.00532632228,-0.00532632228,phone,user2,sit
7.280522472,9.59835434,-1.501164436,-1.314416766,0.001065264456,0.00266316114,-0.004793690052,phone,user2,sit
7.300524191,9.583989143,-1.496376038,-1.302445769,0.001065264456,0.003728425596,-0.00532632228,phone,user2,sit
7.320524738,9.593565941,-1.493981838,-1.316810966,0.001065264456,0.00532632228,-0.004261057824,phone,user2,sit
7.340527511,9.588777542,-1.501164436,-1.309628367,0.001597896684,0.005858954508,-0.003728425596,phone,user2,sit
7.360528605,9.581595421,-1.503558636,-1.297657371,0.00266316114,0.006391586736,-0.004793690052,phone,user2,sit
7.380540128,9.612719536,-1.515529633,-1.290474772,0.001597896684,0.004793690052,-0.005858954508,phone,user2,sit
7.400534855,9.615114212,-1.527500629,-1.304839969,0.002130528912,0.002130528912,-0.006924218964,phone,user2,sit
7.420531027,9.615114212,-1.515529633,-1.292868972,0.001065264456,0.001065264456,-0.007989482954,phone,user2,sit
7.440521652,9.595960617,-1.505952835,-1.309628367,0.001597896684,-0.002130528912,-0.009054748341,phone,user2,sit
7.460509933,9.59835434,-1.48679924,-1.312022567,-0.001065264456,-0.002130528912,-0.008522115648,phone,user2,sit
7.480502824,9.58638382,-1.489193439,-1.302445769,-0.001597896684,-0.005858954508,-0.002130528912,phone,user2,sit
7.50050048,9.595960617,-1.491587639,-1.319205165,-0.003195793368,-0.006924218964,0.0,phone,user2,sit
7.520497003,9.58638382,-1.496376038,-1.309628367,-0.003728425596,-0.004261057824,-0.001065264456,phone,user2,sit
7.540495949,9.574412346,-1.484405041,-1.309628367,-0.002130528912,-0.004793690052,0.000532632228,phone,user2,sit
7.560495949,9.574412346,-1.501164436,-1.328781962,-0.002130528912,-0.00532632228,0.000532632228,phone,user2,sit
7.580493019,9.56004715,-1.493981838,-1.307234168,-0.003195793368,-0.00266316114,0.000532632228,phone,user2,sit
7.600502316,9.567230225,-1.508347034,-1.321599364,-0.001065264456,-0.002130528912,0.0,phone,user2,sit
7.620496027,9.615114212,-1.517923832,-1.33835876,0.000532632228,0.0,0.0,phone,user2,sit
7.640484855,9.610325813,-1.529894829,-1.312022567,-0.000532632228,0.00266316114,0.001597896684,phone,user2,sit
7.660477316,9.595960617,-1.496376038,-1.309628367,0.000532632228,0.002130528912,-0.001597896684,phone,user2,sit
7.680479738,9.600749016,-1.496376038,-1.326387763,-0.000532632228,0.002130528912,-0.003195793368,phone,user2,sit
7.700473097,9.59835434,-1.501164436,-1.326387763,-0.001065264456,0.003728425596,-0.00266316114,phone,user2,sit
7.720473566,9.581595421,-1.489193439,-1.321599364,-0.000532632228,0.001597896684,-0.001065264456,phone,user2,sit
7.740479425,9.569623947,-1.491587639,-1.316810966,-0.001597896684,0.005858954508,0.0,phone,user2,sit
7.76048048,9.562441826,-1.489193439,-1.302445769,-0.00266316114,0.007989482954,-0.000532632228,phone,user2,sit
7.78048798,9.579200745,-1.510741234,-1.309628367,0.0,0.007456851192,-0.000532632228,phone,user2,sit
7.800488293,9.619902611,-1.515529633,-1.297657371,0.0,0.006391586736,-0.001597896684,phone,user2,sit
7.820482394,9.629479408,-1.527500629,-1.292868972,-0.001597896684,0.004793690052,-0.002130528912,phone,user2,sit
7.840479347,9.610325813,-1.52510643,-1.297657371,-0.003195793368,0.0,-0.003195793368,phone,user2,sit
7.860480207,9.593565941,-1.491587639,-1.304839969,-0.004793690052,-0.004261057824,-0.003195793368,phone,user2,sit
7.880478722,9.603142738,-1.484405041,-1.30005157,-0.005858954508,-0.006924218964,-0.002130528912,phone,user2,sit
7.900480285,9.595960617,-1.484405041,-1.297657371,-0.004261057824,-0.004793690052,-0.000532632228,phone,user2,sit
7.920482628,9.593565941,-1.467645645,-1.288080573,-0.00266316114,-0.003195793368,0.000532632228,phone,user2,sit
7.940490793,9.595960617,-1.465251446,-1.316810966,-0.000532632228,0.0,0.001065264456,phone,user2,sit
7.960492863,9.615114212,-1.489193439,-1.307234168,0.0,0.001065264456,0.001597896684,phone,user2,sit
7.980492316,9.607931137,-1.508347034,-1.297657371,0.001597896684,0.000532632228,0.001597896684,phone,user2,sit
8.000487355,9.595960617,-1.515529633,-1.290474772,0.000532632228,-0.001065264456,0.000532632228,phone,user2,sit
8.020488839,9.579200745,-1.503558636,-1.290474772,-0.000532632228,-0.00266316114,-0.001065264456,phone,user2,sit
8.040493449,9.581595421,-1.496376038,-1.314416766,-0.001065264456,-0.003728425596,-0.001597896684,phone,user2,sit
8.060496183,9.605537415,-1.501164436,-1.307234168,-0.001597896684,-0.003728425596,-0.001597896684,phone,user2,sit
8.080491339,9.612719536,-1.489193439,-1.307234168,-0.001065264456,-0.001597896684,-0.001065264456,phone,user2,sit
8.100489386,9.603142738,-1.501164436,-1.321599364,0.0,0.001597896684,-0.001065264456,phone,user2,sit
8.1204863,9.600749016,-1.493981838,-1.323993564,0.002130528912,0.00266316114,0.0,phone,user2,sit
8.140483527,9.58638382,-1.48679924,-1.319205165,0.002130528912,0.003195793368,0.000532632228,phone,user2,sit
8.160479425,9.581595421,-1.496376038,-1.302445769,0.002130528912,0.004793690052,0.000532632228,phone,user2,sit
8.180490285,9.574412346,-1.517923832,-1.314416766,0.002130528912,0.004793690052,0.0,phone,user2,sit
8.200503058,9.603142738,-1.513135433,-1.309628367,0.00266316114,0.003728425596,-0.001597896684,phone,user2,sit
8.220500128,9.610325813,-1.510741234,-1.292868972,0.001065264456,0.00266316114,-0.002130528912,phone,user2,sit
8.240495519,9.610325813,-1.508347034,-1.297657371,-0.003195793368,-0.000532632228,-0.002130528912,phone,user2,sit
8.260491808,9.610325813,-1.501164436,-1.314416766,-0.00532632228,-0.00532632228,-0.002130528912,phone,user2,sit
8.280485128,9.59835434,-1.491587639,-1.297657371,-0.003728425596,-0.00532632228,-0.001065264456,phone,user2,sit
8.300485128,9.593565941,-1.477222443,-1.307234168,-0.001597896684,-0.00266316114,-0.001065264456,phone,user2,sit
8.320486535,9.607931137,-1.482010841,-1.309628367,0.002130528912,0.001065264456,0.0,phone,user2,sit
8.34049341,9.612719536,-1.48679924,-1.295263171,0.003195793368,0.003728425596,0.002130528912,phone,user2,sit
8.360504113,9.593565941,-1.498770237,-1.290474772,0.00266316114,0.002130528912,0.002130528912,phone,user2,sit
8.380515675,9.595960617,-1.501164436,-1.292868972,0.003728425596,0.001065264456,0.001597896684,phone,user2,sit
8.400518488,9.59835434,-1.493981838,-1.307234168,0.0,-0.001597896684,0.003195793368,phone,user2,sit
8.420534425,9.605537415,-1.503558636,-1.288080573,-0.002130528912,-0.003195793368,0.003728425596,phone,user2,sit
8.44054966,9.603142738,-1.505952835,-1.290474772,-0.003195793368,-0.007456851192,0.003195793368,phone,user2,sit
8.460549621,9.615114212,-1.517923832,-1.280897856,-0.004793690052,-0.009587380104,0.002130528912,phone,user2,sit
8.480556339,9.627084732,-1.503558636,-1.295263171,-0.00266316114,-0.01118527725,0.0,phone,user2,sit
8.500565128,9.627084732,-1.496376038,-1.297657371,0.000532632228,-0.01065264456,0.0,phone,user2,sit
8.520570832,9.610325813,-1.491587639,-1.323993564,0.003728425596,-0.01012001187,0.0,phone,user2,sit
8.540573488,9.576807022,-1.493981838,-1.333570361,0.00266316114,-0.006924218964,0.00266316114,phone,user2,sit
8.560582394,9.543288231,-1.472434044,-1.331176162,0.004261057824,-0.003195793368,0.001597896684,phone,user2,sit
8.58058716,9.543288231,-1.482010841,-1.340752959,0.006391586736,-0.000532632228,0.003195793368,phone,user2,sit
8.600589894,9.56004715,-1.493981838,-1.347935557,0.006391586736,0.004793690052,0.00266316114,phone,user2,sit
8.620591144,9.58638382,-1.520318031,-1.323993564,0.006924218964,0.005858954508,0.0,phone,user2,sit
8.640600324,9.588777542,-1.513135433,-1.333570361,0.003728425596,0.004793690052,-0.000532632228,phone,user2,sit
8.660608214,9.583989143,-1.522712231,-1.335964561,0.0,0.003728425596,0.000532632228,phone,user2,sit
8.680621418,9.579200745,-1.505952835,-1.321599364,-0.001597896684,0.003195793368,0.001597896684,phone,user2,sit
8.7006288,9.581595421,-1.496376038,-1.304839969,-0.00266316114,0.003195793368,0.001065264456,phone,user2,sit
8.720637003,9.595960617,-1.496376038,-1.323993564,-0.000532632228,0.006924218964,-0.000532632228,phone,user2,sit
8.740638566,9.595960617,-1.496376038,-1.316810966,0.000532632228,0.009054748341,0.0,phone,user2,sit
8.760642472,9.593565941,-1.517923832,-1.312022567,0.002130528912,0.007989482954,-0.000532632228,phone,user2,sit
8.780648253,9.610325813,-1.515529633,-1.307234168,0.00266316114,0.007456851192,-0.001065264456,phone,user2,sit
8.800661027,9.593565941,-1.517923832,-1.297657371,0.003195793368,0.005858954508,-0.003195793368,phone,user2,sit
8.820672824,9.605537415,-1.496376038,-1.297657371,0.002130528912,0.002130528912,-0.002130528912,phone,user2,sit
8.840683332,9.610325813,-1.493981838,-1.295263171,0.000532632228,0.001065264456,-0.001065264456,phone,user2,sit
8.860696339,9.603142738,-1.510741234,-1.292868972,-0.002130528912,0.001065264456,-0.001065264456,phone,user2,sit
8.880715753,9.591172218,-1.505952835,-1.283292055,-0.001597896684,0.000532632228,-0.002130528912,phone,user2,sit
8.900724503,9.605537415,-1.501164436,-1.304839969,-0.000532632228,-0.00266316114,-0.001597896684,phone,user2,sit
8.920724894,9.629479408,-1.508347034,-1.307234168,-0.002130528912,-0.001065264456,0.0,phone,user2,sit
8.940720207,9.617507935,-1.493981838,-1.288080573,-0.00266316114,-0.001597896684,0.001065264456,phone,user2,sit
8.960719425,9.607931137,-1.493981838,-1.288080573,-0.003195793368,-0.003728425596,0.001597896684,phone,user2,sit
8.980726964,9.59835434,-1.503558636,-1.297657371,-0.002130528912,-0.003195793368,0.002130528912,phone,user2,sit
9.000727394,9.579200745,-1.496376038,-1.312022567,-0.000532632228,-0.003195793368,0.002130528912,phone,user2,sit
9.020732394,9.579200745,-1.501164436,-1.304839969,0.002130528912,-0.003195793368,0.001065264456,phone,user2,sit
9.040746144,9.576807022,-1.498770237,-1.316810966,0.001597896684,-0.001597896684,0.00266316114,phone,user2,sit
9.060761574,9.576807022,-1.498770237,-1.314416766,0.001597896684,-0.001065264456,0.001597896684,phone,user2,sit
9.080770949,9.595960617,-1.513135433,-1.309628367,0.004793690052,-0.001065264456,0.001065264456,phone,user2,sit
9.100783839,9.603142738,-1.515529633,-1.323993564,0.003728425596,0.000532632228,0.0,phone,user2,sit
9.120798605,9.588777542,-1.510741234,-1.314416766,0.00266316114,-0.001597896684,-0.000532632228,phone,user2,sit
9.140816418,9.579200745,-1.496376038,-1.321599364,0.000532632228,-0.002130528912,0.0,phone,user2,sit
9.160829699,9.579200745,-1.508347034,-1.319205165,0.0,-0.001065264456,-0.000532632228,phone,user2,sit
9.180843527,9.583989143,-1.505952835,-1.316810966,0.0,-0.001065264456,0.0,phone,user2,sit
9.200858175,9.591172218,-1.510741234,-1.314416766,-0.000532632228,0.0,-0.000532632228,phone,user2,sit
9.220867863,9.600749016,-1.503558636,-1.307234168,-0.002130528912,0.0,-0.001065264456,phone,user2,sit
9.240872707,9.593565941,-1.508347034,-1.295263171,-0.001597896684,-0.002130528912,-0.001065264456,phone,user2,sit
9.260878332,9.610325813,-1.501164436,-1.309628367,0.0,-0.004793690052,-0.001065264456,phone,user2,sit
9.280899191,9.622296333,-1.501164436,-1.304839969,-0.001597896684,-0.004261057824,-0.000532632228,phone,user2,sit
9.300913996,9.605537415,-1.503558636,-1.290474772,-0.000532632228,-0.003195793368,0.002130528912,phone,user2,sit
9.320923957,9.610325813,-1.496376038,-1.304839969,0.001065264456,-0.004793690052,0.001065264456,phone,user2,sit
9.340942433,9.595960617,-1.513135433,-1.326387763,0.000532632228,-0.000532632228,0.000532632228,phone,user2,sit
9.360963293,9.603142738,-1.503558636,-1.321599364,0.003195793368,0.000532632228,0.00266316114,phone,user2,sit
9.380972707,9.569623947,-1.493981838,-1.328781962,0.003728425596,-0.001597896684,0.001597896684,phone,user2,sit
9.400981144,9.555258751,-1.505952835,-1.328781962,0.0,0.001597896684,0.002130528912,phone,user2,sit
9.420991222,9.54807663,-1.496376038,-1.312022567,-0.001065264456,0.001597896684,0.00266316114,phone,user2,sit
9.441001613,9.567230225,-1.508347034,-1.333570361,0.001597896684,0.003195793368,-0.000532632228,phone,user2,sit
9.461011457,9.595960617,-1.522712231,-1.321599364,0.002130528912,0.004261057824,-0.001597896684,phone,user2,sit
9.481020753,9.59835434,-1.508347034,-1.312022567,0.00266316114,0.005858954508,-0.001597896684,phone,user2,sit
9.501032824,9.600749016,-1.510741234,-1.314416766,0.001065264456,0.00532632228,-0.002130528912,phone,user2,sit
9.52104548,9.58638382,-1.503558636,-1.328781962,0.001065264456,0.00532632228,-0.001065264456,phone,user2,sit
9.541057589,9.591172218,-1.498770237,-1.297657371,0.000532632228,0.006924218964,0.001065264456,phone,user2,sit
9.561067589,9.600749016,-1.496376038,-1.302445769,0.000532632228,0.006391586736,0.002130528912,phone,user2,sit
9.581077043,9.595960617,-1.489193439,-1.307234168,-0.000532632228,0.007456851192,0.00266316114,phone,user2,sit
9.601077199,9.607931137,-1.510741234,-1.295263171,-0.001597896684,0.006391586736,0.001597896684,phone,user2,sit
9.621075089,9.622296333,-1.520318031,-1.290474772,0.000532632228,0.004793690052,0.00266316114,phone,user2,sit
9.641077902,9.615114212,-1.517923832,-1.283292055,-0.001597896684,-0.000532632228,0.001597896684,phone,user2,sit
9.661081457,9.600749016,-1.510741234,-1.290474772,-0.001065264456,-0.001597896684,0.0,phone,user2,sit
9.681084738,9.579200745,-1.510741234,-1.30005157,0.0,-0.004261057824,-0.002130528912,phone,user2,sit
9.701097902,9.58638382,-1.510741234,-1.302445769,-0.000532632228,-0.00532632228,-0.000532632228,phone,user2,sit
9.721105753,9.600749016,-1.513135433,-1.295263171,-0.000532632228,-0.003728425596,0.0,phone,user2,sit
9.741110128,9.588777542,-1.498770237,-1.304839969,0.0,-0.003195793368,0.001065264456,phone,user2,sit
9.761114933,9.579200745,-1.493981838,-1.314416766,0.000532632228,-0.001597896684,0.001065264456,phone,user2,sit
9.781119503,9.583989143,-1.498770237,-1.316810966,0.001065264456,0.0,0.001597896684,phone,user2,sit
9.801121378,9.569623947,-1.503558636,-1.314416766,0.001597896684,0.000532632228,0.002130528912,phone,user2,sit
9.821120168,9.576807022,-1.505952835,-1.319205165,0.003195793368,0.003195793368,0.003195793368,phone,user2,sit
9.841125324,9.581595421,-1.522712231,-1.316810966,0.00266316114,0.006391586736,0.001597896684,phone,user2,sit
9.861139503,9.588777542,-1.517923832,-1.312022567,0.004261057824,0.006924218964,0.001065264456,phone,user2,sit
9.881146964,9.600749016,-1.522712231,-1.302445769,0.00266316114,0.003195793368,0.0,phone,user2,sit
9.901148449,9.595960617,-1.534683347,-1.302445769,0.000532632228,0.001597896684,-0.001065264456,phone,user2,sit
9.921157003,9.605537415,-1.522712231,-1.309628367,-0.001597896684,0.001065264456,-0.002130528912,phone,user2,sit
9.941164582,9.591172218,-1.517923832,-1.312022567,-0.002130528912,0.0,-0.00266316114,phone,user2,sit
9.961173996,9.600749016,-1.515529633,-1.297657371,-0.002130528912,-0.000532632228,-0.001597896684,phone,user2,sit
9.98118091,9.605537415,-1.510741234,-1.302445769,-0.001597896684,-0.000532632228,-0.000532632228,phone,user2,sit
10.0011895,9.600749016,-1.505952835,-1.290474772,-0.002130528912,0.000532632228,-0.001065264456,phone,user2,sit
10.02119529,9.603142738,-1.510741234,-1.295263171,-0.00266316114,-0.001065264456,-0.000532632228,phone,user2,sit
10.04120607,9.595960617,-1.510741234,-1.297657371,-0.001597896684,-0.001597896684,-0.001065264456,phone,user2,sit
10.06121216,9.600749016,-1.505952835,-1.285686255,-0.001065264456,-0.001597896684,-0.000532632228,phone,user2,sit
10.08121942,9.588777542,-1.513135433,-1.292868972,0.0,-0.001597896684,-0.001597896684,phone,user2,sit
10.10122333,9.595960617,-1.515529633,-1.290474772,0.000532632228,-0.001597896684,0.0,phone,user2,sit
10.12123056,9.569623947,-1.510741234,-1.297657371,-0.000532632228,-0.00266316114,-0.002130528912,phone,user2,sit
10.1412381,9.572018623,-1.510741234,-1.312022567,0.001065264456,-0.00266316114,-0.00266316114,phone,user2,sit
10.16124212,9.610325813,-1.513135433,-1.321599364,0.003728425596,-0.002130528912,-0.001065264456,phone,user2,sit
10.18124603,9.622296333,-1.520318031,-1.30005157,0.000532632228,-0.001065264456,0.0,phone,user2,sit
10.2012572,9.603142738,-1.515529633,-1.290474772,0.000532632228,0.0,0.000532632228,phone,user2,sit
10.22125751,9.593565941,-1.503558636,-1.304839969,0.0,-0.002130528912,0.001065264456,phone,user2,sit
10.24125599,9.603142738,-1.508347034,-1.323993564,-0.001597896684,-0.000532632228,-0.000532632228,phone,user2,sit
10.261264,9.605537415,-1.517923832,-1.297657371,-0.001597896684,-0.000532632228,-0.000532632228,phone,user2,sit
10.2812754,9.579200745,-1.52510643,-1.295263171,0.0,-0.00266316114,-0.000532632228,phone,user2,sit
10.30128216,9.572018623,-1.498770237,-1.30005157,-0.001065264456,-0.001065264456,-0.00266316114,phone,user2,sit
10.32128786,9.569623947,-1.510741234,-1.302445769,-0.001065264456,-0.001597896684,-0.00266316114,phone,user2,sit
10.34129239,9.593565941,-1.522712231,-1.292868972,0.0,-0.004793690052,-0.00266316114,phone,user2,sit
10.36128169,9.610325813,-1.517923832,-1.30005157,-0.001065264456,-0.00266316114,-0.00266316114,phone,user2,sit
10.38127837,9.615114212,-1.517923832,-1.302445769,-0.001065264456,-0.001597896684,-0.003195793368,phone,user2,sit
10.40127989,9.583989143,-1.491587639,-1.321599364,-0.002130528912,-0.001065264456,-0.002130528912,phone,user2,sit
10.4212795,9.583989143,-1.491587639,-1.319205165,-0.001597896684,-0.001597896684,0.0,phone,user2,sit
10.44128571,9.58638382,-1.505952835,-1.307234168,-0.000532632228,0.0,0.001065264456,phone,user2,sit
10.46128958,9.58638382,-1.503558636,-1.302445769,-0.001597896684,0.002130528912,0.001597896684,phone,user2,sit
10.48129806,9.588777542,-1.510741234,-1.297657371,0.0,0.001597896684,-0.000532632228,phone,user2,sit
10.5013038,9.605537415,-1.517923832,-1.297657371,-0.000532632228,0.002130528912,-0.000532632228,phone,user2,sit
10.52130439,9.603142738,-1.522712231,-1.295263171,0.000532632228,-0.001597896684,-0.002130528912,phone,user2,sit
10.54130353,9.607931137,-1.520318031,-1.297657371,0.000532632228,-0.002130528912,-0.003195793368,phone,user2,sit
10.56129853,9.595960617,-1.517923832,-1.297657371,-0.000532632228,-0.00266316114,-0.00266316114,phone,user2,sit
10.58129071,9.588777542,-1.513135433,-1.30005157,-0.000532632228,-0.00266316114,-0.00266316114,phone,user2,sit
10.60129126,9.603142738,-1.498770237,-1.292868972,-0.001065264456,-0.00266316114,-0.00266316114,phone,user2,sit
10.62128411,9.59835434,-1.505952835,-1.297657371,0.0,-0.002130528912,-0.001597896684,phone,user2,sit
10.64128544,9.615114212,-1.510741234,-1.304839969,0.0,-0.003728425596,-0.001065264456,phone,user2,sit
10.66128575,9.59835434,-1.505952835,-1.304839969,-0.002130528912,-0.004261057824,0.0,phone,user2,sit
10.68129337,9.58638382,-1.505952835,-1.309628367,-0.002130528912,-0.004793690052,0.0,phone,user2,sit
10.70129716,9.581595421,-1.496376038,-1.316810966,-0.001597896684,-0.003728425596,0.001065264456,phone,user2,sit
10.72130142,9.576807022,-1.517923832,-1.30005157,0.001065264456,-0.001065264456,0.000532632228,phone,user2,sit
10.74130298,9.567230225,-1.510741234,-1.304839969,0.00266316114,0.001065264456,-0.001065264456,phone,user2,sit
10.76131095,9.583989143,-1.520318031,-1.316810966,0.00266316114,0.002130528912,-0.003195793368,phone,user2,sit
10.78132087,9.583989143,-1.527500629,-1.321599364,0.002130528912,0.001065264456,-0.003195793368,phone,user2,sit
10.80133353,9.591172218,-1.508347034,-1.316810966,0.00266316114,0.0,-0.002130528912,phone,user2,sit
10.82133583,9.605537415,-1.510741234,-1.312022567,-0.000532632228,0.002130528912,-0.002130528912,phone,user2,sit
10.84133845,9.593565941,-1.520318031,-1.309628367,-0.000532632228,0.002130528912,-0.001597896684,phone,user2,sit
10.86134689,9.581595421,-1.503558636,-1.314416766,-0.002130528912,0.003195793368,-0.001065264456,phone,user2,sit
10.8813597,9.593565941,-1.493981838,-1.302445769,-0.001597896684,0.001065264456,-0.000532632228,phone,user2,sit
10.901367,9.610325813,-1.510741234,-1.302445769,-0.00266316114,0.00266316114,0.0,phone,user2,sit
10.92136696,9.610325813,-1.501164436,-1.285686255,-0.003195793368,0.00266316114,-0.000532632228,phone,user2,sit
10.94137146,9.615114212,-1.515529633,-1.285686255,-0.001065264456,0.001597896684,0.0,phone,user2,sit
10.96137388,9.607931137,-1.515529633,-1.276109457,-0.001065264456,-0.001065264456,0.0,phone,user2,sit
10.98137185,9.591172218,-1.515529633,-1.278503656,0.000532632228,-0.003195793368,-0.002130528912,phone,user2,sit
11.00137607,9.612719536,-1.508347034,-1.312022567,0.001597896684,-0.004793690052,-0.001597896684,phone,user2,sit
11.02139048,9.617507935,-1.501164436,-1.297657371,0.000532632228,-0.004261057824,0.000532632228,phone,user2,sit
11.04140263,9.610325813,-1.501164436,-1.290474772,0.0,-0.00266316114,0.001597896684,phone,user2,sit
11.0614131,9.595960617,-1.493981838,-1.326387763,-0.001597896684,-0.004261057824,0.001065264456,phone,user2,sit
11.08141552,9.595960617,-1.505952835,-1.316810966,-0.000532632228,-0.001065264456,0.0,phone,user2,sit
11.10142755,9.588777542,-1.513135433,-1.319205165,0.000532632228,-0.001065264456,0.001597896684,phone,user2,sit
11.1214347,9.567230225,-1.505952835,-1.323993564,0.000532632228,-0.002130528912,0.001597896684,phone,user2,sit
11.14144009,9.557653427,-1.517923832,-1.304839969,-0.001065264456,0.001065264456,0.001597896684,phone,user2,sit
11.16144782,9.552865028,-1.501164436,-1.304839969,-0.000532632228,0.001065264456,0.000532632228,phone,user2,sit
11.18145486,9.600749016,-1.520318031,-1.316810966,0.002130528912,0.001065264456,-0.001065264456,phone,user2,sit
11.20146107,9.603142738,-1.522712231,-1.302445769,0.001065264456,0.001597896684,-0.002130528912,phone,user2,sit
11.22147028,9.607931137,-1.510741234,-1.312022567,0.002130528912,0.002130528912,-0.002130528912,phone,user2,sit
11.24147685,9.59835434,-1.513135433,-1.30005157,0.000532632228,0.001597896684,-0.002130528912,phone,user2,sit
11.26148814,9.591172218,-1.496376038,-1.319205165,-0.001065264456,-0.000532632228,-0.001597896684,phone,user2,sit
11.28150107,9.583989143,-1.510741234,-1.307234168,-0.001597896684,0.001065264456,0.0,phone,user2,sit
11.30149739,9.588777542,-1.505952835,-1.297657371,-0.000532632228,0.003195793368,0.000532632228,phone,user2,sit
11.32149919,9.603142738,-1.508347034,-1.30005157,-0.001065264456,0.001597896684,0.001065264456,phone,user2,sit
11.34149661,9.600749016,-1.513135433,-1.312022567,-0.002130528912,0.003195793368,0.001065264456,phone,user2,sit
11.36151177,9.595960617,-1.517923832,-1.297657371,-0.000532632228,0.000532632228,0.001065264456,phone,user2,sit
11.38153407,9.603142738,-1.527500629,-1.285686255,-0.001065264456,-0.001597896684,0.001065264456,phone,user2,sit
11.40154388,9.581595421,-1.513135433,-1.276109457,-0.001597896684,-0.002130528912,0.0,phone,user2,sit
11.421549,9.593565941,-1.501164436,-1.302445769,-0.001597896684,-0.003195793368,-0.001065264456,phone,user2,sit
11.44154763,9.588777542,-1.510741234,-1.309628367,-0.001597896684,-0.003728425596,-0.000532632228,phone,user2,sit
11.46154353,9.588777542,-1.503558636,-1.295263171,-0.001065264456,-0.003728425596,0.000532632228,phone,user2,sit
11.48154982,9.603142738,-1.513135433,-1.30005157,0.000532632228,-0.001065264456,-0.001065264456,phone,user2,sit
11.50156532,9.610325813,-1.510741234,-1.321599364,0.002130528912,-0.001065264456,0.0,phone,user2,sit
11.52157743,9.595960617,-1.513135433,-1.321599364,0.001597896684,-0.001065264456,0.000532632228,phone,user2,sit
11.54159755,9.58638382,-1.501164436,-1.30005157,0.001065264456,-0.001065264456,0.001065264456,phone,user2,sit
11.56160544,9.579200745,-1.501164436,-1.302445769,0.002130528912,0.0,0.001597896684,phone,user2,sit
11.58161212,9.588777542,-1.513135433,-1.321599364,0.001597896684,0.001065264456,0.001065264456,phone,user2,sit
11.6016354,9.59835434,-1.517923832,-1.316810966,0.001597896684,0.001597896684,0.0,phone,user2,sit
11.62165646,9.593565941,-1.513135433,-1.30005157,0.001065264456,0.001597896684,0.0,phone,user2,sit
11.64166736,9.591172218,-1.503558636,-1.312022567,-0.000532632228,-0.000532632228,-0.000532632228,phone,user2,sit
11.66168212,9.59835434,-1.522712231,-1.309628367,-0.00266316114,-0.001597896684,-0.000532632228,phone,user2,sit
11.68169298,9.600749016,-1.517923832,-1.304839969,-0.002130528912,-0.001065264456,-0.000532632228,phone,user2,sit
11.70169954,9.59835434,-1.503558636,-1.309628367,-0.001597896684,-0.001597896684,-0.000532632228,phone,user2,sit
11.72170294,9.59835434,-1.501164436,-1.304839969,-0.002130528912,-0.000532632228,-0.000532632228,phone,user2,sit
11.74170525,9.593565941,-1.498770237,-1.304839969,-0.001065264456,0.001065264456,-0.000532632228,phone,user2,sit
11.76171689,9.607931137,-1.503558636,-1.297657371,-0.000532632228,0.001065264456,-0.000532632228,phone,user2,sit
11.78172884,9.605537415,-1.503558636,-1.297657371,-0.001597896684,0.000532632228,0.0,phone,user2,sit
11.80173568,9.603142738,-1.513135433,-1.304839969,-0.001065264456,-0.000532632228,0.0,phone,user2,sit
11.82175005,9.588777542,-1.503558636,-1.292868972,-0.00266316114,-0.001065264456,-0.000532632228,phone,user2,sit
11.84177083,9.603142738,-1.505952835,-1.297657371,0.0,-0.003195793368,0.0,phone,user2,sit
11.86177982,9.603142738,-1.513135433,-1.312022567,-0.000532632228,-0.002130528912,0.001065264456,phone,user2,sit
11.88178708,9.600749016,-1.517923832,-1.288080573,-0.00266316114,-0.002130528912,0.002130528912,phone,user2,sit
11.90180118,9.600749016,-1.505952835,-1.280897856,-0.001597896684,-0.003728425596,0.001065264456,phone,user2,sit
11.92182032,9.617507935,-1.522712231,-1.319205165,0.000532632228,-0.003195793368,0.0,phone,user2,sit
11.9418397,9.629479408,-1.503558636,-1.312022567,0.000532632228,-0.001065264456,-0.000532632228,phone,user2,sit
11.96185989,9.59835434,-1.517923832,-1.30005157,0.001065264456,-0.004793690052,0.0,phone,user2,sit
11.98188896,9.569623947,-1.498770237,-1.316810966,-0.000532632228,-0.003728425596,0.001065264456,phone,user2,sit
12.00191013,9.550470352,-1.498770237,-1.304839969,0.0,0.0,-0.000532632228,phone,user2,sit
12.02192654,9.557653427,-1.505952835,-1.321599364,0.001597896684,-0.001065264456,-0.001065264456,phone,user2,sit
12.04194462,9.581595421,-1.508347034,-1.326387763,0.003195793368,0.001597896684,-0.001597896684,phone,user2,sit
12.06196001,9.612719536,-1.529894829,-1.314416766,0.001597896684,0.004261057824,-0.001597896684,phone,user2,sit
12.08196794,9.593565941,-1.513135433,-1.319205165,0.001597896684,0.004261057824,-0.000532632228,phone,user2,sit
12.10197157,9.583989143,-1.510741234,-1.309628367,-0.001065264456,0.003195793368,0.0,phone,user2,sit
12.12198259,9.58638382,-1.501164436,-1.304839969,-0.002130528912,0.001065264456,-0.000532632228,phone,user2,sit
12.14199341,9.600749016,-1.520318031,-1.304839969,-0.00266316114,0.00266316114,0.000532632228,phone,user2,sit
12.1620031,9.595960617,-1.503558636,-1.292868972,-0.00266316114,0.000532632228,0.000532632228,phone,user2,sit
12.18202032,9.600749016,-1.501164436,-1.290474772,-0.003195793368,0.001065264456,0.0,phone,user2,sit
12.20203884,9.605537415,-1.493981838,-1.292868972,-0.002130528912,0.000532632228,-0.000532632228,phone,user2,sit
12.22206575,9.615114212,-1.508347034,-1.295263171,-0.00266316114,-0.003195793368,0.001065264456,phone,user2,sit
12.24207419,9.603142738,-1.513135433,-1.290474772,-0.003195793368,-0.00266316114,0.001065264456,phone,user2,sit
12.26208142,9.583989143,-1.496376038,-1.290474772,-0.002130528912,-0.00266316114,0.001065264456,phone,user2,sit
12.28208364,9.583989143,-1.501164436,-1.297657371,0.0,-0.00266316114,0.002130528912,phone,user2,sit
12.30209986,9.593565941,-1.515529633,-1.30005157,0.001597896684,-0.002130528912,0.001597896684,phone,user2,sit
12.32211052,9.583989143,-1.527500629,-1.295263171,0.002130528912,-0.002130528912,0.000532632228,phone,user2,sit
12.34212099,9.591172218,-1.510741234,-1.316810966,0.001065264456,-0.001597896684,0.000532632228,phone,user2,sit
12.36212864,9.581595421,-1.508347034,-1.326387763,0.001597896684,-0.001065264456,0.000532632228,phone,user2,sit
12.38213939,9.581595421,-1.513135433,-1.326387763,0.000532632228,0.000532632228,0.001065264456,phone,user2,sit
12.40215396,9.567230225,-1.508347034,-1.314416766,0.001065264456,0.001597896684,0.000532632228,phone,user2,sit
12.42217009,9.581595421,-1.510741234,-1.316810966,0.002130528912,0.001597896684,0.001597896684,phone,user2,sit
12.44218052,9.593565941,-1.522712231,-1.316810966,0.001065264456,0.003728425596,0.002130528912,phone,user2,sit
12.46218708,9.59835434,-1.513135433,-1.292868972,0.0,0.003728425596,0.001597896684,phone,user2,sit
12.48219439,9.588777542,-1.527500629,-1.297657371,-0.001065264456,0.004261057824,0.000532632228,phone,user2,sit
12.50219986,9.600749016,-1.517923832,-1.30005157,-0.001065264456,0.00266316114,0.001065264456,phone,user2,sit
12.52219271,9.603142738,-1.527500629,-1.297657371,-0.001065264456,0.00266316114,0.0,phone,user2,sit
12.54218739,9.593565941,-1.510741234,-1.297657371,-0.001597896684,0.001065264456,0.000532632228,phone,user2,sit
12.56219083,9.607931137,-1.520318031,-1.30005157,-0.001597896684,-0.000532632228,0.0,phone,user2,sit
12.58219446,9.603142738,-1.508347034,-1.297657371,-0.00266316114,-0.001065264456,0.0,phone,user2,sit
12.60220052,9.588777542,-1.501164436,-1.30005157,-0.003195793368,0.0,0.001065264456,phone,user2,sit
12.62220751,9.595960617,-1.503558636,-1.30005157,0.0,0.0,0.001597896684,phone,user2,sit
12.64221126,9.593565941,-1.505952835,-1.30005157,-0.001065264456,0.0,0.001597896684,phone,user2,sit
12.6622215,9.595960617,-1.513135433,-1.30005157,-0.000532632228,0.0,0.001597896684,phone,user2,sit
12.68222404,9.58638382,-1.520318031,-1.292868972,0.000532632228,0.0,0.001597896684,phone,user2,sit
12.70222521,9.579200745,-1.520318031,-1.295263171,-0.000532632228,0.001597896684,0.001065264456,phone,user2,sit
12.72222654,9.576807022,-1.503558636,-1.292868972,0.002130528912,-0.000532632228,-0.000532632228,phone,user2,sit
12.74223384,9.600749016,-1.508347034,-1.314416766,0.00266316114,0.0,0.0,phone,user2,sit
12.76224032,9.615114212,-1.522712231,-1.297657371,0.001597896684,0.001597896684,0.002130528912,phone,user2,sit
12.78224364,9.622296333,-1.534683347,-1.283292055,0.001065264456,0.003728425596,0.00266316114,phone,user2,sit
12.80224689,9.605537415,-1.522712231,-1.285686255,0.0,0.002130528912,0.002130528912,phone,user2,sit
12.82225618,9.607931137,-1.517923832,-1.30005157,-0.000532632228,0.0,0.000532632228,phone,user2,sit
12.84226868,9.607931137,-1.517923832,-1.304839969,-0.000532632228,0.000532632228,0.000532632228,phone,user2,sit
12.86227845,9.58638382,-1.517923832,-1.285686255,-0.001597896684,-0.001597896684,0.000532632228,phone,user2,sit
12.88227755,9.579200745,-1.52510643,-1.288080573,0.0,-0.001065264456,-0.000532632228,phone,user2,sit
12.90227673,9.555258751,-1.515529633,-1.30005157,-0.002130528912,-0.000532632228,-0.001597896684,phone,user2,sit
12.92228427,9.569623947,-1.513135433,-1.30005157,-0.001597896684,-0.00266316114,-0.004261057824,phone,user2,sit
12.94228622,9.615114212,-1.529894829,-1.314416766,-0.000532632228,-0.001065264456,-0.003195793368,phone,user2,sit
12.96228345,9.610325813,-1.517923832,-1.304839969,-0.001065264456,-0.001597896684,-0.003728425596,phone,user2,sit
12.98228634,9.591172218,-1.505952835,-1.30005157,-0.001065264456,-0.000532632228,-0.003728425596,phone,user2,sit
13.00228489,9.567230225,-1.491587639,-1.312022567,-0.001065264456,-0.00266316114,-0.00266316114,phone,user2,sit
13.02228646,9.58638382,-1.513135433,-1.304839969,0.0,-0.002130528912,-0.001597896684,phone,user2,sit
13.04228497,9.581595421,-1.510741234,-1.307234168,-0.000532632228,0.000532632228,0.0,phone,user2,sit
13.06228196,9.581595421,-1.513135433,-1.304839969,0.000532632228,0.003195793368,-0.000532632228,phone,user2,sit
13.08227689,9.603142738,-1.520318031,-1.302445769,0.000532632228,0.004261057824,-0.001065264456,phone,user2,sit
13.10227482,9.595960617,-1.529894829,-1.297657371,0.000532632228,0.00266316114,-0.00266316114,phone,user2,sit
13.12227353,9.617507935,-1.534683347,-1.295263171,0.0,0.0,-0.003195793368,phone,user2,sit
13.14227497,9.603142738,-1.527500629,-1.302445769,-0.001065264456,-0.002130528912,-0.004261057824,phone,user2,sit
13.16228255,9.581595421,-1.513135433,-1.30005157,-0.002130528912,-0.003195793368,-0.00532632228,phone,user2,sit
13.1822945,9.595960617,-1.503558636,-1.292868972,-0.001597896684,-0.001597896684,-0.00532632228,phone,user2,sit
13.20230782,9.603142738,-1.496376038,-1.309628367,-0.001597896684,-0.001597896684,-0.003728425596,phone,user2,sit
13.22231423,9.605537415,-1.515529633,-1.288080573,0.0,-0.000532632228,-0.003195793368,phone,user2,sit
13.24231982,9.607931137,-1.505952835,-1.302445769,-0.001065264456,-0.000532632228,-0.001597896684,phone,user2,sit
13.26233821,9.593565941,-1.505952835,-1.314416766,-0.00266316114,-0.000532632228,-0.001597896684,phone,user2,sit
13.28236087,9.588777542,-1.510741234,-1.295263171,-0.001597896684,-0.001597896684,-0.001597896684,phone,user2,sit
13.30237751,9.576807022,-1.513135433,-1.292868972,-0.001065264456,0.000532632228,-0.001597896684,phone,user2,sit
13.3223847,9.579200745,-1.520318031,-1.30005157,0.001065264456,0.0,-0.001597896684,phone,user2,sit
13.34239439,9.58638382,-1.527500629,-1.307234168,0.001065264456,0.001597896684,-0.002130528912,phone,user2,sit
13.36240833,9.588777542,-1.520318031,-1.304839969,0.000532632228,-0.001065264456,-0.003195793368,phone,user2,sit
13.38242786,9.59835434,-1.517923832,-1.290474772,0.0,-0.000532632228,-0.00266316114,phone,user2,sit
13.40244028,9.588777542,-1.503558636,-1.302445769,-0.001065264456,-0.000532632228,-0.003728425596,phone,user2,sit
13.42245009,9.605537415,-1.513135433,-1.297657371,-0.001597896684,-0.00266316114,-0.00266316114,phone,user2,sit
13.44245603,9.600749016,-1.496376038,-1.297657371,-0.003195793368,-0.002130528912,-0.002130528912,phone,user2,sit
13.46246568,9.595960617,-1.510741234,-1.297657371,-0.002130528912,-0.001597896684,-0.001597896684,phone,user2,sit
13.48247337,9.603142738,-1.498770237,-1.297657371,-0.001065264456,0.0,-0.000532632228,phone,user2,sit
13.50248122,9.595960617,-1.513135433,-1.30005157,-0.000532632228,-0.001065264456,-0.002130528912,phone,user2,sit
13.5224865,9.588777542,-1.505952835,-1.302445769,0.001597896684,-0.000532632228,-0.001597896684,phone,user2,sit
13.54249278,9.58638382,-1.517923832,-1.304839969,0.002130528912,-0.000532632228,-0.003195793368,phone,user2,sit
13.56251204,9.593565941,-1.513135433,-1.302445769,0.001597896684,-0.002130528912,-0.003728425596,phone,user2,sit
13.58252689,9.595960617,-1.505952835,-1.319205165,0.0,-0.00266316114,-0.00266316114,phone,user2,sit
13.60254607,9.610325813,-1.513135433,-1.302445769,-0.001597896684,0.0,-0.001597896684,phone,user2,sit
13.62256099,9.617507935,-1.515529633,-1.297657371,-0.00266316114,-0.002130528912,-0.000532632228,phone,user2,sit
13.6425813,9.610325813,-1.503558636,-1.304839969,-0.00266316114,-0.00266316114,-0.000532632228,phone,user2,sit
13.66260236,9.615114212,-1.489193439,-1.295263171,-0.003728425596,0.000532632228,-0.001597896684,phone,user2,sit
13.6826138,9.588777542,-1.505952835,-1.304839969,-0.002130528912,-0.001065264456,-0.001065264456,phone,user2,sit
13.7026311,9.581595421,-1.508347034,-1.297657371,-0.001597896684,0.000532632228,0.000532632228,phone,user2,sit
13.72264849,9.564835548,-1.505952835,-1.285686255,-0.001065264456,0.00266316114,-0.002130528912,phone,user2,sit
13.74266489,9.572018623,-1.520318031,-1.288080573,0.001597896684,0.001065264456,-0.003195793368,phone,user2,sit
13.76268435,9.588777542,-1.513135433,-1.295263171,0.002130528912,-0.000532632228,-0.00266316114,phone,user2,sit
13.78269759,9.605537415,-1.513135433,-1.292868972,0.001597896684,0.0,-0.003195793368,phone,user2,sit
13.80271216,9.595960617,-1.510741234,-1.288080573,0.001065264456,-0.001065264456,-0.002130528912,phone,user2,sit
13.82272818,9.593565941,-1.505952835,-1.312022567,-0.002130528912,-0.002130528912,-0.003195793368,phone,user2,sit
13.84273728,9.572018623,-1.484405041,-1.321599364,-0.001597896684,-0.002130528912,-0.001065264456,phone,user2,sit
13.86275122,9.581595421,-1.513135433,-1.304839969,-0.001065264456,0.0,-0.000532632228,phone,user2,sit
13.88276052,9.576807022,-1.505952835,-1.297657371,0.001065264456,-0.000532632228,0.001065264456,phone,user2,sit
13.90276013,9.600749016,-1.491587639,-1.319205165,-0.001065264456,0.001597896684,0.0,phone,user2,sit
13.92276083,9.59835434,-1.515529633,-1.312022567,0.000532632228,0.002130528912,0.0,phone,user2,sit
13.94276251,9.612719536,-1.534683347,-1.30005157,0.0,-0.001065264456,-0.000532632228,phone,user2,sit
13.96276591,9.600749016,-1.527500629,-1.292868972,-0.000532632228,-0.003195793368,-0.001597896684,phone,user2,sit
13.98278193,9.588777542,-1.517923832,-1.304839969,-0.00266316114,-0.004261057824,-0.002130528912,phone,user2,sit
14.00280083,9.588777542,-1.493981838,-1.323993564,-0.001065264456,-0.004793690052,-0.002130528912,phone,user2,sit
14.02281821,9.600749016,-1.508347034,-1.302445769,-0.001597896684,-0.002130528912,0.0,phone,user2,sit
14.04283587,9.588777542,-1.508347034,-1.297657371,-0.001065264456,0.0,-0.000532632228,phone,user2,sit
14.06285646,9.595960617,-1.496376038,-1.314416766,0.001597896684,0.001065264456,-0.001065264456,phone,user2,sit
14.08286751,9.595960617,-1.501164436,-1.323993564,0.001597896684,0.00266316114,0.000532632228,phone,user2,sit
14.10287775,9.595960617,-1.501164436,-1.302445769,0.001065264456,0.001597896684,0.000532632228,phone,user2,sit
14.12288263,9.588777542,-1.503558636,-1.290474772,0.001065264456,0.00266316114,0.001065264456,phone,user2,sit
14.1428904,9.600749016,-1.515529633,-1.297657371,0.001065264456,0.002130528912,0.001065264456,phone,user2,sit
14.1628938,9.58638382,-1.527500629,-1.285686255,0.001597896684,0.0,0.000532632228,phone,user2,sit
14.18290513,9.588777542,-1.505952835,-1.309628367,0.000532632228,0.0,0.000532632228,phone,user2,sit
14.20291708,9.600749016,-1.513135433,-1.307234168,-0.000532632228,-0.001597896684,0.0,phone,user2,sit
14.22293025,9.612719536,-1.508347034,-1.30005157,-0.000532632228,-0.000532632228,-0.000532632228,phone,user2,sit
14.24294435,9.603142738,-1.505952835,-1.297657371,0.001065264456,-0.002130528912,0.001065264456,phone,user2,sit
14.26295642,9.58638382,-1.496376038,-1.302445769,0.001065264456,-0.001597896684,0.001065264456,phone,user2,sit
14.28296536,9.583989143,-1.493981838,-1.307234168,0.0,-0.002130528912,0.001597896684,phone,user2,sit
14.30297665,9.58638382,-1.505952835,-1.314416766,-0.000532632228,-0.002130528912,0.001597896684,phone,user2,sit
14.3229915,9.579200745,-1.508347034,-1.319205165,0.000532632228,0.0,0.001065264456,phone,user2,sit
14.34301361,9.581595421,-1.522712231,-1.307234168,0.001597896684,0.000532632228,0.001065264456,phone,user2,sit
14.36303368,9.58638382,-1.534683347,-1.314416766,0.003195793368,0.001597896684,0.001065264456,phone,user2,sit
14.38305247,9.581595421,-1.510741234,-1.307234168,0.001597896684,-0.000532632228,0.000532632228,phone,user2,sit
14.40307341,9.58638382,-1.517923832,-1.304839969,0.000532632228,0.0,0.000532632228,phone,user2,sit
14.42308993,9.593565941,-1.503558636,-1.304839969,-0.001065264456,-0.000532632228,-0.000532632228,phone,user2,sit
14.44310872,9.59835434,-1.510741234,-1.314416766,-0.001597896684,0.0,-0.000532632228,phone,user2,sit
14.463124,9.591172218,-1.491587639,-1.312022567,-0.000532632228,0.002130528912,0.0,phone,user2,sit
14.48312677,9.617507935,-1.503558636,-1.302445769,0.0,0.001597896684,0.000532632228,phone,user2,sit
14.50313568,9.610325813,-1.510741234,-1.297657371,0.0,0.001597896684,0.000532632228,phone,user2,sit
14.52314907,9.58638382,-1.510741234,-1.285686255,-0.001065264456,-0.000532632228,0.000532632228,phone,user2,sit
14.54316064,9.615114212,-1.503558636,-1.295263171,0.001597896684,-0.00266316114,0.001065264456,phone,user2,sit
14.56316345,9.62469101,-1.508347034,-1.309628367,-0.001065264456,-0.002130528912,0.002130528912,phone,user2,sit
14.58317302,9.619902611,-1.52510643,-1.288080573,0.0,-0.001597896684,0.003195793368,phone,user2,sit
14.60318325,9.605537415,-1.496376038,-1.285686255,0.0,-0.004261057824,0.002130528912,phone,user2,sit
14.62319747,9.595960617,-1.501164436,-1.316810966,-0.001065264456,-0.004261057824,0.0,phone,user2,sit
14.64321439,9.603142738,-1.501164436,-1.309628367,0.0,-0.003195793368,0.001597896684,phone,user2,sit
14.66323728,9.58638382,-1.513135433,-1.321599364,0.0,-0.005858954508,0.001597896684,phone,user2,sit
14.6832547,9.54807663,-1.501164436,-1.307234168,-0.001065264456,-0.001065264456,0.00266316114,phone,user2,sit
14.70327204,9.545681953,-1.491587639,-1.319205165,0.0,-0.001065264456,0.000532632228,phone,user2,sit
14.72329025,9.564835548,-1.520318031,-1.321599364,0.003195793368,-0.000532632228,0.000532632228,phone,user2,sit
14.74331079,9.588777542,-1.532289028,-1.314416766,0.002130528912,0.001597896684,-0.001597896684,phone,user2,sit
14.76332821,9.58638382,-1.527500629,-1.309628367,0.003195793368,0.004261057824,-0.002130528912,phone,user2,sit
14.78334134,9.591172218,-1.52510643,-1.321599364,0.00266316114,0.002130528912,-0.001597896684,phone,user2,sit
14.80335263,9.59835434,-1.501164436,-1.312022567,0.0,0.000532632228,-0.001597896684,phone,user2,sit
14.82335966,9.595960617,-1.496376038,-1.314416766,0.0,0.001065264456,0.0,phone,user2,sit
14.84337161,9.600749016,-1.498770237,-1.304839969,-0.002130528912,0.001597896684,0.0,phone,user2,sit
14.86338642,9.600749016,-1.498770237,-1.304839969,-0.001597896684,0.001065264456,0.001065264456,phone,user2,sit
14.88340618,9.603142738,-1.505952835,-1.302445769,-0.001597896684,0.002130528912,0.001065264456,phone,user2,sit
14.90341986,9.610325813,-1.515529633,-1.297657371,-0.000532632228,0.002130528912,0.000532632228,phone,user2,sit
14.92343314,9.627084732,-1.527500629,-1.290474772,-0.000532632228,0.000532632228,0.001597896684,phone,user2,sit
14.94344325,9.600749016,-1.52510643,-1.285686255,-0.001065264456,-0.001597896684,0.001597896684,phone,user2,sit
14.96345204,9.588777542,-1.508347034,-1.288080573,-0.001597896684,-0.003728425596,-0.000532632228,phone,user2,sit
14.98346251,9.581595421,-1.496376038,-1.302445769,-0.000532632228,-0.00532632228,0.000532632228,phone,user2,sit
15.00347025,9.593565941,-1.498770237,-1.312022567,0.0,-0.004793690052,0.0,phone,user2,sit
15.02347892,9.607931137,-1.510741234,-1.30005157,0.0,-0.001597896684,0.001065264456,phone,user2,sit
15.04349009,9.603142738,-1.505952835,-1.302445769,0.001065264456,0.000532632228,0.001065264456,phone,user2,sit
15.06350173,9.591172218,-1.510741234,-1.319205165,0.000532632228,-0.000532632228,0.000532632228,phone,user2,sit
15.08350986,9.593565941,-1.508347034,-1.302445769,0.001597896684,-0.001065264456,0.001065264456,phone,user2,sit
15.10351794,9.593565941,-1.501164436,-1.314416766,0.001597896684,0.000532632228,0.001065264456,phone,user2,sit
15.12353306,9.581595421,-1.520318031,-1.314416766,0.001597896684,0.001597896684,0.001597896684,phone,user2,sit
15.1435513,9.581595421,-1.501164436,-1.309628367,0.002130528912,0.003195793368,0.000532632228,phone,user2,sit
15.16356087,9.593565941,-1.517923832,-1.304839969,0.001597896684,0.001597896684,0.001065264456,phone,user2,sit
15.1835713,9.583989143,-1.513135433,-1.292868972,0.001065264456,0.001597896684,-0.000532632228,phone,user2,sit
15.20358009,9.603142738,-1.52510643,-1.312022567,0.001065264456,0.0,-0.000532632228,phone,user2,sit
15.22358786,9.607931137,-1.520318031,-1.314416766,-0.001597896684,-0.001065264456,-0.001065264456,phone,user2,sit
15.24360642,9.600749016,-1.52510643,-1.304839969,-0.00266316114,-0.001065264456,-0.001065264456,phone,user2,sit
15.26362154,9.591172218,-1.515529633,-1.304839969,-0.002130528912,-0.001597896684,0.0,phone,user2,sit
15.28363739,9.591172218,-1.513135433,-1.304839969,-0.002130528912,-0.001597896684,-0.001065264456,phone,user2,sit
15.3036511,9.581595421,-1.517923832,-1.312022567,-0.001597896684,-0.000532632228,0.0,phone,user2,sit
15.32366368,9.581595421,-1.517923832,-1.309628367,-0.000532632228,0.001065264456,-0.000532632228,phone,user2,sit
15.34368064,9.588777542,-1.505952835,-1.312022567,-0.001065264456,0.001597896684,0.000532632228,phone,user2,sit
15.3636995,9.593565941,-1.505952835,-1.304839969,0.0,0.001065264456,0.0,phone,user2,sit
15.38371193,9.59835434,-1.517923832,-1.30005157,-0.001065264456,0.00266316114,0.001065264456,phone,user2,sit
15.40372345,9.593565941,-1.527500629,-1.292868972,0.000532632228,0.002130528912,0.000532632228,phone,user2,sit
15.42373318,9.593565941,-1.517923832,-1.302445769,0.0,0.002130528912,-0.001065264456,phone,user2,sit
15.44374263,9.59835434,-1.498770237,-1.304839969,0.000532632228,0.002130528912,-0.000532632228,phone,user2,sit
15.46374661,9.59835434,-1.513135433,-1.30005157,0.000532632228,0.001065264456,-0.001597896684,phone,user2,sit
15.48374466,9.600749016,-1.508347034,-1.290474772,0.001597896684,0.00266316114,-0.000532632228,phone,user2,sit
15.50374611,9.593565941,-1.52510643,-1.304839969,-0.000532632228,0.003728425596,0.000532632228,phone,user2,sit
15.52374833,9.600749016,-1.513135433,-1.319205165,0.0,0.001597896684,0.001065264456,phone,user2,sit
15.5437554,9.607931137,-1.515529633,-1.304839969,-0.002130528912,0.000532632228,0.001597896684,phone,user2,sit
15.56376642,9.603142738,-1.522712231,-1.30005157,-0.000532632228,0.001065264456,0.000532632228,phone,user2,sit
15.5837813,9.588777542,-1.513135433,-1.295263171,-0.000532632228,0.001065264456,0.001597896684,phone,user2,sit
15.60378911,9.59835434,-1.517923832,-1.30005157,0.001597896684,0.001065264456,0.000532632228,phone,user2,sit
15.62379302,9.583989143,-1.529894829,-1.319205165,0.001065264456,0.002130528912,-0.001065264456,phone,user2,sit
15.64379236,9.569623947,-1.532289028,-1.309628367,0.0,0.001065264456,-0.002130528912,phone,user2,sit
15.66379474,9.569623947,-1.522712231,-1.321599364,0.000532632228,0.000532632228,-0.003195793368,phone,user2,sit
15.68380232,9.610325813,-1.529894829,-1.312022567,-0.000532632228,0.001597896684,-0.001065264456,phone,user2,sit
15.7038095,9.631873131,-1.527500629,-1.314416766,-0.001597896684,0.003195793368,0.001597896684,phone,user2,sit
15.72382779,9.59835434,-1.520318031,-1.280897856,-0.004793690052,0.001597896684,0.000532632228,phone,user2,sit
15.74384923,9.58638382,-1.489193439,-1.30005157,-0.004793690052,0.001597896684,0.000532632228,phone,user2,sit
15.76386161,9.610325813,-1.510741234,-1.30005157,-0.004793690052,0.00266316114,0.000532632228,phone,user2,sit
15.78387302,9.588777542,-1.522712231,-1.268926859,-0.002130528912,0.002130528912,0.000532632228,phone,user2,sit
15.8038811,9.574412346,-1.513135433,-1.285686255,0.002130528912,0.002130528912,-0.000532632228,phone,user2,sit
15.82388654,9.569623947,-1.503558636,-1.278503656,0.001597896684,0.004261057824,-0.00266316114,phone,user2,sit
15.8438947,9.591172218,-1.534683347,-1.288080573,0.001065264456,0.000532632228,-0.003195793368,phone,user2,sit
15.86389872,9.627084732,-1.52510643,-1.283292055,0.001597896684,-0.003728425596,-0.00266316114,phone,user2,sit
15.88390532,9.619902611,-1.515529633,-1.278503656,-0.001065264456,-0.004261057824,-0.002130528912,phone,user2,sit
15.90391911,9.605537415,-1.505952835,-1.292868972,-0.001597896684,-0.005858954508,-0.000532632228,phone,user2,sit
15.92394294,9.579200745,-1.496376038,-1.309628367,-0.00266316114,-0.006391586736,-0.000532632228,phone,user2,sit
15.94395568,9.564835548,-1.489193439,-1.312022567,0.0,-0.006391586736,0.000532632228,phone,user2,sit
15.96397064,9.569623947,-1.501164436,-1.312022567,0.002130528912,-0.002130528912,0.000532632228,phone,user2,sit
15.98399349,9.572018623,-1.517923832,-1.309628367,0.003195793368,0.000532632228,0.000532632228,phone,user2,sit
16.00402427,9.58638382,-1.513135433,-1.314416766,0.003195793368,0.0,0.0,phone,user2,sit
16.02405321,9.615114212,-1.529894829,-1.319205165,0.002130528912,0.001065264456,-0.001065264456,phone,user2,sit
16.04408474,9.612719536,-1.534683347,-1.312022567,0.0,-0.001597896684,-0.001065264456,phone,user2,sit
16.06411404,9.59835434,-1.532289028,-1.314416766,-0.00266316114,-0.003195793368,-0.001597896684,phone,user2,sit
16.08414255,9.58638382,-1.505952835,-1.292868972,-0.004261057824,-0.00266316114,-0.003195793368,phone,user2,sit
16.10416341,9.576807022,-1.493981838,-1.309628367,-0.004793690052,-0.00266316114,-0.00266316114,phone,user2,sit
16.12417997,9.588777542,-1.493981838,-1.295263171,-0.003728425596,-0.002130528912,-0.003195793368,phone,user2,sit
16.14419599,9.600749016,-1.498770237,-1.290474772,-0.003728425596,0.0,-0.002130528912,phone,user2,sit
16.16421236,9.605537415,-1.510741234,-1.285686255,-0.00266316114,-0.000532632228,-0.00266316114,phone,user2,sit
16.18423185,9.615114212,-1.510741234,-1.304839969,0.0,0.000532632228,-0.001597896684,phone,user2,sit
16.2042529,9.600749016,-1.515529633,-1.295263171,0.000532632228,-0.001065264456,-0.001065264456,phone,user2,sit
16.22427036,9.58638382,-1.508347034,-1.290474772,0.0,-0.001597896684,-0.001065264456,phone,user2,sit
16.24428857,9.583989143,-1.505952835,-1.292868972,0.001065264456,-0.002130528912,-0.001065264456,phone,user2,sit
16.26430872,9.595960617,-1.510741234,-1.309628367,0.000532632228,-0.003195793368,-0.002130528912,phone,user2,sit
16.28431767,9.591172218,-1.517923832,-1.297657371,0.000532632228,-0.001597896684,-0.001597896684,phone,user2,sit
16.30433247,9.603142738,-1.513135433,-1.309628367,0.000532632228,-0.000532632228,-0.002130528912,phone,user2,sit
16.32434626,9.591172218,-1.513135433,-1.302445769,-0.000532632228,-0.003728425596,-0.002130528912,phone,user2,sit
16.34436263,9.605537415,-1.517923832,-1.302445769,0.0,-0.002130528912,-0.001065264456,phone,user2,sit
16.36438329,9.58638382,-1.505952835,-1.312022567,-0.001065264456,-0.00266316114,-0.000532632228,phone,user2,sit
16.38439021,9.583989143,-1.505952835,-1.295263171,-0.000532632228,-0.002130528912,-0.000532632228,phone,user2,sit
16.40440446,9.591172218,-1.498770237,-1.314416766,-0.000532632228,-0.003195793368,-0.002130528912,phone,user2,sit
16.42441888,9.591172218,-1.501164436,-1.307234168,0.0,-0.000532632228,-0.001065264456,phone,user2,sit
16.44443892,9.593565941,-1.517923832,-1.309628367,0.001597896684,-0.001597896684,-0.000532632228,phone,user2,sit
16.46446036,9.607931137,-1.505952835,-1.312022567,0.0,-0.002130528912,-0.001065264456,phone,user2,sit
16.48448513,9.59835434,-1.508347034,-1.309628367,-0.000532632228,-0.003195793368,0.0,phone,user2,sit
16.50450009,9.593565941,-1.52510643,-1.314416766,-0.001065264456,-0.00266316114,-0.000532632228,phone,user2,sit
16.524514,9.58638382,-1.508347034,-1.304839969,-0.001597896684,-0.003728425596,-0.001065264456,phone,user2,sit
16.54452767,9.58638382,-1.508347034,-1.316810966,-0.000532632228,-0.003728425596,-0.001597896684,phone,user2,sit
16.56453857,9.583989143,-1.513135433,-1.323993564,-0.001065264456,-0.001597896684,-0.001065264456,phone,user2,sit
16.58455626,9.591172218,-1.508347034,-1.321599364,-0.001597896684,0.0,-0.001597896684,phone,user2,sit
16.60457466,9.595960617,-1.505952835,-1.316810966,-0.001065264456,-0.000532632228,-0.001065264456,phone,user2,sit
16.62458833,9.593565941,-1.517923832,-1.314416766,-0.000532632228,0.0,-0.001065264456,phone,user2,sit
16.64459829,9.581595421,-1.517923832,-1.302445769,0.000532632228,-0.000532632228,-0.001065264456,phone,user2,sit
16.66460404,9.588777542,-1.515529633,-1.323993564,0.001065264456,-0.001065264456,-0.002130528912,phone,user2,sit
16.68460751,9.600749016,-1.517923832,-1.326387763,0.0,0.000532632228,-0.000532632228,phone,user2,sit
16.70461282,9.603142738,-1.515529633,-1.309628367,-0.001065264456,0.00266316114,0.000532632228,phone,user2,sit
16.7246172,9.615114212,-1.513135433,-1.30005157,0.0,0.002130528912,0.001597896684,phone,user2,sit
16.74461771,9.610325813,-1.498770237,-1.321599364,-0.000532632228,0.003195793368,-0.001065264456,phone,user2,sit
16.76461048,9.62469101,-1.529894829,-1.307234168,-0.001065264456,0.001597896684,-0.001065264456,phone,user2,sit
16.78460306,9.581595421,-1.517923832,-1.297657371,-0.001065264456,-0.001065264456,-0.001065264456,phone,user2,sit
16.80460306,9.581595421,-1.517923832,-1.302445769,-0.001597896684,-0.002130528912,-0.001065264456,phone,user2,sit
16.82460997,9.56004715,-1.501164436,-1.302445769,-0.001597896684,-0.001065264456,-0.002130528912,phone,user2,sit
16.84461212,9.564835548,-1.501164436,-1.295263171,0.000532632228,-0.003195793368,-0.00266316114,phone,user2,sit
16.86461521,9.588777542,-1.505952835,-1.321599364,0.0,-0.002130528912,-0.002130528912,phone,user2,sit
16.88461321,9.593565941,-1.501164436,-1.307234168,0.0,0.0,-0.001597896684,phone,user2,sit
16.90460657,9.603142738,-1.498770237,-1.312022567,0.001597896684,0.000532632228,-0.001597896684,phone,user2,sit
16.92459583,9.603142738,-1.498770237,-1.323993564,0.001065264456,0.0,-0.001597896684,phone,user2,sit
16.94459185,9.591172218,-1.503558636,-1.323993564,0.000532632228,-0.001597896684,0.0,phone,user2,sit
16.96459161,9.572018623,-1.496376038,-1.304839969,-0.000532632228,-0.000532632228,0.000532632228,phone,user2,sit
16.98459192,9.591172218,-1.513135433,-1.319205165,0.0,0.002130528912,0.001065264456,phone,user2,sit
17.00458564,9.600749016,-1.510741234,-1.316810966,0.0,-0.001065264456,0.000532632228,phone,user2,sit
17.0245861,9.595960617,-1.508347034,-1.314416766,-0.000532632228,0.001065264456,-0.001065264456,phone,user2,sit
17.04458536,9.610325813,-1.508347034,-1.302445769,0.001065264456,0.0,0.0,phone,user2,sit
17.06458501,9.622296333,-1.522712231,-1.307234168,-0.000532632228,-0.001065264456,-0.000532632228,phone,user2,sit
17.08458646,9.593565941,-1.517923832,-1.30005157,-0.00266316114,-0.002130528912,-0.001065264456,phone,user2,sit
17.10459821,9.572018623,-1.505952835,-1.302445769,-0.00266316114,-0.003195793368,-0.001597896684,phone,user2,sit
17.12461493,9.581595421,-1.517923832,-1.309628367,-0.001065264456,-0.004261057824,0.0,phone,user2,sit
17.1446297,9.607931137,-1.515529633,-1.302445769,-0.001065264456,-0.00266316114,-0.001597896684,phone,user2,sit
17.16464458,9.593565941,-1.513135433,-1.302445769,0.000532632228,-0.001065264456,0.0,phone,user2,sit
17.18466251,9.588777542,-1.513135433,-1.328781962,0.001065264456,0.000532632228,-0.001597896684,phone,user2,sit
17.2046779,9.58638382,-1.510741234,-1.326387763,0.002130528912,0.001065264456,-0.000532632228,phone,user2,sit
17.22469009,9.595960617,-1.498770237,-1.331176162,0.000532632228,0.001065264456,-0.000532632228,phone,user2,sit
17.2447131,9.581595421,-1.508347034,-1.323993564,0.001065264456,0.00266316114,0.0,phone,user2,sit
17.26473099,9.58638382,-1.513135433,-1.326387763,-0.000532632228,0.003728425596,-0.000532632228,phone,user2,sit
17.28474454,9.59835434,-1.510741234,-1.319205165,-0.002130528912,0.003728425596,-0.001065264456,phone,user2,sit
17.30475868,9.605537415,-1.498770237,-1.321599364,-0.001065264456,0.003195793368,-0.000532632228,phone,user2,sit
17.32477724,9.600749016,-1.520318031,-1.309628367,-0.001597896684,0.003195793368,0.0,phone,user2,sit
17.3447906,9.600749016,-1.520318031,-1.30005157,-0.001597896684,0.00266316114,-0.001065264456,phone,user2,sit
17.36480001,9.612719536,-1.510741234,-1.304839969,-0.001597896684,0.003195793368,-0.001597896684,phone,user2,sit
17.38481321,9.595960617,-1.501164436,-1.302445769,-0.000532632228,0.0,-0.000532632228,phone,user2,sit
17.40482286,9.603142738,-1.513135433,-1.309628367,-0.000532632228,-0.001597896684,-0.001065264456,phone,user2,sit
17.42483677,9.603142738,-1.503558636,-1.312022567,-0.000532632228,-0.001065264456,-0.001065264456,phone,user2,sit
17.44485267,9.591172218,-1.501164436,-1.304839969,-0.000532632228,-0.001065264456,-0.000532632228,phone,user2,sit
17.46486728,9.600749016,-1.505952835,-1.312022567,-0.001065264456,-0.001597896684,0.0,phone,user2,sit
17.48488165,9.588777542,-1.496376038,-1.314416766,-0.001597896684,-0.003195793368,0.000532632228,phone,user2,sit
17.50490036,9.603142738,-1.508347034,-1.307234168,-0.000532632228,0.0,0.000532632228,phone,user2,sit
17.52491482,9.58638382,-1.513135433,-1.316810966,0.0,-0.000532632228,0.001065264456,phone,user2,sit
17.54492435,9.595960617,-1.501164436,-1.316810966,0.001065264456,0.0,0.000532632228,phone,user2,sit
17.56493673,9.58638382,-1.510741234,-1.312022567,0.000532632228,0.000532632228,0.0,phone,user2,sit
17.58494302,9.59835434,-1.513135433,-1.319205165,0.002130528912,0.000532632228,0.000532632228,phone,user2,sit
17.60495521,9.58638382,-1.508347034,-1.321599364,0.001597896684,0.001597896684,0.000532632228,phone,user2,sit
17.62496001,9.583989143,-1.505952835,-1.314416766,0.000532632228,0.001065264456,0.000532632228,phone,user2,sit
17.64496052,9.58638382,-1.505952835,-1.323993564,-0.000532632228,0.001065264456,0.0,phone,user2,sit
17.6649636,9.588777542,-1.517923832,-1.316810966,0.0,0.002130528912,0.001065264456,phone,user2,sit
17.68496904,9.603142738,-1.527500629,-1.314416766,-0.001597896684,0.001597896684,0.000532632228,phone,user2,sit
17.70496599,9.593565941,-1.517923832,-1.316810966,-0.001065264456,0.000532632228,0.0,phone,user2,sit
17.72497607,9.579200745,-1.510741234,-1.309628367,-0.001065264456,0.000532632228,-0.001597896684,phone,user2,sit
17.74498708,9.588777542,-1.505952835,-1.316810966,-0.000532632228,-0.000532632228,-0.00266316114,phone,user2,sit
17.76499986,9.607931137,-1.505952835,-1.328781962,-0.002130528912,0.0,0.0,phone,user2,sit
17.785012,9.610325813,-1.520318031,-1.307234168,-0.00266316114,0.002130528912,0.001065264456,phone,user2,sit
17.80502372,9.607931137,-1.508347034,-1.304839969,0.0,0.001065264456,0.001065264456,phone,user2,sit
17.82503173,9.603142738,-1.508347034,-1.309628367,-0.002130528912,-0.000532632228,0.0,phone,user2,sit
17.84503626,9.600749016,-1.498770237,-1.321599364,-0.001065264456,0.002130528912,-0.000532632228,phone,user2,sit
17.86503837,9.576807022,-1.503558636,-1.312022567,-0.001065264456,0.000532632228,0.000532632228,phone,user2,sit
17.88504603,9.572018623,-1.501164436,-1.314416766,-0.000532632228,0.002130528912,0.001597896684,phone,user2,sit
17.90505431,9.552865028,-1.496376038,-1.297657371,-0.000532632228,0.004793690052,-0.000532632228,phone,user2,sit
17.92505771,9.555258751,-1.496376038,-1.307234168,0.00266316114,0.00532632228,-0.000532632228,phone,user2,sit
17.94506411,9.591172218,-1.513135433,-1.326387763,0.003728425596,0.003728425596,-0.001597896684,phone,user2,sit
17.96506868,9.607931137,-1.522712231,-1.307234168,0.00266316114,0.004793690052,-0.001065264456,phone,user2,sit
17.98507864,9.612719536,-1.52510643,-1.309628367,0.002130528912,0.004793690052,-0.001065264456,phone,user2,sit
18.00508841,9.603142738,-1.505952835,-1.312022567,0.001597896684,0.002130528912,-0.001065264456,phone,user2,sit
18.02509689,9.583989143,-1.496376038,-1.316810966,-0.000532632228,0.001065264456,0.0,phone,user2,sit
18.04510685,9.583989143,-1.491587639,-1.304839969,-0.001597896684,0.003195793368,0.001597896684,phone,user2,sit
18.06511247,9.581595421,-1.505952835,-1.304839969,-0.000532632228,0.001597896684,0.001597896684,phone,user2,sit
18.08512556,9.607931137,-1.508347034,-1.304839969,-0.001065264456,0.00266316114,0.00266316114,phone,user2,sit
18.10513724,9.610325813,-1.517923832,-1.30005157,-0.001597896684,0.003195793368,0.000532632228,phone,user2,sit
18.12514298,9.615114212,-1.513135433,-1.316810966,0.0,0.000532632228,0.001597896684,phone,user2,sit
18.14515556,9.610325813,-1.522712231,-1.307234168,-0.001597896684,-0.002130528912,0.001597896684,phone,user2,sit
18.16516775,9.588777542,-1.52510643,-1.304839969,-0.002130528912,-0.000532632228,0.000532632228,phone,user2,sit
18.18518021,9.569623947,-1.505952835,-1.297657371,-0.001597896684,-0.001065264456,0.001065264456,phone,user2,sit
18.20519806,9.567230225,-1.496376038,-1.319205165,0.000532632228,-0.000532632228,-0.000532632228,phone,user2,sit
18.22521353,9.593565941,-1.503558636,-1.312022567,0.000532632228,0.000532632228,-0.001065264456,phone,user2,sit
18.24522318,9.595960617,-1.513135433,-1.297657371,0.000532632228,0.004261057824,0.000532632228,phone,user2,sit
18.26523778,9.59835434,-1.510741234,-1.309628367,0.001597896684,0.003195793368,0.001597896684,phone,user2,sit
18.28524177,9.591172218,-1.517923832,-1.309628367,0.001065264456,0.002130528912,0.001597896684,phone,user2,sit
18.30525095,9.600749016,-1.510741234,-1.304839969,-0.000532632228,0.002130528912,0.001597896684,phone,user2,sit
18.32526798,9.579200745,-1.510741234,-1.297657371,0.0,0.002130528912,0.001065264456,phone,user2,sit
18.34528927,9.581595421,-1.508347034,-1.302445769,0.002130528912,0.004261057824,0.001065264456,phone,user2,sit
18.36530263,9.591172218,-1.517923832,-1.307234168,0.001065264456,0.004261057824,0.000532632228,phone,user2,sit
18.38532122,9.603142738,-1.517923832,-1.304839969,0.001597896684,0.00266316114,0.0,phone,user2,sit
18.40533599,9.605537415,-1.52510643,-1.292868972,0.0,0.001065264456,-0.000532632228,phone,user2,sit
18.42536071,9.600749016,-1.517923832,-1.295263171,-0.000532632228,-0.000532632228,-0.000532632228,phone,user2,sit
18.44538251,9.600749016,-1.522712231,-1.309628367,-0.002130528912,-0.001065264456,0.0,phone,user2,sit
18.46539337,9.583989143,-1.503558636,-1.307234168,-0.001597896684,-0.001065264456,-0.000532632228,phone,user2,sit
18.48541052,9.593565941,-1.503558636,-1.309628367,-0.001597896684,-0.000532632228,-0.001065264456,phone,user2,sit
18.50542931,9.58638382,-1.513135433,-1.314416766,-0.001597896684,0.001065264456,0.0,phone,user2,sit
18.52544724,9.595960617,-1.517923832,-1.309628367,0.0,0.001597896684,0.000532632228,phone,user2,sit
18.54547103,9.588777542,-1.520318031,-1.288080573,0.0,0.00266316114,-0.000532632228,phone,user2,sit
18.56548739,9.593565941,-1.515529633,-1.295263171,-0.001065264456,0.001065264456,0.000532632228,phone,user2,sit
18.58549622,9.593565941,-1.515529633,-1.290474772,-0.001597896684,-0.001597896684,0.000532632228,phone,user2,sit
18.60550798,9.59835434,-1.520318031,-1.297657371,-0.001597896684,0.000532632228,-0.000532632228,phone,user2,sit
18.62551857,9.581595421,-1.52510643,-1.295263171,-0.000532632228,-0.000532632228,-0.000532632228,phone,user2,sit
18.6455304,9.579200745,-1.515529633,-1.314416766,0.001597896684,-0.001597896684,-0.001597896684,phone,user2,sit
18.66554224,9.58638382,-1.520318031,-1.307234168,0.002130528912,-0.000532632228,-0.00266316114,phone,user2,sit
18.68555056,9.59835434,-1.510741234,-1.314416766,0.001065264456,-0.000532632228,-0.00266316114,phone,user2,sit
18.70556286,9.603142738,-1.520318031,-1.307234168,0.001065264456,0.0,-0.00266316114,phone,user2,sit
18.72556779,9.593565941,-1.515529633,-1.307234168,0.000532632228,0.0,-0.002130528912,phone,user2,sit
18.74557161,9.605537415,-1.527500629,-1.302445769,-0.001065264456,0.0,-0.001597896684,phone,user2,sit
18.76558978,9.583989143,-1.517923832,-1.307234168,-0.00266316114,-0.001065264456,-0.001597896684,phone,user2,sit
18.78560466,9.581595421,-1.513135433,-1.307234168,-0.003195793368,-0.002130528912,-0.001597896684,phone,user2,sit
18.80561091,9.588777542,-1.515529633,-1.319205165,-0.001597896684,-0.001065264456,-0.001065264456,phone,user2,sit
18.82561259,9.610325813,-1.529894829,-1.30005157,-0.001597896684,-0.001065264456,-0.000532632228,phone,user2,sit
18.84561849,9.612719536,-1.529894829,-1.302445769,-0.002130528912,0.0,-0.000532632228,phone,user2,sit
18.8656247,9.607931137,-1.527500629,-1.292868972,-0.001065264456,-0.002130528912,-0.001597896684,phone,user2,sit
18.88563661,9.59835434,-1.515529633,-1.312022567,-0.000532632228,-0.003195793368,-0.001597896684,phone,user2,sit
18.90564107,9.600749016,-1.517923832,-1.312022567,-0.002130528912,-0.00266316114,-0.00266316114,phone,user2,sit
18.92565384,9.574412346,-1.503558636,-1.30005157,-0.001597896684,-0.004261057824,-0.003195793368,phone,user2,sit
18.94566216,9.552865028,-1.508347034,-1.297657371,0.000532632228,-0.001597896684,-0.002130528912,phone,user2,sit
18.9656713,9.569623947,-1.510741234,-1.297657371,-0.000532632228,0.001065264456,-0.00266316114,phone,user2,sit
18.98568689,9.576807022,-1.508347034,-1.314416766,0.000532632228,0.0,-0.00266316114,phone,user2,sit
19.00569806,9.600749016,-1.517923832,-1.312022567,0.0,-0.001597896684,-0.003195793368,phone,user2,sit
19.02570517,9.610325813,-1.527500629,-1.304839969,0.0,0.001065264456,-0.003195793368,phone,user2,sit
19.04570982,9.603142738,-1.513135433,-1.304839969,0.000532632228,0.000532632228,-0.002130528912,phone,user2,sit
19.06571185,9.595960617,-1.503558636,-1.302445769,0.001065264456,-0.001065264456,-0.001597896684,phone,user2,sit
19.08570536,9.581595421,-1.498770237,-1.312022567,0.000532632228,-0.001597896684,-0.002130528912,phone,user2,sit
19.10571247,9.579200745,-1.498770237,-1.314416766,0.000532632228,0.0,-0.000532632228,phone,user2,sit
19.12572275,9.595960617,-1.522712231,-1.304839969,0.001065264456,0.000532632228,-0.000532632228,phone,user2,sit
19.14573232,9.603142738,-1.522712231,-1.297657371,0.000532632228,0.0,-0.001065264456,phone,user2,sit
19.1657404,9.607931137,-1.510741234,-1.309628367,-0.000532632228,0.0,-0.001597896684,phone,user2,sit
19.18574595,9.603142738,-1.527500629,-1.309628367,-0.001597896684,-0.004261057824,-0.001065264456,phone,user2,sit
19.20574239,9.59835434,-1.517923832,-1.302445769,-0.00266316114,-0.006391586736,-0.001597896684,phone,user2,sit
19.2257395,9.595960617,-1.508347034,-1.297657371,-0.002130528912,-0.00532632228,-0.002130528912,phone,user2,sit
19.24573704,9.572018623,-1.505952835,-1.304839969,-0.002130528912,-0.003728425596,-0.001597896684,phone,user2,sit
19.2657413,9.581595421,-1.496376038,-1.321599364,-0.001065264456,-0.003195793368,-0.001065264456,phone,user2,sit
19.28574138,9.588777542,-1.498770237,-1.297657371,-0.000532632228,-0.00266316114,-0.001597896684,phone,user2,sit
19.30573861,9.603142738,-1.496376038,-1.307234168,-0.000532632228,0.0,-0.001065264456,phone,user2,sit
19.32573618,9.603142738,-1.517923832,-1.30005157,-0.000532632228,-0.000532632228,0.000532632228,phone,user2,sit
19.34574181,9.588777542,-1.515529633,-1.312022567,-0.000532632228,-0.001597896684,0.000532632228,phone,user2,sit
19.36574904,9.58638382,-1.513135433,-1.309628367,0.000532632228,-0.002130528912,0.001065264456,phone,user2,sit
19.38576614,9.58638382,-1.496376038,-1.314416766,0.001065264456,-0.001065264456,0.001065264456,phone,user2,sit
19.40578607,9.593565941,-1.515529633,-1.312022567,0.001597896684,-0.000532632228,0.0,phone,user2,sit
19.42580767,9.595960617,-1.515529633,-1.316810966,0.003195793368,0.001065264456,-0.000532632228,phone,user2,sit
19.44582462,9.591172218,-1.510741234,-1.323993564,0.003195793368,0.001597896684,-0.000532632228,phone,user2,sit
19.4658322,9.591172218,-1.510741234,-1.321599364,0.001597896684,0.0,-0.001065264456,phone,user2,sit
19.48584048,9.591172218,-1.517923832,-1.331176162,0.002130528912,0.0,-0.002130528912,phone,user2,sit
19.50584857,9.593565941,-1.515529633,-1.316810966,0.0,0.0,0.0,phone,user2,sit
19.5258586,9.595960617,-1.503558636,-1.316810966,-0.001065264456,0.000532632228,-0.000532632228,phone,user2,sit
19.54586638,9.58638382,-1.501164436,-1.316810966,-0.00266316114,0.001597896684,-0.000532632228,phone,user2,sit
19.56587118,9.593565941,-1.505952835,-1.326387763,-0.001597896684,0.000532632228,0.0,phone,user2,sit
19.58588271,9.59835434,-1.522712231,-1.314416766,-0.002130528912,0.001597896684,0.0,phone,user2,sit
19.60588904,9.610325813,-1.515529633,-1.283292055,-0.000532632228,0.001597896684,0.000532632228,phone,user2,sit
19.62589626,9.600749016,-1.508347034,-1.304839969,-0.001065264456,0.000532632228,0.0,phone,user2,sit
19.64590763,9.600749016,-1.510741234,-1.302445769,-0.002130528912,0.001065264456,0.0,phone,user2,sit
19.6659188,9.59835434,-1.503558636,-1.302445769,0.0,-0.002130528912,0.0,phone,user2,sit
19.68592736,9.607931137,-1.508347034,-1.304839969,0.001065264456,-0.001065264456,-0.000532632228,phone,user2,sit
19.70593669,9.588777542,-1.498770237,-1.312022567,0.001065264456,0.0,0.001065264456,phone,user2,sit
19.72594989,9.591172218,-1.496376038,-1.309628367,0.001065264456,0.0,0.001065264456,phone,user2,sit
19.74595798,9.600749016,-1.503558636,-1.316810966,0.002130528912,0.000532632228,0.001065264456,phone,user2,sit
19.76596302,9.581595421,-1.503558636,-1.307234168,0.0,0.0,0.002130528912,phone,user2,sit
19.78598458,9.581595421,-1.508347034,-1.302445769,0.000532632228,-0.00266316114,-0.000532632228,phone,user2,sit
19.80599638,9.600749016,-1.515529633,-1.319205165,0.0,-0.00266316114,0.002130528912,phone,user2,sit
19.82601716,9.605537415,-1.520318031,-1.326387763,0.000532632228,-0.000532632228,0.001597896684,phone,user2,sit
19.84602364,9.595960617,-1.520318031,-1.304839969,0.000532632228,0.0,0.002130528912,phone,user2,sit
19.86603634,9.603142738,-1.493981838,-1.309628367,0.0,-0.000532632228,-0.000532632228,phone,user2,sit
19.88605474,9.612719536,-1.513135433,-1.323993564,-0.000532632228,-0.001065264456,-0.001065264456,phone,user2,sit
19.90607814,9.610325813,-1.510741234,-1.312022567,0.001065264456,0.000532632228,-0.001597896684,phone,user2,sit
19.92608974,9.588777542,-1.508347034,-1.319205165,0.0,0.0,-0.000532632228,phone,user2,sit
19.94609872,9.562441826,-1.503558636,-1.323993564,-0.002130528912,-0.000532632228,0.0,phone,user2,sit
19.96610368,9.562441826,-1.503558636,-1.309628367,-0.001597896684,0.000532632228,-0.000532632228,phone,user2,sit
19.98610384,9.58638382,-1.508347034,-1.323993564,0.0,0.0,0.0,phone,user2,sit
20.00610876,9.593565941,-1.517923832,-1.312022567,0.000532632228,0.001597896684,-0.001065264456,phone,user2,sit
20.02611439,9.595960617,-1.503558636,-1.304839969,0.001065264456,0.00266316114,-0.002130528912,phone,user2,sit
20.04612306,9.600749016,-1.505952835,-1.319205165,0.002130528912,0.004261057824,-0.001065264456,phone,user2,sit
20.06612759,9.593565941,-1.503558636,-1.309628367,0.0,0.001065264456,-0.000532632228,phone,user2,sit
20.08613357,9.579200745,-1.501164436,-1.314416766,0.0,0.003195793368,0.0,phone,user2,sit
20.10613802,9.58638382,-1.493981838,-1.309628367,-0.000532632228,0.002130528912,0.001597896684,phone,user2,sit
20.12613423,9.593565941,-1.508347034,-1.302445769,-0.001065264456,0.002130528912,0.002130528912,phone,user2,sit
20.14614607,9.595960617,-1.498770237,-1.292868972,-0.000532632228,0.001597896684,0.000532632228,phone,user2,sit
20.16616071,9.59835434,-1.510741234,-1.288080573,-0.000532632228,0.0,0.001065264456,phone,user2,sit
20.18617521,9.619902611,-1.515529633,-1.290474772,-0.001065264456,-0.001597896684,0.001597896684,phone,user2,sit
20.20618708,9.612719536,-1.522712231,-1.304839969,-0.000532632228,-0.003195793368,0.001597896684,phone,user2,sit
20.22619896,9.583989143,-1.505952835,-1.302445769,-0.002130528912,-0.004793690052,0.0,phone,user2,sit
20.24620942,9.574412346,-1.508347034,-1.312022567,-0.000532632228,-0.00532632228,-0.000532632228,phone,user2,sit
20.26620782,9.58638382,-1.489193439,-1.312022567,0.0,-0.003728425596,-0.000532632228,phone,user2,sit
20.28620275,9.600749016,-1.513135433,-1.312022567,0.001065264456,-0.000532632228,0.0,phone,user2,sit
20.306202,9.583989143,-1.513135433,-1.321599364,0.002130528912,0.000532632228,0.001597896684,phone,user2,sit
20.32620896,9.600749016,-1.508347034,-1.331176162,0.001065264456,-0.000532632228,0.001597896684,phone,user2,sit
20.34621279,9.588777542,-1.508347034,-1.319205165,0.001065264456,0.000532632228,0.002130528912,phone,user2,sit
20.36622036,9.581595421,-1.503558636,-1.316810966,-0.000532632228,0.000532632228,0.001597896684,phone,user2,sit
20.38623404,9.574412346,-1.513135433,-1.314416766,0.001065264456,0.001597896684,0.001065264456,phone,user2,sit
20.40623954,9.572018623,-1.517923832,-1.331176162,0.001597896684,0.001065264456,0.0,phone,user2,sit
20.42624853,9.58638382,-1.510741234,-1.323993564,0.000532632228,0.003195793368,0.000532632228,phone,user2,sit
20.44626673,9.595960617,-1.522712231,-1.321599364,0.000532632228,0.00266316114,-0.000532632228,phone,user2,sit
20.46627435,9.593565941,-1.52510643,-1.312022567,0.0,0.0,-0.001065264456,phone,user2,sit
20.48628419,9.612719536,-1.517923832,-1.316810966,-0.001597896684,-0.000532632228,-0.001065264456,phone,user2,sit
20.50629642,9.600749016,-1.520318031,-1.309628367,-0.001065264456,-0.001597896684,-0.000532632228,phone,user2,sit
20.52630544,9.593565941,-1.498770237,-1.312022567,-0.002130528912,-0.002130528912,-0.000532632228,phone,user2,sit
20.54631904,9.583989143,-1.505952835,-1.302445769,-0.001597896684,-0.001065264456,0.0,phone,user2,sit
20.56633755,9.593565941,-1.501164436,-1.319205165,-0.000532632228,-0.000532632228,0.000532632228,phone,user2,sit
20.58634993,9.58638382,-1.503558636,-1.316810966,0.000532632228,0.000532632228,0.001597896684,phone,user2,sit
20.60636079,9.591172218,-1.503558636,-1.307234168,0.0,0.000532632228,0.000532632228,phone,user2,sit
20.62637571,9.595960617,-1.513135433,-1.307234168,0.000532632228,-0.000532632228,0.000532632228,phone,user2,sit
20.64639212,9.581595421,-1.501164436,-1.312022567,0.000532632228,0.001065264456,0.001065264456,phone,user2,sit
20.66640986,9.591172218,-1.508347034,-1.307234168,0.000532632228,0.001597896684,0.000532632228,phone,user2,sit
20.68642505,9.581595421,-1.515529633,-1.302445769,0.0,0.001065264456,0.001597896684,phone,user2,sit
20.70644029,9.593565941,-1.510741234,-1.312022567,-0.000532632228,0.001065264456,0.001065264456,phone,user2,sit
20.72644857,9.588777542,-1.513135433,-1.309628367,0.0,0.001065264456,0.001065264456,phone,user2,sit
20.74645591,9.595960617,-1.52510643,-1.312022567,0.0,0.000532632228,0.001065264456,phone,user2,sit
20.76647107,9.610325813,-1.513135433,-1.316810966,-0.001597896684,-0.000532632228,0.00266316114,phone,user2,sit
20.78648622,9.595960617,-1.505952835,-1.302445769,0.0,0.001065264456,0.000532632228,phone,user2,sit
20.80650087,9.588777542,-1.520318031,-1.328781962,0.001065264456,0.000532632228,0.001065264456,phone,user2,sit
20.8265247,9.581595421,-1.510741234,-1.321599364,0.000532632228,0.001597896684,0.000532632228,phone,user2,sit
20.84654208,9.576807022,-1.505952835,-1.304839969,0.002130528912,0.000532632228,-0.000532632228,phone,user2,sit
20.866557,9.59835434,-1.505952835,-1.323993564,0.001597896684,0.0,-0.000532632228,phone,user2,sit
20.88656353,9.617507935,-1.513135433,-1.319205165,-0.001065264456,0.002130528912,0.0,phone,user2,sit
20.90657189,9.615114212,-1.529894829,-1.304839969,-0.001065264456,0.003728425596,0.003195793368,phone,user2,sit
20.92659044,9.617507935,-1.520318031,-1.307234168,-0.003195793368,0.001065264456,0.001597896684,phone,user2,sit
20.94660368,9.59835434,-1.501164436,-1.304839969,-0.004793690052,0.003728425596,0.000532632228,phone,user2,sit
20.96661357,9.58638382,-1.517923832,-1.304839969,-0.001597896684,0.001597896684,0.001065264456,phone,user2,sit
20.98662364,9.583989143,-1.517923832,-1.295263171,-0.001065264456,0.000532632228,0.001597896684,phone,user2,sit
21.00663286,9.56004715,-1.498770237,-1.297657371,-0.001597896684,0.002130528912,0.000532632228,phone,user2,sit
21.0266345,9.557653427,-1.491587639,-1.290474772,-0.001597896684,0.002130528912,-0.000532632228,phone,user2,sit
21.04664396,9.588777542,-1.513135433,-1.309628367,0.000532632228,0.0,0.000532632228,phone,user2,sit
21.06666435,9.607931137,-1.527500629,-1.290474772,0.001597896684,0.0,-0.001597896684,phone,user2,sit
21.08667337,9.610325813,-1.527500629,-1.290474772,0.003195793368,0.001065264456,-0.001065264456,phone,user2,sit
21.10668669,9.605537415,-1.513135433,-1.319205165,0.003728425596,0.001065264456,-0.000532632228,phone,user2,sit
21.12669958,9.58638382,-1.498770237,-1.323993564,0.001597896684,0.0,0.001065264456,phone,user2,sit
21.14670849,9.564835548,-1.508347034,-1.316810966,-0.000532632228,0.001597896684,0.001597896684,phone,user2,sit
21.16671779,9.574412346,-1.510741234,-1.309628367,0.000532632228,0.001597896684,0.001065264456,phone,user2,sit
21.18672349,9.603142738,-1.532289028,-1.307234168,0.000532632228,0.002130528912,0.001065264456,phone,user2,sit
21.20672872,9.600749016,-1.517923832,-1.304839969,-0.000532632228,0.003728425596,0.001597896684,phone,user2,sit
21.22674071,9.612719536,-1.529894829,-1.307234168,-0.001065264456,0.001597896684,0.002130528912,phone,user2,sit
21.24675845,9.615114212,-1.52510643,-1.302445769,-0.002130528912,0.0,0.000532632228,phone,user2,sit
21.26677939,9.595960617,-1.537077546,-1.30005157,-0.00266316114,-0.002130528912,0.000532632228,phone,user2,sit
21.28679341,9.583989143,-1.510741234,-1.283292055,-0.003195793368,-0.002130528912,-0.000532632228,phone,user2,sit
21.30680747,9.572018623,-1.510741234,-1.304839969,-0.001065264456,-0.00266316114,-0.002130528912,phone,user2,sit
21.32681802,9.593565941,-1.520318031,-1.307234168,-0.001065264456,-0.003195793368,-0.000532632228,phone,user2,sit
21.34682243,9.605537415,-1.52510643,-1.283292055,-0.002130528912,-0.00266316114,-0.000532632228,phone,user2,sit
21.36683212,9.607931137,-1.517923832,-1.304839969,-0.000532632228,-0.002130528912,0.0,phone,user2,sit
21.38684177,9.595960617,-1.515529633,-1.307234168,0.001065264456,-0.001597896684,0.000532632228,phone,user2,sit
21.40684443,9.58638382,-1.510741234,-1.307234168,0.001065264456,-0.001065264456,-0.000532632228,phone,user2,sit
21.42685712,9.572018623,-1.508347034,-1.304839969,0.001065264456,-0.002130528912,0.000532632228,phone,user2,sit
21.44687329,9.572018623,-1.508347034,-1.302445769,0.000532632228,-0.001597896684,0.0,phone,user2,sit
21.46688255,9.591172218,-1.513135433,-1.319205165,0.001597896684,-0.001597896684,0.000532632228,phone,user2,sit
21.48688911,9.593565941,-1.527500629,-1.307234168,0.001065264456,0.0,-0.001597896684,phone,user2,sit
21.50688829,9.603142738,-1.522712231,-1.312022567,0.000532632228,0.0,-0.001597896684,phone,user2,sit
21.52689114,9.591172218,-1.529894829,-1.312022567,0.0,-0.000532632228,-0.002130528912,phone,user2,sit
21.54690192,9.588777542,-1.510741234,-1.319205165,-0.000532632228,-0.002130528912,-0.001597896684,phone,user2,sit
21.56690466,9.588777542,-1.520318031,-1.314416766,-0.000532632228,-0.003728425596,-0.001597896684,phone,user2,sit
21.58691384,9.593565941,-1.520318031,-1.307234168,-0.002130528912,-0.002130528912,-0.002130528912,phone,user2,sit
21.60692833,9.591172218,-1.503558636,-1.312022567,-0.000532632228,-0.002130528912,-0.002130528912,phone,user2,sit
21.62694712,9.59835434,-1.510741234,-1.309628367,-0.000532632228,-0.002130528912,-0.002130528912,phone,user2,sit
21.64696079,9.603142738,-1.508347034,-1.304839969,-0.000532632228,-0.001597896684,-0.00266316114,phone,user2,sit
21.66696732,9.588777542,-1.520318031,-1.292868972,-0.001597896684,-0.001065264456,-0.002130528912,phone,user2,sit
21.68697458,9.591172218,-1.503558636,-1.321599364,-0.002130528912,-0.001065264456,-0.000532632228,phone,user2,sit
21.70697997,9.591172218,-1.503558636,-1.312022567,-0.001597896684,-0.000532632228,-0.001597896684,phone,user2,sit
21.72698364,9.583989143,-1.503558636,-1.307234168,-0.001597896684,0.001065264456,-0.001597896684,phone,user2,sit
21.7469838,9.588777542,-1.513135433,-1.304839969,0.000532632228,0.0,-0.001597896684,phone,user2,sit
21.76699279,9.600749016,-1.520318031,-1.307234168,0.000532632228,0.0,-0.001065264456,phone,user2,sit
21.78700384,9.593565941,-1.513135433,-1.307234168,0.001065264456,0.000532632228,-0.002130528912,phone,user2,sit
21.80701146,9.593565941,-1.503558636,-1.302445769,-0.000532632228,-0.000532632228,-0.00266316114,phone,user2,sit
21.82701747,9.59835434,-1.505952835,-1.307234168,0.000532632228,-0.000532632228,-0.00266316114,phone,user2,sit
21.84702548,9.607931137,-1.513135433,-1.316810966,-0.002130528912,-0.001597896684,-0.001065264456,phone,user2,sit
21.8670522,9.615114212,-1.508347034,-1.290474772,-0.000532632228,-0.001065264456,-0.000532632228,phone,user2,sit
21.88707802,9.615114212,-1.513135433,-1.297657371,-0.001065264456,-0.002130528912,0.001597896684,phone,user2,sit
21.90709751,9.612719536,-1.508347034,-1.312022567,-0.001597896684,-0.00266316114,-0.000532632228,phone,user2,sit
21.92710517,9.603142738,-1.501164436,-1.314416766,-0.001597896684,-0.003195793368,-0.001597896684,phone,user2,sit
21.94711626,9.600749016,-1.510741234,-1.316810966,-0.000532632228,-0.003728425596,0.0,phone,user2,sit
21.96712255,9.576807022,-1.517923832,-1.316810966,0.000532632228,-0.003728425596,-0.001597896684,phone,user2,sit
21.98712786,9.550470352,-1.508347034,-1.307234168,0.0,-0.000532632228,-0.00266316114,phone,user2,sit
22.00713548,9.552865028,-1.503558636,-1.333570361,0.001065264456,0.0,-0.00266316114,phone,user2,sit
22.0271463,9.579200745,-1.510741234,-1.331176162,0.001065264456,-0.001597896684,-0.002130528912,phone,user2,sit
22.04716349,9.595960617,-1.513135433,-1.304839969,0.0,0.0,-0.003728425596,phone,user2,sit
22.06717919,9.593565941,-1.520318031,-1.328781962,0.0,0.001065264456,-0.001597896684,phone,user2,sit
22.08719298,9.583989143,-1.513135433,-1.33835876,-0.001065264456,0.00266316114,-0.001065264456,phone,user2,sit
22.10720579,9.574412346,-1.496376038,-1.314416766,-0.002130528912,0.001597896684,-0.001597896684,phone,user2,sit
22.12722802,9.58638382,-1.48679924,-1.316810966,-0.001597896684,0.001065264456,-0.001597896684,phone,user2,sit
22.14725361,9.605537415,-1.515529633,-1.30005157,-0.001065264456,0.002130528912,0.0,phone,user2,sit
22.16727536,9.607931137,-1.505952835,-1.283292055,-0.001065264456,0.0,-0.001065264456,phone,user2,sit
22.18728618,9.607931137,-1.493981838,-1.302445769,-0.001597896684,0.001065264456,-0.002130528912,phone,user2,sit
22.20730482,9.610325813,-1.517923832,-1.295263171,0.0,-0.003195793368,-0.002130528912,phone,user2,sit
22.22731743,9.615114212,-1.517923832,-1.307234168,-0.000532632228,-0.004261057824,-0.000532632228,phone,user2,sit
22.24733083,9.588777542,-1.513135433,-1.314416766,-0.001065264456,-0.003195793368,-0.002130528912,phone,user2,sit
22.26734853,9.572018623,-1.496376038,-1.297657371,-0.000532632228,-0.004261057824,0.0,phone,user2,sit
22.28736294,9.583989143,-1.508347034,-1.316810966,-0.001065264456,-0.003728425596,0.0,phone,user2,sit
22.30736989,9.579200745,-1.493981838,-1.312022567,-0.001065264456,-0.004793690052,0.000532632228,phone,user2,sit
22.32738056,9.593565941,-1.513135433,-1.309628367,-0.001065264456,-0.001597896684,0.0,phone,user2,sit
22.34739505,9.588777542,-1.517923832,-1.323993564,-0.001065264456,-0.002130528912,0.0,phone,user2,sit
22.36740665,9.581595421,-1.515529633,-1.319205165,0.001597896684,-0.000532632228,-0.000532632228,phone,user2,sit
22.38741751,9.588777542,-1.520318031,-1.319205165,0.002130528912,0.001065264456,-0.000532632228,phone,user2,sit
22.40742607,9.579200745,-1.515529633,-1.319205165,0.003195793368,0.001065264456,-0.001597896684,phone,user2,sit
22.42743247,9.588777542,-1.513135433,-1.323993564,0.001065264456,0.00266316114,-0.001597896684,phone,user2,sit
22.44743442,9.591172218,-1.505952835,-1.314416766,0.000532632228,0.002130528912,-0.001065264456,phone,user2,sit
22.46744404,9.59835434,-1.510741234,-1.316810966,-0.001597896684,0.002130528912,-0.000532632228,phone,user2,sit
22.48745786,9.603142738,-1.513135433,-1.321599364,-0.002130528912,0.000532632228,-0.001065264456,phone,user2,sit
22.50746857,9.588777542,-1.503558636,-1.312022567,-0.00266316114,0.000532632228,-0.001065264456,phone,user2,sit
22.52747763,9.605537415,-1.527500629,-1.312022567,-0.002130528912,-0.001597896684,-0.000532632228,phone,user2,sit
22.54748232,9.600749016,-1.513135433,-1.314416766,0.0,-0.001065264456,-0.001065264456,phone,user2,sit
22.56749212,9.59835434,-1.501164436,-1.297657371,-0.000532632228,-0.000532632228,-0.001065264456,phone,user2,sit
22.58750724,9.595960617,-1.498770237,-1.309628367,-0.000532632228,-0.001597896684,-0.001065264456,phone,user2,sit
22.60751767,9.591172218,-1.505952835,-1.307234168,0.0,-0.001597896684,-0.000532632228,phone,user2,sit
22.62752911,9.591172218,-1.510741234,-1.304839969,0.0,-0.001597896684,0.0,phone,user2,sit
22.64754392,9.600749016,-1.508347034,-1.304839969,0.0,-0.001065264456,0.000532632228,phone,user2,sit
22.66755853,9.588777542,-1.505952835,-1.333570361,-0.000532632228,-0.001065264456,0.000532632228,phone,user2,sit
22.68757048,9.588777542,-1.510741234,-1.312022567,0.000532632228,-0.001065264456,0.001597896684,phone,user2,sit
22.70757079,9.603142738,-1.515529633,-1.321599364,0.001065264456,0.000532632228,0.001065264456,phone,user2,sit
22.72757818,9.593565941,-1.510741234,-1.309628367,0.002130528912,0.001065264456,0.001597896684,phone,user2,sit
22.74760087,9.581595421,-1.515529633,-1.316810966,0.003195793368,0.001065264456,0.000532632228,phone,user2,sit
22.767612,9.59835434,-1.527500629,-1.312022567,0.001597896684,0.0,0.000532632228,phone,user2,sit
22.78761622,9.595960617,-1.513135433,-1.319205165,0.001065264456,0.000532632228,0.000532632228,phone,user2,sit
22.80762462,9.603142738,-1.515529633,-1.319205165,0.000532632228,0.000532632228,0.0,phone,user2,sit
22.82763982,9.595960617,-1.515529633,-1.323993564,-0.000532632228,-0.001065264456,0.0,phone,user2,sit
22.84765712,9.572018623,-1.510741234,-1.316810966,-0.000532632228,-0.001597896684,-0.001065264456,phone,user2,sit
22.86768099,9.588777542,-1.508347034,-1.316810966,0.000532632228,-0.001065264456,-0.000532632228,phone,user2,sit
22.88770396,9.603142738,-1.510741234,-1.326387763,-0.000532632228,0.0,0.0,phone,user2,sit
22.907722,9.607931137,-1.508347034,-1.321599364,-0.002130528912,0.001597896684,0.001597896684,phone,user2,sit
22.92774021,9.603142738,-1.517923832,-1.309628367,-0.001065264456,0.000532632228,0.000532632228,phone,user2,sit
22.94774548,9.600749016,-1.510741234,-1.316810966,-0.000532632228,-0.001065264456,0.0,phone,user2,sit
22.96775782,9.607931137,-1.508347034,-1.309628367,-0.003728425596,0.001597896684,-0.001065264456,phone,user2,sit
22.98778825,9.595960617,-1.515529633,-1.316810966,-0.00266316114,0.0,0.0,phone,user2,sit
23.00781751,9.56004715,-1.501164436,-1.307234168,-0.000532632228,0.0,0.000532632228,phone,user2,sit
23.02783946,9.555258751,-1.496376038,-1.304839969,-0.000532632228,0.003195793368,0.0,phone,user2,sit
23.04786806,9.562441826,-1.491587639,-1.304839969,0.000532632228,0.00266316114,-0.001065264456,phone,user2,sit
23.06790126,9.58638382,-1.510741234,-1.312022567,0.002130528912,0.002130528912,-0.001065264456,phone,user2,sit
23.08793091,9.600749016,-1.513135433,-1.304839969,0.00266316114,0.00266316114,-0.001597896684,phone,user2,sit
23.10795997,9.612719536,-1.515529633,-1.302445769,0.00266316114,0.004793690052,-0.001065264456,phone,user2,sit
23.12798087,9.605537415,-1.505952835,-1.319205165,0.002130528912,0.003195793368,0.0,phone,user2,sit
23.14799818,9.600749016,-1.501164436,-1.312022567,0.0,0.000532632228,0.001065264456,phone,user2,sit
23.16801747,9.579200745,-1.498770237,-1.312022567,-0.00266316114,-0.001065264456,0.002130528912,phone,user2,sit
23.18803579,9.579200745,-1.493981838,-1.309628367,-0.000532632228,-0.000532632228,0.00266316114,phone,user2,sit
23.20805321,9.595960617,-1.505952835,-1.307234168,0.001597896684,0.0,0.00266316114,phone,user2,sit
23.22807618,9.595960617,-1.513135433,-1.314416766,0.001597896684,0.001065264456,0.002130528912,phone,user2,sit
23.24809888,9.591172218,-1.510741234,-1.307234168,0.002130528912,0.001597896684,0.001597896684,phone,user2,sit
23.26811786,9.610325813,-1.52510643,-1.321599364,0.003728425596,-0.000532632228,0.00266316114,phone,user2,sit
23.28813763,9.600749016,-1.534683347,-1.309628367,0.0,-0.000532632228,0.001597896684,phone,user2,sit
23.30815802,9.588777542,-1.517923832,-1.307234168,-0.001065264456,0.001065264456,0.000532632228,phone,user2,sit
23.32818146,9.574412346,-1.503558636,-1.312022567,-0.001065264456,0.000532632228,0.0,phone,user2,sit
23.34820552,9.59835434,-1.513135433,-1.316810966,-0.001065264456,0.0,0.000532632228,phone,user2,sit
23.36822005,9.591172218,-1.498770237,-1.312022567,-0.00266316114,0.002130528912,0.001597896684,phone,user2,sit
23.38823107,9.588777542,-1.503558636,-1.307234168,-0.00266316114,0.002130528912,0.001597896684,phone,user2,sit
23.40823939,9.593565941,-1.508347034,-1.30005157,0.000532632228,0.002130528912,0.001597896684,phone,user2,sit
23.4282529,9.603142738,-1.517923832,-1.309628367,0.002130528912,0.00266316114,0.002130528912,phone,user2,sit
23.44828052,9.595960617,-1.505952835,-1.304839969,0.00266316114,0.003728425596,0.003195793368,phone,user2,sit
23.46829482,9.595960617,-1.520318031,-1.30005157,0.002130528912,0.003195793368,0.003195793368,phone,user2,sit
23.48830892,9.591172218,-1.505952835,-1.309628367,0.00266316114,0.003195793368,0.00266316114,phone,user2,sit
23.50831861,9.583989143,-1.517923832,-1.309628367,0.001597896684,0.001065264456,0.001597896684,phone,user2,sit
23.52833341,9.58638382,-1.517923832,-1.309628367,0.002130528912,0.002130528912,0.000532632228,phone,user2,sit
23.54834357,9.595960617,-1.520318031,-1.309628367,0.002130528912,0.002130528912,0.0,phone,user2,sit
23.56835236,9.588777542,-1.522712231,-1.312022567,0.001065264456,0.001065264456,0.001065264456,phone,user2,sit
23.58835556,9.591172218,-1.520318031,-1.321599364,-0.001065264456,0.001065264456,0.001065264456,phone,user2,sit
23.60835818,9.59835434,-1.510741234,-1.302445769,-0.001065264456,0.000532632228,0.001065264456,phone,user2,sit
23.62836599,9.595960617,-1.52510643,-1.302445769,0.0,0.001065264456,0.001597896684,phone,user2,sit
23.64837763,9.59835434,-1.515529633,-1.304839969,-0.001597896684,0.000532632228,0.00266316114,phone,user2,sit
23.66839267,9.588777542,-1.510741234,-1.302445769,-0.00266316114,0.000532632228,0.001597896684,phone,user2,sit
23.68840544,9.593565941,-1.503558636,-1.302445769,-0.001597896684,0.001597896684,0.001065264456,phone,user2,sit
23.70841704,9.593565941,-1.520318031,-1.309628367,-0.001065264456,0.002130528912,0.000532632228,phone,user2,sit
23.72842716,9.588777542,-1.515529633,-1.304839969,0.0,0.001065264456,0.000532632228,phone,user2,sit
23.74843997,9.581595421,-1.520318031,-1.302445769,0.000532632228,0.001065264456,0.001065264456,phone,user2,sit
23.7684588,9.58638382,-1.515529633,-1.304839969,0.0,0.001065264456,0.000532632228,phone,user2,sit
23.78846607,9.58638382,-1.517923832,-1.297657371,0.001065264456,0.000532632228,-0.000532632228,phone,user2,sit
23.80847536,9.591172218,-1.515529633,-1.30005157,0.000532632228,0.0,0.000532632228,phone,user2,sit
23.828487,9.595960617,-1.508347034,-1.302445769,0.0,-0.000532632228,0.000532632228,phone,user2,sit
23.8485029,9.591172218,-1.529894829,-1.304839969,0.0,-0.000532632228,-0.000532632228,phone,user2,sit
23.86851532,9.58638382,-1.513135433,-1.309628367,0.0,0.002130528912,0.000532632228,phone,user2,sit
23.88853232,9.593565941,-1.515529633,-1.304839969,-0.000532632228,0.001597896684,0.001065264456,phone,user2,sit
23.90854302,9.605537415,-1.522712231,-1.292868972,0.000532632228,0.000532632228,0.0,phone,user2,sit
23.92855548,9.579200745,-1.52510643,-1.297657371,-0.001597896684,-0.000532632228,0.001065264456,phone,user2,sit
23.94856204,9.58638382,-1.52510643,-1.30005157,-0.000532632228,-0.001597896684,-0.002130528912,phone,user2,sit
23.96857716,9.607931137,-1.520318031,-1.307234168,-0.000532632228,-0.001597896684,-0.002130528912,phone,user2,sit
23.98859212,9.615114212,-1.515529633,-1.302445769,-0.000532632228,-0.002130528912,-0.000532632228,phone,user2,sit
24.00859864,9.629479408,-1.527500629,-1.307234168,-0.00266316114,-0.001597896684,0.0,phone,user2,sit
24.02861064,9.59835434,-1.513135433,-1.285686255,-0.003195793368,-0.00266316114,-0.001065264456,phone,user2,sit
24.04861439,9.603142738,-1.505952835,-1.304839969,-0.00266316114,-0.004793690052,-0.001597896684,phone,user2,sit
24.06862692,9.603142738,-1.513135433,-1.319205165,-0.001065264456,-0.001065264456,-0.001065264456,phone,user2,sit
24.08864216,9.574412346,-1.527500629,-1.288080573,-0.000532632228,-0.001597896684,-0.001597896684,phone,user2,sit
24.10865872,9.555258751,-1.496376038,-1.304839969,0.001065264456,-0.001597896684,-0.00266316114,phone,user2,sit
24.12867228,9.569623947,-1.508347034,-1.309628367,-0.000532632228,0.000532632228,-0.003195793368,phone,user2,sit
24.14868544,9.581595421,-1.529894829,-1.304839969,0.000532632228,-0.001065264456,-0.003195793368,phone,user2,sit
24.16869743,9.59835434,-1.534683347,-1.30005157,0.000532632228,-0.001597896684,-0.003195793368,phone,user2,sit
24.18871005,9.605537415,-1.513135433,-1.319205165,-0.001597896684,-0.002130528912,-0.003195793368,phone,user2,sit
24.20871759,9.603142738,-1.513135433,-1.312022567,-0.000532632228,0.000532632228,-0.00266316114,phone,user2,sit
24.22872868,9.600749016,-1.510741234,-1.312022567,-0.001597896684,-0.000532632228,-0.001597896684,phone,user2,sit
24.24874782,9.567230225,-1.491587639,-1.307234168,-0.000532632228,0.000532632228,-0.000532632228,phone,user2,sit
24.26876638,9.58638382,-1.505952835,-1.319205165,0.000532632228,0.000532632228,0.0,phone,user2,sit
24.28879138,9.591172218,-1.537077546,-1.307234168,0.000532632228,0.001065264456,0.000532632228,phone,user2,sit
24.30881036,9.600749016,-1.522712231,-1.285686255,0.001597896684,0.0,0.0,phone,user2,sit
24.32882228,9.617507935,-1.520318031,-1.295263171,0.000532632228,-0.00266316114,-0.002130528912,phone,user2,sit
24.34883021,9.619902611,-1.529894829,-1.302445769,-0.000532632228,-0.004261057824,-0.001597896684,phone,user2,sit
24.36883071,9.617507935,-1.517923832,-1.304839969,-0.002130528912,-0.005858954508,-0.001597896684,phone,user2,sit
24.38883368,9.58638382,-1.52510643,-1.312022567,-0.002130528912,-0.006924218964,-0.002130528912,phone,user2,sit
24.40884497,9.572018623,-1.493981838,-1.309628367,-0.002130528912,-0.007456851192,-0.003195793368,phone,user2,sit
24.42885595,9.572018623,-1.505952835,-1.319205165,-0.001065264456,-0.003728425596,-0.001597896684,phone,user2,sit
24.44887368,9.595960617,-1.505952835,-1.309628367,-0.000532632228,-0.003195793368,-0.001065264456,phone,user2,sit
24.46888083,9.59835434,-1.517923832,-1.314416766,0.001065264456,-0.001065264456,-0.001065264456,phone,user2,sit
24.48889306,9.607931137,-1.510741234,-1.321599364,0.001065264456,0.000532632228,-0.001065264456,phone,user2,sit
24.50890646,9.58638382,-1.513135433,-1.323993564,0.0,0.0,-0.000532632228,phone,user2,sit
24.52892126,9.579200745,-1.508347034,-1.30005157,0.000532632228,0.000532632228,0.0,phone,user2,sit
24.54893571,9.581595421,-1.515529633,-1.312022567,0.001065264456,-0.000532632228,-0.000532632228,phone,user2,sit
24.56894411,9.579200745,-1.517923832,-1.307234168,0.000532632228,0.0,-0.000532632228,phone,user2,sit
24.58895103,9.579200745,-1.517923832,-1.312022567,-0.000532632228,0.002130528912,-0.001065264456,phone,user2,sit
24.6089604,9.581595421,-1.520318031,-1.30005157,-0.001065264456,-0.001065264456,-0.001597896684,phone,user2,sit
24.62896872,9.600749016,-1.513135433,-1.297657371,-0.001597896684,-0.001065264456,-0.001597896684,phone,user2,sit
24.64898411,9.605537415,-1.517923832,-1.302445769,-0.001597896684,-0.002130528912,-0.00266316114,phone,user2,sit
24.66900029,9.610325813,-1.515529633,-1.312022567,-0.002130528912,-0.003728425596,-0.00266316114,phone,user2,sit
24.68902001,9.588777542,-1.515529633,-1.312022567,-0.001597896684,-0.003728425596,-0.002130528912,phone,user2,sit
24.70904263,9.58638382,-1.510741234,-1.309628367,-0.001597896684,-0.002130528912,-0.001597896684,phone,user2,sit
24.72905564,9.583989143,-1.503558636,-1.316810966,-0.001597896684,-0.001597896684,-0.001065264456,phone,user2,sit
24.74907052,9.581595421,-1.515529633,-1.314416766,-0.001065264456,-0.001065264456,-0.001597896684,phone,user2,sit
24.76907556,9.593565941,-1.513135433,-1.314416766,-0.000532632228,-0.002130528912,0.000532632228,phone,user2,sit
24.78908083,9.588777542,-1.520318031,-1.316810966,-0.000532632228,-0.000532632228,0.0,phone,user2,sit
24.80909314,9.588777542,-1.508347034,-1.312022567,0.001065264456,0.0,0.0,phone,user2,sit
24.82910771,9.581595421,-1.520318031,-1.321599364,0.002130528912,0.001065264456,-0.000532632228,phone,user2,sit
24.84912208,9.574412346,-1.515529633,-1.326387763,0.001597896684,0.003195793368,-0.000532632228,phone,user2,sit
24.86913489,9.59835434,-1.513135433,-1.314416766,0.002130528912,0.001065264456,-0.001065264456,phone,user2,sit
24.88914415,9.603142738,-1.513135433,-1.316810966,0.001065264456,0.001597896684,0.0,phone,user2,sit
24.90915525,9.603142738,-1.510741234,-1.328781962,0.0,0.003195793368,0.0,phone,user2,sit
24.92917216,9.593565941,-1.505952835,-1.314416766,-0.001065264456,0.001065264456,0.000532632228,phone,user2,sit
24.94918732,9.591172218,-1.515529633,-1.307234168,-0.001065264456,0.000532632228,0.000532632228,phone,user2,sit
24.9692013,9.579200745,-1.508347034,-1.312022567,0.0,0.001597896684,-0.000532632228,phone,user2,sit
24.98921591,9.591172218,-1.510741234,-1.319205165,0.001597896684,0.001065264456,0.001065264456,phone,user2,sit
25.00922052,9.619902611,-1.513135433,-1.319205165,0.000532632228,0.001065264456,0.001597896684,phone,user2,sit
25.02923739,9.610325813,-1.520318031,-1.30005157,-0.001065264456,0.001065264456,0.002130528912,phone,user2,sit
25.04924435,9.607931137,-1.503558636,-1.297657371,-0.001597896684,-0.002130528912,0.000532632228,phone,user2,sit
25.0692529,9.591172218,-1.496376038,-1.316810966,-0.00266316114,-0.002130528912,-0.000532632228,phone,user2,sit
25.08926271,9.593565941,-1.503558636,-1.323993564,-0.003195793368,-0.001597896684,-0.000532632228,phone,user2,sit
25.10926696,9.588777542,-1.517923832,-1.316810966,-0.001065264456,-0.002130528912,0.000532632228,phone,user2,sit
25.12927427,9.56004715,-1.501164436,-1.316810966,0.0,-0.001065264456,0.0,phone,user2,sit
25.14927978,9.54807663,-1.493981838,-1.312022567,0.000532632228,0.003728425596,-0.000532632228,phone,user2,sit
25.16929958,9.579200745,-1.510741234,-1.323993564,0.00266316114,0.003195793368,0.0,phone,user2,sit
25.18931306,9.603142738,-1.513135433,-1.316810966,0.001597896684,0.00266316114,-0.000532632228,phone,user2,sit
25.20933497,9.603142738,-1.515529633,-1.316810966,0.001597896684,0.003728425596,-0.001597896684,phone,user2,sit
25.22935571,9.605537415,-1.510741234,-1.316810966,0.00266316114,0.00266316114,-0.001597896684,phone,user2,sit
25.24937009,9.591172218,-1.513135433,-1.321599364,0.001597896684,0.001065264456,-0.001065264456,phone,user2,sit
25.26937958,9.581595421,-1.503558636,-1.319205165,0.0,0.001065264456,0.001065264456,phone,user2,sit
25.28938439,9.576807022,-1.505952835,-1.309628367,-0.001065264456,0.001065264456,0.001597896684,phone,user2,sit
25.30939814,9.591172218,-1.513135433,-1.309628367,0.0,0.002130528912,0.001065264456,phone,user2,sit
25.32940466,9.607931137,-1.510741234,-1.321599364,0.0,0.001065264456,0.000532632228,phone,user2,sit
25.34941618,9.600749016,-1.517923832,-1.307234168,-0.001597896684,0.00266316114,0.000532632228,phone,user2,sit
25.36943017,9.607931137,-1.52510643,-1.314416766,0.0,-0.000532632228,0.0,phone,user2,sit
25.38944091,9.617507935,-1.529894829,-1.314416766,-0.000532632228,-0.002130528912,0.000532632228,phone,user2,sit
25.40944927,9.593565941,-1.515529633,-1.309628367,-0.000532632228,-0.002130528912,0.0,phone,user2,sit
25.42946466,9.579200745,-1.503558636,-1.297657371,-0.001597896684,-0.001597896684,-0.000532632228,phone,user2,sit
25.44946978,9.576807022,-1.498770237,-1.333570361,-0.001065264456,-0.00266316114,-0.000532632228,phone,user2,sit
25.46947939,9.58638382,-1.498770237,-1.309628367,0.0,-0.001065264456,-0.000532632228,phone,user2,sit
25.48949013,9.59835434,-1.503558636,-1.304839969,0.000532632228,0.002130528912,0.0,phone,user2,sit
25.50951919,9.58638382,-1.513135433,-1.314416766,0.001065264456,0.001065264456,0.001065264456,phone,user2,sit
25.52953654,9.59835434,-1.515529633,-1.321599364,0.000532632228,0.001597896684,0.001065264456,phone,user2,sit
25.54954736,9.581595421,-1.510741234,-1.316810966,0.001065264456,0.001597896684,0.000532632228,phone,user2,sit
25.56955587,9.574412346,-1.501164436,-1.321599364,0.001597896684,0.002130528912,0.000532632228,phone,user2,sit
25.58957165,9.58638382,-1.513135433,-1.321599364,0.002130528912,0.001597896684,0.000532632228,phone,user2,sit
25.60957868,9.581595421,-1.505952835,-1.323993564,0.00266316114,0.001065264456,0.0,phone,user2,sit
25.62958478,9.581595421,-1.505952835,-1.314416766,0.001065264456,0.002130528912,0.0,phone,user2,sit
25.64960181,9.593565941,-1.505952835,-1.312022567,0.001597896684,0.001065264456,0.0,phone,user2,sit
25.66961517,9.603142738,-1.520318031,-1.316810966,-0.000532632228,-0.000532632228,-0.000532632228,phone,user2,sit
25.68962954,9.617507935,-1.520318031,-1.312022567,-0.001597896684,-0.001065264456,0.0,phone,user2,sit
25.70964501,9.617507935,-1.513135433,-1.314416766,-0.001065264456,-0.001597896684,0.001065264456,phone,user2,sit
25.72965982,9.595960617,-1.508347034,-1.316810966,-0.003195793368,-0.00266316114,0.001597896684,phone,user2,sit
25.74967103,9.579200745,-1.498770237,-1.307234168,-0.003728425596,-0.003195793368,0.002130528912,phone,user2,sit
25.76968763,9.59835434,-1.501164436,-1.312022567,-0.000532632228,-0.001065264456,0.000532632228,phone,user2,sit
25.78969677,9.583989143,-1.517923832,-1.321599364,0.0,-0.000532632228,0.000532632228,phone,user2,sit
25.80971302,9.574412346,-1.505952835,-1.316810966,0.001597896684,0.0,0.0,phone,user2,sit
25.82972404,9.58638382,-1.501164436,-1.319205165,0.00266316114,0.001065264456,-0.001065264456,phone,user2,sit
25.84973853,9.58638382,-1.505952835,-1.323993564,0.000532632228,0.000532632228,-0.000532632228,phone,user2,sit
25.86975255,9.581595421,-1.515529633,-1.319205165,0.0,0.001065264456,0.0,phone,user2,sit
25.88977204,9.583989143,-1.513135433,-1.319205165,-0.00266316114,0.002130528912,0.0,phone,user2,sit
25.9097863,9.572018623,-1.496376038,-1.319205165,0.000532632228,0.001597896684,-0.000532632228,phone,user2,sit
25.92980607,9.579200745,-1.508347034,-1.319205165,0.000532632228,0.004793690052,0.0,phone,user2,sit
25.94983497,9.59835434,-1.513135433,-1.323993564,0.000532632228,0.004793690052,0.000532632228,phone,user2,sit
25.96985673,9.600749016,-1.513135433,-1.321599364,-0.000532632228,0.004261057824,0.0,phone,user2,sit
25.98988341,9.603142738,-1.527500629,-1.314416766,0.000532632228,0.001065264456,0.001065264456,phone,user2,sit
26.00990126,9.603142738,-1.505952835,-1.302445769,-0.000532632228,0.001597896684,-0.000532632228,phone,user2,sit
26.02992052,9.583989143,-1.520318031,-1.295263171,0.0,0.001065264456,-0.000532632228,phone,user2,sit
26.04994032,9.588777542,-1.505952835,-1.316810966,-0.000532632228,0.0,-0.001065264456,phone,user2,sit
26.06996693,9.600749016,-1.515529633,-1.319205165,-0.002130528912,0.001065264456,0.001065264456,phone,user2,sit
26.08999091,9.610325813,-1.527500629,-1.304839969,-0.000532632228,0.001065264456,0.003195793368,phone,user2,sit
26.11001962,9.603142738,-1.52510643,-1.314416766,-0.002130528912,-0.001065264456,0.003195793368,phone,user2,sit
26.13003763,9.595960617,-1.503558636,-1.316810966,-0.003195793368,0.000532632228,0.000532632228,phone,user2,sit
26.15005415,9.581595421,-1.505952835,-1.328781962,-0.001065264456,0.000532632228,0.000532632228,phone,user2,sit
26.170074,9.567230225,-1.515529633,-1.312022567,0.001065264456,0.001597896684,0.001065264456,phone,user2,sit
26.19008896,9.557653427,-1.505952835,-1.307234168,0.001065264456,0.004793690052,0.0,phone,user2,sit
26.21010587,9.56004715,-1.498770237,-1.312022567,0.001597896684,0.00532632228,-0.000532632228,phone,user2,sit
26.23012489,9.576807022,-1.517923832,-1.316810966,0.001597896684,0.004261057824,0.0,phone,user2,sit
26.25013946,9.617507935,-1.520318031,-1.307234168,0.000532632228,0.00266316114,-0.001597896684,phone,user2,sit
26.27015192,9.607931137,-1.52510643,-1.295263171,-0.001065264456,0.003728425596,-0.000532632228,phone,user2,sit
26.29016927,9.603142738,-1.505952835,-1.316810966,0.000532632228,0.002130528912,0.0,phone,user2,sit
26.31017646,9.595960617,-1.508347034,-1.309628367,-0.000532632228,0.002130528912,0.000532632228,phone,user2,sit
26.33018743,9.576807022,-1.503558636,-1.302445769,0.0,0.00266316114,0.002130528912,phone,user2,sit
26.35019599,9.579200745,-1.505952835,-1.288080573,0.000532632228,0.003195793368,0.002130528912,phone,user2,sit
26.37020118,9.600749016,-1.534683347,-1.30005157,0.000532632228,0.002130528912,0.001597896684,phone,user2,sit
26.39021247,9.600749016,-1.537077546,-1.30005157,0.0,0.00266316114,0.001597896684,phone,user2,sit
26.41022462,9.600749016,-1.515529633,-1.30005157,-0.001597896684,0.001597896684,0.000532632228,phone,user2,sit
26.43024056,9.595960617,-1.517923832,-1.316810966,-0.001065264456,-0.00266316114,0.001065264456,phone,user2,sit
26.45025692,9.595960617,-1.529894829,-1.312022567,-0.003728425596,-0.001597896684,0.001597896684,phone,user2,sit
26.47027337,9.579200745,-1.505952835,-1.304839969,-0.003728425596,-0.002130528912,0.001065264456,phone,user2,sit
26.49028532,9.572018623,-1.503558636,-1.307234168,-0.001597896684,-0.001597896684,0.0,phone,user2,sit
26.51030556,9.583989143,-1.505952835,-1.309628367,-0.000532632228,-0.000532632228,0.000532632228,phone,user2,sit
26.5303256,9.593565941,-1.510741234,-1.309628367,0.0,0.001597896684,0.001597896684,phone,user2,sit
26.55033872,9.593565941,-1.513135433,-1.30005157,0.001065264456,0.00266316114,0.001597896684,phone,user2,sit
26.57033939,9.59835434,-1.520318031,-1.304839969,0.001597896684,0.003195793368,0.001065264456,phone,user2,sit
26.59035478,9.603142738,-1.513135433,-1.307234168,0.001597896684,0.00266316114,0.000532632228,phone,user2,sit
26.61036853,9.581595421,-1.510741234,-1.295263171,0.001597896684,0.003195793368,0.001597896684,phone,user2,sit
26.63037864,9.576807022,-1.513135433,-1.302445769,0.0,0.001597896684,0.002130528912,phone,user2,sit
26.65038571,9.574412346,-1.529894829,-1.323993564,0.001065264456,0.002130528912,0.000532632228,phone,user2,sit
26.67039095,9.58638382,-1.529894829,-1.304839969,0.001597896684,0.004261057824,0.0,phone,user2,sit
26.69039118,9.593565941,-1.539471745,-1.312022567,0.000532632228,0.003728425596,-0.000532632228,phone,user2,sit
26.71039521,9.603142738,-1.520318031,-1.307234168,-0.001065264456,0.001065264456,-0.002130528912,phone,user2,sit
26.73041345,9.593565941,-1.520318031,-1.312022567,-0.002130528912,-0.001597896684,-0.002130528912,phone,user2,sit
26.75043333,9.595960617,-1.517923832,-1.302445769,-0.002130528912,-0.001065264456,-0.001065264456,phone,user2,sit
26.77044478,9.595960617,-1.515529633,-1.309628367,-0.003195793368,-0.001597896684,-0.001597896684,phone,user2,sit
26.79046486,9.595960617,-1.513135433,-1.309628367,-0.001597896684,-0.001597896684,-0.002130528912,phone,user2,sit
26.81048294,9.593565941,-1.515529633,-1.304839969,-0.000532632228,-0.000532632228,-0.001065264456,phone,user2,sit
26.83049786,9.593565941,-1.510741234,-1.304839969,-0.001597896684,0.0,-0.001065264456,phone,user2,sit
26.85051341,9.583989143,-1.510741234,-1.304839969,-0.001065264456,-0.000532632228,-0.001597896684,phone,user2,sit
26.87053591,9.58638382,-1.515529633,-1.302445769,-0.000532632228,-0.000532632228,-0.001065264456,phone,user2,sit
26.89055927,9.591172218,-1.520318031,-1.302445769,-0.000532632228,-0.001597896684,0.0,phone,user2,sit
26.91058071,9.593565941,-1.522712231,-1.319205165,-0.000532632228,0.0,-0.001065264456,phone,user2,sit
26.93059763,9.600749016,-1.513135433,-1.307234168,0.0,-0.000532632228,-0.001065264456,phone,user2,sit
26.95061579,9.595960617,-1.522712231,-1.304839969,0.001065264456,-0.001597896684,-0.001065264456,phone,user2,sit
26.97064321,9.59835434,-1.515529633,-1.297657371,-0.000532632228,-0.002130528912,-0.000532632228,phone,user2,sit
26.99066005,9.583989143,-1.515529633,-1.319205165,-0.001065264456,-0.00266316114,0.000532632228,phone,user2,sit
27.01068392,9.574412346,-1.520318031,-1.309628367,-0.001065264456,-0.003195793368,-0.001597896684,phone,user2,sit
27.03071036,9.579200745,-1.513135433,-1.302445769,0.001065264456,-0.00266316114,-0.00266316114,phone,user2,sit
27.05073892,9.58638382,-1.510741234,-1.331176162,0.001065264456,-0.00266316114,-0.00266316114,phone,user2,sit
27.07076169,9.605537415,-1.52510643,-1.323993564,0.000532632228,-0.001065264456,-0.001065264456,phone,user2,sit
27.09077646,9.615114212,-1.532289028,-1.304839969,-0.001597896684,-0.001065264456,-0.001597896684,phone,user2,sit
27.1107972,9.610325813,-1.517923832,-1.302445769,-0.001597896684,-0.002130528912,-0.000532632228,phone,user2,sit
27.13083568,9.607931137,-1.498770237,-1.312022567,-0.002130528912,-0.001597896684,-0.001597896684,phone,user2,sit
27.15085978,9.603142738,-1.510741234,-1.319205165,-0.004261057824,-0.000532632228,-0.001065264456,phone,user2,sit
27.170877,9.588777542,-1.510741234,-1.307234168,-0.002130528912,-0.001065264456,-0.000532632228,phone,user2,sit
27.19090384,9.562441826,-1.517923832,-1.302445769,-0.001597896684,-0.001065264456,-0.002130528912,phone,user2,sit
27.21092353,9.56004715,-1.520318031,-1.302445769,-0.00266316114,0.001065264456,-0.003728425596,phone,user2,sit
27.23094333,9.58638382,-1.522712231,-1.309628367,-0.001065264456,-0.002130528912,-0.00266316114,phone,user2,sit
27.25097575,9.605537415,-1.515529633,-1.297657371,-0.000532632228,-0.003195793368,-0.003195793368,phone,user2,sit
27.27100927,9.600749016,-1.513135433,-1.304839969,-0.000532632228,-0.001597896684,-0.00266316114,phone,user2,sit
27.29103786,9.603142738,-1.510741234,-1.316810966,0.000532632228,-0.003195793368,-0.002130528912,phone,user2,sit
27.31106755,9.593565941,-1.498770237,-1.312022567,0.000532632228,-0.003728425596,-0.001597896684,phone,user2,sit
27.33109443,9.579200745,-1.489193439,-1.326387763,0.001065264456,-0.001597896684,-0.000532632228,phone,user2,sit
27.35111251,9.581595421,-1.508347034,-1.309628367,0.002130528912,0.0,0.000532632228,phone,user2,sit
27.37114302,9.588777542,-1.515529633,-1.312022567,0.002130528912,-0.000532632228,0.0,phone,user2,sit
27.39117392,9.593565941,-1.520318031,-1.321599364,0.0,0.0,0.000532632228,phone,user2,sit
27.41120786,9.593565941,-1.517923832,-1.309628367,-0.002130528912,-0.001597896684,-0.001065264456,phone,user2,sit
27.43124493,9.591172218,-1.527500629,-1.314416766,-0.002130528912,-0.003728425596,-0.001065264456,phone,user2,sit
27.45128189,9.600749016,-1.52510643,-1.331176162,-0.002130528912,-0.005858954508,-0.00266316114,phone,user2,sit
27.47131775,9.58638382,-1.527500629,-1.312022567,-0.001065264456,-0.005858954508,-0.003195793368,phone,user2,sit
27.49134591,9.58638382,-1.493981838,-1.319205165,-0.000532632228,-0.003728425596,-0.003195793368,phone,user2,sit
27.51137646,9.579200745,-1.505952835,-1.319205165,0.000532632228,-0.003728425596,-0.003195793368,phone,user2,sit
27.53140993,9.593565941,-1.503558636,-1.319205165,-0.001065264456,-0.003728425596,-0.002130528912,phone,user2,sit
27.55143259,9.607931137,-1.503558636,-1.304839969,-0.001065264456,-0.001597896684,-0.001065264456,phone,user2,sit
27.5714529,9.59835434,-1.515529633,-1.326387763,-0.001065264456,-0.001065264456,0.0,phone,user2,sit
27.59148017,9.588777542,-1.503558636,-1.319205165,-0.000532632228,-0.001597896684,-0.001065264456,phone,user2,sit
27.61150521,9.576807022,-1.503558636,-1.321599364,0.000532632228,0.000532632228,0.0,phone,user2,sit
27.63153579,9.58638382,-1.510741234,-1.307234168,-0.000532632228,0.000532632228,0.000532632228,phone,user2,sit
27.65157114,9.583989143,-1.513135433,-1.314416766,0.000532632228,0.001065264456,-0.001597896684,phone,user2,sit
27.6716031,9.603142738,-1.517923832,-1.319205165,0.001597896684,0.0,-0.001597896684,phone,user2,sit
27.69162415,9.595960617,-1.52510643,-1.312022567,0.001597896684,-0.000532632228,-0.001065264456,phone,user2,sit
27.71164626,9.588777542,-1.520318031,-1.304839969,-0.001065264456,-0.001065264456,-0.002130528912,phone,user2,sit
27.7316697,9.59835434,-1.515529633,-1.316810966,-0.001065264456,-0.004261057824,-0.001597896684,phone,user2,sit
27.7517038,9.59835434,-1.505952835,-1.319205165,-0.00266316114,-0.00266316114,-0.001597896684,phone,user2,sit
27.77173404,9.593565941,-1.501164436,-1.312022567,-0.002130528912,-0.002130528912,-0.002130528912,phone,user2,sit
27.7917565,9.579200745,-1.510741234,-1.316810966,-0.001065264456,-0.002130528912,-0.000532632228,phone,user2,sit
27.81178025,9.581595421,-1.503558636,-1.309628367,-0.000532632228,-0.000532632228,-0.000532632228,phone,user2,sit
27.83180419,9.588777542,-1.517923832,-1.316810966,-0.000532632228,-0.000532632228,0.0,phone,user2,sit
27.85183052,9.59835434,-1.515529633,-1.316810966,0.000532632228,-0.001065264456,-0.000532632228,phone,user2,sit
27.87185958,9.593565941,-1.515529633,-1.314416766,-0.000532632228,-0.00266316114,-0.000532632228,phone,user2,sit
27.89188185,9.595960617,-1.513135433,-1.312022567,-0.000532632228,-0.00266316114,0.0,phone,user2,sit
27.91190267,9.583989143,-1.489193439,-1.316810966,-0.001597896684,-0.002130528912,-0.001065264456,phone,user2,sit
27.93192396,9.588777542,-1.505952835,-1.326387763,0.0,-0.00266316114,-0.001597896684,phone,user2,sit
27.95194939,9.588777542,-1.498770237,-1.319205165,0.001065264456,0.0,-0.001065264456,phone,user2,sit
27.97197525,9.593565941,-1.510741234,-1.316810966,0.000532632228,0.0,-0.001597896684,phone,user2,sit
27.9919997,9.593565941,-1.520318031,-1.312022567,0.000532632228,0.000532632228,-0.001065264456,phone,user2,sit
28.01201954,9.591172218,-1.520318031,-1.314416766,0.001065264456,0.002130528912,0.001597896684,phone,user2,sit
28.03204357,9.581595421,-1.513135433,-1.307234168,0.001597896684,0.000532632228,0.0,phone,user2,sit
28.05205888,9.607931137,-1.510741234,-1.333570361,0.001065264456,-0.000532632228,-0.001065264456,phone,user2,sit
28.07207767,9.612719536,-1.517923832,-1.312022567,-0.000532632228,0.0,0.001065264456,phone,user2,sit
28.09209435,9.600749016,-1.517923832,-1.304839969,-0.001065264456,0.001065264456,0.002130528912,phone,user2,sit
28.11210775,9.591172218,-1.517923832,-1.307234168,-0.002130528912,0.0,0.001597896684,phone,user2,sit
28.13211946,9.603142738,-1.510741234,-1.319205165,-0.002130528912,0.000532632228,-0.000532632228,phone,user2,sit
28.15213794,9.607931137,-1.508347034,-1.319205165,-0.001597896684,-0.001065264456,0.0,phone,user2,sit
28.17215353,9.581595421,-1.513135433,-1.316810966,-0.000532632228,-0.002130528912,0.0,phone,user2,sit
28.19216611,9.557653427,-1.508347034,-1.312022567,-0.001597896684,0.000532632228,-0.001065264456,phone,user2,sit
28.21217614,9.552865028,-1.496376038,-1.319205165,-0.001065264456,0.00266316114,-0.001597896684,phone,user2,sit
28.23218263,9.574412346,-1.508347034,-1.326387763,0.001597896684,0.003195793368,-0.001065264456,phone,user2,sit
28.25219208,9.600749016,-1.517923832,-1.309628367,0.001065264456,0.003195793368,-0.001597896684,phone,user2,sit
28.2722081,9.600749016,-1.517923832,-1.307234168,0.000532632228,0.003728425596,-0.001597896684,phone,user2,sit
28.29222099,9.605537415,-1.517923832,-1.309628367,-0.000532632228,0.002130528912,-0.000532632228,phone,user2,sit
28.31222692,9.600749016,-1.505952835,-1.312022567,-0.000532632228,-0.001597896684,-0.001065264456,phone,user2,sit
28.33224302,9.58638382,-1.491587639,-1.312022567,-0.000532632228,0.0,0.0,phone,user2,sit
28.35226212,9.581595421,-1.498770237,-1.316810966,-0.000532632228,0.003728425596,0.001065264456,phone,user2,sit
28.3722765,9.595960617,-1.513135433,-1.316810966,0.002130528912,0.003728425596,0.002130528912,phone,user2,sit
28.39228329,9.600749016,-1.510741234,-1.321599364,0.002130528912,0.003195793368,0.001597896684,phone,user2,sit
28.4122911,9.607931137,-1.510741234,-1.312022567,0.0,0.003728425596,0.000532632228,phone,user2,sit
28.43230009,9.610325813,-1.52510643,-1.314416766,0.000532632228,-0.000532632228,0.0,phone,user2,sit
28.45231075,9.612719536,-1.52510643,-1.314416766,-0.002130528912,-0.003195793368,0.000532632228,phone,user2,sit
28.47232017,9.59835434,-1.513135433,-1.307234168,-0.003195793368,-0.002130528912,0.0,phone,user2,sit
28.49232841,9.567230225,-1.498770237,-1.309628367,-0.003728425596,-0.00266316114,-0.001597896684,phone,user2,sit
28.51233368,9.593565941,-1.510741234,-1.314416766,-0.002130528912,-0.00266316114,0.0,phone,user2,sit
28.53233935,9.600749016,-1.503558636,-1.312022567,-0.001065264456,-0.001597896684,0.001065264456,phone,user2,sit
28.55234318,9.588777542,-1.503558636,-1.307234168,0.0,-0.001065264456,0.0,phone,user2,sit
28.57234599,9.600749016,-1.498770237,-1.331176162,0.001065264456,-0.001065264456,0.001065264456,phone,user2,sit
28.59236232,9.59835434,-1.520318031,-1.333570361,0.001597896684,0.0,0.000532632228,phone,user2,sit
28.61237255,9.581595421,-1.501164436,-1.316810966,0.002130528912,0.001065264456,0.00266316114,phone,user2,sit
28.63237978,9.581595421,-1.513135433,-1.319205165,0.00266316114,0.003728425596,0.001597896684,phone,user2,sit
28.65238571,9.557653427,-1.498770237,-1.331176162,0.00266316114,0.003728425596,0.002130528912,phone,user2,sit
28.67239872,9.576807022,-1.513135433,-1.323993564,0.003195793368,0.004261057824,0.000532632228,phone,user2,sit
28.69241169,9.58638382,-1.52510643,-1.321599364,0.001065264456,0.00532632228,0.001065264456,phone,user2,sit
28.71242341,9.603142738,-1.520318031,-1.316810966,0.000532632228,0.003728425596,0.001065264456,phone,user2,sit
28.73243771,9.59835434,-1.537077546,-1.316810966,-0.001065264456,0.003195793368,0.000532632228,phone,user2,sit
28.7524497,9.605537415,-1.517923832,-1.309628367,-0.001597896684,0.002130528912,-0.000532632228,phone,user2,sit
28.77246775,9.610325813,-1.496376038,-1.312022567,-0.00266316114,0.001597896684,0.000532632228,phone,user2,sit
28.79248083,9.593565941,-1.513135433,-1.309628367,-0.001597896684,0.0,0.000532632228,phone,user2,sit
28.81248802,9.58638382,-1.510741234,-1.304839969,-0.000532632228,0.001065264456,0.001597896684,phone,user2,sit
28.83249915,9.593565941,-1.505952835,-1.307234168,-0.000532632228,0.001597896684,0.001597896684,phone,user2,sit
28.85251837,9.579200745,-1.493981838,-1.304839969,-0.001065264456,0.00266316114,0.002130528912,phone,user2,sit
28.87253571,9.59835434,-1.517923832,-1.30005157,0.0,0.002130528912,0.002130528912,phone,user2,sit
28.8925447,9.58638382,-1.52510643,-1.312022567,0.0,0.000532632228,0.00266316114,phone,user2,sit
28.91255345,9.59835434,-1.515529633,-1.312022567,-0.000532632228,0.001065264456,0.001597896684,phone,user2,sit
28.9325622,9.583989143,-1.513135433,-1.312022567,0.0,-0.000532632228,0.00266316114,phone,user2,sit
28.95256986,9.579200745,-1.515529633,-1.319205165,0.000532632228,0.000532632228,0.001597896684,phone,user2,sit
28.97257978,9.579200745,-1.508347034,-1.309628367,0.001065264456,0.001597896684,0.001065264456,phone,user2,sit
28.99258775,9.605537415,-1.510741234,-1.309628367,0.001065264456,0.001065264456,0.002130528912,phone,user2,sit
29.0125888,9.595960617,-1.508347034,-1.323993564,0.0,0.00266316114,0.001597896684,phone,user2,sit
29.03259224,9.576807022,-1.505952835,-1.319205165,0.001065264456,0.002130528912,0.001065264456,phone,user2,sit
29.05259841,9.591172218,-1.508347034,-1.331176162,0.002130528912,0.00266316114,0.001597896684,phone,user2,sit
29.0726106,9.619902611,-1.520318031,-1.316810966,0.001065264456,0.003728425596,0.002130528912,phone,user2,sit
29.09261439,9.631873131,-1.534683347,-1.307234168,0.000532632228,0.003195793368,0.002130528912,phone,user2,sit
29.1126181,9.619902611,-1.532289028,-1.297657371,-0.001597896684,0.000532632228,0.00266316114,phone,user2,sit
29.13263607,9.593565941,-1.517923832,-1.302445769,-0.001597896684,-0.000532632228,0.0,phone,user2,sit
29.1526556,9.600749016,-1.513135433,-1.326387763,-0.002130528912,-0.001065264456,0.001065264456,phone,user2,sit
29.17267939,9.588777542,-1.527500629,-1.312022567,-0.002130528912,-0.00266316114,0.000532632228,phone,user2,sit
29.19270271,9.562441826,-1.505952835,-1.304839969,0.000532632228,0.001597896684,0.0,phone,user2,sit
29.21272587,9.555258751,-1.498770237,-1.319205165,-0.001065264456,0.002130528912,-0.001597896684,phone,user2,sit
29.23274732,9.583989143,-1.513135433,-1.316810966,0.000532632228,0.000532632228,-0.001065264456,phone,user2,sit
29.2527654,9.593565941,-1.527500629,-1.316810966,-0.000532632228,0.000532632228,-0.002130528912,phone,user2,sit
29.2727804,9.607931137,-1.517923832,-1.309628367,0.0,0.00266316114,-0.001065264456,phone,user2,sit
29.29279521,9.610325813,-1.520318031,-1.309628367,0.001065264456,0.003195793368,-0.000532632228,phone,user2,sit
29.31281587,9.583989143,-1.510741234,-1.323993564,0.0,0.001597896684,0.000532632228,phone,user2,sit
29.33283087,9.569623947,-1.493981838,-1.292868972,0.0,0.00266316114,0.001597896684,phone,user2,sit
29.35285638,9.579200745,-1.510741234,-1.304839969,-0.000532632228,0.001597896684,0.000532632228,phone,user2,sit
29.37287404,9.607931137,-1.527500629,-1.302445769,0.002130528912,0.001065264456,0.002130528912,phone,user2,sit
29.39289118,9.605537415,-1.517923832,-1.292868972,0.001065264456,0.001065264456,0.000532632228,phone,user2,sit
29.41290946,9.612719536,-1.520318031,-1.288080573,0.001597896684,0.000532632228,-0.001065264456,phone,user2,sit
29.43292505,9.610325813,-1.532289028,-1.307234168,0.0,-0.003195793368,-0.000532632228,phone,user2,sit
29.45294478,9.607931137,-1.539471745,-1.312022567,-0.001065264456,-0.003728425596,-0.001065264456,phone,user2,sit
29.47296271,9.58638382,-1.520318031,-1.307234168,-0.000532632228,-0.003195793368,-0.001597896684,phone,user2,sit
29.49298314,9.567230225,-1.505952835,-1.304839969,-0.000532632228,-0.004261057824,-0.001065264456,phone,user2,sit
29.51299611,9.595960617,-1.508347034,-1.314416766,-0.000532632228,-0.003728425596,-0.000532632228,phone,user2,sit
29.53301177,9.593565941,-1.520318031,-1.304839969,-0.002130528912,-0.002130528912,0.0,phone,user2,sit
29.55302357,9.605537415,-1.534683347,-1.297657371,-0.001597896684,-0.001597896684,-0.001065264456,phone,user2,sit
29.57303724,9.603142738,-1.52510643,-1.304839969,-0.001065264456,-0.001597896684,-0.001065264456,phone,user2,sit
29.59305739,9.593565941,-1.515529633,-1.314416766,-0.001065264456,-0.003728425596,-0.001597896684,phone,user2,sit
29.61307661,9.572018623,-1.513135433,-1.309628367,0.000532632228,-0.001597896684,-0.001065264456,phone,user2,sit
29.63309095,9.579200745,-1.513135433,-1.307234168,0.001597896684,0.000532632228,-0.000532632228,phone,user2,sit
29.65309669,9.591172218,-1.517923832,-1.319205165,0.002130528912,0.001065264456,-0.000532632228,phone,user2,sit
29.67310142,9.595960617,-1.517923832,-1.323993564,0.003195793368,0.002130528912,-0.001065264456,phone,user2,sit
29.69312165,9.595960617,-1.520318031,-1.304839969,0.002130528912,0.001597896684,-0.001065264456,phone,user2,sit
29.71314614,9.600749016,-1.527500629,-1.314416766,0.001597896684,-0.000532632228,-0.002130528912,phone,user2,sit
29.73316138,9.610325813,-1.52510643,-1.307234168,0.000532632228,-0.001065264456,-0.001065264456,phone,user2,sit
29.75317802,9.59835434,-1.517923832,-1.331176162,-0.001597896684,-0.002130528912,-0.001597896684,phone,user2,sit
29.77319271,9.593565941,-1.513135433,-1.312022567,-0.002130528912,-0.00266316114,-0.001597896684,phone,user2,sit
29.79321466,9.58638382,-1.510741234,-1.309628367,-0.00266316114,-0.001597896684,-0.00266316114,phone,user2,sit
29.81324013,9.595960617,-1.520318031,-1.307234168,-0.001065264456,-0.003195793368,-0.001597896684,phone,user2,sit
29.83325122,9.600749016,-1.529894829,-1.312022567,-0.001065264456,-0.000532632228,-0.002130528912,phone,user2,sit
29.85325759,9.595960617,-1.517923832,-1.304839969,0.0,-0.003728425596,-0.001597896684,phone,user2,sit
29.87327196,9.58638382,-1.505952835,-1.319205165,-0.000532632228,-0.00266316114,-0.002130528912,phone,user2,sit
29.89327282,9.591172218,-1.513135433,-1.316810966,0.001065264456,-0.002130528912,-0.001065264456,phone,user2,sit
29.91327603,9.583989143,-1.527500629,-1.316810966,0.001065264456,-0.000532632228,-0.002130528912,phone,user2,sit
29.93328583,9.567230225,-1.515529633,-1.316810966,0.002130528912,-0.000532632228,-0.003195793368,phone,user2,sit
29.95330673,9.576807022,-1.513135433,-1.323993564,0.001065264456,0.0,-0.003195793368,phone,user2,sit
29.97332958,9.583989143,-1.505952835,-1.326387763,0.001065264456,0.0,-0.003195793368,phone,user2,sit
29.99335005,9.605537415,-1.529894829,-1.323993564,-0.000532632228,0.000532632228,-0.002130528912,phone,user2,sit
30.01335739,9.612719536,-1.515529633,-1.30005157,-0.002130528912,0.002130528912,0.0,phone,user2,sit
30.03337036,9.59835434,-1.527500629,-1.297657371,-0.001597896684,0.001597896684,0.000532632228,phone,user2,sit
30.053384,9.610325813,-1.508347034,-1.312022567,-0.002130528912,-0.001597896684,-0.001065264456,phone,user2,sit
30.07339942,9.612719536,-1.505952835,-1.319205165,-0.002130528912,0.0,-0.001597896684,phone,user2,sit
30.0934111,9.607931137,-1.52510643,-1.309628367,0.0,-0.001065264456,-0.001065264456,phone,user2,sit
30.11342767,9.576807022,-1.515529633,-1.302445769,0.000532632228,-0.002130528912,-0.001597896684,phone,user2,sit
30.133442,9.567230225,-1.510741234,-1.314416766,0.001065264456,-0.000532632228,-0.00266316114,phone,user2,sit
30.15345931,9.567230225,-1.498770237,-1.312022567,0.000532632228,-0.002130528912,-0.003195793368,phone,user2,sit
30.17347532,9.58638382,-1.513135433,-1.321599364,0.0,-0.003728425596,-0.00266316114,phone,user2,sit
30.19348939,9.591172218,-1.513135433,-1.312022567,0.000532632228,-0.00266316114,-0.002130528912,phone,user2,sit
30.21350114,9.603142738,-1.510741234,-1.321599364,0.000532632228,0.0,-0.001065264456,phone,user2,sit
30.23352294,9.59835434,-1.508347034,-1.333570361,0.001065264456,0.001065264456,-0.001065264456,phone,user2,sit
30.2535388,9.572018623,-1.505952835,-1.333570361,0.0,0.0,0.0,phone,user2,sit
30.27356704,9.574412346,-1.510741234,-1.316810966,0.0,0.00266316114,0.000532632228,phone,user2,sit
30.29359556,9.58638382,-1.522712231,-1.319205165,0.002130528912,0.001597896684,0.000532632228,phone,user2,sit
30.31362259,9.603142738,-1.522712231,-1.30005157,0.001065264456,0.001597896684,0.000532632228,phone,user2,sit
30.33364232,9.603142738,-1.510741234,-1.312022567,0.001065264456,0.000532632228,-0.000532632228,phone,user2,sit
30.35366478,9.603142738,-1.517923832,-1.304839969,0.0,-0.001065264456,-0.001065264456,phone,user2,sit
30.37368118,9.605537415,-1.520318031,-1.316810966,-0.000532632228,-0.003728425596,-0.000532632228,phone,user2,sit
30.39369665,9.58638382,-1.534683347,-1.314416766,-0.002130528912,-0.003195793368,-0.000532632228,phone,user2,sit
30.41371251,9.579200745,-1.496376038,-1.307234168,-0.001065264456,-0.003195793368,-0.000532632228,phone,user2,sit
30.43373673,9.588777542,-1.505952835,-1.319205165,-0.001597896684,-0.002130528912,0.0,phone,user2,sit
30.45375177,9.593565941,-1.505952835,-1.309628367,-0.001065264456,-0.00266316114,0.0,phone,user2,sit
30.4737645,9.593565941,-1.505952835,-1.309628367,-0.000532632228,-0.001065264456,0.001065264456,phone,user2,sit
30.49378259,9.600749016,-1.515529633,-1.323993564,0.0,-0.000532632228,0.001597896684,phone,user2,sit
30.51380521,9.583989143,-1.513135433,-1.323993564,0.001065264456,-0.000532632228,0.001065264456,phone,user2,sit
30.53382564,9.574412346,-1.503558636,-1.326387763,0.000532632228,0.000532632228,0.001065264456,phone,user2,sit
30.55384818,9.579200745,-1.505952835,-1.316810966,0.001065264456,0.000532632228,0.000532632228,phone,user2,sit
30.57386337,9.593565941,-1.520318031,-1.321599364,0.001597896684,0.002130528912,0.0,phone,user2,sit
30.59387486,9.58638382,-1.513135433,-1.328781962,0.00266316114,0.002130528912,0.000532632228,phone,user2,sit
30.61389099,9.58638382,-1.52510643,-1.314416766,0.001597896684,0.000532632228,0.000532632228,phone,user2,sit
30.63390739,9.591172218,-1.52510643,-1.312022567,-0.000532632228,0.001597896684,0.0,phone,user2,sit
30.65392489,9.603142738,-1.513135433,-1.314416766,0.0,-0.001065264456,0.000532632228,phone,user2,sit
30.67393966,9.59835434,-1.515529633,-1.319205165,-0.001597896684,-0.001597896684,-0.000532632228,phone,user2,sit
30.69395552,9.595960617,-1.505952835,-1.323993564,-0.001065264456,0.000532632228,-0.001597896684,phone,user2,sit
30.71396763,9.593565941,-1.508347034,-1.316810966,-0.000532632228,0.0,-0.001065264456,phone,user2,sit
30.73398712,9.58638382,-1.503558636,-1.312022567,0.001065264456,-0.000532632228,-0.000532632228,phone,user2,sit
30.75401286,9.593565941,-1.505952835,-1.316810966,-0.000532632228,-0.000532632228,0.0,phone,user2,sit
30.77402692,9.59835434,-1.517923832,-1.333570361,0.0,0.000532632228,-0.001065264456,phone,user2,sit
30.79404681,9.603142738,-1.517923832,-1.331176162,0.0,0.000532632228,-0.000532632228,phone,user2,sit
30.81405779,9.579200745,-1.503558636,-1.319205165,0.0,0.000532632228,0.0,phone,user2,sit
30.83407915,9.574412346,-1.515529633,-1.307234168,-0.000532632228,0.001597896684,0.0,phone,user2,sit
30.85408196,9.58638382,-1.513135433,-1.309628367,0.000532632228,0.002130528912,-0.001065264456,phone,user2,sit
30.87409095,9.581595421,-1.513135433,-1.314416766,0.0,0.003195793368,-0.000532632228,phone,user2,sit
30.89409657,9.600749016,-1.517923832,-1.319205165,-0.001065264456,0.002130528912,-0.000532632228,phone,user2,sit
30.91411341,9.619902611,-1.515529633,-1.319205165,-0.001597896684,0.0,0.000532632228,phone,user2,sit
30.93413286,9.603142738,-1.510741234,-1.304839969,0.000532632228,0.0,-0.000532632228,phone,user2,sit
30.95415353,9.588777542,-1.498770237,-1.302445769,0.001065264456,-0.000532632228,-0.001065264456,phone,user2,sit
30.97417357,9.581595421,-1.503558636,-1.319205165,0.001597896684,0.000532632228,-0.001597896684,phone,user2,sit
30.99419154,9.607931137,-1.510741234,-1.331176162,0.001597896684,0.000532632228,0.000532632228,phone,user2,sit
31.01421509,9.622296333,-1.513135433,-1.314416766,0.001065264456,0.001597896684,0.00266316114,phone,user2,sit
31.03423462,9.605537415,-1.510741234,-1.307234168,-0.001065264456,-0.00266316114,0.002130528912,phone,user2,sit
31.05424849,9.593565941,-1.503558636,-1.316810966,-0.001597896684,-0.002130528912,-0.000532632228,phone,user2,sit
31.07426071,9.607931137,-1.517923832,-1.326387763,-0.001065264456,-0.001597896684,0.0,phone,user2,sit
31.09427474,9.58638382,-1.510741234,-1.316810966,0.000532632228,0.0,0.001065264456,phone,user2,sit
31.11429521,9.552865028,-1.508347034,-1.316810966,-0.001597896684,0.001597896684,0.001597896684,phone,user2,sit
31.13431431,9.555258751,-1.496376038,-1.316810966,-0.00266316114,0.000532632228,-0.001065264456,phone,user2,sit
31.15432974,9.588777542,-1.513135433,-1.319205165,-0.001065264456,-0.001065264456,-0.001065264456,phone,user2,sit
31.17435056,9.605537415,-1.515529633,-1.319205165,-0.001597896684,-0.002130528912,0.0,phone,user2,sit
31.19436704,9.595960617,-1.527500629,-1.302445769,0.001065264456,0.000532632228,-0.002130528912,phone,user2,sit
31.21438208,9.588777542,-1.508347034,-1.323993564,0.003728425596,0.001065264456,-0.003195793368,phone,user2,sit
31.23439876,9.581595421,-1.498770237,-1.350329757,0.004793690052,0.001065264456,-0.002130528912,phone,user2,sit
31.25441607,9.569623947,-1.498770237,-1.333570361,0.001065264456,0.002130528912,-0.001597896684,phone,user2,sit
31.27442654,9.595960617,-1.493981838,-1.316810966,0.000532632228,0.003728425596,0.000532632228,phone,user2,sit
31.29443497,9.612719536,-1.517923832,-1.323993564,-0.000532632228,0.001065264456,0.00266316114,phone,user2,sit
31.31445083,9.610325813,-1.510741234,-1.314416766,-0.003195793368,0.0,0.002130528912,phone,user2,sit
31.33447169,9.612719536,-1.503558636,-1.292868972,-0.004793690052,0.0,0.001597896684,phone,user2,sit
31.35449251,9.610325813,-1.513135433,-1.304839969,-0.003195793368,-0.002130528912,0.001597896684,phone,user2,sit
31.37451614,9.607931137,-1.527500629,-1.30005157,-0.003195793368,-0.003195793368,0.00266316114,phone,user2,sit
31.3945395,9.588777542,-1.517923832,-1.295263171,-0.001065264456,-0.001597896684,0.001065264456,phone,user2,sit
31.41456435,9.569623947,-1.498770237,-1.307234168,0.001597896684,-0.002130528912,-0.001597896684,phone,user2,sit
31.4345895,9.58638382,-1.505952835,-1.328781962,0.00266316114,-0.004793690052,0.000532632228,phone,user2,sit
31.45460966,9.605537415,-1.529894829,-1.314416766,0.000532632228,-0.00266316114,0.001065264456,phone,user2,sit
31.47462829,9.595960617,-1.503558636,-1.312022567,-0.000532632228,-0.000532632228,0.0,phone,user2,sit
31.49463923,9.583989143,-1.501164436,-1.323993564,0.0,0.0,0.000532632228,phone,user2,sit
31.51465165,9.581595421,-1.498770237,-1.33835876,-0.000532632228,0.000532632228,0.00266316114,phone,user2,sit
31.53467521,9.579200745,-1.508347034,-1.326387763,-0.000532632228,0.000532632228,0.00266316114,phone,user2,sit
31.55469513,9.572018623,-1.498770237,-1.319205165,0.001065264456,0.004261057824,0.003195793368,phone,user2,sit
31.57470946,9.574412346,-1.498770237,-1.328781962,0.001597896684,0.004793690052,0.003195793368,phone,user2,sit
31.59472196,9.591172218,-1.520318031,-1.323993564,0.001597896684,0.00532632228,0.001597896684,phone,user2,sit
31.61473431,9.595960617,-1.529894829,-1.312022567,0.00266316114,0.003195793368,0.001597896684,phone,user2,sit
31.63474177,9.605537415,-1.52510643,-1.321599364,0.000532632228,0.001597896684,0.000532632228,phone,user2,sit
31.65475114,9.593565941,-1.515529633,-1.312022567,-0.001065264456,0.000532632228,-0.001065264456,phone,user2,sit
31.67477314,9.595960617,-1.52510643,-1.319205165,-0.002130528912,-0.001065264456,0.000532632228,phone,user2,sit
31.69478818,9.600749016,-1.505952835,-1.319205165,-0.002130528912,-0.001597896684,0.001065264456,phone,user2,sit
31.71480099,9.59835434,-1.515529633,-1.319205165,-0.001597896684,-0.001597896684,0.001597896684,phone,user2,sit
31.73481927,9.591172218,-1.513135433,-1.304839969,-0.001597896684,0.0,0.001597896684,phone,user2,sit
31.75483654,9.583989143,-1.498770237,-1.316810966,-0.001597896684,0.001065264456,0.002130528912,phone,user2,sit
31.77484552,9.595960617,-1.505952835,-1.314416766,0.0,0.001597896684,0.001597896684,phone,user2,sit
31.79484868,9.593565941,-1.52510643,-1.319205165,0.000532632228,0.002130528912,0.00266316114,phone,user2,sit
31.81485982,9.588777542,-1.517923832,-1.314416766,0.000532632228,0.001597896684,0.002130528912,phone,user2,sit
31.83487208,9.581595421,-1.513135433,-1.312022567,0.000532632228,0.001597896684,0.00266316114,phone,user2,sit
31.854887,9.588777542,-1.517923832,-1.309628367,-0.000532632228,0.001597896684,0.001597896684,phone,user2,sit
31.8749022,9.583989143,-1.515529633,-1.30005157,0.001065264456,0.001065264456,0.002130528912,phone,user2,sit
31.894914,9.588777542,-1.515529633,-1.309628367,0.0,0.000532632228,0.001597896684,phone,user2,sit
31.9149372,9.595960617,-1.505952835,-1.312022567,-0.001065264456,0.002130528912,0.001597896684,phone,user2,sit
31.93495579,9.603142738,-1.520318031,-1.316810966,0.0,0.001597896684,0.001597896684,phone,user2,sit
31.95497474,9.600749016,-1.52510643,-1.307234168,0.001597896684,0.001065264456,0.00266316114,phone,user2,sit
31.97499208,9.610325813,-1.517923832,-1.302445769,0.0,0.002130528912,0.002130528912,phone,user2,sit
31.99500103,9.605537415,-1.522712231,-1.307234168,-0.000532632228,0.001065264456,0.002130528912,phone,user2,sit
32.01501825,9.59835434,-1.517923832,-1.309628367,-0.001065264456,-0.001065264456,0.003728425596,phone,user2,sit
32.03504099,9.581595421,-1.520318031,-1.302445769,-0.002130528912,-0.002130528912,0.001597896684,phone,user2,sit
32.0550481,9.574412346,-1.513135433,-1.312022567,-0.000532632228,-0.001065264456,0.001597896684,phone,user2,sit
32.07505298,9.588777542,-1.513135433,-1.323993564,0.0,-0.001065264456,0.001597896684,phone,user2,sit
32.0950604,9.612719536,-1.529894829,-1.323993564,0.001065264456,0.001065264456,0.00266316114,phone,user2,sit
32.11507364,9.595960617,-1.520318031,-1.326387763,0.000532632228,0.002130528912,0.00266316114,phone,user2,sit
32.13508404,9.579200745,-1.505952835,-1.326387763,-0.001597896684,0.001597896684,0.002130528912,phone,user2,sit
32.15509747,9.581595421,-1.513135433,-1.331176162,-0.001065264456,0.00266316114,0.001065264456,phone,user2,sit
32.17510798,9.579200745,-1.527500629,-1.312022567,-0.001065264456,0.00266316114,0.000532632228,phone,user2,sit
32.19512005,9.562441826,-1.52510643,-1.297657371,0.001065264456,0.004793690052,0.001065264456,phone,user2,sit
32.21513372,9.564835548,-1.517923832,-1.304839969,0.0,0.006391586736,-0.001065264456,phone,user2,sit
32.235142,9.572018623,-1.517923832,-1.307234168,-0.000532632228,0.004793690052,-0.001597896684,phone,user2,sit
32.2551481,9.605537415,-1.532289028,-1.295263171,-0.000532632228,0.00266316114,-0.002130528912,phone,user2,sit
32.27515087,9.612719536,-1.527500629,-1.290474772,-0.001065264456,0.001065264456,-0.002130528912,phone,user2,sit
32.29515228,9.622296333,-1.527500629,-1.292868972,-0.000532632228,0.001597896684,-0.002130528912,phone,user2,sit
32.31516407,9.615114212,-1.515529633,-1.307234168,-0.000532632228,-0.002130528912,0.0,phone,user2,sit
32.33517536,9.58638382,-1.510741234,-1.297657371,-0.003195793368,-0.002130528912,-0.001597896684,phone,user2,sit
32.35518232,9.572018623,-1.503558636,-1.295263171,-0.001065264456,-0.00266316114,-0.000532632228,phone,user2,sit
32.3751938,9.583989143,-1.52510643,-1.309628367,-0.000532632228,-0.002130528912,0.0,phone,user2,sit
32.39521173,9.591172218,-1.520318031,-1.307234168,0.001065264456,-0.00266316114,-0.000532632228,phone,user2,sit
32.41522732,9.581595421,-1.522712231,-1.307234168,0.000532632228,-0.00266316114,-0.001597896684,phone,user2,sit
32.43524361,9.605537415,-1.537077546,-1.321599364,0.001065264456,-0.003728425596,-0.003195793368,phone,user2,sit
32.4552522,9.610325813,-1.534683347,-1.316810966,0.0,-0.004793690052,-0.003195793368,phone,user2,sit
32.47526868,9.588777542,-1.510741234,-1.312022567,-0.002130528912,-0.004793690052,-0.003195793368,phone,user2,sit
32.49527966,9.572018623,-1.510741234,-1.316810966,-0.002130528912,-0.003195793368,-0.00266316114,phone,user2,sit
32.51528884,9.572018623,-1.491587639,-1.319205165,-0.001597896684,-0.003195793368,-0.003195793368,phone,user2,sit
32.53529884,9.593565941,-1.508347034,-1.307234168,-0.003195793368,-0.002130528912,-0.001597896684,phone,user2,sit
32.55530259,9.603142738,-1.527500629,-1.304839969,-0.00266316114,-0.001065264456,-0.001597896684,phone,user2,sit
32.5753095,9.615114212,-1.527500629,-1.316810966,0.001065264456,-0.001597896684,-0.000532632228,phone,user2,sit
32.59531435,9.600749016,-1.520318031,-1.304839969,0.001065264456,-0.002130528912,-0.00266316114,phone,user2,sit
32.61531732,9.579200745,-1.508347034,-1.297657371,0.001597896684,-0.001597896684,-0.00266316114,phone,user2,sit
32.63532911,9.581595421,-1.517923832,-1.319205165,0.001065264456,-0.001597896684,-0.00266316114,phone,user2,sit
32.65533778,9.569623947,-1.517923832,-1.319205165,0.00266316114,-0.00266316114,-0.00266316114,phone,user2,sit
32.6753497,9.583989143,-1.522712231,-1.326387763,0.001597896684,-0.001597896684,-0.001597896684,phone,user2,sit
32.69536161,9.583989143,-1.515529633,-1.316810966,-0.000532632228,-0.001065264456,-0.00266316114,phone,user2,sit
32.71536942,9.593565941,-1.527500629,-1.312022567,-0.001597896684,-0.001597896684,-0.002130528912,phone,user2,sit
32.73537919,9.591172218,-1.517923832,-1.319205165,-0.002130528912,-0.00266316114,-0.002130528912,phone,user2,sit
32.75538919,9.593565941,-1.505952835,-1.312022567,-0.00266316114,-0.00266316114,-0.002130528912,phone,user2,sit
32.77539579,9.588777542,-1.520318031,-1.314416766,-0.002130528912,-0.001597896684,-0.002130528912,phone,user2,sit
32.79540204,9.593565941,-1.508347034,-1.302445769,-0.000532632228,-0.001597896684,-0.00266316114,phone,user2,sit
32.81541009,9.58638382,-1.520318031,-1.304839969,0.0,-0.000532632228,-0.003195793368,phone,user2,sit
32.83542345,9.605537415,-1.505952835,-1.307234168,-0.001065264456,-0.002130528912,-0.002130528912,phone,user2,sit
32.85543341,9.59835434,-1.510741234,-1.304839969,-0.001065264456,-0.003728425596,-0.001597896684,phone,user2,sit
32.87544829,9.591172218,-1.510741234,-1.304839969,0.0,-0.002130528912,-0.001597896684,phone,user2,sit
32.89546864,9.593565941,-1.522712231,-1.319205165,0.0,-0.003195793368,-0.002130528912,phone,user2,sit
32.91548333,9.600749016,-1.517923832,-1.319205165,0.000532632228,-0.001597896684,-0.001065264456,phone,user2,sit
32.93549224,9.59835434,-1.510741234,-1.319205165,0.0,-0.001065264456,-0.001065264456,phone,user2,sit
32.95549946,9.593565941,-1.522712231,-1.326387763,0.000532632228,-0.002130528912,0.0,phone,user2,sit
32.97550411,9.579200745,-1.520318031,-1.323993564,0.000532632228,-0.001597896684,-0.001065264456,phone,user2,sit
32.9955047,9.581595421,-1.513135433,-1.319205165,0.0,-0.001065264456,-0.00266316114,phone,user2,sit
33.01551044,9.600749016,-1.52510643,-1.333570361,-0.001597896684,-0.002130528912,-0.002130528912,phone,user2,sit
33.03551732,9.605537415,-1.517923832,-1.323993564,-0.002130528912,-0.000532632228,-0.001065264456,phone,user2,sit
33.05552056,9.605537415,-1.52510643,-1.307234168,-0.001597896684,-0.000532632228,-0.001065264456,phone,user2,sit
33.0755247,9.600749016,-1.515529633,-1.304839969,-0.003195793368,-0.001597896684,-0.002130528912,phone,user2,sit
33.09552888,9.607931137,-1.508347034,-1.316810966,-0.003195793368,-0.001597896684,-0.002130528912,phone,user2,sit
33.11553146,9.595960617,-1.503558636,-1.328781962,-0.003728425596,0.000532632228,-0.00266316114,phone,user2,sit
33.13553712,9.569623947,-1.505952835,-1.314416766,-0.001065264456,-0.00266316114,-0.001597896684,phone,user2,sit
33.15554122,9.569623947,-1.517923832,-1.312022567,0.0,-0.001065264456,-0.003195793368,phone,user2,sit
33.17554798,9.562441826,-1.501164436,-1.314416766,0.001597896684,0.0,-0.003728425596,phone,user2,sit
33.19555966,9.572018623,-1.520318031,-1.321599364,0.001065264456,-0.001065264456,-0.003728425596,phone,user2,sit
33.21556771,9.591172218,-1.510741234,-1.314416766,0.000532632228,-0.001065264456,-0.003728425596,phone,user2,sit
33.23557919,9.603142738,-1.510741234,-1.316810966,0.0,0.0,-0.003728425596,phone,user2,sit
33.25558767,9.59835434,-1.515529633,-1.323993564,-0.000532632228,-0.001065264456,-0.00266316114,phone,user2,sit
33.27559466,9.600749016,-1.513135433,-1.333570361,-0.000532632228,-0.00266316114,-0.001065264456,phone,user2,sit
33.29560665,9.581595421,-1.501164436,-1.314416766,-0.001597896684,0.000532632228,-0.000532632228,phone,user2,sit
33.31561056,9.583989143,-1.510741234,-1.316810966,-0.000532632228,0.00266316114,-0.000532632228,phone,user2,sit
33.33561025,9.58638382,-1.517923832,-1.312022567,0.0,0.001065264456,0.001065264456,phone,user2,sit
33.35561224,9.59835434,-1.520318031,-1.319205165,0.0,-0.000532632228,-0.001597896684,phone,user2,sit
33.37561767,9.607931137,-1.513135433,-1.319205165,0.0,0.0,-0.002130528912,phone,user2,sit
33.39562821,9.610325813,-1.520318031,-1.321599364,-0.000532632228,-0.002130528912,-0.00266316114,phone,user2,sit
33.41563263,9.612719536,-1.52510643,-1.319205165,-0.001597896684,-0.001597896684,-0.000532632228,phone,user2,sit
33.43563521,9.588777542,-1.513135433,-1.316810966,-0.002130528912,-0.001597896684,-0.001597896684,phone,user2,sit
33.45564263,9.574412346,-1.498770237,-1.323993564,-0.000532632228,-0.002130528912,-0.002130528912,phone,user2,sit
33.47564771,9.59835434,-1.522712231,-1.321599364,0.000532632228,-0.000532632228,-0.000532632228,phone,user2,sit
33.49565665,9.59835434,-1.510741234,-1.312022567,-0.001065264456,-0.000532632228,0.0,phone,user2,sit
33.51566337,9.605537415,-1.505952835,-1.316810966,-0.001065264456,0.0,0.001065264456,phone,user2,sit
33.53567212,9.583989143,-1.513135433,-1.321599364,-0.000532632228,0.000532632228,0.001065264456,phone,user2,sit
33.55567743,9.58638382,-1.510741234,-1.312022567,0.0,0.000532632228,0.001597896684,phone,user2,sit
33.57568982,9.572018623,-1.501164436,-1.321599364,0.001065264456,0.000532632228,0.000532632228,phone,user2,sit
33.59570361,9.581595421,-1.501164436,-1.312022567,0.002130528912,0.001065264456,0.000532632228,phone,user2,sit
33.61572439,9.595960617,-1.510741234,-1.331176162,0.00266316114,0.00266316114,0.000532632228,phone,user2,sit
33.63573892,9.583989143,-1.520318031,-1.321599364,0.00266316114,0.001065264456,0.0,phone,user2,sit
33.65575665,9.588777542,-1.529894829,-1.319205165,0.002130528912,0.001065264456,-0.000532632228,phone,user2,sit
33.67575814,9.603142738,-1.522712231,-1.319205165,0.002130528912,0.002130528912,-0.000532632228,phone,user2,sit
33.69576337,9.595960617,-1.510741234,-1.326387763,0.000532632228,0.000532632228,-0.000532632228,phone,user2,sit
33.71576204,9.588777542,-1.515529633,-1.331176162,-0.000532632228,0.000532632228,0.0,phone,user2,sit
33.73576884,9.588777542,-1.505952835,-1.314416766,-0.001597896684,0.000532632228,0.0,phone,user2,sit
33.75577743,9.591172218,-1.503558636,-1.319205165,-0.002130528912,0.001065264456,0.0,phone,user2,sit
33.7757904,9.593565941,-1.513135433,-1.316810966,-0.002130528912,0.000532632228,0.000532632228,phone,user2,sit
33.79581095,9.595960617,-1.517923832,-1.321599364,-0.001597896684,0.001065264456,0.002130528912,phone,user2,sit
33.8158311,9.595960617,-1.508347034,-1.297657371,-0.000532632228,0.001065264456,0.000532632228,phone,user2,sit
33.83585095,9.588777542,-1.52510643,-1.307234168,0.000532632228,0.000532632228,-0.000532632228,phone,user2,sit
33.85587353,9.595960617,-1.515529633,-1.302445769,0.001065264456,-0.000532632228,-0.000532632228,phone,user2,sit
33.87589462,9.583989143,-1.515529633,-1.321599364,0.000532632228,-0.000532632228,-0.000532632228,phone,user2,sit
33.89590966,9.595960617,-1.517923832,-1.314416766,0.000532632228,-0.001597896684,-0.000532632228,phone,user2,sit
33.91592071,9.593565941,-1.501164436,-1.333570361,0.001065264456,-0.001065264456,0.000532632228,phone,user2,sit
33.93592845,9.579200745,-1.508347034,-1.319205165,-0.001065264456,-0.000532632228,0.0,phone,user2,sit
33.95593607,9.581595421,-1.513135433,-1.319205165,-0.000532632228,0.001065264456,0.001065264456,phone,user2,sit
33.97594548,9.591172218,-1.505952835,-1.312022567,0.001597896684,0.00266316114,0.001597896684,phone,user2,sit
33.99596743,9.583989143,-1.515529633,-1.312022567,0.001065264456,0.00266316114,0.001597896684,phone,user2,sit
34.01597489,9.595960617,-1.527500629,-1.319205165,0.001597896684,0.002130528912,0.001065264456,phone,user2,sit
34.03597974,9.58638382,-1.522712231,-1.312022567,0.000532632228,0.000532632228,0.001597896684,phone,user2,sit
34.05598771,9.58638382,-1.513135433,-1.312022567,0.000532632228,0.0,-0.001065264456,phone,user2,sit
34.0760081,9.58638382,-1.508347034,-1.331176162,0.000532632228,0.0,-0.001065264456,phone,user2,sit
34.09602552,9.610325813,-1.515529633,-1.319205165,-0.001065264456,-0.001065264456,0.0,phone,user2,sit
34.11605126,9.59835434,-1.510741234,-1.309628367,-0.001065264456,-0.000532632228,0.001597896684,phone,user2,sit
34.13607208,9.607931137,-1.517923832,-1.302445769,-0.001065264456,0.0,0.001597896684,phone,user2,sit
34.15607907,9.610325813,-1.505952835,-1.326387763,-0.001597896684,0.000532632228,0.0,phone,user2,sit
34.17609771,9.603142738,-1.508347034,-1.323993564,-0.001065264456,0.001065264456,0.0,phone,user2,sit
34.19611364,9.58638382,-1.517923832,-1.333570361,0.0,-0.001065264456,0.001065264456,phone,user2,sit
34.21613966,9.550470352,-1.508347034,-1.319205165,-0.001065264456,0.000532632228,0.001597896684,phone,user2,sit
34.23616571,9.557653427,-1.498770237,-1.316810966,-0.001065264456,0.003728425596,-0.001597896684,phone,user2,sit
34.256189,9.562441826,-1.505952835,-1.333570361,0.00266316114,0.00266316114,0.0,phone,user2,sit
34.27621204,9.595960617,-1.52510643,-1.319205165,0.003195793368,0.004261057824,-0.000532632228,phone,user2,sit
34.29623923,9.612719536,-1.527500629,-1.312022567,0.002130528912,0.003195793368,-0.001065264456,phone,user2,sit
34.3162697,9.610325813,-1.517923832,-1.319205165,0.000532632228,0.00266316114,-0.000532632228,phone,user2,sit
34.33629103,9.595960617,-1.503558636,-1.323993564,0.0,0.000532632228,0.000532632228,phone,user2,sit
34.35631341,9.58638382,-1.496376038,-1.323993564,-0.001597896684,-0.001065264456,0.000532632228,phone,user2,sit
34.37633818,9.574412346,-1.496376038,-1.316810966,-0.001597896684,0.002130528912,0.00266316114,phone,user2,sit
34.39635814,9.588777542,-1.520318031,-1.326387763,0.000532632228,0.00266316114,0.00266316114,phone,user2,sit
34.41637388,9.605537415,-1.513135433,-1.321599364,0.001597896684,0.002130528912,0.003195793368,phone,user2,sit
34.43639505,9.591172218,-1.517923832,-1.307234168,0.000532632228,0.001065264456,0.001597896684,phone,user2,sit
34.45640673,9.607931137,-1.527500629,-1.321599364,0.000532632228,-0.002130528912,0.001597896684,phone,user2,sit
34.47642204,9.615114212,-1.529894829,-1.331176162,-0.000532632228,-0.005858954508,0.00266316114,phone,user2,sit
34.49644513,9.588777542,-1.527500629,-1.321599364,-0.002130528912,-0.004261057824,0.001065264456,phone,user2,sit
34.5164638,9.56004715,-1.508347034,-1.333570361,-0.001065264456,-0.00266316114,0.0,phone,user2,sit
34.53648454,9.552865028,-1.491587639,-1.340752959,0.0,-0.001065264456,-0.000532632228,phone,user2,sit
34.55650122,9.58638382,-1.498770237,-1.328781962,0.001597896684,0.001597896684,0.0,phone,user2,sit
34.57651638,9.595960617,-1.503558636,-1.316810966,-0.000532632228,0.003195793368,0.000532632228,phone,user2,sit
34.59653056,9.595960617,-1.510741234,-1.323993564,0.0,0.004793690052,0.001065264456,phone,user2,sit
34.61653482,9.588777542,-1.505952835,-1.326387763,-0.000532632228,0.00266316114,0.000532632228,phone,user2,sit
34.63654892,9.583989143,-1.517923832,-1.312022567,0.0,0.004261057824,0.000532632228,phone,user2,sit
34.65656029,9.579200745,-1.508347034,-1.331176162,0.001065264456,0.003195793368,0.001597896684,phone,user2,sit
34.67656927,9.588777542,-1.522712231,-1.309628367,0.001065264456,0.003728425596,0.001597896684,phone,user2,sit
34.69657232,9.574412346,-1.522712231,-1.295263171,0.001065264456,0.002130528912,0.0,phone,user2,sit
34.71656669,9.600749016,-1.520318031,-1.314416766,0.001597896684,0.002130528912,0.000532632228,phone,user2,sit
34.7365779,9.595960617,-1.520318031,-1.307234168,0.0,0.002130528912,0.001065264456,phone,user2,sit
34.756587,9.59835434,-1.515529633,-1.309628367,-0.00266316114,0.0,0.000532632228,phone,user2,sit
34.77660294,9.593565941,-1.513135433,-1.302445769,-0.003728425596,-0.002130528912,0.000532632228,phone,user2,sit
34.79661564,9.583989143,-1.510741234,-1.312022567,-0.001597896684,-0.001065264456,-0.000532632228,phone,user2,sit
34.81662954,9.588777542,-1.503558636,-1.307234168,0.0,0.0,-0.000532632228,phone,user2,sit
34.83664454,9.593565941,-1.517923832,-1.319205165,0.0,0.001065264456,-0.001065264456,phone,user2,sit
34.85665478,9.579200745,-1.522712231,-1.319205165,0.001597896684,0.001597896684,0.0,phone,user2,sit
34.87666095,9.591172218,-1.510741234,-1.323993564,0.001065264456,0.001597896684,0.001597896684,phone,user2,sit
34.89667388,9.59835434,-1.527500629,-1.312022567,-0.000532632228,0.003195793368,0.000532632228,phone,user2,sit
34.91668517,9.588777542,-1.510741234,-1.302445769,-0.001065264456,0.001597896684,0.000532632228,phone,user2,sit
34.93669685,9.588777542,-1.515529633,-1.309628367,-0.001597896684,0.001065264456,0.001597896684,phone,user2,sit
34.95671099,9.591172218,-1.517923832,-1.309628367,-0.001597896684,0.001597896684,0.001065264456,phone,user2,sit
34.9767247,9.593565941,-1.513135433,-1.304839969,-0.000532632228,0.001597896684,0.000532632228,phone,user2,sit
34.99673458,9.591172218,-1.515529633,-1.321599364,0.001065264456,0.002130528912,-0.000532632228,phone,user2,sit
35.01673888,9.59835434,-1.527500629,-1.319205165,0.001597896684,0.002130528912,-0.000532632228,phone,user2,sit
35.0367463,9.59835434,-1.534683347,-1.319205165,0.001065264456,0.000532632228,-0.000532632228,phone,user2,sit
35.05674634,9.603142738,-1.52510643,-1.319205165,0.000532632228,0.001065264456,0.0,phone,user2,sit
35.076759,9.58638382,-1.527500629,-1.312022567,0.000532632228,0.0,-0.000532632228,phone,user2,sit
35.09677454,9.569623947,-1.510741234,-1.316810966,-0.001597896684,-0.001065264456,-0.000532632228,phone,user2,sit
35.11679501,9.572018623,-1.513135433,-1.314416766,-0.001597896684,-0.003195793368,-0.003195793368,phone,user2,sit
35.13681028,9.591172218,-1.515529633,-1.323993564,-0.001065264456,-0.002130528912,-0.00266316114,phone,user2,sit
35.15682712,9.631873131,-1.522712231,-1.319205165,-0.001065264456,-0.001597896684,0.0,phone,user2,sit
35.17684427,9.629479408,-1.517923832,-1.302445769,-0.003195793368,-0.001597896684,0.000532632228,phone,user2,sit
35.19686361,9.593565941,-1.513135433,-1.290474772,-0.00266316114,-0.001065264456,0.001065264456,phone,user2,sit
35.21687888,9.593565941,-1.498770237,-1.314416766,-0.001597896684,-0.003728425596,0.0,phone,user2,sit
35.23689442,9.600749016,-1.520318031,-1.328781962,-0.001597896684,-0.002130528912,-0.000532632228,phone,user2,sit
35.2569004,9.564835548,-1.517923832,-1.295263171,0.0,-0.001597896684,-0.001597896684,phone,user2,sit
35.27690935,9.550470352,-1.508347034,-1.307234168,0.001597896684,-0.001597896684,-0.002130528912,phone,user2,sit
35.29691489,9.557653427,-1.515529633,-1.316810966,0.000532632228,0.001065264456,-0.00266316114,phone,user2,sit
35.31692216,9.583989143,-1.527500629,-1.321599364,0.000532632228,-0.001065264456,-0.003728425596,phone,user2,sit
35.33693114,9.605537415,-1.537077546,-1.323993564,0.000532632228,-0.003728425596,-0.003728425596,phone,user2,sit
35.35695052,9.600749016,-1.517923832,-1.321599364,0.0,0.0,-0.003195793368,phone,user2,sit
35.37696196,9.595960617,-1.517923832,-1.321599364,0.0,0.0,-0.00266316114,phone,user2,sit
35.39696986,9.581595421,-1.513135433,-1.321599364,-0.001065264456,-0.000532632228,-0.001065264456,phone,user2,sit
35.41698275,9.564835548,-1.498770237,-1.316810966,-0.001597896684,0.000532632228,0.000532632228,phone,user2,sit
35.43699224,9.58638382,-1.503558636,-1.319205165,0.0,0.001597896684,0.0,phone,user2,sit
35.45700728,9.588777542,-1.534683347,-1.309628367,0.000532632228,0.001597896684,0.0,phone,user2,sit
35.47701946,9.600749016,-1.52510643,-1.302445769,0.0,0.001597896684,-0.001597896684,phone,user2,sit
35.49702958,9.610325813,-1.527500629,-1.297657371,-0.000532632228,-0.002130528912,-0.00266316114,phone,user2,sit
35.51704103,9.607931137,-1.534683347,-1.312022567,-0.001065264456,-0.003728425596,-0.00266316114,phone,user2,sit
35.53705923,9.603142738,-1.520318031,-1.316810966,-0.002130528912,-0.004261057824,-0.003195793368,phone,user2,sit
35.55706896,9.58638382,-1.505952835,-1.314416766,-0.00266316114,-0.003728425596,-0.003195793368,phone,user2,sit
35.57707732,9.572018623,-1.496376038,-1.319205165,-0.002130528912,-0.003728425596,-0.00266316114,phone,user2,sit
35.59709048,9.572018623,-1.493981838,-1.314416766,-0.001597896684,-0.004261057824,-0.000532632228,phone,user2,sit
35.61710583,9.581595421,-1.505952835,-1.314416766,-0.001597896684,-0.003195793368,-0.001065264456,phone,user2,sit
35.6371179,9.595960617,-1.515529633,-1.319205165,0.0,-0.001065264456,-0.000532632228,phone,user2,sit
35.65712552,9.610325813,-1.522712231,-1.312022567,0.0,-0.001065264456,0.000532632228,phone,user2,sit
35.67713052,9.600749016,-1.522712231,-1.307234168,0.0,-0.001597896684,0.0,phone,user2,sit
35.69713989,9.593565941,-1.52510643,-1.319205165,0.001065264456,-0.001597896684,0.000532632228,phone,user2,sit
35.71714388,9.583989143,-1.517923832,-1.326387763,0.002130528912,-0.002130528912,-0.001065264456,phone,user2,sit
35.73714728,9.58638382,-1.510741234,-1.321599364,0.00266316114,-0.001065264456,-0.001065264456,phone,user2,sit
35.7571536,9.593565941,-1.520318031,-1.326387763,0.002130528912,-0.001065264456,-0.002130528912,phone,user2,sit
35.77717189,9.595960617,-1.510741234,-1.323993564,0.001597896684,-0.001065264456,-0.001597896684,phone,user2,sit
35.7971863,9.581595421,-1.520318031,-1.331176162,0.0,0.0,-0.001597896684,phone,user2,sit
35.81720439,9.583989143,-1.52510643,-1.331176162,-0.000532632228,-0.001065264456,-0.001065264456,phone,user2,sit
35.83722177,9.581595421,-1.520318031,-1.326387763,-0.002130528912,-0.001597896684,-0.000532632228,phone,user2,sit
35.85722642,9.595960617,-1.510741234,-1.326387763,-0.003195793368,-0.000532632228,-0.002130528912,phone,user2,sit
35.87723224,9.579200745,-1.513135433,-1.319205165,-0.003195793368,-0.001065264456,-0.001597896684,phone,user2,sit
35.89724724,9.579200745,-1.508347034,-1.323993564,-0.00266316114,-0.000532632228,0.0,phone,user2,sit
35.91725478,9.588777542,-1.527500629,-1.312022567,-0.00266316114,-0.001597896684,-0.000532632228,phone,user2,sit
35.93726384,9.59835434,-1.515529633,-1.316810966,-0.001065264456,-0.000532632228,-0.001065264456,phone,user2,sit
35.95726724,9.593565941,-1.515529633,-1.302445769,-0.000532632228,0.0,-0.001597896684,phone,user2,sit
35.97726997,9.58638382,-1.503558636,-1.304839969,-0.001065264456,0.000532632228,-0.002130528912,phone,user2,sit
35.99728032,9.593565941,-1.505952835,-1.321599364,0.0,-0.000532632228,-0.001065264456,phone,user2,sit
36.01729802,9.583989143,-1.498770237,-1.323993564,0.0,0.0,0.0,phone,user2,sit
36.03730321,9.591172218,-1.503558636,-1.333570361,-0.001065264456,0.001597896684,-0.000532632228,phone,user2,sit
36.05730673,9.588777542,-1.515529633,-1.323993564,-0.000532632228,0.000532632228,-0.000532632228,phone,user2,sit
36.07731419,9.595960617,-1.517923832,-1.321599364,-0.000532632228,0.001597896684,0.0,phone,user2,sit
36.09733021,9.579200745,-1.513135433,-1.307234168,0.0,0.0,-0.001065264456,phone,user2,sit
36.11734739,9.591172218,-1.510741234,-1.319205165,0.001597896684,0.0,-0.001597896684,phone,user2,sit
36.13736361,9.612719536,-1.522712231,-1.326387763,-0.000532632228,-0.001065264456,-0.000532632228,phone,user2,sit
36.15737146,9.615114212,-1.529894829,-1.304839969,-0.001065264456,-0.000532632228,0.001065264456,phone,user2,sit
36.17738571,9.612719536,-1.517923832,-1.290474772,-0.001597896684,-0.00266316114,0.000532632228,phone,user2,sit
36.19739802,9.603142738,-1.503558636,-1.316810966,-0.003728425596,-0.004261057824,-0.001065264456,phone,user2,sit
36.21740536,9.607931137,-1.522712231,-1.312022567,-0.002130528912,-0.003195793368,-0.000532632228,phone,user2,sit
36.23740638,9.59835434,-1.510741234,-1.314416766,-0.00266316114,-0.004793690052,0.0,phone,user2,sit
36.25741638,9.564835548,-1.508347034,-1.326387763,-0.001065264456,-0.003195793368,0.000532632228,phone,user2,sit
36.27743017,9.557653427,-1.501164436,-1.319205165,-0.001065264456,0.000532632228,-0.000532632228,phone,user2,sit
36.29744349,9.567230225,-1.508347034,-1.33835876,0.001597896684,-0.001065264456,0.000532632228,phone,user2,sit
36.31745685,9.58638382,-1.527500629,-1.331176162,0.001597896684,-0.000532632228,-0.001065264456,phone,user2,sit
36.33746025,9.59835434,-1.527500629,-1.321599364,0.001065264456,0.002130528912,-0.001597896684,phone,user2,sit
36.35746509,9.591172218,-1.513135433,-1.331176162,0.001597896684,0.002130528912,-0.002130528912,phone,user2,sit
36.37746993,9.595960617,-1.513135433,-1.33835876,0.0,0.002130528912,-0.001597896684,phone,user2,sit
36.39747583,9.583989143,-1.503558636,-1.331176162,-0.001065264456,0.0,0.0,phone,user2,sit
36.41748568,9.588777542,-1.503558636,-1.314416766,-0.001597896684,0.002130528912,-0.000532632228,phone,user2,sit
36.43749708,9.593565941,-1.517923832,-1.323993564,-0.000532632228,0.002130528912,0.000532632228,phone,user2,sit
36.45750329,9.610325813,-1.52510643,-1.321599364,0.0,0.001065264456,0.000532632228,phone,user2,sit
36.47751536,9.610325813,-1.508347034,-1.312022567,-0.000532632228,0.001065264456,-0.001065264456,phone,user2,sit
36.49752661,9.615114212,-1.515529633,-1.312022567,-0.000532632228,-0.001065264456,-0.000532632228,phone,user2,sit
36.51753997,9.603142738,-1.534683347,-1.316810966,-0.002130528912,-0.003728425596,0.000532632228,phone,user2,sit
36.53754677,9.595960617,-1.517923832,-1.297657371,-0.00266316114,-0.00266316114,-0.000532632228,phone,user2,sit
36.55755989,9.581595421,-1.501164436,-1.312022567,-0.002130528912,-0.003728425596,0.0,phone,user2,sit
36.57758466,9.574412346,-1.505952835,-1.326387763,-0.001065264456,-0.003728425596,-0.001065264456,phone,user2,sit
36.59760966,9.58638382,-1.501164436,-1.333570361,-0.000532632228,-0.002130528912,0.0,phone,user2,sit
36.61762771,9.593565941,-1.503558636,-1.309628367,0.0,-0.002130528912,-0.000532632228,phone,user2,sit
36.637637,9.58638382,-1.505952835,-1.319205165,0.000532632228,0.0,0.0,phone,user2,sit
36.65765009,9.591172218,-1.508347034,-1.319205165,0.000532632228,0.000532632228,0.0,phone,user2,sit
36.67765974,9.58638382,-1.508347034,-1.321599364,0.001597896684,0.0,0.0,phone,user2,sit
36.69767407,9.581595421,-1.505952835,-1.314416766,0.00266316114,0.000532632228,0.000532632228,phone,user2,sit
36.71768028,9.581595421,-1.513135433,-1.321599364,0.001597896684,0.002130528912,0.000532632228,phone,user2,sit
36.73769587,9.595960617,-1.515529633,-1.323993564,0.001597896684,0.001065264456,-0.000532632228,phone,user2,sit
36.75770986,9.591172218,-1.513135433,-1.328781962,0.001597896684,0.002130528912,0.000532632228,phone,user2,sit
36.77772685,9.595960617,-1.522712231,-1.314416766,0.0,0.001597896684,-0.000532632228,phone,user2,sit
36.7977422,9.600749016,-1.515529633,-1.319205165,0.0,-0.001065264456,0.0,phone,user2,sit
36.81775517,9.605537415,-1.515529633,-1.331176162,-0.001597896684,-0.001065264456,0.001597896684,phone,user2,sit
36.83776575,9.593565941,-1.515529633,-1.331176162,-0.001065264456,-0.003195793368,-0.000532632228,phone,user2,sit
36.85778665,9.583989143,-1.508347034,-1.321599364,-0.000532632228,-0.003195793368,0.000532632228,phone,user2,sit
36.87780173,9.583989143,-1.510741234,-1.323993564,-0.001065264456,-0.000532632228,0.001065264456,phone,user2,sit
36.89782271,9.583989143,-1.496376038,-1.328781962,0.0,-0.001065264456,0.000532632228,phone,user2,sit
36.91782911,9.576807022,-1.52510643,-1.326387763,0.001597896684,0.0,0.0,phone,user2,sit
36.93783087,9.583989143,-1.520318031,-1.326387763,0.002130528912,-0.000532632228,0.001065264456,phone,user2,sit
36.95782712,9.581595421,-1.513135433,-1.323993564,0.000532632228,0.000532632228,0.0,phone,user2,sit
36.97782997,9.579200745,-1.508347034,-1.331176162,0.001065264456,0.001597896684,0.000532632228,phone,user2,sit
36.99783755,9.583989143,-1.513135433,-1.319205165,0.000532632228,0.001597896684,0.001065264456,phone,user2,sit
37.01784298,9.583989143,-1.52510643,-1.319205165,0.0,0.003195793368,0.001065264456,phone,user2,sit
37.03783696,9.591172218,-1.513135433,-1.323993564,0.0,0.003195793368,0.001065264456,phone,user2,sit
37.0578306,9.59835434,-1.513135433,-1.312022567,0.001065264456,0.002130528912,0.001065264456,phone,user2,sit
37.07782603,9.610325813,-1.532289028,-1.319205165,0.0,0.002130528912,0.000532632228,phone,user2,sit
37.09782079,9.600749016,-1.52510643,-1.307234168,-0.000532632228,0.003195793368,0.001065264456,phone,user2,sit
37.11782259,9.600749016,-1.52510643,-1.309628367,0.001065264456,0.001597896684,0.00266316114,phone,user2,sit
37.13781786,9.595960617,-1.503558636,-1.316810966,0.001597896684,0.002130528912,0.001597896684,phone,user2,sit
37.157822,9.58638382,-1.52510643,-1.312022567,-0.001065264456,0.0,0.000532632228,phone,user2,sit
37.1778256,9.572018623,-1.510741234,-1.319205165,-0.000532632228,-0.001597896684,0.0,phone,user2,sit
37.19783009,9.600749016,-1.510741234,-1.319205165,-0.002130528912,-0.000532632228,0.000532632228,phone,user2,sit
37.21784696,9.600749016,-1.527500629,-1.307234168,-0.000532632228,0.001065264456,0.00266316114,phone,user2,sit
37.23786239,9.603142738,-1.517923832,-1.321599364,-0.000532632228,0.000532632228,0.001597896684,phone,user2,sit
37.25787638,9.600749016,-1.508347034,-1.321599364,-0.001065264456,0.002130528912,0.000532632228,phone,user2,sit
37.2778879,9.605537415,-1.503558636,-1.328781962,-0.001065264456,0.001065264456,0.001065264456,phone,user2,sit
37.29789732,9.588777542,-1.496376038,-1.321599364,0.0,0.000532632228,0.003195793368,phone,user2,sit
37.31790208,9.569623947,-1.515529633,-1.304839969,-0.001065264456,0.002130528912,0.001597896684,phone,user2,sit
37.33791126,9.557653427,-1.503558636,-1.304839969,-0.001597896684,0.004793690052,0.001597896684,phone,user2,sit
37.35792478,9.576807022,-1.520318031,-1.314416766,0.001597896684,0.002130528912,0.0,phone,user2,sit
37.37793853,9.603142738,-1.513135433,-1.312022567,0.001597896684,0.002130528912,0.001065264456,phone,user2,sit
37.39794525,9.605537415,-1.520318031,-1.307234168,0.00266316114,0.003728425596,0.0,phone,user2,sit
37.41796251,9.603142738,-1.52510643,-1.321599364,0.003728425596,0.003728425596,0.0,phone,user2,sit
37.43797904,9.607931137,-1.503558636,-1.335964561,0.002130528912,0.001597896684,0.001065264456,phone,user2,sit
37.45798638,9.574412346,-1.508347034,-1.319205165,0.000532632228,0.001065264456,0.000532632228,phone,user2,sit
37.4779938,9.572018623,-1.508347034,-1.307234168,-0.001065264456,0.001065264456,0.002130528912,phone,user2,sit
37.49800564,9.593565941,-1.520318031,-1.319205165,-0.000532632228,0.0,0.002130528912,phone,user2,sit
37.51801165,9.600749016,-1.510741234,-1.319205165,-0.000532632228,0.002130528912,0.001065264456,phone,user2,sit
37.53802466,9.593565941,-1.517923832,-1.304839969,-0.000532632228,0.003195793368,0.001597896684,phone,user2,sit
37.55802868,9.605537415,-1.520318031,-1.309628367,-0.001065264456,-0.000532632228,0.001597896684,phone,user2,sit
37.5780354,9.617507935,-1.529894829,-1.316810966,-0.000532632228,0.000532632228,0.001597896684,phone,user2,sit
37.59805154,9.58638382,-1.532289028,-1.302445769,-0.00266316114,-0.001597896684,0.001597896684,phone,user2,sit
37.61805786,9.572018623,-1.508347034,-1.297657371,-0.001065264456,-0.001597896684,0.000532632228,phone,user2,sit
37.63806935,9.581595421,-1.505952835,-1.321599364,-0.000532632228,-0.001065264456,0.001065264456,phone,user2,sit
37.65807692,9.59835434,-1.510741234,-1.295263171,0.001065264456,0.001065264456,0.001597896684,phone,user2,sit
37.67809454,9.600749016,-1.520318031,-1.309628367,0.002130528912,0.002130528912,0.001065264456,phone,user2,sit
37.69810599,9.59835434,-1.517923832,-1.321599364,0.002130528912,0.002130528912,0.002130528912,phone,user2,sit
37.71810872,9.595960617,-1.520318031,-1.319205165,0.002130528912,0.003728425596,0.001065264456,phone,user2,sit
37.73812431,9.58638382,-1.515529633,-1.312022567,0.002130528912,0.001065264456,0.001065264456,phone,user2,sit
37.75814279,9.579200745,-1.522712231,-1.321599364,0.002130528912,0.00266316114,0.000532632228,phone,user2,sit
37.77815419,9.569623947,-1.517923832,-1.323993564,0.000532632228,0.00266316114,0.001597896684,phone,user2,sit
37.79816204,9.569623947,-1.515529633,-1.323993564,0.0,0.002130528912,-0.001065264456,phone,user2,sit
37.81817517,9.588777542,-1.510741234,-1.312022567,0.000532632228,0.002130528912,-0.001065264456,phone,user2,sit
37.83818138,9.603142738,-1.520318031,-1.309628367,-0.001065264456,0.001065264456,-0.001065264456,phone,user2,sit
37.85819427,9.59835434,-1.532289028,-1.309628367,-0.002130528912,-0.001597896684,-0.001597896684,phone,user2,sit
37.87821083,9.591172218,-1.527500629,-1.309628367,-0.003728425596,-0.00266316114,-0.001597896684,phone,user2,sit
37.89823607,9.588777542,-1.517923832,-1.30005157,-0.00266316114,-0.002130528912,-0.002130528912,phone,user2,sit
37.91826255,9.581595421,-1.517923832,-1.307234168,-0.002130528912,-0.00266316114,-0.001597896684,phone,user2,sit
37.93828489,9.593565941,-1.513135433,-1.30005157,-0.001597896684,-0.001597896684,-0.001597896684,phone,user2,sit
37.95830904,9.579200745,-1.515529633,-1.290474772,-0.001597896684,-0.002130528912,-0.001597896684,phone,user2,sit
37.97833275,9.593565941,-1.520318031,-1.312022567,0.0,-0.001065264456,-0.001597896684,phone,user2,sit
37.99835517,9.588777542,-1.515529633,-1.314416766,0.000532632228,-0.000532632228,-0.002130528912,phone,user2,sit
38.01837427,9.588777542,-1.522712231,-1.312022567,0.000532632228,-0.000532632228,-0.000532632228,phone,user2,sit
38.03838478,9.574412346,-1.510741234,-1.312022567,0.000532632228,0.000532632228,-0.001065264456,phone,user2,sit
38.05839614,9.572018623,-1.513135433,-1.321599364,0.0,0.001597896684,-0.001065264456,phone,user2,sit
38.07840603,9.579200745,-1.517923832,-1.319205165,0.000532632228,0.0,-0.001065264456,phone,user2,sit
38.09841763,9.588777542,-1.517923832,-1.323993564,-0.000532632228,0.0,-0.001597896684,phone,user2,sit
38.11842486,9.591172218,-1.522712231,-1.316810966,-0.000532632228,0.000532632228,-0.001597896684,phone,user2,sit
38.13843368,9.605537415,-1.522712231,-1.312022567,-0.001065264456,0.0,-0.001065264456,phone,user2,sit
38.15844739,9.595960617,-1.515529633,-1.309628367,-0.001065264456,-0.001597896684,-0.001597896684,phone,user2,sit
38.17846333,9.588777542,-1.505952835,-1.297657371,-0.000532632228,-0.000532632228,-0.003195793368,phone,user2,sit
38.19847532,9.595960617,-1.515529633,-1.312022567,-0.000532632228,-0.001597896684,-0.003728425596,phone,user2,sit
38.21848716,9.603142738,-1.52510643,-1.323993564,-0.001597896684,-0.00266316114,-0.001065264456,phone,user2,sit
38.23850775,9.605537415,-1.522712231,-1.312022567,-0.003728425596,-0.002130528912,0.000532632228,phone,user2,sit
38.25853181,9.610325813,-1.539471745,-1.295263171,-0.00266316114,-0.00266316114,0.0,phone,user2,sit
38.27855544,9.603142738,-1.513135433,-1.309628367,-0.003195793368,-0.003728425596,-0.000532632228,phone,user2,sit
38.29857251,9.593565941,-1.515529633,-1.326387763,-0.00266316114,-0.00266316114,-0.001597896684,phone,user2,sit
38.31859138,9.574412346,-1.501164436,-1.323993564,0.0,-0.001597896684,-0.001065264456,phone,user2,sit
38.33860771,9.550470352,-1.515529633,-1.326387763,0.001065264456,-0.000532632228,-0.001065264456,phone,user2,sit
38.35862321,9.545681953,-1.498770237,-1.304839969,-0.000532632228,0.000532632228,-0.001597896684,phone,user2,sit
38.37863614,9.557653427,-1.52510643,-1.307234168,0.0,0.002130528912,-0.003195793368,phone,user2,sit
38.39864622,9.579200745,-1.522712231,-1.328781962,0.000532632228,-0.001065264456,-0.003728425596,phone,user2,sit
38.41866357,9.607931137,-1.539471745,-1.319205165,0.0,-0.000532632228,-0.003728425596,phone,user2,sit
38.43868306,9.607931137,-1.529894829,-1.319205165,0.001597896684,0.000532632228,-0.00266316114,phone,user2,sit
38.45869646,9.595960617,-1.515529633,-1.326387763,0.001065264456,-0.001065264456,-0.002130528912,phone,user2,sit
38.47871911,9.588777542,-1.508347034,-1.321599364,-0.000532632228,-0.001065264456,-0.003728425596,phone,user2,sit
38.49873318,9.579200745,-1.498770237,-1.309628367,0.0,0.0,-0.002130528912,phone,user2,sit
38.51873935,9.58638382,-1.508347034,-1.314416766,-0.000532632228,-0.000532632228,0.0,phone,user2,sit
38.5387438,9.588777542,-1.517923832,-1.307234168,-0.001065264456,0.000532632228,0.000532632228,phone,user2,sit
38.55875005,9.600749016,-1.513135433,-1.304839969,-0.000532632228,-0.001065264456,-0.000532632228,phone,user2,sit
38.57875052,9.607931137,-1.513135433,-1.312022567,-0.002130528912,-0.00266316114,-0.001065264456,phone,user2,sit
38.59875419,9.595960617,-1.527500629,-1.314416766,-0.001597896684,-0.003728425596,-0.001597896684,phone,user2,sit
38.61876489,9.591172218,-1.515529633,-1.319205165,-0.002130528912,-0.003728425596,-0.002130528912,phone,user2,sit
38.63877173,9.58638382,-1.522712231,-1.319205165,-0.001597896684,-0.004793690052,-0.002130528912,phone,user2,sit
38.65877849,9.58638382,-1.505952835,-1.316810966,-0.001597896684,-0.004793690052,-0.00266316114,phone,user2,sit
38.67878665,9.593565941,-1.508347034,-1.309628367,-0.002130528912,-0.003728425596,-0.002130528912,phone,user2,sit
38.6988113,9.595960617,-1.505952835,-1.309628367,-0.003195793368,-0.003728425596,-0.001597896684,phone,user2,sit
38.71882427,9.58638382,-1.520318031,-1.316810966,0.0,-0.00266316114,0.0,phone,user2,sit
38.73884517,9.581595421,-1.501164436,-1.319205165,0.001597896684,-0.001065264456,-0.000532632228,phone,user2,sit
38.75885349,9.576807022,-1.508347034,-1.314416766,0.002130528912,0.000532632228,0.0,phone,user2,sit
38.7788681,9.588777542,-1.513135433,-1.309628367,0.003195793368,0.002130528912,0.000532632228,phone,user2,sit
38.79888513,9.591172218,-1.517923832,-1.331176162,0.003728425596,0.002130528912,-0.001065264456,phone,user2,sit
38.81889427,9.595960617,-1.529894829,-1.328781962,0.002130528912,0.002130528912,0.0,phone,user2,sit
38.83889626,9.603142738,-1.52510643,-1.326387763,0.002130528912,0.001065264456,0.0,phone,user2,sit
38.85889732,9.595960617,-1.529894829,-1.319205165,-0.000532632228,0.000532632228,-0.001065264456,phone,user2,sit
38.8789022,9.591172218,-1.513135433,-1.319205165,-0.001597896684,0.0,-0.001597896684,phone,user2,sit
38.89890501,9.588777542,-1.52510643,-1.319205165,-0.002130528912,-0.000532632228,-0.000532632228,phone,user2,sit
38.91891353,9.59835434,-1.513135433,-1.319205165,-0.001597896684,-0.002130528912,-0.000532632228,phone,user2,sit
38.93892525,9.58638382,-1.505952835,-1.323993564,-0.002130528912,-0.001065264456,-0.001065264456,phone,user2,sit
38.95894021,9.593565941,-1.515529633,-1.312022567,-0.001597896684,0.0,0.0,phone,user2,sit
38.97895161,9.58638382,-1.513135433,-1.312022567,-0.001597896684,0.0,-0.000532632228,phone,user2,sit
38.9989588,9.588777542,-1.505952835,-1.309628367,-0.000532632228,-0.000532632228,0.000532632228,phone,user2,sit
39.01895958,9.579200745,-1.515529633,-1.316810966,-0.000532632228,0.001065264456,0.000532632228,phone,user2,sit
39.03896435,9.58638382,-1.513135433,-1.312022567,-0.000532632228,0.001065264456,0.0,phone,user2,sit
39.05897978,9.593565941,-1.491587639,-1.316810966,0.001065264456,0.0,0.001065264456,phone,user2,sit
39.07900079,9.59835434,-1.520318031,-1.333570361,0.0,-0.000532632228,-0.000532632228,phone,user2,sit
39.09901935,9.583989143,-1.513135433,-1.328781962,0.000532632228,0.001065264456,0.000532632228,phone,user2,sit
39.11903724,9.583989143,-1.505952835,-1.314416766,0.001065264456,0.000532632228,0.0,phone,user2,sit
39.13906071,9.595960617,-1.515529633,-1.314416766,0.002130528912,0.001597896684,0.0,phone,user2,sit
39.15907755,9.607931137,-1.522712231,-1.312022567,0.001065264456,0.001597896684,0.001065264456,phone,user2,sit
39.17909271,9.58638382,-1.520318031,-1.323993564,0.001065264456,0.001065264456,0.000532632228,phone,user2,sit
39.19910349,9.591172218,-1.508347034,-1.304839969,0.0,0.001065264456,-0.000532632228,phone,user2,sit
39.21912286,9.600749016,-1.513135433,-1.331176162,0.000532632228,0.000532632228,-0.001065264456,phone,user2,sit
39.23914376,9.600749016,-1.510741234,-1.328781962,-0.000532632228,0.001065264456,0.000532632228,phone,user2,sit
39.25915661,9.610325813,-1.520318031,-1.302445769,-0.001597896684,0.001597896684,0.001597896684,phone,user2,sit
39.27917478,9.600749016,-1.505952835,-1.316810966,-0.001597896684,-0.001065264456,0.001065264456,phone,user2,sit
39.29919169,9.600749016,-1.508347034,-1.335964561,-0.002130528912,-0.002130528912,-0.001065264456,phone,user2,sit
39.31920599,9.610325813,-1.517923832,-1.326387763,-0.001597896684,0.001065264456,-0.000532632228,phone,user2,sit
39.33922536,9.588777542,-1.52510643,-1.323993564,-0.001597896684,-0.001065264456,-0.000532632228,phone,user2,sit
39.35924321,9.574412346,-1.510741234,-1.307234168,-0.001065264456,-0.000532632228,0.0,phone,user2,sit
39.37926388,9.550470352,-1.491587639,-1.314416766,0.000532632228,0.002130528912,-0.001065264456,phone,user2,sit
39.39929989,9.564835548,-1.498770237,-1.335964561,0.0,0.001065264456,-0.002130528912,phone,user2,sit
39.41932325,9.603142738,-1.515529633,-1.328781962,0.003195793368,0.00266316114,-0.001065264456,phone,user2,sit
39.43934052,9.603142738,-1.517923832,-1.316810966,0.00266316114,0.00532632228,-0.001597896684,phone,user2,sit
39.4593622,9.610325813,-1.517923832,-1.319205165,0.001597896684,0.003195793368,-0.001065264456,phone,user2,sit
39.47937431,9.603142738,-1.517923832,-1.323993564,0.000532632228,0.002130528912,-0.000532632228,phone,user2,sit
39.49938888,9.581595421,-1.505952835,-1.314416766,-0.000532632228,0.00266316114,0.000532632228,phone,user2,sit
39.51940232,9.583989143,-1.501164436,-1.302445769,-0.000532632228,0.001597896684,0.002130528912,phone,user2,sit
39.5394161,9.603142738,-1.522712231,-1.312022567,0.000532632228,0.000532632228,0.003195793368,phone,user2,sit
39.55943724,9.603142738,-1.513135433,-1.307234168,0.000532632228,0.000532632228,0.001597896684,phone,user2,sit
39.57946146,9.607931137,-1.503558636,-1.309628367,0.001597896684,0.001597896684,0.001065264456,phone,user2,sit
39.59948353,9.603142738,-1.522712231,-1.326387763,0.001065264456,-0.003195793368,0.001597896684,phone,user2,sit
39.61950618,9.612719536,-1.529894829,-1.319205165,-0.000532632228,-0.004793690052,0.001597896684,phone,user2,sit
39.63952669,9.583989143,-1.510741234,-1.319205165,-0.000532632228,-0.00266316114,0.0,phone,user2,sit
39.65954052,9.572018623,-1.505952835,-1.316810966,-0.001065264456,-0.00266316114,-0.000532632228,phone,user2,sit
39.67955458,9.581595421,-1.508347034,-1.331176162,-0.001065264456,-0.001597896684,0.0,phone,user2,sit
39.69956599,9.591172218,-1.505952835,-1.326387763,-0.002130528912,-0.000532632228,0.0,phone,user2,sit
39.71957923,9.595960617,-1.501164436,-1.321599364,-0.001597896684,0.001597896684,0.0,phone,user2,sit
39.7395938,9.600749016,-1.513135433,-1.326387763,-0.000532632228,0.001065264456,0.0,phone,user2,sit
39.75961599,9.595960617,-1.517923832,-1.33835876,0.0,0.002130528912,0.0,phone,user2,sit
39.77963454,9.579200745,-1.515529633,-1.307234168,0.002130528912,0.003195793368,0.0,phone,user2,sit
39.79966228,9.567230225,-1.515529633,-1.323993564,0.004261057824,0.004793690052,-0.000532632228,phone,user2,sit
39.81969075,9.576807022,-1.510741234,-1.326387763,0.004261057824,0.004793690052,-0.001065264456,phone,user2,sit
39.83970665,9.600749016,-1.513135433,-1.316810966,0.001597896684,0.004261057824,-0.000532632228,phone,user2,sit
39.85971333,9.603142738,-1.517923832,-1.321599364,0.0,0.00266316114,0.000532632228,phone,user2,sit
39.8797188,9.610325813,-1.517923832,-1.314416766,-0.001597896684,0.001065264456,0.001065264456,phone,user2,sit
39.89972552,9.610325813,-1.517923832,-1.321599364,-0.003728425596,-0.00266316114,-0.000532632228,phone,user2,sit
39.91973454,9.603142738,-1.513135433,-1.295263171,-0.003728425596,-0.002130528912,0.000532632228,phone,user2,sit
39.93974333,9.591172218,-1.520318031,-1.314416766,-0.001597896684,-0.002130528912,0.000532632228,phone,user2,sit
39.95975681,9.58638382,-1.503558636,-1.319205165,0.0,-0.000532632228,0.001597896684,phone,user2,sit
39.97977321,9.588777542,-1.510741234,-1.309628367,0.000532632228,0.0,0.0,phone,user2,sit
39.99979005,9.593565941,-1.505952835,-1.314416766,0.001065264456,-0.001065264456,0.000532632228,phone,user2,sit
40.01980056,9.595960617,-1.517923832,-1.326387763,-0.000532632228,-0.002130528912,0.0,phone,user2,sit
40.03980634,9.583989143,-1.510741234,-1.319205165,0.0,-0.00266316114,-0.000532632228,phone,user2,sit
40.0598129,9.58638382,-1.505952835,-1.333570361,-0.000532632228,-0.001065264456,0.001065264456,phone,user2,sit
40.0798231,9.574412346,-1.508347034,-1.331176162,0.000532632228,0.0,0.001065264456,phone,user2,sit
40.09983247,9.58638382,-1.501164436,-1.331176162,0.001065264456,0.00266316114,0.001597896684,phone,user2,sit
40.11984884,9.593565941,-1.517923832,-1.319205165,0.001065264456,0.003195793368,0.001065264456,phone,user2,sit
40.13986888,9.591172218,-1.522712231,-1.326387763,0.0,0.001597896684,0.000532632228,phone,user2,sit
40.15987509,9.59835434,-1.513135433,-1.316810966,-0.000532632228,0.000532632228,0.001597896684,phone,user2,sit
40.17988818,9.591172218,-1.520318031,-1.319205165,0.0,0.000532632228,0.0,phone,user2,sit
40.19989556,9.603142738,-1.510741234,-1.312022567,0.000532632228,0.0,0.000532632228,phone,user2,sit
40.21989778,9.605537415,-1.510741234,-1.321599364,0.0,0.0,0.001597896684,phone,user2,sit
40.23989954,9.591172218,-1.517923832,-1.326387763,-0.000532632228,0.001065264456,0.001597896684,phone,user2,sit
40.25989825,9.58638382,-1.515529633,-1.319205165,0.0,0.000532632228,0.001065264456,phone,user2,sit
40.2799013,9.579200745,-1.520318031,-1.321599364,-0.000532632228,-0.001597896684,0.0,phone,user2,sit
40.29990923,9.591172218,-1.515529633,-1.33835876,-0.000532632228,-0.001597896684,0.0,phone,user2,sit
40.31991415,9.595960617,-1.527500629,-1.328781962,-0.001597896684,-0.000532632228,0.000532632228,phone,user2,sit
40.33992165,9.610325813,-1.529894829,-1.307234168,-0.001597896684,0.000532632228,0.003195793368,phone,user2,sit
40.35992982,9.603142738,-1.520318031,-1.323993564,-0.002130528912,0.001597896684,0.003195793368,phone,user2,sit
40.37993654,9.58638382,-1.517923832,-1.312022567,-0.00266316114,0.001597896684,0.001597896684,phone,user2,sit
40.39993536,9.583989143,-1.52510643,-1.323993564,-0.001597896684,0.00266316114,0.000532632228,phone,user2,sit
40.41993185,9.581595421,-1.508347034,-1.316810966,0.0,0.001065264456,0.001065264456,phone,user2,sit
40.43993314,9.557653427,-1.515529633,-1.307234168,0.001065264456,0.003728425596,0.0,phone,user2,sit
40.45993169,9.545681953,-1.505952835,-1.316810966,0.000532632228,0.004261057824,-0.001065264456,phone,user2,sit
40.47993255,9.58638382,-1.534683347,-1.326387763,0.001597896684,0.00266316114,-0.001065264456,phone,user2,sit
40.49994107,9.607931137,-1.527500629,-1.314416766,0.001065264456,0.00266316114,-0.001065264456,phone,user2,sit
40.51994474,9.610325813,-1.510741234,-1.304839969,0.001597896684,0.004793690052,0.0,phone,user2,sit
40.53995232,9.615114212,-1.515529633,-1.323993564,0.00266316114,0.003195793368,0.000532632228,phone,user2,sit
40.55996314,9.610325813,-1.520318031,-1.316810966,0.000532632228,0.00266316114,0.001065264456,phone,user2,sit
40.57998782,9.583989143,-1.498770237,-1.316810966,-0.001597896684,0.000532632228,0.002130528912,phone,user2,sit
40.59999794,9.58638382,-1.503558636,-1.321599364,-0.002130528912,0.002130528912,0.002130528912,phone,user2,sit
40.62000654,9.588777542,-1.534683347,-1.309628367,-0.000532632228,0.001065264456,0.001597896684,phone,user2,sit
40.64000736,9.59835434,-1.532289028,-1.307234168,-0.000532632228,-0.001597896684,0.000532632228,phone,user2,sit
40.66002052,9.600749016,-1.505952835,-1.285686255,-0.000532632228,0.0,-0.000532632228,phone,user2,sit
40.68003286,9.612719536,-1.517923832,-1.312022567,-0.001065264456,-0.00266316114,-0.000532632228,phone,user2,sit
40.7000422,9.610325813,-1.522712231,-1.326387763,-0.00266316114,-0.004793690052,0.001597896684,phone,user2,sit
40.72004724,9.595960617,-1.508347034,-1.312022567,-0.003728425596,-0.003195793368,0.000532632228,phone,user2,sit
40.74005814,9.564835548,-1.503558636,-1.304839969,-0.00266316114,-0.003728425596,0.000532632228,phone,user2,sit
40.76007595,9.576807022,-1.513135433,-1.326387763,-0.001065264456,-0.004261057824,0.000532632228,phone,user2,sit
40.78009435,9.593565941,-1.527500629,-1.312022567,-0.001597896684,-0.001597896684,0.0,phone,user2,sit
40.80010032,9.595960617,-1.534683347,-1.307234168,0.002130528912,0.001597896684,0.0,phone,user2,sit
40.82010665,9.610325813,-1.529894829,-1.328781962,0.003195793368,-0.000532632228,-0.000532632228,phone,user2,sit
40.84011677,9.58638382,-1.510741234,-1.319205165,0.002130528912,0.000532632228,-0.000532632228,phone,user2,sit
40.86012134,9.588777542,-1.522712231,-1.312022567,0.001065264456,-0.000532632228,-0.001065264456,phone,user2,sit
40.88012372,9.58638382,-1.515529633,-1.314416766,0.001065264456,0.0,-0.000532632228,phone,user2,sit
40.90013814,9.572018623,-1.52510643,-1.326387763,-0.000532632228,0.0,-0.001065264456,phone,user2,sit
40.92014978,9.593565941,-1.529894829,-1.328781962,-0.002130528912,0.000532632228,0.0,phone,user2,sit
40.94016853,9.615114212,-1.510741234,-1.302445769,-0.00266316114,-0.000532632228,-0.000532632228,phone,user2,sit
40.96017853,9.610325813,-1.529894829,-1.307234168,-0.002130528912,-0.00266316114,-0.001065264456,phone,user2,sit
40.98018775,9.603142738,-1.534683347,-1.314416766,-0.002130528912,-0.00266316114,-0.001065264456,phone,user2,sit
41.00019618,9.595960617,-1.520318031,-1.309628367,-0.003195793368,-0.003728425596,-0.001065264456,phone,user2,sit
41.02020646,9.581595421,-1.508347034,-1.321599364,-0.001065264456,-0.003195793368,-0.001597896684,phone,user2,sit
41.04021318,9.574412346,-1.52510643,-1.321599364,0.0,-0.002130528912,-0.00266316114,phone,user2,sit
41.06021837,9.567230225,-1.517923832,-1.316810966,0.000532632228,-0.002130528912,-0.00266316114,phone,user2,sit
41.08022193,9.58638382,-1.520318031,-1.328781962,0.001597896684,-0.001065264456,-0.002130528912,phone,user2,sit
41.10021732,9.581595421,-1.522712231,-1.314416766,0.000532632228,-0.000532632228,-0.001597896684,phone,user2,sit
41.12021368,9.588777542,-1.52510643,-1.326387763,0.0,0.0,-0.00266316114,phone,user2,sit
41.14020255,9.58638382,-1.517923832,-1.328781962,-0.001597896684,0.001597896684,-0.001597896684,phone,user2,sit
41.16019032,9.591172218,-1.517923832,-1.316810966,-0.001065264456,0.001065264456,-0.001597896684,phone,user2,sit
41.18018263,9.595960617,-1.508347034,-1.319205165,-0.001065264456,0.001597896684,-0.000532632228,phone,user2,sit
41.2001831,9.581595421,-1.520318031,-1.312022567,-0.000532632228,0.00266316114,-0.001065264456,phone,user2,sit
41.22018861,9.595960617,-1.522712231,-1.309628367,0.0,0.001597896684,-0.00266316114,phone,user2,sit
41.24019064,9.607931137,-1.520318031,-1.312022567,0.001597896684,-0.001065264456,-0.00266316114,phone,user2,sit
41.26018001,9.619902611,-1.527500629,-1.307234168,-0.000532632228,-0.00266316114,-0.001597896684,phone,user2,sit
41.28017622,9.617507935,-1.517923832,-1.295263171,-0.002130528912,-0.001065264456,-0.000532632228,phone,user2,sit
41.30017333,9.612719536,-1.515529633,-1.314416766,-0.00266316114,-0.004261057824,0.000532632228,phone,user2,sit
41.32017513,9.605537415,-1.493981838,-1.316810966,-0.00266316114,-0.006924218964,0.000532632228,phone,user2,sit
41.34017872,9.607931137,-1.517923832,-1.323993564,-0.003195793368,-0.004793690052,-0.000532632228,phone,user2,sit
41.36018442,9.591172218,-1.508347034,-1.321599364,-0.002130528912,-0.003728425596,0.0,phone,user2,sit
41.38019525,9.562441826,-1.517923832,-1.323993564,0.0,-0.003195793368,0.000532632228,phone,user2,sit
41.40020068,9.550470352,-1.534683347,-1.33835876,0.000532632228,-0.001065264456,-0.001597896684,phone,user2,sit
41.42020728,9.545681953,-1.529894829,-1.326387763,0.00266316114,-0.000532632228,-0.00266316114,phone,user2,sit
41.44021134,9.579200745,-1.513135433,-1.323993564,0.002130528912,-0.000532632228,-0.003195793368,phone,user2,sit
41.46021169,9.581595421,-1.515529633,-1.319205165,0.001065264456,0.001597896684,-0.003728425596,phone,user2,sit
41.48021716,9.583989143,-1.517923832,-1.323993564,-0.001065264456,0.001597896684,-0.004261057824,phone,user2,sit
41.50022255,9.583989143,-1.513135433,-1.335964561,0.0,0.002130528912,-0.00266316114,phone,user2,sit
41.52023443,9.581595421,-1.493981838,-1.323993564,-0.000532632228,0.001597896684,-0.002130528912,phone,user2,sit
41.5402438,9.58638382,-1.508347034,-1.328781962,-0.000532632228,0.003728425596,-0.001597896684,phone,user2,sit
41.56024579,9.59835434,-1.522712231,-1.307234168,0.0,0.002130528912,0.0,phone,user2,sit
41.58025189,9.600749016,-1.517923832,-1.297657371,0.0,0.001065264456,0.0,phone,user2,sit
41.60026165,9.610325813,-1.517923832,-1.304839969,-0.001065264456,-0.000532632228,-0.002130528912,phone,user2,sit
41.62028419,9.603142738,-1.532289028,-1.314416766,-0.000532632228,-0.002130528912,-0.002130528912,phone,user2,sit
41.64030263,9.617507935,-1.52510643,-1.323993564,-0.00266316114,-0.004261057824,-0.002130528912,phone,user2,sit
41.66031196,9.579200745,-1.515529633,-1.314416766,-0.00266316114,-0.004261057824,-0.001065264456,phone,user2,sit
41.6803231,9.574412346,-1.522712231,-1.314416766,-0.00266316114,-0.004793690052,-0.00266316114,phone,user2,sit
41.70033704,9.579200745,-1.498770237,-1.328781962,-0.00266316114,-0.004261057824,-0.001065264456,phone,user2,sit
41.72035017,9.58638382,-1.496376038,-1.312022567,0.000532632228,-0.001597896684,0.0,phone,user2,sit
41.74036982,9.595960617,-1.505952835,-1.316810966,0.001597896684,0.000532632228,0.000532632228,phone,user2,sit
41.76038146,9.591172218,-1.527500629,-1.319205165,0.002130528912,0.002130528912,0.000532632228,phone,user2,sit
41.78039236,9.59835434,-1.520318031,-1.319205165,0.002130528912,0.001065264456,0.000532632228,phone,user2,sit
41.80039552,9.581595421,-1.517923832,-1.316810966,0.002130528912,0.0,0.000532632228,phone,user2,sit
41.82039849,9.588777542,-1.520318031,-1.323993564,0.001597896684,0.000532632228,0.000532632228,phone,user2,sit
41.84041138,9.605537415,-1.522712231,-1.316810966,0.002130528912,0.000532632228,-0.001065264456,phone,user2,sit
41.86042298,9.58638382,-1.503558636,-1.321599364,0.00266316114,0.002130528912,0.0,phone,user2,sit
41.88043267,9.588777542,-1.510741234,-1.326387763,0.002130528912,0.001065264456,-0.001597896684,phone,user2,sit
41.90043771,9.593565941,-1.517923832,-1.321599364,0.001065264456,0.0,-0.001065264456,phone,user2,sit
41.92044349,9.59835434,-1.517923832,-1.314416766,0.0,-0.000532632228,-0.001065264456,phone,user2,sit
41.94044778,9.605537415,-1.537077546,-1.331176162,-0.001065264456,-0.001597896684,-0.001597896684,phone,user2,sit
41.96045849,9.605537415,-1.515529633,-1.316810966,-0.002130528912,-0.00266316114,-0.001597896684,phone,user2,sit
41.98047185,9.59835434,-1.517923832,-1.323993564,-0.001065264456,-0.00266316114,-0.001065264456,phone,user2,sit
42.00049298,9.581595421,-1.505952835,-1.316810966,-0.002130528912,-0.000532632228,-0.001065264456,phone,user2,sit
42.02051009,9.583989143,-1.505952835,-1.326387763,0.0,-0.000532632228,-0.000532632228,phone,user2,sit
42.04052212,9.576807022,-1.520318031,-1.316810966,-0.000532632228,0.001597896684,-0.000532632228,phone,user2,sit
42.06052853,9.593565941,-1.517923832,-1.316810966,-0.001065264456,0.001065264456,0.0,phone,user2,sit
42.0805354,9.591172218,-1.520318031,-1.297657371,-0.001597896684,0.002130528912,-0.001065264456,phone,user2,sit
42.10053388,9.59835434,-1.501164436,-1.312022567,-0.001065264456,0.001597896684,0.0,phone,user2,sit
42.120532,9.59835434,-1.513135433,-1.304839969,-0.000532632228,0.001597896684,-0.001065264456,phone,user2,sit
42.14053079,9.593565941,-1.515529633,-1.323993564,0.000532632228,0.001597896684,0.0,phone,user2,sit
42.16054142,9.593565941,-1.513135433,-1.304839969,0.0,0.001065264456,0.0,phone,user2,sit
42.18055325,9.574412346,-1.52510643,-1.309628367,0.001065264456,0.003195793368,-0.000532632228,phone,user2,sit
42.200569,9.58638382,-1.513135433,-1.302445769,0.001597896684,0.00266316114,0.0,phone,user2,sit
42.22058978,9.605537415,-1.522712231,-1.335964561,0.0,0.001597896684,0.001065264456,phone,user2,sit
42.24060095,9.617507935,-1.52510643,-1.307234168,-0.003195793368,0.0,0.002130528912,phone,user2,sit
42.26059724,9.600749016,-1.522712231,-1.297657371,-0.001597896684,-0.000532632228,0.001597896684,phone,user2,sit
42.28059794,9.595960617,-1.510741234,-1.316810966,-0.002130528912,-0.002130528912,0.001065264456,phone,user2,sit
42.30061224,9.610325813,-1.517923832,-1.321599364,-0.000532632228,-0.001065264456,0.0,phone,user2,sit
42.32063806,9.591172218,-1.52510643,-1.309628367,0.0,-0.00266316114,-0.001065264456,phone,user2,sit
42.34064681,9.574412346,-1.517923832,-1.314416766,-0.000532632228,-0.001597896684,-0.000532632228,phone,user2,sit
42.36066739,9.574412346,-1.508347034,-1.319205165,-0.002130528912,0.001597896684,-0.001065264456,phone,user2,sit
42.3806879,9.562441826,-1.505952835,-1.312022567,-0.003728425596,-0.000532632228,-0.001065264456,phone,user2,sit
42.40071005,9.583989143,-1.52510643,-1.326387763,-0.000532632228,-0.002130528912,-0.000532632228,phone,user2,sit
42.42073224,9.59835434,-1.522712231,-1.309628367,-0.001065264456,-0.000532632228,-0.001597896684,phone,user2,sit
42.44075052,9.600749016,-1.522712231,-1.323993564,-0.000532632228,0.000532632228,-0.00266316114,phone,user2,sit
42.46076263,9.593565941,-1.510741234,-1.335964561,0.000532632228,0.001597896684,-0.001065264456,phone,user2,sit
42.48076958,9.593565941,-1.505952835,-1.314416766,0.000532632228,0.000532632228,-0.000532632228,phone,user2,sit
42.50078454,9.576807022,-1.491587639,-1.323993564,-0.000532632228,0.001597896684,0.000532632228,phone,user2,sit
42.52079911,9.58638382,-1.520318031,-1.314416766,-0.001065264456,0.002130528912,0.00266316114,phone,user2,sit
42.54081458,9.605537415,-1.529894829,-1.314416766,-0.001065264456,0.000532632228,0.002130528912,phone,user2,sit
42.56082599,9.603142738,-1.517923832,-1.309628367,-0.002130528912,0.0,0.001065264456,phone,user2,sit
42.58083443,9.600749016,-1.513135433,-1.309628367,-0.000532632228,-0.001597896684,0.001065264456,phone,user2,sit
42.60083829,9.615114212,-1.534683347,-1.312022567,-0.001065264456,-0.003195793368,0.001065264456,phone,user2,sit
42.62085946,9.600749016,-1.527500629,-1.316810966,-0.001597896684,-0.003728425596,0.000532632228,phone,user2,sit
42.64086845,9.574412346,-1.513135433,-1.316810966,-0.002130528912,-0.004261057824,0.0,phone,user2,sit
42.66087275,9.581595421,-1.510741234,-1.328781962,-0.001065264456,-0.003728425596,0.001597896684,phone,user2,sit
42.68088216,9.581595421,-1.510741234,-1.323993564,-0.001065264456,-0.00266316114,0.0,phone,user2,sit
42.70089712,9.583989143,-1.505952835,-1.319205165,-0.000532632228,-0.002130528912,0.001065264456,phone,user2,sit
42.72090654,9.591172218,-1.505952835,-1.331176162,0.000532632228,0.001065264456,0.001065264456,phone,user2,sit
42.74091302,9.58638382,-1.510741234,-1.335964561,0.0,0.002130528912,0.001065264456,phone,user2,sit
42.76092802,9.583989143,-1.517923832,-1.314416766,0.000532632228,0.001065264456,0.002130528912,phone,user2,sit
42.78094462,9.581595421,-1.505952835,-1.321599364,0.001065264456,0.001065264456,0.001065264456,phone,user2,sit
42.80097318,9.583989143,-1.510741234,-1.335964561,0.000532632228,0.002130528912,0.001597896684,phone,user2,sit
42.82099306,9.588777542,-1.52510643,-1.323993564,0.001065264456,0.004793690052,0.000532632228,phone,user2,sit
42.84101333,9.600749016,-1.520318031,-1.319205165,0.001065264456,0.004793690052,0.000532632228,phone,user2,sit
42.86102267,9.595960617,-1.52510643,-1.319205165,0.000532632228,0.003728425596,0.0,phone,user2,sit
42.88103052,9.605537415,-1.527500629,-1.314416766,-0.001065264456,0.00266316114,-0.000532632228,phone,user2,sit
42.90104204,9.607931137,-1.517923832,-1.312022567,-0.001597896684,0.001065264456,0.001597896684,phone,user2,sit
42.9210545,9.603142738,-1.515529633,-1.309628367,-0.001065264456,0.0,0.001065264456,phone,user2,sit
42.94107669,9.595960617,-1.520318031,-1.319205165,-0.001597896684,0.0,0.001597896684,phone,user2,sit
42.96109837,9.588777542,-1.510741234,-1.314416766,-0.001597896684,0.001597896684,0.002130528912,phone,user2,sit
42.98111861,9.574412346,-1.517923832,-1.312022567,-0.000532632228,0.000532632228,0.001597896684,phone,user2,sit
43.00113376,9.588777542,-1.520318031,-1.309628367,0.001065264456,0.001065264456,0.001597896684,phone,user2,sit
43.02114997,9.593565941,-1.520318031,-1.319205165,0.000532632228,0.001065264456,0.00266316114,phone,user2,sit
43.04116521,9.581595421,-1.510741234,-1.304839969,0.0,0.001065264456,0.002130528912,phone,user2,sit
43.06118568,9.583989143,-1.52510643,-1.316810966,0.000532632228,0.001065264456,0.002130528912,phone,user2,sit
43.08120353,9.591172218,-1.520318031,-1.319205165,0.000532632228,0.001065264456,0.001597896684,phone,user2,sit
43.10121611,9.574412346,-1.515529633,-1.326387763,0.0,0.001065264456,0.001597896684,phone,user2,sit
43.12122868,9.58638382,-1.513135433,-1.319205165,-0.000532632228,0.00266316114,0.002130528912,phone,user2,sit
43.14124247,9.603142738,-1.522712231,-1.309628367,0.000532632228,0.002130528912,0.001065264456,phone,user2,sit
43.16125779,9.588777542,-1.52510643,-1.321599364,0.001597896684,0.003195793368,0.001065264456,phone,user2,sit
43.18127157,9.593565941,-1.527500629,-1.312022567,0.001065264456,0.001597896684,0.001065264456,phone,user2,sit
43.20127802,9.588777542,-1.52510643,-1.307234168,0.000532632228,0.00266316114,0.001065264456,phone,user2,sit
43.22129318,9.591172218,-1.527500629,-1.309628367,0.001065264456,0.001597896684,0.000532632228,phone,user2,sit
43.24131052,9.572018623,-1.527500629,-1.316810966,0.0,0.001065264456,-0.001065264456,phone,user2,sit
43.26132329,9.583989143,-1.515529633,-1.316810966,0.001065264456,0.001065264456,-0.001597896684,phone,user2,sit
43.28133302,9.603142738,-1.515529633,-1.326387763,-0.001065264456,0.001597896684,-0.000532632228,phone,user2,sit
43.301349,9.627084732,-1.529894829,-1.312022567,-0.00266316114,0.001597896684,0.001597896684,phone,user2,sit
43.321374,9.62469101,-1.522712231,-1.288080573,-0.003195793368,0.0,0.003728425596,phone,user2,sit
43.34140204,9.600749016,-1.508347034,-1.304839969,-0.004793690052,-0.001065264456,0.002130528912,phone,user2,sit
43.36142486,9.58638382,-1.517923832,-1.316810966,-0.003195793368,-0.000532632228,0.0,phone,user2,sit
43.38144462,9.58638382,-1.527500629,-1.307234168,-0.001597896684,0.0,0.000532632228,phone,user2,sit
43.40146767,9.567230225,-1.520318031,-1.307234168,0.001065264456,0.001065264456,0.000532632228,phone,user2,sit
43.42148439,9.552865028,-1.515529633,-1.314416766,0.002130528912,0.00266316114,-0.002130528912,phone,user2,sit
43.4415022,9.555258751,-1.529894829,-1.312022567,0.00266316114,0.00266316114,-0.002130528912,phone,user2,sit
43.46151798,9.58638382,-1.532289028,-1.319205165,0.002130528912,-0.001065264456,-0.002130528912,phone,user2,sit
43.48153825,9.610325813,-1.539471745,-1.316810966,0.000532632228,0.002130528912,-0.003195793368,phone,user2,sit
43.50156025,9.610325813,-1.52510643,-1.297657371,0.001065264456,0.001597896684,-0.003195793368,phone,user2,sit
43.52157443,9.615114212,-1.517923832,-1.319205165,-0.001065264456,0.000532632228,-0.001065264456,phone,user2,sit
43.54159263,9.58638382,-1.501164436,-1.307234168,-0.002130528912,-0.000532632228,0.000532632228,phone,user2,sit
43.56160321,9.579200745,-1.513135433,-1.309628367,-0.00266316114,-0.001597896684,0.000532632228,phone,user2,sit
43.58161568,9.591172218,-1.520318031,-1.297657371,-0.00266316114,-0.00266316114,0.000532632228,phone,user2,sit
43.60163161,9.593565941,-1.537077546,-1.295263171,0.0,-0.00266316114,-0.000532632228,phone,user2,sit
43.62163931,9.581595421,-1.52510643,-1.297657371,0.000532632228,-0.003728425596,-0.00266316114,phone,user2,sit
43.64164509,9.59835434,-1.52510643,-1.312022567,0.000532632228,-0.003728425596,-0.003195793368,phone,user2,sit
43.66164435,9.595960617,-1.549048543,-1.328781962,0.0,-0.003195793368,-0.00266316114,phone,user2,sit
43.68165177,9.595960617,-1.537077546,-1.321599364,-0.00266316114,-0.003195793368,-0.002130528912,phone,user2,sit
43.70166302,9.572018623,-1.503558636,-1.319205165,-0.003728425596,-0.004261057824,-0.002130528912,phone,user2,sit
43.72168298,9.572018623,-1.501164436,-1.331176162,-0.004261057824,-0.004261057824,-0.001597896684,phone,user2,sit
43.74170243,9.579200745,-1.510741234,-1.319205165,-0.004793690052,-0.003195793368,-0.001597896684,phone,user2,sit
43.76170708,9.574412346,-1.503558636,-1.302445769,-0.002130528912,0.0,-0.002130528912,phone,user2,sit
43.78172161,9.593565941,-1.522712231,-1.312022567,0.001597896684,0.002130528912,-0.003195793368,phone,user2,sit
43.80174786,9.579200745,-1.529894829,-1.335964561,0.001597896684,-0.000532632228,-0.00266316114,phone,user2,sit
43.821772,9.567230225,-1.515529633,-1.280897856,-0.001597896684,-0.006924218964,-0.004793690052,phone,user2,sit
43.84178271,9.588777542,-1.52510643,-1.278503656,0.000532632228,-0.007456851192,-0.009054748341,phone,user2,sit
43.86179376,9.588777542,-1.539471745,-1.347935557,-0.001065264456,-0.01384843793,-0.01225054078,phone,user2,sit
43.88180134,9.634267807,-1.553836942,-1.307234168,-0.001597896684,-0.01810949668,-0.01597896591,phone,user2,sit
43.90180935,9.658209801,-1.584961534,-1.288080573,0.00266316114,-0.00532632228,-0.02450108156,phone,user2,sit
43.92181833,9.588777542,-1.515529633,-1.398213744,0.004261057824,-0.01225054078,-0.03355583176,phone,user2,sit
43.94183044,9.730035782,-1.632845521,-1.371877551,-0.001597896684,-0.001597896684,-0.05273059011,phone,user2,sit
43.96184009,9.667786598,-1.422155857,-1.357512355,-0.03568635881,-0.05273059011,-0.03249056637,phone,user2,sit
43.98185782,9.631873131,-1.472434044,-1.221042871,-0.06072007492,-0.05592638254,-0.0330231972,phone,user2,sit
44.00187829,9.607931137,-1.510741234,-1.280897856,-0.04101268202,-0.02396845073,-0.04367584363,phone,user2,sit
44.02190486,9.595960617,-1.496376038,-1.367089152,-0.02503371425,-0.02663161233,-0.05752427876,phone,user2,sit
44.04192763,9.677363396,-1.496376038,-1.352723956,-0.01917476021,-0.01331580617,-0.07190535218,phone,user2,sit
44.06194646,9.732429504,-1.477222443,-1.345541358,-0.0170442313,-0.007989482954,-0.07616640627,phone,user2,sit
44.08195442,9.686940193,-1.417367458,-1.367089152,-0.02130528912,0.009587380104,-0.07776430249,phone,user2,sit
44.10196279,9.703699112,-1.424550056,-1.37666595,-0.02503371425,0.00532632228,-0.07829693705,phone,user2,sit
44.12196611,9.806650162,-1.482010841,-1.381454349,-0.03994741663,-0.008522115648,-0.09108011425,phone,user2,sit
44.14198224,9.806650162,-1.498770237,-1.209071875,-0.04314320907,-0.002130528912,-0.1059938148,phone,user2,sit
44.16200282,9.615114212,-1.424550056,-1.11569798,-0.01118527725,0.02343581803,-0.1118527651,phone,user2,sit
44.18202942,9.538499832,-1.343147159,-1.213860273,0.0165115986,-0.01118527725,-0.1166464612,phone,user2,sit
44.20205528,9.677363396,-1.343147159,-1.388636947,0.01810949668,-0.05486112088,-0.1102548689,phone,user2,sit
44.22208005,9.677363396,-1.323993564,-1.316810966,0.003195793368,-0.06764429063,-0.1118527651,phone,user2,sit
44.24209696,9.595960617,-1.297657371,-1.22822547,0.01384843793,-0.05166532472,-0.1241033077,phone,user2,sit
44.26212044,9.62469101,-1.321599364,-1.472434044,0.03249056637,-0.01438106969,-0.1432780623,phone,user2,sit
44.28214243,9.579200745,-1.156399369,-1.59932673,0.02130528912,-0.01171790902,-0.1518001854,phone,user2,sit
44.3021595,9.686940193,-1.204283476,-1.393425345,0.01118527725,-0.05060006306,-0.1576591432,phone,user2,sit
44.32217962,9.799467087,-1.288080573,-1.417367458,0.02609897964,-0.03408846259,-0.1731054783,phone,user2,sit
44.3422011,9.734824181,-1.199495077,-1.534683347,0.009054748341,-0.000532632228,-0.1752360016,phone,user2,sit
44.36222372,9.734824181,-1.18991828,-1.472434044,-0.02929477207,-0.00266316114,-0.1768338978,phone,user2,sit
44.38224556,9.761159897,-1.254561663,-1.434126854,-0.05326322466,-0.02450108156,-0.1869539171,phone,user2,sit
44.40226974,9.732429504,-1.22583127,-1.556231141,-0.06657902896,0.001065264456,-0.2093244642,phone,user2,sit
44.42229208,9.564835548,-0.9816226959,-1.527500629,-0.06391586363,0.04367584363,-0.230097115,phone,user2,sit
44.44231349,9.375694275,-0.7900865674,-1.510741234,-0.04474110901,0.05060006306,-0.2167813182,phone,user2,sit
44.46232771,9.373299599,-0.7374141216,-1.659181833,-0.03728425503,0.09161274135,-0.1837581247,phone,user2,sit
44.48234431,9.351752281,-0.8882488012,-1.735796213,-0.04101268202,0.1363538504,-0.1731054783,phone,user2,sit
44.50236173,9.275136948,-0.7852981687,-1.59932673,-0.05060006306,0.1198422536,-0.1672465205,phone,user2,sit
44.52237407,9.35654068,-0.7134721279,-1.656787634,-0.06604639441,0.1097222418,-0.1507349163,phone,user2,sit
44.54239239,9.428366661,-0.672770679,-1.541865945,-0.09321063757,0.1288969964,-0.134223327,phone,user2,sit
44.56241275,9.488221169,-0.6655880809,-1.434126854,-0.09800432622,0.1438107044,-0.1267664731,phone,user2,sit
44.58243446,9.572018623,-0.7182605267,-1.37427175,-0.1129180342,0.1123853996,-0.1166464612,phone,user2,sit
44.60245806,9.765948296,-0.8092401624,-1.462857246,-0.1416801661,0.1017327532,-0.1118527651,phone,user2,sit
44.62248079,9.81143856,-0.8499416113,-1.391031146,-0.1960086524,0.09906959534,-0.1267664731,phone,user2,sit
44.64250173,9.835380554,-0.8858546019,-1.453280449,-0.2370213419,0.07723167539,-0.1246359423,phone,user2,sit
44.66252536,9.706093788,-0.8619126081,-1.541865945,-0.2711097896,0.07297061384,-0.1235706806,phone,user2,sit
44.68254185,9.526528358,-0.7302315235,-1.429338455,-0.31105721,0.05486112088,-0.1203748807,phone,user2,sit
44.70255599,9.382876396,-0.6272808313,-1.407790542,-0.327036202,0.02663161233,-0.1054611802,phone,user2,sit
44.7225706,9.294290543,-0.586579442,-1.357512355,-0.3653857112,-0.007989482954,-0.1006674916,phone,user2,sit
44.74258618,9.198522568,-0.6296750307,-1.393425345,-0.4165183902,-0.04261057824,-0.1171790883,phone,user2,sit
44.76260681,9.222464561,-0.5985504389,-1.529894829,-0.4633900523,-0.01118527725,-0.1118527651,phone,user2,sit
44.78262568,9.411606789,-0.3734954596,-1.419761658,-0.4538026452,0.09214537591,-0.09054747969,phone,user2,sit
44.802652,9.411606789,-0.05267243832,-1.22822547,-0.3739078343,0.134223327,-0.06657902896,phone,user2,sit
44.82265954,9.540893555,0.02633621916,-1.33835876,-0.3195793331,0.08468852192,-0.05060006306,phone,user2,sit
44.84267185,9.722852707,-0.08140286058,-1.309628367,-0.3312972486,0.07510114461,-0.02503371425,phone,user2,sit
44.86269025,9.756371498,-0.2729389966,-1.146822572,-0.3387540877,0.1294296384,-0.01917476021,phone,user2,sit
44.88270368,9.516951561,-0.2873041928,-1.132457376,-0.3163835406,0.2279665917,0.03249056637,phone,user2,sit
44.90272075,9.382876396,-0.2226607651,-1.194706678,-0.2886866629,0.2657834888,0.1193096191,phone,user2,sit
44.92274501,9.21528244,-0.2298433632,-1.065419793,-0.2918824553,0.1965412945,0.162985459,phone,user2,sit
44.94275677,9.375694275,-0.383072257,-0.7517793179,-0.3115898669,0.1145159304,0.1906823367,phone,user2,sit
44.9627713,9.552865028,-0.4860229492,-0.586579442,-0.3302319944,0.07456851006,0.1880191714,phone,user2,sit
44.98278728,9.588777542,-0.4884171486,-0.4405331016,-0.3179814517,0.100134857,0.1778991669,phone,user2,sit
45.00280872,9.646238327,-0.4094084799,-0.4596867263,-0.2577939928,0.07723167539,0.2274339646,phone,user2,sit
45.02283435,9.818621635,-0.2801215947,-0.624886632,-0.2013349831,-0.03994741663,0.2934803665,phone,user2,sit
45.04285075,10.08916569,-0.2992752194,-0.6584054828,-0.1699096859,-0.0868190527,0.3328951299,phone,user2,sit
45.06287005,10.21127033,-0.323217243,-0.423773706,-0.1145159304,-0.01331580617,0.3360909224,phone,user2,sit
45.08288997,10.03888798,-0.2705447972,-0.390254885,-0.04048004746,0.01810949668,0.2775014043,phone,user2,sit
45.10291204,9.801861763,-0.282515794,-0.6584054828,0.004261057824,-0.009054748341,0.2817624509,phone,user2,sit
45.122934,9.682151794,-0.4884171486,-1.079784989,0.003728425596,0.03728425503,0.3568635881,phone,user2,sit
45.14295849,9.397241592,-0.6009446383,-0.9840168953,-0.01278317347,0.09960222989,0.3957457542,phone,user2,sit
45.16298364,9.29189682,-0.9050082564,-0.8188169599,0.03355583176,0.1155811921,0.4138552547,phone,user2,sit
45.18300486,9.459490776,-1.283292055,-0.4453215301,0.1091896072,0.05965480953,0.3627225459,phone,user2,sit
45.20302177,9.706093788,-1.48679924,-0.8810662031,0.1496696621,-0.01917476021,0.2966761589,phone,user2,sit
45.22304189,10.22324085,-1.70946002,-1.345541358,0.09747169912,-0.008522115648,0.3009372056,phone,user2,sit
45.2430588,10.3261919,-1.697489023,-1.144428372,0.04900216311,0.09906959534,0.3057309091,phone,user2,sit
45.26307126,9.782708168,-1.56101954,-0.9935936928,0.03462109342,0.1683117896,0.2844256163,phone,user2,sit
45.28308161,9.191340446,-1.367089152,-0.6464344859,0.02822950855,0.1565938741,0.2695119083,phone,user2,sit
45.30309525,8.980650902,-1.273715258,-0.3256114423,0.03515372798,0.05858954415,0.2657834888,phone,user2,sit
45.32310782,9.093177795,-1.403002143,-0.5075707436,0.06924218684,0.05219795927,0.2561961114,phone,user2,sit
45.34312548,9.564835548,-1.63763392,-0.806845963,0.07776430249,0.08096009493,0.2790992856,phone,user2,sit
45.36314654,10.17775154,-1.8602947,-0.7445967197,0.1012001261,0.04953479767,0.2860234976,phone,user2,sit
45.38315876,10.30464458,-1.934514999,-0.9121908545,0.1171790883,0.1352885813,0.2439455539,phone,user2,sit
45.40318126,13.09149456,-1.963245392,-0.605733037,0.0788295716,0.3131877482,0.0330231972,phone,user2,sit
45.42320548,9.603142738,-1.67115283,-0.7158663273,0.04953479767,0.4585963488,-0.141147539,phone,user2,sit
45.44322314,9.43315506,-1.252167463,-0.4141969085,0.05486112088,0.4069310129,-0.002130528912,phone,user2,sit
45.4632379,9.892841339,-1.668758631,-0.5123591423,0.05219795927,0.3984089196,-0.01278317347,phone,user2,sit
45.48325216,9.627084732,-1.517923832,-0.2585737705,0.04527373984,0.3350256681,-0.06764429063,phone,user2,sit
45.50327708,9.698910713,-1.503558636,-0.3208230138,0.06178534031,0.2998719513,-0.08948221803,phone,user2,sit
45.5233022,9.84974575,-1.534683347,-0.2418143749,0.02503371425,0.2897519469,-0.103863284,phone,user2,sit
45.54332681,9.641449928,-1.501164436,-0.04548983276,-0.01118527725,0.2332929224,-0.07669904083,phone,user2,sit
45.56335423,9.801861763,-1.575384736,-0.06224924326,0.0,0.2167813182,-0.04101268202,phone,user2,sit
45.58337634,9.730035782,-1.55862534,0.05267243832,-0.01864212751,0.19281286,-0.03249056637,phone,user2,sit
45.60339681,9.655815125,-1.594538331,0.2585737705,-0.02663161233,0.1241033077,-0.01065264456,phone,user2,sit
45.62341427,9.665391922,-1.553836942,0.3088520169,-0.0330231972,-0.02024002373,0.01597896591,phone,user2,sit
45.64342208,9.660603523,-1.587355733,-0.09097966552,-0.04527373984,-0.07936219871,0.02183792181,phone,user2,sit
45.66343478,9.753977776,-1.510741234,-0.356736064,-0.05273059011,-0.03728425503,-0.02663161233,phone,user2,sit
45.68344603,9.706093788,-1.280897856,-0.0023942017,-0.04527373984,-0.08841694891,-0.02822950855,phone,user2,sit
45.70346364,9.641449928,-1.362300754,-0.05267243832,-0.01065264456,-0.1278317273,-0.001065264456,phone,user2,sit
45.7234747,9.789890289,-1.587355733,0.05506663769,-0.005858954508,-0.1523328125,0.004793690052,phone,user2,sit
45.7434906,9.641449928,-1.553836942,-0.08858546615,0.009587380104,-0.19281286,-0.02769687586,phone,user2,sit
45.76350904,9.718064308,-1.467645645,-0.672770679,-0.01278317347,-0.1246359423,-0.002130528912,phone,user2,sit
45.78351888,9.569623947,-1.259350061,-0.5123591423,-0.0697748214,-0.02822950855,0.05432848632,phone,user2,sit
45.80352954,9.557653427,-1.398213744,-0.1436520964,-0.07350324839,-0.04953479767,0.1081243455,phone,user2,sit
45.82354712,9.698910713,-1.8579005,-0.2226607651,-0.0330231972,-0.04687163606,0.1006674916,phone,user2,sit
45.84357298,9.835380554,-2.039859772,-0.004788403399,0.04314320907,0.03036003746,0.03036003746,phone,user2,sit
45.86359333,10.07719517,-2.070984364,0.3734954596,0.09800432622,-0.05326322466,-0.01384843793,phone,user2,sit
45.88361552,9.785101891,-1.496376038,-0.05506663769,0.05539375171,-0.2428802997,-0.00266316114,phone,user2,sit
45.90362923,9.526528358,-1.505952835,-0.55784899,-0.03249056637,-0.2604571581,0.009587380104,phone,user2,sit
45.92364349,9.263166428,-1.716642618,-0.806845963,-0.0788295716,-0.1422128081,0.04953479767,phone,user2,sit
45.94366165,9.411606789,-1.673547029,-0.825999558,-0.03888215125,0.009054748341,0.06178534031,phone,user2,sit
45.96367954,9.591172218,-1.699883223,-0.8212111592,-0.003728425596,0.1810949594,0.03568635881,phone,user2,sit
45.98370732,9.818621635,-1.714248419,-0.5530605912,0.01012001187,0.3201119602,-0.000532632228,phone,user2,sit
46.00373193,9.782708168,-1.685518026,-0.2226607651,0.02237055451,0.3707120419,-0.03036003746,phone,user2,sit
46.02375642,9.785101891,-1.668758631,0.1867477298,0.02130528912,0.2780340314,-0.04261057824,phone,user2,sit
46.04377204,9.753977776,-1.575384736,0.2442085743,0.01331580617,0.09374327213,-0.04048004746,phone,user2,sit
46.06378942,9.646238327,-1.484405041,0.03112462163,-0.01544633508,-0.0367516242,-0.004261057824,phone,user2,sit
46.08380982,9.533711433,-1.489193439,-0.1723825186,-0.03621899337,-0.07350324839,0.03888215125,phone,user2,sit
46.10382138,9.591172218,-1.587355733,-0.1915361285,-0.02929477207,-0.06072007492,0.05486112088,phone,user2,sit
46.12383208,9.655815125,-1.632845521,-0.1867477298,-0.01544633508,-0.04740426689,0.04793690145,phone,user2,sit
46.14384345,9.706093788,-1.659181833,-0.1604115069,-0.00532632228,-0.04953479767,0.03994741663,phone,user2,sit
46.16385521,9.691728592,-1.616086125,-0.1580173075,-0.000532632228,-0.07084008306,0.03781688958,phone,user2,sit
46.18385927,9.682151794,-1.587355733,-0.2178723514,-0.006391586736,-0.09001484513,0.0500674285,phone,user2,sit
46.20386435,9.26556015,-1.37427175,-0.3471592367,-0.01278317347,-0.08948221803,0.01810949668,phone,user2,sit
46.22386946,9.818621635,-1.917755604,-0.3351882398,-0.009587380104,-0.06285060197,0.0500674285,phone,user2,sit
46.24387872,9.646238327,-1.735796213,-0.3327940404,0.0,-0.03781688958,0.06072007492,phone,user2,sit
46.26388587,9.816226959,-1.302445769,-0.2106897533,-0.01012001187,-0.02663161233,0.02077265643,phone,user2,sit
46.28389599,9.679757118,-1.889025092,-0.2394201756,-0.01757686399,-0.04154531285,0.03462109342,phone,user2,sit
46.30390314,9.639056206,-1.735796213,-0.3399766386,-0.01012001187,-0.04474110901,0.02290318534,phone,user2,sit
46.32390755,9.536105156,-1.714248419,-0.3782838583,-0.009587380104,-0.02077265643,0.001597896684,phone,user2,sit
46.34392329,9.787496567,-1.774103403,-0.2226607651,-0.01597896591,-0.03621899337,0.04900216311,phone,user2,sit
46.36394173,9.658209801,-1.759738207,-0.1580173075,-0.02663161233,-0.08735168725,0.04261057824,phone,user2,sit
46.38394919,9.48343277,-1.788468719,-0.2657563984,-0.0394147858,-0.1331580579,0.01278317347,phone,user2,sit
46.40395489,9.758766174,-1.848323703,-0.3591302633,-0.03728425503,-0.1539307088,0.000532632228,phone,user2,sit
46.42395849,9.550470352,-1.649604917,-0.4548983276,-0.02716424316,-0.1310275346,-0.01225054078,phone,user2,sit
46.44397415,9.619902611,-1.685518026,-0.4309563041,-0.01118527725,-0.1187769845,0.007456851192,phone,user2,sit
46.46399087,9.593565941,-1.685518026,-0.4405331016,-0.009054748341,-0.1118527651,0.01491370238,phone,user2,sit
46.48400161,9.476250648,-1.240196466,-0.423773706,-0.003728425596,-0.06338323653,-0.05113269389,phone,user2,sit
46.504009,9.83777523,-1.884236693,-0.4596867263,-0.01544633508,-0.08894958347,-0.004793690052,phone,user2,sit
46.52401864,9.634267807,-1.745373011,-0.5434837937,-0.01278317347,-0.1012001261,0.01810949668,phone,user2,sit
46.54402696,9.485827446,-1.63763392,-0.6200982332,-0.01491370238,-0.08096009493,0.01118527725,phone,user2,sit
46.56404443,9.588777542,-1.630451322,-0.6392518282,-0.01065264456,-0.03089267015,0.01491370238,phone,user2,sit
46.58406376,9.617507935,-1.798045516,-0.6105214357,0.003728425596,-0.00266316114,0.009054748341,phone,user2,sit
46.60407161,9.660603523,-1.8602947,-0.5961562395,0.002130528912,0.004793690052,0.01384843793,phone,user2,sit
46.62407474,9.59835434,-1.8602947,-0.6224924326,-0.003728425596,0.01597896591,0.01438106969,phone,user2,sit
46.64407489,9.425971985,-1.642422318,-0.6703764796,-0.01917476021,0.04420847446,-0.03089267015,phone,user2,sit
46.66408372,9.878476143,-1.980004787,-0.5027823448,-0.008522115648,0.0655137673,-0.009587380104,phone,user2,sit
46.68410673,9.54807663,-1.697489023,-0.5650315881,0.006391586736,0.07563377917,-0.02609897964,phone,user2,sit
46.70412587,9.629479408,-1.716642618,-0.4740519226,-0.000532632228,0.0788295716,-0.02876213938,phone,user2,sit
46.72414923,9.662998199,-1.74776721,-0.4261679053,-0.00266316114,0.07137271762,-0.02503371425,phone,user2,sit
46.74415704,9.646238327,-1.625662923,-0.356736064,-0.007989482954,0.04101268202,-0.02769687586,phone,user2,sit
46.764167,9.62469101,-1.668758631,-0.2968810201,-0.0330231972,-0.01384843793,-0.008522115648,phone,user2,sit
46.78418509,9.672574997,-1.625662923,-0.3040636182,-0.02876213938,-0.08522115648,0.009587380104,phone,user2,sit
46.804207,9.665391922,-1.738190413,-0.4022258818,-0.02663161233,-0.1331580579,0.02450108156,phone,user2,sit
46.82423321,9.627084732,-1.704671621,-0.4022258818,-0.02822950855,-0.1778991669,0.02237055451,phone,user2,sit
46.84426341,9.612719536,-1.78128612,-0.4692635238,-0.02237055451,-0.2093244642,0.01438106969,phone,user2,sit
46.86427614,9.639056206,-1.642422318,-0.5003881454,-0.02450108156,-0.2503371537,0.001597896684,phone,user2,sit
46.88429478,9.713275909,-1.714248419,-0.5698199868,-0.0165115986,-0.2908172011,0.01278317347,phone,user2,sit
46.9043179,9.605537415,-1.692700624,-0.5482721925,-0.01810949668,-0.31105721,0.003728425596,phone,user2,sit
46.92434134,9.390059471,-1.467645645,-0.5554547906,-0.005858954508,-0.3046656251,-0.0394147858,phone,user2,sit
46.9443631,9.622296333,-1.862688899,-0.8427590132,0.004261057824,-0.3611246645,-0.02556634694,phone,user2,sit
46.9643811,9.641449928,-1.742978811,-0.9074024558,0.0197073929,-0.3861583769,-0.02237055451,phone,user2,sit
46.98440325,9.595960617,-1.623268723,-0.8427590132,0.05326322466,-0.371244669,-0.0330231972,phone,user2,sit
47.00442111,9.54807663,-1.680729628,-0.9481038451,0.06764429063,-0.3723099232,-0.0500674285,phone,user2,sit
47.02444075,9.56004715,-1.723825216,-1.139639974,0.05432848632,-0.4058657587,-0.05219795927,phone,user2,sit
47.04445552,9.574412346,-1.795651317,-1.259350061,0.03355583176,-0.4319647253,-0.05219795927,phone,user2,sit
47.06446044,9.593565941,-1.678335428,-1.30005157,0.05273059011,-0.4021373391,-0.06125270575,phone,user2,sit
47.08447693,9.437943459,-1.704671621,-1.431732655,0.07030745596,-0.378701508,-0.08096009493,phone,user2,sit
47.10449114,9.404424667,-1.843535304,-1.733402014,0.05752427876,-0.3669835925,-0.09374327213,phone,user2,sit
47.1245088,9.572018623,-1.924938202,-1.869871497,0.02716424316,-0.3802994192,-0.1054611802,phone,user2,sit
47.14451634,9.382876396,-1.673547029,-1.74776721,0.03888215125,-0.3036003709,-0.1581917703,phone,user2,sit
47.16452431,9.464279175,-1.63523972,-1.795651317,0.0655137673,-0.238086611,-0.1853560209,phone,user2,sit
47.18453462,9.562441826,-1.520318031,-1.790862918,0.05326322466,-0.1619201899,-0.1992044598,phone,user2,sit
47.20454173,9.473855972,-1.520318031,-1.8579005,0.05592638254,-0.0958738029,-0.2024002522,phone,user2,sit
47.22455294,9.689333916,-1.498770237,-1.769315004,0.0830906257,-0.02929477207,-0.2205097377,phone,user2,sit
47.2445722,9.777919769,-1.477222443,-1.575384736,0.148604393,0.02876213938,-0.2476739883,phone,user2,sit
47.26458689,9.63666153,-1.371877551,-1.458068848,0.1789644361,0.004261057824,-0.2737729549,phone,user2,sit
47.28459361,9.526528358,-1.400607944,-1.565807939,0.1576591432,-0.04261057824,-0.2684466541,phone,user2,sit
47.30460712,9.569623947,-1.37427175,-1.611297727,0.08735168725,-0.103863284,-0.2806971967,phone,user2,sit
47.32462364,9.481039047,-1.371877551,-1.692700624,0.05805691332,-0.111320138,-0.2870887816,phone,user2,sit
47.34463583,9.59835434,-1.185129881,-1.841141105,0.06125270575,-0.09001484513,-0.3158509135,phone,user2,sit
47.36464396,9.495404243,-1.091755986,-1.891419291,0.06018744037,-0.04687163606,-0.3158509135,phone,user2,sit
47.38464818,9.722852707,-1.051054597,-1.604115129,0.111320138,0.02609897964,-0.3051982522,phone,user2,sit
47.40465454,9.454702377,-0.8212111592,-1.654393315,0.1773665249,0.02077265643,-0.2684466541,phone,user2,sit
47.42466825,9.478644371,-0.7852981687,-2.030282974,0.1789644361,0.05965480953,-0.2114549875,phone,user2,sit
47.44467747,9.279925346,-0.8643068075,-2.384624958,0.06178534031,0.05060006306,-0.1731054783,phone,user2,sit
47.46468685,9.543288231,-1.000776291,-2.501940727,0.009054748341,0.2950782478,-0.1699096859,phone,user2,sit
47.48470001,9.543288231,-1.094150186,-2.401384354,0.06711166352,0.6354302764,-0.2173139453,phone,user2,sit
47.50472482,9.677363396,-1.096544385,-2.19308877,0.1118527651,0.9928264618,-0.2844256163,phone,user2,sit
47.52473989,9.91438961,-1.122880578,-1.89860189,0.09267801046,1.292698383,-0.3621899188,phone,user2,sit
47.54476505,9.753977776,-1.00317049,-1.527500629,0.05699164793,1.534513474,-0.4490089715,phone,user2,sit
47.56478989,9.832986832,-0.8355764151,-1.156399369,0.02024002373,1.728924155,-0.483097434,phone,user2,sit
47.58481169,9.648633003,-0.6655880809,-0.6631938815,-0.06285060197,1.802427411,-0.4639226794,phone,user2,sit
47.60483298,9.715670586,-0.5075707436,0.1005564705,-0.1422128081,1.757686377,-0.4612595141,phone,user2,sit
47.62485661,9.588777542,-0.1771709323,0.7469909191,-0.2231729031,1.556351423,-0.4186489284,phone,user2,sit
47.64487993,9.466673851,0.316034615,1.762132406,-0.2439455539,1.304416299,-0.3664509654,phone,user2,sit
47.66490294,9.524134636,0.6751648784,2.336740971,-0.1267664731,0.9629990458,-0.3020024598,phone,user2,sit
47.68492486,9.449913979,0.4357447028,2.26970315,0.00266316114,0.652474463,-0.1475391239,phone,user2,sit
47.704947,9.346963882,0.3926490843,2.387019157,0.04048004746,0.2636529505,0.01331580617,phone,user2,sit
47.72498169,9.689333916,0.1292868853,2.157175779,0.06711166352,-0.1523328125,0.1235706806,phone,user2,sit
47.74501864,9.902418137,0.05027823523,1.479616642,0.1400822699,-0.3691141307,0.1885518134,phone,user2,sit
47.76505642,9.856928825,-0.1125274822,1.331176162,0.148604393,-0.4777711034,0.2471413612,phone,user2,sit
47.78509212,9.504981041,-0.1915361285,1.503558636,0.1251685768,-0.6364955306,0.2929477394,phone,user2,sit
47.80512216,9.504981041,-0.1699883193,1.522712231,0.1230380461,-0.8969526887,0.3238403797,phone,user2,sit
47.82514993,9.785101891,-0.2873041928,1.070208192,0.1523328125,-1.130778193,0.3296993375,phone,user2,sit
47.84517669,9.868899345,-0.4309563041,0.4261679053,0.1597896665,-1.228249907,0.312122494,phone,user2,sit
47.86520376,9.835380554,-0.4453215301,-0.0143652102,0.100134857,-1.23677206,0.3185140789,phone,user2,sit
47.88522775,9.579200745,-0.3615244627,-0.08140286058,0.03089267015,-1.246892095,0.327036202,phone,user2,sit
47.90525532,9.691728592,-0.5602431893,-0.4381389022,-0.04367584363,-1.285241604,0.348341465,phone,user2,sit
47.9252715,9.825803757,-0.6871358752,-0.9816226959,-0.1022653878,-1.221858382,0.3036003709,phone,user2,sit
47.94528474,9.641449928,-0.8044517636,-1.290474772,-0.1118527651,-1.051416039,0.2663161159,phone,user2,sit
47.96530056,9.708487511,-0.9911994934,-1.460463047,-0.06498113275,-0.868190527,0.2572613657,phone,user2,sit
47.98531368,9.651026726,-0.940921247,-1.517923832,-0.03408846259,-0.7089334726,0.2402171344,phone,user2,sit
48.005327,9.631873131,-0.9840168953,-1.56101954,-0.03728425503,-0.5970807076,0.2173139453,phone,user2,sit
48.02533825,9.662998199,-1.103726983,-1.527500629,-0.03994741663,-0.5560680628,0.1981391907,phone,user2,sit
48.04535958,9.59835434,-1.07739079,-1.771709204,-0.03462109342,-0.4905542731,0.1672465205,phone,user2,sit
48.06538286,9.591172218,-1.113303781,-2.051830769,-0.02450108156,-0.3584614992,0.1320927888,phone,user2,sit
48.08540224,9.574412346,-1.163581967,-2.025494576,0.01171790902,-0.1736381054,0.1033306494,phone,user2,sit
48.10543048,9.595960617,-1.369483352,-2.049436569,0.04953479767,-0.06125270575,0.07456851006,phone,user2,sit
48.12544798,9.591172218,-1.489193439,-1.946485996,0.04048004746,-0.0500674285,0.06817692518,phone,user2,sit
48.14546337,9.617507935,-1.18752408,-1.766920805,-0.006924218964,-0.04207794741,0.03621899337,phone,user2,sit
48.16548696,9.48343277,-1.213860273,-1.862688899,-0.03195793182,-0.01491370238,0.003728425596,phone,user2,sit
48.1855129,9.574412346,-1.218648672,-2.099714994,-0.01225054078,0.09853696078,-0.0500674285,phone,user2,sit
48.20553618,9.605537415,-1.177947283,-1.936909199,0.01225054078,0.2476739883,-0.08894958347,phone,user2,sit
48.22556271,9.639056206,-1.149216771,-1.616086125,0.01171790902,0.2924150825,-0.1129180342,phone,user2,sit
48.24559314,9.634267807,-1.118092179,-1.479616642,-0.0170442313,0.2551308274,-0.1230380461,phone,user2,sit
48.26561349,9.662998199,-1.091755986,-1.541865945,-0.04314320907,0.2253034264,-0.1267664731,phone,user2,sit
48.2856395,9.641449928,-1.039083481,-1.537077546,-0.04314320907,0.2418150306,-0.1315601617,phone,user2,sit
48.30565767,9.629479408,-0.9576807022,-1.429338455,-0.0330231972,0.2588592768,-0.1283643693,phone,user2,sit
48.32567771,9.627084732,-0.9241618514,-1.33835876,-0.03834952042,0.2556634545,-0.1193096191,phone,user2,sit
48.34569583,9.725247383,-0.806845963,-1.312022567,-0.05273059011,0.2338255495,-0.1225054115,phone,user2,sit
48.36571544,9.698910713,-0.7709329724,-1.292868972,-0.0500674285,0.2348908186,-0.1241033077,phone,user2,sit
48.38574392,9.677363396,-0.7445967197,-1.235408068,-0.02609897964,0.2625876963,-0.1219727769,phone,user2,sit
48.40576556,9.727641106,-0.7422025204,-1.074996591,-0.01491370238,0.2647182047,-0.1118527651,phone,user2,sit
48.42578142,9.710882187,-0.8499416113,-1.010353088,-0.02663161233,0.2087918371,-0.09640643001,phone,user2,sit
48.44580341,9.722852707,-0.8331822157,-1.125274777,-0.04900216311,0.163518101,-0.08841694891,phone,user2,sit
48.46582736,9.734824181,-0.6967126727,-1.11569798,-0.05219795927,0.1832254827,-0.09853696078,phone,user2,sit
48.48584439,9.749189377,-0.586579442,-0.9313444495,-0.02130528912,0.215183422,-0.1118527651,phone,user2,sit
48.50586419,9.718064308,-0.5482721925,-0.8690952063,0.002130528912,0.1965412945,-0.1139832959,phone,user2,sit
48.52588665,9.725247383,-0.5913678408,-0.8475474119,-0.003728425596,0.1565938741,-0.09693906456,phone,user2,sit
48.54591443,9.473855972,-0.8978256583,-0.8667010069,-0.009587380104,0.1054611802,-0.06285060197,phone,user2,sit
48.56593654,9.780313492,-0.5530605912,-0.8188169599,-0.01012001187,0.06391586363,-0.05060006306,phone,user2,sit
48.58595927,9.667786598,-0.4141969085,-0.8212111592,-0.006924218964,0.05273059011,-0.03888215125,phone,user2,sit
48.60597079,9.648633003,-0.5793967843,-0.7757213712,0.000532632228,0.02982740477,-0.02077265643,phone,user2,sit
48.62598529,9.713275909,-0.5961562395,-0.8044517636,0.006391586736,0.0,-0.006924218964,phone,user2,sit
48.64599255,9.718064308,-0.5841852427,-0.8307880163,-0.000532632228,-0.03195793182,0.01065264456,phone,user2,sit
48.66599872,9.691728592,-0.5913678408,-0.8810662031,-0.006924218964,-0.05592638254,0.03195793182,phone,user2,sit
48.68600732,9.732429504,-0.6464344859,-0.8523358107,0.0,-0.07030745596,0.04633900523,phone,user2,sit
48.70602154,9.780313492,-0.6703764796,-0.7805097699,0.006924218964,-0.1070590764,0.05219795927,phone,user2,sit
48.72602607,9.789890289,-0.6607996821,-0.7924807668,0.01065264456,-0.1683117896,0.05273059011,phone,user2,sit
48.74603068,9.785101891,-0.6320692301,-0.9002198577,0.01065264456,-0.2215750068,0.05965480953,phone,user2,sit
48.76604224,9.696516991,-0.6177040339,-1.019929886,0.009054748341,-0.2444781959,0.07616640627,phone,user2,sit
48.78605384,9.662998199,-0.6560112834,-1.079784989,0.01278317347,-0.245010823,0.09427590668,phone,user2,sit
48.8060547,9.660603523,-0.7493851185,-1.142034173,0.02024002373,-0.2316950262,0.09693906456,phone,user2,sit
48.82606798,9.727641106,-0.8236053586,-1.197100878,0.02450108156,-0.2221076339,0.07936219871,phone,user2,sit
48.84608134,9.746794701,-0.8307880163,-1.247379065,0.0170442313,-0.2146507949,0.0591221787,phone,user2,sit
48.86608907,9.703699112,-0.7996633649,-1.252167463,0.007456851192,-0.2173139453,0.0500674285,phone,user2,sit
48.886104,9.641449928,-0.7637503147,-1.333570361,-0.001597896684,-0.2221076339,0.05326322466,phone,user2,sit
48.90612802,9.617507935,-0.787692368,-1.417367458,-0.009587380104,-0.2071939409,0.06338323653,phone,user2,sit
48.9261422,9.588777542,-0.7900865674,-1.496376038,-0.009054748341,-0.1645833552,0.06657902896,phone,user2,sit
48.94615009,9.627084732,-0.806845963,-1.498770237,0.0,-0.1214401498,0.07137271762,phone,user2,sit
48.9661606,9.622296333,-0.7852981687,-1.462857246,0.009054748341,-0.09108011425,0.07403588295,phone,user2,sit
48.98617212,9.706093788,-0.7972691655,-1.417367458,0.01012001187,-0.09161274135,0.08468852192,phone,user2,sit
49.00617302,9.672574997,-0.8451532125,-1.424550056,0.009054748341,-0.1097222418,0.09747169912,phone,user2,sit
49.02617853,9.684545517,-0.9074024558,-1.508347034,0.000532632228,-0.1278317273,0.107591711,phone,user2,sit
49.04619439,9.617507935,-0.9983820915,-1.580173135,-0.01171790902,-0.1368864775,0.1198422536,phone,user2,sit
49.06621493,9.552865028,-0.9840168953,-1.625662923,-0.02077265643,-0.1155811921,0.1203748807,phone,user2,sit
49.08623032,9.552865028,-0.9528923035,-1.616086125,-0.02396845073,-0.07456851006,0.1123853996,phone,user2,sit
49.10625181,9.58638382,-0.962469101,-1.534683347,-0.01278317347,-0.03888215125,0.07989483327,phone,user2,sit
49.12627439,9.794678688,-1.043871999,-1.453280449,0.01012001187,-0.04101268202,0.0564590171,phone,user2,sit
49.14629599,9.684545517,-1.11569798,-1.493981838,0.004261057824,-0.07456851006,0.0165115986,phone,user2,sit
49.16631989,9.710882187,-1.22583127,-1.589749932,-0.02343581803,-0.1464738697,0.02077265643,phone,user2,sit
49.18633997,9.490615845,-0.8475474119,-1.702277422,-0.02876213938,-0.1688444167,0.02716424316,phone,user2,sit
49.20636165,9.619902611,-0.8906430602,-1.735796213,-0.01491370238,-0.1368864775,0.06924218684,phone,user2,sit
49.22638474,9.617507935,-0.5291185975,-1.580173135,0.007456851192,-0.0825579986,0.0500674285,phone,user2,sit
49.24640525,9.516951561,-1.146822572,-1.611297727,0.03408846259,-0.06231797114,0.06444849819,phone,user2,sit
49.26642982,9.651026726,-1.22822547,-1.704671621,0.04633900523,-0.1027980223,0.04793690145,phone,user2,sit
49.28645044,9.579200745,-1.182735682,-1.750161409,0.04580637068,-0.1017327532,0.02929477207,phone,user2,sit
49.30647349,9.62469101,-1.144428372,-1.683123827,0.03249056637,-0.1086569726,0.0170442313,phone,user2,sit
49.32650204,9.538499832,-1.101332784,-1.702277422,0.02290318534,-0.1406149119,0.0165115986,phone,user2,sit
49.34652786,9.555258751,-1.156399369,-1.833958507,0.008522115648,-0.1715075821,0.02077265643,phone,user2,sit
49.36656083,9.514557838,-1.089361787,-1.836352706,-0.001065264456,-0.1715075821,0.01118527725,phone,user2,sit
49.38659411,9.564835548,-1.142034173,-1.951274395,-0.003195793368,-0.1693770438,0.01917476021,phone,user2,sit
49.40661435,9.531316757,-1.091755986,-1.996764183,-0.009054748341,-0.1565938741,0.02343581803,phone,user2,sit
49.42662966,9.574412346,-1.058237195,-1.984793186,-0.01012001187,-0.1352885813,0.03142530099,phone,user2,sit
49.44664345,9.533711433,-1.055842996,-1.946485996,-0.000532632228,-0.09853696078,0.02663161233,phone,user2,sit
49.46666638,9.500192642,-1.120486379,-2.039859772,0.007989482954,-0.06924218684,0.02450108156,phone,user2,sit
49.48669657,9.519346237,-1.180341482,-2.099714994,-0.004793690052,-0.07510114461,0.03355583176,phone,user2,sit
49.50672341,9.531316757,-1.070208192,-2.006340981,-0.001597896684,-0.04527373984,0.02237055451,phone,user2,sit
49.52674302,9.452308655,-1.237802267,-2.118868589,-0.001065264456,-0.02663161233,0.02556634694,phone,user2,sit
49.54675993,9.540893555,-1.165976286,-2.049436569,-0.007456851192,-0.03408846259,0.02077265643,phone,user2,sit
49.56677529,9.504981041,-1.182735682,-2.056619167,-0.005858954508,-0.0170442313,0.01065264456,phone,user2,sit
49.58679814,9.52173996,-1.156399369,-2.04464817,-0.007989482954,-0.007456851192,0.001065264456,phone,user2,sit
49.60682099,9.516951561,-1.146822572,-2.051830769,-0.007456851192,0.004793690052,-0.003195793368,phone,user2,sit
49.62683583,9.516951561,-1.139639974,-2.025494576,-0.008522115648,0.01544633508,-0.006924218964,phone,user2,sit
49.64685103,9.524134636,-1.118092179,-2.00873518,-0.007456851192,0.02024002373,-0.009587380104,phone,user2,sit
49.66686978,9.519346237,-1.11569798,-2.032677174,-0.006391586736,0.02716424316,-0.01225054078,phone,user2,sit
49.68689075,9.526528358,-1.106121182,-2.018311977,-0.001065264456,0.03728425503,-0.01225054078,phone,user2,sit
49.70691357,9.526528358,-1.089361787,-1.996764183,0.000532632228,0.04207794741,-0.01012001187,phone,user2,sit
49.72693259,9.538499832,-1.096544385,-1.977610588,0.001597896684,0.0394147858,-0.006391586736,phone,user2,sit
49.74695513,9.533711433,-1.110909581,-1.965639591,0.002130528912,0.03781688958,-0.00532632228,phone,user2,sit
49.76697353,9.531316757,-1.098938584,-1.946485996,0.003195793368,0.03568635881,-0.003728425596,phone,user2,sit
49.78698911,9.533711433,-1.101332784,-1.936909199,0.003728425596,0.02822950855,-0.001597896684,phone,user2,sit
49.8070022,9.531316757,-1.108515382,-1.939303398,0.004261057824,0.02183792181,-0.001065264456,phone,user2,sit
49.82701087,9.531316757,-1.120486379,-1.9321208,0.00266316114,0.0165115986,-0.000532632228,phone,user2,sit
49.84701724,9.524134636,-1.122880578,-1.936909199,0.001065264456,0.01012001187,-0.001065264456,phone,user2,sit
49.86703259,9.54807663,-1.108515382,-1.941697598,0.000532632228,0.00532632228,-0.002130528912,phone,user2,sit
49.88704716,9.531316757,-1.106121182,-1.927332401,0.000532632228,0.001597896684,-0.00266316114,phone,user2,sit
49.90707794,9.543288231,-1.106121182,-1.934514999,0.000532632228,-0.006391586736,-0.001597896684,phone,user2,sit
49.92710732,9.552865028,-1.101332784,-1.951274395,-0.001065264456,-0.01171790902,0.0,phone,user2,sit
49.94712732,9.536105156,-1.101332784,-1.936909199,-0.002130528912,-0.0165115986,0.002130528912,phone,user2,sit
49.96715458,9.540893555,-1.094150186,-1.960851192,-0.001597896684,-0.0197073929,0.00532632228,phone,user2,sit
49.98718154,9.531316757,-1.108515382,-1.951274395,-0.000532632228,-0.02290318534,0.006924218964,phone,user2,sit
50.00721068,9.533711433,-1.103726983,-1.960851192,0.0,-0.02503371425,0.007456851192,phone,user2,sit
50.02724251,9.531316757,-1.122880578,-1.975216389,-0.001065264456,-0.02396845073,0.009587380104,phone,user2,sit
50.04726341,9.524134636,-1.122880578,-1.982398987,-0.001065264456,-0.02130528912,0.007989482954,phone,user2,sit
50.06727931,9.533711433,-1.134851575,-1.987187386,-0.001597896684,-0.02077265643,0.007456851192,phone,user2,sit
50.08729114,9.533711433,-1.146822572,-1.982398987,-0.00266316114,-0.01917476021,0.005858954508,phone,user2,sit
50.10730333,9.50976944,-1.142034173,-1.994369984,-0.001065264456,-0.0170442313,0.004793690052,phone,user2,sit
50.12732177,9.52173996,-1.139639974,-2.001552582,-0.00266316114,-0.01171790902,0.002130528912,phone,user2,sit
50.14733536,9.519346237,-1.130063176,-1.999158382,-0.001065264456,-0.006924218964,0.0,phone,user2,sit
50.16734325,9.524134636,-1.130063176,-1.989581585,-0.002130528912,-0.004261057824,-0.001065264456,phone,user2,sit
50.18735005,9.528923035,-1.120486379,-2.001552582,-0.001065264456,-0.00266316114,-0.000532632228,phone,user2,sit
50.20735942,9.516951561,-1.120486379,-2.00873518,-0.001065264456,-0.002130528912,-0.001597896684,phone,user2,sit
50.22736739,9.52173996,-1.122880578,-2.006340981,0.0,0.004793690052,-0.001065264456,phone,user2,sit
50.2473736,9.526528358,-1.118092179,-2.00873518,0.0,0.005858954508,-0.00266316114,phone,user2,sit
50.26737798,9.524134636,-1.122880578,-1.984793186,0.000532632228,0.01065264456,-0.000532632228,phone,user2,sit
50.28738915,9.526528358,-1.120486379,-1.987187386,0.0,0.009054748341,-0.002130528912,phone,user2,sit
50.30740177,9.526528358,-1.120486379,-1.977610588,-0.000532632228,0.01065264456,-0.001065264456,phone,user2,sit
50.32741099,9.533711433,-1.113303781,-1.975216389,0.0,0.009054748341,-0.002130528912,phone,user2,sit
50.34743442,9.531316757,-1.134851575,-1.975216389,-0.000532632228,0.009587380104,-0.002130528912,phone,user2,sit
50.36745728,9.533711433,-1.122880578,-1.989581585,-0.001065264456,0.005858954508,-0.001597896684,phone,user2,sit
50.38748544,9.540893555,-1.127668977,-1.984793186,-0.000532632228,0.00266316114,-0.001597896684,phone,user2,sit
50.40751517,9.533711433,-1.122880578,-1.989581585,-0.001597896684,0.001597896684,-0.000532632228,phone,user2,sit
50.42753279,9.531316757,-1.118092179,-1.963245392,-0.001065264456,-0.001597896684,0.0,phone,user2,sit
50.44754802,9.52173996,-1.122880578,-1.984793186,-0.000532632228,-0.001597896684,-0.001597896684,phone,user2,sit
50.46755607,9.536105156,-1.122880578,-1.980004787,0.001065264456,0.002130528912,-0.000532632228,phone,user2,sit
50.4875761,9.524134636,-1.113303781,-1.968033791,0.001597896684,0.001597896684,0.002130528912,phone,user2,sit
50.5075979,9.531316757,-1.130063176,-1.965639591,0.0,-0.002130528912,0.001065264456,phone,user2,sit
50.52761138,9.538499832,-1.127668977,-1.972822189,-0.000532632228,-0.004261057824,0.001065264456,phone,user2,sit
50.54762232,9.536105156,-1.120486379,-1.972822189,-0.001065264456,-0.005858954508,0.002130528912,phone,user2,sit
50.56762439,9.52173996,-1.118092179,-1.984793186,-0.002130528912,-0.01065264456,0.004261057824,phone,user2,sit
50.58763138,9.528923035,-1.120486379,-2.001552582,0.0,-0.01384843793,0.006924218964,phone,user2,sit
50.60764337,9.524134636,-1.120486379,-1.975216389,-0.000532632228,-0.01171790902,0.005858954508,phone,user2,sit
50.62766025,9.514557838,-1.139639974,-1.991975784,0.0,-0.01384843793,0.00532632228,phone,user2,sit
50.64766904,9.524134636,-1.139639974,-1.996764183,0.000532632228,-0.01118527725,0.004793690052,phone,user2,sit
50.6676772,9.519346237,-1.127668977,-1.994369984,0.001597896684,-0.008522115648,0.004261057824,phone,user2,sit
50.68770302,9.526528358,-1.139639974,-2.001552582,0.0,-0.006391586736,0.003195793368,phone,user2,sit
50.70772021,9.533711433,-1.142034173,-1.989581585,0.000532632228,-0.008522115648,0.002130528912,phone,user2,sit
50.72772907,9.524134636,-1.132457376,-1.996764183,0.001065264456,-0.007989482954,0.002130528912,phone,user2,sit
50.74774005,9.528923035,-1.134851575,-1.994369984,0.0,-0.006924218964,0.002130528912,phone,user2,sit
50.76774962,9.524134636,-1.134851575,-1.991975784,0.000532632228,-0.003195793368,0.001597896684,phone,user2,sit
50.78775989,9.52173996,-1.15161097,-2.001552582,0.0,-0.003195793368,0.001597896684,phone,user2,sit
50.80776751,9.536105156,-1.134851575,-1.996764183,0.000532632228,-0.001597896684,0.001597896684,phone,user2,sit
50.82777064,9.531316757,-1.130063176,-1.994369984,-0.001597896684,-0.001597896684,0.001597896684,phone,user2,sit
50.84777946,9.536105156,-1.137245774,-1.994369984,0.0,-0.001597896684,0.002130528912,phone,user2,sit
50.86779505,9.524134636,-1.137245774,-1.999158382,-0.001065264456,-0.00266316114,0.001597896684,phone,user2,sit
50.8878036,9.50976944,-1.142034173,-1.999158382,0.000532632228,-0.001065264456,0.001065264456,phone,user2,sit
50.90781079,9.519346237,-1.146822572,-2.003946781,-0.000532632228,-0.001597896684,0.0,phone,user2,sit
50.92781513,9.52173996,-1.142034173,-1.989581585,0.000532632228,-0.001065264456,-0.001065264456,phone,user2,sit
50.94781411,9.533711433,-1.130063176,-1.991975784,0.0,-0.00266316114,-0.001065264456,phone,user2,sit
50.96781544,9.531316757,-1.137245774,-1.991975784,-0.001065264456,-0.00532632228,-0.000532632228,phone,user2,sit
50.98780997,9.524134636,-1.132457376,-1.984793186,-0.002130528912,-0.007989482954,-0.000532632228,phone,user2,sit
51.00781056,9.528923035,-1.127668977,-1.987187386,-0.001065264456,-0.005858954508,0.001597896684,phone,user2,sit
51.02781071,9.526528358,-1.127668977,-1.989581585,0.0,-0.00532632228,0.001597896684,phone,user2,sit
51.04781708,9.524134636,-1.127668977,-2.001552582,0.0,-0.003728425596,0.002130528912,phone,user2,sit
51.06783122,9.526528358,-1.142034173,-1.999158382,0.0,-0.00532632228,0.002130528912,phone,user2,sit
51.08784919,9.531316757,-1.137245774,-2.003946781,0.000532632228,-0.003195793368,0.002130528912,phone,user2,sit
51.10786427,9.528923035,-1.142034173,-2.006340981,0.001065264456,-0.001597896684,0.002130528912,phone,user2,sit
51.12787775,9.526528358,-1.144428372,-2.001552582,0.0,-0.00266316114,0.003195793368,phone,user2,sit
51.14788525,9.519346237,-1.139639974,-1.994369984,0.001065264456,-0.00266316114,0.00266316114,phone,user2,sit
51.16788575,9.528923035,-1.146822572,-1.996764183,0.001065264456,-0.003728425596,0.001065264456,phone,user2,sit
51.18789001,9.524134636,-1.139639974,-1.994369984,0.0,-0.004793690052,0.00266316114,phone,user2,sit
51.20790915,9.524134636,-1.142034173,-2.003946781,0.000532632228,-0.003195793368,0.002130528912,phone,user2,sit
51.22791872,9.524134636,-1.144428372,-1.996764183,0.0,-0.003728425596,0.00266316114,phone,user2,sit
51.24792462,9.524134636,-1.137245774,-1.989581585,0.000532632228,-0.004261057824,0.001065264456,phone,user2,sit
51.2679354,9.52173996,-1.144428372,-1.999158382,0.000532632228,-0.004261057824,0.000532632228,phone,user2,sit
51.28795357,9.540893555,-1.134851575,-2.00873518,0.002130528912,-0.001597896684,0.001065264456,phone,user2,sit
51.30797306,9.536105156,-1.130063176,-1.989581585,0.001597896684,-0.00266316114,0.002130528912,phone,user2,sit
51.32798064,9.528923035,-1.144428372,-2.00873518,-0.001597896684,-0.009587380104,0.005858954508,phone,user2,sit
51.34799864,9.526528358,-1.146822572,-1.996764183,-0.002130528912,-0.01278317347,0.004793690052,phone,user2,sit
51.36801486,9.531316757,-1.134851575,-1.996764183,-0.001065264456,-0.01225054078,0.005858954508,phone,user2,sit
51.38802845,9.512163162,-1.144428372,-1.996764183,-0.003728425596,-0.01331580617,0.007456851192,phone,user2,sit
51.408037,9.52173996,-1.158793569,-2.00873518,-0.002130528912,-0.01544633508,0.006924218964,phone,user2,sit
51.42804837,9.52173996,-1.149216771,-2.015917778,-0.002130528912,-0.01331580617,0.006391586736,phone,user2,sit
51.44805853,9.514557838,-1.158793569,-2.018311977,0.000532632228,-0.01118527725,0.004261057824,phone,user2,sit
51.46806583,9.512163162,-1.163581967,-2.003946781,0.0,-0.007456851192,0.001597896684,phone,user2,sit
51.48807388,9.52173996,-1.15400517,-2.006340981,0.001597896684,-0.004261057824,-0.001597896684,phone,user2,sit
51.50808486,9.536105156,-1.161187768,-2.003946781,0.002130528912,-0.003195793368,-0.001597896684,phone,user2,sit
51.52808962,9.536105156,-1.146822572,-2.00873518,0.001065264456,-0.004793690052,-0.001597896684,phone,user2,sit
51.54810314,9.514557838,-1.149216771,-2.020706177,-0.000532632228,-0.004261057824,-0.000532632228,phone,user2,sit
51.56812442,9.507374763,-1.158793569,-2.023100376,0.002130528912,0.004261057824,-0.001065264456,phone,user2,sit
51.58813614,9.519346237,-1.156399369,-2.001552582,0.0,0.004261057824,-0.000532632228,phone,user2,sit
51.60814946,9.52173996,-1.161187768,-2.015917778,0.0,0.007989482954,-0.00266316114,phone,user2,sit
51.62816192,9.524134636,-1.146822572,-2.001552582,-0.001065264456,0.006924218964,-0.001065264456,phone,user2,sit
51.64817646,9.52173996,-1.156399369,-1.999158382,-0.001065264456,0.005858954508,-0.003728425596,phone,user2,sit
51.66818607,9.516951561,-1.165976286,-2.001552582,-0.001065264456,0.00532632228,-0.004261057824,phone,user2,sit
51.68819286,9.524134636,-1.163581967,-1.996764183,-0.001597896684,0.003728425596,-0.00532632228,phone,user2,sit
51.70820509,9.528923035,-1.156399369,-2.003946781,-0.000532632228,0.0,-0.006924218964,phone,user2,sit
51.72821095,9.528923035,-1.137245774,-2.00873518,0.0,0.000532632228,-0.006391586736,phone,user2,sit
51.7482195,9.526528358,-1.158793569,-2.003946781,-0.000532632228,-0.001065264456,-0.005858954508,phone,user2,sit
51.76823357,9.524134636,-1.146822572,-2.006340981,0.0,-0.00266316114,-0.006391586736,phone,user2,sit
51.7882506,9.514557838,-1.144428372,-2.013523579,-0.002130528912,-0.006391586736,-0.004261057824,phone,user2,sit
51.80826087,9.512163162,-1.146822572,-2.001552582,-0.001597896684,-0.004793690052,-0.00266316114,phone,user2,sit
51.82827439,9.52173996,-1.139639974,-2.00873518,-0.001065264456,-0.003195793368,-0.001597896684,phone,user2,sit
51.84828642,9.519346237,-1.139639974,-2.003946781,-0.000532632228,-0.000532632228,-0.001065264456,phone,user2,sit
51.86830521,9.519346237,-1.161187768,-2.018311977,0.0,0.002130528912,-0.002130528912,phone,user2,sit
51.88832068,9.519346237,-1.144428372,-2.011129379,0.0,0.00266316114,-0.002130528912,phone,user2,sit
51.90833181,9.526528358,-1.144428372,-2.00873518,-0.000532632228,0.004793690052,-0.002130528912,phone,user2,sit
51.92833884,9.536105156,-1.15400517,-2.006340981,0.0,0.003195793368,-0.003728425596,phone,user2,sit
51.94835446,9.516951561,-1.142034173,-2.011129379,-0.001065264456,0.001597896684,-0.004793690052,phone,user2,sit
51.96837169,9.526528358,-1.139639974,-2.003946781,-0.000532632228,0.001065264456,-0.00532632228,phone,user2,sit
51.98837993,9.524134636,-1.15400517,-2.003946781,-0.001065264456,0.001065264456,-0.003728425596,phone,user2,sit
52.00838642,9.52173996,-1.134851575,-2.013523579,-0.001065264456,-0.002130528912,-0.003195793368,phone,user2,sit
52.02839446,9.526528358,-1.146822572,-2.020706177,-0.000532632228,-0.004261057824,-0.00266316114,phone,user2,sit
52.04839978,9.516951561,-1.15400517,-1.996764183,-0.001597896684,-0.004261057824,-0.003195793368,phone,user2,sit
52.06839657,9.516951561,-1.149216771,-2.023100376,-0.000532632228,-0.004261057824,-0.003728425596,phone,user2,sit
52.08839779,9.536105156,-1.139639974,-2.025494576,-0.001065264456,-0.00266316114,-0.003195793368,phone,user2,sit
52.10840228,9.524134636,-1.149216771,-1.996764183,-0.000532632228,-0.001065264456,-0.001597896684,phone,user2,sit
52.12841392,9.528923035,-1.15161097,-1.994369984,-0.002130528912,-0.004793690052,-0.001597896684,phone,user2,sit
52.14842685,9.524134636,-1.149216771,-2.020706177,-0.001597896684,-0.004261057824,-0.00266316114,phone,user2,sit
52.1684286,9.533711433,-1.149216771,-2.003946781,-0.001065264456,-0.001597896684,-0.003195793368,phone,user2,sit
52.18843962,9.519346237,-1.139639974,-2.025494576,-0.001065264456,0.0,-0.001597896684,phone,user2,sit
52.2084463,9.519346237,-1.144428372,-2.025494576,0.0,-0.001065264456,-0.001597896684,phone,user2,sit
52.22845021,9.50976944,-1.156399369,-2.030282974,0.0,0.00266316114,-0.002130528912,phone,user2,sit
52.2484556,9.524134636,-1.149216771,-2.015917778,-0.000532632228,0.003728425596,-0.003728425596,phone,user2,sit
52.26846654,9.516951561,-1.156399369,-2.011129379,-0.001065264456,0.004261057824,-0.004261057824,phone,user2,sit
52.28847275,9.516951561,-1.144428372,-2.006340981,0.0,0.006391586736,-0.004793690052,phone,user2,sit
52.30847685,9.536105156,-1.163581967,-2.006340981,-0.001065264456,0.005858954508,-0.004793690052,phone,user2,sit
52.3284838,9.526528358,-1.146822572,-2.003946781,-0.001597896684,0.006391586736,-0.003195793368,phone,user2,sit
52.34849306,9.524134636,-1.137245774,-2.003946781,0.0,0.004793690052,-0.003195793368,phone,user2,sit
52.36850415,9.519346237,-1.137245774,-2.006340981,0.000532632228,0.003728425596,-0.001597896684,phone,user2,sit
52.38851755,9.524134636,-1.158793569,-1.996764183,-0.000532632228,0.001065264456,-0.000532632228,phone,user2,sit
52.40853282,9.52173996,-1.156399369,-1.999158382,-0.001065264456,-0.002130528912,-0.001597896684,phone,user2,sit
52.4285438,9.52173996,-1.146822572,-1.994369984,-0.001597896684,-0.00266316114,-0.002130528912,phone,user2,sit
52.4485513,9.52173996,-1.142034173,-2.013523579,0.0,-0.003728425596,-0.000532632228,phone,user2,sit
52.46856138,9.512163162,-1.142034173,-1.999158382,-0.000532632228,-0.006924218964,-0.001597896684,phone,user2,sit
52.48856528,9.524134636,-1.158793569,-1.999158382,-0.001065264456,-0.007456851192,-0.00266316114,phone,user2,sit
52.50856747,9.528923035,-1.15400517,-2.023100376,-0.001597896684,-0.008522115648,-0.001597896684,phone,user2,sit
52.52856591,9.514557838,-1.156399369,-2.006340981,-0.001597896684,-0.007989482954,-0.003195793368,phone,user2,sit
52.5485665,9.524134636,-1.139639974,-2.018311977,-0.001597896684,-0.005858954508,-0.002130528912,phone,user2,sit
52.56857341,9.516951561,-1.142034173,-2.027888775,-0.00266316114,-0.005858954508,-0.002130528912,phone,user2,sit
52.58857599,9.52173996,-1.144428372,-2.027888775,-0.001597896684,-0.006924218964,-0.001065264456,phone,user2,sit
52.60858091,9.519346237,-1.149216771,-2.027888775,-0.001597896684,-0.004793690052,-0.001065264456,phone,user2,sit
52.62858388,9.516951561,-1.139639974,-2.037465572,-0.000532632228,-0.000532632228,-0.001065264456,phone,user2,sit
52.64858435,9.502586365,-1.149216771,-2.030282974,0.000532632228,0.001597896684,-0.001597896684,phone,user2,sit
52.66858642,9.516951561,-1.15161097,-2.032677174,0.0,0.004793690052,-0.00266316114,phone,user2,sit
52.68859454,9.519346237,-1.158793569,-2.020706177,0.001065264456,0.006924218964,-0.00266316114,phone,user2,sit
52.70860345,9.52173996,-1.158793569,-2.025494576,0.001065264456,0.01065264456,-0.004793690052,phone,user2,sit
52.72861005,9.50976944,-1.15400517,-2.023100376,0.0,0.01171790902,-0.001597896684,phone,user2,sit
52.74861439,9.524134636,-1.146822572,-2.018311977,-0.000532632228,0.008522115648,-0.001065264456,phone,user2,sit
52.76862989,9.526528358,-1.158793569,-2.003946781,-0.000532632228,0.009054748341,-0.001065264456,phone,user2,sit
52.78864306,9.528923035,-1.142034173,-2.006340981,0.0,0.00532632228,-0.000532632228,phone,user2,sit
52.80865224,9.519346237,-1.137245774,-2.006340981,-0.001065264456,0.002130528912,-0.000532632228,phone,user2,sit
52.82865575,9.526528358,-1.15400517,-2.001552582,-0.001065264456,-0.001065264456,-0.000532632228,phone,user2,sit
52.84866739,9.52173996,-1.149216771,-2.006340981,-0.001065264456,-0.001065264456,0.0,phone,user2,sit
52.86868134,9.516951561,-1.146822572,-2.011129379,0.001065264456,-0.000532632228,0.0,phone,user2,sit
52.88869497,9.526528358,-1.15161097,-2.001552582,0.000532632228,-0.001597896684,0.001597896684,phone,user2,sit
52.90871286,9.526528358,-1.149216771,-2.018311977,-0.001597896684,-0.005858954508,0.001597896684,phone,user2,sit
52.92872907,9.519346237,-1.156399369,-2.032677174,-0.001065264456,-0.004793690052,0.001065264456,phone,user2,sit
52.94873958,9.50976944,-1.156399369,-2.037465572,0.0,-0.001065264456,-0.001065264456,phone,user2,sit
52.96875626,9.514557838,-1.163581967,-2.04704237,0.001065264456,0.001597896684,-0.001597896684,phone,user2,sit
52.98877692,9.531316757,-1.130063176,-2.018311977,0.002130528912,0.007456851192,-0.001597896684,phone,user2,sit
53.00879767,9.514557838,-1.15161097,-2.003946781,-0.000532632228,0.006391586736,-0.001065264456,phone,user2,sit
53.02882407,9.50976944,-1.144428372,-2.006340981,0.000532632228,0.004261057824,-0.00266316114,phone,user2,sit
53.04884892,9.524134636,-1.137245774,-2.023100376,0.001065264456,0.006924218964,-0.001597896684,phone,user2,sit
53.06887216,9.528923035,-1.134851575,-2.011129379,0.0,0.005858954508,0.001065264456,phone,user2,sit
53.08889763,9.514557838,-1.158793569,-2.011129379,-0.000532632228,0.001597896684,0.003195793368,phone,user2,sit
53.10891946,9.526528358,-1.149216771,-2.015917778,0.000532632228,0.002130528912,0.00266316114,phone,user2,sit
53.12894708,9.50976944,-1.15161097,-1.999158382,-0.001065264456,0.0,0.003195793368,phone,user2,sit
53.14897013,9.519346237,-1.156399369,-2.013523579,0.0,-0.000532632228,0.000532632228,phone,user2,sit
53.16899314,9.512163162,-1.168370485,-2.00873518,-0.000532632228,0.001597896684,-0.000532632228,phone,user2,sit
53.18901318,9.52173996,-1.158793569,-2.003946781,0.000532632228,0.000532632228,-0.001597896684,phone,user2,sit
53.20903388,9.52173996,-1.15161097,-2.00873518,-0.001065264456,-0.001065264456,-0.001065264456,phone,user2,sit
53.22905775,9.533711433,-1.15161097,-2.025494576,-0.000532632228,0.0,-0.002130528912,phone,user2,sit
53.24907724,9.519346237,-1.137245774,-2.00873518,-0.001597896684,-0.001597896684,0.0,phone,user2,sit
53.26910099,9.516951561,-1.146822572,-2.025494576,0.000532632228,0.000532632228,0.0,phone,user2,sit
53.28912661,9.514557838,-1.149216771,-2.015917778,-0.000532632228,0.000532632228,0.001065264456,phone,user2,sit
53.30914396,9.519346237,-1.146822572,-2.027888775,-0.001065264456,0.001065264456,0.001597896684,phone,user2,sit
53.32916462,9.50976944,-1.15161097,-2.027888775,-0.001065264456,0.002130528912,0.001065264456,phone,user2,sit
53.3491779,9.504981041,-1.15400517,-2.020706177,0.000532632228,0.00266316114,0.000532632228,phone,user2,sit
53.36919321,9.519346237,-1.15400517,-2.00873518,-0.000532632228,0.000532632228,0.0,phone,user2,sit
53.38920915,9.502586365,-1.15400517,-2.011129379,0.000532632228,0.00266316114,0.001065264456,phone,user2,sit
53.40921622,9.519346237,-1.15400517,-2.020706177,0.0,0.003728425596,-0.002130528912,phone,user2,sit
53.42921845,9.519346237,-1.144428372,-2.023100376,0.000532632228,0.003728425596,-0.001065264456,phone,user2,sit
53.4492329,9.519346237,-1.139639974,-2.015917778,0.000532632228,0.000532632228,-0.002130528912,phone,user2,sit
53.46925091,9.526528358,-1.15400517,-2.011129379,0.000532632228,-0.000532632228,-0.002130528912,phone,user2,sit
53.48926247,9.528923035,-1.149216771,-2.025494576,-0.001065264456,-0.000532632228,-0.001065264456,phone,user2,sit
53.50927583,9.528923035,-1.142034173,-2.015917778,-0.001065264456,-0.002130528912,0.0,phone,user2,sit
53.52929169,9.516951561,-1.146822572,-2.032677174,0.0,-0.000532632228,0.001065264456,phone,user2,sit
53.54931071,9.516951561,-1.15400517,-2.030282974,0.001065264456,0.001597896684,0.001065264456,phone,user2,sit
53.56932864,9.519346237,-1.137245774,-2.027888775,0.000532632228,0.002130528912,0.002130528912,phone,user2,sit
53.58935189,9.507374763,-1.156399369,-2.025494576,0.0,0.003195793368,0.001597896684,phone,user2,sit
53.60937247,9.512163162,-1.149216771,-2.025494576,0.0,0.003195793368,0.002130528912,phone,user2,sit
53.62939388,9.52173996,-1.173158884,-2.023100376,-0.000532632228,0.004261057824,0.001597896684,phone,user2,sit
53.64941806,9.50976944,-1.15161097,-2.00873518,0.0,0.003728425596,0.001065264456,phone,user2,sit
53.66944017,9.516951561,-1.15400517,-2.018311977,0.0,0.005858954508,-0.000532632228,phone,user2,sit
53.68946052,9.52173996,-1.156399369,-2.018311977,0.001065264456,0.00266316114,-0.000532632228,phone,user2,sit
53.70947239,9.507374763,-1.144428372,-2.011129379,-0.000532632228,0.001597896684,-0.000532632228,phone,user2,sit
53.72948095,9.50976944,-1.15161097,-2.003946781,-0.000532632228,-0.000532632228,0.0,phone,user2,sit
53.74949134,9.526528358,-1.161187768,-2.020706177,0.0,-0.002130528912,0.000532632228,phone,user2,sit
53.76950134,9.516951561,-1.142034173,-2.027888775,-0.000532632228,-0.000532632228,0.001065264456,phone,user2,sit
53.78951532,9.514557838,-1.156399369,-2.032677174,0.001065264456,0.000532632228,0.001065264456,phone,user2,sit
53.80952821,9.52173996,-1.144428372,-2.015917778,0.0,-0.002130528912,0.002130528912,phone,user2,sit
53.82954853,9.514557838,-1.15161097,-2.013523579,0.0,0.000532632228,0.00266316114,phone,user2,sit
53.84957173,9.516951561,-1.161187768,-2.035071373,0.000532632228,0.0,0.002130528912,phone,user2,sit
53.86959704,9.514557838,-1.163581967,-2.030282974,0.0,-0.000532632228,0.003195793368,phone,user2,sit
53.88961251,9.507374763,-1.161187768,-2.025494576,-0.001065264456,0.0,0.000532632228,phone,user2,sit
53.90962974,9.516951561,-1.168370485,-2.025494576,-0.001065264456,0.0,-0.001597896684,phone,user2,sit
53.92964642,9.538499832,-1.156399369,-2.032677174,0.0,0.000532632228,0.0,phone,user2,sit
53.94966771,9.526528358,-1.149216771,-2.006340981,-0.000532632228,0.00266316114,0.000532632228,phone,user2,sit
53.96968923,9.524134636,-1.163581967,-2.018311977,-0.001065264456,-0.002130528912,0.003195793368,phone,user2,sit
53.98970114,9.516951561,-1.144428372,-2.023100376,-0.000532632228,-0.002130528912,0.001597896684,phone,user2,sit
54.00971126,9.519346237,-1.146822572,-2.023100376,0.0,0.00266316114,0.003195793368,phone,user2,sit
54.02972669,9.507374763,-1.15400517,-2.006340981,0.000532632228,-0.00266316114,0.00532632228,phone,user2,sit
54.04973021,9.516951561,-1.161187768,-2.030282974,0.001065264456,-0.003195793368,0.00532632228,phone,user2,sit
54.06973911,9.531316757,-1.175553083,-2.032677174,0.001065264456,-0.000532632228,0.003728425596,phone,user2,sit
54.08975646,9.502586365,-1.173158884,-2.030282974,0.000532632228,-0.002130528912,0.001597896684,phone,user2,sit
54.10976665,9.512163162,-1.163581967,-2.032677174,0.000532632228,0.0,-0.000532632228,phone,user2,sit
54.12978568,9.524134636,-1.15400517,-2.035071373,0.000532632228,-0.001597896684,-0.001065264456,phone,user2,sit
54.149797,9.52173996,-1.165976286,-2.025494576,0.001065264456,-0.001065264456,0.000532632228,phone,user2,sit
54.16981654,9.524134636,-1.156399369,-2.003946781,-0.000532632228,0.000532632228,0.0,phone,user2,sit
54.18983236,9.50976944,-1.156399369,-2.023100376,-0.000532632228,-0.002130528912,0.002130528912,phone,user2,sit
54.20984837,9.514557838,-1.156399369,-2.035071373,0.000532632228,0.001597896684,0.000532632228,phone,user2,sit
54.2298697,9.497797966,-1.170764685,-2.020706177,0.001065264456,0.004261057824,0.001065264456,phone,user2,sit
54.24988177,9.502586365,-1.165976286,-2.037465572,0.001065264456,0.004261057824,0.0,phone,user2,sit
54.26989599,9.526528358,-1.165976286,-2.023100376,0.000532632228,0.004261057824,-0.000532632228,phone,user2,sit
54.2899145,9.519346237,-1.161187768,-2.018311977,0.001065264456,0.004793690052,-0.002130528912,phone,user2,sit
54.30994208,9.52173996,-1.156399369,-2.023100376,0.000532632228,0.00266316114,-0.00266316114,phone,user2,sit
54.3299588,9.52173996,-1.15400517,-2.013523579,0.0,0.003728425596,-0.003728425596,phone,user2,sit
54.34997079,9.516951561,-1.156399369,-2.020706177,-0.000532632228,0.003195793368,-0.004261057824,phone,user2,sit
54.36998486,9.512163162,-1.15400517,-2.00873518,0.0,0.002130528912,-0.003195793368,phone,user2,sit
54.3899997,9.514557838,-1.156399369,-2.013523579,-0.000532632228,0.001065264456,-0.003195793368,phone,user2,sit
54.41000564,9.519346237,-1.158793569,-2.025494576,0.0,-0.002130528912,-0.002130528912,phone,user2,sit
54.43000548,9.526528358,-1.156399369,-2.015917778,-0.001597896684,-0.00266316114,-0.000532632228,phone,user2,sit
54.45000857,9.528923035,-1.156399369,-2.020706177,-0.000532632228,-0.003728425596,0.001065264456,phone,user2,sit
54.47002185,9.514557838,-1.163581967,-2.025494576,0.000532632228,-0.003728425596,0.0,phone,user2,sit
54.49004169,9.50976944,-1.170764685,-2.011129379,0.001597896684,-0.002130528912,0.000532632228,phone,user2,sit
54.51005052,9.52173996,-1.156399369,-2.027888775,0.000532632228,-0.001065264456,-0.001597896684,phone,user2,sit
54.53006794,9.519346237,-1.165976286,-2.020706177,0.000532632228,0.001065264456,-0.001597896684,phone,user2,sit
54.55007751,9.516951561,-1.163581967,-2.035071373,0.000532632228,0.002130528912,-0.002130528912,phone,user2,sit
54.57009755,9.512163162,-1.173158884,-2.023100376,0.0,0.001597896684,-0.00266316114,phone,user2,sit
54.59011169,9.52173996,-1.161187768,-2.027888775,0.0,0.003195793368,-0.002130528912,phone,user2,sit
54.61013689,9.516951561,-1.163581967,-2.011129379,0.0,0.004261057824,-0.002130528912,phone,user2,sit
54.63015314,9.531316757,-1.161187768,-2.020706177,0.000532632228,0.003195793368,-0.003728425596,phone,user2,sit
54.65017798,9.516951561,-1.144428372,-2.027888775,0.001065264456,0.00266316114,-0.001597896684,phone,user2,sit
54.67019193,9.528923035,-1.156399369,-2.003946781,0.000532632228,0.002130528912,-0.001597896684,phone,user2,sit
54.69020267,9.519346237,-1.158793569,-2.011129379,0.000532632228,0.002130528912,-0.001065264456,phone,user2,sit
54.71022411,9.528923035,-1.15400517,-2.00873518,-0.000532632228,0.000532632228,-0.001597896684,phone,user2,sit
54.73024853,9.519346237,-1.149216771,-2.001552582,-0.001065264456,0.0,-0.001597896684,phone,user2,sit
54.75027423,9.514557838,-1.158793569,-2.013523579,-0.000532632228,0.0,-0.001597896684,phone,user2,sit
54.77029677,9.524134636,-1.15400517,-2.00873518,0.000532632228,0.001597896684,-0.004261057824,phone,user2,sit
54.79032185,9.543288231,-1.146822572,-2.020706177,0.001065264456,0.000532632228,-0.00266316114,phone,user2,sit
54.81034216,9.524134636,-1.15400517,-2.013523579,0.000532632228,0.002130528912,-0.001065264456,phone,user2,sit
54.8303606,9.524134636,-1.144428372,-2.00873518,-0.001065264456,0.0,-0.001065264456,phone,user2,sit
54.85037458,9.526528358,-1.158793569,-2.023100376,-0.001065264456,0.0,-0.001597896684,phone,user2,sit
54.87038478,9.52173996,-1.146822572,-2.013523579,-0.001597896684,0.001065264456,0.000532632228,phone,user2,sit
54.8904047,9.514557838,-1.146822572,-2.011129379,-0.001597896684,-0.000532632228,0.001065264456,phone,user2,sit
54.91043665,9.516951561,-1.161187768,-2.00873518,0.0,-0.002130528912,0.002130528912,phone,user2,sit
54.93046056,9.507374763,-1.158793569,-2.00873518,-0.000532632228,-0.000532632228,0.001597896684,phone,user2,sit
54.95048196,9.507374763,-1.175553083,-2.018311977,0.0,-0.00266316114,0.000532632228,phone,user2,sit
54.970512,9.512163162,-1.170764685,-2.025494576,-0.001065264456,-0.001597896684,-0.002130528912,phone,user2,sit
54.99054118,9.52173996,-1.158793569,-2.020706177,0.0,0.000532632228,-0.001597896684,phone,user2,sit
55.01056892,9.514557838,-1.15400517,-2.006340981,-0.001597896684,-0.001065264456,-0.002130528912,phone,user2,sit
55.03060068,9.519346237,-1.15161097,-2.003946781,-0.000532632228,-0.00266316114,-0.000532632228,phone,user2,sit
55.05062802,9.516951561,-1.144428372,-2.030282974,-0.001065264456,-0.003728425596,-0.000532632228,phone,user2,sit
55.07065536,9.526528358,-1.15161097,-2.023100376,0.0,-0.002130528912,0.001597896684,phone,user2,sit
55.09068712,9.526528358,-1.156399369,-2.020706177,-0.001597896684,-0.006391586736,0.001597896684,phone,user2,sit
55.11072017,9.516951561,-1.15400517,-2.020706177,-0.00266316114,-0.006924218964,0.002130528912,phone,user2,sit
55.13074841,9.524134636,-1.158793569,-2.037465572,-0.000532632228,-0.00532632228,0.001597896684,phone,user2,sit
55.15077087,9.516951561,-1.161187768,-2.023100376,-0.000532632228,-0.005858954508,0.001597896684,phone,user2,sit
55.17078868,9.519346237,-1.158793569,-2.035071373,-0.000532632228,-0.006391586736,0.001065264456,phone,user2,sit
55.19079849,9.512163162,-1.175553083,-2.042253971,-0.000532632228,-0.002130528912,-0.000532632228,phone,user2,sit
55.21081411,9.50976944,-1.163581967,-2.032677174,-0.000532632228,-0.000532632228,-0.001065264456,phone,user2,sit
55.230827,9.516951561,-1.158793569,-2.032677174,-0.001597896684,0.002130528912,-0.00266316114,phone,user2,sit
55.25085325,9.519346237,-1.161187768,-2.018311977,-0.001065264456,0.002130528912,-0.002130528912,phone,user2,sit
55.27087626,9.519346237,-1.142034173,-2.035071373,-0.001065264456,0.002130528912,-0.00266316114,phone,user2,sit
55.29089181,9.52173996,-1.163581967,-2.023100376,0.0,0.002130528912,-0.00266316114,phone,user2,sit
55.31091794,9.50976944,-1.144428372,-2.032677174,-0.001597896684,0.00532632228,-0.001597896684,phone,user2,sit
55.33093892,9.526528358,-1.156399369,-2.037465572,-0.001065264456,0.004793690052,-0.00266316114,phone,user2,sit
55.35096708,9.519346237,-1.158793569,-2.003946781,-0.001065264456,0.004261057824,-0.001065264456,phone,user2,sit
55.37098025,9.524134636,-1.134851575,-2.035071373,-0.001597896684,0.004793690052,-0.000532632228,phone,user2,sit
55.39099669,9.512163162,-1.161187768,-2.003946781,0.001065264456,0.006924218964,0.0,phone,user2,sit
55.41100864,9.519346237,-1.156399369,-2.011129379,-0.001065264456,0.00266316114,0.0,phone,user2,sit
55.43102919,9.52173996,-1.15400517,-2.020706177,0.0,0.003728425596,0.0,phone,user2,sit
55.45104556,9.519346237,-1.156399369,-2.003946781,-0.000532632228,0.000532632228,0.0,phone,user2,sit
55.47106251,9.52173996,-1.161187768,-2.003946781,-0.001065264456,-0.00266316114,0.000532632228,phone,user2,sit
55.49107946,9.50976944,-1.15400517,-2.006340981,-0.001597896684,-0.00266316114,-0.000532632228,phone,user2,sit
55.51108954,9.516951561,-1.158793569,-2.003946781,-0.000532632228,-0.006391586736,-0.000532632228,phone,user2,sit
55.5311045,9.52173996,-1.15161097,-2.030282974,-0.000532632228,-0.00266316114,-0.001065264456,phone,user2,sit
55.55111232,9.50976944,-1.144428372,-2.037465572,-0.000532632228,-0.00266316114,-0.000532632228,phone,user2,sit
55.5711347,9.524134636,-1.15161097,-2.023100376,0.000532632228,-0.001597896684,-0.001065264456,phone,user2,sit
55.59116321,9.519346237,-1.15400517,-2.027888775,-0.000532632228,0.0,0.000532632228,phone,user2,sit
55.61118482,9.519346237,-1.163581967,-2.037465572,-0.001065264456,-0.001597896684,0.000532632228,phone,user2,sit
55.63120118,9.516951561,-1.15400517,-2.023100376,-0.000532632228,-0.001597896684,-0.000532632228,phone,user2,sit
55.65121919,9.516951561,-1.156399369,-2.032677174,-0.000532632228,0.002130528912,-0.001065264456,phone,user2,sit
55.67124185,9.528923035,-1.139639974,-2.025494576,-0.000532632228,0.003728425596,-0.001065264456,phone,user2,sit
55.69125884,9.52173996,-1.161187768,-2.018311977,-0.001065264456,0.004261057824,0.0,phone,user2,sit
55.71127618,9.516951561,-1.149216771,-2.015917778,-0.001597896684,0.001065264456,0.0,phone,user2,sit
55.73129243,9.528923035,-1.142034173,-2.025494576,-0.002130528912,0.000532632228,0.000532632228,phone,user2,sit
55.75132489,9.524134636,-1.142034173,-2.003946781,-0.000532632228,0.002130528912,0.0,phone,user2,sit
55.77135157,9.50976944,-1.156399369,-2.00873518,-0.001597896684,-0.000532632228,0.001597896684,phone,user2,sit
55.79137189,9.52173996,-1.156399369,-2.015917778,0.0,-0.001597896684,0.001597896684,phone,user2,sit
55.81139489,9.512163162,-1.158793569,-2.003946781,0.0,-0.001065264456,0.001065264456,phone,user2,sit
55.83142095,9.512163162,-1.168370485,-2.030282974,-0.001065264456,-0.002130528912,0.000532632228,phone,user2,sit
55.85144708,9.516951561,-1.161187768,-2.023100376,-0.001065264456,-0.001065264456,-0.001065264456,phone,user2,sit
55.87147017,9.519346237,-1.161187768,-2.027888775,-0.001065264456,0.000532632228,-0.001597896684,phone,user2,sit
55.89149603,9.514557838,-1.15400517,-2.025494576,-0.000532632228,0.0,-0.000532632228,phone,user2,sit
55.9115222,9.516951561,-1.161187768,-2.023100376,0.0,-0.000532632228,-0.000532632228,phone,user2,sit
55.93154529,9.512163162,-1.139639974,-2.027888775,0.001065264456,0.000532632228,-0.000532632228,phone,user2,sit
55.95156993,9.528923035,-1.142034173,-2.027888775,0.0,0.000532632228,0.0,phone,user2,sit
55.97160528,9.516951561,-1.146822572,-2.027888775,-0.001065264456,0.001065264456,-0.000532632228,phone,user2,sit
55.99163689,9.516951561,-1.144428372,-2.018311977,-0.001065264456,0.001065264456,0.0,phone,user2,sit
56.01166634,9.512163162,-1.158793569,-2.018311977,0.0,0.0,0.0,phone,user2,sit
56.03169505,9.526528358,-1.144428372,-2.027888775,-0.000532632228,0.0,-0.001065264456,phone,user2,sit
56.05172204,9.514557838,-1.161187768,-2.023100376,-0.000532632228,-0.002130528912,0.001065264456,phone,user2,sit
56.0717454,9.52173996,-1.15400517,-2.011129379,-0.000532632228,-0.00266316114,0.000532632228,phone,user2,sit
56.09177017,9.50976944,-1.15400517,-2.023100376,0.0,-0.001065264456,-0.001065264456,phone,user2,sit
56.1117956,9.50976944,-1.15400517,-2.027888775,0.0,-0.000532632228,-0.001065264456,phone,user2,sit
56.13181982,9.50976944,-1.161187768,-2.013523579,-0.000532632228,-0.001597896684,-0.001597896684,phone,user2,sit
56.15184599,9.519346237,-1.161187768,-2.032677174,-0.001065264456,-0.002130528912,-0.000532632228,phone,user2,sit
56.17187368,9.52173996,-1.142034173,-2.039859772,-0.000532632228,-0.002130528912,-0.001597896684,phone,user2,sit
56.1919056,9.526528358,-1.144428372,-2.030282974,0.000532632228,-0.000532632228,0.0,phone,user2,sit
56.2119322,9.50976944,-1.15161097,-2.025494576,-0.000532632228,-0.001065264456,0.000532632228,phone,user2,sit
56.23195708,9.512163162,-1.15400517,-2.030282974,-0.000532632228,0.0,0.0,phone,user2,sit
56.25197974,9.50976944,-1.146822572,-2.023100376,-0.000532632228,0.002130528912,0.001065264456,phone,user2,sit
56.27199845,9.512163162,-1.163581967,-2.042253971,0.001597896684,0.003728425596,0.0,phone,user2,sit
56.29201911,9.516951561,-1.146822572,-2.023100376,0.0,0.003195793368,0.000532632228,phone,user2,sit
56.31205263,9.514557838,-1.15400517,-2.025494576,0.001065264456,0.00266316114,0.000532632228,phone,user2,sit
56.33207521,9.516951561,-1.15400517,-2.011129379,0.001597896684,0.003195793368,-0.001065264456,phone,user2,sit
56.35209017,9.526528358,-1.156399369,-2.00873518,0.000532632228,0.001065264456,-0.000532632228,phone,user2,sit
56.37210247,9.516951561,-1.158793569,-2.011129379,-0.000532632228,-0.001597896684,0.0,phone,user2,sit
56.39212271,9.516951561,-1.156399369,-2.006340981,-0.000532632228,-0.004261057824,0.001597896684,phone,user2,sit
56.4121397,9.52173996,-1.142034173,-2.006340981,0.0,-0.00532632228,0.001597896684,phone,user2,sit
56.43215896,9.519346237,-1.156399369,-2.027888775,-0.001065264456,-0.005858954508,0.001597896684,phone,user2,sit
56.45217482,9.524134636,-1.170764685,-2.023100376,-0.000532632228,-0.005858954508,0.001597896684,phone,user2,sit
56.47220083,9.516951561,-1.15400517,-2.030282974,-0.000532632228,-0.005858954508,0.001065264456,phone,user2,sit
56.49222775,9.516951561,-1.158793569,-2.027888775,0.001065264456,-0.00266316114,0.00266316114,phone,user2,sit
56.51226189,9.512163162,-1.165976286,-2.015917778,0.000532632228,-0.001065264456,0.001597896684,phone,user2,sit
56.53229751,9.502586365,-1.156399369,-2.039859772,-0.001065264456,-0.000532632228,0.0,phone,user2,sit
56.552324,9.516951561,-1.163581967,-2.037465572,-0.000532632228,0.001065264456,-0.000532632228,phone,user2,sit
56.57234279,9.52173996,-1.15400517,-2.035071373,0.000532632228,0.004793690052,-0.000532632228,phone,user2,sit
56.59236857,9.524134636,-1.156399369,-2.018311977,-0.000532632228,0.005858954508,0.001065264456,phone,user2,sit
56.61239185,9.516951561,-1.15400517,-2.003946781,-0.002130528912,0.004261057824,0.002130528912,phone,user2,sit
56.63241427,9.52173996,-1.15161097,-2.032677174,-0.000532632228,0.00266316114,0.00266316114,phone,user2,sit
56.65243064,9.512163162,-1.149216771,-2.027888775,0.0,0.003195793368,0.00266316114,phone,user2,sit
56.67244696,9.516951561,-1.15161097,-2.006340981,-0.000532632228,-0.001065264456,0.004793690052,phone,user2,sit
56.69246806,9.514557838,-1.156399369,-2.023100376,0.001597896684,0.001065264456,0.003728425596,phone,user2,sit
56.71248271,9.512163162,-1.161187768,-2.006340981,0.001065264456,0.003195793368,0.002130528912,phone,user2,sit
56.73250255,9.512163162,-1.182735682,-2.020706177,0.000532632228,-0.001065264456,0.001065264456,phone,user2,sit
56.75252943,9.516951561,-1.165976286,-2.032677174,0.000532632228,-0.00266316114,0.001065264456,phone,user2,sit
56.77255857,9.528923035,-1.161187768,-2.018311977,-0.001065264456,-0.001597896684,0.0,phone,user2,sit
56.79258263,9.519346237,-1.158793569,-2.00873518,-0.001065264456,-0.004793690052,0.001065264456,phone,user2,sit
56.81260423,9.524134636,-1.156399369,-2.037465572,-0.000532632228,-0.00266316114,0.000532632228,phone,user2,sit
56.83261927,9.497797966,-1.158793569,-2.030282974,0.001065264456,0.001065264456,0.000532632228,phone,user2,sit
56.85263478,9.514557838,-1.156399369,-2.030282974,0.002130528912,0.003195793368,0.000532632228,phone,user2,sit
56.87266189,9.512163162,-1.170764685,-2.00873518,0.001597896684,0.006924218964,0.001065264456,phone,user2,sit
56.8926938,9.516951561,-1.15161097,-2.013523579,0.000532632228,0.004793690052,-0.000532632228,phone,user2,sit
56.91272482,9.504981041,-1.168370485,-2.018311977,0.0,0.00532632228,0.001597896684,phone,user2,sit
56.93275208,9.512163162,-1.161187768,-2.006340981,0.000532632228,0.004261057824,0.001597896684,phone,user2,sit
56.9527672,9.524134636,-1.165976286,-2.00873518,-0.002130528912,0.0,0.001597896684,phone,user2,sit
56.97278669,9.507374763,-1.180341482,-2.015917778,0.0,0.001065264456,0.001065264456,phone,user2,sit
56.99280224,9.514557838,-1.156399369,-2.00873518,-0.001597896684,-0.000532632228,0.0,phone,user2,sit
57.01282275,9.507374763,-1.165976286,-2.013523579,-0.000532632228,-0.003195793368,-0.001065264456,phone,user2,sit
57.03284032,9.519346237,-1.158793569,-2.011129379,-0.001065264456,-0.003195793368,-0.001597896684,phone,user2,sit
57.05285419,9.52173996,-1.156399369,-2.025494576,0.0,-0.004793690052,-0.00266316114,phone,user2,sit
57.07286364,9.50976944,-1.15161097,-2.025494576,-0.001597896684,-0.006391586736,-0.001597896684,phone,user2,sit
57.09287087,9.516951561,-1.156399369,-2.032677174,-0.001597896684,-0.008522115648,0.000532632228,phone,user2,sit
57.11287747,9.507374763,-1.15161097,-2.027888775,-0.000532632228,-0.004793690052,0.000532632228,phone,user2,sit
57.13288446,9.519346237,-1.15400517,-2.030282974,0.000532632228,-0.004261057824,0.000532632228,phone,user2,sit
57.1528913,9.507374763,-1.168370485,-2.04704237,-0.000532632228,-0.003195793368,0.000532632228,phone,user2,sit
57.17291048,9.50976944,-1.170764685,-2.025494576,0.001597896684,0.001597896684,0.000532632228,phone,user2,sit
57.1929356,9.516951561,-1.175553083,-2.030282974,0.001065264456,0.001597896684,-0.001597896684,phone,user2,sit
57.21296028,9.507374763,-1.168370485,-2.027888775,0.001597896684,0.003195793368,-0.00266316114,phone,user2,sit
57.23298419,9.519346237,-1.158793569,-2.011129379,0.001065264456,0.006924218964,-0.003728425596,phone,user2,sit
57.25300974,9.526528358,-1.175553083,-2.00873518,0.001065264456,0.00532632228,-0.004793690052,phone,user2,sit
57.27303255,9.519346237,-1.15400517,-2.00873518,0.0,0.003728425596,-0.004261057824,phone,user2,sit
57.29305575,9.524134636,-1.15400517,-2.020706177,0.000532632228,0.004793690052,-0.004793690052,phone,user2,sit
57.3130779,9.533711433,-1.158793569,-2.006340981,-0.000532632228,0.000532632228,-0.003195793368,phone,user2,sit
57.33309798,9.514557838,-1.15161097,-2.018311977,-0.000532632228,0.000532632228,-0.002130528912,phone,user2,sit
57.35312978,9.512163162,-1.15161097,-2.018311977,-0.000532632228,-0.001597896684,-0.002130528912,phone,user2,sit
57.37315685,9.524134636,-1.146822572,-2.015917778,-0.001597896684,-0.002130528912,-0.001065264456,phone,user2,sit
57.39318185,9.519346237,-1.156399369,-2.015917778,-0.001065264456,-0.002130528912,-0.000532632228,phone,user2,sit
57.41320306,9.524134636,-1.15400517,-2.001552582,-0.001597896684,-0.004793690052,-0.000532632228,phone,user2,sit
57.43322505,9.514557838,-1.163581967,-2.006340981,-0.001065264456,-0.00532632228,-0.002130528912,phone,user2,sit
57.45324021,9.516951561,-1.158793569,-2.037465572,-0.001597896684,-0.004261057824,-0.00266316114,phone,user2,sit
57.47326556,9.524134636,-1.158793569,-2.023100376,-0.000532632228,-0.003195793368,-0.001065264456,phone,user2,sit
57.49329462,9.528923035,-1.156399369,-2.006340981,0.0,-0.003195793368,-0.001065264456,phone,user2,sit
57.51332251,9.512163162,-1.161187768,-2.00873518,-0.000532632228,-0.00532632228,-0.001065264456,phone,user2,sit
57.53335349,9.524134636,-1.156399369,-2.039859772,-0.001065264456,-0.003195793368,-0.000532632228,phone,user2,sit
57.55337603,9.526528358,-1.149216771,-2.023100376,0.001065264456,0.001065264456,0.0,phone,user2,sit
57.57339388,9.490615845,-1.158793569,-2.006340981,0.001065264456,-0.001065264456,0.0,phone,user2,sit
57.59341868,9.514557838,-1.170764685,-2.030282974,0.001065264456,0.0,0.0,phone,user2,sit
57.61343732,9.507374763,-1.170764685,-2.030282974,0.002130528912,0.00532632228,-0.002130528912,phone,user2,sit
57.6334563,9.516951561,-1.177947283,-2.023100376,0.000532632228,0.003728425596,-0.003195793368,phone,user2,sit
57.65348032,9.516951561,-1.163581967,-2.023100376,0.0,0.001597896684,-0.004793690052,phone,user2,sit
57.67349607,9.516951561,-1.149216771,-2.025494576,-0.000532632228,0.001597896684,-0.004261057824,phone,user2,sit
57.69350794,9.524134636,-1.158793569,-2.006340981,-0.000532632228,0.000532632228,-0.003195793368,phone,user2,sit
57.71352075,9.516951561,-1.144428372,-2.025494576,-0.001065264456,-0.001597896684,-0.003195793368,phone,user2,sit
57.73352958,9.50976944,-1.156399369,-2.042253971,-0.000532632228,-0.002130528912,-0.001597896684,phone,user2,sit
57.7535415,9.504981041,-1.15400517,-2.020706177,0.001065264456,0.004793690052,-0.001065264456,phone,user2,sit
57.7735463,9.502586365,-1.163581967,-2.003946781,-0.001065264456,0.001065264456,-0.002130528912,phone,user2,sit
57.79355786,9.504981041,-1.165976286,-2.025494576,0.000532632228,0.00532632228,-0.003195793368,phone,user2,sit
57.81356833,9.512163162,-1.161187768,-2.00873518,-0.000532632228,0.003195793368,-0.00266316114,phone,user2,sit
57.83358443,9.516951561,-1.144428372,-2.023100376,-0.00266316114,-0.003195793368,-0.001597896684,phone,user2,sit
57.85360556,9.516951561,-1.149216771,-2.018311977,-0.001597896684,-0.002130528912,-0.00266316114,phone,user2,sit
57.87361712,9.516951561,-1.165976286,-2.003946781,-0.000532632228,-0.00266316114,-0.003195793368,phone,user2,sit
57.8936256,9.52173996,-1.161187768,-2.013523579,-0.001065264456,-0.001065264456,-0.002130528912,phone,user2,sit
57.91363935,9.50976944,-1.156399369,-2.027888775,0.000532632228,-0.000532632228,-0.004261057824,phone,user2,sit
57.933652,9.52173996,-1.15161097,-2.025494576,0.001065264456,0.002130528912,-0.004793690052,phone,user2,sit
57.95366778,9.528923035,-1.142034173,-2.020706177,0.0,0.001065264456,-0.00266316114,phone,user2,sit
57.97368747,9.504981041,-1.139639974,-2.011129379,-0.000532632228,-0.001597896684,-0.001065264456,phone,user2,sit
57.99370259,9.50976944,-1.144428372,-2.011129379,-0.001065264456,-0.00266316114,0.0,phone,user2,sit
58.01370236,9.516951561,-1.168370485,-2.018311977,-0.000532632228,-0.001597896684,0.000532632228,phone,user2,sit
58.03370501,9.519346237,-1.158793569,-2.032677174,0.000532632228,-0.000532632228,-0.000532632228,phone,user2,sit
58.05371564,9.512163162,-1.163581967,-2.032677174,0.0,0.002130528912,-0.001065264456,phone,user2,sit
58.07373384,9.512163162,-1.163581967,-2.023100376,0.0,0.001597896684,-0.001597896684,phone,user2,sit
58.09375099,9.519346237,-1.15400517,-2.020706177,0.000532632228,0.0,-0.001597896684,phone,user2,sit
58.11376489,9.524134636,-1.158793569,-2.030282974,-0.000532632228,0.002130528912,-0.003195793368,phone,user2,sit
58.13378021,9.50976944,-1.15400517,-2.003946781,0.0,0.000532632228,-0.002130528912,phone,user2,sit
58.1537929,9.519346237,-1.158793569,-2.003946781,-0.000532632228,-0.000532632228,-0.001065264456,phone,user2,sit
58.17380376,9.531316757,-1.15400517,-2.030282974,0.0,-0.000532632228,-0.000532632228,phone,user2,sit
58.1938195,9.52173996,-1.163581967,-2.020706177,-0.001597896684,-0.000532632228,-0.001065264456,phone,user2,sit
58.21383435,9.507374763,-1.158793569,-2.032677174,-0.000532632228,-0.001065264456,0.0,phone,user2,sit
58.23385407,9.533711433,-1.156399369,-2.025494576,-0.000532632228,-0.002130528912,0.000532632228,phone,user2,sit
58.25387095,9.512163162,-1.156399369,-2.037465572,-0.000532632228,-0.001597896684,0.001065264456,phone,user2,sit
58.27388896,9.516951561,-1.15161097,-2.015917778,0.000532632228,-0.001065264456,0.000532632228,phone,user2,sit
58.29390821,9.52173996,-1.158793569,-2.025494576,0.000532632228,0.0,0.000532632228,phone,user2,sit
58.31392747,9.516951561,-1.163581967,-2.018311977,0.0,-0.001597896684,0.000532632228,phone,user2,sit
58.33394896,9.512163162,-1.149216771,-2.015917778,-0.000532632228,0.0,0.001065264456,phone,user2,sit
58.35396419,9.516951561,-1.156399369,-2.023100376,0.000532632228,0.000532632228,0.0,phone,user2,sit
58.37397442,9.519346237,-1.15400517,-2.035071373,0.001065264456,0.001597896684,-0.002130528912,phone,user2,sit
58.39399017,9.524134636,-1.15400517,-2.027888775,0.001065264456,0.001597896684,-0.001597896684,phone,user2,sit
58.41400763,9.519346237,-1.15400517,-2.013523579,0.0,0.003728425596,0.000532632228,phone,user2,sit
58.43402259,9.519346237,-1.149216771,-2.020706177,0.0,0.000532632228,0.001597896684,phone,user2,sit
58.45403747,9.52173996,-1.15400517,-2.037465572,-0.000532632228,-0.001065264456,0.001597896684,phone,user2,sit
58.47405486,9.514557838,-1.156399369,-2.020706177,0.0,0.000532632228,0.00266316114,phone,user2,sit
58.49407173,9.52173996,-1.163581967,-2.015917778,0.0,-0.001597896684,0.003195793368,phone,user2,sit
58.51408849,9.528923035,-1.168370485,-2.025494576,-0.000532632228,-0.004261057824,0.002130528912,phone,user2,sit
58.53410489,9.50976944,-1.158793569,-2.020706177,0.0,-0.004793690052,0.00266316114,phone,user2,sit
58.55412404,9.512163162,-1.170764685,-2.018311977,-0.000532632228,-0.004793690052,0.000532632228,phone,user2,sit
58.57414419,9.512163162,-1.161187768,-2.030282974,0.0,-0.002130528912,0.0,phone,user2,sit
58.59416091,9.50976944,-1.149216771,-2.035071373,0.000532632228,0.0,-0.001065264456,phone,user2,sit
58.61417216,9.524134636,-1.158793569,-2.04704237,0.0,-0.000532632228,-0.001065264456,phone,user2,sit
58.6341788,9.531316757,-1.146822572,-2.013523579,-0.001065264456,0.002130528912,-0.001065264456,phone,user2,sit
58.65419857,9.524134636,-1.142034173,-2.032677174,-0.000532632228,0.001597896684,0.0,phone,user2,sit
58.67421509,9.512163162,-1.149216771,-2.030282974,-0.001597896684,0.001065264456,0.001065264456,phone,user2,sit
58.69422208,9.50976944,-1.163581967,-2.018311977,0.000532632228,0.001597896684,0.001597896684,phone,user2,sit
58.71422333,9.526528358,-1.15400517,-2.020706177,-0.000532632228,0.0,0.002130528912,phone,user2,sit
58.73422818,9.519346237,-1.156399369,-2.020706177,0.0,-0.000532632228,0.00266316114,phone,user2,sit
58.754222,9.524134636,-1.163581967,-2.00873518,-0.000532632228,-0.004261057824,0.001597896684,phone,user2,sit
58.77422962,9.52173996,-1.15400517,-2.013523579,0.0,-0.005858954508,0.00266316114,phone,user2,sit
58.79424079,9.528923035,-1.156399369,-2.035071373,-0.000532632228,-0.004793690052,0.001597896684,phone,user2,sit
58.81424665,9.52173996,-1.149216771,-2.023100376,-0.000532632228,-0.006924218964,0.001597896684,phone,user2,sit
58.83424935,9.524134636,-1.165976286,-2.032677174,-0.000532632228,-0.007456851192,0.002130528912,phone,user2,sit
58.8542531,9.507374763,-1.149216771,-2.025494576,0.0,-0.003195793368,0.001065264456,phone,user2,sit
58.87425509,9.524134636,-1.15161097,-2.020706177,0.0,-0.001065264456,0.000532632228,phone,user2,sit
58.89425493,9.52173996,-1.15161097,-2.030282974,0.0,0.001597896684,0.000532632228,phone,user2,sit
58.91426263,9.519346237,-1.15400517,-2.025494576,0.0,0.0,0.001597896684,phone,user2,sit
58.93426724,9.50976944,-1.163581967,-2.039859772,-0.000532632228,0.001065264456,0.00266316114,phone,user2,sit
58.95428028,9.52173996,-1.156399369,-2.037465572,-0.000532632228,0.001065264456,0.00266316114,phone,user2,sit
58.97429376,9.516951561,-1.163581967,-2.030282974,-0.000532632228,0.0,0.002130528912,phone,user2,sit
58.99430685,9.512163162,-1.161187768,-2.015917778,0.001065264456,0.00266316114,0.00266316114,phone,user2,sit
59.01431751,9.507374763,-1.161187768,-2.037465572,0.000532632228,0.00266316114,0.000532632228,phone,user2,sit
59.03433333,9.512163162,-1.161187768,-2.018311977,0.0,0.004261057824,0.0,phone,user2,sit
59.05435568,9.519346237,-1.163581967,-2.011129379,0.001597896684,0.006924218964,-0.000532632228,phone,user2,sit
59.07438146,9.516951561,-1.161187768,-2.006340981,0.001065264456,0.006924218964,-0.001597896684,phone,user2,sit
59.09440876,9.52173996,-1.156399369,-2.001552582,0.001065264456,0.005858954508,-0.001065264456,phone,user2,sit
59.11442028,9.519346237,-1.158793569,-2.001552582,-0.000532632228,0.004793690052,-0.001065264456,phone,user2,sit
59.1344304,9.524134636,-1.173158884,-2.003946781,-0.001597896684,0.001597896684,0.001065264456,phone,user2,sit
59.1544404,9.514557838,-1.158793569,-2.006340981,-0.001597896684,0.001065264456,0.000532632228,phone,user2,sit
59.17444751,9.516951561,-1.158793569,-2.00873518,-0.001065264456,0.0,0.00266316114,phone,user2,sit
59.19445966,9.516951561,-1.163581967,-2.00873518,-0.000532632228,-0.002130528912,0.001597896684,phone,user2,sit
59.21446919,9.52173996,-1.161187768,-2.006340981,0.0,-0.001065264456,0.001065264456,phone,user2,sit
59.23448224,9.516951561,-1.165976286,-2.001552582,0.000532632228,-0.003728425596,0.001597896684,phone,user2,sit
59.25449454,9.516951561,-1.158793569,-2.018311977,0.001597896684,-0.003728425596,0.001065264456,phone,user2,sit
59.2745038,9.507374763,-1.158793569,-2.015917778,0.000532632228,-0.003195793368,0.001065264456,phone,user2,sit
59.29451716,9.526528358,-1.163581967,-2.023100376,-0.000532632228,-0.003728425596,0.001065264456,phone,user2,sit
59.3145354,9.507374763,-1.15161097,-2.025494576,-0.000532632228,-0.00532632228,0.001065264456,phone,user2,sit
59.33455087,9.504981041,-1.156399369,-2.035071373,-0.000532632228,-0.003195793368,-0.000532632228,phone,user2,sit
59.35456486,9.524134636,-1.15161097,-2.039859772,0.001065264456,-0.000532632228,0.0,phone,user2,sit
59.37458294,9.524134636,-1.163581967,-2.030282974,0.001065264456,0.001597896684,0.001597896684,phone,user2,sit
59.39459583,9.519346237,-1.161187768,-2.006340981,-0.000532632228,-0.001065264456,0.002130528912,phone,user2,sit
59.41461654,9.516951561,-1.163581967,-2.025494576,-0.001597896684,-0.003195793368,0.00266316114,phone,user2,sit
59.4346388,9.519346237,-1.158793569,-2.035071373,0.001065264456,0.001065264456,0.001597896684,phone,user2,sit
59.45465794,9.516951561,-1.168370485,-2.023100376,0.0,0.000532632228,0.00266316114,phone,user2,sit
59.47467782,9.514557838,-1.175553083,-2.023100376,-0.000532632228,0.000532632228,0.00266316114,phone,user2,sit
59.49469587,9.516951561,-1.177947283,-2.023100376,0.001065264456,0.001065264456,0.0,phone,user2,sit
59.51471107,9.514557838,-1.180341482,-2.020706177,0.0,0.00266316114,-0.002130528912,phone,user2,sit
59.53473357,9.516951561,-1.175553083,-2.018311977,0.0,0.001597896684,-0.004793690052,phone,user2,sit
59.55475958,9.526528358,-1.163581967,-2.006340981,0.0,0.001065264456,-0.00532632228,phone,user2,sit
59.57479232,9.52173996,-1.158793569,-2.023100376,-0.001065264456,-0.000532632228,-0.003195793368,phone,user2,sit
59.59481525,9.524134636,-1.161187768,-2.030282974,-0.000532632228,-0.002130528912,-0.002130528912,phone,user2,sit
59.61482532,9.516951561,-1.15400517,-2.011129379,-0.000532632228,-0.001065264456,-0.000532632228,phone,user2,sit
59.63484282,9.504981041,-1.156399369,-2.032677174,0.000532632228,0.0,-0.000532632228,phone,user2,sit
59.65486458,9.50976944,-1.163581967,-2.032677174,0.0,0.001597896684,0.0,phone,user2,sit
59.67487728,9.507374763,-1.170764685,-2.020706177,-0.000532632228,0.003728425596,0.000532632228,phone,user2,sit
59.69488997,9.512163162,-1.168370485,-2.023100376,0.000532632228,0.003728425596,-0.000532632228,phone,user2,sit
59.714912,9.514557838,-1.168370485,-2.00873518,-0.000532632228,0.00266316114,-0.001597896684,phone,user2,sit
59.7349331,9.531316757,-1.170764685,-2.025494576,-0.001597896684,0.0,-0.001597896684,phone,user2,sit
59.75495189,9.516951561,-1.175553083,-2.020706177,-0.000532632228,-0.00266316114,-0.00266316114,phone,user2,sit
59.7749715,9.516951561,-1.165976286,-2.013523579,-0.002130528912,-0.003728425596,-0.00266316114,phone,user2,sit
59.79500177,9.52173996,-1.165976286,-1.994369984,-0.001065264456,-0.003195793368,-0.00266316114,phone,user2,sit
59.8150247,9.52173996,-1.156399369,-2.025494576,-0.000532632228,-0.00532632228,-0.00266316114,phone,user2,sit
59.83504294,9.519346237,-1.15400517,-2.025494576,0.001065264456,-0.004793690052,-0.002130528912,phone,user2,sit
59.85506298,9.516951561,-1.156399369,-2.030282974,-0.001065264456,-0.00532632228,-0.001597896684,phone,user2,sit
59.87507692,9.524134636,-1.168370485,-2.003946781,0.000532632228,-0.003728425596,0.0,phone,user2,sit
59.89509243,9.500192642,-1.158793569,-2.030282974,0.0,-0.00266316114,0.0,phone,user2,sit
59.91510579,9.504981041,-1.161187768,-2.027888775,-0.000532632228,-0.000532632228,-0.000532632228,phone,user2,sit
59.93512364,9.52173996,-1.161187768,-2.04464817,0.0,-0.000532632228,-0.000532632228,phone,user2,sit
59.95513579,9.514557838,-1.163581967,-2.032677174,0.0,0.001597896684,-0.001597896684,phone,user2,sit
59.97514958,9.512163162,-1.163581967,-2.035071373,0.0,0.004261057824,-0.002130528912,phone,user2,sit
59.99516333,9.519346237,-1.168370485,-2.030282974,-0.001065264456,0.003728425596,-0.003728425596,phone,user2,sit
60.0151706,9.516951561,-1.158793569,-2.015917778,0.0,0.00532632228,-0.003728425596,phone,user2,sit
60.03518681,9.514557838,-1.161187768,-2.023100376,0.0,0.004793690052,-0.002130528912,phone,user2,sit
60.05519286,9.526528358,-1.158793569,-2.001552582,0.0,0.003195793368,-0.002130528912,phone,user2,sit
60.07520614,9.516951561,-1.161187768,-2.018311977,-0.000532632228,0.003195793368,-0.002130528912,phone,user2,sit
60.09521618,9.524134636,-1.15400517,-2.020706177,0.000532632228,0.002130528912,-0.002130528912,phone,user2,sit
60.11523017,9.512163162,-1.161187768,-2.023100376,0.0,0.000532632228,-0.002130528912,phone,user2,sit
60.1352429,9.514557838,-1.156399369,-2.00873518,0.0,0.0,-0.002130528912,phone,user2,sit
60.15526275,9.52173996,-1.156399369,-2.023100376,0.0,-0.002130528912,-0.000532632228,phone,user2,sit
60.17528302,9.519346237,-1.168370485,-2.001552582,0.0,-0.003728425596,-0.00266316114,phone,user2,sit
60.19529728,9.52173996,-1.170764685,-2.020706177,-0.000532632228,-0.00266316114,-0.00266316114,phone,user2,sit
60.21530665,9.512163162,-1.165976286,-2.025494576,0.000532632228,0.001597896684,-0.004261057824,phone,user2,sit
60.23532204,9.507374763,-1.149216771,-2.030282974,0.002130528912,0.005858954508,-0.003728425596,phone,user2,sit
60.2553381,9.519346237,-1.149216771,-2.003946781,0.001065264456,0.00532632228,-0.003195793368,phone,user2,sit
60.27535575,9.524134636,-1.15161097,-2.00873518,-0.001597896684,0.00266316114,-0.003195793368,phone,user2,sit
60.29536474,9.528923035,-1.149216771,-2.003946781,0.0,0.00266316114,-0.000532632228,phone,user2,sit
60.31538032,9.516951561,-1.146822572,-2.00873518,-0.001065264456,0.002130528912,0.001597896684,phone,user2,sit
60.33539825,9.514557838,-1.149216771,-2.006340981,-0.000532632228,-0.001065264456,0.003728425596,phone,user2,sit
60.35541126,9.516951561,-1.168370485,-1.999158382,0.000532632228,-0.001065264456,0.003195793368,phone,user2,sit
60.37542978,9.50976944,-1.168370485,-2.003946781,0.0,-0.001597896684,0.001597896684,phone,user2,sit
60.39544118,9.524134636,-1.170764685,-2.003946781,0.000532632228,-0.003195793368,0.001065264456,phone,user2,sit
60.41545489,9.514557838,-1.156399369,-2.018311977,-0.000532632228,-0.002130528912,-0.001065264456,phone,user2,sit
60.4354581,9.52173996,-1.161187768,-2.011129379,0.0,-0.001597896684,-0.001597896684,phone,user2,sit
60.45547599,9.524134636,-1.165976286,-2.003946781,-0.000532632228,-0.002130528912,-0.001597896684,phone,user2,sit
60.475494,9.516951561,-1.144428372,-2.032677174,0.0,-0.002130528912,-0.001065264456,phone,user2,sit
60.49551482,9.514557838,-1.161187768,-2.023100376,-0.001597896684,-0.003195793368,-0.000532632228,phone,user2,sit
60.51553075,9.507374763,-1.15161097,-2.025494576,0.000532632228,-0.001597896684,0.001065264456,phone,user2,sit
60.53555001,9.514557838,-1.170764685,-2.011129379,0.0,-0.000532632228,0.001597896684,phone,user2,sit
60.55556962,9.519346237,-1.15400517,-2.006340981,0.0,0.001065264456,0.000532632228,phone,user2,sit
60.57558575,9.531316757,-1.158793569,-2.006340981,0.000532632228,0.001065264456,0.000532632228,phone,user2,sit
60.59560685,9.512163162,-1.156399369,-2.003946781,0.0,0.000532632228,0.0,phone,user2,sit
60.6156172,9.52173996,-1.163581967,-2.011129379,0.0,-0.000532632228,-0.000532632228,phone,user2,sit
60.63563763,9.514557838,-1.165976286,-2.011129379,-0.000532632228,0.0,-0.001065264456,phone,user2,sit
60.65564544,9.507374763,-1.146822572,-2.011129379,-0.000532632228,-0.000532632228,0.0,phone,user2,sit
60.67564708,9.519346237,-1.161187768,-2.027888775,-0.000532632228,0.000532632228,-0.002130528912,phone,user2,sit
60.69565626,9.524134636,-1.15400517,-2.011129379,0.0,0.0,-0.003195793368,phone,user2,sit
60.71567118,9.528923035,-1.15400517,-2.027888775,0.0,-0.001065264456,-0.001065264456,phone,user2,sit
60.73568427,9.531316757,-1.149216771,-2.018311977,0.0,-0.00266316114,0.000532632228,phone,user2,sit
60.75570818,9.50976944,-1.149216771,-2.011129379,-0.001597896684,-0.00266316114,0.001065264456,phone,user2,sit
60.77573044,9.50976944,-1.149216771,-2.035071373,-0.000532632228,0.0,0.000532632228,phone,user2,sit
60.79574364,9.512163162,-1.149216771,-2.015917778,0.0,0.001597896684,0.001065264456,phone,user2,sit
60.81576048,9.519346237,-1.15400517,-2.003946781,0.001597896684,0.004793690052,-0.000532632228,phone,user2,sit
60.83577247,9.516951561,-1.15161097,-2.003946781,0.000532632228,0.004261057824,0.0,phone,user2,sit
60.85579415,9.512163162,-1.15400517,-2.00873518,0.000532632228,0.004261057824,0.0,phone,user2,sit
60.875804,9.531316757,-1.15161097,-1.996764183,0.001597896684,0.003728425596,-0.001597896684,phone,user2,sit
60.89582075,9.519346237,-1.142034173,-2.003946781,-0.000532632228,0.001597896684,-0.00266316114,phone,user2,sit
60.91583118,9.519346237,-1.156399369,-2.003946781,-0.000532632228,0.000532632228,-0.000532632228,phone,user2,sit
60.93584673,9.519346237,-1.156399369,-2.00873518,0.0,-0.001065264456,-0.000532632228,phone,user2,sit
60.955862,9.52173996,-1.15161097,-2.006340981,-0.000532632228,-0.002130528912,0.000532632228,phone,user2,sit
60.97587544,9.514557838,-1.149216771,-2.006340981,-0.001065264456,-0.002130528912,0.001065264456,phone,user2,sit
60.99588372,9.516951561,-1.161187768,-2.011129379,0.0,-0.00266316114,0.001597896684,phone,user2,sit
61.01589204,9.52173996,-1.142034173,-2.011129379,0.0,-0.004261057824,0.001065264456,phone,user2,sit
61.03590325,9.516951561,-1.15161097,-2.023100376,0.000532632228,-0.00266316114,0.000532632228,phone,user2,sit
61.0559072,9.519346237,-1.149216771,-2.025494576,0.0,-0.002130528912,0.000532632228,phone,user2,sit
61.07590833,9.512163162,-1.158793569,-2.013523579,0.000532632228,-0.001597896684,0.001065264456,phone,user2,sit
61.09591677,9.524134636,-1.144428372,-2.023100376,-0.001065264456,-0.002130528912,0.000532632228,phone,user2,sit
61.11592724,9.516951561,-1.156399369,-2.027888775,-0.002130528912,-0.001597896684,0.001065264456,phone,user2,sit
61.13593005,9.512163162,-1.156399369,-2.030282974,-0.001065264456,-0.003728425596,0.001597896684,phone,user2,sit
61.15593736,9.519346237,-1.161187768,-2.025494576,0.000532632228,0.0,-0.000532632228,phone,user2,sit
61.17594677,9.524134636,-1.144428372,-2.018311977,0.002130528912,0.004793690052,0.0,phone,user2,sit
61.19595278,9.524134636,-1.163581967,-2.006340981,0.0,0.004261057824,0.001597896684,phone,user2,sit
61.21596509,9.52173996,-1.156399369,-2.006340981,-0.000532632228,-0.000532632228,0.001597896684,phone,user2,sit
61.23598368,9.533711433,-1.15400517,-2.020706177,0.000532632228,-0.000532632228,0.000532632228,phone,user2,sit
61.25600642,9.516951561,-1.15400517,-2.018311977,-0.000532632228,-0.000532632228,0.002130528912,phone,user2,sit
61.27602661,9.504981041,-1.161187768,-2.003946781,-0.000532632228,-0.004793690052,0.001597896684,phone,user2,sit
61.29604935,9.512163162,-1.168370485,-2.025494576,0.001065264456,-0.005858954508,0.002130528912,phone,user2,sit
61.31607314,9.514557838,-1.163581967,-2.018311977,0.000532632228,-0.002130528912,0.000532632228,phone,user2,sit
61.33609279,9.507374763,-1.168370485,-2.023100376,0.001065264456,-0.000532632228,0.000532632228,phone,user2,sit
61.35611622,9.504981041,-1.163581967,-2.015917778,0.0,0.0,0.000532632228,phone,user2,sit
61.37613818,9.514557838,-1.161187768,-2.013523579,0.001597896684,0.003195793368,-0.001597896684,phone,user2,sit
61.39616353,9.514557838,-1.165976286,-2.015917778,-0.001597896684,0.00266316114,-0.002130528912,phone,user2,sit
61.41618689,9.519346237,-1.168370485,-2.020706177,-0.001065264456,0.0,-0.000532632228,phone,user2,sit
61.43620775,9.516951561,-1.168370485,-2.030282974,0.0,0.00266316114,-0.001065264456,phone,user2,sit
61.45622384,9.516951561,-1.15400517,-2.020706177,0.0,0.002130528912,0.0,phone,user2,sit
61.47624595,9.52173996,-1.158793569,-2.030282974,0.000532632228,0.003728425596,-0.000532632228,phone,user2,sit
61.49626673,9.519346237,-1.175553083,-2.023100376,0.0,0.00532632228,-0.001065264456,phone,user2,sit
61.51628446,9.516951561,-1.15400517,-2.001552582,0.001065264456,0.007989482954,-0.001597896684,phone,user2,sit
61.53629864,9.524134636,-1.156399369,-2.006340981,0.001065264456,0.007456851192,-0.001065264456,phone,user2,sit
61.55631853,9.531316757,-1.15400517,-2.00873518,0.000532632228,0.003195793368,0.0,phone,user2,sit
61.57633818,9.519346237,-1.149216771,-2.00873518,-0.000532632228,0.0,-0.001065264456,phone,user2,sit
61.5963579,9.519346237,-1.158793569,-2.00873518,-0.001065264456,-0.00266316114,0.000532632228,phone,user2,sit
61.61637755,9.524134636,-1.163581967,-2.003946781,-0.001065264456,-0.003728425596,0.0,phone,user2,sit
61.63639392,9.516951561,-1.149216771,-2.006340981,-0.001065264456,-0.003728425596,0.000532632228,phone,user2,sit
61.65640626,9.519346237,-1.15161097,-2.011129379,-0.000532632228,-0.00532632228,0.000532632228,phone,user2,sit
61.67642337,9.514557838,-1.158793569,-2.030282974,0.000532632228,-0.004793690052,0.001597896684,phone,user2,sit
61.69644665,9.531316757,-1.161187768,-2.023100376,0.0,-0.004793690052,0.001065264456,phone,user2,sit
61.71645931,9.516951561,-1.15400517,-2.020706177,0.000532632228,-0.004261057824,0.001597896684,phone,user2,sit
61.73646786,9.514557838,-1.15161097,-2.018311977,0.0,-0.003195793368,0.001597896684,phone,user2,sit
61.75647884,9.512163162,-1.163581967,-2.018311977,0.000532632228,-0.001065264456,0.001065264456,phone,user2,sit
61.77648798,9.514557838,-1.158793569,-2.025494576,-0.000532632228,0.001597896684,0.001065264456,phone,user2,sit
61.79650099,9.507374763,-1.158793569,-2.023100376,0.000532632228,0.003195793368,0.000532632228,phone,user2,sit
61.81650696,9.507374763,-1.158793569,-2.032677174,0.000532632228,0.001597896684,0.001065264456,phone,user2,sit
61.83652279,9.524134636,-1.142034173,-2.018311977,0.001065264456,0.003728425596,0.001597896684,phone,user2,sit
61.85654654,9.52173996,-1.156399369,-2.001552582,0.0,0.005858954508,0.0,phone,user2,sit
61.87656407,9.516951561,-1.163581967,-1.994369984,0.001065264456,0.004793690052,0.000532632228,phone,user2,sit
61.89658372,9.52173996,-1.156399369,-2.006340981,0.0,0.003728425596,0.0,phone,user2,sit
61.9165961,9.533711433,-1.163581967,-2.006340981,-0.000532632228,0.000532632228,-0.000532632228,phone,user2,sit
61.93660404,9.536105156,-1.156399369,-2.006340981,-0.000532632228,0.0,0.001065264456,phone,user2,sit
61.95661439,9.524134636,-1.15400517,-2.001552582,0.0,0.0,0.000532632228,phone,user2,sit
61.97662466,9.524134636,-1.156399369,-2.006340981,-0.001065264456,-0.001597896684,0.000532632228,phone,user2,sit
61.99663814,9.514557838,-1.170764685,-2.003946781,-0.000532632228,-0.00266316114,0.001597896684,phone,user2,sit
62.01665845,9.524134636,-1.163581967,-2.001552582,-0.001065264456,-0.002130528912,0.000532632228,phone,user2,sit
62.03666876,9.516951561,-1.173158884,-2.015917778,-0.001065264456,-0.001597896684,0.0,phone,user2,sit
62.05668075,9.504981041,-1.156399369,-2.015917778,-0.001065264456,0.000532632228,0.001065264456,phone,user2,sit
62.07668568,9.512163162,-1.161187768,-2.013523579,0.000532632228,0.001065264456,0.001065264456,phone,user2,sit
62.09669185,9.533711433,-1.15400517,-2.030282974,0.000532632228,0.002130528912,0.000532632228,phone,user2,sit
62.11670087,9.524134636,-1.168370485,-2.003946781,0.0,0.002130528912,0.001597896684,phone,user2,sit
62.13671302,9.516951561,-1.165976286,-2.001552582,0.0,0.001065264456,0.001597896684,phone,user2,sit
62.15672368,9.502586365,-1.163581967,-2.006340981,-0.001065264456,0.002130528912,0.0,phone,user2,sit
62.17672634,9.514557838,-1.158793569,-2.00873518,0.001597896684,0.004261057824,0.0,phone,user2,sit
62.19673845,9.528923035,-1.156399369,-2.006340981,0.001597896684,0.004261057824,-0.000532632228,phone,user2,sit
62.21675521,9.528923035,-1.158793569,-2.006340981,-0.001065264456,0.003195793368,0.002130528912,phone,user2,sit
62.23676825,9.512163162,-1.165976286,-2.00873518,-0.002130528912,-0.003195793368,0.002130528912,phone,user2,sit
62.25678443,9.526528358,-1.149216771,-2.032677174,-0.000532632228,-0.00266316114,0.003195793368,phone,user2,sit
62.27679872,9.507374763,-1.149216771,-2.015917778,-0.001597896684,-0.001597896684,0.003728425596,phone,user2,sit
62.29681532,9.516951561,-1.15161097,-2.011129379,0.001065264456,-0.003195793368,0.004261057824,phone,user2,sit
62.31682138,9.507374763,-1.182735682,-2.027888775,-0.000532632228,-0.003195793368,0.003195793368,phone,user2,sit
62.33682681,9.500192642,-1.185129881,-2.00873518,-0.000532632228,-0.003195793368,0.001065264456,phone,user2,sit
62.35683087,9.512163162,-1.168370485,-2.003946781,-0.001065264456,-0.00266316114,0.0,phone,user2,sit
62.37683818,9.514557838,-1.165976286,-2.025494576,0.000532632228,0.000532632228,-0.000532632228,phone,user2,sit
62.39684247,9.516951561,-1.165976286,-2.025494576,0.0,0.001597896684,-0.001065264456,phone,user2,sit
62.41685099,9.526528358,-1.156399369,-2.025494576,-0.001597896684,-0.000532632228,0.000532632228,phone,user2,sit
62.43686571,9.52173996,-1.15400517,-2.006340981,0.000532632228,-0.000532632228,0.001597896684,phone,user2,sit
62.45687161,9.50976944,-1.163581967,-2.018311977,-0.001065264456,-0.003195793368,0.001597896684,phone,user2,sit
62.47688404,9.519346237,-1.165976286,-2.035071373,-0.000532632228,-0.001065264456,0.00266316114,phone,user2,sit
62.49689911,9.516951561,-1.173158884,-2.018311977,0.000532632228,0.0,0.001597896684,phone,user2,sit
62.5169172,9.512163162,-1.168370485,-2.00873518,-0.000532632228,0.0,0.000532632228,phone,user2,sit
62.53693657,9.519346237,-1.163581967,-2.023100376,0.000532632228,0.0,-0.000532632228,phone,user2,sit
62.55695552,9.519346237,-1.175553083,-2.013523579,0.001065264456,0.0,-0.001065264456,phone,user2,sit
62.57696837,9.504981041,-1.163581967,-2.018311977,0.001065264456,-0.001065264456,-0.001065264456,phone,user2,sit
62.59698071,9.495404243,-1.175553083,-2.018311977,-0.001065264456,-0.002130528912,-0.002130528912,phone,user2,sit
62.61699435,9.514557838,-1.168370485,-2.020706177,0.001065264456,0.000532632228,-0.00266316114,phone,user2,sit
62.63700853,9.504981041,-1.173158884,-2.020706177,0.000532632228,0.0,-0.004261057824,phone,user2,sit
62.65701864,9.514557838,-1.15400517,-2.018311977,-0.000532632228,-0.000532632228,-0.004793690052,phone,user2,sit
62.6770215,9.519346237,-1.161187768,-2.011129379,-0.000532632228,0.001597896684,-0.003195793368,phone,user2,sit
62.69702638,9.52173996,-1.15161097,-2.030282974,-0.000532632228,0.0,-0.003195793368,phone,user2,sit
62.71704122,9.512163162,-1.15161097,-2.023100376,-0.001597896684,0.001065264456,-0.00266316114,phone,user2,sit
62.73706107,9.516951561,-1.175553083,-2.030282974,-0.000532632228,0.0,-0.001065264456,phone,user2,sit
62.75707642,9.526528358,-1.161187768,-2.013523579,0.001065264456,0.001597896684,-0.001597896684,phone,user2,sit
62.77708071,9.512163162,-1.163581967,-2.035071373,0.000532632228,0.004793690052,-0.001597896684,phone,user2,sit
62.79709126,9.519346237,-1.177947283,-2.027888775,0.000532632228,0.006924218964,-0.00266316114,phone,user2,sit
62.81710321,9.50976944,-1.163581967,-2.006340981,0.001065264456,0.008522115648,-0.003728425596,phone,user2,sit
62.83711286,9.526528358,-1.158793569,-2.003946781,0.001597896684,0.009054748341,-0.004261057824,phone,user2,sit
62.85711794,9.516951561,-1.158793569,-2.006340981,0.001065264456,0.01065264456,-0.00532632228,phone,user2,sit
62.87711966,9.524134636,-1.158793569,-2.00873518,0.000532632228,0.006924218964,-0.004793690052,phone,user2,sit
62.89712259,9.52173996,-1.161187768,-2.003946781,-0.000532632228,0.003728425596,-0.003728425596,phone,user2,sit
62.91712849,9.516951561,-1.144428372,-2.00873518,-0.000532632228,0.001065264456,-0.00266316114,phone,user2,sit
62.93713732,9.526528358,-1.149216771,-2.00873518,-0.001597896684,-0.000532632228,-0.001597896684,phone,user2,sit
62.95714622,9.528923035,-1.163581967,-1.994369984,-0.001597896684,-0.004261057824,-0.001597896684,phone,user2,sit
62.97715505,9.519346237,-1.156399369,-2.00873518,-0.001065264456,-0.005858954508,-0.001065264456,phone,user2,sit
62.99715732,9.524134636,-1.15400517,-2.013523579,0.0,-0.006924218964,0.0,phone,user2,sit
63.01716829,9.512163162,-1.163581967,-2.006340981,0.0,-0.006924218964,0.0,phone,user2,sit
63.03718493,9.531316757,-1.168370485,-2.013523579,-0.000532632228,-0.009054748341,-0.000532632228,phone,user2,sit
63.05720525,9.512163162,-1.15161097,-2.025494576,-0.001065264456,-0.006924218964,-0.001065264456,phone,user2,sit
63.07722021,9.50976944,-1.173158884,-2.015917778,-0.000532632228,-0.006924218964,-0.001597896684,phone,user2,sit
63.09723661,9.524134636,-1.158793569,-2.032677174,0.0,-0.002130528912,-0.003195793368,phone,user2,sit
63.1172556,9.516951561,-1.15400517,-2.030282974,-0.000532632228,-0.001065264456,-0.002130528912,phone,user2,sit
63.13727372,9.531316757,-1.161187768,-2.020706177,0.0,0.001597896684,-0.000532632228,phone,user2,sit
63.15728642,9.512163162,-1.156399369,-2.011129379,-0.001597896684,-0.001065264456,-0.001597896684,phone,user2,sit
63.17729517,9.516951561,-1.163581967,-2.020706177,-0.000532632228,0.001597896684,-0.001065264456,phone,user2,sit
63.19730419,9.524134636,-1.163581967,-2.025494576,0.000532632228,0.003728425596,0.0,phone,user2,sit
63.21731556,9.512163162,-1.15161097,-2.015917778,-0.001065264456,0.002130528912,0.000532632228,phone,user2,sit
63.23732771,9.528923035,-1.165976286,-2.013523579,0.000532632228,0.001065264456,0.000532632228,phone,user2,sit
63.25733595,9.516951561,-1.175553083,-2.011129379,0.001597896684,0.002130528912,-0.001597896684,phone,user2,sit
63.27734341,9.519346237,-1.168370485,-2.006340981,0.0,0.0,-0.00266316114,phone,user2,sit
63.29734536,9.512163162,-1.165976286,-2.00873518,0.0,0.0,-0.004793690052,phone,user2,sit
63.31735345,9.516951561,-1.158793569,-2.013523579,-0.000532632228,-0.000532632228,-0.004261057824,phone,user2,sit
63.33737095,9.531316757,-1.156399369,-2.018311977,-0.000532632228,-0.001065264456,-0.003728425596,phone,user2,sit
63.35738517,9.52173996,-1.156399369,-2.00873518,-0.000532632228,-0.001065264456,-0.002130528912,phone,user2,sit
63.37738767,9.50976944,-1.163581967,-2.030282974,-0.000532632228,-0.001065264456,-0.001597896684,phone,user2,sit
63.397404,9.516951561,-1.15161097,-2.00873518,0.0,-0.002130528912,-0.001065264456,phone,user2,sit
63.41742329,9.52173996,-1.163581967,-2.018311977,0.0,0.001597896684,0.0,phone,user2,sit
63.43743685,9.516951561,-1.158793569,-2.011129379,-0.000532632228,0.000532632228,0.0,phone,user2,sit
63.45745993,9.524134636,-1.161187768,-2.020706177,0.000532632228,0.001597896684,-0.001065264456,phone,user2,sit
63.47747728,9.528923035,-1.156399369,-2.018311977,0.0,0.000532632228,-0.001065264456,phone,user2,sit
63.49748747,9.528923035,-1.158793569,-2.015917778,0.000532632228,-0.001597896684,-0.001597896684,phone,user2,sit
63.51748736,9.516951561,-1.165976286,-2.006340981,0.0,-0.001065264456,-0.002130528912,phone,user2,sit
63.53749962,9.526528358,-1.156399369,-2.00873518,0.0,-0.002130528912,-0.000532632228,phone,user2,sit
63.55751009,9.538499832,-1.15400517,-2.018311977,-0.001065264456,-0.002130528912,-0.001065264456,phone,user2,sit
63.57750837,9.514557838,-1.146822572,-1.996764183,0.0,-0.000532632228,-0.000532632228,phone,user2,sit
63.59750544,9.519346237,-1.15400517,-2.00873518,0.0,-0.003195793368,0.0,phone,user2,sit
63.61751517,9.52173996,-1.15400517,-2.027888775,-0.001065264456,-0.00532632228,0.001597896684,phone,user2,sit
63.63752505,9.526528358,-1.144428372,-2.013523579,-0.001065264456,-0.005858954508,0.002130528912,phone,user2,sit
63.65753536,9.519346237,-1.149216771,-2.013523579,-0.002130528912,-0.007456851192,0.003195793368,phone,user2,sit
63.67754575,9.507374763,-1.15161097,-2.025494576,-0.000532632228,-0.005858954508,0.00266316114,phone,user2,sit
63.69755134,9.514557838,-1.156399369,-2.030282974,0.0,-0.003195793368,0.00266316114,phone,user2,sit
63.71754638,9.512163162,-1.177947283,-2.032677174,0.0,0.0,0.001597896684,phone,user2,sit
63.73754564,9.504981041,-1.163581967,-2.020706177,0.000532632228,0.0,0.001597896684,phone,user2,sit
63.7575522,9.516951561,-1.170764685,-2.035071373,0.0,0.002130528912,0.000532632228,phone,user2,sit
63.77756216,9.50976944,-1.168370485,-2.032677174,0.001065264456,0.003195793368,-0.000532632228,phone,user2,sit
63.79758044,9.524134636,-1.15400517,-2.027888775,-0.000532632228,0.004261057824,-0.001065264456,phone,user2,sit
63.81759087,9.512163162,-1.156399369,-2.023100376,0.000532632228,0.003728425596,-0.000532632228,phone,user2,sit
63.83759685,9.512163162,-1.146822572,-2.018311977,-0.000532632228,0.003195793368,-0.001065264456,phone,user2,sit
63.85760052,9.512163162,-1.161187768,-2.027888775,-0.000532632228,0.003728425596,-0.002130528912,phone,user2,sit
63.87760665,9.536105156,-1.156399369,-2.018311977,-0.000532632228,0.00266316114,-0.000532632228,phone,user2,sit
63.89760005,9.516951561,-1.161187768,-2.00873518,-0.000532632228,0.001065264456,0.000532632228,phone,user2,sit
63.91760103,9.512163162,-1.165976286,-2.00873518,-0.000532632228,0.0,0.001065264456,phone,user2,sit
63.93760458,9.531316757,-1.149216771,-2.006340981,-0.000532632228,-0.001065264456,0.000532632228,phone,user2,sit
63.95761025,9.512163162,-1.158793569,-2.003946781,-0.001597896684,0.0,0.000532632228,phone,user2,sit
63.97761552,9.52173996,-1.161187768,-2.011129379,-0.001597896684,-0.003195793368,0.002130528912,phone,user2,sit
63.99762517,9.52173996,-1.158793569,-2.023100376,-0.001597896684,-0.004261057824,0.001597896684,phone,user2,sit
64.01763997,9.50976944,-1.177947283,-2.006340981,-0.001065264456,-0.004261057824,-0.000532632228,phone,user2,sit
64.03765611,9.502586365,-1.163581967,-2.025494576,0.0,-0.001065264456,-0.001597896684,phone,user2,sit
64.05766993,9.507374763,-1.165976286,-2.032677174,0.000532632228,0.004261057824,-0.001597896684,phone,user2,sit
64.07767896,9.526528358,-1.146822572,-2.027888775,0.001065264456,0.005858954508,-0.001065264456,phone,user2,sit
64.09768579,9.52173996,-1.165976286,-2.013523579,0.001065264456,0.006391586736,0.0,phone,user2,sit
64.11769474,9.514557838,-1.149216771,-2.013523579,-0.000532632228,0.00266316114,0.000532632228,phone,user2,sit
64.13769696,9.543288231,-1.161187768,-2.006340981,0.0,0.00266316114,0.001597896684,phone,user2,sit
64.1577004,9.514557838,-1.15400517,-2.003946781,0.0,0.00266316114,0.002130528912,phone,user2,sit
64.17770407,9.516951561,-1.158793569,-1.996764183,0.0,-0.001597896684,0.002130528912,phone,user2,sit
64.19770372,9.533711433,-1.161187768,-2.003946781,0.0,-0.002130528912,0.001065264456,phone,user2,sit
64.21769396,9.516951561,-1.161187768,-2.011129379,-0.000532632228,-0.003195793368,0.0,phone,user2,sit
64.23769052,9.507374763,-1.158793569,-2.011129379,0.0,-0.001597896684,-0.001065264456,phone,user2,sit
64.25769337,9.516951561,-1.15400517,-2.003946781,0.000532632228,-0.001597896684,-0.000532632228,phone,user2,sit
64.27770771,9.52173996,-1.156399369,-2.011129379,0.0,-0.001065264456,-0.001065264456,phone,user2,sit
64.29771298,9.528923035,-1.165976286,-2.015917778,0.000532632228,-0.00266316114,-0.000532632228,phone,user2,sit
64.31771544,9.526528358,-1.15400517,-2.025494576,0.0,-0.001065264456,-0.000532632228,phone,user2,sit
64.33772759,9.512163162,-1.161187768,-2.018311977,-0.001065264456,-0.005858954508,0.001065264456,phone,user2,sit
64.35773255,9.516951561,-1.15400517,-2.027888775,0.000532632228,-0.000532632228,0.001597896684,phone,user2,sit
64.37773579,9.528923035,-1.173158884,-2.001552582,0.000532632228,0.00532632228,0.002130528912,phone,user2,sit
64.39773978,9.497797966,-1.165976286,-2.00873518,0.0,0.002130528912,0.001065264456,phone,user2,sit
64.4177422,9.516951561,-1.165976286,-2.025494576,0.000532632228,0.007456851192,-0.000532632228,phone,user2,sit
64.4377479,9.516951561,-1.168370485,-2.00873518,0.001065264456,0.005858954508,-0.002130528912,phone,user2,sit
64.45775946,9.504981041,-1.177947283,-2.006340981,0.001065264456,0.003728425596,-0.000532632228,phone,user2,sit
64.47776692,9.519346237,-1.158793569,-2.006340981,-0.000532632228,0.001597896684,-0.001065264456,phone,user2,sit
64.4977765,9.533711433,-1.165976286,-2.001552582,0.001065264456,0.0,-0.000532632228,phone,user2,sit
64.51777083,9.526528358,-1.146822572,-2.003946781,0.000532632228,-0.001597896684,0.0,phone,user2,sit
64.53777021,9.524134636,-1.15161097,-2.001552582,0.0,-0.003195793368,0.000532632228,phone,user2,sit
64.55776923,9.524134636,-1.15400517,-2.018311977,-0.000532632228,-0.007456851192,0.00266316114,phone,user2,sit
64.57777442,9.52173996,-1.158793569,-2.00873518,-0.000532632228,-0.01012001187,0.00266316114,phone,user2,sit
64.59777704,9.514557838,-1.15400517,-2.006340981,-0.000532632228,-0.009054748341,0.003728425596,phone,user2,sit
64.61777751,9.50976944,-1.15400517,-2.025494576,-0.001597896684,-0.009587380104,0.003728425596,phone,user2,sit
64.63778349,9.516951561,-1.15400517,-2.023100376,-0.001065264456,-0.008522115648,0.00266316114,phone,user2,sit
64.65779017,9.504981041,-1.165976286,-2.030282974,-0.000532632228,-0.005858954508,0.00266316114,phone,user2,sit
64.6777981,9.507374763,-1.168370485,-2.00873518,-0.000532632228,-0.004261057824,0.003195793368,phone,user2,sit
64.69780185,9.514557838,-1.163581967,-2.032677174,-0.000532632228,-0.000532632228,0.001597896684,phone,user2,sit
64.7178029,9.50976944,-1.163581967,-2.025494576,0.001597896684,0.0,0.0,phone,user2,sit
64.73780435,9.519346237,-1.173158884,-2.032677174,0.0,0.003195793368,-0.001597896684,phone,user2,sit
64.75780544,9.516951561,-1.168370485,-2.020706177,0.000532632228,0.003195793368,-0.001065264456,phone,user2,sit
64.77780907,9.512163162,-1.163581967,-2.020706177,0.0,0.003195793368,-0.002130528912,phone,user2,sit
64.79780318,9.519346237,-1.163581967,-2.011129379,0.001065264456,0.00532632228,0.0,phone,user2,sit
64.81780267,9.507374763,-1.15161097,-2.015917778,0.0,0.003195793368,0.000532632228,phone,user2,sit
64.8378031,9.519346237,-1.158793569,-2.025494576,-0.000532632228,0.002130528912,0.001065264456,phone,user2,sit
64.85779818,9.516951561,-1.165976286,-2.027888775,0.0,0.003728425596,0.001065264456,phone,user2,sit
64.87779661,9.514557838,-1.168370485,-2.018311977,-0.001065264456,0.001597896684,-0.001065264456,phone,user2,sit
64.89779497,9.50976944,-1.175553083,-2.003946781,-0.000532632228,0.000532632228,-0.001597896684,phone,user2,sit
64.91779462,9.50976944,-1.163581967,-2.00873518,-0.001597896684,-0.002130528912,-0.00266316114,phone,user2,sit
64.93779056,9.526528358,-1.15400517,-2.015917778,-0.001597896684,-0.00266316114,-0.004261057824,phone,user2,sit
64.95778849,9.533711433,-1.161187768,-2.018311977,-0.002130528912,-0.003728425596,-0.003728425596,phone,user2,sit
64.97778974,9.52173996,-1.15400517,-2.030282974,-0.002130528912,-0.003728425596,-0.001065264456,phone,user2,sit
64.99778626,9.519346237,-1.156399369,-2.015917778,-0.002130528912,-0.007989482954,0.001065264456,phone,user2,sit
65.01778306,9.524134636,-1.149216771,-2.015917778,-0.001065264456,-0.007989482954,0.001065264456,phone,user2,sit
65.03778509,9.528923035,-1.144428372,-2.037465572,-0.000532632228,-0.005858954508,0.00266316114,phone,user2,sit
65.05777833,9.514557838,-1.161187768,-2.025494576,-0.001597896684,-0.006924218964,0.004261057824,phone,user2,sit
65.07777118,9.504981041,-1.168370485,-2.035071373,0.000532632228,-0.006391586736,0.004261057824,phone,user2,sit
65.09776786,9.512163162,-1.163581967,-2.037465572,0.001597896684,-0.001597896684,0.004261057824,phone,user2,sit
65.11776509,9.493009567,-1.165976286,-2.039859772,-0.000532632228,0.000532632228,0.001065264456,phone,user2,sit
65.1377645,9.507374763,-1.173158884,-2.027888775,0.000532632228,0.003728425596,-0.001597896684,phone,user2,sit
65.15775986,9.50976944,-1.170764685,-2.04464817,0.000532632228,0.004793690052,-0.003728425596,phone,user2,sit
65.17774571,9.524134636,-1.175553083,-2.025494576,-0.000532632228,0.007989482954,-0.004261057824,phone,user2,sit
65.19773986,9.52173996,-1.173158884,-2.023100376,0.000532632228,0.009587380104,-0.00532632228,phone,user2,sit
65.2177356,9.52173996,-1.156399369,-2.011129379,-0.000532632228,0.009054748341,-0.00532632228,phone,user2,sit
65.23773849,9.50976944,-1.149216771,-2.015917778,-0.000532632228,0.00532632228,-0.003728425596,phone,user2,sit
65.25773497,9.528923035,-1.15161097,-2.00873518,0.000532632228,0.007989482954,-0.004793690052,phone,user2,sit
65.27773423,9.526528358,-1.156399369,-2.001552582,-0.001065264456,0.005858954508,-0.002130528912,phone,user2,sit
65.29774091,9.519346237,-1.163581967,-2.006340981,-0.001597896684,0.002130528912,0.0,phone,user2,sit
65.31774368,9.516951561,-1.161187768,-2.00873518,0.0,0.000532632228,0.001065264456,phone,user2,sit
65.33774556,9.516951561,-1.158793569,-2.018311977,-0.000532632228,-0.001597896684,0.001597896684,phone,user2,sit
65.35775025,9.512163162,-1.158793569,-2.011129379,-0.000532632228,-0.002130528912,0.000532632228,phone,user2,sit
65.377757,9.507374763,-1.163581967,-2.013523579,0.0,-0.001065264456,0.0,phone,user2,sit
65.39776743,9.519346237,-1.170764685,-2.027888775,0.000532632228,0.001065264456,-0.001597896684,phone,user2,sit
65.41777646,9.512163162,-1.15161097,-2.015917778,0.000532632228,0.001065264456,-0.002130528912,phone,user2,sit
65.43778075,9.514557838,-1.158793569,-2.018311977,0.0,0.000532632228,-0.002130528912,phone,user2,sit
65.45777556,9.524134636,-1.161187768,-2.023100376,0.0,-0.001065264456,-0.001597896684,phone,user2,sit
65.4777731,9.526528358,-1.146822572,-2.011129379,-0.000532632228,-0.002130528912,-0.001065264456,phone,user2,sit
65.497777,9.516951561,-1.142034173,-2.020706177,-0.001065264456,-0.003195793368,0.000532632228,phone,user2,sit
65.51777286,9.502586365,-1.15161097,-2.025494576,0.000532632228,-0.001065264456,0.000532632228,phone,user2,sit
65.53776974,9.524134636,-1.156399369,-2.006340981,0.001597896684,0.000532632228,0.002130528912,phone,user2,sit
65.55777118,9.512163162,-1.161187768,-2.006340981,0.0,-0.001597896684,0.00266316114,phone,user2,sit
65.57776122,9.512163162,-1.156399369,-2.023100376,0.0,-0.00266316114,0.003728425596,phone,user2,sit
65.59775778,9.519346237,-1.182735682,-2.00873518,0.001065264456,-0.001065264456,0.00266316114,phone,user2,sit
65.61776146,9.50976944,-1.170764685,-2.00873518,0.0,-0.001065264456,-0.000532632228,phone,user2,sit
65.63775544,9.528923035,-1.175553083,-2.011129379,0.0,-0.001597896684,-0.001597896684,phone,user2,sit
65.65775216,9.524134636,-1.170764685,-2.023100376,-0.001597896684,-0.000532632228,-0.003195793368,phone,user2,sit
65.67775091,9.519346237,-1.156399369,-2.00873518,-0.001597896684,0.0,-0.00266316114,phone,user2,sit
65.69773907,9.516951561,-1.156399369,-2.032677174,0.0,-0.000532632228,-0.001597896684,phone,user2,sit
65.71773329,9.524134636,-1.156399369,-2.032677174,0.0,0.002130528912,-0.000532632228,phone,user2,sit
65.73772294,9.512163162,-1.165976286,-2.020706177,-0.000532632228,0.004261057824,-0.001597896684,phone,user2,sit
65.75770739,9.514557838,-1.156399369,-2.030282974,0.0,0.004261057824,-0.001065264456,phone,user2,sit
65.77769114,9.504981041,-1.156399369,-2.027888775,0.000532632228,0.007989482954,-0.001597896684,phone,user2,sit
65.79768466,9.524134636,-1.142034173,-2.011129379,0.001597896684,0.009587380104,-0.000532632228,phone,user2,sit
65.8176797,9.514557838,-1.149216771,-2.018311977,0.000532632228,0.009587380104,0.000532632228,phone,user2,sit
65.83767279,9.531316757,-1.163581967,-2.006340981,0.0,0.007456851192,0.000532632228,phone,user2,sit
65.8576647,9.519346237,-1.163581967,-1.999158382,0.0,0.004793690052,-0.001597896684,phone,user2,sit
65.87766318,9.524134636,-1.15161097,-2.006340981,0.000532632228,0.004261057824,-0.001597896684,phone,user2,sit
65.89766036,9.50976944,-1.161187768,-1.994369984,-0.000532632228,0.001597896684,0.000532632228,phone,user2,sit
65.91765204,9.519346237,-1.146822572,-2.00873518,0.001065264456,-0.003195793368,0.000532632228,phone,user2,sit
65.93765712,9.552865028,-1.149216771,-1.996764183,0.001065264456,-0.006924218964,0.00266316114,phone,user2,sit
65.95765841,9.519346237,-1.163581967,-1.999158382,-0.001597896684,-0.01225054078,0.00266316114,phone,user2,sit
65.97766157,9.519346237,-1.149216771,-2.023100376,-0.001065264456,-0.01278317347,0.000532632228,phone,user2,sit
65.99766521,9.516951561,-1.156399369,-2.027888775,-0.000532632228,-0.006391586736,0.000532632228,phone,user2,sit
66.01766302,9.504981041,-1.15161097,-2.015917778,0.0,-0.004793690052,0.002130528912,phone,user2,sit
66.03766353,9.533711433,-1.15400517,-2.015917778,0.0,-0.004261057824,0.00266316114,phone,user2,sit
66.05766329,9.519346237,-1.168370485,-2.023100376,0.000532632228,-0.002130528912,0.001065264456,phone,user2,sit
66.07766997,9.50976944,-1.156399369,-2.027888775,0.001065264456,-0.000532632228,0.000532632228,phone,user2,sit
66.09767732,9.514557838,-1.165976286,-2.015917778,0.001065264456,0.003195793368,-0.000532632228,phone,user2,sit
66.11767931,9.50976944,-1.170764685,-2.006340981,-0.000532632228,0.003195793368,-0.002130528912,phone,user2,sit
66.13767814,9.52173996,-1.161187768,-2.011129379,-0.000532632228,0.002130528912,-0.00266316114,phone,user2,sit
66.15767482,9.524134636,-1.15400517,-2.015917778,-0.001597896684,0.0,-0.002130528912,phone,user2,sit
66.1776654,9.524134636,-1.15161097,-2.00873518,-0.001597896684,-0.003195793368,-0.001597896684,phone,user2,sit
66.19765708,9.50976944,-1.146822572,-2.013523579,-0.001597896684,-0.003728425596,0.000532632228,phone,user2,sit
66.21764814,9.504981041,-1.149216771,-2.020706177,-0.001065264456,-0.003195793368,0.001597896684,phone,user2,sit
66.23764493,9.50976944,-1.15400517,-2.025494576,0.0,-0.003195793368,0.00266316114,phone,user2,sit
66.25763442,9.519346237,-1.146822572,-2.018311977,0.001597896684,-0.00266316114,0.002130528912,phone,user2,sit
66.2776311,9.514557838,-1.163581967,-2.006340981,0.000532632228,-0.001065264456,0.00266316114,phone,user2,sit
66.29762122,9.516951561,-1.168370485,-2.027888775,0.002130528912,-0.000532632228,0.000532632228,phone,user2,sit
66.31761638,9.514557838,-1.165976286,-2.020706177,0.001065264456,0.001065264456,-0.001065264456,phone,user2,sit
66.33761665,9.514557838,-1.163581967,-2.006340981,0.0,0.002130528912,-0.002130528912,phone,user2,sit
66.35762407,9.50976944,-1.158793569,-2.018311977,-0.000532632228,0.00266316114,-0.001065264456,phone,user2,sit
66.37762665,9.519346237,-1.161187768,-2.011129379,0.0,0.004261057824,-0.002130528912,phone,user2,sit
66.39762446,9.524134636,-1.161187768,-2.006340981,0.001597896684,0.004261057824,-0.001065264456,phone,user2,sit
66.41762833,9.519346237,-1.15161097,-2.00873518,0.0,0.00532632228,-0.000532632228,phone,user2,sit
66.43763044,9.519346237,-1.165976286,-2.003946781,0.0,0.003728425596,-0.000532632228,phone,user2,sit
66.45763415,9.533711433,-1.15400517,-2.018311977,0.001065264456,0.002130528912,0.0,phone,user2,sit
66.47763032,9.526528358,-1.158793569,-2.015917778,0.001597896684,0.003195793368,0.001065264456,phone,user2,sit
66.49761974,9.514557838,-1.149216771,-2.003946781,-0.001065264456,0.003195793368,0.001597896684,phone,user2,sit
66.51760532,9.524134636,-1.168370485,-2.011129379,0.001065264456,-0.003195793368,0.0,phone,user2,sit
66.53759228,9.516951561,-1.170764685,-2.011129379,-0.001065264456,-0.004793690052,0.001065264456,phone,user2,sit
66.55758919,9.50976944,-1.156399369,-2.015917778,-0.001597896684,-0.00266316114,-0.001597896684,phone,user2,sit
66.57759884,9.516951561,-1.149216771,-2.025494576,-0.002130528912,-0.002130528912,-0.001597896684,phone,user2,sit
66.59760763,9.526528358,-1.168370485,-2.030282974,0.0,0.001065264456,-0.001597896684,phone,user2,sit
66.61761642,9.514557838,-1.15161097,-2.003946781,0.0,0.003195793368,-0.001597896684,phone,user2,sit
66.63761404,9.516951561,-1.161187768,-2.015917778,-0.000532632228,0.0,-0.001065264456,phone,user2,sit
66.65761017,9.526528358,-1.146822572,-2.027888775,0.001065264456,0.002130528912,0.0,phone,user2,sit
66.67760888,9.519346237,-1.134851575,-2.00873518,0.0,0.004793690052,0.001065264456,phone,user2,sit
66.69760966,9.514557838,-1.158793569,-2.020706177,-0.000532632228,0.001597896684,0.003195793368,phone,user2,sit
66.71761411,9.52173996,-1.158793569,-2.003946781,-0.000532632228,0.003728425596,0.003728425596,phone,user2,sit
66.73762169,9.519346237,-1.163581967,-2.006340981,0.000532632228,0.002130528912,0.002130528912,phone,user2,sit
66.75763075,9.52173996,-1.161187768,-2.015917778,0.000532632228,0.001597896684,0.001065264456,phone,user2,sit
66.77763794,9.512163162,-1.149216771,-2.00873518,-0.000532632228,0.001597896684,-0.000532632228,phone,user2,sit
66.7976438,9.519346237,-1.144428372,-2.003946781,-0.000532632228,0.00266316114,-0.002130528912,phone,user2,sit
66.81764321,9.531316757,-1.161187768,-2.003946781,0.000532632228,0.000532632228,-0.001597896684,phone,user2,sit
66.83764333,9.524134636,-1.158793569,-2.00873518,0.0,-0.001597896684,-0.001597896684,phone,user2,sit
66.85764458,9.514557838,-1.149216771,-2.013523579,-0.002130528912,-0.00532632228,-0.000532632228,phone,user2,sit
66.87764103,9.52173996,-1.156399369,-2.011129379,-0.001597896684,-0.004261057824,0.0,phone,user2,sit
66.89763755,9.519346237,-1.149216771,-2.003946781,0.0,-0.004261057824,0.001597896684,phone,user2,sit
66.91764169,9.531316757,-1.15161097,-2.00873518,-0.001065264456,-0.003195793368,0.001065264456,phone,user2,sit
66.9376411,9.516951561,-1.161187768,-1.999158382,-0.000532632228,-0.001065264456,0.002130528912,phone,user2,sit
66.95765111,9.52173996,-1.156399369,-2.011129379,-0.000532632228,-0.001597896684,0.001597896684,phone,user2,sit
66.97766013,9.52173996,-1.161187768,-2.001552582,-0.000532632228,-0.001597896684,0.001065264456,phone,user2,sit
66.99766458,9.50976944,-1.163581967,-2.011129379,-0.001065264456,-0.000532632228,-0.001597896684,phone,user2,sit
67.01767446,9.502586365,-1.158793569,-2.011129379,-0.000532632228,0.001065264456,-0.002130528912,phone,user2,sit
67.03768587,9.514557838,-1.168370485,-2.003946781,-0.000532632228,0.001597896684,-0.002130528912,phone,user2,sit
67.05770243,9.52173996,-1.149216771,-2.00873518,-0.001065264456,0.002130528912,-0.003195793368,phone,user2,sit
67.07772333,9.524134636,-1.15400517,-2.013523579,-0.000532632228,0.001065264456,-0.002130528912,phone,user2,sit
67.0977447,9.526528358,-1.15161097,-2.003946781,-0.000532632228,0.0,-0.000532632228,phone,user2,sit
67.11775857,9.524134636,-1.156399369,-2.00873518,-0.000532632228,0.001065264456,-0.000532632228,phone,user2,sit
67.13777505,9.52173996,-1.15400517,-2.00873518,0.0,0.001065264456,0.001065264456,phone,user2,sit
67.15778337,9.516951561,-1.15400517,-2.013523579,-0.000532632228,0.000532632228,0.001065264456,phone,user2,sit
67.17778654,9.516951561,-1.161187768,-2.006340981,0.0,0.002130528912,0.001065264456,phone,user2,sit
67.1977929,9.519346237,-1.161187768,-2.00873518,0.0,0.001065264456,0.001597896684,phone,user2,sit
67.21779216,9.512163162,-1.170764685,-2.006340981,0.0,0.001065264456,0.001597896684,phone,user2,sit
67.23779185,9.50976944,-1.158793569,-2.006340981,-0.001065264456,0.0,0.000532632228,phone,user2,sit
67.25779306,9.528923035,-1.161187768,-2.011129379,-0.001065264456,0.000532632228,0.0,phone,user2,sit
67.27779755,9.514557838,-1.15161097,-2.00873518,-0.000532632228,0.0,0.000532632228,phone,user2,sit
67.29780052,9.526528358,-1.161187768,-2.00873518,0.0,-0.001597896684,-0.000532632228,phone,user2,sit
67.31780696,9.516951561,-1.163581967,-2.00873518,-0.002130528912,-0.003728425596,0.001065264456,phone,user2,sit
67.33781814,9.519346237,-1.146822572,-2.006340981,-0.001065264456,-0.004261057824,-0.000532632228,phone,user2,sit
67.35783259,9.519346237,-1.168370485,-2.006340981,-0.001065264456,-0.00266316114,-0.001065264456,phone,user2,sit
67.37782626,9.519346237,-1.149216771,-2.015917778,-0.000532632228,-0.003195793368,0.001065264456,phone,user2,sit
67.39782681,9.528923035,-1.161187768,-2.015917778,0.0,-0.00266316114,0.002130528912,phone,user2,sit
67.41782739,9.516951561,-1.144428372,-2.013523579,-0.001597896684,-0.004261057824,0.003195793368,phone,user2,sit
67.43783357,9.52173996,-1.15161097,-2.006340981,-0.001065264456,-0.005858954508,0.003195793368,phone,user2,sit
67.457842,9.516951561,-1.156399369,-2.018311977,-0.002130528912,-0.004793690052,0.004261057824,phone,user2,sit
67.47784868,9.519346237,-1.163581967,-2.015917778,-0.001065264456,-0.00532632228,0.005858954508,phone,user2,sit
67.49786239,9.52173996,-1.165976286,-2.018311977,-0.001597896684,-0.006924218964,0.006391586736,phone,user2,sit
67.51787419,9.516951561,-1.168370485,-2.015917778,-0.001597896684,-0.003195793368,0.004793690052,phone,user2,sit
67.53788544,9.512163162,-1.175553083,-2.023100376,-0.000532632228,-0.00266316114,0.002130528912,phone,user2,sit
67.55788654,9.507374763,-1.168370485,-2.025494576,0.0,0.000532632228,0.001065264456,phone,user2,sit
67.5778829,9.524134636,-1.170764685,-2.030282974,0.000532632228,0.004793690052,0.0,phone,user2,sit
67.59787693,9.543288231,-1.161187768,-2.023100376,0.001597896684,0.004793690052,0.000532632228,phone,user2,sit
67.61788372,9.502586365,-1.163581967,-2.020706177,-0.000532632228,0.003728425596,0.001065264456,phone,user2,sit
67.63789036,9.502586365,-1.161187768,-2.011129379,0.0,0.006391586736,0.002130528912,phone,user2,sit
67.65789513,9.514557838,-1.161187768,-2.00873518,0.001597896684,0.009054748341,0.002130528912,phone,user2,sit
67.67789907,9.507374763,-1.175553083,-1.999158382,0.001065264456,0.01012001187,0.001065264456,phone,user2,sit
67.69790681,9.519346237,-1.170764685,-2.013523579,0.0,0.005858954508,-0.000532632228,phone,user2,sit
67.71791771,9.512163162,-1.168370485,-2.003946781,-0.001065264456,0.00532632228,-0.001065264456,phone,user2,sit
67.73793017,9.516951561,-1.168370485,-2.006340981,-0.001597896684,0.001597896684,-0.000532632228,phone,user2,sit
67.75794489,9.512163162,-1.175553083,-2.006340981,-0.003728425596,-0.002130528912,0.0,phone,user2,sit
67.77795517,9.50976944,-1.170764685,-2.006340981,-0.001597896684,-0.00266316114,-0.001597896684,phone,user2,sit
67.79796673,9.514557838,-1.168370485,-1.999158382,-0.001597896684,-0.000532632228,-0.001597896684,phone,user2,sit
67.81797486,9.519346237,-1.158793569,-2.011129379,0.0,0.0,-0.001597896684,phone,user2,sit
67.83798591,9.519346237,-1.161187768,-2.001552582,-0.000532632228,-0.002130528912,-0.00266316114,phone,user2,sit
67.85800591,9.524134636,-1.161187768,-2.006340981,0.0,-0.002130528912,-0.00266316114,phone,user2,sit
67.87802482,9.52173996,-1.158793569,-2.025494576,-0.000532632228,-0.00266316114,-0.002130528912,phone,user2,sit
67.89804192,9.516951561,-1.156399369,-2.00873518,0.000532632228,-0.001597896684,-0.001597896684,phone,user2,sit
67.91804708,9.519346237,-1.156399369,-2.006340981,-0.000532632228,-0.001065264456,-0.000532632228,phone,user2,sit
67.9380561,9.52173996,-1.15400517,-2.020706177,-0.001065264456,0.001065264456,-0.000532632228,phone,user2,sit
67.95806364,9.502586365,-1.161187768,-2.011129379,-0.000532632228,0.001597896684,-0.000532632228,phone,user2,sit
67.97806415,9.514557838,-1.170764685,-2.00873518,0.001065264456,0.00266316114,-0.001597896684,phone,user2,sit
67.99806919,9.526528358,-1.158793569,-2.001552582,0.0,0.003728425596,-0.002130528912,phone,user2,sit
68.01807806,9.50976944,-1.163581967,-2.011129379,0.0,0.004261057824,-0.002130528912,phone,user2,sit
68.03809114,9.519346237,-1.158793569,-2.015917778,0.000532632228,0.002130528912,-0.002130528912,phone,user2,sit
68.05810177,9.526528358,-1.165976286,-2.003946781,0.0,0.0,-0.003195793368,phone,user2,sit
68.07811646,9.512163162,-1.165976286,-2.018311977,0.0,-0.00266316114,-0.00266316114,phone,user2,sit
68.098129,9.519346237,-1.161187768,-2.006340981,-0.000532632228,-0.00266316114,-0.001597896684,phone,user2,sit
68.11813466,9.519346237,-1.161187768,-2.015917778,-0.001065264456,-0.001597896684,-0.00266316114,phone,user2,sit
68.13814825,9.512163162,-1.168370485,-2.011129379,-0.001065264456,-0.004261057824,-0.00266316114,phone,user2,sit
68.15815489,9.52173996,-1.158793569,-2.006340981,-0.001065264456,-0.00266316114,-0.003728425596,phone,user2,sit
68.17816087,9.533711433,-1.15400517,-2.006340981,-0.000532632228,-0.002130528912,-0.003195793368,phone,user2,sit
68.19816513,9.516951561,-1.170764685,-2.006340981,0.0,0.002130528912,-0.00266316114,phone,user2,sit
68.21817318,9.519346237,-1.15400517,-2.006340981,-0.001597896684,-0.001065264456,-0.00266316114,phone,user2,sit
68.23818142,9.531316757,-1.158793569,-2.006340981,-0.002130528912,-0.000532632228,-0.001597896684,phone,user2,sit
68.25818825,9.516951561,-1.15400517,-2.00873518,-0.000532632228,0.004261057824,-0.001597896684,phone,user2,sit
68.27819646,9.524134636,-1.163581967,-2.003946781,-0.000532632228,0.002130528912,-0.000532632228,phone,user2,sit
68.29820634,9.50976944,-1.170764685,-2.003946781,0.001065264456,0.001597896684,0.000532632228,phone,user2,sit
68.31821509,9.524134636,-1.175553083,-1.996764183,0.0,0.002130528912,-0.001065264456,phone,user2,sit
68.3382231,9.514557838,-1.170764685,-2.013523579,0.000532632228,0.001065264456,-0.001065264456,phone,user2,sit
68.3582406,9.519346237,-1.161187768,-2.00873518,0.001065264456,0.001597896684,-0.003728425596,phone,user2,sit
68.37825372,9.533711433,-1.15400517,-2.001552582,0.001597896684,0.0,-0.003728425596,phone,user2,sit
68.39826872,9.528923035,-1.163581967,-2.001552582,0.0,-0.002130528912,-0.00266316114,phone,user2,sit
68.41828177,9.524134636,-1.158793569,-2.006340981,-0.001065264456,-0.004261057824,-0.002130528912,phone,user2,sit
68.43828923,9.528923035,-1.158793569,-2.015917778,0.000532632228,-0.004261057824,-0.000532632228,phone,user2,sit
68.45829571,9.514557838,-1.156399369,-2.00873518,0.000532632228,-0.002130528912,-0.001065264456,phone,user2,sit
68.47829587,9.514557838,-1.163581967,-2.011129379,-0.001065264456,-0.003728425596,0.0,phone,user2,sit
68.49829435,9.514557838,-1.163581967,-2.020706177,0.000532632228,-0.001597896684,-0.001065264456,phone,user2,sit
68.51828974,9.519346237,-1.15400517,-2.011129379,-0.000532632228,-0.002130528912,-0.001597896684,phone,user2,sit
68.53829411,9.524134636,-1.163581967,-2.015917778,0.0,0.0,-0.002130528912,phone,user2,sit
68.55829439,9.516951561,-1.168370485,-2.006340981,0.0,-0.001597896684,-0.003195793368,phone,user2,sit
68.57829591,9.52173996,-1.161187768,-2.011129379,-0.000532632228,-0.000532632228,-0.003195793368,phone,user2,sit
68.5982945,9.512163162,-1.161187768,-2.018311977,-0.000532632228,0.001065264456,-0.003728425596,phone,user2,sit
68.61830005,9.526528358,-1.156399369,-2.00873518,-0.000532632228,0.000532632228,-0.004793690052,phone,user2,sit
68.63829923,9.516951561,-1.146822572,-2.020706177,-0.001065264456,0.001065264456,-0.003728425596,phone,user2,sit
68.65829759,9.524134636,-1.146822572,-2.00873518,-0.001065264456,0.001597896684,-0.00266316114,phone,user2,sit
68.67829243,9.519346237,-1.15161097,-2.00873518,0.0,0.000532632228,-0.001597896684,phone,user2,sit
68.69829224,9.514557838,-1.163581967,-2.00873518,0.0,0.000532632228,-0.002130528912,phone,user2,sit
68.71829278,9.516951561,-1.149216771,-2.00873518,0.001065264456,0.0,-0.001065264456,phone,user2,sit
68.73828818,9.516951561,-1.168370485,-1.999158382,0.0,0.0,-0.001065264456,phone,user2,sit
68.75828693,9.50976944,-1.156399369,-1.996764183,0.001065264456,0.001597896684,0.0,phone,user2,sit
68.77828814,9.519346237,-1.163581967,-2.00873518,0.000532632228,0.001065264456,0.0,phone,user2,sit
68.79828923,9.524134636,-1.168370485,-2.00873518,0.000532632228,0.0,0.0,phone,user2,sit
68.81829692,9.528923035,-1.156399369,-2.006340981,0.0,-0.001065264456,-0.001597896684,phone,user2,sit
68.83831021,9.526528358,-1.161187768,-2.006340981,-0.001065264456,-0.003728425596,-0.002130528912,phone,user2,sit
68.85831107,9.524134636,-1.156399369,-2.013523579,-0.000532632228,-0.006391586736,-0.001065264456,phone,user2,sit
68.87830849,9.514557838,-1.161187768,-2.011129379,-0.001065264456,-0.004793690052,-0.001065264456,phone,user2,sit
68.89831286,9.514557838,-1.168370485,-2.013523579,0.0,-0.006924218964,-0.001065264456,phone,user2,sit
68.91831704,9.516951561,-1.158793569,-2.006340981,0.0,-0.006924218964,0.0,phone,user2,sit
68.93832513,9.502586365,-1.168370485,-2.006340981,0.0,-0.004793690052,0.001597896684,phone,user2,sit
68.9583279,9.514557838,-1.15400517,-2.006340981,0.0,-0.006391586736,0.002130528912,phone,user2,sit
68.97833103,9.524134636,-1.163581967,-2.04464817,0.00266316114,-0.000532632228,0.0,phone,user2,sit
68.99833114,9.524134636,-1.161187768,-2.00873518,0.001597896684,0.004793690052,-0.001065264456,phone,user2,sit
69.01832818,9.533711433,-1.163581967,-2.023100376,0.000532632228,0.003195793368,-0.001065264456,phone,user2,sit
69.03832712,9.514557838,-1.175553083,-2.00873518,0.000532632228,0.00532632228,-0.000532632228,phone,user2,sit
69.0583313,9.528923035,-1.156399369,-2.011129379,0.000532632228,0.004793690052,-0.001597896684,phone,user2,sit
69.07833931,9.531316757,-1.156399369,-2.037465572,-0.000532632228,0.004261057824,0.0,phone,user2,sit
69.09835048,9.514557838,-1.156399369,-2.015917778,-0.001065264456,0.005858954508,0.001065264456,phone,user2,sit
69.11836736,9.531316757,-1.15400517,-1.996764183,0.000532632228,0.005858954508,0.002130528912,phone,user2,sit
69.13837954,9.512163162,-1.168370485,-2.003946781,0.000532632228,0.009054748341,0.0,phone,user2,sit
69.15839267,9.519346237,-1.168370485,-2.006340981,0.0,0.002130528912,0.0,phone,user2,sit
69.17840864,9.528923035,-1.175553083,-2.006340981,0.000532632228,0.001597896684,-0.001065264456,phone,user2,sit
69.19842302,9.519346237,-1.156399369,-2.003946781,0.001065264456,0.00266316114,-0.001597896684,phone,user2,sit
69.21843896,9.519346237,-1.156399369,-2.003946781,-0.001065264456,-0.000532632228,-0.001065264456,phone,user2,sit
69.23844286,9.519346237,-1.158793569,-2.018311977,-0.001597896684,-0.00266316114,0.0,phone,user2,sit
69.25845294,9.516951561,-1.149216771,-2.013523579,0.0,-0.001065264456,-0.000532632228,phone,user2,sit
69.27846126,9.519346237,-1.15161097,-2.003946781,0.001597896684,-0.001065264456,-0.001065264456,phone,user2,sit
69.29846521,9.516951561,-1.15400517,-2.015917778,0.001597896684,0.002130528912,0.0,phone,user2,sit
69.31848482,9.514557838,-1.158793569,-2.00873518,0.0,0.002130528912,0.000532632228,phone,user2,sit
69.3385013,9.504981041,-1.144428372,-2.00873518,-0.000532632228,0.000532632228,0.000532632228,phone,user2,sit
69.35851083,9.524134636,-1.156399369,-2.003946781,-0.001065264456,-0.000532632228,0.001065264456,phone,user2,sit
69.3785331,9.524134636,-1.168370485,-2.006340981,-0.001065264456,-0.001065264456,0.002130528912,phone,user2,sit
69.39855146,9.526528358,-1.158793569,-2.006340981,-0.001065264456,-0.00266316114,0.000532632228,phone,user2,sit
69.41856372,9.514557838,-1.161187768,-2.013523579,-0.000532632228,-0.000532632228,0.0,phone,user2,sit
69.43857536,9.516951561,-1.158793569,-2.003946781,-0.000532632228,0.001597896684,-0.002130528912,phone,user2,sit
69.45859177,9.528923035,-1.156399369,-2.013523579,-0.001065264456,0.0,-0.002130528912,phone,user2,sit
69.47860044,9.528923035,-1.158793569,-2.011129379,0.000532632228,-0.002130528912,-0.001597896684,phone,user2,sit
69.49861068,9.526528358,-1.149216771,-2.00873518,0.0,-0.000532632228,-0.001065264456,phone,user2,sit
69.51862298,9.524134636,-1.15161097,-2.003946781,-0.000532632228,-0.002130528912,0.001065264456,phone,user2,sit
69.53864466,9.524134636,-1.15161097,-2.006340981,0.0,-0.001065264456,0.001597896684,phone,user2,sit
69.55865005,9.516951561,-1.161187768,-2.00873518,0.0,0.001597896684,0.001065264456,phone,user2,sit
69.57866439,9.531316757,-1.156399369,-2.023100376,0.001065264456,0.004793690052,0.001597896684,phone,user2,sit
69.59867357,9.514557838,-1.163581967,-2.011129379,0.001065264456,0.00532632228,0.001597896684,phone,user2,sit
69.6186829,9.528923035,-1.161187768,-2.013523579,0.0,0.004261057824,-0.000532632228,phone,user2,sit
69.63868825,9.516951561,-1.165976286,-2.006340981,0.0,0.005858954508,-0.000532632228,phone,user2,sit
69.65869634,9.52173996,-1.15400517,-2.00873518,0.000532632228,0.00532632228,-0.002130528912,phone,user2,sit
69.67869927,9.516951561,-1.163581967,-2.015917778,-0.000532632228,0.004793690052,-0.001065264456,phone,user2,sit
69.69871255,9.526528358,-1.149216771,-2.003946781,0.000532632228,0.001597896684,-0.000532632228,phone,user2,sit
69.71871986,9.536105156,-1.15400517,-2.011129379,0.001065264456,0.001065264456,-0.001597896684,phone,user2,sit
69.73871704,9.524134636,-1.15400517,-2.003946781,0.000532632228,-0.001065264456,0.0,phone,user2,sit
69.7587115,9.526528358,-1.146822572,-2.011129379,-0.000532632228,-0.004793690052,0.0,phone,user2,sit
69.77871357,9.524134636,-1.15400517,-2.013523579,0.000532632228,-0.003728425596,0.001065264456,phone,user2,sit
69.7987263,9.519346237,-1.156399369,-2.001552582,-0.001065264456,-0.00532632228,0.001065264456,phone,user2,sit
69.81873907,9.512163162,-1.15400517,-2.018311977,0.000532632228,-0.003728425596,0.000532632228,phone,user2,sit
69.83874236,9.519346237,-1.156399369,-2.003946781,0.001065264456,-0.001065264456,0.001065264456,phone,user2,sit
69.85874392,9.519346237,-1.156399369,-2.011129379,0.0,-0.000532632228,0.0,phone,user2,sit
69.87874341,9.52173996,-1.161187768,-2.011129379,-0.000532632228,0.0,0.000532632228,phone,user2,sit
69.8987438,9.524134636,-1.168370485,-2.030282974,0.000532632228,0.002130528912,0.0,phone,user2,sit
69.91875177,9.516951561,-1.156399369,-2.013523579,0.000532632228,0.004261057824,-0.001065264456,phone,user2,sit
69.93875427,9.524134636,-1.163581967,-2.003946781,0.0,0.004793690052,-0.000532632228,phone,user2,sit
69.95875845,9.526528358,-1.161187768,-2.013523579,-0.000532632228,0.00532632228,-0.000532632228,phone,user2,sit
69.97876357,9.528923035,-1.144428372,-2.011129379,-0.001065264456,0.00266316114,0.0,phone,user2,sit
69.99877376,9.519346237,-1.15400517,-2.006340981,-0.000532632228,0.002130528912,-0.000532632228,phone,user2,sit
70.01878439,9.519346237,-1.15400517,-2.006340981,-0.000532632228,0.004261057824,-0.001597896684,phone,user2,sit
70.0387922,9.531316757,-1.149216771,-2.00873518,-0.000532632228,0.00532632228,0.0,phone,user2,sit
70.0588095,9.516951561,-1.158793569,-1.999158382,-0.002130528912,-0.002130528912,0.000532632228,phone,user2,sit
70.07882329,9.52173996,-1.15161097,-2.011129379,-0.001597896684,-0.009587380104,0.001597896684,phone,user2,sit
70.09882501,9.540893555,-1.144428372,-2.003946781,-0.001065264456,-0.006924218964,0.002130528912,phone,user2,sit
70.11882685,9.507374763,-1.144428372,-1.996764183,-0.001597896684,-0.009054748341,0.003728425596,phone,user2,sit
70.13883544,9.50976944,-1.156399369,-2.027888775,-0.001065264456,-0.01012001187,0.003195793368,phone,user2,sit
70.1588495,9.516951561,-1.158793569,-2.023100376,0.001065264456,-0.00266316114,0.003195793368,phone,user2,sit
70.17886239,9.50976944,-1.168370485,-2.018311977,0.000532632228,-0.003195793368,0.001597896684,phone,user2,sit
70.1988695,9.514557838,-1.177947283,-2.023100376,-0.000532632228,-0.001597896684,0.0,phone,user2,sit
70.21887552,9.516951561,-1.158793569,-2.001552582,-0.001065264456,0.004261057824,-0.001065264456,phone,user2,sit
70.23888478,9.519346237,-1.168370485,-2.006340981,-0.001597896684,0.005858954508,-0.001597896684,phone,user2,sit
70.2588856,9.533711433,-1.149216771,-2.020706177,-0.001065264456,0.003728425596,-0.00266316114,phone,user2,sit
70.27888329,9.528923035,-1.156399369,-2.001552582,-0.001065264456,0.007989482954,-0.001065264456,phone,user2,sit
70.29889212,9.536105156,-1.163581967,-2.003946781,-0.001065264456,0.004261057824,0.001065264456,phone,user2,sit
70.31890614,9.519346237,-1.161187768,-2.003946781,-0.001065264456,0.003728425596,0.001597896684,phone,user2,sit
70.33891064,9.502586365,-1.156399369,-2.020706177,-0.001065264456,-0.001597896684,0.002130528912,phone,user2,sit
70.35892654,9.516951561,-1.156399369,-2.003946781,0.0,-0.002130528912,0.002130528912,phone,user2,sit
70.37894177,9.536105156,-1.161187768,-2.001552582,-0.001597896684,-0.001065264456,0.002130528912,phone,user2,sit
70.39896165,9.533711433,-1.15400517,-2.003946781,0.0,-0.003728425596,0.002130528912,phone,user2,sit
70.41897489,9.50976944,-1.15400517,-1.999158382,0.0,-0.00266316114,0.002130528912,phone,user2,sit
70.43899532,9.516951561,-1.161187768,-2.00873518,0.0,-0.001065264456,0.000532632228,phone,user2,sit
70.45901161,9.519346237,-1.15161097,-2.003946781,-0.001065264456,0.001065264456,-0.001597896684,phone,user2,sit
70.47901751,9.516951561,-1.15161097,-2.003946781,-0.001065264456,0.001065264456,-0.001065264456,phone,user2,sit
70.4990315,9.526528358,-1.161187768,-2.011129379,-0.001597896684,-0.002130528912,0.0,phone,user2,sit
70.5190445,9.52173996,-1.158793569,-2.003946781,-0.002130528912,-0.002130528912,0.000532632228,phone,user2,sit
70.53905747,9.526528358,-1.149216771,-2.00873518,-0.001597896684,-0.00266316114,0.001597896684,phone,user2,sit
70.55908075,9.524134636,-1.161187768,-2.011129379,-0.001597896684,0.0,0.003195793368,phone,user2,sit
70.57909775,9.524134636,-1.163581967,-2.006340981,-0.000532632228,-0.00266316114,0.003728425596,phone,user2,sit
70.59911501,9.516951561,-1.161187768,-2.00873518,0.0,-0.001597896684,0.003728425596,phone,user2,sit
70.6191161,9.528923035,-1.161187768,-2.003946781,0.000532632228,0.001065264456,0.003728425596,phone,user2,sit
70.63912986,9.524134636,-1.165976286,-2.006340981,0.000532632228,0.001597896684,0.003728425596,phone,user2,sit
70.65914407,9.52173996,-1.165976286,-2.003946781,-0.000532632228,0.001597896684,0.002130528912,phone,user2,sit
70.67916052,9.516951561,-1.163581967,-2.003946781,-0.000532632228,0.002130528912,0.002130528912,phone,user2,sit
70.69917798,9.519346237,-1.168370485,-1.999158382,-0.000532632228,0.0,0.0,phone,user2,sit
70.71918556,9.52173996,-1.161187768,-2.00873518,-0.001065264456,0.001597896684,-0.000532632228,phone,user2,sit
70.73919427,9.50976944,-1.163581967,-2.015917778,-0.001065264456,-0.000532632228,0.000532632228,phone,user2,sit
70.75920564,9.52173996,-1.156399369,-2.006340981,-0.001597896684,-0.001597896684,0.001065264456,phone,user2,sit
70.779217,9.519346237,-1.158793569,-2.013523579,-0.000532632228,-0.000532632228,0.001065264456,phone,user2,sit
70.7992336,9.524134636,-1.165976286,-2.001552582,0.0,-0.001597896684,0.002130528912,phone,user2,sit
70.81925052,9.524134636,-1.163581967,-2.011129379,-0.000532632228,-0.002130528912,0.00266316114,phone,user2,sit
70.83926353,9.52173996,-1.165976286,-2.00873518,-0.000532632228,-0.001597896684,0.00266316114,phone,user2,sit
70.85928275,9.516951561,-1.156399369,-2.013523579,-0.001065264456,-0.001065264456,0.002130528912,phone,user2,sit
70.87930282,9.519346237,-1.173158884,-2.018311977,-0.001065264456,-0.00266316114,0.002130528912,phone,user2,sit
70.89931669,9.512163162,-1.161187768,-2.023100376,0.0,-0.001065264456,0.001065264456,phone,user2,sit
70.91932505,9.528923035,-1.161187768,-2.011129379,-0.001065264456,-0.000532632228,0.000532632228,phone,user2,sit
70.93933173,9.50976944,-1.165976286,-2.006340981,-0.001065264456,0.001065264456,0.000532632228,phone,user2,sit
70.95934001,9.528923035,-1.158793569,-2.00873518,-0.001065264456,0.004261057824,-0.000532632228,phone,user2,sit
70.97934392,9.524134636,-1.165976286,-2.015917778,-0.000532632228,0.00266316114,0.000532632228,phone,user2,sit
70.99934634,9.52173996,-1.165976286,-2.003946781,-0.000532632228,0.002130528912,0.001597896684,phone,user2,sit
71.01934892,9.519346237,-1.165976286,-2.006340981,0.0,0.000532632228,0.003728425596,phone,user2,sit
71.03936208,9.533711433,-1.161187768,-2.00873518,-0.000532632228,-0.000532632228,0.003728425596,phone,user2,sit
71.05937404,9.50976944,-1.168370485,-1.994369984,-0.000532632228,-0.000532632228,0.002130528912,phone,user2,sit
71.07938986,9.516951561,-1.168370485,-2.00873518,-0.000532632228,-0.001597896684,0.0,phone,user2,sit
71.09940404,9.524134636,-1.170764685,-2.001552582,0.001597896684,-0.001065264456,-0.001597896684,phone,user2,sit
71.11941513,9.526528358,-1.168370485,-1.987187386,-0.000532632228,0.000532632228,-0.001065264456,phone,user2,sit
71.13942614,9.528923035,-1.168370485,-1.994369984,-0.000532632228,-0.00532632228,-0.000532632228,phone,user2,sit
71.15944239,9.524134636,-1.163581967,-2.018311977,-0.001597896684,-0.007456851192,-0.001597896684,phone,user2,sit
71.1794581,9.545681953,-1.165976286,-2.023100376,0.000532632228,-0.004261057824,-0.000532632228,phone,user2,sit
71.19947439,9.50976944,-1.15400517,-2.001552582,-0.001597896684,-0.004261057824,0.001065264456,phone,user2,sit
71.21949189,9.512163162,-1.168370485,-1.996764183,-0.000532632228,-0.006924218964,0.001597896684,phone,user2,sit
71.239502,9.519346237,-1.168370485,-2.013523579,0.0,-0.00532632228,0.0,phone,user2,sit
71.25952025,9.514557838,-1.177947283,-2.006340981,0.0,-0.003728425596,0.0,phone,user2,sit
71.27953446,9.524134636,-1.170764685,-2.003946781,-0.001597896684,-0.006924218964,-0.000532632228,phone,user2,sit
71.29954271,9.52173996,-1.170764685,-2.018311977,-0.000532632228,-0.007989482954,-0.001065264456,phone,user2,sit
71.31955439,9.524134636,-1.168370485,-2.003946781,-0.000532632228,-0.004793690052,-0.001597896684,phone,user2,sit
71.3395597,9.526528358,-1.163581967,-2.013523579,0.0,-0.006924218964,0.0,phone,user2,sit
71.35957259,9.507374763,-1.156399369,-2.032677174,-0.000532632228,-0.003195793368,-0.00266316114,phone,user2,sit
71.37957779,9.516951561,-1.168370485,-2.018311977,0.001065264456,0.002130528912,-0.001065264456,phone,user2,sit
71.39958568,9.516951561,-1.175553083,-2.015917778,0.00266316114,0.004261057824,-0.002130528912,phone,user2,sit
71.419587,9.516951561,-1.175553083,-2.025494576,0.000532632228,0.003728425596,-0.003195793368,phone,user2,sit
71.43960044,9.526528358,-1.177947283,-1.994369984,0.001065264456,0.005858954508,-0.003195793368,phone,user2,sit
71.45961521,9.524134636,-1.165976286,-2.011129379,0.000532632228,0.005858954508,-0.003728425596,phone,user2,sit
71.47962404,9.538499832,-1.170764685,-2.011129379,0.0,0.004261057824,-0.003728425596,phone,user2,sit
71.49963939,9.514557838,-1.165976286,-2.003946781,0.000532632228,0.004261057824,-0.004793690052,phone,user2,sit
71.5196638,9.519346237,-1.165976286,-1.996764183,0.0,0.001597896684,-0.004793690052,phone,user2,sit
71.53968532,9.531316757,-1.165976286,-2.003946781,0.0,0.002130528912,-0.004261057824,phone,user2,sit
71.55971021,9.524134636,-1.165976286,-2.003946781,0.0,0.002130528912,-0.004793690052,phone,user2,sit
71.57973275,9.519346237,-1.15400517,-2.006340981,-0.001065264456,0.001065264456,-0.004793690052,phone,user2,sit
71.59976302,9.516951561,-1.175553083,-2.00873518,-0.001065264456,-0.00266316114,-0.003728425596,phone,user2,sit
71.6197865,9.524134636,-1.156399369,-2.020706177,-0.000532632228,-0.000532632228,-0.00266316114,phone,user2,sit
71.63981462,9.50976944,-1.15400517,-1.996764183,-0.000532632228,-0.000532632228,-0.001065264456,phone,user2,sit
71.65983657,9.526528358,-1.156399369,-2.00873518,-0.000532632228,-0.001597896684,-0.001065264456,phone,user2,sit
71.67985818,9.526528358,-1.161187768,-2.018311977,0.001065264456,0.002130528912,-0.002130528912,phone,user2,sit
71.69987818,9.514557838,-1.144428372,-2.006340981,0.001065264456,0.003195793368,-0.002130528912,phone,user2,sit
71.71989482,9.519346237,-1.15400517,-2.006340981,0.0,0.001065264456,-0.001597896684,phone,user2,sit
71.73990669,9.526528358,-1.165976286,-2.013523579,0.000532632228,0.003195793368,-0.002130528912,phone,user2,sit
71.75992689,9.519346237,-1.156399369,-2.011129379,0.000532632228,0.001597896684,-0.001597896684,phone,user2,sit
71.77994021,9.524134636,-1.168370485,-2.013523579,0.0,-0.001065264456,-0.001065264456,phone,user2,sit
71.79995212,9.519346237,-1.163581967,-2.003946781,0.000532632228,-0.001065264456,-0.001065264456,phone,user2,sit
71.81997907,9.526528358,-1.170764685,-1.991975784,0.0,-0.001597896684,-0.001065264456,phone,user2,sit
71.84000048,9.533711433,-1.15400517,-2.001552582,0.0,-0.003728425596,-0.002130528912,phone,user2,sit
71.86002786,9.516951561,-1.170764685,-2.006340981,0.000532632228,-0.003728425596,-0.002130528912,phone,user2,sit
71.88003919,9.526528358,-1.156399369,-2.00873518,-0.000532632228,-0.006391586736,-0.001597896684,phone,user2,sit
71.90004997,9.516951561,-1.170764685,-2.025494576,0.000532632228,-0.004261057824,-0.001065264456,phone,user2,sit
71.9200565,9.524134636,-1.156399369,-2.015917778,0.000532632228,-0.002130528912,-0.002130528912,phone,user2,sit
71.94006302,9.52173996,-1.163581967,-2.006340981,-0.000532632228,-0.004793690052,-0.002130528912,phone,user2,sit
71.96006849,9.516951561,-1.163581967,-2.015917778,-0.001597896684,-0.00266316114,-0.001065264456,phone,user2,sit
71.98007372,9.512163162,-1.161187768,-2.003946781,-0.001065264456,-0.000532632228,-0.001065264456,phone,user2,sit
72.0000811,9.516951561,-1.163581967,-2.020706177,0.0,0.003195793368,-0.003195793368,phone,user2,sit
72.02009443,9.524134636,-1.15400517,-2.011129379,0.0,0.00532632228,-0.004261057824,phone,user2,sit
72.04010786,9.531316757,-1.170764685,-2.00873518,0.0,0.006924218964,-0.003195793368,phone,user2,sit
72.06012536,9.528923035,-1.15400517,-2.00873518,-0.001065264456,0.006391586736,-0.00266316114,phone,user2,sit
72.08014154,9.519346237,-1.156399369,-2.001552582,-0.001065264456,0.003728425596,-0.00266316114,phone,user2,sit
72.100159,9.536105156,-1.149216771,-2.003946781,-0.001065264456,0.005858954508,-0.001065264456,phone,user2,sit
72.12018587,9.519346237,-1.139639974,-1.991975784,0.0,0.003195793368,-0.000532632228,phone,user2,sit
72.14021142,9.536105156,-1.15161097,-1.994369984,0.001065264456,-0.001597896684,0.000532632228,phone,user2,sit
72.16023911,9.524134636,-1.158793569,-2.00873518,0.000532632228,-0.001597896684,0.0,phone,user2,sit
72.18026861,9.516951561,-1.168370485,-2.003946781,0.000532632228,-0.00266316114,0.002130528912,phone,user2,sit
72.20029489,9.512163162,-1.168370485,-1.999158382,0.000532632228,-0.00532632228,0.0,phone,user2,sit
72.22032013,9.528923035,-1.161187768,-2.001552582,0.000532632228,-0.004793690052,0.0,phone,user2,sit
72.24033857,9.531316757,-1.156399369,-2.013523579,0.001065264456,-0.004261057824,-0.001597896684,phone,user2,sit
72.26035036,9.524134636,-1.149216771,-2.018311977,-0.001065264456,-0.004261057824,0.0,phone,user2,sit
72.28036239,9.526528358,-1.161187768,-2.013523579,0.0,-0.006391586736,0.0,phone,user2,sit
72.30037431,9.519346237,-1.158793569,-2.015917778,-0.000532632228,-0.002130528912,-0.000532632228,phone,user2,sit
72.32038564,9.52173996,-1.146822572,-2.018311977,-0.000532632228,-0.001597896684,0.001065264456,phone,user2,sit
72.34039591,9.528923035,-1.158793569,-2.015917778,-0.001597896684,-0.001597896684,0.001065264456,phone,user2,sit
72.36041536,9.526528358,-1.161187768,-2.018311977,0.0,-0.002130528912,0.000532632228,phone,user2,sit
72.38044247,9.526528358,-1.149216771,-2.001552582,-0.000532632228,-0.000532632228,0.001065264456,phone,user2,sit
72.40046423,9.526528358,-1.15161097,-2.003946781,-0.000532632228,-0.003195793368,0.002130528912,phone,user2,sit
72.42048587,9.52173996,-1.163581967,-2.015917778,-0.000532632228,-0.003195793368,0.002130528912,phone,user2,sit
72.44050923,9.516951561,-1.177947283,-2.013523579,0.000532632228,-0.000532632228,0.000532632228,phone,user2,sit
72.46052575,9.507374763,-1.161187768,-2.003946781,0.001597896684,0.002130528912,0.0,phone,user2,sit
72.48053927,9.504981041,-1.165976286,-2.006340981,0.000532632228,0.001065264456,-0.001597896684,phone,user2,sit
72.50055349,9.514557838,-1.158793569,-2.00873518,0.000532632228,0.002130528912,-0.001065264456,phone,user2,sit
72.52056552,9.528923035,-1.15400517,-2.00873518,0.0,0.000532632228,-0.001597896684,phone,user2,sit
72.54058044,9.528923035,-1.156399369,-2.001552582,0.000532632228,0.001065264456,-0.000532632228,phone,user2,sit
72.56059927,9.514557838,-1.161187768,-2.00873518,-0.001065264456,0.000532632228,-0.000532632228,phone,user2,sit
72.58061657,9.52173996,-1.149216771,-2.001552582,0.0,0.001065264456,0.000532632228,phone,user2,sit
72.60063646,9.519346237,-1.15400517,-2.00873518,-0.000532632228,0.00266316114,0.001065264456,phone,user2,sit
72.6206588,9.524134636,-1.15400517,-2.00873518,0.000532632228,0.001597896684,0.001065264456,phone,user2,sit
72.64067755,9.519346237,-1.15400517,-2.003946781,0.001065264456,0.000532632228,0.001597896684,phone,user2,sit
72.66068763,9.519346237,-1.161187768,-2.003946781,0.0,0.001597896684,0.001065264456,phone,user2,sit
72.68070154,9.519346237,-1.163581967,-2.006340981,-0.001065264456,-0.002130528912,0.0,phone,user2,sit
72.70072681,9.526528358,-1.163581967,-2.006340981,-0.001597896684,-0.001597896684,0.001597896684,phone,user2,sit
72.72075532,9.526528358,-1.15400517,-2.00873518,-0.000532632228,0.0,0.000532632228,phone,user2,sit
72.74077056,9.524134636,-1.15400517,-2.020706177,-0.000532632228,-0.004261057824,0.0,phone,user2,sit
72.76078724,9.512163162,-1.163581967,-2.013523579,0.000532632228,-0.004261057824,0.000532632228,phone,user2,sit
72.78080091,9.504981041,-1.161187768,-2.011129379,0.001065264456,0.001065264456,-0.000532632228,phone,user2,sit
72.80082013,9.512163162,-1.15161097,-1.989581585,-0.001597896684,0.0,0.0,phone,user2,sit
72.82084958,9.528923035,-1.163581967,-2.015917778,-0.001065264456,-0.004261057824,0.000532632228,phone,user2,sit
72.84087571,9.526528358,-1.149216771,-2.018311977,0.0,0.0,0.0,phone,user2,sit
72.8608956,9.516951561,-1.163581967,-2.013523579,-0.000532632228,0.0,0.000532632228,phone,user2,sit
72.88092208,9.516951561,-1.158793569,-2.013523579,0.001065264456,0.001065264456,0.001065264456,phone,user2,sit
72.90094564,9.507374763,-1.175553083,-2.00873518,0.001065264456,0.006391586736,-0.001065264456,phone,user2,sit
72.92096978,9.504981041,-1.163581967,-2.00873518,0.001065264456,0.006924218964,-0.00266316114,phone,user2,sit
72.94099392,9.50976944,-1.165976286,-2.003946781,0.001065264456,0.006391586736,-0.004261057824,phone,user2,sit
72.96102181,9.526528358,-1.163581967,-2.001552582,0.001065264456,0.007989482954,-0.002130528912,phone,user2,sit
72.98104517,9.533711433,-1.156399369,-1.987187386,-0.000532632228,0.007456851192,-0.001065264456,phone,user2,sit
73.00106716,9.519346237,-1.161187768,-1.991975784,-0.002130528912,0.002130528912,-0.001065264456,phone,user2,sit
73.02108704,9.526528358,-1.161187768,-2.013523579,-0.000532632228,0.002130528912,0.0,phone,user2,sit
73.04111599,9.536105156,-1.146822572,-1.996764183,-0.001065264456,0.002130528912,0.000532632228,phone,user2,sit
73.0611338,9.531316757,-1.15400517,-1.989581585,-0.001065264456,-0.001597896684,0.003195793368,phone,user2,sit
73.0811529,9.519346237,-1.156399369,-1.991975784,0.001065264456,-0.00532632228,0.004261057824,phone,user2,sit
73.10116876,9.516951561,-1.165976286,-2.011129379,0.0,-0.006391586736,0.003195793368,phone,user2,sit
73.12118368,9.524134636,-1.168370485,-2.011129379,-0.000532632228,-0.005858954508,0.001065264456,phone,user2,sit
73.14119427,9.526528358,-1.165976286,-2.00873518,-0.000532632228,-0.004261057824,0.000532632228,phone,user2,sit
73.16121052,9.524134636,-1.161187768,-2.015917778,0.0,-0.005858954508,0.001065264456,phone,user2,sit
73.18122489,9.524134636,-1.15400517,-2.013523579,-0.001065264456,-0.004793690052,0.0,phone,user2,sit
73.20123884,9.526528358,-1.156399369,-2.00873518,-0.001065264456,-0.00266316114,0.0,phone,user2,sit
73.22125161,9.531316757,-1.156399369,-2.003946781,-0.000532632228,0.000532632228,0.0,phone,user2,sit
73.24127525,9.50976944,-1.158793569,-2.006340981,0.0,0.0,0.001065264456,phone,user2,sit
73.26129962,9.507374763,-1.156399369,-2.003946781,0.0,0.001065264456,0.000532632228,phone,user2,sit
73.28131271,9.514557838,-1.168370485,-1.999158382,-0.001065264456,0.000532632228,0.000532632228,phone,user2,sit
73.3013288,9.512163162,-1.158793569,-2.006340981,0.0,0.00266316114,0.000532632228,phone,user2,sit
73.32133997,9.519346237,-1.156399369,-2.001552582,0.000532632228,0.003195793368,0.0,phone,user2,sit
73.3413679,9.536105156,-1.15400517,-2.006340981,0.0,-0.000532632228,0.001065264456,phone,user2,sit
73.3613915,9.526528358,-1.163581967,-2.011129379,-0.000532632228,-0.003195793368,-0.000532632228,phone,user2,sit
73.38141689,9.519346237,-1.163581967,-1.999158382,-0.001065264456,-0.002130528912,0.0,phone,user2,sit
73.4014447,9.519346237,-1.156399369,-2.00873518,-0.001065264456,-0.004261057824,-0.001065264456,phone,user2,sit
73.42146982,9.512163162,-1.158793569,-2.015917778,-0.001065264456,-0.002130528912,-0.002130528912,phone,user2,sit
73.44147978,9.507374763,-1.156399369,-2.00873518,-0.000532632228,-0.001065264456,0.0,phone,user2,sit
73.46150185,9.519346237,-1.161187768,-2.00873518,-0.000532632228,-0.000532632228,0.0,phone,user2,sit
73.4815186,9.524134636,-1.15400517,-2.00873518,0.001065264456,0.001065264456,0.001065264456,phone,user2,sit
73.50153708,9.524134636,-1.149216771,-2.003946781,-0.000532632228,0.0,-0.000532632228,phone,user2,sit
73.52155607,9.516951561,-1.156399369,-2.006340981,0.0,0.0,0.002130528912,phone,user2,sit
73.54157044,9.50976944,-1.15400517,-2.006340981,0.0,0.002130528912,0.001597896684,phone,user2,sit
73.5615945,9.524134636,-1.158793569,-2.00873518,0.000532632228,0.003195793368,0.0,phone,user2,sit
73.58162134,9.52173996,-1.165976286,-1.994369984,-0.000532632228,0.003195793368,0.001597896684,phone,user2,sit
73.60164763,9.52173996,-1.15400517,-2.00873518,-0.000532632228,0.0,0.00266316114,phone,user2,sit
73.62167435,9.524134636,-1.161187768,-1.999158382,-0.000532632228,-0.001597896684,0.001065264456,phone,user2,sit
73.64169029,9.524134636,-1.161187768,-2.018311977,0.0,-0.001597896684,0.002130528912,phone,user2,sit
73.66169962,9.512163162,-1.156399369,-2.00873518,0.0,-0.003195793368,0.001597896684,phone,user2,sit
73.68171622,9.519346237,-1.168370485,-2.006340981,0.0,-0.005858954508,0.00266316114,phone,user2,sit
73.70173986,9.524134636,-1.170764685,-2.011129379,-0.000532632228,-0.006924218964,0.001065264456,phone,user2,sit
73.72177372,9.512163162,-1.163581967,-2.013523579,0.0,-0.004793690052,0.000532632228,phone,user2,sit
73.74179857,9.524134636,-1.158793569,-2.011129379,-0.001065264456,-0.003728425596,0.001065264456,phone,user2,sit
73.76182489,9.519346237,-1.156399369,-2.011129379,-0.001065264456,-0.004261057824,0.001597896684,phone,user2,sit
73.78185388,9.516951561,-1.161187768,-2.027888775,-0.000532632228,-0.001597896684,0.000532632228,phone,user2,sit
73.8018745,9.524134636,-1.158793569,-2.00873518,0.0,0.003195793368,0.001065264456,phone,user2,sit
73.82189673,9.519346237,-1.158793569,-2.011129379,0.001065264456,0.002130528912,0.000532632228,phone,user2,sit
73.84191853,9.524134636,-1.168370485,-2.015917778,-0.001065264456,0.004793690052,0.0,phone,user2,sit
73.86193556,9.516951561,-1.161187768,-2.00873518,-0.001065264456,0.00532632228,-0.000532632228,phone,user2,sit
73.88196103,9.497797966,-1.161187768,-2.00873518,-0.000532632228,0.005858954508,-0.000532632228,phone,user2,sit
73.9019797,9.52173996,-1.163581967,-2.003946781,-0.001597896684,0.006391586736,-0.001597896684,phone,user2,sit
73.92200622,9.519346237,-1.168370485,-2.003946781,0.001065264456,0.01012001187,-0.00266316114,phone,user2,sit
73.94202595,9.533711433,-1.165976286,-1.994369984,0.000532632228,0.006924218964,-0.000532632228,phone,user2,sit
73.96204564,9.524134636,-1.173158884,-1.994369984,-0.000532632228,0.004793690052,0.0,phone,user2,sit
73.98206692,9.524134636,-1.156399369,-2.011129379,-0.000532632228,-0.000532632228,0.001597896684,phone,user2,sit
74.00209263,9.533711433,-1.158793569,-2.006340981,0.001065264456,0.000532632228,0.002130528912,phone,user2,sit
74.02211939,9.512163162,-1.163581967,-1.991975784,-0.001065264456,-0.001065264456,0.003195793368,phone,user2,sit
74.04214005,9.516951561,-1.163581967,-2.006340981,0.000532632228,-0.003195793368,0.003728425596,phone,user2,sit
74.06215622,9.512163162,-1.177947283,-2.011129379,0.001065264456,-0.001065264456,0.002130528912,phone,user2,sit
74.08217825,9.50976944,-1.168370485,-2.00873518,0.000532632228,0.0,0.0,phone,user2,sit
74.10219396,9.52173996,-1.168370485,-2.006340981,0.000532632228,-0.000532632228,-0.002130528912,phone,user2,sit
74.12221154,9.526528358,-1.182735682,-1.999158382,0.0,-0.000532632228,-0.00266316114,phone,user2,sit
74.142222,9.533711433,-1.161187768,-2.00873518,-0.001065264456,-0.003728425596,-0.003195793368,phone,user2,sit
74.16223888,9.528923035,-1.156399369,-1.996764183,-0.000532632228,-0.002130528912,-0.001597896684,phone,user2,sit
74.18225771,9.516951561,-1.15400517,-2.006340981,-0.001065264456,-0.003195793368,0.0,phone,user2,sit
74.2022786,9.514557838,-1.158793569,-2.011129379,-0.001597896684,-0.004261057824,0.0,phone,user2,sit
74.22230048,9.516951561,-1.161187768,-2.018311977,-0.000532632228,-0.001065264456,0.001597896684,phone,user2,sit
74.24233118,9.516951561,-1.161187768,-2.00873518,-0.000532632228,0.001065264456,0.0,phone,user2,sit
74.26234993,9.516951561,-1.170764685,-2.013523579,-0.000532632228,0.000532632228,-0.001065264456,phone,user2,sit
74.28236751,9.524134636,-1.161187768,-2.00873518,-0.000532632228,0.001065264456,0.000532632228,phone,user2,sit
74.30238341,9.514557838,-1.170764685,-2.001552582,-0.001065264456,-0.001065264456,-0.001065264456,phone,user2,sit
74.32240857,9.516951561,-1.173158884,-1.999158382,0.0,-0.000532632228,-0.00266316114,phone,user2,sit
74.34243579,9.504981041,-1.170764685,-2.003946781,-0.001065264456,0.000532632228,-0.00266316114,phone,user2,sit
74.36245958,9.512163162,-1.168370485,-2.018311977,-0.000532632228,0.002130528912,-0.003728425596,phone,user2,sit
74.38248146,9.524134636,-1.15400517,-2.001552582,-0.001597896684,0.002130528912,-0.004261057824,phone,user2,sit
74.40251181,9.516951561,-1.165976286,-1.999158382,-0.001065264456,-0.001065264456,-0.003728425596,phone,user2,sit
74.42254122,9.531316757,-1.15161097,-2.011129379,-0.000532632228,-0.001597896684,-0.00266316114,phone,user2,sit
74.44256864,9.526528358,-1.158793569,-2.003946781,-0.000532632228,-0.001065264456,-0.001597896684,phone,user2,sit
74.46258857,9.512163162,-1.15161097,-2.003946781,-0.000532632228,-0.001065264456,-0.001065264456,phone,user2,sit
74.48260247,9.516951561,-1.144428372,-2.023100376,0.0,-0.000532632228,0.0,phone,user2,sit
74.50262825,9.512163162,-1.156399369,-2.015917778,0.001597896684,0.002130528912,-0.000532632228,phone,user2,sit
74.52265009,9.516951561,-1.168370485,-2.00873518,0.001597896684,0.001597896684,-0.000532632228,phone,user2,sit
74.54267501,9.526528358,-1.170764685,-2.003946781,0.000532632228,0.001597896684,-0.002130528912,phone,user2,sit
74.56269321,9.528923035,-1.156399369,-2.001552582,0.000532632228,0.0,-0.001597896684,phone,user2,sit
74.58271497,9.504981041,-1.158793569,-2.001552582,0.0,0.000532632228,-0.00266316114,phone,user2,sit
74.602737,9.519346237,-1.161187768,-1.999158382,-0.000532632228,0.001065264456,-0.003195793368,phone,user2,sit
74.62275298,9.514557838,-1.15400517,-2.003946781,0.0,0.0,-0.002130528912,phone,user2,sit
74.6427654,9.531316757,-1.161187768,-2.003946781,0.0,0.001597896684,-0.003195793368,phone,user2,sit
74.66278388,9.533711433,-1.163581967,-1.999158382,-0.000532632228,0.0,-0.00266316114,phone,user2,sit
74.68280458,9.524134636,-1.163581967,-2.00873518,-0.001065264456,-0.001597896684,-0.001065264456,phone,user2,sit
74.70283142,9.514557838,-1.156399369,-2.006340981,0.0,-0.003195793368,-0.000532632228,phone,user2,sit
74.72285185,9.512163162,-1.161187768,-2.006340981,-0.001597896684,-0.00266316114,0.000532632228,phone,user2,sit
74.74288263,9.512163162,-1.158793569,-2.006340981,-0.002130528912,-0.006924218964,0.0,phone,user2,sit
74.76291056,9.52173996,-1.161187768,-2.015917778,-0.001597896684,-0.00532632228,0.0,phone,user2,sit
74.78293361,9.52173996,-1.161187768,-2.015917778,0.000532632228,-0.003195793368,-0.002130528912,phone,user2,sit
74.80296224,9.52173996,-1.146822572,-2.011129379,-0.001065264456,-0.001597896684,-0.000532632228,phone,user2,sit
74.82298669,9.52173996,-1.170764685,-2.006340981,-0.000532632228,-0.002130528912,-0.001065264456,phone,user2,sit
74.84301122,9.536105156,-1.156399369,-2.011129379,-0.000532632228,-0.001065264456,-0.002130528912,phone,user2,sit
74.86303782,9.524134636,-1.142034173,-2.006340981,-0.000532632228,0.000532632228,-0.000532632228,phone,user2,sit
74.88305841,9.516951561,-1.142034173,-2.006340981,0.0,0.0,0.001065264456,phone,user2,sit
74.90307997,9.514557838,-1.168370485,-2.011129379,0.0,-0.001065264456,0.001597896684,phone,user2,sit
74.92310564,9.526528358,-1.161187768,-2.00873518,-0.000532632228,-0.000532632228,0.001597896684,phone,user2,sit
74.9431297,9.52173996,-1.173158884,-2.003946781,0.000532632228,0.001065264456,0.000532632228,phone,user2,sit
74.96314263,9.514557838,-1.163581967,-2.00873518,0.0,0.000532632228,-0.000532632228,phone,user2,sit
74.9831561,9.514557838,-1.165976286,-2.00873518,0.000532632228,0.0,-0.003195793368,phone,user2,sit
75.00317407,9.528923035,-1.156399369,-2.006340981,0.000532632228,0.002130528912,-0.003728425596,phone,user2,sit
75.02318845,9.524134636,-1.158793569,-1.999158382,-0.001065264456,-0.002130528912,-0.001597896684,phone,user2,sit
75.0432045,9.526528358,-1.156399369,-2.006340981,-0.001065264456,-0.001597896684,-0.001597896684,phone,user2,sit
75.06321657,9.526528358,-1.168370485,-2.003946781,0.0,-0.002130528912,-0.002130528912,phone,user2,sit
75.08323767,9.519346237,-1.15400517,-2.003946781,-0.000532632228,0.0,-0.000532632228,phone,user2,sit
75.1032588,9.533711433,-1.146822572,-2.003946781,0.000532632228,-0.000532632228,-0.001065264456,phone,user2,sit
75.12328009,9.526528358,-1.170764685,-2.006340981,0.000532632228,0.001597896684,-0.001597896684,phone,user2,sit
75.14329943,9.524134636,-1.161187768,-2.006340981,0.0,0.001597896684,-0.001597896684,phone,user2,sit
75.1633254,9.502586365,-1.156399369,-2.001552582,-0.000532632228,0.00266316114,-0.001065264456,phone,user2,sit
75.18334536,9.524134636,-1.170764685,-2.006340981,-0.001597896684,-0.001065264456,-0.001065264456,phone,user2,sit
75.20337236,9.512163162,-1.165976286,-2.003946781,-0.000532632228,0.003195793368,-0.002130528912,phone,user2,sit
75.22340185,9.514557838,-1.158793569,-2.003946781,0.000532632228,0.004793690052,-0.00266316114,phone,user2,sit
75.24341841,9.519346237,-1.168370485,-2.006340981,0.000532632228,0.00532632228,-0.003195793368,phone,user2,sit
75.26342989,9.516951561,-1.158793569,-2.00873518,0.000532632228,0.005858954508,-0.004793690052,phone,user2,sit
75.28344466,9.507374763,-1.15161097,-1.996764183,0.000532632228,0.004261057824,-0.003728425596,phone,user2,sit
75.30346525,9.526528358,-1.144428372,-1.994369984,-0.000532632228,0.001597896684,-0.00266316114,phone,user2,sit
75.32349532,9.524134636,-1.144428372,-1.989581585,-0.000532632228,0.001065264456,-0.001597896684,phone,user2,sit
75.34351052,9.526528358,-1.15400517,-1.996764183,0.0,-0.001597896684,0.0,phone,user2,sit
75.3635286,9.516951561,-1.158793569,-2.001552582,0.0,0.0,0.000532632228,phone,user2,sit
75.38356025,9.519346237,-1.15400517,-2.00873518,0.0,0.0,0.001597896684,phone,user2,sit
75.40359685,9.531316757,-1.163581967,-2.003946781,0.000532632228,0.000532632228,0.000532632228,phone,user2,sit
75.42361778,9.531316757,-1.149216771,-2.001552582,0.0,0.000532632228,0.002130528912,phone,user2,sit
75.44363743,9.526528358,-1.158793569,-2.013523579,0.0,-0.001597896684,0.000532632228,phone,user2,sit
75.46366579,9.526528358,-1.170764685,-2.011129379,-0.000532632228,-0.00266316114,0.000532632228,phone,user2,sit
75.48369267,9.524134636,-1.15400517,-1.996764183,-0.001597896684,-0.003195793368,-0.000532632228,phone,user2,sit
75.50371724,9.524134636,-1.168370485,-2.00873518,0.0,-0.003195793368,-0.000532632228,phone,user2,sit
75.52374568,9.531316757,-1.15161097,-2.011129379,-0.000532632228,-0.003195793368,0.0,phone,user2,sit
75.54377763,9.519346237,-1.15400517,-2.003946781,-0.001065264456,-0.002130528912,0.0,phone,user2,sit
75.56381396,9.52173996,-1.15161097,-2.011129379,0.0,-0.002130528912,0.001065264456,phone,user2,sit
75.58384673,9.512163162,-1.15400517,-2.011129379,-0.000532632228,-0.001065264456,0.000532632228,phone,user2,sit
75.60386212,9.524134636,-1.149216771,-2.023100376,0.000532632228,-0.000532632228,0.001065264456,phone,user2,sit
75.62388243,9.512163162,-1.161187768,-2.013523579,0.001597896684,0.002130528912,0.000532632228,phone,user2,sit
75.64389919,9.526528358,-1.163581967,-2.00873518,0.000532632228,0.002130528912,0.000532632228,phone,user2,sit
75.66391646,9.538499832,-1.156399369,-2.00873518,-0.000532632228,0.001065264456,0.000532632228,phone,user2,sit
75.68393302,9.52173996,-1.158793569,-2.001552582,-0.000532632228,0.000532632228,-0.001065264456,phone,user2,sit
75.70394286,9.52173996,-1.161187768,-2.00873518,-0.001065264456,0.002130528912,-0.002130528912,phone,user2,sit
75.72395575,9.52173996,-1.161187768,-2.003946781,0.000532632228,0.00532632228,-0.001597896684,phone,user2,sit
75.74397298,9.524134636,-1.15161097,-1.989581585,0.000532632228,0.006924218964,-0.000532632228,phone,user2,sit
75.7640011,9.50976944,-1.146822572,-2.003946781,0.000532632228,0.004261057824,0.000532632228,phone,user2,sit
75.78402982,9.52173996,-1.15161097,-2.001552582,-0.000532632228,0.001065264456,0.000532632228,phone,user2,sit
75.80405798,9.538499832,-1.156399369,-2.003946781,0.0,0.0,0.001065264456,phone,user2,sit
75.8240847,9.514557838,-1.144428372,-1.991975784,-0.000532632228,-0.003195793368,0.003195793368,phone,user2,sit
75.84411271,9.50976944,-1.156399369,-2.011129379,0.001065264456,-0.005858954508,0.003195793368,phone,user2,sit
75.86412782,9.512163162,-1.161187768,-2.00873518,-0.000532632228,-0.004261057824,0.00266316114,phone,user2,sit
75.88414509,9.519346237,-1.15400517,-2.006340981,-0.000532632228,-0.005858954508,0.001597896684,phone,user2,sit
75.90415489,9.519346237,-1.168370485,-2.003946781,0.0,-0.004261057824,0.0,phone,user2,sit
75.92416907,9.516951561,-1.158793569,-2.006340981,0.000532632228,-0.002130528912,0.000532632228,phone,user2,sit
75.94417454,9.528923035,-1.168370485,-2.011129379,0.001065264456,-0.001065264456,-0.001597896684,phone,user2,sit
75.9641863,9.528923035,-1.161187768,-2.00873518,-0.000532632228,-0.000532632228,-0.002130528912,phone,user2,sit
75.98420415,9.524134636,-1.149216771,-2.003946781,-0.001597896684,0.0,-0.001065264456,phone,user2,sit
76.00422114,9.507374763,-1.156399369,-2.003946781,-0.000532632228,-0.000532632228,0.001065264456,phone,user2,sit
76.02424068,9.524134636,-1.149216771,-2.003946781,-0.000532632228,0.0,0.002130528912,phone,user2,sit
76.04426782,9.516951561,-1.161187768,-2.00873518,-0.001065264456,0.001597896684,0.001065264456,phone,user2,sit
76.06430161,9.526528358,-1.144428372,-2.015917778,-0.001065264456,0.000532632228,0.000532632228,phone,user2,sit
76.08431505,9.538499832,-1.15400517,-2.006340981,0.0,0.001597896684,0.000532632228,phone,user2,sit
76.10432716,9.512163162,-1.161187768,-2.00873518,0.0,0.0,0.001065264456,phone,user2,sit
76.12434025,9.519346237,-1.15161097,-2.006340981,-0.001597896684,-0.004793690052,0.00266316114,phone,user2,sit
76.14435513,9.516951561,-1.149216771,-2.006340981,-0.000532632228,-0.004793690052,0.0,phone,user2,sit
76.16437482,9.512163162,-1.15400517,-2.006340981,-0.002130528912,-0.005858954508,0.0,phone,user2,sit
76.18439044,9.528923035,-1.15400517,-2.003946781,-0.001065264456,-0.004793690052,0.001065264456,phone,user2,sit
76.20439962,9.516951561,-1.163581967,-2.003946781,-0.002130528912,-0.004261057824,0.000532632228,phone,user2,sit
76.22441646,9.526528358,-1.146822572,-2.025494576,-0.000532632228,-0.003728425596,0.002130528912,phone,user2,sit
76.24443493,9.516951561,-1.15400517,-2.023100376,0.000532632228,-0.001065264456,0.001597896684,phone,user2,sit
76.2644497,9.536105156,-1.158793569,-2.018311977,0.000532632228,-0.000532632228,0.001597896684,phone,user2,sit
76.28445396,9.526528358,-1.156399369,-2.003946781,0.000532632228,0.00266316114,0.000532632228,phone,user2,sit
76.30445528,9.516951561,-1.156399369,-2.003946781,0.000532632228,0.003728425596,0.0,phone,user2,sit
76.32445607,9.504981041,-1.156399369,-2.00873518,0.001597896684,0.006391586736,-0.000532632228,phone,user2,sit
76.34445904,9.519346237,-1.158793569,-2.001552582,0.0,0.00532632228,0.001065264456,phone,user2,sit
76.364467,9.52173996,-1.163581967,-2.003946781,-0.000532632228,0.005858954508,0.002130528912,phone,user2,sit
76.38448114,9.519346237,-1.156399369,-2.006340981,0.0,0.003195793368,0.001597896684,phone,user2,sit
76.40449466,9.524134636,-1.161187768,-2.003946781,-0.001065264456,0.003728425596,0.001065264456,phone,user2,sit
76.42450747,9.519346237,-1.161187768,-1.999158382,0.0,0.004261057824,0.001597896684,phone,user2,sit
76.44452743,9.526528358,-1.168370485,-2.00873518,0.000532632228,0.003195793368,-0.000532632228,phone,user2,sit
76.46454173,9.516951561,-1.168370485,-2.00873518,0.0,0.001065264456,-0.000532632228,phone,user2,sit
76.48456986,9.526528358,-1.165976286,-1.996764183,0.0,0.000532632228,0.000532632228,phone,user2,sit
76.50458579,9.52173996,-1.156399369,-1.989581585,0.000532632228,-0.00266316114,0.0,phone,user2,sit
76.52459708,9.528923035,-1.161187768,-2.00873518,-0.001597896684,-0.002130528912,0.0,phone,user2,sit
76.54461857,9.519346237,-1.149216771,-2.006340981,-0.001597896684,-0.001597896684,0.000532632228,phone,user2,sit
76.56463321,9.519346237,-1.161187768,-2.006340981,-0.001065264456,-0.001597896684,0.001065264456,phone,user2,sit
76.58464415,9.519346237,-1.163581967,-2.003946781,-0.001597896684,-0.001597896684,0.001065264456,phone,user2,sit
76.60465837,9.52173996,-1.161187768,-2.00873518,0.001065264456,-0.000532632228,0.000532632228,phone,user2,sit
76.62467478,9.531316757,-1.170764685,-2.011129379,0.000532632228,0.0,0.001065264456,phone,user2,sit
76.64469341,9.514557838,-1.156399369,-2.006340981,0.001065264456,0.001597896684,0.002130528912,phone,user2,sit
76.66471114,9.519346237,-1.156399369,-2.00873518,0.000532632228,0.0,0.000532632228,phone,user2,sit
76.68472868,9.526528358,-1.182735682,-2.011129379,0.000532632228,0.000532632228,0.000532632228,phone,user2,sit
76.70474755,9.502586365,-1.168370485,-2.006340981,0.0,0.000532632228,-0.001065264456,phone,user2,sit
76.72476669,9.504981041,-1.163581967,-2.001552582,0.000532632228,0.001065264456,-0.001065264456,phone,user2,sit
76.74477689,9.526528358,-1.15400517,-2.006340981,0.001065264456,0.003728425596,-0.001065264456,phone,user2,sit
76.76478935,9.531316757,-1.163581967,-2.003946781,0.000532632228,0.002130528912,0.000532632228,phone,user2,sit
76.7848029,9.514557838,-1.161187768,-1.982398987,-0.000532632228,-0.002130528912,0.002130528912,phone,user2,sit
76.80481665,9.531316757,-1.161187768,-2.003946781,-0.001597896684,-0.00266316114,0.002130528912,phone,user2,sit
76.82483122,9.531316757,-1.163581967,-2.00873518,-0.000532632228,0.001065264456,0.002130528912,phone,user2,sit
76.84484482,9.502586365,-1.144428372,-2.003946781,-0.001597896684,-0.003728425596,0.003195793368,phone,user2,sit
76.86484571,9.526528358,-1.170764685,-2.013523579,0.001065264456,-0.004793690052,0.003728425596,phone,user2,sit
76.88485923,9.516951561,-1.175553083,-2.006340981,0.000532632228,-0.001065264456,0.001065264456,phone,user2,sit
76.90487458,9.50976944,-1.173158884,-2.001552582,0.000532632228,0.000532632228,0.0,phone,user2,sit
76.92489154,9.516951561,-1.156399369,-2.015917778,0.0,-0.001597896684,-0.001597896684,phone,user2,sit
76.9449065,9.528923035,-1.168370485,-2.006340981,0.0,-0.000532632228,-0.003728425596,phone,user2,sit
76.96493177,9.524134636,-1.163581967,-1.994369984,0.000532632228,-0.001065264456,-0.001597896684,phone,user2,sit
76.98496118,9.514557838,-1.177947283,-2.011129379,-0.000532632228,-0.001065264456,-0.000532632228,phone,user2,sit
77.00499435,9.526528358,-1.15400517,-2.001552582,-0.000532632228,0.0,-0.001065264456,phone,user2,sit
77.02502345,9.524134636,-1.168370485,-2.006340981,0.000532632228,0.001597896684,0.001065264456,phone,user2,sit
77.04504595,9.516951561,-1.15400517,-1.996764183,0.001065264456,0.004261057824,0.0,phone,user2,sit
77.06506677,9.512163162,-1.161187768,-2.013523579,0.000532632228,0.001597896684,0.0,phone,user2,sit
77.08509255,9.526528358,-1.163581967,-2.001552582,0.001065264456,0.003195793368,-0.000532632228,phone,user2,sit
77.10511896,9.533711433,-1.168370485,-1.996764183,0.000532632228,0.003728425596,-0.003195793368,phone,user2,sit
77.12514001,9.526528358,-1.161187768,-1.999158382,-0.000532632228,0.000532632228,-0.003195793368,phone,user2,sit
77.14515052,9.52173996,-1.173158884,-2.003946781,0.0,-0.001597896684,-0.002130528912,phone,user2,sit
77.16515716,9.52173996,-1.168370485,-2.003946781,-0.000532632228,0.0,-0.00266316114,phone,user2,sit
77.18515962,9.52173996,-1.15161097,-2.003946781,-0.001065264456,-0.00266316114,-0.003195793368,phone,user2,sit
77.20517349,9.514557838,-1.161187768,-1.996764183,-0.001597896684,-0.005858954508,-0.001065264456,phone,user2,sit
77.22519134,9.526528358,-1.161187768,-2.003946781,-0.001597896684,-0.006391586736,-0.001065264456,phone,user2,sit
77.24521657,9.524134636,-1.158793569,-2.003946781,-0.001065264456,-0.007456851192,0.0,phone,user2,sit
77.26524337,9.50976944,-1.163581967,-2.003946781,-0.000532632228,-0.009054748341,0.000532632228,phone,user2,sit
77.2852647,9.50976944,-1.165976286,-2.013523579,-0.000532632228,-0.005858954508,-0.000532632228,phone,user2,sit
77.3052954,9.516951561,-1.165976286,-2.00873518,0.001065264456,-0.00266316114,0.000532632228,phone,user2,sit
77.3253188,9.516951561,-1.161187768,-2.006340981,0.0,0.0,-0.001065264456,phone,user2,sit
77.34533724,9.524134636,-1.163581967,-2.00873518,0.001065264456,0.000532632228,0.0,phone,user2,sit
77.3653495,9.519346237,-1.163581967,-2.00873518,-0.000532632228,0.004793690052,-0.001597896684,phone,user2,sit
77.38535876,9.526528358,-1.175553083,-2.006340981,0.001065264456,0.003728425596,-0.002130528912,phone,user2,sit
77.40536103,9.519346237,-1.165976286,-2.00873518,0.000532632228,0.004261057824,-0.00266316114,phone,user2,sit
77.42536759,9.526528358,-1.158793569,-2.003946781,0.000532632228,0.004793690052,-0.00266316114,phone,user2,sit
77.44538415,9.519346237,-1.15400517,-1.994369984,0.000532632228,0.00266316114,-0.003728425596,phone,user2,sit
77.46541154,9.519346237,-1.163581967,-2.00873518,0.0,0.001065264456,-0.003195793368,phone,user2,sit
77.48542919,9.524134636,-1.163581967,-2.003946781,0.0,-0.000532632228,-0.003195793368,phone,user2,sit
77.50543806,9.519346237,-1.15400517,-2.00873518,-0.000532632228,-0.001065264456,-0.002130528912,phone,user2,sit
77.52545654,9.50976944,-1.161187768,-2.011129379,-0.001065264456,-0.003195793368,-0.001597896684,phone,user2,sit
77.54546993,9.52173996,-1.163581967,-2.00873518,-0.000532632228,-0.002130528912,-0.002130528912,phone,user2,sit
77.56548364,9.52173996,-1.161187768,-2.003946781,0.0,-0.002130528912,-0.001065264456,phone,user2,sit
77.58549739,9.502586365,-1.170764685,-2.018311977,-0.000532632228,0.0,-0.001597896684,phone,user2,sit
77.60552611,9.512163162,-1.163581967,-2.023100376,0.002130528912,0.006924218964,-0.003195793368,phone,user2,sit
77.62554318,9.519346237,-1.15400517,-2.00873518,0.000532632228,0.007456851192,-0.003195793368,phone,user2,sit
77.64556142,9.524134636,-1.161187768,-1.999158382,0.0,0.006924218964,-0.003195793368,phone,user2,sit
77.66558036,9.526528358,-1.156399369,-1.999158382,-0.000532632228,0.006391586736,-0.002130528912,phone,user2,sit
77.68559739,9.526528358,-1.158793569,-2.001552582,-0.001065264456,0.002130528912,-0.001065264456,phone,user2,sit
77.70561443,9.524134636,-1.142034173,-2.011129379,-0.001065264456,0.00266316114,0.0,phone,user2,sit
77.72563435,9.514557838,-1.15400517,-1.989581585,-0.000532632228,0.001597896684,0.002130528912,phone,user2,sit
77.74564755,9.516951561,-1.161187768,-1.982398987,0.001065264456,-0.000532632228,0.00266316114,phone,user2,sit
77.76565837,9.52173996,-1.165976286,-1.991975784,0.000532632228,-0.001065264456,0.001597896684,phone,user2,sit
77.78566743,9.528923035,-1.168370485,-2.001552582,-0.000532632228,-0.00532632228,0.001065264456,phone,user2,sit
77.80568236,9.512163162,-1.177947283,-2.003946781,0.001065264456,-0.004793690052,-0.000532632228,phone,user2,sit
77.82570892,9.526528358,-1.161187768,-2.006340981,0.000532632228,-0.006924218964,-0.000532632228,phone,user2,sit
77.84572442,9.531316757,-1.168370485,-2.003946781,-0.001065264456,-0.007456851192,-0.000532632228,phone,user2,sit
77.86573372,9.52173996,-1.165976286,-2.006340981,0.0,-0.009054748341,-0.001065264456,phone,user2,sit
77.88574591,9.526528358,-1.15161097,-2.00873518,-0.001065264456,-0.007456851192,-0.000532632228,phone,user2,sit
77.90576099,9.512163162,-1.163581967,-2.00873518,0.0,-0.003728425596,0.000532632228,phone,user2,sit
77.92578056,9.519346237,-1.15161097,-2.015917778,0.0,0.0,0.001065264456,phone,user2,sit
77.94579255,9.519346237,-1.158793569,-2.015917778,0.0,-0.001597896684,0.000532632228,phone,user2,sit
77.96579692,9.52173996,-1.15400517,-2.025494576,0.001597896684,0.002130528912,-0.000532632228,phone,user2,sit
77.98580513,9.514557838,-1.15400517,-2.00873518,0.000532632228,0.003195793368,-0.001065264456,phone,user2,sit
78.00581786,9.50976944,-1.165976286,-1.999158382,0.000532632228,0.003728425596,-0.001065264456,phone,user2,sit
78.02582146,9.514557838,-1.163581967,-2.001552582,0.0,0.003195793368,-0.002130528912,phone,user2,sit
78.04582923,9.524134636,-1.15161097,-1.994369984,0.000532632228,0.003728425596,-0.002130528912,phone,user2,sit
78.06583607,9.533711433,-1.163581967,-2.001552582,0.000532632228,0.004261057824,-0.003195793368,phone,user2,sit
78.0858415,9.519346237,-1.156399369,-2.00873518,-0.001065264456,0.000532632228,-0.003728425596,phone,user2,sit
78.10585325,9.526528358,-1.146822572,-1.996764183,-0.001597896684,0.0,-0.00266316114,phone,user2,sit
78.12586607,9.52173996,-1.139639974,-2.003946781,-0.001065264456,-0.001065264456,-0.001065264456,phone,user2,sit
78.14587517,9.524134636,-1.146822572,-1.994369984,-0.001065264456,-0.001597896684,-0.000532632228,phone,user2,sit
78.16589001,9.524134636,-1.161187768,-2.003946781,-0.000532632228,-0.003195793368,0.001065264456,phone,user2,sit
78.18590368,9.516951561,-1.156399369,-1.984793186,0.001065264456,-0.007989482954,0.001065264456,phone,user2,sit
78.20592071,9.531316757,-1.15400517,-2.023100376,-0.00266316114,-0.01065264456,0.00266316114,phone,user2,sit
78.22594009,9.514557838,-1.170764685,-2.030282974,-0.002130528912,0.0,0.004261057824,phone,user2,sit
78.2459613,9.512163162,-1.161187768,-1.999158382,0.00532632228,0.006924218964,-0.001065264456,phone,user2,sit
78.26597579,9.531316757,-1.163581967,-1.999158382,0.001065264456,0.005858954508,-0.002130528912,phone,user2,sit
78.28599724,9.533711433,-1.149216771,-1.987187386,-0.001597896684,0.0,0.0,phone,user2,sit
78.30601739,9.531316757,-1.161187768,-2.003946781,-0.000532632228,-0.005858954508,-0.000532632228,phone,user2,sit
78.32603349,9.516951561,-1.15400517,-2.011129379,-0.000532632228,-0.004261057824,-0.001065264456,phone,user2,sit
78.34604802,9.50976944,-1.158793569,-2.013523579,-0.001065264456,0.000532632228,-0.001065264456,phone,user2,sit
78.36605489,9.526528358,-1.15400517,-2.00873518,-0.000532632228,0.0,-0.001065264456,phone,user2,sit
78.38607661,9.512163162,-1.15161097,-2.001552582,0.000532632228,-0.000532632228,-0.000532632228,phone,user2,sit
78.40609579,9.524134636,-1.161187768,-2.003946781,0.0,-0.001597896684,0.000532632228,phone,user2,sit
78.42610782,9.524134636,-1.156399369,-2.00873518,-0.001597896684,-0.003195793368,0.000532632228,phone,user2,sit
78.4461263,9.512163162,-1.161187768,-2.015917778,-0.000532632228,-0.001065264456,0.0,phone,user2,sit
78.46615161,9.519346237,-1.161187768,-2.003946781,0.000532632228,0.002130528912,-0.001065264456,phone,user2,sit
78.48617376,9.524134636,-1.161187768,-2.018311977,-0.000532632228,0.0,0.0,phone,user2,sit
78.50618442,9.526528358,-1.156399369,-2.015917778,-0.001065264456,0.001065264456,0.000532632228,phone,user2,sit
78.52619435,9.52173996,-1.161187768,-1.996764183,0.0,0.0,-0.000532632228,phone,user2,sit
78.54619755,9.507374763,-1.149216771,-2.006340981,-0.000532632228,0.002130528912,-0.001597896684,phone,user2,sit
78.56620864,9.512163162,-1.170764685,-2.003946781,0.000532632228,0.00532632228,-0.00266316114,phone,user2,sit
78.58622454,9.526528358,-1.149216771,-2.003946781,0.000532632228,0.004793690052,-0.000532632228,phone,user2,sit
78.60623474,9.533711433,-1.161187768,-1.996764183,0.000532632228,0.00266316114,0.000532632228,phone,user2,sit
78.62624325,9.52173996,-1.165976286,-1.991975784,0.0,-0.001597896684,0.000532632228,phone,user2,sit
78.64625759,9.531316757,-1.15400517,-2.003946781,-0.001065264456,-0.003728425596,0.001065264456,phone,user2,sit
78.66626595,9.516951561,-1.158793569,-1.989581585,0.000532632228,0.000532632228,0.00266316114,phone,user2,sit
78.68627638,9.516951561,-1.144428372,-2.006340981,0.0,-0.008522115648,0.003195793368,phone,user2,sit
78.7062804,9.528923035,-1.177947283,-2.00873518,0.001065264456,-0.00266316114,0.002130528912,phone,user2,sit
78.7262845,9.512163162,-1.170764685,-2.001552582,-0.001597896684,-0.007456851192,0.002130528912,phone,user2,sit
78.74628415,9.52173996,-1.173158884,-2.023100376,0.0,-0.00532632228,0.000532632228,phone,user2,sit
78.76628876,9.524134636,-1.165976286,-2.006340981,-0.000532632228,-0.001597896684,-0.000532632228,phone,user2,sit
78.78629603,9.524134636,-1.161187768,-2.003946781,0.000532632228,0.000532632228,-0.001065264456,phone,user2,sit
78.80630341,9.531316757,-1.168370485,-1.996764183,0.0,0.004793690052,-0.00266316114,phone,user2,sit
78.82631138,9.526528358,-1.158793569,-2.001552582,0.000532632228,0.004261057824,-0.00266316114,phone,user2,sit
78.84631907,9.528923035,-1.15400517,-2.00873518,0.0,0.00532632228,-0.00266316114,phone,user2,sit
78.86632942,9.514557838,-1.15161097,-2.001552582,0.0,0.00532632228,0.0,phone,user2,sit
78.88633466,9.514557838,-1.15400517,-2.003946781,-0.000532632228,0.007989482954,0.000532632228,phone,user2,sit
78.90634681,9.519346237,-1.15161097,-2.00873518,-0.000532632228,0.005858954508,0.000532632228,phone,user2,sit
78.92635696,9.519346237,-1.149216771,-1.996764183,0.0,0.00532632228,0.000532632228,phone,user2,sit
78.94636548,9.526528358,-1.15400517,-2.001552582,0.000532632228,0.003728425596,0.0,phone,user2,sit
78.9663747,9.524134636,-1.163581967,-1.999158382,0.0,-0.001597896684,0.000532632228,phone,user2,sit
78.98638728,9.524134636,-1.168370485,-1.994369984,-0.001597896684,-0.00266316114,0.001597896684,phone,user2,sit
79.00639689,9.516951561,-1.161187768,-1.994369984,-0.000532632228,-0.003195793368,-0.000532632228,phone,user2,sit
79.02640181,9.526528358,-1.15161097,-2.001552582,-0.000532632228,-0.004261057824,0.0,phone,user2,sit
79.04640466,9.526528358,-1.149216771,-2.003946781,-0.001597896684,-0.004793690052,0.0,phone,user2,sit
79.06640341,9.526528358,-1.15161097,-2.003946781,-0.001065264456,-0.006391586736,0.001597896684,phone,user2,sit
79.08641318,9.519346237,-1.156399369,-2.00873518,-0.000532632228,-0.005858954508,0.001597896684,phone,user2,sit
79.10643017,9.524134636,-1.15161097,-2.00873518,0.000532632228,-0.00266316114,0.003195793368,phone,user2,sit
79.12644196,9.519346237,-1.15400517,-2.015917778,-0.000532632228,-0.003728425596,0.00266316114,phone,user2,sit
79.14645224,9.516951561,-1.15161097,-2.00873518,0.000532632228,-0.003195793368,0.002130528912,phone,user2,sit
79.16646333,9.519346237,-1.15400517,-2.011129379,0.000532632228,0.0,0.001597896684,phone,user2,sit
79.18647532,9.516951561,-1.173158884,-2.001552582,0.000532632228,0.001065264456,0.002130528912,phone,user2,sit
79.20648216,9.524134636,-1.161187768,-2.00873518,0.001065264456,0.004261057824,0.001065264456,phone,user2,sit
79.22648482,9.50976944,-1.163581967,-2.00873518,0.001065264456,0.004261057824,0.000532632228,phone,user2,sit
79.24649341,9.524134636,-1.158793569,-2.00873518,0.0,0.004261057824,-0.001065264456,phone,user2,sit
79.26650337,9.514557838,-1.161187768,-2.00873518,-0.000532632228,0.003728425596,-0.001597896684,phone,user2,sit
79.2865154,9.524134636,-1.161187768,-1.987187386,0.0,0.003195793368,-0.001065264456,phone,user2,sit
79.30653736,9.519346237,-1.161187768,-1.994369984,0.0,0.004261057824,-0.000532632228,phone,user2,sit
79.3265654,9.526528358,-1.163581967,-2.00873518,-0.000532632228,0.003195793368,0.0,phone,user2,sit
79.3465786,9.52173996,-1.161187768,-2.00873518,-0.000532632228,0.00266316114,0.0,phone,user2,sit
79.36658974,9.52173996,-1.156399369,-1.999158382,-0.000532632228,0.001597896684,0.001597896684,phone,user2,sit
79.38660736,9.528923035,-1.161187768,-2.006340981,0.0,0.0,0.002130528912,phone,user2,sit
79.40662118,9.50976944,-1.163581967,-2.006340981,-0.000532632228,0.000532632228,0.001597896684,phone,user2,sit
79.42664103,9.516951561,-1.158793569,-2.001552582,-0.000532632228,0.0,0.001065264456,phone,user2,sit
79.44665423,9.519346237,-1.15161097,-2.001552582,-0.000532632228,-0.000532632228,-0.000532632228,phone,user2,sit
79.46666814,9.526528358,-1.158793569,-2.006340981,-0.000532632228,-0.000532632228,0.0,phone,user2,sit
79.48667927,9.524134636,-1.170764685,-2.003946781,-0.001065264456,-0.000532632228,0.0,phone,user2,sit
79.50670036,9.52173996,-1.163581967,-2.011129379,-0.000532632228,-0.001597896684,0.000532632228,phone,user2,sit
79.52672146,9.519346237,-1.15161097,-2.006340981,-0.000532632228,-0.000532632228,0.002130528912,phone,user2,sit
79.54674146,9.528923035,-1.168370485,-2.006340981,0.000532632228,0.002130528912,0.002130528912,phone,user2,sit
79.56675962,9.512163162,-1.158793569,-1.994369984,-0.001065264456,-0.001065264456,0.00266316114,phone,user2,sit
79.58677263,9.528923035,-1.156399369,-2.001552582,0.001065264456,0.000532632228,0.001597896684,phone,user2,sit
79.60678896,9.524134636,-1.158793569,-2.006340981,0.001065264456,0.002130528912,0.0,phone,user2,sit
79.62680583,9.531316757,-1.165976286,-2.006340981,0.002130528912,0.00266316114,0.001597896684,phone,user2,sit
79.64681825,9.528923035,-1.170764685,-1.994369984,0.000532632228,0.000532632228,0.002130528912,phone,user2,sit
79.66682091,9.52173996,-1.168370485,-1.996764183,-0.001597896684,-0.002130528912,0.001597896684,phone,user2,sit
79.68682095,9.524134636,-1.163581967,-1.999158382,-0.000532632228,-0.002130528912,0.001065264456,phone,user2,sit
79.70683189,9.531316757,-1.15400517,-2.003946781,0.0,-0.000532632228,0.00266316114,phone,user2,sit
79.72685716,9.512163162,-1.163581967,-1.994369984,-0.002130528912,-0.003728425596,0.003195793368,phone,user2,sit
79.74688064,9.514557838,-1.168370485,-2.006340981,-0.001065264456,-0.003728425596,0.0,phone,user2,sit
79.76690286,9.50976944,-1.170764685,-1.996764183,0.000532632228,0.0,-0.001065264456,phone,user2,sit
79.78692692,9.512163162,-1.161187768,-2.00873518,-0.000532632228,0.001597896684,-0.002130528912,phone,user2,sit
79.80695415,9.516951561,-1.163581967,-2.011129379,0.000532632228,0.001065264456,-0.003728425596,phone,user2,sit
79.82697521,9.528923035,-1.156399369,-2.001552582,0.0,0.001597896684,-0.003195793368,phone,user2,sit
79.84698618,9.526528358,-1.163581967,-2.003946781,0.0,-0.000532632228,-0.002130528912,phone,user2,sit
79.86700126,9.533711433,-1.149216771,-1.996764183,-0.000532632228,0.001065264456,-0.002130528912,phone,user2,sit
79.88701357,9.519346237,-1.175553083,-2.006340981,0.001065264456,0.001065264456,-0.002130528912,phone,user2,sit
79.90702232,9.519346237,-1.161187768,-1.996764183,0.002130528912,0.003195793368,-0.001597896684,phone,user2,sit
79.92702716,9.52173996,-1.170764685,-1.991975784,-0.000532632228,0.003728425596,-0.002130528912,phone,user2,sit
79.94704571,9.512163162,-1.163581967,-1.991975784,-0.000532632228,0.002130528912,-0.002130528912,phone,user2,sit
79.96706614,9.526528358,-1.163581967,-2.006340981,0.0,0.00266316114,-0.003195793368,phone,user2,sit
79.98707657,9.519346237,-1.15400517,-2.011129379,0.0,0.005858954508,-0.003195793368,phone,user2,sit
80.00708482,9.526528358,-1.158793569,-1.991975784,-0.000532632228,-0.000532632228,-0.003195793368,phone,user2,sit
80.02709232,9.524134636,-1.170764685,-2.001552582,-0.001065264456,-0.001597896684,-0.004261057824,phone,user2,sit
80.04710728,9.516951561,-1.156399369,-2.011129379,0.0,-0.000532632228,-0.003728425596,phone,user2,sit
80.06710751,9.524134636,-1.158793569,-2.00873518,0.001065264456,0.001597896684,-0.003728425596,phone,user2,sit
80.0871122,9.52173996,-1.158793569,-1.994369984,0.002130528912,0.003728425596,-0.003728425596,phone,user2,sit
80.10712329,9.533711433,-1.156399369,-1.999158382,0.002130528912,0.002130528912,-0.00266316114,phone,user2,sit
80.12713177,9.524134636,-1.158793569,-1.994369984,0.000532632228,0.002130528912,-0.002130528912,phone,user2,sit
80.14713876,9.524134636,-1.161187768,-1.996764183,0.0,0.001597896684,-0.00266316114,phone,user2,sit
80.16714435,9.516951561,-1.15400517,-1.989581585,-0.000532632228,0.00266316114,-0.00266316114,phone,user2,sit
80.18715267,9.516951561,-1.158793569,-1.987187386,-0.002130528912,0.001597896684,-0.00266316114,phone,user2,sit
80.20716689,9.519346237,-1.158793569,-2.013523579,-0.002130528912,-0.000532632228,-0.003728425596,phone,user2,sit
80.22717564,9.543288231,-1.158793569,-1.994369984,-0.00266316114,0.0,-0.00266316114,phone,user2,sit
80.24718571,9.538499832,-1.175553083,-1.991975784,-0.001597896684,-0.00266316114,-0.002130528912,phone,user2,sit
80.2671945,9.52173996,-1.15400517,-2.00873518,-0.001065264456,-0.004793690052,-0.001597896684,phone,user2,sit
80.2872063,9.52173996,-1.15161097,-1.982398987,0.0,-0.005858954508,-0.001065264456,phone,user2,sit
80.3072229,9.52173996,-1.15161097,-2.003946781,0.001065264456,-0.00266316114,-0.002130528912,phone,user2,sit
80.32723696,9.526528358,-1.156399369,-1.994369984,0.000532632228,-0.00266316114,-0.001065264456,phone,user2,sit
80.3472463,9.516951561,-1.15400517,-2.006340981,0.000532632228,-0.005858954508,-0.000532632228,phone,user2,sit
80.36726638,9.519346237,-1.15400517,-2.001552582,0.0,-0.005858954508,-0.001065264456,phone,user2,sit
80.387277,9.507374763,-1.161187768,-2.013523579,0.000532632228,-0.00266316114,-0.00266316114,phone,user2,sit
80.40729486,9.524134636,-1.15400517,-2.025494576,-0.000532632228,0.0,-0.002130528912,phone,user2,sit
80.42732091,9.533711433,-1.156399369,-2.00873518,0.001065264456,0.003195793368,-0.003195793368,phone,user2,sit
80.44733571,9.526528358,-1.168370485,-1.996764183,0.000532632228,0.002130528912,-0.004261057824,phone,user2,sit
80.46735591,9.516951561,-1.161187768,-2.011129379,-0.001065264456,0.004261057824,-0.00532632228,phone,user2,sit
80.48736864,9.519346237,-1.156399369,-2.011129379,0.000532632228,0.007456851192,-0.006391586736,phone,user2,sit
80.50738435,9.528923035,-1.161187768,-2.001552582,0.001597896684,0.01012001187,-0.00532632228,phone,user2,sit
80.52740052,9.526528358,-1.15161097,-1.982398987,0.000532632228,0.01012001187,-0.005858954508,phone,user2,sit
80.54741419,9.528923035,-1.158793569,-1.991975784,0.0,0.00532632228,-0.00532632228,phone,user2,sit
80.56741892,9.543288231,-1.134851575,-2.00873518,0.000532632228,0.005858954508,-0.004793690052,phone,user2,sit
80.58743419,9.531316757,-1.139639974,-1.994369984,-0.001597896684,0.005858954508,-0.001597896684,phone,user2,sit
80.60744298,9.524134636,-1.146822572,-1.982398987,-0.000532632228,0.0,0.0,phone,user2,sit
80.62745318,9.524134636,-1.149216771,-1.989581585,0.000532632228,0.0,0.0,phone,user2,sit
80.64746548,9.52173996,-1.156399369,-1.989581585,-0.000532632228,-0.001065264456,0.001597896684,phone,user2,sit
80.66747251,9.526528358,-1.170764685,-1.991975784,0.0,-0.000532632228,0.0,phone,user2,sit
80.68749654,9.52173996,-1.165976286,-1.994369984,-0.001065264456,-0.00266316114,-0.001597896684,phone,user2,sit
80.70751509,9.526528358,-1.161187768,-1.989581585,0.0,-0.00266316114,-0.002130528912,phone,user2,sit
80.72753228,9.519346237,-1.15161097,-1.994369984,-0.000532632228,-0.003195793368,-0.003195793368,phone,user2,sit
80.74754974,9.526528358,-1.15400517,-1.989581585,-0.000532632228,-0.003195793368,-0.001597896684,phone,user2,sit
80.76755415,9.526528358,-1.144428372,-1.989581585,0.0,-0.00532632228,-0.001597896684,phone,user2,sit
80.78756341,9.536105156,-1.144428372,-1.987187386,0.0,-0.007456851192,-0.000532632228,phone,user2,sit
80.80758161,9.516951561,-1.146822572,-1.994369984,0.0,-0.004261057824,0.000532632228,phone,user2,sit
80.82759372,9.531316757,-1.149216771,-1.999158382,0.0,-0.004261057824,0.002130528912,phone,user2,sit
80.84759997,9.531316757,-1.15400517,-2.006340981,0.000532632228,-0.003195793368,0.002130528912,phone,user2,sit
80.8676122,9.524134636,-1.139639974,-2.00873518,0.000532632228,-0.002130528912,0.001065264456,phone,user2,sit
80.88762622,9.514557838,-1.156399369,-2.00873518,0.000532632228,-0.004261057824,0.00266316114,phone,user2,sit
80.90764357,9.519346237,-1.161187768,-2.00873518,0.000532632228,-0.002130528912,0.002130528912,phone,user2,sit
80.92766755,9.519346237,-1.163581967,-2.006340981,0.0,-0.000532632228,-0.000532632228,phone,user2,sit
80.94769411,9.531316757,-1.156399369,-2.013523579,0.0,0.00266316114,-0.001597896684,phone,user2,sit
80.96771696,9.526528358,-1.15400517,-1.994369984,-0.001065264456,0.004261057824,-0.002130528912,phone,user2,sit
80.98772845,9.543288231,-1.149216771,-2.003946781,0.000532632228,0.006391586736,-0.002130528912,phone,user2,sit
81.00773521,9.528923035,-1.142034173,-1.999158382,-0.000532632228,0.00532632228,-0.001597896684,phone,user2,sit
81.02774525,9.528923035,-1.142034173,-1.987187386,-0.001065264456,0.003728425596,-0.001597896684,phone,user2,sit
81.04776364,9.524134636,-1.15161097,-2.006340981,-0.000532632228,0.001065264456,0.001065264456,phone,user2,sit
81.06778341,9.524134636,-1.139639974,-1.991975784,-0.001065264456,0.001065264456,0.000532632228,phone,user2,sit
81.08780782,9.531316757,-1.146822572,-1.987187386,-0.000532632228,-0.001065264456,0.001597896684,phone,user2,sit
81.10782071,9.524134636,-1.156399369,-1.994369984,0.0,-0.00266316114,0.002130528912,phone,user2,sit
81.12782775,9.514557838,-1.144428372,-1.996764183,-0.000532632228,-0.002130528912,0.001597896684,phone,user2,sit
81.14784407,9.533711433,-1.139639974,-1.996764183,0.000532632228,-0.003728425596,0.002130528912,phone,user2,sit
81.16786958,9.516951561,-1.149216771,-2.018311977,0.001065264456,-0.003728425596,0.002130528912,phone,user2,sit
81.18789169,9.528923035,-1.156399369,-1.991975784,0.001065264456,-0.004261057824,0.001065264456,phone,user2,sit
81.20791181,9.512163162,-1.15161097,-2.001552582,0.0,-0.003195793368,0.000532632228,phone,user2,sit
81.22793157,9.514557838,-1.156399369,-2.001552582,0.0,-0.001597896684,0.000532632228,phone,user2,sit
81.2479563,9.52173996,-1.158793569,-2.001552582,-0.000532632228,-0.000532632228,0.000532632228,phone,user2,sit
81.26798638,9.526528358,-1.137245774,-2.001552582,-0.000532632228,0.000532632228,0.001065264456,phone,user2,sit
81.28800739,9.531316757,-1.146822572,-2.006340981,-0.000532632228,0.001597896684,0.0,phone,user2,sit
81.30803419,9.524134636,-1.144428372,-2.006340981,0.0,0.001597896684,0.001065264456,phone,user2,sit
81.32805388,9.52173996,-1.139639974,-2.001552582,-0.001065264456,0.003195793368,0.0,phone,user2,sit
81.34806861,9.524134636,-1.156399369,-1.994369984,-0.000532632228,0.001065264456,0.001597896684,phone,user2,sit
81.36808919,9.516951561,-1.149216771,-1.999158382,-0.001065264456,0.002130528912,0.000532632228,phone,user2,sit
81.38811275,9.516951561,-1.146822572,-2.006340981,0.001065264456,0.004793690052,-0.001597896684,phone,user2,sit
81.40812986,9.52173996,-1.142034173,-2.001552582,0.000532632228,0.004793690052,-0.002130528912,phone,user2,sit
81.4281479,9.526528358,-1.149216771,-2.00873518,0.000532632228,0.006391586736,-0.001597896684,phone,user2,sit
81.44816415,9.528923035,-1.130063176,-1.994369984,0.0,0.007989482954,-0.001597896684,phone,user2,sit
81.46819142,9.531316757,-1.146822572,-1.977610588,-0.001065264456,0.003728425596,-0.000532632228,phone,user2,sit
81.48820439,9.531316757,-1.134851575,-1.984793186,-0.001597896684,0.001597896684,0.001065264456,phone,user2,sit
81.50822501,9.516951561,-1.134851575,-1.989581585,-0.001597896684,0.000532632228,0.001597896684,phone,user2,sit
81.52824154,9.524134636,-1.149216771,-1.980004787,-0.001065264456,-0.00266316114,0.003728425596,phone,user2,sit
81.54825435,9.533711433,-1.144428372,-1.989581585,-0.000532632228,-0.003195793368,0.003728425596,phone,user2,sit
81.56825681,9.536105156,-1.15400517,-1.984793186,0.0,-0.00532632228,0.003728425596,phone,user2,sit
81.58826345,9.524134636,-1.158793569,-1.999158382,-0.000532632228,-0.007456851192,0.003195793368,phone,user2,sit
81.60828142,9.519346237,-1.15400517,-1.994369984,0.0,-0.005858954508,0.00266316114,phone,user2,sit
81.62829243,9.536105156,-1.161187768,-2.00873518,0.000532632228,-0.00532632228,0.001065264456,phone,user2,sit
81.64830864,9.531316757,-1.156399369,-2.013523579,0.000532632228,-0.003195793368,0.0,phone,user2,sit
81.66833271,9.524134636,-1.15161097,-2.00873518,-0.000532632228,-0.004793690052,0.000532632228,phone,user2,sit
81.68835583,9.533711433,-1.15400517,-2.001552582,-0.001597896684,-0.006924218964,0.001065264456,phone,user2,sit
81.70838509,9.519346237,-1.15161097,-1.999158382,-0.001065264456,-0.003728425596,0.002130528912,phone,user2,sit
81.72840946,9.516951561,-1.146822572,-2.001552582,-0.001065264456,-0.001597896684,0.001065264456,phone,user2,sit
81.74842595,9.524134636,-1.146822572,-2.003946781,-0.001065264456,0.000532632228,0.001065264456,phone,user2,sit
81.76844579,9.52173996,-1.146822572,-2.011129379,0.001065264456,0.00266316114,0.000532632228,phone,user2,sit
81.788477,9.52173996,-1.139639974,-2.001552582,0.0,0.001065264456,0.00266316114,phone,user2,sit
81.80850404,9.516951561,-1.15400517,-1.991975784,0.0,0.001597896684,0.00266316114,phone,user2,sit
81.82852942,9.516951561,-1.158793569,-1.999158382,-0.001065264456,0.001065264456,0.001597896684,phone,user2,sit
81.84855732,9.512163162,-1.149216771,-1.999158382,-0.001597896684,-0.00266316114,0.000532632228,phone,user2,sit
81.86858087,9.519346237,-1.161187768,-1.991975784,-0.001065264456,0.00266316114,-0.000532632228,phone,user2,sit
81.8885972,9.516951561,-1.15161097,-2.003946781,-0.003195793368,-0.003195793368,0.000532632228,phone,user2,sit
81.90862427,9.531316757,-1.146822572,-2.023100376,-0.002130528912,-0.006924218964,0.0,phone,user2,sit
81.92865927,9.531316757,-1.137245774,-1.991975784,0.0,0.002130528912,0.0,phone,user2,sit
81.94869259,9.516951561,-1.15161097,-1.987187386,0.0,0.004261057824,0.0,phone,user2,sit
81.96871954,9.524134636,-1.15400517,-2.00873518,-0.000532632228,0.0,0.001065264456,phone,user2,sit
81.98873935,9.533711433,-1.15161097,-1.999158382,0.001065264456,0.001597896684,0.001065264456,phone,user2,sit
82.00876099,9.526528358,-1.15161097,-1.996764183,0.000532632228,-0.000532632228,0.002130528912,phone,user2,sit
82.02878329,9.52173996,-1.149216771,-1.991975784,-0.001065264456,-0.00266316114,0.00266316114,phone,user2,sit
82.04879818,9.52173996,-1.146822572,-1.989581585,-0.000532632228,-0.00266316114,0.00266316114,phone,user2,sit
82.06882083,9.514557838,-1.15161097,-2.00873518,0.0,0.0,0.002130528912,phone,user2,sit
82.08883892,9.526528358,-1.149216771,-2.013523579,0.000532632228,-0.000532632228,0.003195793368,phone,user2,sit
82.10886282,9.526528358,-1.156399369,-1.989581585,0.001597896684,0.0,0.002130528912,phone,user2,sit
82.12887864,9.519346237,-1.165976286,-2.001552582,0.000532632228,-0.001597896684,0.001597896684,phone,user2,sit
82.14890052,9.531316757,-1.158793569,-2.00873518,0.0,-0.002130528912,0.001065264456,phone,user2,sit
82.1689313,9.526528358,-1.168370485,-2.00873518,0.0,0.000532632228,-0.001065264456,phone,user2,sit
82.18894946,9.524134636,-1.15400517,-1.994369984,-0.002130528912,-0.000532632228,0.0,phone,user2,sit
82.20895786,9.531316757,-1.149216771,-1.999158382,-0.000532632228,-0.00266316114,-0.000532632228,phone,user2,sit
82.22897279,9.536105156,-1.15400517,-1.994369984,-0.001597896684,-0.002130528912,0.0,phone,user2,sit
82.2489847,9.528923035,-1.149216771,-2.001552582,-0.000532632228,-0.00266316114,0.001597896684,phone,user2,sit
82.26900103,9.519346237,-1.156399369,-2.011129379,-0.000532632228,-0.002130528912,0.002130528912,phone,user2,sit
82.28901564,9.531316757,-1.149216771,-1.999158382,0.001065264456,0.0,0.001597896684,phone,user2,sit
82.30902779,9.512163162,-1.156399369,-2.00873518,-0.001065264456,0.000532632228,0.001597896684,phone,user2,sit
82.32904478,9.519346237,-1.15400517,-2.00873518,-0.000532632228,0.00266316114,0.002130528912,phone,user2,sit
82.34905466,9.516951561,-1.156399369,-1.984793186,-0.001065264456,0.001597896684,0.00266316114,phone,user2,sit
82.36906736,9.533711433,-1.156399369,-2.003946781,0.0,0.001597896684,0.002130528912,phone,user2,sit
82.38907693,9.524134636,-1.165976286,-1.994369984,-0.000532632228,-0.000532632228,0.001065264456,phone,user2,sit
82.40909958,9.50976944,-1.156399369,-1.989581585,0.000532632228,0.0,0.001065264456,phone,user2,sit
82.42912638,9.52173996,-1.15400517,-1.977610588,0.0,0.003728425596,-0.002130528912,phone,user2,sit
82.44914954,9.519346237,-1.158793569,-1.996764183,0.001065264456,0.00266316114,-0.001597896684,phone,user2,sit
82.46917603,9.536105156,-1.15400517,-1.999158382,0.002130528912,0.001597896684,0.000532632228,phone,user2,sit
82.48920306,9.524134636,-1.158793569,-2.003946781,-0.001065264456,-0.00266316114,0.002130528912,phone,user2,sit
82.50923415,9.528923035,-1.165976286,-2.011129379,-0.001597896684,-0.01012001187,0.003195793368,phone,user2,sit
82.52926017,9.526528358,-1.15161097,-2.006340981,0.001065264456,-0.005858954508,0.003195793368,phone,user2,sit
82.54928341,9.514557838,-1.15400517,-2.011129379,-0.002130528912,-0.005858954508,0.004261057824,phone,user2,sit
82.56929626,9.502586365,-1.163581967,-2.006340981,-0.000532632228,-0.006924218964,0.004261057824,phone,user2,sit
82.58931607,9.516951561,-1.161187768,-2.00873518,0.00266316114,-0.00266316114,0.002130528912,phone,user2,sit
82.60934134,9.524134636,-1.170764685,-2.011129379,0.001065264456,0.00266316114,-0.001065264456,phone,user2,sit
82.62936642,9.514557838,-1.182735682,-2.020706177,0.001065264456,0.004793690052,-0.004261057824,phone,user2,sit
82.64937954,9.528923035,-1.163581967,-2.00873518,0.0,0.006391586736,-0.005858954508,phone,user2,sit
82.66939192,9.52173996,-1.163581967,-2.001552582,0.000532632228,0.007456851192,-0.005858954508,phone,user2,sit
82.68940571,9.536105156,-1.15161097,-1.987187386,-0.001065264456,0.005858954508,-0.00532632228,phone,user2,sit
82.70942841,9.533711433,-1.149216771,-1.987187386,-0.002130528912,0.00532632228,-0.003195793368,phone,user2,sit
82.7294472,9.526528358,-1.146822572,-1.996764183,-0.001597896684,0.001597896684,-0.002130528912,phone,user2,sit
82.74945904,9.52173996,-1.15400517,-1.994369984,-0.000532632228,0.004261057824,0.000532632228,phone,user2,sit
82.76947196,9.524134636,-1.146822572,-1.980004787,-0.000532632228,0.003728425596,0.001597896684,phone,user2,sit
82.78948892,9.533711433,-1.163581967,-1.994369984,0.000532632228,-0.001597896684,0.000532632228,phone,user2,sit
82.80950638,9.524134636,-1.156399369,-1.980004787,0.000532632228,0.000532632228,0.000532632228,phone,user2,sit
82.82952962,9.514557838,-1.161187768,-1.980004787,0.002130528912,-0.003728425596,-0.000532632228,phone,user2,sit
82.84954107,9.526528358,-1.156399369,-1.999158382,0.000532632228,-0.006391586736,-0.002130528912,phone,user2,sit
82.86955728,9.516951561,-1.158793569,-1.999158382,-0.000532632228,-0.006924218964,-0.00266316114,phone,user2,sit
82.88958298,9.526528358,-1.156399369,-1.996764183,-0.001065264456,-0.006924218964,-0.003195793368,phone,user2,sit
82.90961048,9.516951561,-1.15400517,-2.00873518,-0.001065264456,-0.00532632228,-0.003728425596,phone,user2,sit
82.92963681,9.519346237,-1.15400517,-2.006340981,-0.000532632228,-0.003195793368,-0.00266316114,phone,user2,sit
82.94967001,9.531316757,-1.15400517,-2.006340981,0.0,-0.002130528912,-0.002130528912,phone,user2,sit
82.96969388,9.52173996,-1.144428372,-2.011129379,-0.000532632228,-0.000532632228,0.0,phone,user2,sit
82.98971779,9.52173996,-1.15400517,-2.00873518,-0.001065264456,-0.001597896684,-0.000532632228,phone,user2,sit
83.00972982,9.524134636,-1.15161097,-2.00873518,0.0,0.000532632228,0.000532632228,phone,user2,sit
83.02975466,9.514557838,-1.161187768,-2.011129379,0.001065264456,0.00266316114,0.0,phone,user2,sit
83.04977993,9.519346237,-1.15161097,-2.001552582,0.000532632228,0.004261057824,-0.000532632228,phone,user2,sit
83.06980509,9.52173996,-1.165976286,-1.994369984,0.0,0.003195793368,-0.001597896684,phone,user2,sit
83.08983654,9.52173996,-1.158793569,-2.001552582,-0.000532632228,0.004261057824,-0.002130528912,phone,user2,sit
83.10986853,9.524134636,-1.149216771,-2.003946781,0.0,0.003728425596,-0.00266316114,phone,user2,sit
83.1299063,9.526528358,-1.158793569,-1.991975784,0.0,0.003195793368,-0.003195793368,phone,user2,sit
83.14993728,9.528923035,-1.158793569,-2.001552582,0.0,0.001597896684,-0.003195793368,phone,user2,sit
83.16996849,9.536105156,-1.161187768,-1.999158382,-0.001065264456,0.002130528912,-0.004261057824,phone,user2,sit
83.18999884,9.538499832,-1.156399369,-1.989581585,0.0,0.001065264456,-0.00266316114,phone,user2,sit
83.21001767,9.519346237,-1.156399369,-1.994369984,0.0,0.0,-0.002130528912,phone,user2,sit
83.23004103,9.524134636,-1.146822572,-1.994369984,-0.001065264456,-0.000532632228,-0.001597896684,phone,user2,sit
83.25006146,9.524134636,-1.158793569,-2.003946781,0.0,-0.001597896684,-0.001065264456,phone,user2,sit
83.27007318,9.519346237,-1.142034173,-2.00873518,0.000532632228,0.000532632228,0.0,phone,user2,sit
83.29008935,9.516951561,-1.144428372,-2.003946781,-0.000532632228,-0.001597896684,0.0,phone,user2,sit
83.31010993,9.524134636,-1.156399369,-1.994369984,0.000532632228,-0.002130528912,-0.000532632228,phone,user2,sit
83.33013321,9.519346237,-1.146822572,-2.001552582,0.0,-0.00266316114,-0.001065264456,phone,user2,sit
83.35015259,9.519346237,-1.149216771,-1.991975784,0.000532632228,-0.000532632228,-0.00266316114,phone,user2,sit
83.3701665,9.528923035,-1.158793569,-2.00873518,-0.000532632228,0.001065264456,-0.002130528912,phone,user2,sit
83.39018626,9.531316757,-1.15400517,-2.00873518,0.0,0.001597896684,-0.002130528912,phone,user2,sit
83.41020657,9.52173996,-1.15400517,-1.989581585,-0.000532632228,0.000532632228,0.0,phone,user2,sit
83.43022146,9.533711433,-1.137245774,-2.003946781,-0.000532632228,-0.001597896684,0.0,phone,user2,sit
83.45023392,9.538499832,-1.149216771,-1.996764183,-0.000532632228,0.001065264456,0.0,phone,user2,sit
83.47025486,9.519346237,-1.15161097,-1.994369984,0.0,0.0,0.002130528912,phone,user2,sit
83.49027872,9.519346237,-1.156399369,-1.994369984,0.000532632228,-0.003195793368,0.001597896684,phone,user2,sit
83.51030224,9.526528358,-1.15400517,-2.003946781,-0.000532632228,-0.003728425596,0.00266316114,phone,user2,sit
83.5303256,9.519346237,-1.165976286,-2.003946781,-0.000532632228,-0.003728425596,0.001065264456,phone,user2,sit
83.550347,9.519346237,-1.163581967,-2.011129379,-0.000532632228,-0.003728425596,-0.000532632228,phone,user2,sit
83.57037864,9.531316757,-1.15400517,-1.999158382,-0.000532632228,-0.003728425596,-0.001597896684,phone,user2,sit
83.5904004,9.519346237,-1.144428372,-1.996764183,-0.000532632228,-0.004261057824,-0.001597896684,phone,user2,sit
83.6104211,9.531316757,-1.165976286,-2.006340981,-0.001597896684,-0.004261057824,-0.001597896684,phone,user2,sit
83.63043751,9.519346237,-1.15161097,-2.00873518,-0.000532632228,-0.000532632228,-0.001597896684,phone,user2,sit
83.6504529,9.526528358,-1.144428372,-2.018311977,0.0,-0.004261057824,-0.000532632228,phone,user2,sit
83.67046888,9.528923035,-1.15161097,-2.011129379,0.000532632228,-0.000532632228,-0.000532632228,phone,user2,sit
83.69048302,9.531316757,-1.142034173,-1.994369984,0.000532632228,0.00532632228,0.0,phone,user2,sit
83.71049911,9.514557838,-1.156399369,-2.001552582,0.001065264456,0.00266316114,-0.000532632228,phone,user2,sit
83.73051884,9.516951561,-1.15161097,-2.003946781,-0.000532632228,0.006391586736,-0.001597896684,phone,user2,sit
83.75053677,9.52173996,-1.144428372,-2.011129379,0.000532632228,0.008522115648,-0.002130528912,phone,user2,sit
83.77056154,9.52173996,-1.161187768,-2.001552582,0.000532632228,0.006924218964,-0.00266316114,phone,user2,sit
83.79057931,9.52173996,-1.15400517,-1.996764183,-0.000532632228,0.01065264456,-0.003195793368,phone,user2,sit
83.81060095,9.524134636,-1.156399369,-2.006340981,-0.000532632228,0.009054748341,-0.004793690052,phone,user2,sit
83.83061825,9.524134636,-1.146822572,-2.001552582,-0.001065264456,0.007456851192,-0.006391586736,phone,user2,sit
83.85064263,9.524134636,-1.146822572,-1.994369984,-0.000532632228,0.00532632228,-0.004261057824,phone,user2,sit
83.87066095,9.533711433,-1.137245774,-1.982398987,-0.002130528912,0.0,-0.00266316114,phone,user2,sit
83.8906815,9.533711433,-1.132457376,-1.996764183,-0.001597896684,-0.00266316114,-0.001597896684,phone,user2,sit
83.91070075,9.538499832,-1.144428372,-1.994369984,-0.001597896684,-0.00266316114,0.000532632228,phone,user2,sit
83.93071806,9.512163162,-1.137245774,-1.984793186,-0.000532632228,-0.004793690052,0.001597896684,phone,user2,sit
83.95074029,9.514557838,-1.149216771,-1.991975784,0.0,-0.004793690052,0.002130528912,phone,user2,sit
83.97076493,9.519346237,-1.15400517,-2.011129379,0.000532632228,-0.004261057824,0.002130528912,phone,user2,sit
83.99079306,9.528923035,-1.139639974,-1.996764183,0.000532632228,-0.00266316114,0.001065264456,phone,user2,sit
84.01081173,9.514557838,-1.156399369,-2.006340981,0.001065264456,-0.002130528912,0.001597896684,phone,user2,sit
84.03083208,9.519346237,-1.158793569,-2.011129379,0.001065264456,-0.001597896684,0.000532632228,phone,user2,sit
84.05086419,9.524134636,-1.144428372,-1.999158382,-0.000532632228,-0.000532632228,-0.001597896684,phone,user2,sit
84.07090021,9.52173996,-1.142034173,-2.001552582,-0.000532632228,-0.001065264456,-0.001065264456,phone,user2,sit
84.0909338,9.519346237,-1.144428372,-1.996764183,-0.000532632228,-0.001065264456,0.000532632228,phone,user2,sit
84.11095931,9.52173996,-1.15161097,-2.011129379,-0.000532632228,0.0,0.0,phone,user2,sit
84.13098614,9.531316757,-1.146822572,-2.00873518,0.000532632228,0.0,0.000532632228,phone,user2,sit
84.15101419,9.526528358,-1.156399369,-2.006340981,0.000532632228,-0.000532632228,0.000532632228,phone,user2,sit
84.1710363,9.524134636,-1.139639974,-2.006340981,-0.000532632228,-0.001597896684,0.000532632228,phone,user2,sit
84.1910554,9.52173996,-1.149216771,-2.00873518,-0.001065264456,-0.000532632228,0.000532632228,phone,user2,sit
84.21107888,9.519346237,-1.156399369,-2.006340981,-0.001065264456,-0.000532632228,0.000532632228,phone,user2,sit
84.23110146,9.516951561,-1.15161097,-2.006340981,0.0,0.001065264456,-0.001065264456,phone,user2,sit
84.25112872,9.516951561,-1.149216771,-2.00873518,-0.001065264456,0.001597896684,-0.001065264456,phone,user2,sit
84.2711572,9.512163162,-1.149216771,-2.00873518,-0.001597896684,0.001597896684,-0.001065264456,phone,user2,sit
84.29118318,9.516951561,-1.149216771,-2.006340981,-0.001065264456,0.002130528912,-0.001597896684,phone,user2,sit
84.31120614,9.531316757,-1.149216771,-2.006340981,-0.000532632228,0.004261057824,-0.001065264456,phone,user2,sit
84.33122841,9.516951561,-1.149216771,-1.999158382,0.0,0.004261057824,-0.000532632228,phone,user2,sit
84.35124548,9.526528358,-1.149216771,-1.977610588,-0.000532632228,0.004793690052,0.0,phone,user2,sit
84.3712597,9.52173996,-1.15161097,-1.999158382,-0.000532632228,0.003728425596,0.000532632228,phone,user2,sit
84.39127892,9.519346237,-1.142034173,-2.003946781,-0.001065264456,0.001065264456,-0.000532632228,phone,user2,sit
84.41129146,9.52173996,-1.15400517,-2.003946781,0.0,0.001065264456,-0.001065264456,phone,user2,sit
84.43130669,9.533711433,-1.15400517,-2.003946781,0.000532632228,0.002130528912,0.001065264456,phone,user2,sit
84.45130861,9.519346237,-1.149216771,-1.972822189,0.0,0.0,0.001065264456,phone,user2,sit
84.47131318,9.519346237,-1.149216771,-2.001552582,-0.000532632228,-0.005858954508,0.001065264456,phone,user2,sit
84.49132107,9.543288231,-1.142034173,-1.999158382,-0.001597896684,-0.006924218964,0.002130528912,phone,user2,sit
84.51132111,9.524134636,-1.142034173,-1.996764183,-0.001065264456,-0.007456851192,0.00266316114,phone,user2,sit
84.53132446,9.50976944,-1.137245774,-1.991975784,-0.000532632228,-0.009054748341,0.004793690052,phone,user2,sit
84.55132552,9.531316757,-1.149216771,-2.011129379,0.000532632228,-0.005858954508,0.004261057824,phone,user2,sit
84.571334,9.519346237,-1.156399369,-2.020706177,0.0,-0.006391586736,0.003195793368,phone,user2,sit
84.59134267,9.519346237,-1.156399369,-1.996764183,0.0,-0.003728425596,0.001065264456,phone,user2,sit
84.61134708,9.516951561,-1.156399369,-2.011129379,0.0,0.0,0.001597896684,phone,user2,sit
84.63136009,9.52173996,-1.161187768,-2.00873518,0.0,0.001065264456,0.000532632228,phone,user2,sit
84.65136462,9.528923035,-1.144428372,-2.00873518,-0.000532632228,0.0,0.000532632228,phone,user2,sit
84.67137415,9.52173996,-1.15161097,-2.006340981,-0.002130528912,0.000532632228,0.000532632228,phone,user2,sit
84.69137989,9.514557838,-1.142034173,-2.003946781,-0.001065264456,0.001597896684,0.002130528912,phone,user2,sit
84.71139052,9.514557838,-1.146822572,-2.011129379,0.000532632228,-0.000532632228,0.002130528912,phone,user2,sit
84.73139568,9.519346237,-1.146822572,-2.003946781,-0.000532632228,0.001597896684,0.001597896684,phone,user2,sit
84.75139845,9.526528358,-1.158793569,-1.991975784,0.0,0.00266316114,0.001065264456,phone,user2,sit
84.77140302,9.519346237,-1.170764685,-1.987187386,-0.000532632228,0.0,-0.001597896684,phone,user2,sit
84.79141892,9.52173996,-1.173158884,-1.996764183,-0.004793690052,-0.001065264456,-0.004261057824,phone,user2,sit
84.81144419,9.50976944,-1.182735682,-2.00873518,-0.00532632228,-0.002130528912,-0.009054748341,phone,user2,sit
84.83146806,9.495404243,-1.182735682,-2.015917778,-0.007456851192,0.002130528912,-0.0165115986,phone,user2,sit
84.8514929,9.545681953,-1.144428372,-2.037465572,-0.006924218964,0.003728425596,-0.02130528912,phone,user2,sit
84.87151333,9.564835548,-1.127668977,-2.04464817,-0.002130528912,0.01544633508,-0.02183792181,phone,user2,sit
84.89152942,9.524134636,-1.11569798,-1.994369984,-0.003195793368,0.02290318534,-0.0170442313,phone,user2,sit
84.91155228,9.502586365,-1.139639974,-2.039859772,0.003195793368,0.02556634694,-0.01597896591,phone,user2,sit
84.93157204,9.48343277,-1.144428372,-2.039859772,0.009587380104,0.04846953228,-0.01917476021,phone,user2,sit
84.95159904,9.497797966,-1.156399369,-1.968033791,0.01278317347,0.06870955974,-0.02609897964,phone,user2,sit
84.97161654,9.519346237,-1.170764685,-1.951274395,0.01331580617,0.07030745596,-0.03728425503,phone,user2,sit
84.9916347,9.545681953,-1.137245774,-1.912967205,0.01065264456,0.06764429063,-0.04633900523,phone,user2,sit
85.01164431,9.550470352,-1.11569798,-1.905784607,0.007456851192,0.05858954415,-0.05379585549,phone,user2,sit
85.03165349,9.576807022,-1.086967587,-1.850717902,0.003728425596,0.04101268202,-0.05273059011,phone,user2,sit
85.05166958,9.581595421,-1.067813993,-1.843535304,-0.006924218964,0.01012001187,-0.04314320907,phone,user2,sit
85.07168798,9.567230225,-1.053448796,-1.855506301,-0.01331580617,-0.0165115986,-0.03621899337,phone,user2,sit
85.09170521,9.600749016,-1.000776291,-1.881842494,-0.01331580617,-0.03888215125,-0.02450108156,phone,user2,sit
85.1117197,9.595960617,-1.00317049,-1.836352706,-0.0170442313,-0.06604639441,-0.006391586736,phone,user2,sit
85.13173564,9.564835548,-1.00556469,-1.865083098,-0.02077265643,-0.1097222418,0.01012001187,phone,user2,sit
85.15174857,9.588777542,-1.00317049,-1.956062794,-0.01597896591,-0.1352885813,0.02183792181,phone,user2,sit
85.17176739,9.524134636,-1.046266198,-1.963245392,-0.009054748341,-0.1358212233,0.0330231972,phone,user2,sit
85.19178458,9.519346237,-1.015141487,-1.975216389,-0.01225054078,-0.1672465205,0.04580637068,phone,user2,sit
85.21180048,9.514557838,-1.072602391,-2.066195965,-0.009054748341,-0.1768338978,0.05166532472,phone,user2,sit
85.23181509,9.555258751,-1.029506683,-2.04704237,-0.00266316114,-0.1533980817,0.04687163606,phone,user2,sit
85.25183107,9.239224434,-1.058237195,-1.948880196,0.04367584363,-0.0197073929,-0.001065264456,phone,user2,sit
85.27184685,9.56004715,-1.340752959,-2.310404539,0.00266316114,-0.1448759735,0.04154531285,phone,user2,sit
85.29187064,9.459490776,-1.132457376,-2.190694571,0.004261057824,-0.09960222989,0.03195793182,phone,user2,sit
85.31189669,9.469067574,-1.165976286,-2.200271368,0.00266316114,-0.08575379103,0.02876213938,phone,user2,sit
85.33190622,9.440337181,-1.175553083,-2.291250944,-0.000532632228,-0.08468852192,0.03142530099,phone,user2,sit
85.3519245,9.414001465,-1.142034173,-2.343923569,0.004261057824,-0.04474110901,0.02024002373,phone,user2,sit
85.37193915,9.464279175,-1.146822572,-2.327163935,0.006924218964,-0.03195793182,0.0165115986,phone,user2,sit
85.39196755,9.454702377,-1.130063176,-2.300827742,0.01384843793,-0.003728425596,0.01065264456,phone,user2,sit
85.41199681,9.385271072,-1.113303781,-2.300827742,0.04154531285,0.07510114461,-0.002130528912,phone,user2,sit
85.43201661,9.56004715,-1.216254473,-2.288856745,0.02183792181,0.05219795927,0.01171790902,phone,user2,sit
85.45203767,9.466673851,-1.170764685,-2.161964178,0.02024002373,0.06764429063,0.006924218964,phone,user2,sit
85.47206036,9.449913979,-1.182735682,-2.173935175,0.01331580617,0.0830906257,-0.00532632228,phone,user2,sit
85.49208411,9.464279175,-1.18991828,-2.152387381,0.01171790902,0.07723167539,-0.01171790902,phone,user2,sit
85.51210419,9.485827446,-1.168370485,-2.15478158,0.01278317347,0.0958738029,-0.0197073929,phone,user2,sit
85.53212946,9.526528358,-1.142034173,-2.070984364,0.009587380104,0.09001484513,-0.02130528912,phone,user2,sit
85.55214446,9.557653427,-1.146822572,-2.054224968,0.0,0.06072007492,-0.0170442313,phone,user2,sit
85.57216509,9.540893555,-1.130063176,-2.049436569,-0.005858954508,0.04687163606,-0.01225054078,phone,user2,sit
85.59218407,9.526528358,-1.120486379,-2.00873518,-0.009054748341,0.02663161233,-0.007989482954,phone,user2,sit
85.61221068,9.504981041,-1.086967587,-2.001552582,-0.01544633508,-0.003728425596,0.001065264456,phone,user2,sit
85.63222474,9.495404243,-1.086967587,-2.032677174,-0.01864212751,-0.02024002373,0.007989482954,phone,user2,sit
85.65224372,9.52173996,-1.091755986,-2.042253971,-0.0165115986,-0.02982740477,0.01331580617,phone,user2,sit
85.67226501,9.524134636,-1.101332784,-2.037465572,-0.01757686399,-0.04900216311,0.02077265643,phone,user2,sit
85.69228689,9.540893555,-1.130063176,-2.051830769,-0.01864212751,-0.07510114461,0.02982740477,phone,user2,sit
85.7123056,9.524134636,-1.15161097,-2.061407566,-0.02343581803,-0.1017327532,0.03728425503,phone,user2,sit
85.73233114,9.512163162,-1.127668977,-2.106897593,-0.02130528912,-0.1214401498,0.04420847446,phone,user2,sit
85.75235771,9.488221169,-1.113303781,-2.171540976,-0.01864212751,-0.1331580579,0.05592638254,phone,user2,sit
85.77238446,9.519346237,-1.156399369,-2.173935175,-0.02503371425,-0.1091896072,0.06657902896,phone,user2,sit
85.79240032,9.457097054,-1.149216771,-2.226607561,-0.01331580617,-0.09640643001,0.06604639441,phone,user2,sit
85.81241974,9.437943459,-1.204283476,-2.315192938,0.0,-0.06764429063,0.05858954415,phone,user2,sit
85.83243407,9.476250648,-1.221042871,-2.303221941,-0.01544633508,-0.05060006306,0.05060006306,phone,user2,sit
85.85244681,9.425971985,-1.233013868,-2.250549555,-0.04633900523,-0.06444849819,0.04900216311,phone,user2,sit
85.87246075,9.481039047,-1.26413846,-2.336740971,-0.1059938148,-0.09747169912,0.05273059011,phone,user2,sit
85.89247513,9.497797966,-1.340752959,-2.437297344,-0.2029328793,-0.1709749401,0.08468852192,phone,user2,sit
85.91248622,9.418789864,-1.290474772,-2.331952572,-0.1917476058,-0.1475391239,0.1006674916,phone,user2,sit
85.93249978,9.306262016,-1.352723956,-2.291250944,-0.06072007492,-0.06178534031,0.1139832959,phone,user2,sit
85.95251798,9.308655739,-1.22822547,-2.331952572,0.02769687586,-0.003195793368,0.08202536404,phone,user2,sit
85.97253962,9.449913979,-1.302445769,-2.382230759,0.008522115648,-0.002130528912,0.09108011425,phone,user2,sit
85.99256462,9.44512558,-1.419761658,-2.319981337,-0.00532632228,-0.006924218964,0.1257012039,phone,user2,sit
86.0125822,9.536105156,-1.386242747,-2.30801034,0.0197073929,-0.07243798673,0.1773665249,phone,user2,sit
86.03260275,9.342175484,-1.163581967,-2.336740971,0.07456851006,-0.002130528912,0.1118527651,phone,user2,sit
86.05261419,9.220070839,-1.271321058,-2.403778553,0.09108011425,0.03781688958,0.09267801046,phone,user2,sit
86.07262548,9.536105156,-1.314416766,-2.202665567,0.0830906257,-0.02503371425,0.1549959779,phone,user2,sit
86.09263794,9.397241592,-1.343147159,-2.329558372,0.1097222418,-0.01810949668,0.2279665917,phone,user2,sit
86.1126481,9.346963882,-1.8602947,-2.375048161,0.1310275346,0.0197073929,0.3094593287,phone,user2,sit
86.1326688,9.402029991,-1.975216389,-2.367865562,0.1693770438,-0.01491370238,0.4719121456,phone,user2,sit
86.15269368,9.294290543,-2.025494576,-2.501940727,0.178431794,-0.02183792181,0.6567355394,phone,user2,sit
86.17271056,9.447520256,-1.924938202,-2.456450939,0.1326254308,0.04527373984,0.7552725077,phone,user2,sit
86.19273259,9.526528358,-1.769315004,-2.336740971,0.0564590171,0.04633900523,0.6732471585,phone,user2,sit
86.21275333,9.35654068,-1.618480325,-2.341529369,-0.007456851192,0.01544633508,0.4884237647,phone,user2,sit
86.23277275,9.038111687,-1.347935557,-2.26970315,-0.000532632228,0.02609897964,0.2109223604,phone,user2,sit
86.25278962,8.288725853,-2.217030764,-2.286462545,0.05752427876,0.05432848632,-0.09906959534,phone,user2,sit
86.27280677,10.01973438,-2.533065319,-2.439691544,0.1368864775,0.04048004746,-0.1102548689,phone,user2,sit
86.29282677,9.500192642,-2.037465572,-2.473210335,0.1102548689,0.103863284,-0.08522115648,phone,user2,sit
86.31284478,9.272743225,-2.341529369,-2.061407566,0.01278317347,0.1246359423,-0.03888215125,phone,user2,sit
86.33285982,9.43315506,-2.178723574,-2.157175779,-0.03195793182,0.000532632228,0.001597896684,phone,user2,sit
86.35287872,9.200917244,-2.063801765,-2.327163935,-0.05699164793,-0.01917476021,-0.02237055451,phone,user2,sit
86.37288872,8.846575737,-1.994369984,-2.37744236,-0.01384843793,0.0500674285,-0.1299622655,phone,user2,sit
86.39290661,9.418789864,-1.656787634,-2.837129116,0.08841694891,0.07989483327,-0.1906823367,phone,user2,sit
86.41293298,9.382876396,-2.094926596,-2.181117773,-0.3440804183,0.2194444835,-0.2673813701,phone,user2,sit
86.43294439,9.495404243,-2.166752577,-1.750161409,-0.4191815555,0.09960222989,-0.238086611,phone,user2,sit
86.45295911,9.270348549,-1.795651317,-2.166752577,-0.134223327,0.06231797114,-0.2221076339,phone,user2,sit
86.47297595,9.43315506,-2.245761156,-2.109291792,0.1661812514,0.06498113275,-0.1368864775,phone,user2,sit
86.4929806,9.502586365,-1.680729628,-2.221819162,0.2929477394,0.08202536404,-0.09800432622,phone,user2,sit
86.51298689,9.325415611,-1.649604917,-2.257732153,0.1715075821,0.1272991002,-0.1246359423,phone,user2,sit
86.53300263,9.564835548,-2.135627985,-2.011129379,-0.09001484513,0.07723167539,-0.1571265012,phone,user2,sit
86.55302314,9.327810287,-1.838746905,-1.958456993,-0.09321063757,0.01810949668,-0.1081243455,phone,user2,sit
86.57303919,9.473855972,-1.63523972,-2.272097349,0.08415589482,0.02556634694,-0.1150485575,phone,user2,sit
86.59305595,9.299078941,-1.656787634,-2.391807556,0.06444849819,0.1203748807,-0.1549959779,phone,user2,sit
86.61307888,9.562441826,-2.001552582,-1.812410712,-0.1763012707,0.1171790883,-0.207726568,phone,user2,sit
86.63310571,9.612719536,-1.702277422,-1.89620769,-0.2338255495,-0.05805691332,-0.2732403278,phone,user2,sit
86.65312349,9.26556015,-1.192312479,-2.82036972,-0.2274339646,0.003728425596,-0.3771036267,phone,user2,sit
86.67312833,9.267954826,-2.049436569,-2.219424963,-0.2780340314,0.2577939928,-0.5880259871,phone,user2,sit
86.69314435,10.41717148,-1.292868972,-2.396595955,-0.2764361203,0.4532700181,-0.7547398806,phone,user2,sit
86.7131647,8.860940933,-0.6344634295,-1.086967587,-0.1842907518,0.3051982522,-0.6508765817,phone,user2,sit
86.7331906,9.567230225,-0.7685387731,-1.872265697,-0.0170442313,0.01864212751,-0.1576591432,phone,user2,sit
86.75320228,9.06205368,-1.556231141,-1.903390408,-0.02183792181,0.1821602285,-0.1587243974,phone,user2,sit
86.77321126,9.713275909,-1.48679924,-1.996764183,-0.01012001187,0.1182443574,-0.09800432622,phone,user2,sit
86.79322146,9.078812599,-1.168370485,-1.877054095,-0.134223327,0.09960222989,-0.1161138266,phone,user2,sit
86.8132354,9.447520256,-0.9696516991,-1.843535304,-0.2050634027,0.07723167539,-0.004261057824,phone,user2,sit
86.83325071,9.488221169,-1.436521053,-2.477998734,-0.07456851006,0.2806971967,0.01757686399,phone,user2,sit
86.85326415,8.556877136,-1.15161097,-2.851494312,-0.02237055451,1.063133955,-0.04633900523,phone,user2,sit
86.87327806,8.559270859,-1.908178806,-1.391031146,-0.5507417321,0.8372978568,-0.003728425596,phone,user2,sit
86.89329599,9.765948296,-0.6871358752,-0.6416460276,-0.6785734296,0.5704491138,0.08628641814,phone,user2,sit
86.91331568,9.940725327,-0.8978256583,-1.276109457,-0.5257080197,0.4122573435,0.3078614175,phone,user2,sit
86.93332314,9.777919769,-1.010353088,-1.00556469,-0.3723099232,0.5299690962,0.519849062,phone,user2,sit
86.95333005,9.581595421,-0.988805294,-0.383072257,-0.2503371537,0.2503371537,0.2950782478,phone,user2,sit
86.97333583,10.12029076,-0.9050082564,-0.8595184088,-0.1997370869,0.003195793368,0.1400822699,phone,user2,sit
86.99334857,10.01973438,-0.9959878922,-1.261744261,-0.1198422536,0.0591221787,0.01012001187,phone,user2,sit
87.01336669,9.883264542,-0.9959878922,-0.6368576288,0.05219795927,0.04261057824,-0.1320927888,phone,user2,sit
87.0333788,8.765172005,-1.070208192,2.980781078,0.3717772961,-0.831438899,-0.1374191195,phone,user2,sit
87.05339575,9.765948296,-0.8571242094,-2.494758129,0.6439523697,-1.861016989,-0.3589941263,phone,user2,sit
87.07341626,9.677363396,-2.26730895,-6.500257492,0.08362326026,-0.5629922748,-0.5635249019,phone,user2,sit
87.09343314,9.15063858,-0.4309563041,-3.117250681,-0.4580637217,0.9981527925,-0.4181163013,phone,user2,sit
87.11345236,8.865729332,-1.113303781,2.724601507,-0.2609897852,0.4687163532,-0.02077265643,phone,user2,sit
87.13347486,10.24957752,-1.699883223,-1.422155857,0.1997370869,-0.3664509654,-0.01917476021,phone,user2,sit
87.15349372,10.11789608,-1.453280449,-1.728613615,0.2396845073,-0.1203748807,-0.001065264456,phone,user2,sit
87.17350821,9.121908188,-3.08373189,-0.7948749661,0.3904194236,-0.348341465,0.3350256681,phone,user2,sit
87.19352165,9.761159897,-3.210624456,-2.097320795,0.2487392575,-0.5672533512,0.5028048158,phone,user2,sit
87.21353302,10.22802925,-2.940079689,-2.825158119,0.1283643693,-0.03888215125,0.5805691481,phone,user2,sit
87.2335495,9.727641106,-2.923320293,-2.353500366,0.06657902896,0.4000068009,0.5720469952,phone,user2,sit
87.25355607,9.646238327,-3.260902643,-1.685518026,0.1443433315,0.6503439546,0.5044026971,phone,user2,sit
87.27356888,10.53688145,-4.872200489,-2.217030764,0.06924218684,0.7046724558,0.4564658105,phone,user2,sit
87.29358228,9.246406555,-2.207453966,-1.357512355,-0.1406149119,0.7265103459,0.4996090233,phone,user2,sit
87.31359138,10.07958889,-2.561795712,-0.3351882398,-0.07723167539,0.5832322836,0.5081311464,phone,user2,sit
87.33360861,10.83376312,-2.181117773,-0.3711012602,0.05965480953,0.4772384763,0.5475459099,phone,user2,sit
87.35361661,10.44350815,-2.08295536,-0.9385270476,0.03195793182,0.3621899188,0.4383563101,phone,user2,sit
87.37362423,10.59434223,-1.934514999,-0.282515794,-0.05166532472,0.3510046303,0.541154325,phone,user2,sit
87.39363216,10.52730465,-1.589749932,0.5410895944,0.09853696078,0.08788431436,0.4564658105,phone,user2,sit
87.41364009,8.674192429,-1.927332401,0.4070142806,0.4511395097,-0.4442152679,0.3440804183,phone,user2,sit
87.43364786,5.264849663,-3.193865061,-1.917755604,0.7462177277,-0.5603290796,0.7004113793,phone,user2,sit
87.45365712,4.175487995,-6.768408298,-2.825158119,1.021055937,-0.6652576327,1.346494317,phone,user2,sit
87.47366626,4.206612587,-4.137180328,-3.27287364,1.038100243,-0.3046656251,2.413356543,phone,user2,sit
87.49368333,15.90707588,-5.025429249,-1.206677675,0.8484831452,0.9278453588,2.501773596,phone,user2,sit
87.51368786,14.55435181,-3.557783842,1.817199111,1.201085687,0.05060006306,1.000815988,phone,user2,sit
87.53370044,11.59511852,-5.770026207,-0.7565677166,1.296959519,-0.02237055451,0.6167881489,phone,user2,sit
87.55371298,7.848193169,-3.150769472,-0.7422025204,0.6620618701,-0.1917476058,0.8990831971,phone,user2,sit
87.5737295,8.7843256,-3.768473387,0.7517793179,0.4250405133,-0.3802994192,1.276186824,phone,user2,sit
87.5937388,7.721300602,-4.431667328,0.7613561153,0.2636529505,-0.1677791476,1.58617878,phone,user2,sit
87.61374845,8.547300339,-4.453215122,0.3591302633,0.07137271762,0.5949501991,1.935052872,phone,user2,sit
87.63375829,9.725247383,-6.019022942,0.5889736414,-0.02822950855,1.697498918,2.167280436,phone,user2,sit
87.65375939,10.74517727,-6.380547523,1.201889277,0.04101268202,1.910019159,2.136387825,phone,user2,sit
87.67376036,12.40196514,-6.703764915,-0.1532289088,0.3014698327,1.439172268,2.076733112,phone,user2,sit
87.69376396,11.37245846,-6.924031258,-0.7182605267,0.2577939928,2.099103689,1.694303155,phone,user2,sit
87.71377306,9.588777542,-6.634333134,0.2585737705,0.1581917703,2.243979692,1.623463035,phone,user2,sit
87.73378216,10.38125896,-6.873753071,-0.1244984865,0.08042746782,2.017078161,1.510012388,phone,user2,sit
87.75378861,9.847352028,-6.457161903,1.192312479,0.07403588295,1.280980468,1.26606679,phone,user2,sit
87.77380255,10.87446404,-6.552929878,2.015917778,0.2950782478,0.6439523697,1.192030907,phone,user2,sit
87.79382021,16.93418884,-4.984727859,3.038241863,0.4953479767,0.3451456726,0.2615224123,phone,user2,sit
87.8138297,14.7985611,-5.068524837,3.909731388,0.9645969868,0.1246359423,-0.6812366247,phone,user2,sit
87.83384048,10.54166985,-4.632780075,4.343081951,1.470064998,0.1731054783,-1.154746652,phone,user2,sit
87.85385103,9.380482674,-4.276044369,5.528211594,1.979261398,0.1278317273,-1.282045722,phone,user2,sit
87.87386657,9.677363396,-3.447650433,3.684676409,2.228533268,0.1352885813,-1.403485894,phone,user2,sit
87.89387907,10.43632507,-2.26730895,2.557007313,1.961151838,0.107591711,-1.871137023,phone,user2,sit
87.91389048,9.933543205,-1.826775908,2.664746523,1.527589202,0.09960222989,-2.463956594,phone,user2,sit
87.93389466,7.943961143,-2.422932148,3.349488258,1.245294094,0.5416869521,-3.004045725,phone,user2,sit
87.95391185,5.564124584,-2.760514498,4.23294878,1.163268805,1.596298814,-3.116963863,phone,user2,sit
87.97392802,4.987122059,-2.149993181,5.099649429,1.471662879,2.676476955,-3.059972048,phone,user2,sit
87.9939488,4.845864296,-2.149993181,4.496310711,1.729456902,2.869289875,-3.05038476,phone,user2,sit
88.01396884,4.237737179,-1.97042799,4.381389141,1.684715748,2.41388917,-2.927346706,phone,user2,sit
88.03399111,3.493140221,-2.243366957,4.551377296,1.689509392,1.92440021,-2.490055561,phone,user2,sit
88.05400712,4.103661537,-1.841141105,4.608838081,1.727326274,2.016545534,-2.09377718,phone,user2,sit
88.07401599,3.950432777,-0.8499416113,4.685452938,1.834385395,2.315884829,-1.761414766,phone,user2,sit
88.09402442,5.176264286,-1.45088625,3.983951569,1.724663138,2.164084673,-1.512142897,phone,user2,sit
88.11402497,5.037400246,-1.029506683,4.541800499,1.460477591,1.805623293,-1.313471079,phone,user2,sit
88.13402392,5.777208805,-0.7996633649,5.243301868,1.267132044,1.728924155,-1.159540415,phone,user2,sit
88.15402825,5.940014362,0.5602431893,5.767632008,1.207477212,1.921737075,-1.108940244,phone,user2,sit
88.17403528,5.181052685,-0.08379705995,6.117185116,1.163268805,1.883920193,-1.019458055,phone,user2,sit
88.19404083,4.800374508,-0.3303998411,6.330269337,1.084439158,1.701759934,-0.7680556774,phone,user2,sit
88.21405255,6.083666325,0.2753331959,6.466738701,0.8447546959,1.491902828,-0.6087986231,phone,user2,sit
88.23405775,6.940790653,0.4812345505,6.993463039,0.6045376062,1.490304947,-0.7179882526,phone,user2,sit
88.2540715,4.984727859,0.4381389022,7.924807549,0.2759034932,1.619734645,-0.8255799413,phone,user2,sit
88.27408216,4.436455727,-0.3256114423,9.56004715,0.1438107044,1.799231648,-0.5736449361,phone,user2,sit
88.294087,4.496310711,-0.007182605099,10.17296314,0.3994741738,2.044242382,-0.3382214606,phone,user2,sit
88.31409161,5.698200226,-0.07422025502,9.48343277,0.6364955306,1.841842294,-0.2471413612,phone,user2,sit
88.33409548,4.663905144,0.988805294,9.028534889,0.6306365728,1.398159623,-0.4095941782,phone,user2,sit
88.35409435,3.986345768,1.036689281,9.121908188,0.5139901042,1.030643344,-0.5257080197,phone,user2,sit
88.3740911,3.845088005,1.647210717,9.165003777,0.423442632,0.9155948162,-0.7078682184,phone,user2,sit
88.39408974,4.036623955,1.920149803,9.39484787,0.4042678475,0.7904262543,-0.9060074091,phone,user2,sit
88.4140879,4.213795185,1.740584612,8.607154846,0.4101268053,0.7739146352,-1.164334059,phone,user2,sit
88.4340913,2.260126352,1.59932673,9.181763649,0.2407497615,0.5608617067,-1.405083776,phone,user2,sit
88.45408665,1.958456993,1.721431017,9.22725296,0.1304948926,0.1549959779,-1.205346704,phone,user2,sit
88.47408876,2.968810081,2.420537949,9.504981041,0.04367584363,-0.2908172011,-0.8783105612,phone,user2,sit
88.49409275,4.022258759,2.262520552,7.58722496,0.2322276533,0.3717772961,-0.7904262543,phone,user2,sit
88.51410021,4.654327869,1.640028119,6.579266071,0.215183422,1.712412596,-0.8064051867,phone,user2,sit
88.5341131,4.163516521,1.912967205,10.23521233,-0.1219727769,0.9624664187,-0.8926916122,phone,user2,sit
88.55412294,3.090914488,2.322375536,9.720458984,0.1288969964,0.4149205089,-0.7792409658,phone,user2,sit
88.57413357,2.099714994,1.999158382,9.076418877,0.4319647253,0.3834952116,-0.7552725077,phone,user2,sit
88.59414384,1.989581585,2.468421936,8.698134422,0.6700513363,0.3813646734,-0.7664577961,phone,user2,sit
88.61415228,1.158793569,2.911349297,9.069235802,0.7936220169,0.3691141307,-0.8431568146,phone,user2,sit
88.63416021,1.204283476,3.026270866,9.03571701,0.7089334726,0.1091896072,-0.8703210354,phone,user2,sit
88.6541713,1.905784607,3.193865061,8.396465302,0.5155879855,-0.05326322466,-0.9006810784,phone,user2,sit
88.67417747,2.427720547,3.335123062,8.178592682,0.2865561247,-0.007989482954,-1.049285531,phone,user2,sit
88.69418966,2.317587137,3.787626982,8.078036308,0.02450108156,-0.1315601617,-1.245294094,phone,user2,sit
88.71421099,1.726219416,3.950432777,8.796297073,-0.3339604139,-0.2343581766,-1.396561742,phone,user2,sit
88.734229,1.139639974,3.993528366,9.325415611,-0.5693838596,-0.251935035,-1.481250167,phone,user2,sit
88.75424157,0.1915361285,5.916072369,9.885659218,-0.4985437691,0.001597896684,-1.424791217,phone,user2,sit
88.77426228,-1.091755986,5.844246387,9.895236015,-0.2466087192,0.7291735411,-1.285774231,phone,user2,sit
88.79427247,-1.323993564,5.530605793,8.892065048,-0.07350324839,1.065264463,-1.035437107,phone,user2,sit
88.81428564,-1.405396342,4.735731125,8.085219383,-0.1848233789,0.8676578999,-1.005609632,phone,user2,sit
88.83429962,-1.707065821,4.228160381,8.027758598,-0.3174487948,0.5832322836,-0.9454222322,phone,user2,sit
88.85431224,-2.013523579,4.151545525,8.731653214,-0.3185140789,0.3062635362,-0.7968178391,phone,user2,sit
88.87432192,-1.833958507,4.031835556,9.054870605,-0.207726568,-0.1571265012,-0.4356931746,phone,user2,sit
88.89432571,-0.7182605267,3.916913986,8.566453934,-0.1512675583,-0.5326322317,-0.1581917703,phone,user2,sit
88.91432654,-1.249773264,4.022258759,8.51617527,-0.1470064968,-0.5320996046,0.03781688958,phone,user2,sit
88.93432896,-0.5267243981,3.888183594,8.863334656,-0.1203748807,-0.57843858,0.2759034932,phone,user2,sit
88.95433099,0.2394201756,3.529053211,8.645462036,-0.1139832959,-0.7861651778,0.3291667104,phone,user2,sit
88.97433931,0.5410895944,3.543418407,8.329427719,-0.1992044598,-0.840493679,0.2652508616,phone,user2,sit
88.99434142,0.6153098345,3.711012602,8.585607529,-0.3318298757,-0.7914915085,0.1885518134,phone,user2,sit
89.0143545,0.6799532771,3.859453201,9.536105156,-0.3840278387,-0.7755125165,0.1177117229,phone,user2,sit
89.03436228,0.8283938169,3.548206806,10.11550236,-0.2087918371,-0.7371630073,0.09480853379,phone,user2,sit
89.05437224,1.458068848,3.253720045,9.777919769,0.02929477207,-0.7552725077,0.07510114461,phone,user2,sit
89.07438462,1.644816518,3.584120035,9.825803757,0.215183422,-0.7020092607,0.04527373984,phone,user2,sit
89.09438935,1.549048543,3.971980572,9.629479408,0.4175836742,-0.6956176758,0.06870955974,phone,user2,sit
89.11440146,1.9321208,4.216189384,8.834604263,0.5374259353,-0.7163903713,0.1043959185,phone,user2,sit
89.13441415,2.772485495,4.515464306,8.50420475,0.5118595958,-0.5880259871,-0.02716424316,phone,user2,sit
89.15442056,1.752555609,4.151545525,8.372523308,0.4165183902,-0.3978762627,-0.1432780623,phone,user2,sit
89.17442939,1.829170108,3.988739967,8.384494781,0.1763012707,-0.2679139972,0.009054748341,phone,user2,sit
89.19443958,1.618480325,4.42209053,8.408436775,-0.05273059011,-0.1480717659,0.1257012039,phone,user2,sit
89.21444943,1.699883223,4.259284973,8.813055992,-0.2071939409,-0.1544633508,0.1619201899,phone,user2,sit
89.23445044,2.157175779,3.936067581,8.959102631,-0.2045307755,-0.1347559541,0.126233831,phone,user2,sit
89.25445099,2.035071373,3.801992416,8.997409821,-0.1661812514,-0.1347559541,0.02663161233,phone,user2,sit
89.27445829,1.862688899,3.79480958,9.124302864,-0.09001484513,-0.09321063757,-0.001065264456,phone,user2,sit
89.29446845,1.855506301,3.711012602,9.416395187,-0.01171790902,-0.1193096191,0.003728425596,phone,user2,sit
89.31447657,2.073378563,3.663128614,9.193734169,0.07723167539,-0.1880191714,0.00266316114,phone,user2,sit
89.3344854,2.238578558,3.770867586,8.58081913,0.07616640627,-0.1901497096,-0.03036003746,phone,user2,sit
89.35449439,2.238578558,3.758896589,8.370129585,-0.02556634694,-0.08841694891,-0.07563377917,phone,user2,sit
89.37450208,2.061407566,3.739742994,8.406042099,-0.08628641814,-0.001065264456,-0.09161274135,phone,user2,sit
89.39450458,1.707065821,3.636792421,8.599972725,-0.0825579986,0.08841694891,-0.06231797114,phone,user2,sit
89.41451216,1.640028119,3.711012602,9.066842079,0.003728425596,0.07723167539,0.008522115648,phone,user2,sit
89.43452361,1.78368032,3.79241538,8.995016098,0.06231797114,-0.03728425503,0.0394147858,phone,user2,sit
89.4545397,1.934514999,3.749319792,8.63109684,0.006391586736,-0.09480853379,0.02663161233,phone,user2,sit
89.47455728,2.00873518,3.842693806,8.628703117,-0.07829693705,-0.04048004746,0.01278317347,phone,user2,sit
89.49457396,1.738190413,3.818751812,8.959102631,-0.09853696078,-0.03515372798,0.001597896684,phone,user2,sit
89.51459083,1.719036818,3.849876404,9.155426979,-0.06711166352,-0.1187769845,0.01118527725,phone,user2,sit
89.5346022,2.042253971,3.799597979,8.954314232,-0.05805691332,-0.1752360016,0.004793690052,phone,user2,sit
89.55461208,1.905784607,3.854664803,8.892065048,-0.01278317347,-0.1331580579,0.02822950855,phone,user2,sit
89.57461884,2.30801034,3.785232782,8.990227699,0.05166532472,-0.1182443574,0.03621899337,phone,user2,sit
89.59462646,1.845929503,3.785232782,9.006986618,0.1145159304,-0.1187769845,0.02183792181,phone,user2,sit
89.61463095,1.675941229,3.818751812,8.904036522,0.1374191195,-0.1358212233,0.05273059011,phone,user2,sit
89.63463114,1.946485996,3.722983599,8.602366447,0.1225054115,-0.1683117896,0.004793690052,phone,user2,sit
89.65463192,2.185906172,3.79480958,8.532935143,0.09321063757,-0.1464738697,-0.003195793368,phone,user2,sit
89.67463529,2.049436569,3.955221176,8.820239067,0.08415589482,-0.1736381054,-0.00532632228,phone,user2,sit
89.69464525,1.800439715,3.876212597,8.829815865,0.08841694891,-0.2482066154,-0.02769687586,phone,user2,sit
89.71466181,1.754949808,3.936067581,8.918401718,0.06817692518,-0.2487392575,0.03408846259,phone,user2,sit
89.73467993,2.11647439,3.816357613,8.77235508,0.1209075153,-0.3147856593,0.04687163606,phone,user2,sit
89.75469505,2.494758129,3.881000996,8.755595207,0.1970739216,-0.3137203753,0.05166532472,phone,user2,sit
89.77471825,2.434903145,4.046200752,8.817844391,0.2780340314,-0.3621899188,0.01065264456,phone,user2,sit
89.79473669,2.597708941,3.861847401,8.738836288,0.3174487948,-0.3616572917,-0.03781688958,phone,user2,sit
89.81475091,2.724601507,3.962403774,6.397306919,0.2370213419,-0.2407497615,-0.04687163606,phone,user2,sit
89.83476673,2.868253708,4.192247391,7.864952564,-0.08841694891,0.01118527725,-0.02609897964,phone,user2,sit
89.85478603,2.41574955,4.206612587,8.489839554,-0.09108011425,0.006924218964,-0.01864212751,phone,user2,sit
89.87480497,2.19308877,4.153939724,8.944737434,-0.008522115648,-0.08042746782,0.009587380104,phone,user2,sit
89.89482868,2.482787132,4.01507616,8.226476669,0.06178534031,-0.1661812514,0.05273059011,phone,user2,sit
