Time,Acc_X,Acc_Y,Acc_Z,Gyro_X,Gyro_Y,Gyro_Z,Device,Subject,Activity
0.009874348,3.217807055,5.480327606,6.892906666,-0.4229099751,0.3616572917,-0.07084008306,phone,user2,stand
0.029888488,3.289633036,5.487510204,6.502651691,-0.4229099751,0.3616572917,-0.07084008306,phone,user2,stand
0.049899738,2.846705914,5.485116005,6.387730122,-0.6221144199,0.6008091569,-0.02822950855,phone,user2,stand
0.06991216,2.894589901,5.260061264,6.730101109,-0.7946872711,0.7984157205,-0.006391586736,phone,user2,stand
0.089922942,2.659958124,4.90571928,7.082048416,-0.9139968753,0.9299758673,-0.03195793182,phone,user2,stand
0.109935754,3.634398222,4.168305397,7.046135426,-0.9789780378,0.9773801565,-0.06285060197,phone,user2,stand
0.129942082,2.53067112,3.699041605,7.240066051,-1.00028336,0.9347695708,-0.01065264456,phone,user2,stand
0.149948918,3.033453465,4.204218388,7.625532627,-1.176051974,0.7866978049,0.02716424316,phone,user2,stand
0.169957395,2.772485495,3.895366192,8.468291283,-1.097755075,0.7776430249,0.1091896072,phone,user2,stand
0.189964699,3.19865346,2.978386879,7.328651428,-0.9576727748,0.6167881489,0.133690685,phone,user2,stand
0.209972004,2.889801502,2.8969841,6.72531271,-1.021588564,0.4511395097,0.103863284,phone,user2,stand
0.229982668,2.099714994,3.351882458,7.184999466,-1.129712939,0.1960086524,0.1965412945,phone,user2,stand
0.249986926,1.094150186,3.471592426,7.503427982,-1.131310821,0.07350324839,0.4575310946,phone,user2,stand
0.26999177,0.5003881454,3.488351822,7.577648163,-1.117995024,0.3302319944,0.7147924304,phone,user2,stand
0.290005051,0.5267243981,3.64158082,6.787561893,-0.9645969868,0.6258428693,1.0258497,phone,user2,stand
0.310019426,2.803610086,1.589749932,7.611167431,-0.7494135499,1.226652026,1.040230751,phone,user2,stand
0.330036457,2.176329374,1.520318031,7.833827972,-0.7707188129,0.622647047,0.7030745149,phone,user2,stand
0.350060832,1.335964561,2.075772762,8.329427719,-0.8261125684,-0.1454086006,0.5864281058,phone,user2,stand
0.370081496,1.82198751,0.8523358107,7.900865555,-0.7350324988,-0.3147856593,0.5534048676,phone,user2,stand
0.390092395,1.216254473,1.491587639,7.829039574,-0.7605988383,-0.8964200616,0.5459480286,phone,user2,stand
0.410111379,1.460463047,1.364694953,7.627926826,-0.8724516034,-1.422128081,0.7765777707,phone,user2,stand
0.430125207,2.971204281,0.1987187415,7.898471355,-0.9789780378,-1.441835403,0.7403587699,phone,user2,stand
0.450147942,2.427720547,1.063025594,9.042900085,-0.9512811303,-1.549427152,0.5235774517,phone,user2,stand
0.470171106,2.121262789,0.3088520169,8.257601738,-0.8570052385,-1.818406463,0.5427522659,phone,user2,stand
0.490185559,1.807622313,0.04548983276,7.783549786,-0.9097358584,-1.80615592,0.7366303802,phone,user2,stand
0.510203332,2.240972757,-0.5243301988,8.092401505,-1.077515006,-1.462608099,1.040763378,phone,user2,stand
0.530227434,3.428496838,-0.5075707436,7.999027729,-1.284708977,-1.442900658,1.294828892,phone,user2,stand
0.550245285,4.170699596,-0.8786720037,8.621520042,-1.34596169,-1.610679865,1.225586772,phone,user2,stand
0.570260403,3.574543238,-1.549048543,8.951920509,-1.137702465,-1.919073939,1.08230865,phone,user2,stand
0.59027341,2.997540474,-1.953668594,8.813055992,-0.7515440583,-2.363821745,1.189900398,phone,user2,stand
0.610280559,3.224989653,-2.257732153,7.388506413,-0.3707120419,-2.826146603,1.409344912,phone,user2,stand
0.630282278,3.481169224,-2.8993783,5.990292549,-0.415453136,-3.107908964,1.618136764,phone,user2,stand
0.650287317,3.837905407,-3.701435804,6.983886242,-0.5523396134,-3.43068409,1.978196144,phone,user2,stand
0.670290676,5.092466831,-4.213795185,8.109161377,-0.2242381722,-4.218979836,2.311623812,phone,user2,stand
0.690296379,6.500257492,-4.321534157,7.963114738,0.2870887816,-4.967860699,2.463956594,phone,user2,stand
0.71030134,8.377311707,-4.814739704,7.541735172,0.5928196907,-4.796885967,2.609365225,phone,user2,stand
0.730312551,8.872911453,-5.018246651,6.981492043,0.6604639888,-4.01444912,2.670618057,phone,user2,stand
0.750319192,9.567230225,-5.008669853,6.576871872,0.801078856,-3.341202021,2.764894009,phone,user2,stand
0.770330129,11.43949604,-4.683058739,6.715735912,0.9203884602,-3.148389101,2.740392923,phone,user2,stand
0.790333996,11.99495029,-4.060565948,6.521805286,1.11692977,-3.06476593,2.533731461,phone,user2,stand
0.810346848,11.70285797,-4.934449673,5.961562157,1.314536333,-2.584331512,2.276470184,phone,user2,stand
0.830361379,11.26950741,-4.649539471,4.838681698,1.466869116,-2.121474266,2.160356283,phone,user2,stand
0.850371848,11.93270111,-4.359841347,3.90254879,1.500957608,-1.857288599,2.044775009,phone,user2,stand
0.870374231,12.82334423,-4.718971729,2.892195702,1.483913422,-1.531850338,1.852494836,phone,user2,stand
0.89037802,12.05959415,-3.924096584,2.832340717,1.355016351,-1.251153111,1.585113525,phone,user2,stand
0.910383528,12.70123959,-3.873818398,2.485181332,1.456216455,-1.24422884,1.291100502,phone,user2,stand
0.930397746,12.2750721,-3.313575268,1.33835876,1.486576557,-1.250620484,0.9400959015,phone,user2,stand
0.950402395,12.5551939,-3.208230257,0.9385270476,1.25701201,-0.9864348769,0.548078537,phone,user2,stand
0.970411028,11.63103199,-3.11964488,2.449268341,1.094559193,-0.8644620776,0.1363538504,phone,user2,stand
0.99041884,10.10831928,-3.354276657,3.713406801,1.317199469,-1.348092198,0.005858954508,phone,user2,stand
1.010421457,9.945513725,-3.445256233,2.506729126,1.728391528,-1.618136764,-0.1842907518,phone,user2,stand
1.03042177,10.7332058,-2.698265314,-0.2873041928,1.62239778,-1.758219004,-0.31105721,phone,user2,stand
1.050431301,10.96304989,-2.147598982,-1.623268723,1.269262552,-1.688976765,-0.5390238166,phone,user2,stand
1.070441574,11.28626728,-2.379836559,-2.396595955,0.5592638254,-0.928377986,-0.7318366766,phone,user2,stand
1.090457121,9.895236015,-0.538695395,-3.229778051,0.103863284,-0.7131945491,-1.048752904,phone,user2,stand
1.110462785,10.65419769,-0.9433154464,-4.189853191,-0.5896238685,-0.7217166424,-1.335841656,phone,user2,stand
1.130469699,9.057265282,-1.218648672,-2.439691544,-1.058340192,-0.7265103459,-1.510012388,phone,user2,stand
1.150478059,8.269572258,-2.286462545,-0.6153098345,-1.132376075,-0.9017463326,-1.410942793,phone,user2,stand
1.170484309,7.630321026,-2.468421936,1.651999116,-0.9033442736,-1.133441329,-1.008272767,phone,user2,stand
1.190497824,8.106766701,-2.545036316,3.766079187,-0.4181163013,-1.307079434,-0.7089334726,phone,user2,stand
1.210510363,6.488286495,-2.82036972,-0.6679822803,-0.02450108156,-1.291100502,-0.4783037305,phone,user2,stand
1.230528606,5.377377033,-2.319981337,-5.884947777,-0.4612595141,-1.197889924,-0.2290318608,phone,user2,stand
1.250549309,3.830722809,-1.695094824,-4.762067318,-1.268197298,-1.067927599,0.4271710515,phone,user2,stand
1.270561887,8.360552788,-5.442020416,-0.4381389022,-1.432780743,-1.15687716,1.269262552,phone,user2,stand
1.290571184,11.77947235,-4.237737179,2.729389906,-0.9470201135,-0.467651099,1.438639641,phone,user2,stand
1.310573528,18.72026253,-2.964021683,0.9864110947,-0.4463458061,-0.08575379103,0.840493679,phone,user2,stand
1.330569973,13.26148319,-3.904942989,0.3303998411,-0.5667206645,0.3797667921,-0.3446130455,phone,user2,stand
1.350576653,6.976703644,-4.833893299,-1.460463047,-0.691889286,0.4623247683,-0.3845604658,phone,user2,stand
1.370576145,5.231330872,-4.139574528,-5.671864033,-0.9965549111,0.4293015897,-0.09321063757,phone,user2,stand
1.390579426,6.617573261,-5.954379559,0.739808321,-1.083373904,0.460726887,0.3131877482,phone,user2,stand
1.410586613,6.4691329,-6.114790916,-0.5554547906,-0.6865629554,0.996022284,0.7297061682,phone,user2,stand
1.430593059,8.377311707,-6.768408298,0.1292868853,-0.8319715261,1.075917125,1.419464946,phone,user2,stand
1.450595793,12.59589481,-8.585607529,0.1604115069,-0.6956176758,1.202150941,1.443433285,phone,user2,stand
1.470594738,10.22324085,-6.382941723,-1.391031146,-0.8602010608,0.9592706561,1.294828892,phone,user2,stand
1.490595949,8.925583839,-4.927267075,-1.027112484,-1.144626617,0.4468784332,1.286839485,phone,user2,stand
1.510600363,6.402095318,-4.709394932,-0.248996973,-1.139832973,-0.1518001854,1.443965912,phone,user2,stand
1.530601809,5.291185856,-4.941632271,0.2705447972,-0.8287757635,-0.5912217498,2.027730942,phone,user2,stand
1.550609192,5.31273365,-5.896918774,-0.1244984865,-0.2897519469,-0.7904262543,2.662628412,phone,user2,stand
1.570621574,6.179434776,-6.275202751,-0.4668693244,0.2274339646,-0.5816344023,3.035470963,phone,user2,stand
1.590632082,7.184999466,-7.249642849,-0.1149216816,0.6247776151,-0.19281286,3.367300987,phone,user2,stand
1.610636731,6.809109688,-5.772420406,-2.197877169,0.7733820081,-0.4410194755,2.569417953,phone,user2,stand
1.630642707,9.287108421,-5.98789835,-1.537077546,0.2402171344,-1.180312991,2.265284777,phone,user2,stand
1.650655832,7.335834026,-4.446032524,-0.1843535304,0.5251753926,-0.69668293,2.211488962,phone,user2,stand
1.670663293,9.30386734,-6.730101109,-0.1891419291,1.193096161,0.3051982522,1.71347785,phone,user2,stand
1.690674348,7.618350029,-9.097966194,-1.33835876,0.9731190801,0.111320138,0.9667274952,phone,user2,stand
1.710684817,6.179434776,-11.24077702,-1.929726601,0.253000319,-1.015729666,0.460726887,phone,user2,stand
1.730693996,4.304774761,-11.14979744,-0.6560112834,-0.08788431436,-0.9507485032,-0.1145159304,phone,user2,stand
1.750695129,3.991134167,-9.718064308,-0.6129156351,0.2098570913,-0.2492718846,0.07030745596,phone,user2,stand
1.770701106,6.289567947,-7.520187378,-1.170764685,0.03834952042,-0.3281014562,0.1645833552,phone,user2,stand
1.790706692,2.726995707,2.904166698,-1.656787634,0.09640643001,-0.5390238166,0.2024002522,phone,user2,stand
1.810709856,5.54257679,0.3878606856,2.236184359,-0.9970875382,-0.8202536106,1.843440175,phone,user2,stand
1.830716613,3.945644379,-4.448426723,1.331176162,0.543284893,1.1840415,1.132908702,phone,user2,stand
1.85072216,-0.2106897533,-5.614402771,0.9265560508,1.303351045,2.053829908,1.638376713,phone,user2,stand
1.870717981,-0.181959331,-8.753201485,0.8307880163,1.645833611,2.491653681,2.642388582,phone,user2,stand
1.890715754,-1.051054597,-8.832210541,-0.4548983276,1.145691872,2.215749979,3.352919817,phone,user2,stand
1.910711262,-0.2178723514,-8.250418663,-0.8451532125,0.2775014043,1.900431752,3.867442608,phone,user2,stand
1.930708879,0.1628057212,-7.28316164,-0.8188169599,-0.6727145314,1.959553957,4.11618185,phone,user2,stand
1.95071466,-0.4501099288,-7.388506413,0.624886632,-0.8719189763,2.336657524,4.171042919,phone,user2,stand
1.970719856,-0.5698199868,-10.9199543,1.975216389,-0.08149272949,2.204032183,3.958522797,phone,user2,stand
1.990726223,8.365341187,-25.44796944,1.359906554,0.3973436356,1.684183121,2.440520763,phone,user2,stand
2.010740949,10.11071396,-25.28037643,2.640804529,-0.2359560728,-1.567536592,0.1102548689,phone,user2,stand
2.030758801,0.9744400978,-15.80651951,3.026270866,0.3941478431,-2.329200745,-0.4692489803,phone,user2,stand
2.050769465,-1.010353088,-4.027047157,0.5530605912,0.8218515515,-0.2711097896,1.576591372,phone,user2,stand
2.07077509,2.762908697,-9.29189682,1.517923832,0.727042973,-0.4804342687,0.06604639441,phone,user2,stand
2.090781223,-3.282450438,-11.31978607,0.3423708379,0.7632619739,-0.4846953154,-0.691889286,phone,user2,stand
2.110794035,-7.050923824,-10.90798283,-1.606509328,0.5225121975,0.1821602285,-0.3872236311,phone,user2,stand
2.130801926,-4.003105164,-10.10831928,-2.133233786,-0.0165115986,0.3904194236,0.007989482954,phone,user2,stand
2.150814934,-1.383848548,-9.988609314,-1.22822547,-0.5241101384,0.4106594622,0.0655137673,phone,user2,stand
2.170834153,0.4453215301,-9.957485199,-0.03351882473,-0.7595335841,0.4708468914,-0.1747033745,phone,user2,stand
2.190845949,1.060631394,-9.378087997,0.4812345505,-0.7957525253,0.6114618182,-0.5438175201,phone,user2,stand
2.21086134,0.7972691655,-9.064447403,1.048660398,-0.8053399324,0.7254450917,-0.7946872711,phone,user2,stand
2.230878449,1.606509328,-9.11233139,2.26970315,-0.7068029642,0.8037420511,-0.6673882008,phone,user2,stand
2.250894153,2.420537949,-9.457097054,3.177105665,-0.28921929,0.6359629035,-0.3510046303,phone,user2,stand
2.27092259,2.796427488,-9.155426979,2.705447912,0.1922802329,0.04420847446,-0.0330231972,phone,user2,stand
2.290946457,3.857059002,-8.511386871,0.9457096457,0.4186489284,-0.1507349163,0.08948221803,phone,user2,stand
2.310959035,2.149993181,-9.804255486,-0.09097966552,0.2711097896,0.3573962152,-0.2087918371,phone,user2,stand
2.33097216,1.218648672,-10.08198357,-0.0359130241,0.09001484513,0.7169229984,-0.3382214606,phone,user2,stand
2.350979035,-0.1604115069,-10.03888798,0.1651999205,0.02343581803,0.7424893379,-0.3600593805,phone,user2,stand
2.370987551,-0.2274491638,-9.844957352,0.3806780577,0.05060006306,0.691889286,-0.3627225459,phone,user2,stand
2.391009973,-0.7302315235,-10.12747288,0.2035071403,-0.03621899337,0.430899471,-0.1438107044,phone,user2,stand
2.411034973,-0.8930372596,-10.12268448,0.5937620401,-0.01225054078,0.1912149638,-0.1006674916,phone,user2,stand
2.431056262,0.3280056417,-9.943120003,0.4189853072,-0.0165115986,-0.01597896591,0.06231797114,phone,user2,stand
2.451076379,0.9313444495,-9.732429504,0.5506663918,-0.04740426689,-0.06444849819,0.08096009493,phone,user2,stand
2.471089621,1.290474772,-9.667786598,0.6871358752,-0.06285060197,0.02290318534,0.04154531285,phone,user2,stand
2.491106692,1.307234168,-9.739612579,0.8667010069,-0.08735168725,0.1438107044,-0.003195793368,phone,user2,stand
2.511114192,0.962469101,-9.816226959,0.9241618514,-0.08149272949,0.2466087192,-0.04527373984,phone,user2,stand
2.531124387,0.6871358752,-9.691728592,0.7829039693,-0.05326322466,0.2785666585,-0.03994741663,phone,user2,stand
2.551145871,0.7900865674,-9.430760384,0.6488286853,-0.03249056637,0.2343581766,-0.02024002373,phone,user2,stand
2.571163254,0.9265560508,-9.543288231,0.5506663918,-0.03515372798,0.2082591951,-0.03036003746,phone,user2,stand
2.591189348,0.9026140571,-9.562441826,0.6488286853,-0.05432848632,0.3126551211,-0.0500674285,phone,user2,stand
2.611211692,0.8643068075,-9.634267807,0.8403648138,-0.05166532472,0.3259709179,-0.05113269389,phone,user2,stand
2.631232199,0.8882488012,-9.639056206,0.8786720037,-0.003728425596,0.1906823367,-0.01810949668,phone,user2,stand
2.651251926,0.9576807022,-9.696516991,0.6200982332,0.07030745596,0.07616640627,-0.00532632228,phone,user2,stand
2.671267199,1.070208192,-9.844957352,0.3950432837,0.06711166352,0.07190535218,0.02343581803,phone,user2,stand
2.691278371,0.9313444495,-9.976638794,0.316034615,0.06285060197,0.06604639441,0.03515372798,phone,user2,stand
2.711282082,1.125274777,-9.555258751,0.349553436,0.06018744037,0.04474110901,0.03142530099,phone,user2,stand
2.73128716,0.8714894056,-9.727641106,0.2777273953,0.02450108156,0.1022653878,0.02024002373,phone,user2,stand
2.751296731,0.9720458984,-9.895236015,0.6177040339,0.0165115986,0.07030745596,0.02876213938,phone,user2,stand
2.771303762,0.9816226959,-9.627084732,0.5267243981,0.04367584363,0.06657902896,0.02183792181,phone,user2,stand
2.791311067,0.8403648138,-9.756371498,0.6009446383,0.01810949668,0.103863284,0.009054748341,phone,user2,stand
2.811318293,0.8236053586,-9.83777523,0.5027823448,0.01278317347,0.09853696078,-0.02822950855,phone,user2,stand
2.831323293,0.4812345505,-9.923966408,0.5219359994,-0.04154531285,0.07403588295,-0.02929477207,phone,user2,stand
2.851325442,0.8355764151,-9.655815125,0.825999558,-0.03888215125,0.00266316114,0.02929477207,phone,user2,stand
2.871323488,0.6679822803,-9.572018623,0.4932055473,0.0165115986,0.1528654546,0.003728425596,phone,user2,stand
2.891334895,0.5817909837,-9.797073364,0.6392518282,-0.0500674285,0.2258360684,-0.01597896591,phone,user2,stand
2.911339231,0.7637503147,-9.672574997,0.8882488012,-0.02822950855,0.3036003709,-0.006391586736,phone,user2,stand
2.931343996,0.6200982332,-9.761159897,0.8140285611,0.005858954508,0.3909520507,-0.0564590171,phone,user2,stand
2.951352238,0.7038952708,-10.07719517,0.8403648138,0.0197073929,0.3275688291,-0.02609897964,phone,user2,stand
2.971369113,0.3208230138,-9.708487511,1.118092179,0.07456851006,0.2348908186,-0.002130528912,phone,user2,stand
2.991387903,0.3591302633,-9.655815125,0.4884171486,0.1278317273,0.09374327213,0.01438106969,phone,user2,stand
3.011409543,0.8188169599,-9.710882187,0.323217243,-0.01012001187,0.2237055302,0.01917476021,phone,user2,stand
3.031420676,0.7948749661,-9.763554573,0.6871358752,-0.07137271762,0.3818973005,-0.02077265643,phone,user2,stand
3.051441379,0.7541735172,-9.765948296,0.7278373241,-0.07403588295,0.4010720551,-0.02237055451,phone,user2,stand
3.071461106,0.6943184733,-9.732429504,0.8020575643,-0.08149272949,0.3898867965,-0.01917476021,phone,user2,stand
3.091472512,0.7302315235,-9.694122314,0.9097966552,-0.07616640627,0.3888215125,-0.01278317347,phone,user2,stand
3.111479699,0.7230489254,-9.677363396,0.9385270476,-0.07030745596,0.3808320463,-0.01491370238,phone,user2,stand
3.131484074,0.758961916,-9.674968719,0.9433154464,-0.07510114461,0.3696467578,-0.01384843793,phone,user2,stand
3.151484973,0.8379706144,-9.727641106,0.9457096457,-0.07297061384,0.3302319944,-0.004261057824,phone,user2,stand
3.171487278,1.022324085,-9.720458984,0.895431459,-0.05752427876,0.2689792812,0.01491370238,phone,user2,stand
3.191498723,1.168370485,-9.634267807,0.8283938169,-0.04261057824,0.2199771106,0.02183792181,phone,user2,stand
3.211511887,1.132457376,-9.583989143,0.9241618514,-0.04048004746,0.1896170676,0.01331580617,phone,user2,stand
3.231528098,0.9983820915,-9.605537415,1.017535686,-0.02822950855,0.1789644361,0.006924218964,phone,user2,stand
3.251541262,0.873883605,-9.641449928,0.940921247,-0.01278317347,0.1661812514,0.001597896684,phone,user2,stand
3.27156134,0.8092401624,-9.715670586,0.8044517636,-0.004261057824,0.1565938741,0.002130528912,phone,user2,stand
3.291582199,0.7805097699,-9.737217903,0.7493851185,0.001597896684,0.134223327,0.01012001187,phone,user2,stand
3.311602043,0.8667010069,-9.698910713,0.6296750307,-0.002130528912,0.1182443574,0.01757686399,phone,user2,stand
3.331611262,0.9289502501,-9.701305389,0.7015010715,-0.01065264456,0.1139832959,0.02130528912,phone,user2,stand
3.351615988,0.9121908545,-9.756371498,0.7900865674,-0.01012001187,0.07936219871,0.0197073929,phone,user2,stand
3.371627551,0.873883605,-9.698910713,0.7829039693,0.002130528912,0.03834952042,0.02556634694,phone,user2,stand
3.391642629,0.7948749661,-9.696516991,0.6943184733,0.003195793368,0.01757686399,0.02716424316,phone,user2,stand
3.411657395,0.806845963,-9.746794701,0.6991068721,0.0,0.01438106969,0.03355583176,phone,user2,stand
3.431664778,0.8643068075,-9.725247383,0.7062895298,0.003728425596,0.006391586736,0.03568635881,phone,user2,stand
3.451678176,0.9504981041,-9.677363396,0.7062895298,0.01331580617,-0.007989482954,0.03142530099,phone,user2,stand
3.471689113,1.010353088,-9.691728592,0.6775590777,0.01225054078,-0.02556634694,0.0170442313,phone,user2,stand
3.491698762,0.9121908545,-9.708487511,0.7469909191,0.01065264456,-0.03568635881,0.007456851192,phone,user2,stand
3.511712707,0.720654726,-9.679757118,0.8236053586,0.02663161233,-0.04420847446,0.009587380104,phone,user2,stand
3.531724153,0.6775590777,-9.701305389,0.7517793179,0.04420847446,-0.0564590171,0.02024002373,phone,user2,stand
3.551730207,0.691924274,-9.684545517,0.672770679,0.04740426689,-0.06657902896,0.02663161233,phone,user2,stand
3.571742785,0.739808321,-9.682151794,0.6607996821,0.05326322466,-0.09267801046,0.03408846259,phone,user2,stand
3.591757551,0.8020575643,-9.725247383,0.6368576288,0.05805691332,-0.1294296384,0.03408846259,phone,user2,stand
3.611767121,0.806845963,-9.770736694,0.6464344859,0.0564590171,-0.1539307088,0.03515372798,phone,user2,stand
3.631776692,0.7900865674,-9.81143856,0.6368576288,0.05432848632,-0.1667138934,0.02982740477,phone,user2,stand
3.651783332,0.6799532771,-9.809044838,0.5961562395,0.04048004746,-0.1427454352,0.01757686399,phone,user2,stand
3.671793645,0.5889736414,-9.821015358,0.6224924326,0.02396845073,-0.09480853379,0.007456851192,phone,user2,stand
3.691800442,0.4764461517,-9.81143856,0.6607996821,0.008522115648,-0.04900216311,0.001065264456,phone,user2,stand
3.711804465,0.4501099288,-9.765948296,0.7086837292,0.000532632228,-0.0165115986,0.005858954508,phone,user2,stand
3.731811457,0.5315127969,-9.744400978,0.7134721279,-0.004793690052,-0.003195793368,0.008522115648,phone,user2,stand
3.751822707,0.6607996821,-9.737217903,0.6871358752,-0.01864212751,-0.00532632228,0.009054748341,phone,user2,stand
3.77183552,0.7326257229,-9.720458984,0.7685387731,-0.02503371425,0.0,0.006924218964,phone,user2,stand
3.791846965,0.8044517636,-9.686940193,0.8475474119,-0.02237055451,-0.01491370238,0.008522115648,phone,user2,stand
3.811854934,0.8451532125,-9.648633003,0.8403648138,-0.01544633508,-0.03036003746,0.006391586736,phone,user2,stand
3.831855012,0.8499416113,-9.641449928,0.8116343617,-0.01012001187,-0.02876213938,-0.000532632228,phone,user2,stand
3.851863254,0.825999558,-9.718064308,0.787692368,-0.006924218964,-0.03408846259,0.002130528912,phone,user2,stand
3.87187677,0.8283938169,-9.732429504,0.7541735172,-0.001597896684,-0.04953479767,0.00532632228,phone,user2,stand
3.891885988,0.9026140571,-9.713275909,0.7086837292,-0.00266316114,-0.0788295716,0.007989482954,phone,user2,stand
3.911900715,0.9528923035,-9.713275909,0.7110779285,-0.01278317347,-0.09480853379,0.003728425596,phone,user2,stand
3.93191466,0.9385270476,-9.746794701,0.8020575643,-0.01225054078,-0.1091896072,-0.001597896684,phone,user2,stand
3.951930403,0.873883605,-9.732429504,0.8475474119,0.004793690052,-0.1304948926,-0.006391586736,phone,user2,stand
3.97193927,0.8690952063,-9.689333916,0.7374141216,0.01757686399,-0.1390170157,-0.01491370238,phone,user2,stand
3.991946574,0.8834604025,-9.718064308,0.672770679,0.02290318534,-0.1475391239,-0.02237055451,phone,user2,stand
4.011953879,0.8188169599,-9.775525093,0.5913678408,0.02769687586,-0.1523328125,-0.02876213938,phone,user2,stand
4.031970754,0.7254431248,-9.81143856,0.517147541,0.0197073929,-0.1416801661,-0.03089267015,phone,user2,stand
4.051982785,0.6943184733,-9.821015358,0.55784899,-0.001597896684,-0.1219727769,-0.03089267015,phone,user2,stand
4.071986379,0.6584054828,-9.770736694,0.6799532771,-0.01012001187,-0.08575379103,-0.02929477207,phone,user2,stand
4.091990207,0.5889736414,-9.696516991,0.7326257229,-0.006924218964,-0.05432848632,-0.02663161233,phone,user2,stand
4.11199759,0.5291185975,-9.689333916,0.6799532771,-0.006924218964,-0.02343581803,-0.01491370238,phone,user2,stand
4.132004035,0.5554547906,-9.703699112,0.6584054828,-0.01118527725,-0.007989482954,0.003195793368,phone,user2,stand
4.152013254,0.7134721279,-9.672574997,0.6512228847,-0.01225054078,-0.01384843793,0.01384843793,phone,user2,stand
4.172010871,0.8236053586,-9.670180321,0.6631938815,-0.01225054078,0.0,0.01118527725,phone,user2,stand
4.192019309,0.8810662031,-9.734824181,0.6799532771,-0.009587380104,0.0165115986,0.004793690052,phone,user2,stand
4.212034973,0.895431459,-9.768342972,0.6200982332,-0.01225054078,0.02290318534,-0.00532632228,phone,user2,stand
4.232047707,0.7900865674,-9.761159897,0.6488286853,-0.0165115986,0.03036003746,-0.01331580617,phone,user2,stand
4.252059426,0.7230489254,-9.761159897,0.7278373241,-0.01065264456,0.03355583176,-0.01118527725,phone,user2,stand
4.272077551,0.787692368,-9.742006302,0.6847416759,-0.001065264456,0.02769687586,-0.004261057824,phone,user2,stand
4.292096535,0.8714894056,-9.708487511,0.5961562395,-0.006391586736,0.02609897964,-0.003195793368,phone,user2,stand
4.312111692,0.8786720037,-9.696516991,0.5937620401,-0.01438106969,0.03089267015,-0.003728425596,phone,user2,stand
4.332129504,0.8451532125,-9.701305389,0.6368576288,-0.0197073929,0.02929477207,-0.004793690052,phone,user2,stand
4.352157824,0.8092401624,-9.701305389,0.672770679,-0.01917476021,0.02556634694,-0.005858954508,phone,user2,stand
4.372183957,0.806845963,-9.698910713,0.7254431248,-0.01597896591,0.03249056637,-0.003728425596,phone,user2,stand
4.392195832,0.8116343617,-9.713275909,0.7948749661,-0.00266316114,0.0330231972,0.003195793368,phone,user2,stand
4.412202356,0.8331822157,-9.706093788,0.7661445141,0.01491370238,0.02503371425,0.009587380104,phone,user2,stand
4.432220754,0.8595184088,-9.696516991,0.6416460276,0.02183792181,0.02982740477,0.009587380104,phone,user2,stand
4.452242629,0.8355764151,-9.722852707,0.5793967843,0.02130528912,0.02556634694,0.004793690052,phone,user2,stand
4.472250637,0.7350199223,-9.744400978,0.5793967843,0.01491370238,0.01065264456,0.00266316114,phone,user2,stand
4.49225802,0.6560112834,-9.773131371,0.6703764796,0.01065264456,0.007456851192,0.008522115648,phone,user2,stand
4.51226091,0.6584054828,-9.744400978,0.7302315235,0.01278317347,0.01225054078,0.0170442313,phone,user2,stand
4.532267238,0.6871358752,-9.708487511,0.6967126727,0.01171790902,0.03355583176,0.01810949668,phone,user2,stand
4.552276653,0.6488286853,-9.684545517,0.6967126727,0.007989482954,0.06444849819,0.02183792181,phone,user2,stand
4.572290871,0.6584054828,-9.749189377,0.7182605267,0.00532632228,0.07456851006,0.02769687586,phone,user2,stand
4.59229759,0.7733271718,-9.813833237,0.7134721279,0.007456851192,0.07030745596,0.03408846259,phone,user2,stand
4.612309582,0.8882488012,-9.737217903,0.7613561153,0.0170442313,0.05326322466,0.03515372798,phone,user2,stand
4.63231927,0.9481038451,-9.689333916,0.7134721279,0.02450108156,0.04048004746,0.03249056637,phone,user2,stand
4.652324934,0.962469101,-9.715670586,0.7158663273,0.02077265643,0.02503371425,0.02609897964,phone,user2,stand
4.672338332,0.9074024558,-9.753977776,0.739808321,0.02130528912,0.008522115648,0.0165115986,phone,user2,stand
4.692353957,0.8044517636,-9.715670586,0.7685387731,0.02077265643,-0.000532632228,0.01065264456,phone,user2,stand
4.712377942,0.7517793179,-9.701305389,0.8164227605,0.02130528912,-0.004793690052,0.01118527725,phone,user2,stand
4.732397824,0.739808321,-9.710882187,0.8762778044,0.02929477207,-0.01118527725,0.0165115986,phone,user2,stand
4.752417707,0.691924274,-9.706093788,0.8523358107,0.04261057824,-0.02716424316,0.0197073929,phone,user2,stand
4.772436145,0.5817909837,-9.703699112,0.7829039693,0.04633900523,-0.02237055451,0.02343581803,phone,user2,stand
4.792456731,0.538695395,-9.706093788,0.7493851185,0.0394147858,-0.003728425596,0.03089267015,phone,user2,stand
4.812466496,0.586579442,-9.734824181,0.7254431248,0.03089267015,0.001597896684,0.03781688958,phone,user2,stand
4.832477824,0.672770679,-9.732429504,0.739808321,0.02396845073,0.01278317347,0.03781688958,phone,user2,stand
4.852489192,0.7685387731,-9.773131371,0.7781155705,0.02396845073,0.004793690052,0.03568635881,phone,user2,stand
4.872500442,0.8331822157,-9.787496567,0.7757213712,0.0330231972,-0.0165115986,0.03142530099,phone,user2,stand
4.892526848,0.873883605,-9.746794701,0.7781155705,0.0394147858,-0.03408846259,0.02556634694,phone,user2,stand
4.912550715,0.8595184088,-9.727641106,0.806845963,0.03834952042,-0.05486112088,0.0170442313,phone,user2,stand
4.932566574,0.7996633649,-9.737217903,0.8283938169,0.04101268202,-0.07084008306,0.006924218964,phone,user2,stand
4.952580442,0.7062895298,-9.749189377,0.8044517636,0.04420847446,-0.06604639441,0.0,phone,user2,stand
4.972585793,0.6200982332,-9.722852707,0.8140285611,0.04527373984,-0.05060006306,-0.001065264456,phone,user2,stand
4.992591418,0.5434837937,-9.715670586,0.8212111592,0.04154531285,-0.04900216311,0.003728425596,phone,user2,stand
5.012609543,0.5027823448,-9.725247383,0.8475474119,0.0394147858,-0.0564590171,0.01438106969,phone,user2,stand
5.032632004,0.4979939461,-9.710882187,0.8595184088,0.03355583176,-0.05539375171,0.01917476021,phone,user2,stand
5.052654778,0.5602431893,-9.718064308,0.8834604025,0.02876213938,-0.03888215125,0.02556634694,phone,user2,stand
5.072671028,0.6440402865,-9.718064308,0.8810662031,0.02343581803,-0.02929477207,0.02556634694,phone,user2,stand
5.092694348,0.7350199223,-9.730035782,0.8523358107,0.02237055451,-0.03142530099,0.02237055451,phone,user2,stand
5.112711301,0.7469909191,-9.725247383,0.8164227605,0.01864212751,-0.03462109342,0.01597896591,phone,user2,stand
5.132714895,0.6823474765,-9.715670586,0.8595184088,0.01491370238,-0.03834952042,0.01118527725,phone,user2,stand
5.152719153,0.6368576288,-9.737217903,0.9121908545,0.01171790902,-0.0394147858,0.01012001187,phone,user2,stand
5.17271884,0.5913678408,-9.718064308,0.9504981041,0.01012001187,-0.0394147858,0.009054748341,phone,user2,stand
5.192722785,0.5961562395,-9.698910713,0.9840168953,0.01171790902,-0.04048004746,0.009587380104,phone,user2,stand
5.212732785,0.624886632,-9.715670586,0.9504981041,0.01331580617,-0.04048004746,0.01065264456,phone,user2,stand
5.232740051,0.6607996821,-9.725247383,0.8978256583,0.0170442313,-0.0367516242,0.01012001187,phone,user2,stand
5.252750207,0.6703764796,-9.730035782,0.8762778044,0.01544633508,-0.03781688958,0.009054748341,phone,user2,stand
5.272758449,0.6368576288,-9.742006302,0.9121908545,0.01438106969,-0.03568635881,0.009054748341,phone,user2,stand
5.292774074,0.6416460276,-9.732429504,0.8978256583,0.01118527725,-0.04101268202,0.009054748341,phone,user2,stand
5.312784153,0.6296750307,-9.730035782,0.8786720037,0.009587380104,-0.03781688958,0.007989482954,phone,user2,stand
5.332804973,0.6368576288,-9.732429504,0.8762778044,0.006391586736,-0.03142530099,0.007989482954,phone,user2,stand
5.352827356,0.6703764796,-9.727641106,0.8930372596,0.004793690052,-0.02876213938,0.005858954508,phone,user2,stand
5.372853801,0.6823474765,-9.739612579,0.8810662031,0.004793690052,-0.03142530099,0.003728425596,phone,user2,stand
5.392879426,0.6560112834,-9.696516991,0.895431459,0.002130528912,-0.03462109342,0.000532632228,phone,user2,stand
5.412906848,0.6464344859,-9.730035782,0.921767652,0.004261057824,-0.03994741663,-0.00266316114,phone,user2,stand
5.432938918,0.6344634295,-9.751583099,0.9169792533,0.008522115648,-0.04207794741,-0.002130528912,phone,user2,stand
5.452961574,0.6392518282,-9.744400978,0.8858546019,0.008522115648,-0.04261057824,-0.004261057824,phone,user2,stand
5.472974778,0.605733037,-9.737217903,0.8571242094,0.001065264456,-0.03781688958,-0.004261057824,phone,user2,stand
5.49299466,0.5746083856,-9.730035782,0.8690952063,-0.007989482954,-0.02396845073,-0.003195793368,phone,user2,stand
5.51300716,0.5985504389,-9.725247383,0.9002198577,-0.01118527725,-0.007456851192,-0.000532632228,phone,user2,stand
5.533028567,0.6464344859,-9.703699112,0.8930372596,-0.008522115648,-0.003195793368,0.0,phone,user2,stand
5.553041262,0.691924274,-9.696516991,0.873883605,-0.01012001187,-0.003195793368,-0.002130528912,phone,user2,stand
5.573058449,0.7038952708,-9.739612579,0.9026140571,-0.01118527725,-0.006924218964,-0.002130528912,phone,user2,stand
5.593069153,0.7015010715,-9.718064308,0.9097966552,-0.004793690052,-0.008522115648,-0.003195793368,phone,user2,stand
5.613076106,0.6751648784,-9.722852707,0.873883605,-0.002130528912,-0.001065264456,-0.005858954508,phone,user2,stand
5.633094035,0.6560112834,-9.742006302,0.8379706144,-0.005858954508,0.007989482954,-0.007456851192,phone,user2,stand
5.653113293,0.6416460276,-9.744400978,0.8116343617,-0.01171790902,0.01065264456,-0.006391586736,phone,user2,stand
5.67313009,0.6440402865,-9.742006302,0.8427590132,-0.01597896591,0.01491370238,-0.004793690052,phone,user2,stand
5.693137278,0.6607996821,-9.706093788,0.8762778044,-0.01438106969,0.01491370238,-0.002130528912,phone,user2,stand
5.713146301,0.6823474765,-9.718064308,0.8643068075,-0.01384843793,0.01384843793,-0.001597896684,phone,user2,stand
5.733153371,0.6847416759,-9.715670586,0.8667010069,-0.01491370238,0.01757686399,-0.004261057824,phone,user2,stand
5.753162238,0.672770679,-9.710882187,0.8619126081,-0.01384843793,0.0165115986,-0.003728425596,phone,user2,stand
5.77317677,0.6823474765,-9.727641106,0.873883605,-0.01171790902,0.01331580617,-0.003195793368,phone,user2,stand
5.793193254,0.7278373241,-9.737217903,0.8619126081,-0.01065264456,0.01438106969,-0.003728425596,phone,user2,stand
5.813204348,0.7350199223,-9.734824181,0.8571242094,-0.01012001187,0.01331580617,-0.007456851192,phone,user2,stand
5.833218801,0.7158663273,-9.718064308,0.85473001,-0.01065264456,0.009587380104,-0.008522115648,phone,user2,stand
5.853228918,0.6991068721,-9.737217903,0.85473001,-0.01118527725,0.002130528912,-0.01171790902,phone,user2,stand
5.873236262,0.691924274,-9.732429504,0.8571242094,-0.01118527725,-0.004793690052,-0.01118527725,phone,user2,stand
5.893234153,0.6679822803,-9.703699112,0.8667010069,-0.01065264456,-0.003728425596,-0.009054748341,phone,user2,stand
5.913244035,0.6607996821,-9.684545517,0.8619126081,-0.01012001187,-0.001597896684,-0.007456851192,phone,user2,stand
5.933252981,0.6847416759,-9.691728592,0.8595184088,-0.01118527725,0.0,-0.006924218964,phone,user2,stand
5.953259426,0.6823474765,-9.734824181,0.8499416113,-0.01065264456,0.00266316114,-0.006924218964,phone,user2,stand
5.973264543,0.6584054828,-9.722852707,0.8523358107,-0.006924218964,0.007456851192,-0.006924218964,phone,user2,stand
5.993274074,0.6560112834,-9.694122314,0.8379706144,-0.004793690052,0.009587380104,-0.00532632228,phone,user2,stand
6.013282551,0.6799532771,-9.708487511,0.7996633649,-0.007989482954,0.01438106969,-0.006924218964,phone,user2,stand
6.033285637,0.6895300746,-9.765948296,0.7709329724,-0.01225054078,0.02024002373,-0.009054748341,phone,user2,stand
6.053296613,0.6823474765,-9.785101891,0.7637503147,-0.0165115986,0.02982740477,-0.009587380104,phone,user2,stand
6.073313215,0.6823474765,-9.758766174,0.7637503147,-0.02024002373,0.03462109342,-0.007989482954,phone,user2,stand
6.09333259,0.7038952708,-9.708487511,0.787692368,-0.02609897964,0.03462109342,-0.007456851192,phone,user2,stand
6.113349973,0.7517793179,-9.720458984,0.8236053586,-0.02929477207,0.03462109342,-0.005858954508,phone,user2,stand
6.133359426,0.787692368,-9.734824181,0.85473001,-0.02929477207,0.03355583176,-0.006391586736,phone,user2,stand
6.153372903,0.806845963,-9.703699112,0.8762778044,-0.02396845073,0.03089267015,-0.00532632228,phone,user2,stand
6.173374113,0.8116343617,-9.646238327,0.8619126081,-0.0170442313,0.02077265643,-0.005858954508,phone,user2,stand
6.193381457,0.7900865674,-9.667786598,0.8331822157,-0.01384843793,0.01171790902,-0.005858954508,phone,user2,stand
6.21338091,0.7517793179,-9.708487511,0.8236053586,-0.01438106969,0.0165115986,-0.003728425596,phone,user2,stand
6.233385442,0.6991068721,-9.706093788,0.8188169599,-0.01331580617,0.02237055451,-0.000532632228,phone,user2,stand
6.253406379,0.6991068721,-9.713275909,0.8116343617,-0.01118527725,0.02237055451,0.004261057824,phone,user2,stand
6.273416028,0.7445967197,-9.727641106,0.8116343617,-0.009587380104,0.0170442313,0.006391586736,phone,user2,stand
6.293423137,0.7637503147,-9.730035782,0.7685387731,-0.007989482954,0.0165115986,0.004261057824,phone,user2,stand
6.313436809,0.7637503147,-9.765948296,0.7278373241,-0.01278317347,0.02982740477,-0.000532632228,phone,user2,stand
6.33344052,0.720654726,-9.753977776,0.7086837292,-0.02130528912,0.04846953228,-0.00532632228,phone,user2,stand
6.35345552,0.6967126727,-9.770736694,0.7254431248,-0.02556634694,0.06178534031,-0.004793690052,phone,user2,stand
6.373462043,0.7230489254,-9.737217903,0.7278373241,-0.02609897964,0.05965480953,-0.004793690052,phone,user2,stand
6.393466809,0.7350199223,-9.734824181,0.7541735172,-0.02663161233,0.05113269389,-0.00532632228,phone,user2,stand
6.413474582,0.7469909191,-9.720458984,0.7541735172,-0.02343581803,0.04633900523,-0.003728425596,phone,user2,stand
6.433482238,0.7374141216,-9.701305389,0.7661445141,-0.02130528912,0.04261057824,-0.003728425596,phone,user2,stand
6.453487121,0.7469909191,-9.715670586,0.7637503147,-0.0165115986,0.03994741663,-0.00266316114,phone,user2,stand
6.47348716,0.7685387731,-9.720458984,0.7805097699,-0.01438106969,0.0367516242,-0.000532632228,phone,user2,stand
6.493498254,0.7852981687,-9.737217903,0.7781155705,-0.01171790902,0.02822950855,0.001065264456,phone,user2,stand
6.513514192,0.8116343617,-9.730035782,0.7637503147,-0.008522115648,0.02077265643,0.001065264456,phone,user2,stand
6.533526848,0.8164227605,-9.708487511,0.7445967197,-0.007456851192,0.01384843793,0.001597896684,phone,user2,stand
6.553536145,0.7972691655,-9.670180321,0.7852981687,-0.007456851192,0.006924218964,0.00266316114,phone,user2,stand
6.573553293,0.7996633649,-9.696516991,0.7996633649,-0.005858954508,-0.000532632228,0.004793690052,phone,user2,stand
6.593571379,0.8523358107,-9.715670586,0.8523358107,-0.00266316114,-0.01597896591,0.008522115648,phone,user2,stand
6.613598723,0.8786720037,-9.701305389,0.85473001,0.007989482954,-0.04367584363,0.01118527725,phone,user2,stand
6.633615832,0.895431459,-9.698910713,0.8044517636,0.0170442313,-0.05965480953,0.009587380104,phone,user2,stand
6.65362259,0.8523358107,-9.708487511,0.7445967197,0.01864212751,-0.06657902896,0.008522115648,phone,user2,stand
6.673631067,0.8116343617,-9.718064308,0.720654726,0.0170442313,-0.07350324839,0.01384843793,phone,user2,stand
6.693645207,0.8283938169,-9.701305389,0.7350199223,0.01384843793,-0.08468852192,0.01810949668,phone,user2,stand
6.713667473,0.8283938169,-9.720458984,0.7637503147,0.01278317347,-0.0958738029,0.02024002373,phone,user2,stand
6.733686067,0.8164227605,-9.727641106,0.7852981687,0.01384843793,-0.1054611802,0.02024002373,phone,user2,stand
6.753698606,0.7805097699,-9.725247383,0.7972691655,0.01757686399,-0.1139832959,0.0197073929,phone,user2,stand
6.773708567,0.7541735172,-9.722852707,0.806845963,0.02130528912,-0.1214401498,0.01917476021,phone,user2,stand
6.793721965,0.7110779285,-9.732429504,0.8092401624,0.02237055451,-0.1198422536,0.01757686399,phone,user2,stand
6.813741926,0.6631938815,-9.739612579,0.7948749661,0.02183792181,-0.1049285457,0.01438106969,phone,user2,stand
6.833762004,0.6200982332,-9.710882187,0.7852981687,0.01917476021,-0.09321063757,0.01331580617,phone,user2,stand
6.853775871,0.6464344859,-9.722852707,0.7781155705,0.01597896591,-0.0825579986,0.01225054078,phone,user2,stand
6.87378927,0.6631938815,-9.761159897,0.7685387731,0.01278317347,-0.07350324839,0.007456851192,phone,user2,stand
6.893798723,0.6416460276,-9.773131371,0.7685387731,0.009054748341,-0.0564590171,0.004793690052,phone,user2,stand
6.91381591,0.6153098345,-9.744400978,0.7948749661,0.00532632228,-0.04633900523,0.004261057824,phone,user2,stand
6.933830168,0.6081272364,-9.720458984,0.7781155705,-0.002130528912,-0.03195793182,0.005858954508,phone,user2,stand
6.953840207,0.6296750307,-9.718064308,0.787692368,-0.009054748341,-0.007456851192,0.003728425596,phone,user2,stand
6.973849582,0.6272808313,-9.722852707,0.8164227605,-0.009054748341,0.004793690052,0.001597896684,phone,user2,stand
6.993869231,0.6584054828,-9.722852707,0.7829039693,-0.006924218964,0.01118527725,0.001065264456,phone,user2,stand
7.013886926,0.6847416759,-9.722852707,0.7829039693,-0.01012001187,0.01171790902,0.000532632228,phone,user2,stand
7.033903957,0.7278373241,-9.732429504,0.8092401624,-0.009054748341,0.01331580617,0.0,phone,user2,stand
7.053918723,0.7517793179,-9.761159897,0.7805097699,-0.004793690052,0.0165115986,-0.003728425596,phone,user2,stand
7.073927512,0.7350199223,-9.765948296,0.7374141216,-0.004261057824,0.02130528912,-0.009054748341,phone,user2,stand
7.093940442,0.6799532771,-9.782708168,0.6871358752,-0.008522115648,0.02237055451,-0.01331580617,phone,user2,stand
7.113956067,0.6416460276,-9.742006302,0.6631938815,-0.01544633508,0.0330231972,-0.01491370238,phone,user2,stand
7.133978879,0.6584054828,-9.744400978,0.6799532771,-0.02290318534,0.03195793182,-0.01225054078,phone,user2,stand
7.154005676,0.6799532771,-9.725247383,0.7086837292,-0.02183792181,0.03355583176,-0.008522115648,phone,user2,stand
7.174023215,0.6895300746,-9.701305389,0.7086837292,-0.02183792181,0.0394147858,-0.005858954508,phone,user2,stand
7.194038059,0.6991068721,-9.715670586,0.7134721279,-0.01917476021,0.03781688958,-0.004793690052,phone,user2,stand
7.21405759,0.7493851185,-9.713275909,0.7015010715,-0.01597896591,0.03142530099,-0.001065264456,phone,user2,stand
7.234066379,0.7805097699,-9.710882187,0.7469909191,-0.01171790902,0.02503371425,0.003195793368,phone,user2,stand
7.254065363,0.8044517636,-9.713275909,0.7541735172,-0.003195793368,0.01597896591,0.003728425596,phone,user2,stand
7.274072004,0.7972691655,-9.718064308,0.7230489254,0.000532632228,0.01012001187,0.0,phone,user2,stand
7.294083371,0.7445967197,-9.737217903,0.7158663273,0.0,0.007456851192,-0.000532632228,phone,user2,stand
7.314090129,0.720654726,-9.734824181,0.7158663273,0.003728425596,-0.001597896684,0.00266316114,phone,user2,stand
7.334095715,0.7445967197,-9.718064308,0.7182605267,0.004793690052,-0.01278317347,0.007989482954,phone,user2,stand
7.354099895,0.7517793179,-9.694122314,0.7278373241,0.003195793368,-0.01384843793,0.008522115648,phone,user2,stand
7.374096965,0.7541735172,-9.703699112,0.7637503147,0.000532632228,-0.008522115648,0.008522115648,phone,user2,stand
7.394104738,0.7685387731,-9.730035782,0.8092401624,0.003195793368,-0.008522115648,0.009054748341,phone,user2,stand
7.414112121,0.7661445141,-9.715670586,0.8044517636,0.01065264456,-0.01118527725,0.01171790902,phone,user2,stand
7.434127707,0.787692368,-9.730035782,0.7565677166,0.01278317347,-0.01491370238,0.01171790902,phone,user2,stand
7.454141496,0.806845963,-9.749189377,0.7182605267,0.009054748341,-0.02024002373,0.01171790902,phone,user2,stand
7.474157043,0.8164227605,-9.730035782,0.7254431248,0.004261057824,-0.02183792181,0.01118527725,phone,user2,stand
7.494171848,0.8188169599,-9.737217903,0.7781155705,0.004793690052,-0.02663161233,0.007989482954,phone,user2,stand
7.514177473,0.7900865674,-9.737217903,0.7852981687,0.01065264456,-0.03621899337,0.003728425596,phone,user2,stand
7.534190715,0.7613561153,-9.706093788,0.7565677166,0.01384843793,-0.04580637068,0.000532632228,phone,user2,stand
7.554198801,0.739808321,-9.742006302,0.7709329724,0.01438106969,-0.0500674285,-0.00266316114,phone,user2,stand
7.574205637,0.691924274,-9.749189377,0.7733271718,0.01491370238,-0.04633900523,-0.006924218964,phone,user2,stand
7.59421841,0.6153098345,-9.732429504,0.758961916,0.01065264456,-0.04580637068,-0.008522115648,phone,user2,stand
7.614224621,0.5602431893,-9.739612579,0.739808321,0.001065264456,-0.03036003746,-0.004793690052,phone,user2,stand
7.634229348,0.5315127969,-9.730035782,0.7685387731,-0.00266316114,-0.01438106969,0.004793690052,phone,user2,stand
7.654233879,0.5985504389,-9.686940193,0.7852981687,0.001597896684,-0.009054748341,0.01544633508,phone,user2,stand
7.674243957,0.7062895298,-9.662998199,0.7733271718,0.004793690052,-0.006924218964,0.02077265643,phone,user2,stand
7.694257903,0.758961916,-9.691728592,0.7685387731,0.004793690052,-0.007456851192,0.01864212751,phone,user2,stand
7.714261731,0.7781155705,-9.727641106,0.7924807668,0.007456851192,-0.01012001187,0.0165115986,phone,user2,stand
7.734265168,0.7948749661,-9.746794701,0.7972691655,0.01438106969,-0.01384843793,0.01384843793,phone,user2,stand
7.754265559,0.7900865674,-9.753977776,0.7565677166,0.01917476021,-0.01278317347,0.006391586736,phone,user2,stand
7.774265481,0.7613561153,-9.749189377,0.6823474765,0.01384843793,-0.001597896684,0.0,phone,user2,stand
7.794278645,0.6823474765,-9.770736694,0.6751648784,0.003728425596,0.007989482954,-0.003195793368,phone,user2,stand
7.814282746,0.6296750307,-9.742006302,0.7326257229,0.000532632228,0.01438106969,-0.001597896684,phone,user2,stand
7.834287043,0.6416460276,-9.727641106,0.7493851185,0.0,0.0170442313,0.001597896684,phone,user2,stand
7.854291653,0.6775590777,-9.722852707,0.7613561153,-0.001065264456,0.02343581803,0.004793690052,phone,user2,stand
7.874296692,0.691924274,-9.703699112,0.7924807668,-0.003195793368,0.02876213938,0.00532632228,phone,user2,stand
7.894305168,0.6943184733,-9.698910713,0.8379706144,0.001597896684,0.03089267015,0.007456851192,phone,user2,stand
7.914315715,0.6943184733,-9.696516991,0.8331822157,0.006924218964,0.03568635881,0.009054748341,phone,user2,stand
7.934322512,0.7062895298,-9.691728592,0.8403648138,0.009054748341,0.0500674285,0.01118527725,phone,user2,stand
7.954328371,0.7541735172,-9.737217903,0.8571242094,0.01065264456,0.04900216311,0.01065264456,phone,user2,stand
7.974333606,0.739808321,-9.737217903,0.8379706144,0.0197073929,0.04154531285,0.007456851192,phone,user2,stand
7.994344348,0.7015010715,-9.706093788,0.7661445141,0.02237055451,0.04314320907,0.003195793368,phone,user2,stand
8.014353567,0.6895300746,-9.780313492,0.6895300746,0.01438106969,0.05060006306,-0.000532632228,phone,user2,stand
8.034360598,0.6751648784,-9.794678688,0.7086837292,0.00532632228,0.05219795927,-0.001597896684,phone,user2,stand
8.054364504,0.6871358752,-9.799467087,0.7326257229,0.000532632228,0.05699164793,-0.004261057824,phone,user2,stand
8.07437052,0.6943184733,-9.765948296,0.758961916,-0.001065264456,0.0655137673,-0.007989482954,phone,user2,stand
8.09436677,0.691924274,-9.744400978,0.7757213712,-0.00532632228,0.07297061384,-0.01171790902,phone,user2,stand
8.114368254,0.691924274,-9.725247383,0.7709329724,-0.009587380104,0.07456851006,-0.0165115986,phone,user2,stand
8.134373098,0.7110779285,-9.737217903,0.806845963,-0.01225054078,0.07243798673,-0.0170442313,phone,user2,stand
8.154379738,0.7517793179,-9.732429504,0.8283938169,-0.01012001187,0.06338323653,-0.0170442313,phone,user2,stand
8.17438341,0.7685387731,-9.682151794,0.8451532125,-0.007989482954,0.05592638254,-0.01438106969,phone,user2,stand
8.194388762,0.7661445141,-9.713275909,0.8475474119,-0.005858954508,0.05432848632,-0.01278317347,phone,user2,stand
8.214398059,0.7517793179,-9.746794701,0.8667010069,-0.004793690052,0.05699164793,-0.01065264456,phone,user2,stand
8.234410715,0.7110779285,-9.751583099,0.8571242094,-0.003728425596,0.05379585549,-0.009054748341,phone,user2,stand
8.254424113,0.7110779285,-9.746794701,0.825999558,-0.007989482954,0.05805691332,-0.009587380104,phone,user2,stand
8.274434153,0.7086837292,-9.694122314,0.8307880163,-0.009587380104,0.06072007492,-0.007989482954,phone,user2,stand
8.294446184,0.7445967197,-9.691728592,0.8020575643,-0.01012001187,0.0500674285,-0.003195793368,phone,user2,stand
8.314461731,0.825999558,-9.696516991,0.7900865674,-0.004793690052,0.04580637068,-0.001597896684,phone,user2,stand
8.334470442,0.8355764151,-9.698910713,0.7924807668,-0.009054748341,0.04420847446,-0.009587380104,phone,user2,stand
8.354489387,0.8212111592,-9.746794701,0.9026140571,-0.01278317347,0.03834952042,-0.01438106969,phone,user2,stand
8.374504192,0.7924807668,-9.732429504,0.9337386489,0.003195793368,0.01384843793,-0.01384843793,phone,user2,stand
8.394515129,0.7900865674,-9.691728592,0.8212111592,0.01597896591,-0.00532632228,-0.0170442313,phone,user2,stand
8.414528996,0.7374141216,-9.677363396,0.691924274,0.01065264456,0.004793690052,-0.01864212751,phone,user2,stand
8.434550324,0.691924274,-9.696516991,0.7134721279,-0.007989482954,0.03249056637,-0.01384843793,phone,user2,stand
8.454555676,0.7110779285,-9.686940193,0.806845963,-0.009054748341,0.04154531285,-0.008522115648,phone,user2,stand
8.474558215,0.806845963,-9.715670586,0.825999558,-0.003728425596,0.02556634694,-0.000532632228,phone,user2,stand
8.494562434,0.8858546019,-9.732429504,0.8044517636,0.003195793368,-0.00532632228,0.001065264456,phone,user2,stand
8.514565012,0.8092401624,-9.715670586,0.7900865674,0.007989482954,-0.02716424316,-0.000532632228,phone,user2,stand
8.534570832,0.7517793179,-9.701305389,0.7661445141,0.007989482954,-0.03249056637,0.00266316114,phone,user2,stand
8.554579192,0.7422025204,-9.703699112,0.7757213712,0.003195793368,-0.02663161233,0.008522115648,phone,user2,stand
8.574587043,0.7900865674,-9.718064308,0.8379706144,0.004261057824,-0.02876213938,0.01597896591,phone,user2,stand
8.594589738,0.8307880163,-9.667786598,0.8475474119,0.01225054078,-0.04687163606,0.02183792181,phone,user2,stand
8.61459177,0.8619126081,-9.643844604,0.787692368,0.01917476021,-0.06018744037,0.02450108156,phone,user2,stand
8.634600051,0.8858546019,-9.660603523,0.7685387731,0.0165115986,-0.06338323653,0.02077265643,phone,user2,stand
8.65461509,0.8499416113,-9.746794701,0.8499416113,0.0165115986,-0.07297061384,0.0170442313,phone,user2,stand
8.674629582,0.7829039693,-9.706093788,0.8667010069,0.02663161233,-0.07936219871,0.0197073929,phone,user2,stand
8.694650442,0.7685387731,-9.722852707,0.7972691655,0.03462109342,-0.08841694891,0.02130528912,phone,user2,stand
8.714656262,0.7158663273,-9.756371498,0.7565677166,0.02663161233,-0.07137271762,0.02077265643,phone,user2,stand
8.734663957,0.6823474765,-9.710882187,0.7661445141,0.01864212751,-0.07297061384,0.02663161233,phone,user2,stand
8.754676379,0.7254431248,-9.696516991,0.8164227605,0.01757686399,-0.07936219871,0.03355583176,phone,user2,stand
8.774682395,0.7781155705,-9.696516991,0.8403648138,0.01810949668,-0.07776430249,0.03408846259,phone,user2,stand
8.794684504,0.7733271718,-9.713275909,0.8906430602,0.01544633508,-0.07190535218,0.02982740477,phone,user2,stand
8.81469759,0.7302315235,-9.691728592,0.9074024558,0.02077265643,-0.06285060197,0.02716424316,phone,user2,stand
8.83471384,0.7445967197,-9.660603523,0.873883605,0.0330231972,-0.05699164793,0.02130528912,phone,user2,stand
8.854731145,0.720654726,-9.756371498,0.787692368,0.03621899337,-0.05379585549,0.01597896591,phone,user2,stand
8.874745559,0.6272808313,-9.835380554,0.7302315235,0.02237055451,-0.03089267015,0.01278317347,phone,user2,stand
8.894753606,0.5506663918,-9.780313492,0.7924807668,0.01171790902,-0.01491370238,0.01491370238,phone,user2,stand
8.914757551,0.5626373887,-9.749189377,0.7972691655,0.01012001187,-0.01118527725,0.01810949668,phone,user2,stand
8.934761496,0.5913678408,-9.722852707,0.7900865674,0.006924218964,0.01065264456,0.01810949668,phone,user2,stand
8.954762785,0.6200982332,-9.710882187,0.8188169599,0.004261057824,0.01917476021,0.02183792181,phone,user2,stand
8.974773215,0.6512228847,-9.720458984,0.8882488012,0.004261057824,0.02290318534,0.02396845073,phone,user2,stand
8.994785129,0.6560112834,-9.722852707,0.9121908545,0.008522115648,0.03089267015,0.02290318534,phone,user2,stand
9.014793684,0.672770679,-9.742006302,0.8667010069,0.01118527725,0.02929477207,0.0197073929,phone,user2,stand
9.034804817,0.6847416759,-9.758766174,0.8212111592,0.01065264456,0.02876213938,0.0197073929,phone,user2,stand
9.054816418,0.7517793179,-9.737217903,0.7613561153,0.008522115648,0.03249056637,0.02450108156,phone,user2,stand
9.074828488,0.8786720037,-9.696516991,0.7565677166,0.00532632228,0.02450108156,0.02609897964,phone,user2,stand
9.094833723,0.9768342972,-9.674968719,0.8116343617,0.003728425596,-0.003728425596,0.02130528912,phone,user2,stand
9.114837668,0.895431459,-9.679757118,0.9026140571,0.01118527725,-0.03834952042,0.0170442313,phone,user2,stand
9.134840207,0.6823474765,-9.682151794,0.9169792533,0.02290318534,-0.05326322466,0.01597896591,phone,user2,stand
9.154840793,0.6560112834,-9.679757118,0.9504981041,0.02769687586,-0.0591221787,0.01810949668,phone,user2,stand
9.174854465,0.6464344859,-9.739612579,0.9050082564,0.03355583176,-0.06924218684,0.01438106969,phone,user2,stand
9.194868332,0.5722141862,-9.799467087,0.8619126081,0.02769687586,-0.05699164793,0.006924218964,phone,user2,stand
9.214879621,0.4548983276,-9.753977776,0.8810662031,0.0170442313,-0.03408846259,-0.001597896684,phone,user2,stand
9.234892863,0.4118026793,-9.737217903,0.9457096457,0.006924218964,-0.02024002373,-0.001065264456,phone,user2,stand
9.25490802,0.3974374831,-9.789890289,0.9792284966,0.004261057824,-0.007456851192,0.005858954508,phone,user2,stand
9.274921106,0.4668693244,-9.785101891,0.9696516991,0.001597896684,0.009587380104,0.01118527725,phone,user2,stand
9.294934856,0.586579442,-9.765948296,0.9002198577,-0.004261057824,0.02077265643,0.01278317347,phone,user2,stand
9.314944153,0.6416460276,-9.684545517,0.9050082564,-0.007456851192,0.03142530099,0.008522115648,phone,user2,stand
9.334970012,0.6871358752,-9.622296333,0.940921247,-0.009587380104,0.03355583176,0.00532632228,phone,user2,stand
9.354992824,0.7469909191,-9.643844604,0.9385270476,0.0,0.01065264456,0.005858954508,phone,user2,stand
9.375012238,0.7852981687,-9.701305389,0.9074024558,0.009587380104,-0.009054748341,0.006391586736,phone,user2,stand
9.395026848,0.7613561153,-9.720458984,0.8619126081,0.01278317347,-0.01544633508,0.003728425596,phone,user2,stand
9.415042278,0.7086837292,-9.751583099,0.8475474119,0.01012001187,-0.01757686399,0.000532632228,phone,user2,stand
9.435060676,0.6392518282,-9.765948296,0.8595184088,0.006924218964,-0.02343581803,-0.003195793368,phone,user2,stand
9.455074113,0.5985504389,-9.753977776,0.8499416113,0.004261057824,-0.02290318534,-0.005858954508,phone,user2,stand
9.475082395,0.5746083856,-9.751583099,0.8451532125,0.001065264456,-0.009054748341,-0.009587380104,phone,user2,stand
9.495096535,0.5626373887,-9.732429504,0.8810662031,-0.007989482954,0.005858954508,-0.01278317347,phone,user2,stand
9.515117473,0.5291185975,-9.710882187,0.9600749016,-0.009587380104,0.01171790902,-0.01171790902,phone,user2,stand
9.535144856,0.5075707436,-9.708487511,0.9864110947,-0.006924218964,0.009587380104,-0.002130528912,phone,user2,stand
9.555167356,0.6033388376,-9.706093788,0.962469101,-0.00266316114,0.01278317347,0.007456851192,phone,user2,stand
9.575192434,0.7302315235,-9.701305389,0.9313444495,-0.00266316114,0.01597896591,0.007456851192,phone,user2,stand
9.595214895,0.7661445141,-9.698910713,0.8834604025,-0.00266316114,0.01438106969,0.002130528912,phone,user2,stand
9.61523259,0.7302315235,-9.703699112,0.8762778044,-0.006391586736,0.0165115986,-0.00532632228,phone,user2,stand
9.635249348,0.7015010715,-9.732429504,0.8930372596,-0.007989482954,0.01384843793,-0.01171790902,phone,user2,stand
9.655261692,0.7086837292,-9.749189377,0.9504981041,-0.009587380104,0.00266316114,-0.01384843793,phone,user2,stand
9.675273996,0.7062895298,-9.756371498,0.9552865028,-0.003195793368,-0.00532632228,-0.01810949668,phone,user2,stand
9.695291223,0.6847416759,-9.770736694,0.9241618514,-0.004793690052,-0.01491370238,-0.02024002373,phone,user2,stand
9.715306692,0.6129156351,-9.725247383,0.9241618514,-0.007456851192,-0.0170442313,-0.0170442313,phone,user2,stand
9.735318449,0.6105214357,-9.684545517,0.9145850539,-0.009054748341,-0.01544633508,-0.009054748341,phone,user2,stand
9.75533302,0.6584054828,-9.677363396,0.9169792533,-0.009587380104,-0.009587380104,-0.005858954508,phone,user2,stand
9.77535216,0.7158663273,-9.667786598,0.9337386489,-0.006391586736,-0.009054748341,-0.001065264456,phone,user2,stand
9.795382434,0.7757213712,-9.701305389,0.8930372596,-0.004261057824,0.0,-0.000532632228,phone,user2,stand
9.81541091,0.8140285611,-9.694122314,0.9241618514,-0.00532632228,0.0,-0.002130528912,phone,user2,stand
9.835430988,0.8044517636,-9.713275909,0.8930372596,0.00532632228,-0.0170442313,-0.004261057824,phone,user2,stand
9.855441535,0.8188169599,-9.732429504,0.8092401624,0.01118527725,-0.03408846259,-0.00532632228,phone,user2,stand
9.875460442,0.7709329724,-9.703699112,0.7805097699,0.009054748341,-0.03781688958,-0.007989482954,phone,user2,stand
9.895478528,0.7637503147,-9.727641106,0.8307880163,0.005858954508,-0.04048004746,-0.007989482954,phone,user2,stand
9.915493684,0.7134721279,-9.734824181,0.873883605,0.01118527725,-0.04580637068,-0.007456851192,phone,user2,stand
9.935511301,0.6631938815,-9.725247383,0.8643068075,0.01438106969,-0.04740426689,-0.00532632228,phone,user2,stand
9.955523801,0.5722141862,-9.751583099,0.8020575643,0.009054748341,-0.04048004746,-0.000532632228,phone,user2,stand
9.975537043,0.5770025849,-9.775525093,0.806845963,-0.001597896684,-0.02716424316,0.004793690052,phone,user2,stand
9.995567004,0.6631938815,-9.744400978,0.8762778044,-0.006924218964,-0.01331580617,0.004793690052,phone,user2,stand
10.01558575,0.720654726,-9.706093788,0.9193734527,-0.006391586736,-0.007456851192,0.001597896684,phone,user2,stand
10.03561189,0.7134721279,-9.708487511,0.9193734527,-0.001597896684,-0.008522115648,-0.004793690052,phone,user2,stand
10.05562138,0.7038952708,-9.739612579,0.895431459,0.000532632228,-0.01065264456,-0.009054748341,phone,user2,stand
10.07563032,0.6607996821,-9.698910713,0.8882488012,0.000532632228,-0.01225054078,-0.01012001187,phone,user2,stand
10.09564126,0.7038952708,-9.677363396,0.9026140571,0.001597896684,-0.0170442313,-0.009587380104,phone,user2,stand
10.11565099,0.7350199223,-9.696516991,0.8858546019,0.00266316114,-0.01757686399,-0.009054748341,phone,user2,stand
10.13565767,0.7110779285,-9.713275909,0.8571242094,0.001597896684,-0.01544633508,-0.01278317347,phone,user2,stand
10.15566509,0.6105214357,-9.732429504,0.8044517636,-0.005858954508,-0.002130528912,-0.01225054078,phone,user2,stand
10.17568501,0.5363011956,-9.789890289,0.8283938169,-0.01331580617,0.01118527725,-0.006391586736,phone,user2,stand
10.19570302,0.5698199868,-9.742006302,0.85473001,-0.01597896591,0.02130528912,0.0,phone,user2,stand
10.21571357,0.6655880809,-9.703699112,0.8331822157,-0.01810949668,0.03408846259,0.002130528912,phone,user2,stand
10.235722,0.7230489254,-9.720458984,0.7972691655,-0.02503371425,0.04900216311,-0.000532632228,phone,user2,stand
10.25573243,0.7445967197,-9.720458984,0.8164227605,-0.03249056637,0.06072007492,-0.004261057824,phone,user2,stand
10.2757324,0.7709329724,-9.698910713,0.873883605,-0.03036003746,0.05699164793,-0.007456851192,phone,user2,stand
10.2957363,0.8188169599,-9.718064308,0.9313444495,-0.02183792181,0.04527373984,-0.01118527725,phone,user2,stand
10.31574614,0.8451532125,-9.720458984,0.9241618514,-0.01278317347,0.03195793182,-0.01597896591,phone,user2,stand
10.33574915,0.8475474119,-9.737217903,0.8882488012,-0.006924218964,0.0170442313,-0.01757686399,phone,user2,stand
10.35575454,0.7900865674,-9.718064308,0.8499416113,-0.00532632228,0.007456851192,-0.01438106969,phone,user2,stand
10.37575915,0.7685387731,-9.715670586,0.8355764151,-0.007989482954,0.0,-0.01065264456,phone,user2,stand
10.39576044,0.7565677166,-9.701305389,0.8355764151,-0.01278317347,-0.003728425596,-0.006924218964,phone,user2,stand
10.41576669,0.7613561153,-9.694122314,0.8427590132,-0.01278317347,-0.002130528912,-0.005858954508,phone,user2,stand
10.43578068,0.7110779285,-9.665391922,0.8762778044,-0.01331580617,0.009054748341,-0.000532632228,phone,user2,stand
10.45579513,0.691924274,-9.622296333,0.895431459,-0.01171790902,0.01917476021,0.005858954508,phone,user2,stand
10.4757995,0.7422025204,-9.643844604,0.9337386489,-0.006391586736,0.02556634694,0.01012001187,phone,user2,stand
10.49580294,0.8140285611,-9.689333916,0.9696516991,0.008522115648,0.01171790902,0.01278317347,phone,user2,stand
10.51581095,0.8499416113,-9.761159897,0.9241618514,0.02183792181,-0.006391586736,0.01012001187,phone,user2,stand
10.53581607,0.8523358107,-9.768342972,0.8092401624,0.02396845073,-0.007456851192,0.006391586736,phone,user2,stand
10.55582107,0.8044517636,-9.789890289,0.7134721279,0.0165115986,-0.004261057824,0.000532632228,phone,user2,stand
10.57583841,0.7517793179,-9.775525093,0.691924274,0.003195793368,0.004793690052,-0.003728425596,phone,user2,stand
10.59585654,0.7469909191,-9.758766174,0.7326257229,-0.007989482954,0.0170442313,-0.006391586736,phone,user2,stand
10.61586997,0.7230489254,-9.744400978,0.7781155705,-0.01225054078,0.02130528912,-0.01012001187,phone,user2,stand
10.63588243,0.6823474765,-9.718064308,0.8164227605,-0.01544633508,0.02450108156,-0.01065264456,phone,user2,stand
10.65589642,0.6823474765,-9.689333916,0.8714894056,-0.01597896591,0.03036003746,-0.006391586736,phone,user2,stand
10.67591216,0.7326257229,-9.662998199,0.9433154464,-0.009587380104,0.02663161233,-0.003728425596,phone,user2,stand
10.69592825,0.7493851185,-9.677363396,0.9504981041,-0.003728425596,0.0197073929,-0.002130528912,phone,user2,stand
10.71594126,0.7493851185,-9.691728592,0.9074024558,0.001065264456,0.02183792181,-0.00266316114,phone,user2,stand
10.73595825,0.7757213712,-9.708487511,0.9026140571,0.006924218964,0.01491370238,-0.002130528912,phone,user2,stand
10.75597263,0.8116343617,-9.744400978,0.8475474119,0.01331580617,0.004793690052,-0.002130528912,phone,user2,stand
10.77598232,0.787692368,-9.746794701,0.7948749661,0.01171790902,-0.001065264456,-0.006391586736,phone,user2,stand
10.79599622,0.7182605267,-9.765948296,0.7733271718,0.004793690052,-0.004261057824,-0.008522115648,phone,user2,stand
10.8160074,0.6703764796,-9.756371498,0.7805097699,-0.00532632228,-0.00532632228,-0.004261057824,phone,user2,stand
10.83601669,0.6967126727,-9.720458984,0.8283938169,-0.01118527725,0.004793690052,0.000532632228,phone,user2,stand
10.85602884,0.720654726,-9.691728592,0.8690952063,-0.01065264456,0.01810949668,0.001597896684,phone,user2,stand
10.87604294,0.7565677166,-9.679757118,0.8475474119,-0.01065264456,0.02556634694,0.001065264456,phone,user2,stand
10.89605849,0.7469909191,-9.686940193,0.8499416113,-0.01065264456,0.02556634694,0.00266316114,phone,user2,stand
10.91607814,0.787692368,-9.722852707,0.8930372596,-0.007989482954,0.01917476021,0.008522115648,phone,user2,stand
10.93609528,0.8355764151,-9.725247383,0.8810662031,-0.000532632228,0.01384843793,0.008522115648,phone,user2,stand
10.95611267,0.8307880163,-9.730035782,0.8355764151,0.004261057824,0.01597896591,0.004261057824,phone,user2,stand
10.97612837,0.7972691655,-9.730035782,0.7972691655,0.000532632228,0.01810949668,-0.001065264456,phone,user2,stand
10.9961447,0.7781155705,-9.751583099,0.7637503147,-0.005858954508,0.02130528912,-0.001597896684,phone,user2,stand
11.01616013,0.7613561153,-9.734824181,0.7709329724,-0.01065264456,0.02077265643,0.0,phone,user2,stand
11.03617786,0.7900865674,-9.725247383,0.8307880163,-0.01171790902,0.01331580617,-0.001065264456,phone,user2,stand
11.056197,0.8236053586,-9.708487511,0.8643068075,-0.01118527725,0.01065264456,-0.001597896684,phone,user2,stand
11.07621947,0.8164227605,-9.684545517,0.8762778044,-0.005858954508,0.008522115648,-0.005858954508,phone,user2,stand
11.09623814,0.7541735172,-9.684545517,0.85473001,-0.003195793368,0.001065264456,-0.004793690052,phone,user2,stand
11.11626497,0.758961916,-9.670180321,0.873883605,-0.001065264456,-0.002130528912,0.001065264456,phone,user2,stand
11.13629392,0.8307880163,-9.710882187,0.8810662031,0.003195793368,-0.01012001187,0.006391586736,phone,user2,stand
11.15631982,0.8523358107,-9.706093788,0.8762778044,0.009054748341,-0.01864212751,0.006924218964,phone,user2,stand
11.17634728,0.8188169599,-9.732429504,0.8283938169,0.01065264456,-0.01917476021,0.003195793368,phone,user2,stand
11.19636861,0.7326257229,-9.751583099,0.787692368,0.00532632228,-0.01757686399,0.001597896684,phone,user2,stand
11.21638939,0.6847416759,-9.737217903,0.7757213712,-0.001065264456,-0.01917476021,0.003728425596,phone,user2,stand
11.23640943,0.7278373241,-9.718064308,0.8092401624,-0.005858954508,-0.01384843793,0.006924218964,phone,user2,stand
11.25642568,0.7781155705,-9.684545517,0.8451532125,-0.006924218964,-0.006924218964,0.004261057824,phone,user2,stand
11.27643868,0.7852981687,-9.708487511,0.8667010069,-0.003195793368,-0.004261057824,0.00266316114,phone,user2,stand
11.2964549,0.758961916,-9.713275909,0.8810662031,0.001065264456,-0.007456851192,0.003728425596,phone,user2,stand
11.31646884,0.7517793179,-9.710882187,0.8714894056,0.006924218964,-0.01384843793,0.004793690052,phone,user2,stand
11.33649079,0.7541735172,-9.698910713,0.8188169599,0.006391586736,-0.01225054078,0.003195793368,phone,user2,stand
11.35650681,0.7541735172,-9.734824181,0.806845963,0.002130528912,-0.003728425596,0.000532632228,phone,user2,stand
11.37651982,0.7158663273,-9.761159897,0.7972691655,0.001065264456,-0.00266316114,0.001065264456,phone,user2,stand
11.39652978,0.7038952708,-9.710882187,0.7948749661,-0.001065264456,0.004261057824,0.004261057824,phone,user2,stand
11.41654165,0.7230489254,-9.713275909,0.8044517636,-0.00532632228,0.009054748341,0.005858954508,phone,user2,stand
11.43655724,0.7613561153,-9.739612579,0.8116343617,-0.00532632228,0.008522115648,0.00532632228,phone,user2,stand
11.45657325,0.7613561153,-9.737217903,0.8116343617,-0.007456851192,0.007456851192,0.004793690052,phone,user2,stand
11.47659193,0.7613561153,-9.715670586,0.8451532125,-0.009587380104,0.006924218964,0.004261057824,phone,user2,stand
11.49660583,0.7709329724,-9.698910713,0.8307880163,-0.009054748341,0.005858954508,0.00532632228,phone,user2,stand
11.51661716,0.7900865674,-9.686940193,0.8475474119,-0.01012001187,0.02077265643,0.004793690052,phone,user2,stand
11.53663474,0.8044517636,-9.703699112,0.85473001,-0.005858954508,0.0170442313,0.005858954508,phone,user2,stand
11.55665251,0.8164227605,-9.722852707,0.8619126081,0.002130528912,0.001597896684,0.007456851192,phone,user2,stand
11.5766749,0.8379706144,-9.725247383,0.8140285611,0.008522115648,-0.01225054078,0.007989482954,phone,user2,stand
11.59669161,0.8379706144,-9.722852707,0.7709329724,0.005858954508,-0.008522115648,0.003195793368,phone,user2,stand
11.61671185,0.787692368,-9.744400978,0.7781155705,-0.001597896684,-0.002130528912,-0.000532632228,phone,user2,stand
11.63672224,0.7422025204,-9.742006302,0.7996633649,-0.002130528912,-0.001597896684,-0.002130528912,phone,user2,stand
11.65674173,0.7422025204,-9.722852707,0.8140285611,-0.001597896684,-0.001065264456,0.002130528912,phone,user2,stand
11.67676521,0.7541735172,-9.715670586,0.8331822157,-0.001597896684,-0.002130528912,0.004793690052,phone,user2,stand
11.69678759,0.7469909191,-9.706093788,0.85473001,0.000532632228,-0.01171790902,0.00532632228,phone,user2,stand
11.71680587,0.7517793179,-9.706093788,0.8499416113,0.001065264456,-0.01491370238,0.007456851192,phone,user2,stand
11.73682298,0.7445967197,-9.710882187,0.8499416113,0.003195793368,-0.01012001187,0.00532632228,phone,user2,stand
11.75684224,0.7493851185,-9.710882187,0.8331822157,0.005858954508,-0.007989482954,0.005858954508,phone,user2,stand
11.77686673,0.7661445141,-9.710882187,0.806845963,0.00532632228,-0.007989482954,0.006924218964,phone,user2,stand
11.79687943,0.7469909191,-9.730035782,0.8164227605,0.003728425596,-0.007456851192,0.007456851192,phone,user2,stand
11.81689228,0.7422025204,-9.739612579,0.8116343617,0.003728425596,-0.01171790902,0.009054748341,phone,user2,stand
11.83690904,0.7445967197,-9.737217903,0.8020575643,0.003195793368,-0.01065264456,0.01118527725,phone,user2,stand
11.85692857,0.7685387731,-9.732429504,0.8092401624,0.0,-0.006391586736,0.005858954508,phone,user2,stand
11.87694993,0.7733271718,-9.737217903,0.8188169599,-0.00266316114,-0.00266316114,0.003195793368,phone,user2,stand
11.89696544,0.739808321,-9.718064308,0.8451532125,-0.001597896684,-0.001065264456,0.000532632228,phone,user2,stand
11.91697478,0.7182605267,-9.696516991,0.8355764151,0.000532632228,-0.000532632228,0.002130528912,phone,user2,stand
11.93698185,0.7422025204,-9.708487511,0.8619126081,-0.000532632228,0.00266316114,0.004261057824,phone,user2,stand
11.9569938,0.7565677166,-9.689333916,0.8882488012,0.002130528912,-0.002130528912,0.00532632228,phone,user2,stand
11.97700587,0.7661445141,-9.718064308,0.8499416113,0.005858954508,-0.008522115648,0.004793690052,phone,user2,stand
11.99701923,0.7541735172,-9.730035782,0.8164227605,0.003728425596,-0.007456851192,0.004261057824,phone,user2,stand
12.017037,0.7445967197,-9.739612579,0.806845963,0.000532632228,-0.006924218964,0.004261057824,phone,user2,stand
12.03705872,0.758961916,-9.725247383,0.8188169599,0.0,-0.001597896684,0.00266316114,phone,user2,stand
12.05708029,0.7422025204,-9.715670586,0.8236053586,-0.00266316114,0.000532632228,0.001065264456,phone,user2,stand
12.07710134,0.7086837292,-9.708487511,0.8571242094,-0.003728425596,0.000532632228,0.001597896684,phone,user2,stand
12.09712427,0.7326257229,-9.725247383,0.8523358107,0.001065264456,-0.005858954508,0.004261057824,phone,user2,stand
12.1171522,0.7517793179,-9.722852707,0.8307880163,0.004261057824,-0.006391586736,0.003195793368,phone,user2,stand
12.13717068,0.7517793179,-9.694122314,0.8188169599,0.002130528912,-0.003195793368,0.003728425596,phone,user2,stand
12.15718251,0.7422025204,-9.730035782,0.8212111592,0.002130528912,-0.00532632228,0.006391586736,phone,user2,stand
12.17719579,0.7517793179,-9.765948296,0.8236053586,0.006924218964,-0.003728425596,0.006924218964,phone,user2,stand
12.19721232,0.7565677166,-9.744400978,0.7924807668,0.004261057824,-0.004261057824,0.003195793368,phone,user2,stand
12.21724142,0.7134721279,-9.727641106,0.7493851185,-0.003728425596,0.001065264456,0.00266316114,phone,user2,stand
12.23726946,0.6991068721,-9.715670586,0.7948749661,-0.01118527725,0.01171790902,0.004261057824,phone,user2,stand
12.25729212,0.7302315235,-9.715670586,0.8595184088,-0.007456851192,0.0170442313,0.004261057824,phone,user2,stand
12.2773079,0.7805097699,-9.684545517,0.8571242094,-0.001597896684,0.01544633508,0.004793690052,phone,user2,stand
12.297329,0.8212111592,-9.710882187,0.8499416113,0.001597896684,0.01012001187,0.00532632228,phone,user2,stand
12.31735603,0.8140285611,-9.715670586,0.8643068075,0.003728425596,0.001597896684,0.004261057824,phone,user2,stand
12.33737841,0.787692368,-9.720458984,0.8331822157,0.00532632228,0.003728425596,0.00266316114,phone,user2,stand
12.35740087,0.7661445141,-9.732429504,0.8116343617,0.003195793368,0.007456851192,0.001597896684,phone,user2,stand
12.37741907,0.7781155705,-9.730035782,0.7972691655,0.002130528912,0.00532632228,0.003728425596,phone,user2,stand
12.39743572,0.7733271718,-9.718064308,0.8092401624,-0.001065264456,0.007456851192,0.004261057824,phone,user2,stand
12.41745189,0.7733271718,-9.706093788,0.8451532125,0.000532632228,0.002130528912,0.00532632228,phone,user2,stand
12.43746177,0.7661445141,-9.706093788,0.8403648138,0.003728425596,-0.005858954508,0.007456851192,phone,user2,stand
12.45747611,0.7637503147,-9.689333916,0.8307880163,0.00532632228,-0.007989482954,0.007989482954,phone,user2,stand
12.47749165,0.7350199223,-9.708487511,0.8451532125,0.005858954508,-0.001597896684,0.007456851192,phone,user2,stand
12.49750364,0.7422025204,-9.698910713,0.8499416113,0.007989482954,-0.001065264456,0.009054748341,phone,user2,stand
12.51752982,0.7541735172,-9.713275909,0.8307880163,0.01171790902,-0.005858954508,0.01225054078,phone,user2,stand
12.53755325,0.7829039693,-9.734824181,0.8164227605,0.01438106969,-0.008522115648,0.01065264456,phone,user2,stand
12.55756579,0.7613561153,-9.744400978,0.7852981687,0.009587380104,-0.006924218964,0.007989482954,phone,user2,stand
12.57757255,0.7254431248,-9.753977776,0.7852981687,0.003195793368,-0.003195793368,0.006391586736,phone,user2,stand
12.59758505,0.7134721279,-9.761159897,0.8188169599,-0.001065264456,0.003728425596,0.003728425596,phone,user2,stand
12.61759454,0.7302315235,-9.734824181,0.8379706144,-0.00266316114,0.01118527725,0.0,phone,user2,stand
12.63760618,0.6967126727,-9.715670586,0.8571242094,-0.001597896684,0.0197073929,-0.001597896684,phone,user2,stand
12.65761267,0.6799532771,-9.706093788,0.8427590132,-0.006391586736,0.02716424316,-0.001065264456,phone,user2,stand
12.67762591,0.6871358752,-9.715670586,0.8810662031,-0.006391586736,0.02876213938,0.002130528912,phone,user2,stand
12.69763888,0.7110779285,-9.696516991,0.9026140571,-0.003195793368,0.02982740477,0.00266316114,phone,user2,stand
12.71764298,0.7134721279,-9.689333916,0.8930372596,-0.002130528912,0.0330231972,0.00266316114,phone,user2,stand
12.73765068,0.7278373241,-9.713275909,0.8810662031,-0.003195793368,0.02982740477,0.003728425596,phone,user2,stand
12.75765626,0.7733271718,-9.701305389,0.8762778044,-0.001597896684,0.02237055451,0.004793690052,phone,user2,stand
12.77765966,0.7948749661,-9.703699112,0.895431459,0.001597896684,0.0170442313,0.007456851192,phone,user2,stand
12.7976722,0.8212111592,-9.691728592,0.8882488012,0.00532632228,0.006391586736,0.007456851192,phone,user2,stand
12.81768013,0.8116343617,-9.732429504,0.8499416113,0.006924218964,-0.003728425596,0.007456851192,phone,user2,stand
12.83768708,0.7972691655,-9.732429504,0.85473001,0.005858954508,-0.01012001187,0.007989482954,phone,user2,stand
12.85770236,0.7781155705,-9.703699112,0.85473001,0.006391586736,-0.02343581803,0.009587380104,phone,user2,stand
12.87771251,0.787692368,-9.713275909,0.8403648138,0.007456851192,-0.0330231972,0.01012001187,phone,user2,stand
12.89772314,0.7374141216,-9.679757118,0.8475474119,0.006391586736,-0.03195793182,0.01118527725,phone,user2,stand
12.91773118,0.7254431248,-9.682151794,0.8882488012,0.01118527725,-0.03621899337,0.01597896591,phone,user2,stand
12.9377431,0.7637503147,-9.703699112,0.9002198577,0.02077265643,-0.04953479767,0.01917476021,phone,user2,stand
12.95775732,0.7613561153,-9.746794701,0.8403648138,0.02609897964,-0.06178534031,0.01864212751,phone,user2,stand
12.97777501,0.7110779285,-9.761159897,0.8116343617,0.02290318534,-0.05965480953,0.0170442313,phone,user2,stand
12.997799,0.6488286853,-9.732429504,0.787692368,0.01757686399,-0.05166532472,0.01917476021,phone,user2,stand
13.01782224,0.6560112834,-9.727641106,0.7996633649,0.01118527725,-0.03728425503,0.02077265643,phone,user2,stand
13.03784013,0.6847416759,-9.710882187,0.8212111592,0.009587380104,-0.02556634694,0.0197073929,phone,user2,stand
13.05785111,0.6775590777,-9.739612579,0.8307880163,0.007989482954,-0.02343581803,0.01917476021,phone,user2,stand
13.07786661,0.6703764796,-9.718064308,0.8451532125,0.006924218964,-0.01278317347,0.0197073929,phone,user2,stand
13.09787517,0.7302315235,-9.708487511,0.8810662031,0.008522115648,-0.01331580617,0.02130528912,phone,user2,stand
13.11788068,0.7469909191,-9.732429504,0.8667010069,0.01225054078,-0.01171790902,0.01864212751,phone,user2,stand
13.13790138,0.7374141216,-9.756371498,0.8379706144,0.008522115648,-0.004793690052,0.01438106969,phone,user2,stand
13.15791939,0.7326257229,-9.761159897,0.8116343617,0.004261057824,-0.00266316114,0.01118527725,phone,user2,stand
13.17792591,0.7709329724,-9.751583099,0.8331822157,0.001597896684,-0.006391586736,0.009587380104,phone,user2,stand
13.19793431,0.8212111592,-9.718064308,0.8786720037,0.003728425596,-0.009587380104,0.007989482954,phone,user2,stand
13.21794603,0.8283938169,-9.689333916,0.9313444495,0.004793690052,-0.01171790902,0.00532632228,phone,user2,stand
13.2379579,0.7637503147,-9.677363396,1.015141487,0.01065264456,-0.01917476021,0.003195793368,phone,user2,stand
13.25795806,0.6607996821,-9.708487511,0.9457096457,0.02822950855,-0.0330231972,0.00532632228,phone,user2,stand
13.27796036,0.5889736414,-9.730035782,0.8188169599,0.02822950855,-0.02769687586,0.006391586736,phone,user2,stand
13.2979672,0.5722141862,-9.739612579,0.7709329724,0.01225054078,-0.01331580617,0.009054748341,phone,user2,stand
13.31798028,0.624886632,-9.751583099,0.8475474119,-0.00266316114,-0.01331580617,0.01225054078,phone,user2,stand
13.3379965,0.6967126727,-9.710882187,0.9552865028,-0.005858954508,-0.006924218964,0.01171790902,phone,user2,stand
13.35800986,0.7062895298,-9.682151794,0.9983820915,-0.000532632228,0.001065264456,0.006391586736,phone,user2,stand
13.37801419,0.6679822803,-9.696516991,0.9768342972,0.00532632228,-0.008522115648,0.001597896684,phone,user2,stand
13.39802673,0.6081272364,-9.715670586,0.9193734527,0.008522115648,-0.01171790902,0.00266316114,phone,user2,stand
13.41804341,0.6177040339,-9.720458984,0.8882488012,0.007456851192,-0.003728425596,0.002130528912,phone,user2,stand
13.4380547,0.6368576288,-9.739612579,0.8212111592,0.004261057824,0.00266316114,0.0,phone,user2,stand
13.45807763,0.5961562395,-9.749189377,0.8116343617,-0.005858954508,0.01544633508,-0.00266316114,phone,user2,stand
13.47809681,0.5985504389,-9.742006302,0.8810662031,-0.0170442313,0.02290318534,0.000532632228,phone,user2,stand
13.49812446,0.6440402865,-9.725247383,0.9457096457,-0.01331580617,0.01810949668,0.006391586736,phone,user2,stand
13.51814638,0.7469909191,-9.718064308,0.9026140571,-0.01065264456,0.009587380104,0.005858954508,phone,user2,stand
13.53817189,0.7805097699,-9.722852707,0.895431459,-0.009587380104,0.007456851192,0.002130528912,phone,user2,stand
13.55819794,0.7326257229,-9.718064308,0.9265560508,-0.007989482954,0.001597896684,-0.003195793368,phone,user2,stand
13.57822243,0.6943184733,-9.722852707,0.921767652,-0.003195793368,-0.005858954508,-0.002130528912,phone,user2,stand
13.59824818,0.6871358752,-9.710882187,0.8834604025,-0.003195793368,-0.006924218964,-0.002130528912,phone,user2,stand
13.61827579,0.691924274,-9.720458984,0.8667010069,-0.006391586736,-0.005858954508,-0.003728425596,phone,user2,stand
13.63831099,0.691924274,-9.708487511,0.8810662031,-0.01012001187,-0.009587380104,-0.003195793368,phone,user2,stand
13.65833474,0.7230489254,-9.713275909,0.9050082564,-0.007989482954,-0.0170442313,-0.000532632228,phone,user2,stand
13.67835708,0.7469909191,-9.710882187,0.9097966552,-0.003728425596,-0.02343581803,0.0,phone,user2,stand
13.6983831,0.7565677166,-9.715670586,0.9050082564,-0.004261057824,-0.02876213938,-0.001597896684,phone,user2,stand
13.71841306,0.7326257229,-9.703699112,0.9074024558,-0.005858954508,-0.03036003746,-0.006391586736,phone,user2,stand
13.73843404,0.7182605267,-9.710882187,0.8906430602,-0.005858954508,-0.03408846259,-0.007456851192,phone,user2,stand
13.7584545,0.7158663273,-9.744400978,0.8643068075,-0.004793690052,-0.03515372798,-0.009054748341,phone,user2,stand
13.7784763,0.7086837292,-9.734824181,0.8475474119,-0.006924218964,-0.03249056637,-0.01225054078,phone,user2,stand
13.7985006,0.6703764796,-9.710882187,0.8499416113,-0.01012001187,-0.03142530099,-0.01331580617,phone,user2,stand
13.81852435,0.6224924326,-9.727641106,0.8307880163,-0.01438106969,-0.02663161233,-0.01118527725,phone,user2,stand
13.83854482,0.6153098345,-9.713275909,0.85473001,-0.01810949668,-0.0170442313,-0.009054748341,phone,user2,stand
13.85855857,0.672770679,-9.691728592,0.873883605,-0.01331580617,-0.01331580617,-0.005858954508,phone,user2,stand
13.87856884,0.7517793179,-9.718064308,0.8283938169,-0.01012001187,-0.01491370238,-0.00532632228,phone,user2,stand
13.89857575,0.8307880163,-9.763554573,0.8212111592,-0.008522115648,-0.02077265643,-0.006924218964,phone,user2,stand
13.9185915,0.8499416113,-9.770736694,0.8092401624,-0.007456851192,-0.02237055451,-0.01438106969,phone,user2,stand
13.93861044,0.8164227605,-9.756371498,0.8092401624,-0.006391586736,-0.01171790902,-0.02556634694,phone,user2,stand
13.95862372,0.7278373241,-9.706093788,0.7637503147,-0.007456851192,0.004793690052,-0.03036003746,phone,user2,stand
13.97863638,0.7038952708,-9.730035782,0.7422025204,-0.01597896591,0.01384843793,-0.02822950855,phone,user2,stand
13.99865318,0.7086837292,-9.727641106,0.8092401624,-0.02024002373,0.02024002373,-0.02024002373,phone,user2,stand
14.01866751,0.7182605267,-9.667786598,0.9074024558,-0.01331580617,0.01012001187,-0.009587380104,phone,user2,stand
14.0386831,0.7517793179,-9.648633003,0.9337386489,-0.001597896684,-0.004793690052,-0.004261057824,phone,user2,stand
14.05870111,0.7565677166,-9.684545517,0.9121908545,0.005858954508,-0.01331580617,-0.000532632228,phone,user2,stand
14.07872364,0.7254431248,-9.703699112,0.8619126081,0.009587380104,-0.009054748341,0.003195793368,phone,user2,stand
14.09874536,0.7517793179,-9.701305389,0.8020575643,0.009587380104,-0.00266316114,0.005858954508,phone,user2,stand
14.11876728,0.806845963,-9.725247383,0.7805097699,0.005858954508,-0.003728425596,0.006924218964,phone,user2,stand
14.13878841,0.8307880163,-9.727641106,0.7948749661,0.00266316114,-0.00532632228,0.004261057824,phone,user2,stand
14.15880263,0.8164227605,-9.739612579,0.8188169599,0.003195793368,-0.007989482954,-0.001597896684,phone,user2,stand
14.17881673,0.7757213712,-9.739612579,0.8164227605,0.00532632228,-0.01118527725,-0.003728425596,phone,user2,stand
14.19882798,0.7374141216,-9.737217903,0.7900865674,0.004793690052,-0.01491370238,-0.005858954508,phone,user2,stand
14.21884532,0.720654726,-9.730035782,0.8020575643,-0.001597896684,-0.008522115648,-0.006391586736,phone,user2,stand
14.23886415,0.7278373241,-9.715670586,0.8283938169,-0.00266316114,-0.001065264456,-0.00532632228,phone,user2,stand
14.25888501,0.7134721279,-9.703699112,0.8427590132,-0.001065264456,0.001065264456,-0.003728425596,phone,user2,stand
14.27890157,0.6871358752,-9.706093788,0.8475474119,0.0,0.004793690052,-0.001065264456,phone,user2,stand
14.29891587,0.691924274,-9.710882187,0.8499416113,0.000532632228,0.007989482954,0.003195793368,phone,user2,stand
14.31893595,0.7110779285,-9.710882187,0.8714894056,0.00266316114,0.01544633508,0.00532632228,phone,user2,stand
14.33895091,0.7445967197,-9.713275909,0.8379706144,0.003728425596,0.02237055451,0.003728425596,phone,user2,stand
14.35896075,0.7661445141,-9.732429504,0.8020575643,0.000532632228,0.02609897964,0.001065264456,phone,user2,stand
14.37897216,0.7781155705,-9.744400978,0.787692368,-0.00266316114,0.02450108156,-0.001065264456,phone,user2,stand
14.39898427,0.7972691655,-9.734824181,0.7900865674,-0.00532632228,0.02290318534,-0.00266316114,phone,user2,stand
14.41899786,0.7852981687,-9.715670586,0.8188169599,-0.009054748341,0.02716424316,-0.004261057824,phone,user2,stand
14.43901661,0.787692368,-9.706093788,0.8355764151,-0.007456851192,0.02396845073,-0.002130528912,phone,user2,stand
14.45903009,0.8355764151,-9.703699112,0.8667010069,-0.003195793368,0.0197073929,-0.001065264456,phone,user2,stand
14.479044,0.8355764151,-9.684545517,0.8379706144,0.000532632228,0.0170442313,-0.001065264456,phone,user2,stand
14.49906322,0.8236053586,-9.708487511,0.8451532125,0.00266316114,0.01225054078,-0.001065264456,phone,user2,stand
14.5190706,0.7805097699,-9.720458984,0.85473001,0.00532632228,0.008522115648,0.001597896684,phone,user2,stand
14.53907544,0.7900865674,-9.689333916,0.8499416113,0.008522115648,0.001597896684,0.005858954508,phone,user2,stand
14.55909091,0.787692368,-9.732429504,0.8379706144,0.007989482954,-0.001065264456,0.00532632228,phone,user2,stand
14.57910087,0.7757213712,-9.732429504,0.8475474119,0.004261057824,-0.001065264456,0.003728425596,phone,user2,stand
14.5991131,0.7541735172,-9.718064308,0.8355764151,0.001065264456,0.001065264456,0.004793690052,phone,user2,stand
14.6191331,0.7445967197,-9.703699112,0.873883605,-0.000532632228,0.003195793368,0.006924218964,phone,user2,stand
14.63914708,0.7541735172,-9.706093788,0.9002198577,0.00266316114,0.003195793368,0.008522115648,phone,user2,stand
14.65915794,0.7781155705,-9.706093788,0.8786720037,0.006924218964,0.002130528912,0.007989482954,phone,user2,stand
14.67915865,0.8044517636,-9.715670586,0.8140285611,0.004261057824,0.00266316114,0.004793690052,phone,user2,stand
14.69917263,0.8379706144,-9.722852707,0.8212111592,0.000532632228,-0.002130528912,0.004793690052,phone,user2,stand
14.71919091,0.8355764151,-9.706093788,0.8714894056,0.00266316114,-0.01065264456,0.004793690052,phone,user2,stand
14.73920587,0.8164227605,-9.710882187,0.8571242094,0.007456851192,-0.008522115648,0.003195793368,phone,user2,stand
14.75921892,0.7661445141,-9.708487511,0.8451532125,0.006391586736,-0.001597896684,0.001065264456,phone,user2,stand
14.77922911,0.7350199223,-9.718064308,0.8523358107,0.003728425596,-0.002130528912,0.002130528912,phone,user2,stand
14.79925118,0.7565677166,-9.725247383,0.8451532125,0.004793690052,-0.002130528912,0.003728425596,phone,user2,stand
14.81927755,0.7900865674,-9.720458984,0.8643068075,0.004261057824,-0.006391586736,0.004793690052,phone,user2,stand
14.83930103,0.7852981687,-9.722852707,0.873883605,0.005858954508,-0.01384843793,0.004793690052,phone,user2,stand
14.8593122,0.7661445141,-9.703699112,0.8834604025,0.00532632228,-0.009054748341,0.004793690052,phone,user2,stand
14.87931888,0.7182605267,-9.720458984,0.8882488012,0.004793690052,-0.003728425596,0.004261057824,phone,user2,stand
14.89932814,0.6895300746,-9.708487511,0.8595184088,0.00532632228,-0.001597896684,0.00532632228,phone,user2,stand
14.9193381,0.7326257229,-9.725247383,0.8427590132,0.001065264456,0.000532632228,0.007989482954,phone,user2,stand
14.93934462,0.7613561153,-9.701305389,0.8690952063,0.000532632228,0.003195793368,0.009054748341,phone,user2,stand
14.95934962,0.7924807668,-9.710882187,0.8834604025,0.00266316114,0.004793690052,0.009587380104,phone,user2,stand
14.97935411,0.787692368,-9.715670586,0.8930372596,0.003195793368,0.009587380104,0.008522115648,phone,user2,stand
14.99936595,0.7469909191,-9.710882187,0.873883605,0.004261057824,0.007456851192,0.008522115648,phone,user2,stand
15.01937165,0.7637503147,-9.722852707,0.8571242094,0.003195793368,0.008522115648,0.01012001187,phone,user2,stand
15.03936962,0.7924807668,-9.708487511,0.8331822157,0.00266316114,0.006391586736,0.01171790902,phone,user2,stand
15.05937919,0.8116343617,-9.715670586,0.8475474119,0.003195793368,0.004261057824,0.01012001187,phone,user2,stand
15.07938685,0.7972691655,-9.703699112,0.8523358107,0.002130528912,0.007989482954,0.009587380104,phone,user2,stand
15.09939325,0.7757213712,-9.706093788,0.8643068075,0.005858954508,0.003195793368,0.009054748341,phone,user2,stand
15.11939622,0.7613561153,-9.713275909,0.8331822157,0.006924218964,0.003195793368,0.01171790902,phone,user2,stand
15.13940329,0.7685387731,-9.715670586,0.85473001,0.00532632228,0.01065264456,0.01225054078,phone,user2,stand
15.15940911,0.7661445141,-9.706093788,0.8858546019,0.007989482954,0.006391586736,0.01384843793,phone,user2,stand
15.17941333,0.7805097699,-9.703699112,0.8499416113,0.01118527725,0.001597896684,0.01384843793,phone,user2,stand
15.19940607,0.7733271718,-9.720458984,0.8595184088,0.008522115648,0.004261057824,0.01278317347,phone,user2,stand
15.21940267,0.739808321,-9.734824181,0.8858546019,0.009054748341,-0.001065264456,0.01331580617,phone,user2,stand
15.23939993,0.7685387731,-9.739612579,0.8786720037,0.01171790902,-0.003728425596,0.01491370238,phone,user2,stand
15.25939591,0.7781155705,-9.708487511,0.8834604025,0.009587380104,0.003195793368,0.01225054078,phone,user2,stand
15.27938943,0.7350199223,-9.713275909,0.8906430602,0.009054748341,0.003728425596,0.009054748341,phone,user2,stand
15.29939204,0.6871358752,-9.720458984,0.8834604025,0.01118527725,-0.003728425596,0.01012001187,phone,user2,stand
15.31939372,0.691924274,-9.715670586,0.8475474119,0.007989482954,0.002130528912,0.01065264456,phone,user2,stand
15.33940032,0.6991068721,-9.698910713,0.8690952063,0.004793690052,0.00266316114,0.01065264456,phone,user2,stand
15.35940165,0.7350199223,-9.698910713,0.9026140571,0.003728425596,-0.003195793368,0.01384843793,phone,user2,stand
15.37940318,0.7517793179,-9.739612579,0.9241618514,0.001065264456,-0.003728425596,0.01225054078,phone,user2,stand
15.39940622,0.7110779285,-9.739612579,0.921767652,0.00532632228,-0.01118527725,0.009054748341,phone,user2,stand
15.41941243,0.6847416759,-9.710882187,0.8930372596,0.005858954508,-0.01757686399,0.01065264456,phone,user2,stand
15.43942243,0.6775590777,-9.713275909,0.8834604025,0.0,-0.009587380104,0.01065264456,phone,user2,stand
15.45943443,0.6895300746,-9.679757118,0.9241618514,-0.002130528912,-0.001597896684,0.008522115648,phone,user2,stand
15.4794522,0.7230489254,-9.703699112,0.9289502501,0.001597896684,-0.004261057824,0.009054748341,phone,user2,stand
15.49946079,0.7374141216,-9.732429504,0.8690952063,0.00532632228,-0.003195793368,0.008522115648,phone,user2,stand
15.51946677,0.7517793179,-9.727641106,0.8451532125,0.003195793368,-0.005858954508,0.009054748341,phone,user2,stand
15.53947888,0.7685387731,-9.737217903,0.8667010069,-0.001597896684,-0.008522115648,0.008522115648,phone,user2,stand
15.55949587,0.7517793179,-9.720458984,0.9002198577,-0.00266316114,-0.006391586736,0.005858954508,phone,user2,stand
15.57950079,0.7278373241,-9.703699112,0.895431459,0.00266316114,-0.01225054078,0.00532632228,phone,user2,stand
15.5995063,0.7350199223,-9.727641106,0.8762778044,0.004793690052,-0.02077265643,0.006391586736,phone,user2,stand
15.61950603,0.739808321,-9.722852707,0.8667010069,0.004261057824,-0.02237055451,0.004793690052,phone,user2,stand
15.6395045,0.7062895298,-9.725247383,0.895431459,0.005858954508,-0.02237055451,0.003195793368,phone,user2,stand
15.6595065,0.6799532771,-9.720458984,0.8906430602,0.004793690052,-0.01757686399,0.003195793368,phone,user2,stand
15.67952173,0.6512228847,-9.732429504,0.9002198577,0.00532632228,-0.01438106969,0.004261057824,phone,user2,stand
15.69953251,0.6607996821,-9.744400978,0.85473001,0.004261057824,-0.01597896591,0.00532632228,phone,user2,stand
15.71953095,0.6847416759,-9.734824181,0.8571242094,0.000532632228,-0.009587380104,0.004261057824,phone,user2,stand
15.73953017,0.6823474765,-9.708487511,0.8714894056,-0.001597896684,-0.006924218964,0.005858954508,phone,user2,stand
15.7595231,0.7038952708,-9.718064308,0.9050082564,-0.004793690052,0.001597896684,0.004793690052,phone,user2,stand
15.77953032,0.6943184733,-9.718064308,0.9313444495,-0.00266316114,0.007989482954,0.002130528912,phone,user2,stand
15.79953896,0.6991068721,-9.732429504,0.9289502501,0.0,0.00266316114,0.002130528912,phone,user2,stand
15.81954591,0.7134721279,-9.725247383,0.8834604025,0.000532632228,-0.000532632228,0.001065264456,phone,user2,stand
15.83955587,0.7302315235,-9.732429504,0.8595184088,-0.002130528912,0.003728425596,0.000532632228,phone,user2,stand
15.85955997,0.7302315235,-9.722852707,0.8978256583,-0.004261057824,0.005858954508,0.001597896684,phone,user2,stand
15.87957325,0.7062895298,-9.696516991,0.921767652,-0.003728425596,0.00532632228,0.001065264456,phone,user2,stand
15.89958798,0.6991068721,-9.708487511,0.9002198577,0.000532632228,0.001597896684,0.002130528912,phone,user2,stand
15.91959552,0.7086837292,-9.713275909,0.8906430602,0.00266316114,-0.001065264456,0.003195793368,phone,user2,stand
15.93960247,0.7278373241,-9.715670586,0.8858546019,0.001065264456,-0.001065264456,0.004261057824,phone,user2,stand
15.95960634,0.7350199223,-9.720458984,0.9002198577,0.002130528912,-0.004261057824,0.00532632228,phone,user2,stand
15.97960259,0.7422025204,-9.722852707,0.8810662031,0.003728425596,-0.004261057824,0.004793690052,phone,user2,stand
15.99960103,0.7422025204,-9.720458984,0.8762778044,0.003195793368,-0.01171790902,0.003195793368,phone,user2,stand
16.01960103,0.7374141216,-9.727641106,0.8906430602,0.003195793368,-0.01225054078,0.002130528912,phone,user2,stand
16.03959654,0.7182605267,-9.744400978,0.9002198577,0.005858954508,-0.01331580617,0.001065264456,phone,user2,stand
16.05959111,0.6751648784,-9.725247383,0.8643068075,0.006924218964,-0.01171790902,-0.001597896684,phone,user2,stand
16.07958458,0.6224924326,-9.727641106,0.8427590132,0.001065264456,-0.006391586736,-0.002130528912,phone,user2,stand
16.09957716,0.6153098345,-9.720458984,0.8523358107,-0.005858954508,0.0,0.000532632228,phone,user2,stand
16.11957579,0.653617084,-9.722852707,0.9050082564,-0.008522115648,0.009587380104,0.00266316114,phone,user2,stand
16.1395781,0.6943184733,-9.698910713,0.9433154464,-0.005858954508,0.01278317347,0.003195793368,phone,user2,stand
16.15957521,0.7278373241,-9.686940193,0.921767652,-0.001065264456,0.006391586736,0.00266316114,phone,user2,stand
16.17958349,0.7493851185,-9.713275909,0.8930372596,0.001597896684,0.004793690052,0.001597896684,phone,user2,stand
16.19958404,0.7613561153,-9.756371498,0.8690952063,0.001597896684,0.002130528912,-0.000532632228,phone,user2,stand
16.21958361,0.7254431248,-9.739612579,0.8595184088,0.0,0.00266316114,-0.001597896684,phone,user2,stand
16.23958611,0.720654726,-9.746794701,0.8619126081,-0.004261057824,-0.00266316114,-0.001597896684,phone,user2,stand
16.25958325,0.6847416759,-9.708487511,0.873883605,-0.00532632228,0.002130528912,0.0,phone,user2,stand
16.27958743,0.6991068721,-9.720458984,0.8906430602,-0.007456851192,0.006924218964,0.00266316114,phone,user2,stand
16.29960114,0.739808321,-9.701305389,0.8930372596,-0.003728425596,0.004261057824,0.001065264456,phone,user2,stand
16.31961681,0.7733271718,-9.708487511,0.8810662031,-0.005858954508,0.004793690052,-0.000532632228,phone,user2,stand
16.3396313,0.7900865674,-9.718064308,0.921767652,-0.005858954508,0.00532632228,-0.001597896684,phone,user2,stand
16.35964486,0.7661445141,-9.715670586,0.9385270476,-0.00266316114,0.001597896684,-0.005858954508,phone,user2,stand
16.3796456,0.7254431248,-9.727641106,0.9121908545,-0.000532632228,0.003728425596,-0.007456851192,phone,user2,stand
16.39965376,0.7015010715,-9.701305389,0.895431459,-0.001065264456,0.00266316114,-0.006391586736,phone,user2,stand
16.41965486,0.7158663273,-9.710882187,0.8858546019,-0.002130528912,-0.003728425596,-0.00266316114,phone,user2,stand
16.43966263,0.739808321,-9.698910713,0.8858546019,0.000532632228,-0.005858954508,-0.002130528912,phone,user2,stand
16.45966794,0.7422025204,-9.713275909,0.873883605,0.002130528912,-0.01118527725,-0.002130528912,phone,user2,stand
16.47966986,0.7134721279,-9.744400978,0.8667010069,0.001065264456,-0.008522115648,-0.002130528912,phone,user2,stand
16.49968138,0.6823474765,-9.706093788,0.8667010069,-0.001597896684,-0.007989482954,-0.001597896684,phone,user2,stand
16.51969564,0.720654726,-9.730035782,0.85473001,-0.003728425596,-0.00532632228,-0.002130528912,phone,user2,stand
16.53970794,0.7541735172,-9.727641106,0.8475474119,-0.005858954508,0.001065264456,-0.001597896684,phone,user2,stand
16.55971614,0.7757213712,-9.710882187,0.8906430602,-0.005858954508,-0.005858954508,-0.00266316114,phone,user2,stand
16.57971915,0.7661445141,-9.718064308,0.8834604025,-0.003195793368,-0.009587380104,-0.005858954508,phone,user2,stand
16.59972595,0.7302315235,-9.720458984,0.8786720037,-0.001597896684,-0.007989482954,-0.007456851192,phone,user2,stand
16.61973778,0.7062895298,-9.734824181,0.873883605,-0.00266316114,-0.004261057824,-0.008522115648,phone,user2,stand
16.63974505,0.7062895298,-9.722852707,0.8643068075,-0.003195793368,-0.001065264456,-0.00532632228,phone,user2,stand
16.6597579,0.739808321,-9.710882187,0.8690952063,-0.005858954508,0.001065264456,-0.00532632228,phone,user2,stand
16.67976654,0.7422025204,-9.703699112,0.8882488012,-0.00532632228,0.0,-0.004793690052,phone,user2,stand
16.6997697,0.7302315235,-9.698910713,0.9026140571,-0.002130528912,0.0,-0.003195793368,phone,user2,stand
16.7197674,0.7517793179,-9.713275909,0.8906430602,-0.000532632228,0.001065264456,-0.00266316114,phone,user2,stand
16.73977396,0.758961916,-9.703699112,0.85473001,-0.001065264456,0.001065264456,-0.00532632228,phone,user2,stand
16.75978575,0.7445967197,-9.727641106,0.8643068075,-0.004261057824,0.000532632228,-0.005858954508,phone,user2,stand
16.77979349,0.7422025204,-9.718064308,0.8786720037,-0.003195793368,-0.004793690052,-0.004793690052,phone,user2,stand
16.79980298,0.7661445141,-9.715670586,0.8595184088,-0.001597896684,-0.007989482954,-0.00532632228,phone,user2,stand
16.81980822,0.7805097699,-9.710882187,0.8307880163,-0.00266316114,-0.007989482954,-0.007456851192,phone,user2,stand
16.83980966,0.7661445141,-9.730035782,0.8451532125,-0.004261057824,-0.005858954508,-0.008522115648,phone,user2,stand
16.85980829,0.7445967197,-9.722852707,0.8379706144,-0.00532632228,-0.003195793368,-0.008522115648,phone,user2,stand
16.8798045,0.7637503147,-9.718064308,0.85473001,-0.006391586736,-0.00266316114,-0.006391586736,phone,user2,stand
16.89980614,0.8307880163,-9.727641106,0.8523358107,-0.004793690052,-0.01225054078,-0.006391586736,phone,user2,stand
16.9198065,0.8283938169,-9.732429504,0.825999558,-0.005858954508,-0.0197073929,-0.009587380104,phone,user2,stand
16.93981044,0.8116343617,-9.722852707,0.8283938169,-0.004793690052,-0.009587380104,-0.01171790902,phone,user2,stand
16.95981255,0.7829039693,-9.703699112,0.8834604025,-0.001597896684,-0.003728425596,-0.01331580617,phone,user2,stand
16.97981349,0.739808321,-9.715670586,0.8667010069,0.003728425596,0.006391586736,-0.01225054078,phone,user2,stand
16.99981005,0.7182605267,-9.718064308,0.8188169599,0.000532632228,0.01810949668,-0.008522115648,phone,user2,stand
17.01981404,0.7350199223,-9.722852707,0.8044517636,-0.00532632228,0.0170442313,-0.005858954508,phone,user2,stand
17.03981595,0.7733271718,-9.722852707,0.8403648138,-0.01171790902,0.01438106969,0.000532632228,phone,user2,stand
17.05981286,0.8092401624,-9.691728592,0.9121908545,-0.009587380104,0.01544633508,0.003195793368,phone,user2,stand
17.07980919,0.8140285611,-9.674968719,0.9121908545,-0.000532632228,0.01065264456,0.002130528912,phone,user2,stand
17.09981611,0.8116343617,-9.686940193,0.8906430602,0.00266316114,0.006391586736,0.00266316114,phone,user2,stand
17.11982349,0.806845963,-9.703699112,0.8978256583,0.00266316114,-0.000532632228,0.004793690052,phone,user2,stand
17.13983333,0.8092401624,-9.715670586,0.895431459,0.006924218964,-0.00532632228,0.004793690052,phone,user2,stand
17.15984154,0.806845963,-9.720458984,0.85473001,0.007456851192,-0.001597896684,0.00266316114,phone,user2,stand
17.17985353,0.7805097699,-9.730035782,0.8283938169,0.004261057824,0.001065264456,-0.002130528912,phone,user2,stand
17.19984931,0.7661445141,-9.730035782,0.8164227605,0.0,0.003728425596,-0.000532632228,phone,user2,stand
17.21984857,0.787692368,-9.706093788,0.825999558,-0.001597896684,0.006391586736,0.000532632228,phone,user2,stand
17.23985021,0.8116343617,-9.710882187,0.8379706144,-0.003728425596,0.00266316114,0.001065264456,phone,user2,stand
17.25984665,0.7900865674,-9.715670586,0.873883605,-0.004261057824,0.0,0.0,phone,user2,stand
17.2798481,0.7972691655,-9.718064308,0.9050082564,-0.002130528912,-0.001065264456,0.0,phone,user2,stand
17.29984696,0.7852981687,-9.694122314,0.895431459,0.002130528912,-0.004793690052,-0.000532632228,phone,user2,stand
17.31984079,0.7805097699,-9.706093788,0.8619126081,0.00266316114,-0.004261057824,0.001065264456,phone,user2,stand
17.33983751,0.7852981687,-9.706093788,0.8571242094,0.001065264456,-0.004793690052,0.003195793368,phone,user2,stand
17.35983888,0.7924807668,-9.694122314,0.8690952063,0.003195793368,-0.004261057824,0.004793690052,phone,user2,stand
17.37983314,0.7852981687,-9.710882187,0.85473001,0.003728425596,-0.001065264456,0.004261057824,phone,user2,stand
17.39982974,0.7709329724,-9.730035782,0.8499416113,0.003195793368,0.000532632228,0.004261057824,phone,user2,stand
17.41982521,0.7757213712,-9.734824181,0.8523358107,0.002130528912,0.00266316114,0.005858954508,phone,user2,stand
17.43982954,0.7996633649,-9.710882187,0.8403648138,-0.002130528912,0.006391586736,0.006391586736,phone,user2,stand
17.45982849,0.8044517636,-9.718064308,0.873883605,-0.003728425596,0.009054748341,0.004793690052,phone,user2,stand
17.47982294,0.8188169599,-9.710882187,0.8906430602,-0.001597896684,0.009587380104,0.003195793368,phone,user2,stand
17.49982306,0.8092401624,-9.696516991,0.895431459,0.00266316114,0.01012001187,0.001597896684,phone,user2,stand
17.51983341,0.8164227605,-9.698910713,0.8643068075,0.003728425596,0.006924218964,0.003195793368,phone,user2,stand
17.53983364,0.8020575643,-9.720458984,0.8667010069,0.00266316114,0.006391586736,0.003728425596,phone,user2,stand
17.55983122,0.7972691655,-9.708487511,0.8595184088,0.00266316114,0.004793690052,0.006924218964,phone,user2,stand
17.57982568,0.7924807668,-9.706093788,0.8643068075,0.00266316114,0.002130528912,0.009054748341,phone,user2,stand
17.59981974,0.8092401624,-9.701305389,0.8523358107,0.00266316114,0.0,0.01012001187,phone,user2,stand
17.61981743,0.7996633649,-9.708487511,0.895431459,0.00266316114,-0.000532632228,0.01012001187,phone,user2,stand
17.63982196,0.8164227605,-9.708487511,0.8882488012,0.00532632228,-0.001065264456,0.009587380104,phone,user2,stand
17.65983236,0.7948749661,-9.718064308,0.8834604025,0.006924218964,-0.00266316114,0.007456851192,phone,user2,stand
17.67983337,0.7493851185,-9.713275909,0.8451532125,0.005858954508,0.000532632228,0.006391586736,phone,user2,stand
17.69983689,0.7637503147,-9.706093788,0.8571242094,0.003195793368,0.003728425596,0.008522115648,phone,user2,stand
17.7198295,0.7757213712,-9.722852707,0.873883605,0.003728425596,0.005858954508,0.01012001187,phone,user2,stand
17.73982044,0.8044517636,-9.727641106,0.895431459,0.004261057824,0.007456851192,0.008522115648,phone,user2,stand
17.75980376,0.7685387731,-9.706093788,0.8667010069,0.00532632228,0.001597896684,0.005858954508,phone,user2,stand
17.77978525,0.7278373241,-9.725247383,0.8451532125,0.000532632228,0.002130528912,0.006391586736,phone,user2,stand
17.79977712,0.7062895298,-9.713275909,0.8810662031,-0.002130528912,0.009054748341,0.009587380104,phone,user2,stand
17.81977755,0.7517793179,-9.672574997,0.9002198577,0.000532632228,0.01278317347,0.01171790902,phone,user2,stand
17.83977665,0.787692368,-9.703699112,0.895431459,0.002130528912,0.01491370238,0.01225054078,phone,user2,stand
17.8597745,0.7829039693,-9.710882187,0.8930372596,0.001597896684,0.01171790902,0.01065264456,phone,user2,stand
17.87977193,0.7900865674,-9.715670586,0.9097966552,0.005858954508,0.000532632228,0.01118527725,phone,user2,stand
17.89976693,0.7900865674,-9.730035782,0.873883605,0.007456851192,-0.001065264456,0.009054748341,phone,user2,stand
17.9197624,0.7733271718,-9.737217903,0.85473001,0.003195793368,0.004793690052,0.006924218964,phone,user2,stand
17.9397549,0.7517793179,-9.732429504,0.8523358107,-0.000532632228,0.006391586736,0.00532632228,phone,user2,stand
17.95975513,0.758961916,-9.718064308,0.8690952063,-0.001597896684,0.00532632228,0.005858954508,phone,user2,stand
17.97974876,0.7709329724,-9.708487511,0.8858546019,-0.001065264456,-0.001597896684,0.005858954508,phone,user2,stand
17.99973759,0.7685387731,-9.703699112,0.9002198577,0.001597896684,-0.005858954508,0.006924218964,phone,user2,stand
18.01972528,0.7517793179,-9.698910713,0.9074024558,0.001597896684,-0.003195793368,0.005858954508,phone,user2,stand
18.03971665,0.720654726,-9.710882187,0.8810662031,0.00266316114,0.000532632228,0.00532632228,phone,user2,stand
18.05970595,0.7134721279,-9.713275909,0.8667010069,0.001065264456,0.001597896684,0.007456851192,phone,user2,stand
18.07969943,0.758961916,-9.732429504,0.8834604025,-0.000532632228,-0.001065264456,0.009587380104,phone,user2,stand
18.09969107,0.7661445141,-9.722852707,0.895431459,-0.001597896684,0.001065264456,0.009054748341,phone,user2,stand
18.11968286,0.7469909191,-9.708487511,0.8906430602,0.000532632228,0.002130528912,0.007989482954,phone,user2,stand
18.13967114,0.7326257229,-9.730035782,0.8595184088,-0.001065264456,0.006924218964,0.00532632228,phone,user2,stand
18.15965591,0.7110779285,-9.739612579,0.8523358107,-0.004793690052,0.01384843793,0.006391586736,phone,user2,stand
18.17964189,0.7326257229,-9.715670586,0.8595184088,-0.007456851192,0.0165115986,0.007456851192,phone,user2,stand
18.19963173,0.787692368,-9.713275909,0.8619126081,-0.005858954508,0.01544633508,0.006391586736,phone,user2,stand
18.21962591,0.8020575643,-9.718064308,0.8690952063,-0.007456851192,0.01491370238,0.004261057824,phone,user2,stand
18.23961868,0.7781155705,-9.718064308,0.8882488012,-0.005858954508,0.01171790902,0.001597896684,phone,user2,stand
18.25961013,0.7733271718,-9.708487511,0.8858546019,-0.00266316114,0.008522115648,0.003195793368,phone,user2,stand
18.27960837,0.7757213712,-9.706093788,0.8810662031,-0.00266316114,0.004793690052,0.002130528912,phone,user2,stand
18.29960013,0.7517793179,-9.720458984,0.8595184088,-0.00532632228,0.001597896684,0.003195793368,phone,user2,stand
18.31958595,0.7493851185,-9.703699112,0.8858546019,-0.003728425596,0.004793690052,0.00266316114,phone,user2,stand
18.33958751,0.7445967197,-9.708487511,0.8906430602,-0.002130528912,0.002130528912,0.004261057824,phone,user2,stand
18.35958978,0.758961916,-9.730035782,0.8714894056,-0.002130528912,0.004261057824,0.00266316114,phone,user2,stand
18.37958548,0.739808321,-9.727641106,0.8690952063,-0.005858954508,0.01065264456,0.001597896684,phone,user2,stand
18.3995779,0.7038952708,-9.708487511,0.8810662031,-0.004793690052,0.006391586736,0.002130528912,phone,user2,stand
18.41957607,0.7469909191,-9.694122314,0.8786720037,-0.003728425596,0.00266316114,0.003728425596,phone,user2,stand
18.43957927,0.7637503147,-9.718064308,0.8619126081,-0.002130528912,0.004261057824,0.004793690052,phone,user2,stand
18.45956614,0.7565677166,-9.727641106,0.8714894056,-0.002130528912,0.007456851192,0.004261057824,phone,user2,stand
18.47955337,0.739808321,-9.732429504,0.8667010069,-0.000532632228,0.00532632228,0.003195793368,phone,user2,stand
18.49955825,0.7015010715,-9.727641106,0.85473001,-0.001065264456,0.00532632228,0.003728425596,phone,user2,stand
18.51956154,0.7015010715,-9.722852707,0.8619126081,-0.00532632228,0.006391586736,0.006391586736,phone,user2,stand
18.53955724,0.7469909191,-9.691728592,0.8571242094,-0.004793690052,0.01171790902,0.007989482954,phone,user2,stand
18.5595563,0.7733271718,-9.713275909,0.8403648138,-0.003728425596,0.01384843793,0.00532632228,phone,user2,stand
18.57955087,0.7709329724,-9.718064308,0.8643068075,-0.00532632228,0.01118527725,0.006391586736,phone,user2,stand
18.59954236,0.787692368,-9.715670586,0.8786720037,-0.003195793368,0.002130528912,0.007989482954,phone,user2,stand
18.61953318,0.787692368,-9.718064308,0.8690952063,-0.000532632228,-0.000532632228,0.006924218964,phone,user2,stand
18.63951716,0.7565677166,-9.710882187,0.8882488012,-0.002130528912,0.01012001187,0.003728425596,phone,user2,stand
18.6595049,0.7685387731,-9.732429504,0.8810662031,-0.00266316114,0.007989482954,0.001597896684,phone,user2,stand
18.67948962,0.7924807668,-9.718064308,0.8667010069,0.001065264456,-0.004261057824,0.00266316114,phone,user2,stand
18.69947611,0.7948749661,-9.718064308,0.8643068075,0.003728425596,-0.01491370238,0.002130528912,phone,user2,stand
18.71947224,0.7709329724,-9.722852707,0.8619126081,0.003728425596,-0.02024002373,0.000532632228,phone,user2,stand
18.73947333,0.7254431248,-9.722852707,0.8595184088,0.004261057824,-0.02290318534,0.000532632228,phone,user2,stand
18.75947626,0.6967126727,-9.737217903,0.873883605,0.002130528912,-0.01864212751,-0.001065264456,phone,user2,stand
18.77947357,0.6823474765,-9.713275909,0.8475474119,0.001065264456,-0.01384843793,-0.000532632228,phone,user2,stand
18.79947564,0.6991068721,-9.708487511,0.8212111592,-0.001597896684,-0.01118527725,0.001597896684,phone,user2,stand
18.81947583,0.7326257229,-9.698910713,0.8571242094,-0.003195793368,-0.008522115648,0.00266316114,phone,user2,stand
18.83947486,0.7422025204,-9.710882187,0.9002198577,-0.001065264456,-0.009054748341,0.002130528912,phone,user2,stand
18.85947173,0.7350199223,-9.722852707,0.8786720037,0.003728425596,-0.009587380104,0.000532632228,phone,user2,stand
18.87947552,0.7254431248,-9.751583099,0.8307880163,0.003195793368,-0.01438106969,0.0,phone,user2,stand
18.89946708,0.7326257229,-9.751583099,0.8188169599,-0.001065264456,-0.01757686399,0.0,phone,user2,stand
18.9194604,0.7278373241,-9.730035782,0.8667010069,-0.004793690052,-0.0165115986,0.001065264456,phone,user2,stand
18.9394497,0.7086837292,-9.696516991,0.8834604025,-0.001065264456,-0.0165115986,0.00266316114,phone,user2,stand
18.95944818,0.6967126727,-9.686940193,0.8690952063,-0.002130528912,-0.008522115648,0.002130528912,phone,user2,stand
18.97944486,0.6847416759,-9.710882187,0.8523358107,-0.002130528912,-0.001065264456,0.001597896684,phone,user2,stand
18.99944501,0.7038952708,-9.720458984,0.8355764151,-0.000532632228,0.006391586736,0.00266316114,phone,user2,stand
19.01944122,0.7254431248,-9.722852707,0.8475474119,-0.00266316114,0.01384843793,0.00266316114,phone,user2,stand
19.03943673,0.7685387731,-9.734824181,0.8499416113,-0.003728425596,0.0170442313,0.002130528912,phone,user2,stand
19.05943486,0.7733271718,-9.730035782,0.8523358107,-0.005858954508,0.01438106969,0.000532632228,phone,user2,stand
19.0794281,0.7685387731,-9.715670586,0.8714894056,-0.006391586736,0.009054748341,0.0,phone,user2,stand
19.09942501,0.7924807668,-9.715670586,0.8571242094,-0.004261057824,0.00266316114,-0.000532632228,phone,user2,stand
19.11942282,0.7948749661,-9.730035782,0.8475474119,-0.002130528912,-0.000532632228,-0.00266316114,phone,user2,stand
19.13941407,0.7781155705,-9.732429504,0.8475474119,-0.00266316114,0.0,-0.003728425596,phone,user2,stand
19.15941267,0.7445967197,-9.706093788,0.8595184088,-0.003195793368,0.001597896684,-0.00532632228,phone,user2,stand
19.17940435,0.7062895298,-9.713275909,0.8331822157,-0.004793690052,0.0,-0.003728425596,phone,user2,stand
19.19940138,0.7015010715,-9.708487511,0.8499416113,-0.006391586736,0.004793690052,0.000532632228,phone,user2,stand
19.21940404,0.720654726,-9.698910713,0.8571242094,-0.003195793368,0.009054748341,0.003195793368,phone,user2,stand
19.23939857,0.7733271718,-9.701305389,0.8307880163,-0.001065264456,0.01171790902,0.003728425596,phone,user2,stand
19.25938993,0.787692368,-9.730035782,0.8164227605,-0.004261057824,0.01065264456,0.003728425596,phone,user2,stand
19.27938607,0.7972691655,-9.734824181,0.8619126081,-0.003728425596,0.00532632228,0.003728425596,phone,user2,stand
19.29937583,0.7948749661,-9.727641106,0.873883605,-0.001065264456,0.005858954508,0.001065264456,phone,user2,stand
19.31936212,0.7805097699,-9.715670586,0.8523358107,0.0,0.01065264456,-0.004261057824,phone,user2,stand
19.33935111,0.7565677166,-9.737217903,0.8140285611,-0.000532632228,0.01225054078,-0.004793690052,phone,user2,stand
19.35934318,0.7541735172,-9.720458984,0.8092401624,-0.001597896684,0.01012001187,-0.00266316114,phone,user2,stand
19.37933286,0.7805097699,-9.698910713,0.8164227605,-0.002130528912,0.003728425596,0.0,phone,user2,stand
19.39932103,0.7805097699,-9.715670586,0.8523358107,-0.003195793368,-0.002130528912,0.002130528912,phone,user2,stand
19.41931907,0.7709329724,-9.694122314,0.873883605,-0.000532632228,-0.00266316114,0.003195793368,phone,user2,stand
19.4393149,0.7613561153,-9.698910713,0.8762778044,0.003195793368,-0.003195793368,0.004261057824,phone,user2,stand
19.45930982,0.7709329724,-9.708487511,0.8307880163,0.004793690052,-0.004261057824,0.004793690052,phone,user2,stand
19.47930251,0.7924807668,-9.720458984,0.8307880163,0.00266316114,-0.007989482954,0.005858954508,phone,user2,stand
19.49929822,0.787692368,-9.720458984,0.8379706144,0.00266316114,-0.01225054078,0.003728425596,phone,user2,stand
19.5192863,0.7757213712,-9.737217903,0.8427590132,0.00266316114,-0.01065264456,0.002130528912,phone,user2,stand
19.539282,0.7637503147,-9.730035782,0.8451532125,0.00266316114,-0.01118527725,-0.001065264456,phone,user2,stand
19.55928411,0.7493851185,-9.730035782,0.8307880163,0.000532632228,-0.01012001187,-0.001597896684,phone,user2,stand
19.57928583,0.7493851185,-9.715670586,0.8451532125,-0.000532632228,-0.00532632228,0.0,phone,user2,stand
19.59928306,0.7445967197,-9.703699112,0.8427590132,-0.00266316114,-0.004261057824,0.000532632228,phone,user2,stand
19.61928583,0.7517793179,-9.703699112,0.8571242094,-0.001597896684,-0.004261057824,0.001597896684,phone,user2,stand
19.63929212,0.7781155705,-9.698910713,0.8786720037,-0.001597896684,-0.007456851192,0.001065264456,phone,user2,stand
19.65928982,0.7924807668,-9.710882187,0.8786720037,0.00266316114,-0.009054748341,0.001065264456,phone,user2,stand
19.67927993,0.7733271718,-9.725247383,0.8571242094,0.004793690052,-0.007989482954,-0.001065264456,phone,user2,stand
19.69927419,0.7517793179,-9.737217903,0.8355764151,0.003728425596,-0.008522115648,-0.00266316114,phone,user2,stand
19.71926868,0.7422025204,-9.722852707,0.8164227605,0.001597896684,-0.008522115648,-0.000532632228,phone,user2,stand
19.73925861,0.7350199223,-9.718064308,0.8331822157,-0.000532632228,-0.008522115648,0.001065264456,phone,user2,stand
19.75925318,0.7469909191,-9.732429504,0.8595184088,0.001065264456,-0.01012001187,0.003195793368,phone,user2,stand
19.779249,0.7422025204,-9.732429504,0.8331822157,0.001597896684,-0.009587380104,0.004261057824,phone,user2,stand
19.7992506,0.7326257229,-9.708487511,0.8523358107,-0.000532632228,-0.008522115648,0.003195793368,phone,user2,stand
19.81925587,0.7254431248,-9.718064308,0.8499416113,-0.00266316114,-0.00266316114,0.003728425596,phone,user2,stand
19.83925919,0.720654726,-9.703699112,0.8595184088,-0.000532632228,0.008522115648,0.004793690052,phone,user2,stand
19.85925396,0.758961916,-9.696516991,0.8595184088,0.002130528912,0.01012001187,0.004261057824,phone,user2,stand
19.87926322,0.7924807668,-9.718064308,0.8307880163,0.001597896684,0.01171790902,0.003728425596,phone,user2,stand
19.89926767,0.8092401624,-9.722852707,0.8379706144,0.0,0.009587380104,0.003195793368,phone,user2,stand
19.91926743,0.806845963,-9.722852707,0.8403648138,0.001597896684,0.004793690052,0.002130528912,phone,user2,stand
19.93927322,0.8020575643,-9.727641106,0.8283938169,0.001597896684,0.009054748341,-0.001597896684,phone,user2,stand
19.95928115,0.8020575643,-9.715670586,0.8164227605,-0.001065264456,0.01012001187,-0.003728425596,phone,user2,stand
19.97928435,0.8116343617,-9.730035782,0.8307880163,-0.00266316114,0.009587380104,-0.00266316114,phone,user2,stand
19.99928173,0.8164227605,-9.701305389,0.873883605,-0.001065264456,0.004793690052,-0.003195793368,phone,user2,stand
20.01928419,0.8188169599,-9.706093788,0.8810662031,0.004261057824,-0.006391586736,-0.002130528912,phone,user2,stand
20.03927935,0.7900865674,-9.706093788,0.8619126081,0.007989482954,-0.01544633508,-0.001065264456,phone,user2,stand
20.05927919,0.739808321,-9.722852707,0.8595184088,0.00532632228,-0.01491370238,-0.001597896684,phone,user2,stand
20.07927493,0.7158663273,-9.718064308,0.8475474119,0.004793690052,-0.01118527725,-0.002130528912,phone,user2,stand
20.09927052,0.7326257229,-9.722852707,0.8403648138,0.00266316114,-0.006391586736,0.000532632228,phone,user2,stand
20.11926611,0.7469909191,-9.722852707,0.8595184088,0.001065264456,-0.008522115648,0.0,phone,user2,stand
20.13926138,0.7422025204,-9.715670586,0.8619126081,0.003195793368,-0.004261057824,-0.000532632228,phone,user2,stand
20.159259,0.7182605267,-9.720458984,0.85473001,0.00266316114,0.000532632228,-0.002130528912,phone,user2,stand
20.17925841,0.7374141216,-9.722852707,0.8355764151,-0.002130528912,0.007989482954,-0.001597896684,phone,user2,stand
20.19926107,0.7613561153,-9.720458984,0.8451532125,-0.004261057824,0.01225054078,-0.000532632228,phone,user2,stand
20.21925493,0.7852981687,-9.718064308,0.8643068075,-0.004793690052,0.01438106969,0.0,phone,user2,stand
20.2392506,0.8092401624,-9.684545517,0.8714894056,-0.001597896684,0.01278317347,0.0,phone,user2,stand
20.25924904,0.7996633649,-9.708487511,0.8690952063,0.0,0.007456851192,0.0,phone,user2,stand
20.27925271,0.7900865674,-9.703699112,0.8667010069,0.001597896684,0.004261057824,-0.000532632228,phone,user2,stand
20.29925681,0.8116343617,-9.718064308,0.8762778044,0.003195793368,0.001065264456,0.0,phone,user2,stand
20.3192556,0.8116343617,-9.732429504,0.8499416113,0.003728425596,-0.001065264456,-0.001065264456,phone,user2,stand
20.33925236,0.7733271718,-9.710882187,0.8403648138,0.002130528912,0.0,-0.000532632228,phone,user2,stand
20.3592488,0.7733271718,-9.706093788,0.8451532125,0.001065264456,0.001065264456,0.000532632228,phone,user2,stand
20.37925165,0.7757213712,-9.753977776,0.8403648138,0.001065264456,0.003728425596,-0.000532632228,phone,user2,stand
20.39925419,0.7972691655,-9.732429504,0.8595184088,0.000532632228,0.003728425596,0.001065264456,phone,user2,stand
20.4192595,0.7805097699,-9.713275909,0.8523358107,-0.001597896684,-0.004793690052,-0.001597896684,phone,user2,stand
20.43927333,0.7565677166,-9.718064308,0.85473001,-0.003728425596,-0.001597896684,-0.001065264456,phone,user2,stand
20.4592906,0.7374141216,-9.703699112,0.8714894056,-0.003728425596,0.004793690052,0.001065264456,phone,user2,stand
20.47929829,0.7757213712,-9.708487511,0.8619126081,0.001065264456,0.007456851192,-0.000532632228,phone,user2,stand
20.49930103,0.7996633649,-9.710882187,0.8451532125,0.0,0.01012001187,-0.001597896684,phone,user2,stand
20.51930825,0.7757213712,-9.706093788,0.8619126081,-0.000532632228,0.007989482954,-0.002130528912,phone,user2,stand
20.53931154,0.7541735172,-9.720458984,0.8643068075,-0.000532632228,0.006924218964,-0.001065264456,phone,user2,stand
20.55931868,0.7685387731,-9.725247383,0.85473001,0.0,0.01065264456,0.001065264456,phone,user2,stand
20.579329,0.7852981687,-9.713275909,0.8451532125,0.001065264456,0.01065264456,0.000532632228,phone,user2,stand
20.5993313,0.825999558,-9.730035782,0.8236053586,-0.000532632228,0.006924218964,-0.000532632228,phone,user2,stand
20.61932376,0.8307880163,-9.708487511,0.8331822157,-0.001597896684,0.003728425596,0.0,phone,user2,stand
20.6393131,0.8236053586,-9.720458984,0.8714894056,0.0,-0.00266316114,0.000532632228,phone,user2,stand
20.65930443,0.8020575643,-9.703699112,0.8762778044,0.003195793368,-0.00532632228,0.002130528912,phone,user2,stand
20.67930458,0.7781155705,-9.708487511,0.8523358107,0.004793690052,-0.005858954508,-0.000532632228,phone,user2,stand
20.6993149,0.7733271718,-9.732429504,0.8092401624,0.002130528912,-0.005858954508,0.000532632228,phone,user2,stand
20.71932228,0.7781155705,-9.732429504,0.8188169599,0.0,-0.00532632228,0.001597896684,phone,user2,stand
20.73933001,0.8044517636,-9.718064308,0.8427590132,-0.000532632228,-0.004793690052,0.002130528912,phone,user2,stand
20.75933302,0.7972691655,-9.696516991,0.8714894056,0.0,-0.00266316114,0.001597896684,phone,user2,stand
20.77934376,0.7805097699,-9.722852707,0.8762778044,0.002130528912,0.0,0.000532632228,phone,user2,stand
20.79935513,0.7829039693,-9.727641106,0.8619126081,0.00266316114,-0.001065264456,0.001065264456,phone,user2,stand
20.81935864,0.7829039693,-9.734824181,0.8331822157,0.001065264456,-0.002130528912,0.000532632228,phone,user2,stand
20.83935907,0.7900865674,-9.701305389,0.8523358107,-0.00266316114,0.002130528912,0.00266316114,phone,user2,stand
20.85936083,0.7948749661,-9.703699112,0.8667010069,-0.001065264456,0.003195793368,0.000532632228,phone,user2,stand
20.87936599,0.7924807668,-9.701305389,0.8786720037,0.001065264456,0.00266316114,-0.000532632228,phone,user2,stand
20.8993763,0.7948749661,-9.701305389,0.8690952063,0.002130528912,0.00266316114,0.000532632228,phone,user2,stand
20.91939126,0.7900865674,-9.715670586,0.8451532125,0.000532632228,0.001065264456,0.000532632228,phone,user2,stand
20.93940079,0.8164227605,-9.739612579,0.8427590132,0.000532632228,-0.00266316114,0.0,phone,user2,stand
20.95941278,0.7996633649,-9.710882187,0.8427590132,-0.000532632228,-0.00266316114,-0.001065264456,phone,user2,stand
20.97943056,0.7781155705,-9.706093788,0.8619126081,-0.001597896684,-0.002130528912,-0.000532632228,phone,user2,stand
20.99944029,0.7685387731,-9.710882187,0.8714894056,0.0,-0.003195793368,-0.000532632228,phone,user2,stand
21.019447,0.8020575643,-9.742006302,0.85473001,0.0,-0.00266316114,0.000532632228,phone,user2,stand
21.03946286,0.787692368,-9.725247383,0.8403648138,0.000532632228,-0.002130528912,-0.002130528912,phone,user2,stand
21.05947439,0.7493851185,-9.708487511,0.8283938169,-0.004261057824,-0.004261057824,-0.003195793368,phone,user2,stand
21.07948868,0.7182605267,-9.718064308,0.85473001,-0.006924218964,0.001065264456,-0.001597896684,phone,user2,stand
21.09949396,0.7469909191,-9.696516991,0.8643068075,-0.005858954508,0.004793690052,-0.001065264456,phone,user2,stand
21.1195024,0.7996633649,-9.696516991,0.85473001,-0.003195793368,0.007989482954,-0.001065264456,phone,user2,stand
21.13951685,0.8236053586,-9.706093788,0.8475474119,-0.003728425596,0.004261057824,-0.002130528912,phone,user2,stand
21.15952825,0.8164227605,-9.727641106,0.8451532125,-0.002130528912,0.001065264456,-0.002130528912,phone,user2,stand
21.17954064,0.7948749661,-9.725247383,0.8427590132,-0.002130528912,-0.001065264456,-0.00532632228,phone,user2,stand
21.19955849,0.7733271718,-9.718064308,0.8283938169,-0.00532632228,0.001597896684,-0.005858954508,phone,user2,stand
21.21957107,0.7924807668,-9.739612579,0.8403648138,-0.006924218964,0.001597896684,-0.005858954508,phone,user2,stand
21.23957224,0.7996633649,-9.713275909,0.8403648138,-0.005858954508,0.0,-0.004793690052,phone,user2,stand
21.25957111,0.8140285611,-9.713275909,0.8331822157,-0.004261057824,-0.006391586736,-0.004261057824,phone,user2,stand
21.27956911,0.7805097699,-9.701305389,0.8379706144,-0.004261057824,-0.006391586736,-0.00266316114,phone,user2,stand
21.29956724,0.7613561153,-9.696516991,0.8355764151,-0.002130528912,-0.006924218964,-0.002130528912,phone,user2,stand
21.31956786,0.7685387731,-9.718064308,0.8188169599,-0.003195793368,-0.002130528912,0.000532632228,phone,user2,stand
21.33957251,0.8044517636,-9.710882187,0.8188169599,-0.00532632228,0.001065264456,0.00266316114,phone,user2,stand
21.35957599,0.8283938169,-9.713275909,0.8164227605,-0.004261057824,-0.000532632228,0.003195793368,phone,user2,stand
21.37956939,0.85473001,-9.725247383,0.8307880163,-0.002130528912,-0.001065264456,0.001597896684,phone,user2,stand
21.39956657,0.8379706144,-9.708487511,0.8212111592,-0.00266316114,0.0,-0.000532632228,phone,user2,stand
21.41956337,0.8236053586,-9.725247383,0.8403648138,-0.001065264456,-0.001597896684,-0.002130528912,phone,user2,stand
21.43956482,0.7996633649,-9.730035782,0.8236053586,-0.000532632228,-0.006391586736,-0.002130528912,phone,user2,stand
21.45956595,0.8092401624,-9.718064308,0.8236053586,-0.001065264456,-0.003728425596,-0.00266316114,phone,user2,stand
21.47956572,0.8188169599,-9.708487511,0.8164227605,-0.00266316114,-0.001065264456,-0.001597896684,phone,user2,stand
21.49956419,0.8188169599,-9.701305389,0.8331822157,-0.003728425596,0.001065264456,-0.003195793368,phone,user2,stand
21.51957028,0.8020575643,-9.708487511,0.85473001,-0.002130528912,0.000532632228,-0.00266316114,phone,user2,stand
21.5395747,0.8044517636,-9.710882187,0.8499416113,0.000532632228,-0.001597896684,-0.001065264456,phone,user2,stand
21.55958302,0.8092401624,-9.710882187,0.8403648138,0.002130528912,-0.00266316114,0.001065264456,phone,user2,stand
21.57958419,0.8212111592,-9.725247383,0.8116343617,0.0,0.000532632228,0.002130528912,phone,user2,stand
21.59958357,0.8188169599,-9.734824181,0.8020575643,0.000532632228,-0.000532632228,-0.000532632228,phone,user2,stand
21.61958189,0.8020575643,-9.706093788,0.8355764151,-0.001597896684,-0.003195793368,-0.001597896684,phone,user2,stand
21.63957849,0.7996633649,-9.703699112,0.8403648138,-0.002130528912,-0.00532632228,-0.000532632228,phone,user2,stand
21.65957501,0.8236053586,-9.732429504,0.8355764151,-0.001065264456,-0.006391586736,0.0,phone,user2,stand
21.67957032,0.8212111592,-9.751583099,0.8283938169,-0.000532632228,-0.005858954508,-0.00266316114,phone,user2,stand
21.69956841,0.8044517636,-9.708487511,0.8164227605,-0.001597896684,-0.006924218964,-0.004261057824,phone,user2,stand
21.71956872,0.7757213712,-9.701305389,0.8236053586,-0.004261057824,-0.003195793368,-0.00266316114,phone,user2,stand
21.73956525,0.7709329724,-9.703699112,0.8451532125,-0.005858954508,0.003728425596,-0.00266316114,phone,user2,stand
21.75956665,0.7948749661,-9.708487511,0.8475474119,-0.004261057824,0.006391586736,-0.002130528912,phone,user2,stand
21.77956802,0.8188169599,-9.718064308,0.8236053586,-0.003728425596,0.006924218964,-0.003195793368,phone,user2,stand
21.79957091,0.8451532125,-9.742006302,0.8379706144,-0.00266316114,0.000532632228,-0.003195793368,phone,user2,stand
21.81958357,0.8307880163,-9.727641106,0.8355764151,-0.003195793368,-0.004793690052,-0.007456851192,phone,user2,stand
21.83959927,0.8092401624,-9.746794701,0.8355764151,-0.00532632228,-0.001597896684,-0.01118527725,phone,user2,stand
21.85961107,0.787692368,-9.744400978,0.806845963,-0.009054748341,0.003195793368,-0.01544633508,phone,user2,stand
21.87961517,0.7613561153,-9.710882187,0.8092401624,-0.01225054078,0.006391586736,-0.0165115986,phone,user2,stand
21.89961048,0.7805097699,-9.698910713,0.8571242094,-0.01491370238,0.00532632228,-0.01384843793,phone,user2,stand
21.91961591,0.8188169599,-9.682151794,0.8523358107,-0.007456851192,-0.00532632228,-0.006924218964,phone,user2,stand
21.939624,0.8044517636,-9.677363396,0.8164227605,-0.002130528912,-0.008522115648,-0.004261057824,phone,user2,stand
21.95964021,0.8044517636,-9.679757118,0.7757213712,-0.004793690052,0.0,-0.003195793368,phone,user2,stand
21.97965322,0.8044517636,-9.720458984,0.787692368,-0.008522115648,0.005858954508,-0.001065264456,phone,user2,stand
21.99965872,0.8523358107,-9.725247383,0.8020575643,-0.006924218964,0.006391586736,0.001065264456,phone,user2,stand
22.0196599,0.9169792533,-9.713275909,0.8044517636,-0.004261057824,-0.003195793368,0.003728425596,phone,user2,stand
22.03966294,0.9121908545,-9.718064308,0.7924807668,-0.001065264456,-0.005858954508,-0.000532632228,phone,user2,stand
22.05966329,0.9026140571,-9.730035782,0.7733271718,-0.002130528912,-0.007456851192,-0.004793690052,phone,user2,stand
22.07966661,0.8619126081,-9.725247383,0.7781155705,-0.001065264456,-0.01384843793,-0.007989482954,phone,user2,stand
22.09967107,0.8475474119,-9.727641106,0.7781155705,-0.001597896684,-0.01491370238,-0.006924218964,phone,user2,stand
22.1196745,0.8307880163,-9.710882187,0.7685387731,-0.00266316114,-0.01438106969,-0.006924218964,phone,user2,stand
22.13967986,0.8499416113,-9.698910713,0.7709329724,-0.00532632228,-0.01065264456,-0.005858954508,phone,user2,stand
22.15968657,0.85473001,-9.715670586,0.7852981687,-0.006924218964,-0.006391586736,-0.006391586736,phone,user2,stand
22.17968708,0.8475474119,-9.706093788,0.8140285611,-0.004261057824,-0.008522115648,-0.004261057824,phone,user2,stand
22.19969228,0.8499416113,-9.696516991,0.7972691655,-0.001065264456,-0.01118527725,-0.002130528912,phone,user2,stand
22.2196924,0.8571242094,-9.727641106,0.7924807668,-0.00266316114,-0.01065264456,-0.003195793368,phone,user2,stand
22.23969657,0.8810662031,-9.725247383,0.8212111592,-0.003728425596,-0.01438106969,-0.00266316114,phone,user2,stand
22.25969443,0.8762778044,-9.710882187,0.8188169599,0.0,-0.01757686399,-0.001597896684,phone,user2,stand
22.27969286,0.895431459,-9.708487511,0.825999558,-0.001065264456,-0.02024002373,-0.003195793368,phone,user2,stand
22.29969622,0.9002198577,-9.720458984,0.8140285611,0.000532632228,-0.01864212751,-0.006391586736,phone,user2,stand
22.31970857,0.85473001,-9.691728592,0.8379706144,0.003728425596,-0.01917476021,-0.01065264456,phone,user2,stand
22.33971825,0.8140285611,-9.689333916,0.8092401624,0.007456851192,-0.01544633508,-0.01225054078,phone,user2,stand
22.35972298,0.8140285611,-9.720458984,0.7733271718,0.009587380104,-0.01118527725,-0.01225054078,phone,user2,stand
22.37972267,0.8020575643,-9.751583099,0.7254431248,0.00532632228,-0.00266316114,-0.01118527725,phone,user2,stand
22.39971236,0.7972691655,-9.737217903,0.720654726,-0.001065264456,0.01438106969,-0.009054748341,phone,user2,stand
22.41969775,0.7781155705,-9.701305389,0.7254431248,-0.009054748341,0.02343581803,-0.004793690052,phone,user2,stand
22.43968966,0.8092401624,-9.694122314,0.7685387731,-0.01597896591,0.03036003746,0.001065264456,phone,user2,stand
22.45969165,0.8882488012,-9.679757118,0.8379706144,-0.01597896591,0.03621899337,0.005858954508,phone,user2,stand
22.47970068,0.962469101,-9.682151794,0.873883605,-0.006391586736,0.02503371425,0.006391586736,phone,user2,stand
22.49971103,0.9959878922,-9.689333916,0.8930372596,0.002130528912,0.003728425596,0.004261057824,phone,user2,stand
22.51971634,0.9720458984,-9.701305389,0.8786720037,0.009054748341,-0.01810949668,-0.001597896684,phone,user2,stand
22.53972466,0.8786720037,-9.734824181,0.8379706144,0.01384843793,-0.02450108156,-0.004261057824,phone,user2,stand
22.55972829,0.8164227605,-9.727641106,0.7757213712,0.01384843793,-0.02077265643,-0.003195793368,phone,user2,stand
22.57973736,0.8307880163,-9.730035782,0.7134721279,0.007989482954,-0.004261057824,-0.003195793368,phone,user2,stand
22.59974974,0.8475474119,-9.722852707,0.7230489254,-0.00266316114,0.01544633508,-0.004261057824,phone,user2,stand
22.61975825,0.8427590132,-9.715670586,0.7781155705,-0.009587380104,0.02503371425,-0.003728425596,phone,user2,stand
22.63976415,0.8475474119,-9.718064308,0.8236053586,-0.01171790902,0.02556634694,0.0,phone,user2,stand
22.65977181,0.8834604025,-9.694122314,0.8571242094,-0.01065264456,0.01810949668,0.003195793368,phone,user2,stand
22.67977435,0.9241618514,-9.701305389,0.8882488012,-0.004261057824,0.007989482954,0.003195793368,phone,user2,stand
22.69978595,0.9289502501,-9.694122314,0.8786720037,0.002130528912,0.00266316114,0.002130528912,phone,user2,stand
22.71979275,0.9337386489,-9.694122314,0.8475474119,0.006924218964,-0.00532632228,0.000532632228,phone,user2,stand
22.739792,0.8930372596,-9.715670586,0.8331822157,0.006924218964,-0.01384843793,0.000532632228,phone,user2,stand
22.75980993,0.8571242094,-9.725247383,0.7900865674,0.006924218964,-0.01331580617,0.001065264456,phone,user2,stand
22.7798254,0.8475474119,-9.710882187,0.7733271718,0.004793690052,-0.01012001187,0.001597896684,phone,user2,stand
22.79983411,0.8331822157,-9.718064308,0.7852981687,0.003728425596,-0.007989482954,0.003728425596,phone,user2,stand
22.8198499,0.8403648138,-9.718064308,0.7781155705,0.001065264456,-0.003195793368,0.003728425596,phone,user2,stand
22.83986134,0.85473001,-9.744400978,0.7852981687,-0.004261057824,0.006924218964,0.003728425596,phone,user2,stand
22.85987126,0.895431459,-9.701305389,0.8020575643,-0.005858954508,0.009054748341,0.004261057824,phone,user2,stand
22.8798849,0.9193734527,-9.718064308,0.825999558,-0.005858954508,0.003195793368,0.004261057824,phone,user2,stand
22.89989103,0.9241618514,-9.701305389,0.8331822157,-0.003195793368,0.000532632228,0.004261057824,phone,user2,stand
22.91990478,0.9265560508,-9.691728592,0.8595184088,0.0,-0.000532632228,0.001065264456,phone,user2,stand
22.93991126,0.9121908545,-9.689333916,0.8403648138,0.004261057824,-0.004261057824,0.0,phone,user2,stand
22.95992083,0.895431459,-9.698910713,0.8020575643,0.004261057824,-0.01065264456,0.00266316114,phone,user2,stand
22.9799288,0.8667010069,-9.715670586,0.787692368,0.004261057824,-0.01118527725,0.003195793368,phone,user2,stand
22.99993849,0.8667010069,-9.732429504,0.7709329724,0.00266316114,-0.007456851192,0.006391586736,phone,user2,stand
23.01995693,0.9026140571,-9.701305389,0.7924807668,0.000532632228,-0.009587380104,0.007989482954,phone,user2,stand
23.0399706,0.9145850539,-9.720458984,0.8212111592,-0.000532632228,-0.01171790902,0.005858954508,phone,user2,stand
23.05997864,0.8858546019,-9.718064308,0.8212111592,0.000532632228,-0.008522115648,0.002130528912,phone,user2,stand
23.079992,0.8499416113,-9.708487511,0.8116343617,0.004261057824,-0.008522115648,0.003728425596,phone,user2,stand
23.10000439,0.8762778044,-9.703699112,0.7948749661,0.002130528912,-0.005858954508,0.004261057824,phone,user2,stand
23.12001052,0.8930372596,-9.737217903,0.8116343617,0.003728425596,-0.00266316114,0.003195793368,phone,user2,stand
23.14001341,0.8451532125,-9.739612579,0.7948749661,0.003195793368,-0.000532632228,0.001065264456,phone,user2,stand
23.16001919,0.8092401624,-9.730035782,0.7613561153,0.003728425596,-0.006391586736,0.003728425596,phone,user2,stand
23.18003154,0.8427590132,-9.730035782,0.7469909191,-0.001597896684,-0.003728425596,0.007456851192,phone,user2,stand
23.20004622,0.8786720037,-9.696516991,0.8044517636,-0.006924218964,0.01012001187,0.005858954508,phone,user2,stand
23.22005482,0.8858546019,-9.691728592,0.8307880163,-0.000532632228,0.01597896591,0.004261057824,phone,user2,stand
23.24006411,0.9002198577,-9.701305389,0.8044517636,0.00266316114,0.01384843793,0.003195793368,phone,user2,stand
23.2600815,0.9145850539,-9.725247383,0.7709329724,0.000532632228,0.004261057824,0.003195793368,phone,user2,stand
23.28009044,0.8930372596,-9.718064308,0.7900865674,-0.000532632228,-0.001065264456,0.00266316114,phone,user2,stand
23.30009626,0.8667010069,-9.718064308,0.8188169599,-0.001597896684,0.003195793368,0.001065264456,phone,user2,stand
23.32009954,0.8571242094,-9.708487511,0.8164227605,-0.001065264456,0.003728425596,0.001597896684,phone,user2,stand
23.34010154,0.8643068075,-9.701305389,0.8116343617,-0.001065264456,0.003195793368,0.003195793368,phone,user2,stand
23.36010275,0.8571242094,-9.713275909,0.8283938169,0.000532632228,0.000532632228,0.004261057824,phone,user2,stand
23.38010142,0.85473001,-9.701305389,0.8403648138,0.002130528912,-0.008522115648,0.007456851192,phone,user2,stand
23.4001081,0.8595184088,-9.708487511,0.7924807668,0.003728425596,-0.009587380104,0.00532632228,phone,user2,stand
23.42011782,0.825999558,-9.710882187,0.8236053586,0.001065264456,-0.005858954508,0.003728425596,phone,user2,stand
23.44012325,0.8212111592,-9.725247383,0.8307880163,0.003195793368,-0.001065264456,0.003195793368,phone,user2,stand
23.46012513,0.8355764151,-9.720458984,0.7805097699,0.0,0.004793690052,0.003195793368,phone,user2,stand
23.48013208,0.8451532125,-9.715670586,0.7829039693,-0.003728425596,0.006391586736,0.00266316114,phone,user2,stand
23.50014173,0.8499416113,-9.730035782,0.8044517636,-0.003195793368,0.01171790902,0.00266316114,phone,user2,stand
23.52015271,0.8523358107,-9.706093788,0.8212111592,-0.002130528912,0.009587380104,0.00266316114,phone,user2,stand
23.54016521,0.8643068075,-9.720458984,0.8092401624,-0.001065264456,0.00532632228,0.00266316114,phone,user2,stand
23.56017993,0.8834604025,-9.715670586,0.8164227605,-0.000532632228,0.003728425596,0.00266316114,phone,user2,stand
23.58019939,0.8858546019,-9.715670586,0.7948749661,-0.001065264456,0.00532632228,0.00266316114,phone,user2,stand
23.60021634,0.8858546019,-9.710882187,0.8140285611,-0.000532632228,0.004261057824,0.00266316114,phone,user2,stand
23.62022978,0.9026140571,-9.703699112,0.806845963,0.0,-0.004261057824,0.003728425596,phone,user2,stand
23.6402449,0.8667010069,-9.708487511,0.8044517636,0.001065264456,-0.007989482954,0.001597896684,phone,user2,stand
23.66026138,0.8451532125,-9.708487511,0.8188169599,0.002130528912,-0.007989482954,0.002130528912,phone,user2,stand
23.68028017,0.8427590132,-9.708487511,0.8140285611,0.003195793368,-0.009587380104,0.003728425596,phone,user2,stand
23.70029447,0.8451532125,-9.722852707,0.806845963,0.001597896684,-0.008522115648,0.004261057824,phone,user2,stand
23.7203056,0.8355764151,-9.727641106,0.8140285611,0.002130528912,-0.009587380104,0.003195793368,phone,user2,stand
23.74031243,0.8164227605,-9.718064308,0.8020575643,0.0,-0.004793690052,0.003195793368,phone,user2,stand
23.760324,0.8140285611,-9.718064308,0.806845963,-0.000532632228,0.0,0.003728425596,phone,user2,stand
23.78033306,0.8283938169,-9.703699112,0.8283938169,-0.003728425596,0.001065264456,0.003195793368,phone,user2,stand
23.80033818,0.8403648138,-9.706093788,0.8307880163,-0.000532632228,0.004261057824,0.00266316114,phone,user2,stand
23.82035157,0.8427590132,-9.732429504,0.8116343617,0.003195793368,0.004793690052,0.003195793368,phone,user2,stand
23.84036665,0.8619126081,-9.708487511,0.7900865674,0.001597896684,0.00266316114,0.003195793368,phone,user2,stand
23.86037919,0.9289502501,-9.718064308,0.787692368,-0.001065264456,0.002130528912,-0.000532632228,phone,user2,stand
23.88039107,0.8188169599,-9.742006302,0.7900865674,0.0,0.002130528912,0.01065264456,phone,user2,stand
23.90040513,0.8451532125,-9.703699112,0.8044517636,0.0,0.006924218964,-0.01384843793,phone,user2,stand
23.92042263,0.9576807022,-9.770736694,0.7565677166,-0.004261057824,0.00532632228,0.009054748341,phone,user2,stand
23.94044169,0.5698199868,-9.619902611,0.8331822157,-0.006391586736,0.00532632228,-0.003195793368,phone,user2,stand
23.96047474,1.221042871,-9.792284966,0.8212111592,-0.008522115648,0.01118527725,0.004261057824,phone,user2,stand
23.9804947,0.4381389022,-9.567230225,0.8882488012,-0.000532632228,0.005858954508,0.01278317347,phone,user2,stand
24.00050982,1.357512355,-9.816226959,0.8116343617,0.005858954508,-0.001597896684,-0.008522115648,phone,user2,stand
24.0205256,0.4860229492,-9.62469101,0.7972691655,0.004793690052,-0.006391586736,0.02290318534,phone,user2,stand
24.04054626,1.206677675,-9.797073364,0.7709329724,0.00266316114,-0.003728425596,-0.01864212751,phone,user2,stand
24.060562,0.6799532771,-9.720458984,0.7733271718,-0.002130528912,0.00266316114,0.0197073929,phone,user2,stand
24.08058829,0.4285621047,-9.603142738,0.8355764151,-0.003728425596,0.009587380104,-0.02077265643,phone,user2,stand
24.10061333,1.304839969,-9.830592155,0.787692368,-0.004261057824,0.004261057824,0.01331580617,phone,user2,stand
24.12063017,0.383072257,-9.58638382,0.8403648138,-0.002130528912,0.000532632228,-0.005858954508,phone,user2,stand
24.14064892,1.30005157,-9.792284966,0.8236053586,0.001065264456,-0.004261057824,0.003195793368,phone,user2,stand
24.16066552,0.7613561153,-9.696516991,0.8116343617,0.003728425596,-0.006391586736,0.009054748341,phone,user2,stand
24.18068724,0.8571242094,-9.710882187,0.8236053586,0.001597896684,0.000532632228,0.00266316114,phone,user2,stand
24.20070575,0.8283938169,-9.713275909,0.8116343617,0.001597896684,-0.002130528912,0.004793690052,phone,user2,stand
24.22072115,0.873883605,-9.734824181,0.7996633649,0.0,-0.00532632228,0.004793690052,phone,user2,stand
24.24073677,0.8690952063,-9.715670586,0.8164227605,0.001597896684,-0.005858954508,0.003728425596,phone,user2,stand
24.26075404,0.8451532125,-9.720458984,0.8116343617,0.003728425596,-0.003195793368,0.001065264456,phone,user2,stand
24.28076911,0.8212111592,-9.708487511,0.7924807668,0.001065264456,-0.001597896684,0.00266316114,phone,user2,stand
24.3007788,0.8403648138,-9.718064308,0.8140285611,-0.001065264456,0.001065264456,0.003195793368,phone,user2,stand
24.32079673,0.85473001,-9.710882187,0.8092401624,-0.002130528912,0.003728425596,0.003195793368,phone,user2,stand
24.34081497,0.8595184088,-9.715670586,0.806845963,-0.00266316114,0.006391586736,0.00266316114,phone,user2,stand
24.36082864,0.8499416113,-9.686940193,0.8188169599,-0.001065264456,0.003195793368,0.0,phone,user2,stand
24.38084587,1.058237195,-9.768342972,0.8164227605,-0.00266316114,0.001597896684,0.01225054078,phone,user2,stand
24.40086345,0.55784899,-9.607931137,0.85473001,0.0,0.00266316114,-0.01171790902,phone,user2,stand
24.42088278,1.254561663,-9.809044838,0.8212111592,0.001065264456,-0.00532632228,0.01438106969,phone,user2,stand
24.44090736,0.4453215301,-9.610325813,0.8355764151,0.004793690052,-0.009054748341,-0.003195793368,phone,user2,stand
24.46092329,1.242590666,-9.801861763,0.7996633649,0.00266316114,-0.004261057824,0.002130528912,phone,user2,stand
24.480942,0.5243301988,-9.662998199,0.7852981687,0.00266316114,-0.00266316114,0.01012001187,phone,user2,stand
24.50096521,1.007958889,-9.751583099,0.8164227605,-0.001597896684,-0.001065264456,-0.009054748341,phone,user2,stand
24.52099243,0.825999558,-9.742006302,0.8140285611,-0.000532632228,-0.003728425596,0.02343581803,phone,user2,stand
24.54101677,0.7182605267,-9.643844604,0.8930372596,0.003728425596,-0.006924218964,-0.0165115986,phone,user2,stand
24.56103603,1.326387763,-9.821015358,0.8020575643,0.006391586736,-0.004793690052,0.02503371425,phone,user2,stand
24.58106064,0.4261679053,-9.639056206,0.7685387731,0.004261057824,0.003728425596,-0.01810949668,phone,user2,stand
24.60108181,1.139639974,-9.780313492,0.7852981687,0.000532632228,0.005858954508,0.0170442313,phone,user2,stand
24.62111013,0.6440402865,-9.689333916,0.7733271718,-0.003728425596,0.01012001187,-0.00532632228,phone,user2,stand
24.64112552,0.8930372596,-9.708487511,0.8427590132,-0.002130528912,0.01331580617,0.00532632228,phone,user2,stand
24.66114888,0.9720458984,-9.777919769,0.7924807668,0.0,0.009587380104,0.009587380104,phone,user2,stand
24.68116771,0.8475474119,-9.710882187,0.8283938169,0.0,0.002130528912,0.000532632228,phone,user2,stand
24.70118001,0.8403648138,-9.713275909,0.8092401624,-0.001597896684,-0.000532632228,0.004261057824,phone,user2,stand
24.72119509,0.8355764151,-9.689333916,0.8379706144,-0.002130528912,0.003195793368,0.005858954508,phone,user2,stand
24.74121126,0.8643068075,-9.682151794,0.8619126081,0.002130528912,0.005858954508,0.006924218964,phone,user2,stand
24.7612279,0.8930372596,-9.701305389,0.825999558,0.00532632228,0.003195793368,0.005858954508,phone,user2,stand
24.7812513,0.8667010069,-9.718064308,0.8044517636,0.00532632228,0.00266316114,0.006391586736,phone,user2,stand
24.80127294,0.8643068075,-9.720458984,0.8116343617,0.005858954508,-0.001065264456,0.006391586736,phone,user2,stand
24.82129439,0.8236053586,-9.730035782,0.8283938169,0.006924218964,0.007989482954,0.00532632228,phone,user2,stand
24.84131927,0.7900865674,-9.701305389,0.8595184088,0.006391586736,0.01491370238,0.00532632228,phone,user2,stand
24.86134118,0.7852981687,-9.710882187,0.873883605,0.009054748341,0.01384843793,0.006924218964,phone,user2,stand
24.88136501,0.7996633649,-9.718064308,0.8690952063,0.01118527725,0.009587380104,0.007989482954,phone,user2,stand
24.90138279,0.8044517636,-9.715670586,0.8236053586,0.01012001187,0.002130528912,0.006391586736,phone,user2,stand
24.92140513,0.8116343617,-9.734824181,0.7852981687,0.006924218964,0.004261057824,0.004793690052,phone,user2,stand
24.94142548,0.806845963,-9.727641106,0.758961916,-0.002130528912,0.01917476021,0.001597896684,phone,user2,stand
24.96144361,0.8116343617,-9.720458984,0.8116343617,-0.008522115648,0.03142530099,-0.000532632228,phone,user2,stand
24.98146618,0.8116343617,-9.710882187,0.825999558,-0.008522115648,0.02929477207,0.002130528912,phone,user2,stand
25.00148849,0.8690952063,-9.706093788,0.8307880163,-0.007989482954,0.0170442313,0.004793690052,phone,user2,stand
25.02150251,0.921767652,-9.708487511,0.8403648138,-0.00532632228,0.006391586736,0.004261057824,phone,user2,stand
25.04151267,0.9265560508,-9.715670586,0.8475474119,-0.00266316114,0.00532632228,0.001597896684,phone,user2,stand
25.06152849,0.873883605,-9.725247383,0.8379706144,-0.002130528912,0.00266316114,-0.000532632228,phone,user2,stand
25.08155068,0.8427590132,-9.715670586,0.8212111592,-0.00266316114,-0.00266316114,0.0,phone,user2,stand
25.1015613,0.8523358107,-9.703699112,0.825999558,-0.003195793368,-0.003195793368,-0.000532632228,phone,user2,stand
25.12158005,0.8475474119,-9.710882187,0.8188169599,-0.001597896684,-0.002130528912,0.000532632228,phone,user2,stand
25.14159689,0.8164227605,-9.708487511,0.8164227605,0.001597896684,-0.001065264456,0.0,phone,user2,stand
25.16162177,0.8020575643,-9.718064308,0.7972691655,0.000532632228,0.001597896684,0.001065264456,phone,user2,stand
25.18164157,0.7972691655,-9.730035782,0.7924807668,-0.002130528912,0.003195793368,0.001597896684,phone,user2,stand
25.20165556,0.8140285611,-9.725247383,0.806845963,-0.004793690052,0.006391586736,0.002130528912,phone,user2,stand
25.22166954,0.8355764151,-9.718064308,0.8212111592,-0.006391586736,0.01118527725,0.002130528912,phone,user2,stand
25.24168911,0.8236053586,-9.713275909,0.8212111592,-0.003195793368,0.01438106969,-0.001065264456,phone,user2,stand
25.26171638,0.8164227605,-9.718064308,0.806845963,-0.003195793368,0.0165115986,0.0,phone,user2,stand
25.28174189,0.8164227605,-9.708487511,0.8092401624,-0.002130528912,0.01438106969,0.001597896684,phone,user2,stand
25.30176462,0.8451532125,-9.696516991,0.8140285611,-0.003728425596,0.01278317347,0.003195793368,phone,user2,stand
25.32178943,0.8619126081,-9.708487511,0.8116343617,-0.003728425596,0.008522115648,0.003728425596,phone,user2,stand
25.34181677,0.873883605,-9.722852707,0.8307880163,-0.000532632228,0.003728425596,0.003728425596,phone,user2,stand
25.36184552,0.8834604025,-9.718064308,0.8212111592,0.00266316114,-0.002130528912,0.003195793368,phone,user2,stand
25.38187017,0.8762778044,-9.703699112,0.7972691655,0.003195793368,-0.006391586736,0.002130528912,phone,user2,stand
25.40189751,0.8355764151,-9.715670586,0.7972691655,-0.000532632228,-0.006391586736,0.001597896684,phone,user2,stand
25.42192365,0.8212111592,-9.720458984,0.8331822157,-0.001065264456,-0.006391586736,0.003195793368,phone,user2,stand
25.44194407,0.8307880163,-9.698910713,0.8523358107,0.002130528912,-0.009587380104,0.003728425596,phone,user2,stand
25.46196278,0.8236053586,-9.732429504,0.8355764151,0.004261057824,-0.008522115648,0.001597896684,phone,user2,stand
25.48198197,0.7781155705,-9.698910713,0.8044517636,0.003728425596,-0.000532632228,0.001597896684,phone,user2,stand
25.50199954,0.7948749661,-9.691728592,0.8044517636,0.002130528912,-0.001597896684,0.004261057824,phone,user2,stand
25.52203232,0.8379706144,-9.744400978,0.806845963,0.001065264456,0.000532632228,0.004261057824,phone,user2,stand
25.54205228,0.8427590132,-9.744400978,0.8331822157,-0.001065264456,0.003728425596,0.001065264456,phone,user2,stand
25.56207404,0.8236053586,-9.722852707,0.8092401624,-0.000532632228,0.000532632228,0.001597896684,phone,user2,stand
25.58208911,0.7805097699,-9.722852707,0.8020575643,-0.002130528912,0.004793690052,0.003195793368,phone,user2,stand
25.602097,0.8020575643,-9.696516991,0.8044517636,-0.003728425596,0.009054748341,0.003195793368,phone,user2,stand
25.62210497,0.8499416113,-9.682151794,0.8164227605,-0.001597896684,0.01065264456,0.005858954508,phone,user2,stand
25.64211204,0.8906430602,-9.696516991,0.8116343617,-0.001065264456,0.006924218964,0.004793690052,phone,user2,stand
25.66212482,0.8882488012,-9.722852707,0.8355764151,0.000532632228,-0.001065264456,0.004793690052,phone,user2,stand
25.68213661,0.8762778044,-9.715670586,0.8379706144,0.003195793368,-0.004261057824,0.003195793368,phone,user2,stand
25.70214661,0.8451532125,-9.725247383,0.8092401624,0.00266316114,-0.00266316114,0.001065264456,phone,user2,stand
25.72215892,0.8307880163,-9.732429504,0.7948749661,0.000532632228,-0.003728425596,-0.001065264456,phone,user2,stand
25.74216583,0.8331822157,-9.722852707,0.8092401624,-0.001597896684,-0.00532632228,0.0,phone,user2,stand
25.76218669,0.8331822157,-9.715670586,0.8331822157,-0.000532632228,-0.001065264456,0.000532632228,phone,user2,stand
25.78220564,0.806845963,-9.686940193,0.8283938169,0.001065264456,-0.006391586736,0.000532632228,phone,user2,stand
25.80221794,0.8020575643,-9.718064308,0.8164227605,0.0,-0.005858954508,0.002130528912,phone,user2,stand
25.82223111,0.7948749661,-9.713275909,0.8188169599,-0.002130528912,-0.000532632228,0.002130528912,phone,user2,stand
25.84225134,0.8020575643,-9.703699112,0.825999558,-0.001597896684,0.00266316114,0.002130528912,phone,user2,stand
25.86226482,0.8164227605,-9.718064308,0.8307880163,0.0,0.003195793368,0.003728425596,phone,user2,stand
25.88228345,0.8379706144,-9.715670586,0.8283938169,0.000532632228,-0.001065264456,0.00266316114,phone,user2,stand
25.90229591,0.825999558,-9.725247383,0.8116343617,0.00266316114,-0.003728425596,0.00266316114,phone,user2,stand
25.92231607,0.8236053586,-9.722852707,0.8236053586,0.002130528912,-0.001065264456,0.001065264456,phone,user2,stand
25.94233173,0.8116343617,-9.737217903,0.7924807668,0.001065264456,0.002130528912,0.0,phone,user2,stand
25.96234755,0.7972691655,-9.708487511,0.7852981687,-0.001065264456,0.01012001187,0.0,phone,user2,stand
25.98237388,0.825999558,-9.708487511,0.8044517636,-0.00532632228,0.01278317347,0.001597896684,phone,user2,stand
26.00239208,0.8571242094,-9.708487511,0.8307880163,-0.00532632228,0.009054748341,0.003728425596,phone,user2,stand
26.02240622,0.8714894056,-9.696516991,0.8595184088,-0.001065264456,0.001597896684,0.003728425596,phone,user2,stand
26.04242075,0.8667010069,-9.715670586,0.8571242094,0.002130528912,-0.004261057824,0.003195793368,phone,user2,stand
26.06243169,0.8188169599,-9.715670586,0.8427590132,0.003728425596,-0.005858954508,0.001597896684,phone,user2,stand
26.08244513,0.7996633649,-9.706093788,0.8164227605,0.00266316114,-0.004793690052,0.002130528912,phone,user2,stand
26.10246185,0.8379706144,-9.722852707,0.8044517636,0.001065264456,0.001065264456,0.00266316114,phone,user2,stand
26.1224749,0.8307880163,-9.713275909,0.7924807668,0.0,0.004261057824,0.003195793368,phone,user2,stand
26.14249712,0.8116343617,-9.727641106,0.8044517636,-0.001065264456,0.006924218964,0.002130528912,phone,user2,stand
26.16251614,0.806845963,-9.725247383,0.8044517636,-0.000532632228,0.006391586736,0.00266316114,phone,user2,stand
26.18254345,0.8188169599,-9.720458984,0.8044517636,-0.000532632228,0.004261057824,0.003195793368,phone,user2,stand
26.20256755,0.85473001,-9.708487511,0.8044517636,-0.001597896684,0.005858954508,0.004261057824,phone,user2,stand
26.2225897,0.873883605,-9.710882187,0.8283938169,-0.003195793368,0.005858954508,0.001597896684,phone,user2,stand
26.24260712,0.8523358107,-9.715670586,0.85473001,0.0,0.002130528912,0.001065264456,phone,user2,stand
26.26263357,0.8307880163,-9.713275909,0.8355764151,0.001597896684,-0.001065264456,0.001597896684,phone,user2,stand
26.2826588,0.825999558,-9.710882187,0.7972691655,0.003728425596,-0.002130528912,0.003195793368,phone,user2,stand
26.30268208,0.8331822157,-9.715670586,0.7852981687,0.001065264456,0.001065264456,0.001597896684,phone,user2,stand
26.32270626,0.8164227605,-9.708487511,0.7972691655,-0.001065264456,0.003728425596,0.002130528912,phone,user2,stand
26.34272904,0.8355764151,-9.713275909,0.8236053586,-0.00266316114,0.004793690052,0.001597896684,phone,user2,stand
26.36274923,0.85473001,-9.727641106,0.825999558,-0.000532632228,0.001597896684,0.003195793368,phone,user2,stand
26.38277216,0.8307880163,-9.689333916,0.8116343617,0.00266316114,-0.001597896684,0.003195793368,phone,user2,stand
26.40279458,0.8427590132,-9.708487511,0.806845963,0.00266316114,-0.003195793368,0.00266316114,phone,user2,stand
26.4228149,0.8451532125,-9.744400978,0.8188169599,0.003728425596,-0.003195793368,0.001597896684,phone,user2,stand
26.44284337,0.8140285611,-9.732429504,0.8116343617,0.002130528912,-0.003728425596,0.001597896684,phone,user2,stand
26.46286802,0.8188169599,-9.718064308,0.8044517636,-0.000532632228,-0.006391586736,-0.000532632228,phone,user2,stand
26.48288169,0.7781155705,-9.715670586,0.8164227605,-0.00266316114,-0.003195793368,0.003195793368,phone,user2,stand
26.50290247,0.7805097699,-9.696516991,0.8331822157,-0.001597896684,0.006391586736,0.004261057824,phone,user2,stand
26.52291622,0.806845963,-9.677363396,0.8188169599,0.001597896684,0.008522115648,0.00532632228,phone,user2,stand
26.54293607,0.8451532125,-9.722852707,0.8044517636,0.0,0.009587380104,0.00532632228,phone,user2,stand
26.56295478,0.8882488012,-9.708487511,0.825999558,-0.000532632228,0.000532632228,0.005858954508,phone,user2,stand
26.58297786,0.8930372596,-9.720458984,0.8307880163,0.003195793368,-0.001597896684,0.004261057824,phone,user2,stand
26.60299927,0.8595184088,-9.730035782,0.8092401624,0.001597896684,0.003728425596,-0.000532632228,phone,user2,stand
26.62301958,0.825999558,-9.739612579,0.8044517636,-0.001065264456,0.003195793368,-0.00266316114,phone,user2,stand
26.64304072,0.8212111592,-9.732429504,0.7924807668,-0.001065264456,-0.002130528912,-0.001065264456,phone,user2,stand
26.66306673,0.8331822157,-9.706093788,0.8188169599,-0.003195793368,-0.003728425596,0.001597896684,phone,user2,stand
26.68308454,0.8307880163,-9.667786598,0.8475474119,0.000532632228,-0.009054748341,0.003728425596,phone,user2,stand
26.70310189,0.8188169599,-9.694122314,0.85473001,0.00266316114,-0.01331580617,0.004793690052,phone,user2,stand
26.72311486,0.7852981687,-9.703699112,0.8499416113,0.005858954508,-0.01012001187,0.00532632228,phone,user2,stand
26.74312161,0.7829039693,-9.715670586,0.825999558,0.007989482954,-0.01012001187,0.005858954508,phone,user2,stand
26.76313154,0.8020575643,-9.725247383,0.7996633649,0.004793690052,-0.007456851192,0.005858954508,phone,user2,stand
26.78314618,0.8164227605,-9.734824181,0.8116343617,0.002130528912,-0.004793690052,0.00532632228,phone,user2,stand
26.80316407,0.8236053586,-9.739612579,0.8212111592,0.004793690052,-0.004793690052,0.00532632228,phone,user2,stand
26.82317685,0.7781155705,-9.713275909,0.8044517636,0.004793690052,0.000532632228,0.00266316114,phone,user2,stand
26.84319904,0.7781155705,-9.725247383,0.7685387731,0.001065264456,0.004793690052,0.003195793368,phone,user2,stand
26.86321654,0.8427590132,-9.737217903,0.7781155705,-0.003728425596,0.00532632228,0.003195793368,phone,user2,stand
26.88322943,0.8355764151,-9.708487511,0.8116343617,-0.01012001187,0.01597896591,0.001597896684,phone,user2,stand
26.90325353,0.8499416113,-9.667786598,0.8714894056,-0.007456851192,0.01331580617,0.004261057824,phone,user2,stand
26.92327361,0.8978256583,-9.677363396,0.8810662031,-0.002130528912,0.00266316114,0.004793690052,phone,user2,stand
26.94328677,0.8882488012,-9.708487511,0.8834604025,0.004261057824,-0.001065264456,0.0,phone,user2,stand
26.96330228,0.8116343617,-9.727641106,0.8451532125,0.01012001187,-0.008522115648,0.000532632228,phone,user2,stand
26.98331599,0.7637503147,-9.720458984,0.7852981687,0.009587380104,-0.006391586736,0.003195793368,phone,user2,stand
27.00333661,0.8020575643,-9.732429504,0.7733271718,0.00266316114,-0.006391586736,0.004793690052,phone,user2,stand
27.02335161,0.8044517636,-9.710882187,0.7781155705,-0.004261057824,0.004793690052,0.004261057824,phone,user2,stand
27.04336509,0.8283938169,-9.701305389,0.8427590132,-0.005858954508,0.004793690052,0.003195793368,phone,user2,stand
27.06338407,0.8283938169,-9.725247383,0.8499416113,0.001597896684,0.001597896684,0.002130528912,phone,user2,stand
27.08340306,0.8020575643,-9.713275909,0.8403648138,0.00266316114,0.001065264456,0.001065264456,phone,user2,stand
27.10341954,0.7972691655,-9.718064308,0.8116343617,0.000532632228,0.004793690052,0.00266316114,phone,user2,stand
27.12343462,0.7900865674,-9.718064308,0.8140285611,0.0,0.007989482954,0.00266316114,phone,user2,stand
27.14345154,0.806845963,-9.722852707,0.8164227605,-0.001065264456,0.01118527725,0.00266316114,phone,user2,stand
27.16346782,0.8283938169,-9.701305389,0.8236053586,-0.003195793368,0.01278317347,0.003728425596,phone,user2,stand
27.18348333,0.8571242094,-9.708487511,0.8331822157,0.0,0.008522115648,0.004261057824,phone,user2,stand
27.20349099,0.8355764151,-9.713275909,0.806845963,0.002130528912,0.008522115648,0.001597896684,phone,user2,stand
27.22350528,0.8044517636,-9.701305389,0.8044517636,0.001597896684,0.006391586736,0.001065264456,phone,user2,stand
27.24351548,0.8164227605,-9.708487511,0.8188169599,0.000532632228,0.003195793368,0.004261057824,phone,user2,stand
27.26352337,0.8379706144,-9.737217903,0.8427590132,0.0,0.003195793368,0.003195793368,phone,user2,stand
27.28352759,0.8475474119,-9.703699112,0.8331822157,-0.000532632228,0.00532632228,0.003195793368,phone,user2,stand
27.3035379,0.8236053586,-9.708487511,0.8307880163,0.0,0.00266316114,0.001597896684,phone,user2,stand
27.32354888,0.7924807668,-9.708487511,0.8164227605,-0.001065264456,0.001065264456,0.00532632228,phone,user2,stand
27.34355525,0.8092401624,-9.679757118,0.8331822157,0.001065264456,0.0,0.007989482954,phone,user2,stand
27.36355372,0.8499416113,-9.689333916,0.8379706144,0.004793690052,-0.001065264456,0.006924218964,phone,user2,stand
27.38355333,0.8427590132,-9.739612579,0.8212111592,0.004793690052,0.001065264456,0.005858954508,phone,user2,stand
27.40356208,0.8451532125,-9.732429504,0.8307880163,0.006391586736,-0.004793690052,0.00532632228,phone,user2,stand
27.42356728,0.825999558,-9.742006302,0.8020575643,0.004261057824,-0.001065264456,0.003195793368,phone,user2,stand
27.44356915,0.7852981687,-9.749189377,0.7948749661,-0.002130528912,0.01065264456,0.002130528912,phone,user2,stand
27.46356966,0.7852981687,-9.696516991,0.8140285611,-0.004793690052,0.01225054078,0.00266316114,phone,user2,stand
27.48356747,0.8451532125,-9.679757118,0.8331822157,-0.00266316114,0.009587380104,0.006391586736,phone,user2,stand
27.50357087,0.8858546019,-9.655815125,0.8571242094,0.003195793368,0.003195793368,0.006924218964,phone,user2,stand
27.52357786,0.895431459,-9.686940193,0.8403648138,0.009054748341,-0.01225054078,0.00532632228,phone,user2,stand
27.54358626,0.8355764151,-9.734824181,0.8116343617,0.01331580617,-0.01864212751,0.005858954508,phone,user2,stand
27.56360282,0.7996633649,-9.722852707,0.7996633649,0.01438106969,-0.02077265643,0.006924218964,phone,user2,stand
27.58361122,0.7852981687,-9.727641106,0.7613561153,0.01438106969,-0.02183792181,0.007456851192,phone,user2,stand
27.60361943,0.7852981687,-9.749189377,0.7469909191,0.01065264456,-0.02183792181,0.006924218964,phone,user2,stand
27.62363486,0.739808321,-9.751583099,0.7709329724,0.005858954508,-0.01810949668,0.007989482954,phone,user2,stand
27.64365251,0.7230489254,-9.732429504,0.8044517636,0.003728425596,-0.01171790902,0.007456851192,phone,user2,stand
27.66365904,0.7254431248,-9.725247383,0.8427590132,0.001597896684,-0.004793690052,0.009587380104,phone,user2,stand
27.68366993,0.7350199223,-9.730035782,0.8714894056,-0.001065264456,0.003728425596,0.007989482954,phone,user2,stand
27.7036872,0.7829039693,-9.698910713,0.8858546019,-0.002130528912,0.007456851192,0.007456851192,phone,user2,stand
27.72370329,0.8188169599,-9.686940193,0.8858546019,-0.003195793368,0.01331580617,0.005858954508,phone,user2,stand
27.74372712,0.8331822157,-9.667786598,0.9050082564,0.0,0.0197073929,0.004793690052,phone,user2,stand
27.76375286,0.8379706144,-9.677363396,0.8906430602,0.003728425596,0.0165115986,0.004261057824,phone,user2,stand
27.78377329,0.8236053586,-9.701305389,0.8714894056,0.009587380104,0.01171790902,0.003195793368,phone,user2,stand
27.80379638,0.787692368,-9.756371498,0.8379706144,0.01171790902,0.007989482954,0.003195793368,phone,user2,stand
27.82381454,0.7900865674,-9.746794701,0.7781155705,0.007456851192,0.004261057824,0.004793690052,phone,user2,stand
27.84383669,0.8140285611,-9.744400978,0.7469909191,0.000532632228,0.004793690052,0.003195793368,phone,user2,stand
27.8638599,0.806845963,-9.722852707,0.8164227605,-0.004793690052,0.01171790902,0.001065264456,phone,user2,stand
27.88388532,0.7924807668,-9.710882187,0.8499416113,-0.00266316114,0.006924218964,0.001597896684,phone,user2,stand
27.90390493,0.787692368,-9.701305389,0.8643068075,-0.001597896684,0.00532632228,0.00266316114,phone,user2,stand
27.92393126,0.7661445141,-9.701305389,0.8643068075,0.000532632228,0.003728425596,0.004261057824,phone,user2,stand
27.94395204,0.7829039693,-9.708487511,0.8523358107,0.002130528912,0.002130528912,0.005858954508,phone,user2,stand
27.9639788,0.8044517636,-9.730035782,0.8523358107,0.003728425596,0.003728425596,0.004793690052,phone,user2,stand
27.98400318,0.7948749661,-9.715670586,0.8571242094,0.003195793368,0.006391586736,0.003728425596,phone,user2,stand
28.00402075,0.7805097699,-9.732429504,0.8355764151,0.001065264456,0.01012001187,0.00266316114,phone,user2,stand
28.02403329,0.7661445141,-9.753977776,0.8116343617,-0.000532632228,0.01597896591,0.0,phone,user2,stand
28.04405575,0.7517793179,-9.751583099,0.8164227605,-0.004261057824,0.02556634694,0.0,phone,user2,stand
28.06407439,0.7781155705,-9.718064308,0.8092401624,-0.006391586736,0.02343581803,-0.001065264456,phone,user2,stand
28.08410142,0.787692368,-9.737217903,0.8020575643,-0.01278317347,0.02290318534,-0.000532632228,phone,user2,stand
28.10412478,0.7685387731,-9.706093788,0.8020575643,-0.02237055451,0.03728425503,0.001065264456,phone,user2,stand
28.12414443,0.7613561153,-9.670180321,0.8834604025,-0.02024002373,0.04367584363,0.00266316114,phone,user2,stand
28.14416404,0.8092401624,-9.686940193,0.8355764151,-0.01864212751,0.03728425503,0.00532632228,phone,user2,stand
28.16419079,0.8236053586,-9.691728592,0.7158663273,-0.03568635881,0.04633900523,0.007456851192,phone,user2,stand
28.18421189,0.8379706144,-9.679757118,0.6488286853,-0.06498113275,0.0564590171,0.00532632228,phone,user2,stand
28.20422497,1.058237195,-9.500192642,0.6272808313,-0.0830906257,0.05965480953,-0.01331580617,phone,user2,stand
28.22424353,1.41257906,-9.600749016,0.5410895944,-0.1059938148,0.07137271762,-0.07243798673,phone,user2,stand
28.24426814,1.414973259,-9.710882187,0.6129156351,-0.1352885813,0.1374191195,-0.1502022892,phone,user2,stand
28.26428716,1.268926859,-9.59835434,0.8427590132,-0.1177117229,0.2269013226,-0.1720402092,phone,user2,stand
28.28430388,1.185129881,-9.397241592,0.7709329724,-0.09161274135,0.2210423797,-0.2024002522,phone,user2,stand
28.30432075,1.058237195,-9.263166428,0.5674257874,-0.1059938148,0.2109223604,-0.2332929224,phone,user2,stand
28.32433802,1.034295082,-9.478644371,0.5267243981,-0.1416801661,0.2503371537,-0.2663161159,phone,user2,stand
28.34435572,1.091755986,-10.30703831,0.7613561153,-0.1576591432,0.2663161159,-0.274838239,phone,user2,stand
28.36437599,0.7781155705,-10.85052204,1.177947283,-0.1470064968,0.2098570913,-0.2434129268,phone,user2,stand
28.38440017,0.5315127969,-10.3214035,1.467645645,-0.01864212751,0.1059938148,-0.1006674916,phone,user2,stand
28.40443376,0.1340752989,-9.306262016,0.8379706144,0.1059938148,0.02556634694,-0.02077265643,phone,user2,stand
28.42446607,-0.04070143029,-9.169792175,0.05985504389,0.08362326026,0.1379517466,0.01225054078,phone,user2,stand
28.44449743,0.2178723514,-9.595960617,0.02394201607,-0.01225054078,0.1581917703,0.07084008306,phone,user2,stand
28.46452548,0.5698199868,-9.940725327,0.2944868207,-0.07510114461,-0.05752427876,0.1155811921,phone,user2,stand
28.48454857,0.9792284966,-9.931148529,0.6584054828,-0.1065264493,-0.2290318608,0.1502022892,phone,user2,stand
28.50456521,1.544260144,-9.667786598,1.046266198,-0.09267801046,-0.215183422,0.1518001854,phone,user2,stand
28.52458712,2.109291792,-9.473855972,1.295263171,-0.05060006306,-0.07510114461,0.08788431436,phone,user2,stand
28.54461068,1.939303398,-9.512163162,1.26413846,-0.01331580617,0.05539375171,-0.01864212751,phone,user2,stand
28.56462954,1.537077546,-9.643844604,1.074996591,0.04580637068,0.170442313,-0.06764429063,phone,user2,stand
28.58465122,1.024718285,-9.794678688,0.6224924326,0.1171790883,0.1917476058,-0.0868190527,phone,user2,stand
28.60467032,0.6464344859,-9.895236015,0.1053448766,0.1390170157,0.1241033077,-0.06231797114,phone,user2,stand
28.62469154,0.356736064,-9.856928825,-0.2011129409,0.0868190527,0.06391586363,-0.02183792181,phone,user2,stand
28.64471365,0.356736064,-9.718064308,0.02633621916,-0.01757686399,0.04261057824,0.0165115986,phone,user2,stand
28.66473513,0.739808321,-9.713275909,0.6009446383,-0.08894958347,0.03249056637,0.04900216311,phone,user2,stand
28.68474736,1.204283476,-9.696516991,0.9241618514,-0.07084008306,-0.01384843793,0.06391586363,phone,user2,stand
28.70475681,1.498770237,-9.682151794,0.9074024558,-0.02343581803,-0.05326322466,0.06231797114,phone,user2,stand
28.72477404,1.623268723,-9.653421402,0.7637503147,0.009054748341,-0.05379585549,0.04101268202,phone,user2,stand
28.74478435,1.498770237,-9.643844604,0.691924274,0.0165115986,-0.03355583176,0.009054748341,phone,user2,stand
28.7648004,1.163581967,-9.689333916,0.7757213712,0.01384843793,-0.01065264456,-0.01544633508,phone,user2,stand
28.784812,0.8643068075,-9.696516991,0.8331822157,0.02663161233,-0.000532632228,-0.01917476021,phone,user2,stand
28.80482486,0.7134721279,-9.715670586,0.7637503147,0.04367584363,-0.009054748341,-0.006391586736,phone,user2,stand
28.82482638,0.6703764796,-9.713275909,0.6081272364,0.05166532472,-0.01544633508,0.01118527725,phone,user2,stand
28.84483411,0.7541735172,-9.722852707,0.4620809257,0.03834952042,-0.01438106969,0.02503371425,phone,user2,stand
28.86485521,0.8355764151,-9.732429504,0.4955997467,0.009587380104,0.0,0.03195793182,phone,user2,stand
28.88487396,0.9481038451,-9.758766174,0.672770679,-0.006391586736,0.01225054078,0.03462109342,phone,user2,stand
28.90489169,1.027112484,-9.744400978,0.7733271718,-0.004793690052,0.007456851192,0.03408846259,phone,user2,stand
28.92491169,1.091755986,-9.730035782,0.7900865674,0.003728425596,0.01384843793,0.02876213938,phone,user2,stand
28.9449322,1.146822572,-9.706093788,0.7613561153,0.01331580617,0.01597896591,0.0197073929,phone,user2,stand
28.96495142,1.101332784,-9.696516991,0.7134721279,0.0197073929,-0.002130528912,0.009587380104,phone,user2,stand
28.98496661,1.031900883,-9.703699112,0.7086837292,0.01864212751,-0.003195793368,0.00532632228,phone,user2,stand
29.00498443,0.9792284966,-9.674968719,0.7110779285,0.01438106969,-0.00266316114,0.002130528912,phone,user2,stand
29.02500482,0.9337386489,-9.732429504,0.7015010715,0.01278317347,-0.01171790902,0.002130528912,phone,user2,stand
29.04502896,0.8786720037,-9.737217903,0.6560112834,0.008522115648,-0.007989482954,0.00266316114,phone,user2,stand
29.06505736,0.8858546019,-9.722852707,0.6703764796,-0.001065264456,-0.001597896684,0.006924218964,phone,user2,stand
29.08507634,0.9481038451,-9.696516991,0.758961916,-0.004793690052,-0.01171790902,0.008522115648,phone,user2,stand
29.10509118,0.9840168953,-9.701305389,0.8092401624,-0.003195793368,-0.02396845073,0.009587380104,phone,user2,stand
29.12510962,0.9959878922,-9.715670586,0.8236053586,0.002130528912,-0.02609897964,0.009054748341,phone,user2,stand
29.14513075,0.9672574997,-9.715670586,0.7900865674,0.01012001187,-0.02450108156,0.006391586736,phone,user2,stand
29.16515778,0.921767652,-9.718064308,0.7254431248,0.01012001187,-0.0165115986,0.004261057824,phone,user2,stand
29.18518099,0.8786720037,-9.713275909,0.7158663273,0.00532632228,-0.01331580617,0.001597896684,phone,user2,stand
29.20520364,0.8595184088,-9.730035782,0.6991068721,0.002130528912,-0.01438106969,0.00266316114,phone,user2,stand
29.22521911,0.8355764151,-9.732429504,0.7086837292,-0.001065264456,-0.01171790902,0.003728425596,phone,user2,stand
29.24523923,0.8714894056,-9.703699112,0.6799532771,-0.004261057824,-0.001597896684,0.006924218964,phone,user2,stand
29.265259,0.9265560508,-9.701305389,0.691924274,-0.01118527725,0.005858954508,0.003728425596,phone,user2,stand
29.28528017,0.921767652,-9.710882187,0.7182605267,-0.01491370238,0.01012001187,0.00266316114,phone,user2,stand
29.30530763,0.9050082564,-9.718064308,0.7230489254,-0.0170442313,0.01065264456,0.00532632228,phone,user2,stand
29.32533025,0.9457096457,-9.715670586,0.6943184733,-0.01597896591,0.009587380104,0.009054748341,phone,user2,stand
29.34534833,1.017535686,-9.698910713,0.6991068721,-0.01544633508,0.00266316114,0.009587380104,phone,user2,stand
29.36537028,1.036689281,-9.703699112,0.7134721279,-0.01438106969,-0.004261057824,0.00532632228,phone,user2,stand
29.38539322,0.988805294,-9.698910713,0.7302315235,-0.01225054078,-0.007456851192,0.002130528912,phone,user2,stand
29.40541728,0.9768342972,-9.691728592,0.7374141216,-0.006391586736,-0.01118527725,0.000532632228,phone,user2,stand
29.42544591,0.9696516991,-9.730035782,0.7134721279,-0.001065264456,-0.01012001187,-0.000532632228,phone,user2,stand
29.44547212,0.9792284966,-9.727641106,0.6991068721,0.0,-0.009587380104,-0.00266316114,phone,user2,stand
29.46549361,0.9552865028,-9.730035782,0.6655880809,-0.000532632228,-0.0165115986,-0.002130528912,phone,user2,stand
29.48552111,0.8978256583,-9.739612579,0.6224924326,-0.002130528912,-0.02024002373,-0.000532632228,phone,user2,stand
29.50554173,0.873883605,-9.763554573,0.6153098345,-0.008522115648,-0.02130528912,0.004793690052,phone,user2,stand
29.52557419,0.8595184088,-9.761159897,0.6631938815,-0.01331580617,-0.0165115986,0.01065264456,phone,user2,stand
29.54560462,0.8499416113,-9.753977776,0.7015010715,-0.01278317347,-0.007456851192,0.01544633508,phone,user2,stand
29.5656338,0.8714894056,-9.734824181,0.7278373241,-0.01171790902,-0.001065264456,0.01810949668,phone,user2,stand
29.58566185,0.9026140571,-9.689333916,0.7182605267,-0.01065264456,0.008522115648,0.01810949668,phone,user2,stand
29.6056895,0.9313444495,-9.739612579,0.691924274,-0.009587380104,0.01384843793,0.01278317347,phone,user2,stand
29.62571497,0.9145850539,-9.725247383,0.7038952708,-0.004261057824,0.01331580617,0.008522115648,phone,user2,stand
29.64573216,0.9528923035,-9.703699112,0.6177040339,-0.000532632228,0.00532632228,0.01012001187,phone,user2,stand
29.66574197,1.017535686,-9.718064308,0.6081272364,-0.004793690052,0.006924218964,0.007989482954,phone,user2,stand
29.68574693,1.017535686,-9.710882187,0.6296750307,-0.01065264456,0.00266316114,0.004261057824,phone,user2,stand
29.7057581,0.9600749016,-9.698910713,0.6344634295,-0.009587380104,-0.003728425596,-0.000532632228,phone,user2,stand
29.72577775,0.9337386489,-9.718064308,0.6416460276,-0.01438106969,0.003195793368,-0.00266316114,phone,user2,stand
29.74579497,0.9097966552,-9.734824181,0.6775590777,-0.0170442313,0.005858954508,-0.001065264456,phone,user2,stand
29.76581591,0.921767652,-9.720458984,0.6320692301,-0.008522115648,0.001065264456,0.004261057824,phone,user2,stand
29.78583552,0.9816226959,-9.694122314,0.5602431893,-0.008522115648,0.003728425596,0.007989482954,phone,user2,stand
29.80586857,1.046266198,-9.722852707,0.5913678408,-0.01331580617,0.00266316114,0.006391586736,phone,user2,stand
29.82589278,1.039083481,-9.732429504,0.6440402865,-0.01331580617,-0.007989482954,0.005858954508,phone,user2,stand
29.84590958,0.9983820915,-9.710882187,0.672770679,-0.007989482954,-0.02343581803,0.00532632228,phone,user2,stand
29.86593025,0.9840168953,-9.722852707,0.7086837292,0.000532632228,-0.03249056637,0.006391586736,phone,user2,stand
29.88594384,0.9576807022,-9.727641106,0.6943184733,0.007456851192,-0.03621899337,0.008522115648,phone,user2,stand
29.90594982,0.9002198577,-9.725247383,0.6631938815,0.01118527725,-0.02556634694,0.009587380104,phone,user2,stand
29.92596513,0.8714894056,-9.708487511,0.6871358752,0.01278317347,-0.02237055451,0.01171790902,phone,user2,stand
29.94597837,0.8283938169,-9.732429504,0.6631938815,0.0170442313,-0.02876213938,0.01438106969,phone,user2,stand
29.9659954,0.8451532125,-9.713275909,0.6440402865,0.0170442313,-0.01544633508,0.0197073929,phone,user2,stand
29.98601818,0.8283938169,-9.715670586,0.6751648784,0.01278317347,-0.02503371425,0.02450108156,phone,user2,stand
30.00604415,0.8619126081,-9.713275909,0.6464344859,0.01757686399,-0.03355583176,0.02716424316,phone,user2,stand
30.02605939,0.8930372596,-9.698910713,0.6703764796,0.01438106969,-0.02876213938,0.0330231972,phone,user2,stand
30.04607411,0.9289502501,-9.720458984,0.6895300746,0.007989482954,-0.03994741663,0.02982740477,phone,user2,stand
30.06609443,0.9121908545,-9.689333916,0.7302315235,0.01065264456,-0.05326322466,0.02982740477,phone,user2,stand
30.08611443,0.9337386489,-9.667786598,0.691924274,0.0197073929,-0.06764429063,0.02769687586,phone,user2,stand
30.10614025,0.9385270476,-9.732429504,0.6512228847,0.02077265643,-0.0697748214,0.02556634694,phone,user2,stand
30.12617025,0.9504981041,-9.751583099,0.6200982332,0.02130528912,-0.07297061384,0.02077265643,phone,user2,stand
30.14619732,0.9145850539,-9.701305389,0.6296750307,0.01864212751,-0.07456851006,0.01597896591,phone,user2,stand
30.1662229,0.9169792533,-9.698910713,0.5961562395,0.01225054078,-0.07137271762,0.009054748341,phone,user2,stand
30.1862495,0.8451532125,-9.749189377,0.5291185975,-0.00532632228,-0.04527373984,0.004793690052,phone,user2,stand
30.2062699,0.7996633649,-9.768342972,0.653617084,-0.006391586736,-0.03355583176,0.01331580617,phone,user2,stand
30.2263013,0.825999558,-9.715670586,0.6416460276,-0.009587380104,-0.05166532472,0.0197073929,phone,user2,stand
30.24633025,0.9385270476,-9.662998199,0.6799532771,-0.003728425596,-0.05486112088,0.02503371425,phone,user2,stand
30.26635013,1.034295082,-9.655815125,0.6607996821,-0.001065264456,-0.0591221787,0.01118527725,phone,user2,stand
30.28638142,1.027112484,-9.782708168,0.6153098345,-0.000532632228,-0.03249056637,-0.002130528912,phone,user2,stand
30.30641294,0.8571242094,-9.765948296,0.6153098345,-0.002130528912,-0.01012001187,-0.00532632228,phone,user2,stand
30.32643716,0.8116343617,-9.744400978,0.5841852427,-0.00532632228,-0.01225054078,-0.000532632228,phone,user2,stand
30.34645435,0.9433154464,-9.725247383,0.586579442,-0.01438106969,-0.01491370238,0.001065264456,phone,user2,stand
30.36646583,0.9983820915,-9.610325813,0.6320692301,-0.01810949668,-0.01225054078,-0.001597896684,phone,user2,stand
30.38648486,1.015141487,-9.52173996,0.6153098345,-0.02396845073,-0.01278317347,-0.006924218964,phone,user2,stand
30.40650661,1.07739079,-9.423578262,0.5434837937,-0.03462109342,0.0,-0.02077265643,phone,user2,stand
30.42652732,1.158793569,-9.342175484,0.5315127969,-0.04900216311,0.02503371425,-0.04474110901,phone,user2,stand
30.44655193,1.328781962,-9.600749016,0.6871358752,-0.0564590171,0.04420847446,-0.07084008306,phone,user2,stand
30.46658357,1.331176162,-10.27351952,0.8595184088,-0.02822950855,0.0367516242,-0.08948221803,phone,user2,stand
30.48660322,1.007958889,-10.26873112,0.8523358107,0.01864212751,0.02290318534,-0.06604639441,phone,user2,stand
30.50661376,0.6967126727,-9.725247383,0.7565677166,0.05166532472,-0.001065264456,-0.02876213938,phone,user2,stand
30.5266356,0.6009446383,-9.500192642,0.7469909191,0.04048004746,0.003728425596,-0.006391586736,phone,user2,stand
30.54665849,0.5219359994,-9.641449928,0.6823474765,0.03249056637,-0.001065264456,0.003728425596,phone,user2,stand
30.56667782,0.4453215301,-9.852140427,0.5482721925,0.03568635881,-0.07243798673,0.02396845073,phone,user2,stand
30.58669361,0.538695395,-9.885659218,0.4141969085,0.02130528912,-0.1081243455,0.04261057824,phone,user2,stand
30.60670974,0.9121908545,-9.785101891,0.4165911078,-0.01118527725,-0.04687163606,0.04048004746,phone,user2,stand
30.62673419,1.192312479,-9.670180321,0.5458779931,-0.03728425503,0.07563377917,0.007456851192,phone,user2,stand
30.64676646,1.132457376,-9.646238327,0.7254431248,-0.04420847446,0.1496696621,-0.01810949668,phone,user2,stand
30.66679673,0.9265560508,-9.703699112,0.8499416113,-0.02183792181,0.1304948926,-0.0170442313,phone,user2,stand
30.68682958,0.8427590132,-9.742006302,0.7182605267,0.01544633508,0.07350324839,0.000532632228,phone,user2,stand
30.70686099,0.9145850539,-9.777919769,0.4764461517,0.02822950855,0.01278317347,0.01384843793,phone,user2,stand
30.7268895,1.012747288,-9.765948296,0.3734954596,0.01171790902,-0.01597896591,0.01864212751,phone,user2,stand
30.74691681,1.058237195,-9.710882187,0.5339069963,-0.01544633508,-0.007456851192,0.01438106969,phone,user2,stand
30.76694704,1.046266198,-9.655815125,0.8164227605,-0.02024002373,0.01171790902,0.006924218964,phone,user2,stand
30.78697548,1.031900883,-9.641449928,0.9313444495,0.003195793368,0.01118527725,0.00266316114,phone,user2,stand
30.80699751,0.988805294,-9.710882187,0.7829039693,0.03249056637,-0.007989482954,-0.000532632228,phone,user2,stand
30.82702259,0.9648633003,-9.768342972,0.5841852427,0.04420847446,-0.01118527725,-0.003195793368,phone,user2,stand
30.84703833,0.9097966552,-9.763554573,0.4357447028,0.0367516242,0.00266316114,-0.007456851192,phone,user2,stand
30.86704958,0.8331822157,-9.742006302,0.3974374831,0.01118527725,0.01012001187,-0.007456851192,phone,user2,stand
30.88705786,0.7996633649,-9.727641106,0.5027823448,-0.0165115986,0.01597896591,-0.003195793368,phone,user2,stand
30.90706247,0.8116343617,-9.730035782,0.691924274,-0.02290318534,0.01491370238,0.002130528912,phone,user2,stand
30.92707208,0.8619126081,-9.691728592,0.7829039693,-0.01118527725,0.007989482954,0.007456851192,phone,user2,stand
30.94707825,0.9097966552,-9.672574997,0.7781155705,0.006391586736,0.003195793368,0.009054748341,phone,user2,stand
30.96708997,0.9074024558,-9.703699112,0.6967126727,0.01438106969,0.0,0.005858954508,phone,user2,stand
30.987102,0.873883605,-9.722852707,0.6703764796,0.01597896591,0.001597896684,0.004261057824,phone,user2,stand
31.00712786,0.8403648138,-9.730035782,0.6847416759,0.01278317347,0.01012001187,0.003728425596,phone,user2,stand
31.02715052,0.8427590132,-9.722852707,0.6584054828,0.01544633508,0.0165115986,0.005858954508,phone,user2,stand
31.04717001,0.8834604025,-9.722852707,0.6129156351,0.0165115986,0.02077265643,0.006924218964,phone,user2,stand
31.06717638,0.9385270476,-9.742006302,0.5817909837,0.01278317347,0.01491370238,0.007989482954,phone,user2,stand
31.0871854,0.9361328483,-9.727641106,0.5722141862,0.009587380104,0.00266316114,0.006924218964,phone,user2,stand
31.1072104,0.9169792533,-9.722852707,0.5961562395,0.001597896684,0.000532632228,0.003728425596,phone,user2,stand
31.12722521,0.9026140571,-9.706093788,0.6655880809,-0.005858954508,0.004261057824,0.003728425596,phone,user2,stand
31.14722993,0.9193734527,-9.689333916,0.7469909191,-0.005858954508,0.0,0.006391586736,phone,user2,stand
31.16723341,0.9576807022,-9.686940193,0.7996633649,0.003195793368,-0.005858954508,0.008522115648,phone,user2,stand
31.18723243,0.9481038451,-9.696516991,0.7637503147,0.01491370238,-0.01384843793,0.007456851192,phone,user2,stand
31.20723564,0.9744400978,-9.701305389,0.7038952708,0.02237055451,-0.0165115986,0.006391586736,phone,user2,stand
31.2272363,0.9552865028,-9.737217903,0.6560112834,0.02290318534,-0.01864212751,0.00532632228,phone,user2,stand
31.24724618,0.9074024558,-9.732429504,0.6655880809,0.01810949668,-0.02130528912,0.003728425596,phone,user2,stand
31.26724446,0.8978256583,-9.725247383,0.6943184733,0.01864212751,-0.02556634694,0.004261057824,phone,user2,stand
31.28723958,0.9050082564,-9.720458984,0.6967126727,0.0165115986,-0.02716424316,0.00532632228,phone,user2,stand
31.30723521,0.9026140571,-9.730035782,0.7086837292,0.01331580617,-0.02024002373,0.004261057824,phone,user2,stand
31.32723642,0.873883605,-9.698910713,0.7374141216,0.01438106969,-0.01917476021,0.004793690052,phone,user2,stand
31.34723462,0.8643068075,-9.696516991,0.7278373241,0.0170442313,-0.02077265643,0.004261057824,phone,user2,stand
31.36723927,0.8643068075,-9.715670586,0.7015010715,0.01491370238,-0.01810949668,0.003728425596,phone,user2,stand
31.38724743,0.8714894056,-9.734824181,0.7182605267,0.01118527725,-0.01491370238,0.003728425596,phone,user2,stand
31.40725673,0.8786720037,-9.725247383,0.7110779285,0.009587380104,-0.0165115986,0.004261057824,phone,user2,stand
31.42727115,0.8714894056,-9.722852707,0.691924274,0.005858954508,-0.01118527725,0.004261057824,phone,user2,stand
31.44729263,0.8810662031,-9.720458984,0.6991068721,-0.001597896684,-0.006391586736,0.005858954508,phone,user2,stand
31.46731618,0.8930372596,-9.730035782,0.7493851185,-0.004793690052,-0.003728425596,0.004261057824,phone,user2,stand
31.48733884,0.9121908545,-9.698910713,0.7781155705,-0.00266316114,-0.009054748341,0.004793690052,phone,user2,stand
31.50735458,0.9385270476,-9.689333916,0.7637503147,0.0,-0.01171790902,0.003728425596,phone,user2,stand
31.52736232,0.9552865028,-9.710882187,0.758961916,-0.000532632228,-0.009054748341,0.001065264456,phone,user2,stand
31.54737712,0.9528923035,-9.737217903,0.7781155705,-0.000532632228,-0.006924218964,-0.001597896684,phone,user2,stand
31.5673879,0.9074024558,-9.739612579,0.7852981687,0.0,-0.003195793368,-0.004793690052,phone,user2,stand
31.58739759,0.8499416113,-9.706093788,0.7757213712,0.001597896684,-0.004793690052,-0.004261057824,phone,user2,stand
31.60741232,0.8283938169,-9.715670586,0.7254431248,0.001065264456,-0.004261057824,0.0,phone,user2,stand
31.62742646,0.8667010069,-9.725247383,0.7230489254,-0.001597896684,0.003195793368,0.00266316114,phone,user2,stand
31.64744048,0.9169792533,-9.725247383,0.7134721279,-0.001597896684,0.001065264456,0.002130528912,phone,user2,stand
31.66745329,0.9265560508,-9.720458984,0.6967126727,-0.003195793368,0.003195793368,0.0,phone,user2,stand
31.68746099,0.9121908545,-9.727641106,0.6895300746,-0.008522115648,0.007989482954,-0.002130528912,phone,user2,stand
31.70747298,0.9145850539,-9.746794701,0.7086837292,-0.01331580617,0.01331580617,-0.003195793368,phone,user2,stand
31.7274854,0.9050082564,-9.722852707,0.7230489254,-0.01171790902,0.01384843793,-0.004261057824,phone,user2,stand
31.74750032,0.9457096457,-9.725247383,0.7062895298,-0.01065264456,0.01491370238,-0.005858954508,phone,user2,stand
31.76751251,0.9648633003,-9.730035782,0.6799532771,-0.01331580617,0.01491370238,-0.007456851192,phone,user2,stand
31.78752626,0.9768342972,-9.725247383,0.6512228847,-0.01544633508,0.01864212751,-0.008522115648,phone,user2,stand
31.80754642,0.9744400978,-9.703699112,0.6895300746,-0.0170442313,0.01810949668,-0.009054748341,phone,user2,stand
31.82756001,0.9528923035,-9.677363396,0.7661445141,-0.01331580617,0.01597896591,-0.009587380104,phone,user2,stand
31.84757208,0.9337386489,-9.691728592,0.7661445141,-0.007456851192,0.01757686399,-0.007456851192,phone,user2,stand
31.86758216,0.940921247,-9.689333916,0.7158663273,-0.002130528912,0.01810949668,-0.005858954508,phone,user2,stand
31.88759868,0.962469101,-9.725247383,0.6775590777,0.0,0.01438106969,-0.004793690052,phone,user2,stand
31.90761298,0.9744400978,-9.715670586,0.6392518282,-0.003195793368,0.01544633508,-0.00266316114,phone,user2,stand
31.92763044,0.9481038451,-9.708487511,0.6392518282,-0.007456851192,0.02024002373,-0.000532632228,phone,user2,stand
31.94764693,0.9241618514,-9.694122314,0.691924274,-0.01065264456,0.02237055451,0.004793690052,phone,user2,stand
31.96766122,0.9361328483,-9.694122314,0.7493851185,-0.009587380104,0.0197073929,0.009587380104,phone,user2,stand
31.98767923,0.962469101,-9.696516991,0.7374141216,-0.003728425596,0.009054748341,0.01118527725,phone,user2,stand
32.00770075,0.9864110947,-9.720458984,0.7230489254,0.001597896684,0.00266316114,0.01225054078,phone,user2,stand
32.02771528,0.9816226959,-9.715670586,0.6703764796,0.001597896684,0.000532632228,0.01225054078,phone,user2,stand
32.04774021,0.9504981041,-9.706093788,0.6416460276,-0.001597896684,0.006391586736,0.009587380104,phone,user2,stand
32.0677556,0.9265560508,-9.718064308,0.6655880809,-0.006391586736,0.01544633508,0.008522115648,phone,user2,stand
32.0877681,0.9337386489,-9.737217903,0.6775590777,-0.006924218964,0.01491370238,0.007989482954,phone,user2,stand
32.10778439,0.9121908545,-9.737217903,0.6607996821,-0.006924218964,0.01810949668,0.006924218964,phone,user2,stand
32.12780501,0.8643068075,-9.694122314,0.6512228847,-0.006391586736,0.0197073929,0.006924218964,phone,user2,stand
32.14782556,0.8499416113,-9.694122314,0.6416460276,-0.009054748341,0.01864212751,0.01118527725,phone,user2,stand
32.16785638,0.8810662031,-9.722852707,0.6775590777,-0.008522115648,0.01864212751,0.01331580617,phone,user2,stand
32.18788759,0.9097966552,-9.725247383,0.7182605267,-0.004261057824,0.01384843793,0.01491370238,phone,user2,stand
32.20791509,0.8978256583,-9.684545517,0.7302315235,0.001597896684,0.009587380104,0.01438106969,phone,user2,stand
32.2279456,0.895431459,-9.722852707,0.6775590777,0.005858954508,0.007456851192,0.01171790902,phone,user2,stand
32.24797064,0.8978256583,-9.768342972,0.6009446383,0.007989482954,0.006391586736,0.01118527725,phone,user2,stand
32.26799423,0.9265560508,-9.734824181,0.5674257874,0.001597896684,0.01278317347,0.008522115648,phone,user2,stand
32.28802384,0.9026140571,-9.703699112,0.6129156351,-0.005858954508,0.01118527725,0.00532632228,phone,user2,stand
32.30805161,0.8810662031,-9.691728592,0.6943184733,-0.006924218964,0.01491370238,0.004793690052,phone,user2,stand
32.32807622,0.8762778044,-9.696516991,0.7541735172,-0.00266316114,0.02237055451,0.006924218964,phone,user2,stand
32.34809767,0.8906430602,-9.682151794,0.7254431248,0.006924218964,0.02663161233,0.007989482954,phone,user2,stand
32.36811614,0.9385270476,-9.689333916,0.6344634295,0.01118527725,0.02556634694,0.006391586736,phone,user2,stand
32.38813841,0.9504981041,-9.730035782,0.6033388376,0.009054748341,0.01331580617,0.004793690052,phone,user2,stand
32.40814954,0.9193734527,-9.718064308,0.6751648784,0.001597896684,-0.003728425596,0.005858954508,phone,user2,stand
32.42816134,0.8906430602,-9.698910713,0.7948749661,0.000532632228,-0.009587380104,0.006391586736,phone,user2,stand
32.44817634,0.9121908545,-9.696516991,0.8403648138,0.01065264456,-0.01491370238,0.007456851192,phone,user2,stand
32.46819028,0.9385270476,-9.732429504,0.7110779285,0.02822950855,-0.008522115648,0.004793690052,phone,user2,stand
32.48820404,0.9433154464,-9.753977776,0.5602431893,0.02343581803,0.009054748341,0.000532632228,phone,user2,stand
32.50822036,0.8690952063,-9.734824181,0.6200982332,0.004793690052,0.005858954508,-0.00266316114,phone,user2,stand
32.52823806,0.7829039693,-9.739612579,0.720654726,0.00532632228,-0.01225054078,0.002130528912,phone,user2,stand
32.5482613,0.806845963,-9.739612579,0.7134721279,0.007456851192,-0.02024002373,0.009054748341,phone,user2,stand
32.56828993,0.8523358107,-9.713275909,0.6967126727,0.007456851192,-0.009587380104,0.01065264456,phone,user2,stand
32.58831009,0.8595184088,-9.730035782,0.6943184733,0.00532632228,-0.01065264456,0.01065264456,phone,user2,stand
32.60832407,0.8379706144,-9.706093788,0.7182605267,0.002130528912,-0.0170442313,0.01065264456,phone,user2,stand
32.62833302,0.8331822157,-9.713275909,0.7374141216,0.00266316114,-0.01384843793,0.01171790902,phone,user2,stand
32.64834884,0.8355764151,-9.763554573,0.720654726,0.008522115648,-0.0197073929,0.01438106969,phone,user2,stand
32.66837173,0.7996633649,-9.698910713,0.6679822803,0.01118527725,-0.02343581803,0.01597896591,phone,user2,stand
32.68839724,0.8140285611,-9.701305389,0.6488286853,0.00532632228,-0.01864212751,0.01544633508,phone,user2,stand
32.70841755,0.85473001,-9.794678688,0.6560112834,-0.004793690052,-0.007456851192,0.01278317347,phone,user2,stand
32.72843669,0.9026140571,-9.792284966,0.7134721279,-0.008522115648,0.000532632228,0.01384843793,phone,user2,stand
32.74846208,0.9744400978,-9.62469101,0.7733271718,-0.006924218964,0.00266316114,0.01491370238,phone,user2,stand
32.76848747,1.07739079,-9.662998199,0.8283938169,0.007456851192,-0.003728425596,0.00532632228,phone,user2,stand
32.78851212,0.9576807022,-9.708487511,0.7805097699,0.01597896591,-0.01278317347,-0.001597896684,phone,user2,stand
32.80853728,0.8283938169,-9.718064308,0.7685387731,0.01597896591,-0.02503371425,0.002130528912,phone,user2,stand
32.82855275,0.8236053586,-9.734824181,0.6991068721,0.02556634694,-0.03621899337,0.007456851192,phone,user2,stand
32.84857337,0.8403648138,-9.727641106,0.586579442,0.02396845073,-0.02130528912,0.007989482954,phone,user2,stand
32.86857993,0.8116343617,-9.730035782,0.5889736414,0.00532632228,0.008522115648,0.003195793368,phone,user2,stand
32.88858993,0.787692368,-9.737217903,0.7110779285,-0.005858954508,0.01225054078,0.004793690052,phone,user2,stand
32.90860618,0.8451532125,-9.737217903,0.8092401624,-0.001065264456,-0.006391586736,0.01012001187,phone,user2,stand
32.92861818,0.9169792533,-9.686940193,0.7829039693,0.01012001187,-0.01597896591,0.01225054078,phone,user2,stand
32.94863122,0.9840168953,-9.713275909,0.7374141216,0.01384843793,-0.01438106969,0.003728425596,phone,user2,stand
32.96864466,0.9121908545,-9.742006302,0.720654726,0.01278317347,-0.007456851192,-0.001597896684,phone,user2,stand
32.98865302,0.8164227605,-9.715670586,0.739808321,0.009054748341,-0.01384843793,-0.00266316114,phone,user2,stand
33.00867677,0.8020575643,-9.746794701,0.7541735172,0.007456851192,-0.01864212751,0.0,phone,user2,stand
33.02869974,0.7613561153,-9.718064308,0.758961916,0.00532632228,-0.00532632228,0.003195793368,phone,user2,stand
33.04871978,0.7517793179,-9.696516991,0.7230489254,0.009054748341,0.01491370238,0.004261057824,phone,user2,stand
33.06873763,0.7972691655,-9.722852707,0.6584054828,0.006924218964,0.02130528912,0.005858954508,phone,user2,stand
33.08875161,0.8619126081,-9.732429504,0.653617084,-0.002130528912,0.0165115986,0.007456851192,phone,user2,stand
33.10876025,0.8882488012,-9.734824181,0.7565677166,-0.007989482954,0.002130528912,0.007989482954,phone,user2,stand
33.1287765,0.8978256583,-9.694122314,0.8307880163,0.001597896684,-0.01384843793,0.01118527725,phone,user2,stand
33.14879806,0.9313444495,-9.698910713,0.8188169599,0.007456851192,-0.02130528912,0.01118527725,phone,user2,stand
33.16882626,0.9528923035,-9.718064308,0.7302315235,0.01225054078,-0.02876213938,0.01012001187,phone,user2,stand
33.18885236,0.962469101,-9.734824181,0.6895300746,0.006924218964,-0.02929477207,0.01012001187,phone,user2,stand
33.20887294,0.9911994934,-9.722852707,0.739808321,0.001065264456,-0.02982740477,0.006924218964,phone,user2,stand
33.22889364,0.9720458984,-9.720458984,0.8212111592,0.007456851192,-0.03621899337,-0.001065264456,phone,user2,stand
33.24890657,0.8571242094,-9.696516991,0.8020575643,0.01810949668,-0.03781688958,-0.00532632228,phone,user2,stand
33.26891603,0.7757213712,-9.708487511,0.7062895298,0.02024002373,-0.03515372798,-0.009587380104,phone,user2,stand
33.28893294,0.7182605267,-9.751583099,0.6607996821,0.01384843793,-0.02130528912,-0.008522115648,phone,user2,stand
33.30894763,0.6631938815,-9.775525093,0.6847416759,0.00266316114,-0.01864212751,-0.004261057824,phone,user2,stand
33.32895759,0.6823474765,-9.739612579,0.7541735172,-0.003195793368,-0.02343581803,0.005858954508,phone,user2,stand
33.34897095,0.7661445141,-9.696516991,0.7972691655,-0.004261057824,-0.0170442313,0.01171790902,phone,user2,stand
33.36898493,0.8451532125,-9.703699112,0.7852981687,-0.000532632228,-0.003195793368,0.01171790902,phone,user2,stand
33.38900161,0.9121908545,-9.718064308,0.7374141216,0.001065264456,0.006924218964,0.006924218964,phone,user2,stand
33.40902868,0.9289502501,-9.734824181,0.7134721279,0.0,0.003195793368,0.001597896684,phone,user2,stand
33.4290545,0.9289502501,-9.734824181,0.7302315235,-0.003195793368,-0.002130528912,-0.002130528912,phone,user2,stand
33.44908958,0.9026140571,-9.739612579,0.7230489254,-0.002130528912,-0.001597896684,-0.003728425596,phone,user2,stand
33.46911392,0.8643068075,-9.725247383,0.7038952708,-0.002130528912,-0.004261057824,-0.003728425596,phone,user2,stand
33.4891379,0.8571242094,-9.684545517,0.7254431248,-0.004261057824,-0.005858954508,-0.001065264456,phone,user2,stand
33.50916544,0.8571242094,-9.696516991,0.806845963,-0.004261057824,-0.01171790902,0.002130528912,phone,user2,stand
33.52919712,0.8475474119,-9.696516991,0.8020575643,0.003195793368,-0.01810949668,0.003728425596,phone,user2,stand
33.54923732,0.8810662031,-9.701305389,0.7278373241,0.01012001187,-0.02290318534,0.00532632228,phone,user2,stand
33.5692722,0.9074024558,-9.732429504,0.691924274,0.006391586736,-0.01384843793,0.001597896684,phone,user2,stand
33.58930114,0.8619126081,-9.732429504,0.7110779285,0.0,0.0,-0.003195793368,phone,user2,stand
33.60932935,0.8164227605,-9.751583099,0.7469909191,-0.003728425596,0.004793690052,-0.006391586736,phone,user2,stand
33.62936646,0.8140285611,-9.732429504,0.7469909191,-0.002130528912,0.001065264456,-0.003195793368,phone,user2,stand
33.64940079,0.8116343617,-9.713275909,0.7326257229,-0.000532632228,-0.001065264456,-0.001597896684,phone,user2,stand
33.66943837,0.8355764151,-9.720458984,0.7350199223,-0.003195793368,0.0,-0.001597896684,phone,user2,stand
33.68946966,0.8140285611,-9.694122314,0.7613561153,-0.00266316114,0.00532632228,-0.001597896684,phone,user2,stand
33.70950025,0.8164227605,-9.701305389,0.7661445141,-0.001597896684,0.01171790902,0.001065264456,phone,user2,stand
33.72952419,0.8858546019,-9.730035782,0.7637503147,0.001597896684,0.01384843793,0.002130528912,phone,user2,stand
33.7495524,0.9193734527,-9.746794701,0.7015010715,0.001065264456,0.01597896591,-0.00266316114,phone,user2,stand
33.76958544,0.9002198577,-9.744400978,0.6799532771,-0.003728425596,0.01065264456,-0.005858954508,phone,user2,stand
33.78962306,0.8403648138,-9.734824181,0.6991068721,-0.01065264456,0.008522115648,-0.005858954508,phone,user2,stand
33.8096513,0.8355764151,-9.710882187,0.7637503147,-0.01331580617,0.01438106969,-0.00266316114,phone,user2,stand
33.82967161,0.8930372596,-9.672574997,0.7972691655,-0.007989482954,0.01065264456,0.000532632228,phone,user2,stand
33.84969216,0.9481038451,-9.674968719,0.7948749661,-0.00266316114,0.007989482954,0.000532632228,phone,user2,stand
33.86971474,0.9600749016,-9.701305389,0.7900865674,-0.001065264456,0.000532632228,-0.000532632228,phone,user2,stand
33.88973958,0.8978256583,-9.720458984,0.7733271718,0.003195793368,-0.007456851192,-0.00266316114,phone,user2,stand
33.90976396,0.8571242094,-9.730035782,0.7254431248,0.004261057824,-0.004261057824,-0.003195793368,phone,user2,stand
33.92978911,0.8571242094,-9.722852707,0.7110779285,0.001597896684,-0.003195793368,-0.001597896684,phone,user2,stand
33.94981103,0.8810662031,-9.730035782,0.7230489254,-0.00266316114,0.0,0.0,phone,user2,stand
33.96983661,0.8930372596,-9.710882187,0.7445967197,-0.00532632228,-0.000532632228,-0.000532632228,phone,user2,stand
33.98986454,0.9026140571,-9.701305389,0.7613561153,-0.002130528912,-0.006924218964,-0.000532632228,phone,user2,stand
34.00989091,0.8810662031,-9.720458984,0.7541735172,0.0,-0.01597896591,-0.00266316114,phone,user2,stand
34.02991591,0.8595184088,-9.715670586,0.7374141216,0.0,-0.0165115986,-0.00266316114,phone,user2,stand
34.04994337,0.8595184088,-9.715670586,0.7469909191,0.0,-0.01171790902,-0.003195793368,phone,user2,stand
34.06997177,0.8714894056,-9.739612579,0.7326257229,-0.001065264456,-0.009054748341,-0.003195793368,phone,user2,stand
34.08999419,0.8595184088,-9.727641106,0.7302315235,-0.001065264456,-0.009587380104,-0.001065264456,phone,user2,stand
34.1100172,0.85473001,-9.703699112,0.7182605267,-0.001597896684,-0.009054748341,0.001065264456,phone,user2,stand
34.13004146,0.873883605,-9.708487511,0.7374141216,-0.004793690052,-0.005858954508,0.0,phone,user2,stand
34.15006771,0.8643068075,-9.742006302,0.7493851185,-0.003195793368,-0.003195793368,-0.002130528912,phone,user2,stand
34.17009111,0.8667010069,-9.715670586,0.7302315235,-0.001597896684,-0.001065264456,-0.003195793368,phone,user2,stand
34.19011767,0.8571242094,-9.725247383,0.7062895298,-0.004793690052,0.000532632228,-0.004261057824,phone,user2,stand
34.21013654,0.8451532125,-9.718064308,0.7158663273,-0.007456851192,0.006924218964,-0.001597896684,phone,user2,stand
34.2301622,0.8906430602,-9.701305389,0.7541735172,-0.007456851192,0.006924218964,0.002130528912,phone,user2,stand
34.25018204,0.9145850539,-9.710882187,0.7565677166,-0.006391586736,0.004261057824,0.001597896684,phone,user2,stand
34.2701988,0.9097966552,-9.706093788,0.7422025204,-0.004793690052,0.003728425596,0.0,phone,user2,stand
34.29021958,0.9097966552,-9.701305389,0.739808321,-0.004793690052,0.001065264456,-0.000532632228,phone,user2,stand
34.31024587,0.9121908545,-9.703699112,0.720654726,-0.002130528912,0.006391586736,0.0,phone,user2,stand
34.33027111,0.9169792533,-9.708487511,0.7254431248,-0.002130528912,0.003728425596,-0.001597896684,phone,user2,stand
34.35028935,0.895431459,-9.708487511,0.7254431248,-0.003195793368,0.00532632228,-0.002130528912,phone,user2,stand
34.37030599,0.8810662031,-9.742006302,0.720654726,-0.003195793368,-0.00266316114,-0.000532632228,phone,user2,stand
34.39032177,0.8834604025,-9.732429504,0.7086837292,-0.001065264456,-0.005858954508,0.002130528912,phone,user2,stand
34.41033716,0.9289502501,-9.701305389,0.6967126727,-0.002130528912,-0.005858954508,0.002130528912,phone,user2,stand
34.43036376,0.9481038451,-9.727641106,0.7110779285,-0.004261057824,-0.002130528912,-0.002130528912,phone,user2,stand
34.45038779,0.9002198577,-9.710882187,0.7374141216,-0.003728425596,-0.003728425596,-0.004793690052,phone,user2,stand
34.4704131,0.85473001,-9.708487511,0.7182605267,0.000532632228,-0.003728425596,-0.003728425596,phone,user2,stand
34.49044509,0.8523358107,-9.725247383,0.6823474765,0.000532632228,-0.002130528912,-0.001597896684,phone,user2,stand
34.51047915,0.8571242094,-9.737217903,0.672770679,-0.004793690052,0.001597896684,0.0,phone,user2,stand
34.53051193,0.8786720037,-9.715670586,0.7062895298,-0.007456851192,0.002130528912,-0.000532632228,phone,user2,stand
34.55054032,0.8643068075,-9.706093788,0.7230489254,-0.008522115648,0.00266316114,-0.001065264456,phone,user2,stand
34.57056392,0.8595184088,-9.710882187,0.7326257229,-0.007456851192,0.009054748341,0.00266316114,phone,user2,stand
34.59058353,0.8882488012,-9.674968719,0.7230489254,-0.00266316114,0.01278317347,0.005858954508,phone,user2,stand
34.61060345,0.9504981041,-9.703699112,0.7110779285,-0.002130528912,0.01225054078,0.004261057824,phone,user2,stand
34.63061958,0.9385270476,-9.715670586,0.7182605267,-0.00266316114,0.009054748341,0.00266316114,phone,user2,stand
34.65063173,0.9241618514,-9.720458984,0.7110779285,0.000532632228,0.003195793368,0.003195793368,phone,user2,stand
34.67064161,0.921767652,-9.713275909,0.7015010715,0.002130528912,0.003728425596,0.002130528912,phone,user2,stand
34.69066255,0.9265560508,-9.715670586,0.6847416759,0.0,0.006391586736,0.001597896684,phone,user2,stand
34.71068779,0.921767652,-9.722852707,0.672770679,-0.002130528912,0.005858954508,0.001065264456,phone,user2,stand
34.73070661,0.9121908545,-9.703699112,0.7158663273,-0.002130528912,0.00532632228,0.001597896684,phone,user2,stand
34.75072556,0.9026140571,-9.698910713,0.7182605267,0.002130528912,0.00266316114,0.003195793368,phone,user2,stand
34.77074888,0.9002198577,-9.710882187,0.6991068721,0.003728425596,-0.004793690052,0.004261057824,phone,user2,stand
34.79077423,0.8882488012,-9.727641106,0.6967126727,0.00266316114,-0.007989482954,0.003195793368,phone,user2,stand
34.81079376,0.8643068075,-9.710882187,0.7110779285,0.000532632228,-0.00532632228,0.004261057824,phone,user2,stand
34.83081724,0.8667010069,-9.706093788,0.7350199223,0.00266316114,-0.002130528912,0.00532632228,phone,user2,stand
34.85084333,0.8714894056,-9.706093788,0.7278373241,0.005858954508,-0.002130528912,0.007989482954,phone,user2,stand
34.87086931,0.8762778044,-9.713275909,0.7062895298,0.00532632228,-0.00266316114,0.007456851192,phone,user2,stand
34.89089958,0.8810662031,-9.718064308,0.7110779285,0.006924218964,-0.000532632228,0.007456851192,phone,user2,stand
34.9109245,0.8834604025,-9.730035782,0.7015010715,0.006391586736,0.000532632228,0.007456851192,phone,user2,stand
34.93094993,0.8882488012,-9.734824181,0.6943184733,0.004793690052,0.00266316114,0.007456851192,phone,user2,stand
34.95097521,0.8906430602,-9.722852707,0.7015010715,0.00266316114,0.004793690052,0.006924218964,phone,user2,stand
34.9710049,0.9074024558,-9.706093788,0.7182605267,0.003195793368,0.000532632228,0.006924218964,phone,user2,stand
34.99102411,0.9169792533,-9.715670586,0.7254431248,0.004261057824,-0.002130528912,0.006391586736,phone,user2,stand
35.01103919,0.9026140571,-9.715670586,0.7278373241,0.006924218964,-0.002130528912,0.005858954508,phone,user2,stand
35.0310595,0.8858546019,-9.706093788,0.7182605267,0.006924218964,0.001065264456,0.004793690052,phone,user2,stand
35.05107525,0.8834604025,-9.713275909,0.7302315235,0.006391586736,0.000532632228,0.004261057824,phone,user2,stand
35.0710831,0.8571242094,-9.713275909,0.7326257229,0.007456851192,-0.001597896684,0.004793690052,phone,user2,stand
35.09110111,0.8643068075,-9.727641106,0.7278373241,0.008522115648,-0.007989482954,0.005858954508,phone,user2,stand
35.1111188,0.8451532125,-9.722852707,0.7254431248,0.007989482954,-0.009054748341,0.007456851192,phone,user2,stand
35.13113466,0.8619126081,-9.718064308,0.7278373241,0.007456851192,-0.00266316114,0.007989482954,phone,user2,stand
35.15115075,0.85473001,-9.720458984,0.7541735172,0.007456851192,-0.001065264456,0.005858954508,phone,user2,stand
35.17116736,0.8499416113,-9.727641106,0.739808321,0.009054748341,0.0,0.003728425596,phone,user2,stand
35.19117864,0.8355764151,-9.725247383,0.7230489254,0.006924218964,-0.002130528912,0.003195793368,phone,user2,stand
35.21119724,0.85473001,-9.725247383,0.7086837292,0.004261057824,0.002130528912,0.004793690052,phone,user2,stand
35.2312104,0.8714894056,-9.744400978,0.7302315235,0.00266316114,0.005858954508,0.001597896684,phone,user2,stand
35.25122341,0.8786720037,-9.710882187,0.758961916,0.004261057824,0.003728425596,0.001065264456,phone,user2,stand
35.27123204,0.8523358107,-9.708487511,0.7493851185,0.003728425596,-0.000532632228,-0.001597896684,phone,user2,stand
35.29124528,0.8140285611,-9.722852707,0.7350199223,0.0,0.002130528912,0.000532632228,phone,user2,stand
35.31126747,0.806845963,-9.689333916,0.7517793179,0.001597896684,0.00532632228,0.004793690052,phone,user2,stand
35.33129079,0.8667010069,-9.706093788,0.7541735172,0.004793690052,0.009054748341,0.007456851192,phone,user2,stand
35.35132142,0.9097966552,-9.691728592,0.7374141216,0.005858954508,0.007989482954,0.006924218964,phone,user2,stand
35.37134341,0.921767652,-9.720458984,0.7445967197,0.006391586736,-0.000532632228,0.005858954508,phone,user2,stand
35.39135884,0.9193734527,-9.730035782,0.7613561153,0.007456851192,-0.007456851192,0.004793690052,phone,user2,stand
35.41136747,0.9074024558,-9.715670586,0.7661445141,0.007989482954,-0.006391586736,0.000532632228,phone,user2,stand
35.43139193,0.8762778044,-9.722852707,0.7493851185,0.006391586736,-0.004793690052,-0.002130528912,phone,user2,stand
35.45140689,0.8643068075,-9.737217903,0.739808321,0.003728425596,-0.001597896684,-0.002130528912,phone,user2,stand
35.47141868,0.8283938169,-9.708487511,0.739808321,0.00532632228,0.000532632228,0.000532632228,phone,user2,stand
35.49143021,0.8236053586,-9.706093788,0.7350199223,0.003728425596,-0.001597896684,0.004261057824,phone,user2,stand
35.51145298,0.8427590132,-9.722852707,0.7350199223,0.002130528912,0.000532632228,0.004793690052,phone,user2,stand
35.53147544,0.8667010069,-9.718064308,0.7685387731,0.002130528912,0.000532632228,0.004793690052,phone,user2,stand
35.55149876,0.8714894056,-9.725247383,0.7541735172,0.002130528912,0.001597896684,0.003195793368,phone,user2,stand
35.57151771,0.8643068075,-9.730035782,0.7661445141,0.00266316114,0.003195793368,0.003195793368,phone,user2,stand
35.59153654,0.8762778044,-9.722852707,0.7733271718,0.004793690052,0.001597896684,0.00266316114,phone,user2,stand
35.61156603,0.873883605,-9.703699112,0.7541735172,0.004261057824,0.00266316114,0.001597896684,phone,user2,stand
35.6315924,0.895431459,-9.722852707,0.7613561153,0.003728425596,0.004793690052,-0.000532632228,phone,user2,stand
35.65162189,0.895431459,-9.722852707,0.7350199223,0.002130528912,0.004261057824,-0.00266316114,phone,user2,stand
35.67164595,0.8714894056,-9.710882187,0.7613561153,0.0,0.003195793368,-0.000532632228,phone,user2,stand
35.69167294,0.873883605,-9.720458984,0.7541735172,0.002130528912,-0.00266316114,0.001065264456,phone,user2,stand
35.71169009,0.8834604025,-9.694122314,0.7565677166,0.001597896684,-0.003195793368,0.003728425596,phone,user2,stand
35.7317129,0.895431459,-9.708487511,0.7685387731,0.000532632228,-0.00532632228,0.003728425596,phone,user2,stand
35.75173454,0.8834604025,-9.710882187,0.806845963,0.003195793368,-0.01278317347,0.00266316114,phone,user2,stand
35.77176224,0.8834604025,-9.713275909,0.8044517636,0.005858954508,-0.01438106969,0.001065264456,phone,user2,stand
35.79178618,0.8595184088,-9.708487511,0.7757213712,0.00532632228,-0.01171790902,-0.000532632228,phone,user2,stand
35.8118097,0.8355764151,-9.713275909,0.7541735172,0.005858954508,-0.008522115648,0.000532632228,phone,user2,stand
35.83183786,0.8307880163,-9.708487511,0.7517793179,0.003195793368,-0.003728425596,0.000532632228,phone,user2,stand
35.85186368,0.8523358107,-9.730035782,0.7422025204,0.00266316114,-0.003728425596,0.000532632228,phone,user2,stand
35.87188943,0.8786720037,-9.744400978,0.7350199223,0.000532632228,-0.003728425596,-0.000532632228,phone,user2,stand
35.89191548,0.8690952063,-9.706093788,0.7469909191,-0.001065264456,-0.003728425596,-0.00266316114,phone,user2,stand
35.91195056,0.8667010069,-9.706093788,0.7565677166,-0.002130528912,-0.00532632228,-0.003195793368,phone,user2,stand
35.93198509,0.8858546019,-9.725247383,0.7852981687,-0.001065264456,-0.003728425596,-0.00266316114,phone,user2,stand
35.95201474,0.8786720037,-9.730035782,0.7829039693,0.001597896684,-0.00532632228,-0.005858954508,phone,user2,stand
35.97204528,0.8595184088,-9.722852707,0.7565677166,0.002130528912,-0.009054748341,-0.004261057824,phone,user2,stand
35.99206935,0.8020575643,-9.722852707,0.7517793179,0.001065264456,-0.008522115648,-0.004261057824,phone,user2,stand
36.01209032,0.7709329724,-9.701305389,0.7613561153,-0.002130528912,-0.000532632228,0.001065264456,phone,user2,stand
36.03211841,0.8307880163,-9.706093788,0.758961916,-0.001597896684,0.003728425596,0.003195793368,phone,user2,stand
36.05215138,0.8882488012,-9.713275909,0.7493851185,-0.001597896684,0.006924218964,0.00266316114,phone,user2,stand
36.07218419,0.895431459,-9.730035782,0.739808321,-0.003195793368,0.002130528912,0.00266316114,phone,user2,stand
36.09220743,0.9097966552,-9.734824181,0.7517793179,-0.003728425596,0.001597896684,0.001065264456,phone,user2,stand
36.11224029,0.8858546019,-9.725247383,0.7733271718,-0.003195793368,0.008522115648,-0.001065264456,phone,user2,stand
36.13226306,0.8810662031,-9.703699112,0.7517793179,-0.004793690052,0.01438106969,-0.001597896684,phone,user2,stand
36.15228798,0.9097966552,-9.708487511,0.7781155705,-0.004793690052,0.01438106969,-0.00266316114,phone,user2,stand
36.17232075,0.9193734527,-9.732429504,0.7709329724,-0.003195793368,0.004793690052,-0.000532632228,phone,user2,stand
36.19234732,0.9337386489,-9.703699112,0.7302315235,0.001597896684,-0.001065264456,-0.000532632228,phone,user2,stand
36.21237029,0.9145850539,-9.710882187,0.7278373241,-0.001065264456,-0.006391586736,-0.00266316114,phone,user2,stand
36.2323906,0.8667010069,-9.715670586,0.7685387731,-0.002130528912,-0.003195793368,-0.003728425596,phone,user2,stand
36.25241216,0.8475474119,-9.718064308,0.7661445141,-0.00266316114,-0.004261057824,-0.003195793368,phone,user2,stand
36.27244185,0.8595184088,-9.722852707,0.7422025204,-0.001597896684,-0.000532632228,-0.001597896684,phone,user2,stand
36.29246693,0.8930372596,-9.713275909,0.7326257229,-0.004261057824,0.00266316114,-0.002130528912,phone,user2,stand
36.31248794,0.895431459,-9.710882187,0.7350199223,-0.004793690052,0.004793690052,-0.002130528912,phone,user2,stand
36.33251357,0.8834604025,-9.713275909,0.7709329724,-0.003195793368,0.004261057824,-0.001597896684,phone,user2,stand
36.35253622,0.8786720037,-9.710882187,0.7829039693,-0.001597896684,0.001065264456,-0.002130528912,phone,user2,stand
36.37256341,0.8762778044,-9.725247383,0.7637503147,-0.002130528912,-0.002130528912,-0.001597896684,phone,user2,stand
36.39259708,0.8810662031,-9.713275909,0.739808321,-0.004261057824,-0.002130528912,0.000532632228,phone,user2,stand
36.41261778,0.9097966552,-9.710882187,0.739808321,-0.004261057824,-0.002130528912,0.00266316114,phone,user2,stand
36.43264392,0.9289502501,-9.710882187,0.7493851185,-0.004793690052,0.0,0.002130528912,phone,user2,stand
36.45267091,0.9193734527,-9.710882187,0.7685387731,-0.003195793368,0.000532632228,-0.001065264456,phone,user2,stand
36.47269661,0.9097966552,-9.732429504,0.7493851185,-0.002130528912,-0.003195793368,-0.002130528912,phone,user2,stand
36.4927224,0.8667010069,-9.698910713,0.7278373241,-0.001065264456,-0.007456851192,-0.003195793368,phone,user2,stand
36.51275294,0.8834604025,-9.732429504,0.7230489254,-0.004793690052,-0.003728425596,-0.002130528912,phone,user2,stand
36.53278255,0.9074024558,-9.710882187,0.739808321,-0.006391586736,-0.001065264456,-0.001597896684,phone,user2,stand
36.55281556,0.9097966552,-9.701305389,0.7709329724,-0.005858954508,0.0,-0.003195793368,phone,user2,stand
36.57284443,0.9074024558,-9.718064308,0.7565677166,-0.00266316114,-0.004261057824,-0.004793690052,phone,user2,stand
36.59286411,0.8643068075,-9.710882187,0.7254431248,-0.001065264456,-0.006391586736,-0.006391586736,phone,user2,stand
36.61289212,0.8786720037,-9.715670586,0.7086837292,-0.00266316114,-0.00532632228,-0.004793690052,phone,user2,stand
36.63292536,0.8930372596,-9.732429504,0.7254431248,-0.00532632228,-0.003195793368,-0.00532632228,phone,user2,stand
36.65295216,0.8906430602,-9.727641106,0.739808321,-0.007456851192,-0.001065264456,-0.006391586736,phone,user2,stand
36.67297474,0.8690952063,-9.718064308,0.7374141216,-0.009054748341,-0.004261057824,-0.007456851192,phone,user2,stand
36.69300013,0.8283938169,-9.722852707,0.7350199223,-0.01012001187,-0.002130528912,-0.004261057824,phone,user2,stand
36.71302482,0.825999558,-9.698910713,0.7661445141,-0.009054748341,0.002130528912,0.0,phone,user2,stand
36.73304954,0.8786720037,-9.696516991,0.7685387731,-0.004793690052,0.006391586736,0.004261057824,phone,user2,stand
36.75307306,0.9337386489,-9.718064308,0.7422025204,-0.003195793368,0.004793690052,0.00532632228,phone,user2,stand
36.7730938,0.9504981041,-9.725247383,0.7134721279,-0.003728425596,0.003195793368,0.000532632228,phone,user2,stand
36.79312743,0.9289502501,-9.720458984,0.7134721279,-0.006391586736,0.005858954508,-0.002130528912,phone,user2,stand
36.81316107,0.9241618514,-9.732429504,0.7254431248,-0.007989482954,0.01278317347,-0.006924218964,phone,user2,stand
36.83319548,0.9337386489,-9.703699112,0.7278373241,-0.007989482954,0.01278317347,-0.005858954508,phone,user2,stand
36.85323673,0.9528923035,-9.713275909,0.7062895298,-0.008522115648,0.006391586736,-0.004793690052,phone,user2,stand
36.87327907,0.9720458984,-9.701305389,0.7134721279,-0.007456851192,0.001065264456,-0.003728425596,phone,user2,stand
36.89331888,0.9744400978,-9.708487511,0.6991068721,-0.006391586736,-0.01118527725,-0.001597896684,phone,user2,stand
36.91335181,0.9457096457,-9.722852707,0.6967126727,-0.003728425596,-0.01544633508,-0.002130528912,phone,user2,stand
36.93338751,0.9241618514,-9.696516991,0.7254431248,-0.003195793368,-0.01384843793,-0.00266316114,phone,user2,stand
36.95342786,0.9026140571,-9.722852707,0.720654726,-0.001065264456,-0.01278317347,-0.003195793368,phone,user2,stand
36.97346935,0.8786720037,-9.720458984,0.720654726,0.000532632228,-0.01597896591,-0.00266316114,phone,user2,stand
36.99350568,0.8714894056,-9.710882187,0.720654726,-0.001065264456,-0.01597896591,0.00266316114,phone,user2,stand
37.0135379,0.8882488012,-9.706093788,0.739808321,0.001597896684,-0.01118527725,0.002130528912,phone,user2,stand
37.03356114,0.8858546019,-9.696516991,0.720654726,0.00266316114,-0.00266316114,0.000532632228,phone,user2,stand
37.05358935,0.8858546019,-9.718064308,0.6991068721,0.002130528912,0.003195793368,-0.001597896684,phone,user2,stand
37.07361267,0.9097966552,-9.737217903,0.6967126727,0.001597896684,0.007456851192,-0.001065264456,phone,user2,stand
37.09363915,0.9433154464,-9.720458984,0.6943184733,0.0,0.004793690052,-0.001065264456,phone,user2,stand
37.11367107,0.9313444495,-9.710882187,0.6967126727,-0.001065264456,0.004793690052,-0.001597896684,phone,user2,stand
37.13370681,0.9361328483,-9.718064308,0.7158663273,-0.003195793368,0.0,-0.001065264456,phone,user2,stand
37.15372763,0.9193734527,-9.710882187,0.7445967197,-0.000532632228,-0.004793690052,0.001065264456,phone,user2,stand
37.17374591,0.9145850539,-9.696516991,0.7541735172,0.003728425596,-0.004793690052,0.003195793368,phone,user2,stand
37.19377286,0.940921247,-9.689333916,0.7326257229,0.00532632228,-0.006924218964,0.00266316114,phone,user2,stand
37.21380704,0.9433154464,-9.710882187,0.720654726,0.00532632228,-0.009054748341,0.000532632228,phone,user2,stand
37.23385095,0.9074024558,-9.725247383,0.7015010715,0.004793690052,-0.009587380104,0.0,phone,user2,stand
37.25389052,0.8978256583,-9.742006302,0.7086837292,0.003728425596,-0.006924218964,-0.001597896684,phone,user2,stand
37.27392478,0.895431459,-9.718064308,0.720654726,0.000532632228,-0.004261057824,-0.001597896684,phone,user2,stand
37.2939588,0.8930372596,-9.701305389,0.7422025204,-0.002130528912,0.000532632228,-0.000532632228,phone,user2,stand
37.31398607,0.9002198577,-9.725247383,0.7493851185,0.001065264456,-0.000532632228,-0.001065264456,phone,user2,stand
37.33401771,0.9241618514,-9.715670586,0.7469909191,0.003195793368,-0.002130528912,-0.002130528912,phone,user2,stand
37.35405931,0.895431459,-9.725247383,0.7182605267,0.002130528912,0.000532632228,-0.00532632228,phone,user2,stand
37.37409419,0.8714894056,-9.725247383,0.7015010715,-0.003195793368,0.003728425596,-0.007456851192,phone,user2,stand
37.39412521,0.8283938169,-9.715670586,0.7134721279,-0.007989482954,0.0170442313,-0.001597896684,phone,user2,stand
37.41416118,0.8451532125,-9.677363396,0.7541735172,-0.007989482954,0.02024002373,0.003195793368,phone,user2,stand
37.43420974,0.9433154464,-9.701305389,0.758961916,-0.00266316114,0.0170442313,0.004793690052,phone,user2,stand
37.45426111,0.9983820915,-9.701305389,0.739808321,-0.001065264456,0.01065264456,0.00266316114,phone,user2,stand
37.47431314,0.8571242094,-9.667786598,0.7445967197,-0.001065264456,0.003195793368,-0.003728425596,phone,user2,stand
37.49436111,1.201889277,-9.799467087,0.7326257229,0.002130528912,0.001065264456,0.01012001187,phone,user2,stand
37.51440212,0.6967126727,-9.674968719,0.6967126727,0.001065264456,0.006924218964,-0.01225054078,phone,user2,stand
37.53444251,1.118092179,-9.737217903,0.691924274,-0.002130528912,0.003728425596,0.006391586736,phone,user2,stand
37.55448466,0.9313444495,-9.725247383,0.6799532771,-0.004793690052,0.0,-0.00532632228,phone,user2,stand
37.57453751,0.8619126081,-9.646238327,0.7422025204,-0.006391586736,-0.00532632228,-0.006924218964,phone,user2,stand
37.59459243,1.194706678,-9.789890289,0.7158663273,-0.00266316114,-0.01597896591,0.007989482954,phone,user2,stand
37.61463833,0.5458779931,-9.610325813,0.7493851185,0.000532632228,-0.01065264456,-0.0165115986,phone,user2,stand
37.63467857,1.345541358,-9.818621635,0.7062895298,0.000532632228,-0.008522115648,0.02024002373,phone,user2,stand
37.65471388,0.4309563041,-9.595960617,0.7182605267,0.001065264456,-0.002130528912,-0.0197073929,phone,user2,stand
37.6747472,1.355118155,-9.813833237,0.7134721279,0.001065264456,-0.003728425596,0.02290318534,phone,user2,stand
37.69478099,0.5458779931,-9.643844604,0.7182605267,0.002130528912,-0.008522115648,-0.01118527725,phone,user2,stand
37.71481329,1.161187768,-9.763554573,0.7230489254,0.003195793368,-0.007456851192,0.01757686399,phone,user2,stand
37.7348456,0.85473001,-9.701305389,0.6967126727,0.00266316114,0.001065264456,-0.001065264456,phone,user2,stand
37.75487685,0.8595184088,-9.684545517,0.7158663273,0.00266316114,0.007456851192,-0.001065264456,phone,user2,stand
37.77490447,1.00317049,-9.749189377,0.6967126727,0.001065264456,0.007456851192,0.00532632228,phone,user2,stand
37.79493243,0.9193734527,-9.706093788,0.691924274,-0.001597896684,0.009054748341,0.000532632228,phone,user2,stand
37.81496536,0.9648633003,-9.710882187,0.7062895298,-0.002130528912,0.009587380104,0.002130528912,phone,user2,stand
37.83500607,0.9552865028,-9.706093788,0.7350199223,-0.000532632228,0.009587380104,0.00266316114,phone,user2,stand
37.85504161,0.9433154464,-9.698910713,0.7517793179,0.001065264456,0.006391586736,0.003195793368,phone,user2,stand
37.87508048,0.9289502501,-9.715670586,0.7469909191,0.004261057824,-0.000532632228,0.004261057824,phone,user2,stand
37.8951229,0.9552865028,-9.722852707,0.720654726,0.006924218964,-0.004261057824,0.00532632228,phone,user2,stand
37.91516447,0.9696516991,-9.722852707,0.6943184733,0.004793690052,-0.003195793368,0.003195793368,phone,user2,stand
37.93520673,0.9361328483,-9.718064308,0.7230489254,-0.000532632228,0.002130528912,0.001597896684,phone,user2,stand
37.95525294,0.9002198577,-9.698910713,0.7469909191,-0.001065264456,0.000532632228,0.00266316114,phone,user2,stand
37.97528786,1.019929886,-9.734824181,0.758961916,0.002130528912,-0.003195793368,0.006391586736,phone,user2,stand
37.99531407,0.6943184733,-9.665391922,0.7326257229,0.003728425596,-0.000532632228,-0.003195793368,phone,user2,stand
38.01535228,1.237802267,-9.792284966,0.7134721279,0.003728425596,-0.00266316114,0.01384843793,phone,user2,stand
38.03539204,0.6631938815,-9.672574997,0.7110779285,-0.001065264456,-0.002130528912,-0.01810949668,phone,user2,stand
38.05543017,1.012747288,-9.742006302,0.7302315235,-0.003728425596,0.001065264456,0.02130528912,phone,user2,stand
38.07546939,0.8834604025,-9.715670586,0.7350199223,-0.00266316114,0.01012001187,-0.01278317347,phone,user2,stand
38.09550599,0.7972691655,-9.651026726,0.7685387731,0.000532632228,0.00532632228,0.02130528912,phone,user2,stand
38.11554825,1.268926859,-9.775525093,0.7254431248,0.003728425596,0.001065264456,-0.003195793368,phone,user2,stand
38.13559087,0.586579442,-9.588777542,0.7422025204,0.007456851192,-0.006924218964,0.007456851192,phone,user2,stand
38.15562294,1.434126854,-9.840168953,0.6703764796,0.006924218964,-0.008522115648,0.007989482954,phone,user2,stand
38.17565806,0.4764461517,-9.627084732,0.691924274,0.004261057824,-0.002130528912,-0.01065264456,phone,user2,stand
38.19568572,1.343147159,-9.825803757,0.6943184733,0.001597896684,-0.003728425596,0.01810949668,phone,user2,stand
38.21571306,0.5315127969,-9.653421402,0.7134721279,0.00266316114,-0.005858954508,-0.01544633508,phone,user2,stand
38.23574626,1.094150186,-9.727641106,0.7230489254,0.003195793368,-0.01225054078,0.02929477207,phone,user2,stand
38.25578318,0.8571242094,-9.727641106,0.691924274,0.002130528912,-0.01225054078,-0.01384843793,phone,user2,stand
38.27581911,0.8571242094,-9.710882187,0.7469909191,0.001065264456,-0.00532632228,0.004793690052,phone,user2,stand
38.29584822,0.8690952063,-9.725247383,0.7805097699,0.003195793368,0.0,0.003728425596,phone,user2,stand
38.31587544,0.8667010069,-9.703699112,0.7709329724,0.002130528912,0.000532632228,0.003728425596,phone,user2,stand
38.33591154,0.873883605,-9.732429504,0.7326257229,0.002130528912,0.006391586736,0.003728425596,phone,user2,stand
38.35594064,0.9026140571,-9.713275909,0.7158663273,0.000532632228,0.01225054078,0.004261057824,phone,user2,stand
38.37597443,0.8882488012,-9.706093788,0.7350199223,0.000532632228,0.01491370238,0.004261057824,phone,user2,stand
38.39601204,0.9145850539,-9.708487511,0.7469909191,-0.002130528912,0.01917476021,0.002130528912,phone,user2,stand
38.41604946,0.9050082564,-9.732429504,0.7469909191,-0.001597896684,0.01544633508,0.002130528912,phone,user2,stand
38.43608607,0.9121908545,-9.715670586,0.720654726,-0.003195793368,0.01118527725,0.00266316114,phone,user2,stand
38.45612755,0.9289502501,-9.691728592,0.7110779285,-0.00532632228,0.01331580617,0.004793690052,phone,user2,stand
38.47617259,0.9648633003,-9.694122314,0.7422025204,-0.006391586736,0.01438106969,0.004793690052,phone,user2,stand
38.49620564,0.9792284966,-9.691728592,0.7924807668,-0.003728425596,0.01331580617,0.004793690052,phone,user2,stand
38.51623298,0.9457096457,-9.696516991,0.7948749661,0.002130528912,0.007989482954,0.004793690052,phone,user2,stand
38.53626572,0.9481038451,-9.706093788,0.758961916,0.007989482954,-0.003195793368,0.004793690052,phone,user2,stand
38.55629689,0.9672574997,-9.751583099,0.691924274,0.008522115648,-0.008522115648,0.003728425596,phone,user2,stand
38.57632958,0.9552865028,-9.744400978,0.6703764796,0.002130528912,-0.006924218964,0.002130528912,phone,user2,stand
38.59636747,0.9289502501,-9.686940193,0.7062895298,-0.003195793368,-0.004261057824,0.001597896684,phone,user2,stand
38.61641189,0.895431459,-9.713275909,0.7254431248,-0.00266316114,-0.005858954508,0.002130528912,phone,user2,stand
38.63644712,0.8858546019,-9.727641106,0.7350199223,-0.001065264456,-0.000532632228,0.0,phone,user2,stand
38.65648185,0.8667010069,-9.708487511,0.7278373241,0.0,-0.001597896684,0.001597896684,phone,user2,stand
38.67650997,0.85473001,-9.706093788,0.720654726,0.0,-0.002130528912,0.004261057824,phone,user2,stand
38.69653693,0.8571242094,-9.706093788,0.7541735172,0.0,0.004793690052,0.006924218964,phone,user2,stand
38.71656982,0.8690952063,-9.698910713,0.739808321,0.002130528912,0.006391586736,0.009054748341,phone,user2,stand
38.73660427,0.9145850539,-9.710882187,0.7110779285,0.003728425596,0.007456851192,0.009054748341,phone,user2,stand
38.75663486,0.9457096457,-9.732429504,0.7110779285,0.000532632228,0.007456851192,0.007989482954,phone,user2,stand
38.77666021,0.9337386489,-9.720458984,0.7326257229,0.001065264456,0.00532632228,0.007456851192,phone,user2,stand
38.79669083,0.9672574997,-9.710882187,0.7278373241,0.0,0.006391586736,0.003195793368,phone,user2,stand
38.81672462,0.940921247,-9.730035782,0.7326257229,-0.001065264456,0.008522115648,-0.000532632228,phone,user2,stand
38.8367472,0.9385270476,-9.710882187,0.7350199223,-0.002130528912,0.006391586736,-0.001597896684,phone,user2,stand
38.85676794,0.9313444495,-9.698910713,0.7469909191,-0.000532632228,0.002130528912,-0.001065264456,phone,user2,stand
38.87678747,0.9121908545,-9.701305389,0.7613561153,0.002130528912,-0.003728425596,0.000532632228,phone,user2,stand
38.89681322,0.9002198577,-9.725247383,0.7374141216,0.001597896684,-0.01225054078,0.003195793368,phone,user2,stand
38.91684099,0.8667010069,-9.694122314,0.7517793179,0.003195793368,-0.01331580617,0.004261057824,phone,user2,stand
38.93687255,0.8451532125,-9.701305389,0.7685387731,0.004261057824,-0.01278317347,0.00532632228,phone,user2,stand
38.9568981,0.8523358107,-9.706093788,0.7422025204,0.008522115648,-0.01225054078,0.008522115648,phone,user2,stand
38.97691943,0.873883605,-9.725247383,0.7278373241,0.006391586736,-0.01065264456,0.009054748341,phone,user2,stand
38.99695029,0.8762778044,-9.720458984,0.7110779285,0.00532632228,-0.006924218964,0.007989482954,phone,user2,stand
39.0169788,0.8595184088,-9.734824181,0.6991068721,0.002130528912,0.00266316114,0.005858954508,phone,user2,stand
39.03700482,0.8595184088,-9.734824181,0.7182605267,0.000532632228,0.005858954508,0.005858954508,phone,user2,stand
39.05701482,0.8930372596,-9.725247383,0.7158663273,0.001597896684,0.002130528912,0.006924218964,phone,user2,stand
39.07703282,0.940921247,-9.730035782,0.7015010715,0.001065264456,0.001597896684,0.006924218964,phone,user2,stand
39.09705919,0.9265560508,-9.715670586,0.7182605267,-0.00266316114,0.00532632228,0.004793690052,phone,user2,stand
39.11709091,0.9026140571,-9.715670586,0.739808321,-0.002130528912,0.005858954508,0.003728425596,phone,user2,stand
39.13712337,0.9074024558,-9.703699112,0.7493851185,0.001065264456,0.007456851192,0.003195793368,phone,user2,stand
39.15715267,0.8978256583,-9.708487511,0.7517793179,0.00532632228,0.00532632228,0.004261057824,phone,user2,stand
39.17718509,0.9097966552,-9.718064308,0.739808321,0.00532632228,0.00266316114,0.003195793368,phone,user2,stand
39.19721337,0.9074024558,-9.727641106,0.7230489254,0.00532632228,-0.000532632228,0.004261057824,phone,user2,stand
39.2172381,0.8834604025,-9.701305389,0.7230489254,0.003195793368,0.0,0.004793690052,phone,user2,stand
39.23726446,0.895431459,-9.715670586,0.7350199223,0.003195793368,-0.000532632228,0.00532632228,phone,user2,stand
39.25729462,0.8858546019,-9.734824181,0.7374141216,0.00266316114,0.003195793368,0.004261057824,phone,user2,stand
39.27732267,0.895431459,-9.732429504,0.7661445141,0.003728425596,0.00266316114,0.004261057824,phone,user2,stand
39.29735404,0.8762778044,-9.713275909,0.7469909191,0.004261057824,-0.00266316114,0.003195793368,phone,user2,stand
39.31737544,0.8379706144,-9.722852707,0.7326257229,0.001597896684,0.000532632228,0.00532632228,phone,user2,stand
39.33740243,0.8355764151,-9.703699112,0.7350199223,0.000532632228,0.007989482954,0.007989482954,phone,user2,stand
39.35742583,0.8714894056,-9.701305389,0.7661445141,0.004261057824,0.01171790902,0.009587380104,phone,user2,stand
39.37744333,0.9289502501,-9.713275909,0.739808321,0.003728425596,0.01065264456,0.009054748341,phone,user2,stand
39.39746849,0.9385270476,-9.718064308,0.7326257229,0.00266316114,0.01065264456,0.006391586736,phone,user2,stand
39.41748517,0.9337386489,-9.710882187,0.7445967197,0.003728425596,0.006391586736,0.00532632228,phone,user2,stand
39.43750251,0.9265560508,-9.730035782,0.739808321,0.003195793368,0.004793690052,0.003728425596,phone,user2,stand
39.45752532,0.9121908545,-9.706093788,0.7541735172,0.00266316114,0.007989482954,0.002130528912,phone,user2,stand
39.477544,0.895431459,-9.725247383,0.7709329724,0.000532632228,0.007989482954,0.003195793368,phone,user2,stand
39.49756107,0.8882488012,-9.694122314,0.7829039693,0.004261057824,0.00266316114,0.003728425596,phone,user2,stand
39.51757657,0.9074024558,-9.701305389,0.7637503147,0.005858954508,-0.004261057824,0.00532632228,phone,user2,stand
39.53759318,0.8810662031,-9.708487511,0.7493851185,0.003195793368,-0.006924218964,0.006391586736,phone,user2,stand
39.55761411,0.8499416113,-9.698910713,0.7829039693,0.003728425596,-0.004793690052,0.004793690052,phone,user2,stand
39.57763095,0.8451532125,-9.713275909,0.7709329724,0.006391586736,-0.003195793368,0.008522115648,phone,user2,stand
39.59764693,0.8786720037,-9.718064308,0.7445967197,0.007456851192,-0.004261057824,0.009054748341,phone,user2,stand
39.61766712,0.895431459,-9.720458984,0.739808321,0.006391586736,-0.004261057824,0.009587380104,phone,user2,stand
39.63768568,0.9026140571,-9.720458984,0.758961916,0.00266316114,-0.002130528912,0.007456851192,phone,user2,stand
39.65771404,0.8762778044,-9.725247383,0.7709329724,0.002130528912,-0.000532632228,0.004261057824,phone,user2,stand
39.67774177,0.8690952063,-9.737217903,0.7613561153,0.002130528912,0.002130528912,0.003195793368,phone,user2,stand
39.69777232,0.8690952063,-9.727641106,0.7469909191,0.001065264456,0.004793690052,0.004261057824,phone,user2,stand
39.71780064,0.8762778044,-9.689333916,0.7685387731,0.0,0.009054748341,0.005858954508,phone,user2,stand
39.73782904,0.8858546019,-9.715670586,0.787692368,-0.000532632228,0.009054748341,0.004261057824,phone,user2,stand
39.75785493,0.8786720037,-9.698910713,0.7829039693,0.000532632228,0.007456851192,0.003728425596,phone,user2,stand
39.7778815,0.8930372596,-9.701305389,0.7948749661,0.00266316114,0.004793690052,0.00532632228,phone,user2,stand
39.79790982,0.9169792533,-9.696516991,0.7805097699,0.006924218964,0.001065264456,0.006924218964,phone,user2,stand
39.81793763,0.9241618514,-9.725247383,0.7565677166,0.006391586736,-0.002130528912,0.004793690052,phone,user2,stand
39.83795802,0.8786720037,-9.710882187,0.7541735172,0.004793690052,-0.003195793368,0.003195793368,phone,user2,stand
39.85798216,0.8762778044,-9.713275909,0.7661445141,0.005858954508,-0.006391586736,0.004261057824,phone,user2,stand
39.87800224,0.8882488012,-9.737217903,0.739808321,0.007989482954,-0.007989482954,0.003195793368,phone,user2,stand
39.89803778,0.8714894056,-9.744400978,0.7326257229,0.006391586736,-0.004261057824,0.0,phone,user2,stand
39.9180599,0.8164227605,-9.710882187,0.7230489254,0.001597896684,-0.004793690052,-0.001597896684,phone,user2,stand
39.93808872,0.7781155705,-9.722852707,0.7493851185,-0.00266316114,-0.001065264456,0.0,phone,user2,stand
39.95811025,0.7805097699,-9.701305389,0.7829039693,-0.003728425596,0.007456851192,0.003728425596,phone,user2,stand
39.97813185,0.8164227605,-9.686940193,0.7924807668,0.001597896684,0.01012001187,0.00532632228,phone,user2,stand
39.99815474,0.8523358107,-9.720458984,0.7445967197,0.004261057824,0.009587380104,0.005858954508,phone,user2,stand
40.0181879,0.8882488012,-9.725247383,0.7613561153,0.0,0.009054748341,0.005858954508,phone,user2,stand
40.03822673,0.8834604025,-9.737217903,0.7613561153,0.000532632228,0.007989482954,0.004261057824,phone,user2,stand
40.05825935,0.8810662031,-9.715670586,0.787692368,0.000532632228,0.01331580617,0.001065264456,phone,user2,stand
40.07829443,0.8906430602,-9.722852707,0.7685387731,-0.001065264456,0.01278317347,-0.002130528912,phone,user2,stand
40.09831841,0.8906430602,-9.725247383,0.7493851185,-0.002130528912,0.009587380104,-0.003195793368,phone,user2,stand
40.11834259,0.9121908545,-9.701305389,0.7637503147,-0.001597896684,0.006924218964,-0.001065264456,phone,user2,stand
40.1383615,0.921767652,-9.708487511,0.7733271718,0.0,-0.001597896684,-0.001597896684,phone,user2,stand
40.15837615,0.8882488012,-9.689333916,0.7805097699,0.0,-0.001597896684,-0.00266316114,phone,user2,stand
40.17839786,0.85473001,-9.706093788,0.7781155705,0.002130528912,-0.007989482954,-0.002130528912,phone,user2,stand
40.19841806,0.8188169599,-9.725247383,0.7733271718,0.003728425596,-0.007456851192,0.0,phone,user2,stand
40.21844259,0.8379706144,-9.720458984,0.7709329724,0.003728425596,-0.01331580617,0.003728425596,phone,user2,stand
40.23847216,0.8523358107,-9.722852707,0.7493851185,0.003728425596,-0.01438106969,0.004261057824,phone,user2,stand
40.25850142,0.8212111592,-9.715670586,0.7541735172,0.000532632228,-0.003195793368,0.00532632228,phone,user2,stand
40.27852337,0.8188169599,-9.718064308,0.7661445141,0.001065264456,0.002130528912,0.006391586736,phone,user2,stand
40.29855267,0.8451532125,-9.727641106,0.7517793179,0.0,0.007456851192,0.007456851192,phone,user2,stand
40.31859298,0.9026140571,-9.732429504,0.7661445141,0.000532632228,0.007989482954,0.005858954508,phone,user2,stand
40.33863263,0.9313444495,-9.706093788,0.7685387731,-0.001597896684,0.003195793368,0.004793690052,phone,user2,stand
40.35865837,0.9504981041,-9.720458984,0.7613561153,-0.000532632228,0.002130528912,0.00266316114,phone,user2,stand
40.3786838,0.940921247,-9.718064308,0.7637503147,0.0,0.001065264456,0.0,phone,user2,stand
40.39871298,0.9457096457,-9.713275909,0.7733271718,0.00266316114,-0.001065264456,-0.000532632228,phone,user2,stand
40.41873529,0.9265560508,-9.715670586,0.7757213712,0.003728425596,-0.007989482954,-0.00266316114,phone,user2,stand
40.43876782,0.9002198577,-9.722852707,0.7757213712,0.00532632228,-0.01438106969,-0.00266316114,phone,user2,stand
40.45880079,0.8762778044,-9.715670586,0.7565677166,0.006391586736,-0.01491370238,-0.001597896684,phone,user2,stand
40.47883544,0.8595184088,-9.715670586,0.7637503147,0.004261057824,-0.01491370238,0.0,phone,user2,stand
40.49886603,0.8667010069,-9.753977776,0.7829039693,0.004261057824,-0.01544633508,0.001065264456,phone,user2,stand
40.51889833,0.8643068075,-9.715670586,0.7924807668,0.003195793368,-0.01544633508,-0.001597896684,phone,user2,stand
40.53892196,0.8283938169,-9.725247383,0.7829039693,0.000532632228,-0.0170442313,-0.003195793368,phone,user2,stand
40.55895243,0.7757213712,-9.694122314,0.7948749661,-0.001065264456,-0.009587380104,-0.003195793368,phone,user2,stand
40.57898474,0.7829039693,-9.703699112,0.7948749661,-0.000532632228,-0.000532632228,-0.001597896684,phone,user2,stand
40.59900993,0.8212111592,-9.722852707,0.7805097699,0.001065264456,0.00532632228,0.002130528912,phone,user2,stand
40.61903708,0.8403648138,-9.727641106,0.7685387731,0.000532632228,0.006391586736,0.00266316114,phone,user2,stand
40.63907572,0.8427590132,-9.730035782,0.7661445141,-0.001597896684,0.004793690052,0.00266316114,phone,user2,stand
40.65911064,0.8451532125,-9.730035782,0.7613561153,-0.003195793368,0.007989482954,0.002130528912,phone,user2,stand
40.67913927,0.8427590132,-9.718064308,0.7637503147,-0.00532632228,0.01384843793,0.001065264456,phone,user2,stand
40.6991706,0.873883605,-9.725247383,0.7661445141,-0.006924218964,0.0165115986,0.001065264456,phone,user2,stand
40.71920204,0.9169792533,-9.708487511,0.7709329724,-0.00532632228,0.01597896591,0.00266316114,phone,user2,stand
40.73922247,0.9265560508,-9.715670586,0.7565677166,-0.004793690052,0.01278317347,0.001065264456,phone,user2,stand
40.7592463,0.8858546019,-9.713275909,0.7541735172,-0.006391586736,0.0170442313,0.000532632228,phone,user2,stand
40.77927032,0.873883605,-9.713275909,0.7781155705,-0.005858954508,0.01864212751,0.001597896684,phone,user2,stand
40.79929829,0.8906430602,-9.718064308,0.7757213712,-0.004793690052,0.0165115986,0.002130528912,phone,user2,stand
40.81932263,0.9289502501,-9.710882187,0.7541735172,-0.005858954508,0.01597896591,0.003728425596,phone,user2,stand
40.83935154,0.9504981041,-9.706093788,0.7733271718,-0.006924218964,0.009587380104,0.00266316114,phone,user2,stand
40.85937782,0.9313444495,-9.694122314,0.8020575643,-0.00266316114,0.00532632228,0.001597896684,phone,user2,stand
40.87940865,0.9145850539,-9.703699112,0.7924807668,0.0,0.006391586736,0.002130528912,phone,user2,stand
40.89944029,0.8978256583,-9.732429504,0.7661445141,0.000532632228,0.004793690052,0.002130528912,phone,user2,stand
40.91947177,0.9145850539,-9.715670586,0.7541735172,-0.000532632228,0.005858954508,0.001065264456,phone,user2,stand
40.93949935,0.9097966552,-9.722852707,0.7757213712,-0.002130528912,0.00532632228,0.000532632228,phone,user2,stand
40.95952497,0.9097966552,-9.720458984,0.758961916,-0.000532632228,0.002130528912,0.001065264456,phone,user2,stand
40.97954353,0.9050082564,-9.708487511,0.7565677166,0.001597896684,-0.001597896684,0.001597896684,phone,user2,stand
40.99956364,0.873883605,-9.706093788,0.7493851185,-0.001597896684,0.000532632228,0.001597896684,phone,user2,stand
41.01958997,0.8762778044,-9.722852707,0.7781155705,-0.001065264456,-0.001065264456,0.001597896684,phone,user2,stand
41.03962216,0.8643068075,-9.715670586,0.7948749661,0.001597896684,-0.004793690052,0.001597896684,phone,user2,stand
41.05965782,0.8762778044,-9.691728592,0.7565677166,0.002130528912,-0.006391586736,0.001597896684,phone,user2,stand
41.07968927,0.8762778044,-9.713275909,0.7565677166,0.001597896684,-0.00266316114,0.000532632228,phone,user2,stand
41.0997131,0.8379706144,-9.744400978,0.7469909191,0.000532632228,0.001065264456,0.001597896684,phone,user2,stand
41.11974361,0.8140285611,-9.737217903,0.7613561153,-0.002130528912,0.001065264456,0.001065264456,phone,user2,stand
41.13976583,0.8164227605,-9.708487511,0.7541735172,-0.003195793368,-0.00266316114,0.004793690052,phone,user2,stand
41.1597874,0.8140285611,-9.701305389,0.7709329724,-0.006391586736,0.002130528912,0.008522115648,phone,user2,stand
41.17980486,0.8355764151,-9.689333916,0.806845963,-0.00532632228,0.009587380104,0.01065264456,phone,user2,stand
41.19982271,0.9002198577,-9.684545517,0.7924807668,-0.000532632228,0.01225054078,0.01171790902,phone,user2,stand
41.21984099,0.9433154464,-9.706093788,0.7637503147,0.002130528912,0.00532632228,0.01118527725,phone,user2,stand
41.23985833,0.9576807022,-9.732429504,0.7445967197,0.003195793368,-0.001597896684,0.008522115648,phone,user2,stand
41.25988181,0.9361328483,-9.732429504,0.739808321,0.002130528912,-0.001065264456,0.003728425596,phone,user2,stand
41.27990048,0.9074024558,-9.720458984,0.7493851185,0.0,0.004793690052,-0.000532632228,phone,user2,stand
41.29992228,0.8762778044,-9.713275909,0.7517793179,-0.00266316114,0.006391586736,-0.002130528912,phone,user2,stand
41.31994915,0.8786720037,-9.718064308,0.7422025204,-0.000532632228,0.006924218964,0.000532632228,phone,user2,stand
41.33997853,0.9169792533,-9.686940193,0.7326257229,0.001065264456,-0.001065264456,0.003195793368,phone,user2,stand
41.36000474,0.9026140571,-9.710882187,0.7661445141,0.001597896684,-0.005858954508,0.002130528912,phone,user2,stand
41.38002493,0.85473001,-9.713275909,0.8044517636,0.003728425596,-0.007456851192,0.002130528912,phone,user2,stand
41.40005154,0.8283938169,-9.732429504,0.7852981687,0.006924218964,-0.01225054078,0.001597896684,phone,user2,stand
41.4200713,0.8379706144,-9.720458984,0.7493851185,0.006924218964,-0.01065264456,0.004261057824,phone,user2,stand
41.44008743,0.8595184088,-9.715670586,0.7350199223,0.00532632228,-0.009054748341,0.004261057824,phone,user2,stand
41.46011357,0.8403648138,-9.718064308,0.7517793179,0.003195793368,-0.006391586736,0.004793690052,phone,user2,stand
41.48013634,0.8188169599,-9.725247383,0.7685387731,0.003195793368,-0.00532632228,0.00266316114,phone,user2,stand
41.50015786,0.8307880163,-9.734824181,0.7709329724,0.006924218964,-0.009054748341,0.004261057824,phone,user2,stand
41.52018154,0.8690952063,-9.734824181,0.7422025204,0.00532632228,-0.009054748341,0.002130528912,phone,user2,stand
41.54020552,0.8595184088,-9.720458984,0.7422025204,-0.000532632228,-0.00266316114,-0.000532632228,phone,user2,stand
41.56023204,0.8379706144,-9.718064308,0.7852981687,-0.003195793368,0.000532632228,-0.002130528912,phone,user2,stand
41.58025212,0.8212111592,-9.703699112,0.8020575643,-0.001065264456,0.0,-0.000532632228,phone,user2,stand
41.60027044,0.8092401624,-9.703699112,0.8236053586,0.002130528912,0.001065264456,0.0,phone,user2,stand
41.62028853,0.8403648138,-9.713275909,0.7924807668,0.003728425596,0.000532632228,0.0,phone,user2,stand
41.64031611,0.825999558,-9.710882187,0.7469909191,0.001597896684,0.004793690052,-0.000532632228,phone,user2,stand
41.66034841,0.806845963,-9.708487511,0.7661445141,-0.001065264456,0.006391586736,0.000532632228,phone,user2,stand
41.68036954,0.8355764151,-9.730035782,0.7709329724,-0.002130528912,0.007456851192,0.00266316114,phone,user2,stand
41.70038771,0.8906430602,-9.756371498,0.7757213712,-0.001597896684,0.009587380104,0.001065264456,phone,user2,stand
41.72040615,0.9026140571,-9.730035782,0.7637503147,-0.00266316114,0.006391586736,-0.00266316114,phone,user2,stand
41.74043446,0.8643068075,-9.725247383,0.7613561153,-0.006391586736,0.00532632228,-0.006391586736,phone,user2,stand
41.76045583,0.8140285611,-9.701305389,0.7900865674,-0.006391586736,0.009587380104,-0.003728425596,phone,user2,stand
41.78047372,0.8499416113,-9.682151794,0.8116343617,-0.001597896684,0.009054748341,0.001597896684,phone,user2,stand
41.80050001,0.921767652,-9.686940193,0.7805097699,0.003195793368,0.006924218964,0.002130528912,phone,user2,stand
41.82053005,0.9289502501,-9.715670586,0.7565677166,0.002130528912,0.005858954508,0.001065264456,phone,user2,stand
41.84056259,0.9002198577,-9.722852707,0.7517793179,0.001065264456,0.001065264456,0.001597896684,phone,user2,stand
41.86058939,0.8762778044,-9.737217903,0.7541735172,0.001065264456,-0.00266316114,0.00266316114,phone,user2,stand
41.88061208,0.9002198577,-9.722852707,0.7445967197,-0.001065264456,0.004261057824,0.001597896684,phone,user2,stand
41.90063982,0.9193734527,-9.720458984,0.7829039693,-0.003195793368,0.004261057824,-0.000532632228,phone,user2,stand
41.92066193,0.9337386489,-9.713275909,0.7805097699,0.000532632228,0.001065264456,-0.003728425596,phone,user2,stand
41.940679,0.9050082564,-9.708487511,0.7781155705,0.001597896684,-0.003195793368,-0.005858954508,phone,user2,stand
41.96069372,0.8690952063,-9.701305389,0.7565677166,0.00266316114,-0.003195793368,-0.004261057824,phone,user2,stand
41.98070841,0.8427590132,-9.718064308,0.7541735172,0.001597896684,-0.001597896684,-0.003728425596,phone,user2,stand
42.00072572,0.8571242094,-9.708487511,0.7685387731,0.000532632228,0.0,0.000532632228,phone,user2,stand
42.02074747,0.8834604025,-9.715670586,0.7613561153,0.001597896684,-0.005858954508,0.001065264456,phone,user2,stand
42.04077314,0.895431459,-9.715670586,0.7709329724,0.00266316114,-0.01118527725,0.001065264456,phone,user2,stand
42.06079611,0.8810662031,-9.725247383,0.7781155705,0.003195793368,-0.01065264456,0.002130528912,phone,user2,stand
42.080817,0.8762778044,-9.720458984,0.7852981687,0.00266316114,-0.009587380104,0.0,phone,user2,stand
42.10084407,0.8667010069,-9.727641106,0.7805097699,0.002130528912,-0.006924218964,-0.002130528912,phone,user2,stand
42.12087767,0.8714894056,-9.727641106,0.7685387731,0.000532632228,-0.00532632228,-0.004261057824,phone,user2,stand
42.14091282,0.8667010069,-9.722852707,0.758961916,0.001065264456,-0.00532632228,-0.003728425596,phone,user2,stand
42.16094716,0.8762778044,-9.713275909,0.7613561153,-0.001065264456,-0.00532632228,-0.003195793368,phone,user2,stand
42.18097962,0.8667010069,-9.713275909,0.7709329724,-0.001065264456,-0.003728425596,-0.00266316114,phone,user2,stand
42.20101091,0.8762778044,-9.710882187,0.8020575643,0.0,-0.004261057824,-0.002130528912,phone,user2,stand
42.22104478,0.8786720037,-9.708487511,0.8020575643,0.00266316114,-0.008522115648,-0.00266316114,phone,user2,stand
42.24107345,0.8499416113,-9.715670586,0.7757213712,0.002130528912,-0.006924218964,-0.00266316114,phone,user2,stand
42.26109341,0.8571242094,-9.718064308,0.7541735172,0.003195793368,-0.004793690052,-0.001065264456,phone,user2,stand
42.28112118,0.8786720037,-9.749189377,0.7661445141,0.001065264456,0.001065264456,-0.001065264456,phone,user2,stand
42.301147,0.873883605,-9.720458984,0.7374141216,-0.000532632228,0.005858954508,-0.003728425596,phone,user2,stand
42.32116935,0.8523358107,-9.715670586,0.7350199223,-0.00532632228,0.006924218964,-0.004793690052,phone,user2,stand
42.34119091,0.8475474119,-9.722852707,0.7613561153,-0.008522115648,0.006924218964,-0.002130528912,phone,user2,stand
42.36122532,0.8930372596,-9.686940193,0.8020575643,-0.005858954508,0.009054748341,0.00266316114,phone,user2,stand
42.38126493,0.9289502501,-9.689333916,0.7972691655,-0.001597896684,0.007989482954,0.002130528912,phone,user2,stand
42.4012965,0.9481038451,-9.698910713,0.7996633649,0.001065264456,0.006924218964,0.001065264456,phone,user2,stand
42.42133028,0.9313444495,-9.722852707,0.7829039693,0.003728425596,0.004261057824,-0.000532632228,phone,user2,stand
42.44136114,0.8906430602,-9.730035782,0.7374141216,0.003195793368,0.006924218964,-0.001597896684,phone,user2,stand
42.46138314,0.8930372596,-9.727641106,0.7278373241,0.001597896684,0.006924218964,-0.000532632228,phone,user2,stand
42.48140646,0.9289502501,-9.734824181,0.739808321,-0.003728425596,0.006391586736,-0.001065264456,phone,user2,stand
42.50143177,0.9385270476,-9.722852707,0.7709329724,-0.00532632228,0.007989482954,-0.002130528912,phone,user2,stand
42.52146013,0.8834604025,-9.689333916,0.7900865674,-0.004261057824,0.004793690052,-0.004261057824,phone,user2,stand
42.54149091,0.8643068075,-9.722852707,0.8020575643,-0.00266316114,0.004261057824,-0.00532632228,phone,user2,stand
42.56151497,0.8427590132,-9.708487511,0.7996633649,-0.001597896684,0.006391586736,-0.00266316114,phone,user2,stand
42.58154083,0.8810662031,-9.703699112,0.7757213712,-0.001065264456,0.005858954508,-0.000532632228,phone,user2,stand
42.60156423,0.8930372596,-9.713275909,0.7685387731,-0.002130528912,0.007456851192,-0.001065264456,phone,user2,stand
42.62159329,0.9169792533,-9.727641106,0.7685387731,-0.002130528912,0.005858954508,-0.001597896684,phone,user2,stand
42.64161849,0.9097966552,-9.730035782,0.7685387731,-0.000532632228,0.005858954508,-0.001597896684,phone,user2,stand
42.66164032,0.9026140571,-9.722852707,0.7469909191,-0.001065264456,0.006924218964,-0.002130528912,phone,user2,stand
42.68166786,0.9169792533,-9.744400978,0.7493851185,-0.004261057824,0.00532632228,-0.00266316114,phone,user2,stand
42.70169165,0.921767652,-9.739612579,0.7517793179,-0.006924218964,0.006924218964,-0.004261057824,phone,user2,stand
42.72171001,0.9265560508,-9.701305389,0.7781155705,-0.006924218964,0.004793690052,-0.003728425596,phone,user2,stand
42.74172857,0.9337386489,-9.691728592,0.7972691655,-0.004793690052,0.0,-0.00266316114,phone,user2,stand
42.76174368,0.9289502501,-9.701305389,0.7852981687,-0.003195793368,-0.00266316114,-0.004261057824,phone,user2,stand
42.78175404,0.9026140571,-9.691728592,0.7757213712,-0.003728425596,-0.00266316114,-0.00266316114,phone,user2,stand
42.80177599,0.9241618514,-9.725247383,0.7757213712,-0.002130528912,-0.004793690052,-0.001597896684,phone,user2,stand
42.82179716,0.9337386489,-9.703699112,0.7852981687,-0.001065264456,-0.01118527725,-0.001597896684,phone,user2,stand
42.84182978,0.940921247,-9.684545517,0.7829039693,0.0,-0.01331580617,-0.000532632228,phone,user2,stand
42.86185818,0.9361328483,-9.713275909,0.7709329724,0.002130528912,-0.01278317347,-0.001065264456,phone,user2,stand
42.88187775,0.9361328483,-9.742006302,0.7541735172,0.003728425596,-0.01225054078,-0.00532632228,phone,user2,stand
42.90190282,0.8810662031,-9.746794701,0.739808321,0.001065264456,-0.01118527725,-0.007989482954,phone,user2,stand
42.92193392,0.8331822157,-9.713275909,0.7230489254,-0.004261057824,-0.008522115648,-0.007456851192,phone,user2,stand
42.94196114,0.806845963,-9.696516991,0.7254431248,-0.007456851192,-0.000532632228,-0.003728425596,phone,user2,stand
42.9619906,0.8164227605,-9.701305389,0.7565677166,-0.007989482954,0.006924218964,-0.001065264456,phone,user2,stand
42.98202243,0.8690952063,-9.713275909,0.7565677166,-0.006924218964,0.01331580617,0.001065264456,phone,user2,stand
43.00205404,0.8978256583,-9.703699112,0.7685387731,-0.00532632228,0.01438106969,0.001065264456,phone,user2,stand
43.02208083,0.9074024558,-9.701305389,0.7541735172,-0.003728425596,0.0165115986,0.000532632228,phone,user2,stand
43.04211388,0.9026140571,-9.739612579,0.7350199223,-0.004261057824,0.02396845073,0.000532632228,phone,user2,stand
43.06214466,0.9074024558,-9.710882187,0.7517793179,-0.005858954508,0.02663161233,-0.000532632228,phone,user2,stand
43.0821754,0.9481038451,-9.713275909,0.7350199223,-0.006924218964,0.02343581803,0.0,phone,user2,stand
43.10220634,0.9864110947,-9.696516991,0.7541735172,-0.006391586736,0.02077265643,-0.001597896684,phone,user2,stand
43.12223341,0.9911994934,-9.698910713,0.7541735172,-0.004793690052,0.01331580617,-0.003728425596,phone,user2,stand
43.14225544,0.9696516991,-9.689333916,0.7637503147,-0.005858954508,0.007989482954,-0.003728425596,phone,user2,stand
43.16227857,0.9552865028,-9.684545517,0.7613561153,-0.00532632228,0.006391586736,-0.003728425596,phone,user2,stand
43.18230829,0.9193734527,-9.677363396,0.7685387731,-0.003728425596,0.004261057824,-0.00266316114,phone,user2,stand
43.20233079,0.9361328483,-9.691728592,0.7757213712,-0.003195793368,-0.001065264456,0.0,phone,user2,stand
43.22235396,0.940921247,-9.708487511,0.7852981687,0.001065264456,-0.008522115648,0.00266316114,phone,user2,stand
43.24237931,0.9457096457,-9.708487511,0.7541735172,0.004261057824,-0.01012001187,0.001065264456,phone,user2,stand
43.26240802,0.9074024558,-9.727641106,0.7493851185,0.00266316114,-0.007456851192,0.000532632228,phone,user2,stand
43.2824472,0.8906430602,-9.718064308,0.7374141216,0.00266316114,-0.006391586736,0.000532632228,phone,user2,stand
43.30248177,0.9050082564,-9.715670586,0.7182605267,0.001597896684,-0.003728425596,0.002130528912,phone,user2,stand
43.3225154,0.9121908545,-9.718064308,0.7278373241,-0.003195793368,0.000532632228,0.002130528912,phone,user2,stand
43.34253806,0.9074024558,-9.715670586,0.7517793179,-0.004261057824,0.002130528912,0.002130528912,phone,user2,stand
43.36256353,0.8930372596,-9.713275909,0.7637503147,-0.00266316114,0.00266316114,0.002130528912,phone,user2,stand
43.38259142,0.8858546019,-9.703699112,0.7541735172,-0.001065264456,0.00266316114,0.002130528912,phone,user2,stand
43.40262247,0.9002198577,-9.696516991,0.7541735172,0.0,0.003195793368,0.003728425596,phone,user2,stand
43.4226556,0.9337386489,-9.718064308,0.7445967197,0.0,0.00532632228,0.004261057824,phone,user2,stand
43.4426829,0.9576807022,-9.734824181,0.7445967197,0.000532632228,0.004261057824,0.002130528912,phone,user2,stand
43.46271896,0.9313444495,-9.684545517,0.7326257229,0.000532632228,0.003728425596,0.001597896684,phone,user2,stand
43.48275173,0.9050082564,-9.703699112,0.7350199223,-0.000532632228,0.001597896684,0.003195793368,phone,user2,stand
43.50278224,0.9504981041,-9.753977776,0.7278373241,0.002130528912,0.000532632228,0.00266316114,phone,user2,stand
43.52281142,0.9457096457,-9.727641106,0.739808321,0.001597896684,0.0,0.001065264456,phone,user2,stand
43.54284767,0.9193734527,-9.708487511,0.7374141216,-0.000532632228,-0.006391586736,0.000532632228,phone,user2,stand
43.56287861,0.8762778044,-9.696516991,0.7469909191,-0.001065264456,-0.004793690052,0.002130528912,phone,user2,stand
43.58290458,0.8786720037,-9.686940193,0.7637503147,0.000532632228,-0.002130528912,0.00532632228,phone,user2,stand
43.60292872,0.921767652,-9.696516991,0.7469909191,0.003728425596,-0.000532632228,0.005858954508,phone,user2,stand
43.62295091,0.9433154464,-9.713275909,0.7374141216,0.00266316114,-0.003195793368,0.003728425596,phone,user2,stand
43.64297708,0.9337386489,-9.732429504,0.7685387731,0.003195793368,-0.004793690052,0.001597896684,phone,user2,stand
43.66300892,0.895431459,-9.742006302,0.7326257229,0.00266316114,-0.004793690052,0.0,phone,user2,stand
43.68304493,0.8786720037,-9.730035782,0.7445967197,0.000532632228,0.001065264456,-0.001597896684,phone,user2,stand
43.70307415,0.8930372596,-9.713275909,0.7278373241,-0.000532632228,0.003728425596,-0.001065264456,phone,user2,stand
43.72310904,0.895431459,-9.722852707,0.7230489254,-0.00266316114,0.00532632228,-0.001065264456,phone,user2,stand
43.74313497,0.9026140571,-9.713275909,0.739808321,-0.003195793368,0.003195793368,-0.001597896684,phone,user2,stand
43.76315427,0.8786720037,-9.706093788,0.7493851185,-0.004261057824,0.000532632228,0.00266316114,phone,user2,stand
43.78318255,0.8475474119,-9.686940193,0.7685387731,-0.00266316114,0.004261057824,0.005858954508,phone,user2,stand
43.80321044,0.8762778044,-9.691728592,0.7852981687,0.0,0.007456851192,0.007456851192,phone,user2,stand
43.82323322,0.8858546019,-9.701305389,0.7565677166,0.003195793368,0.009054748341,0.01065264456,phone,user2,stand
43.84325771,0.9265560508,-9.703699112,0.7493851185,0.003728425596,0.01012001187,0.01438106969,phone,user2,stand
43.86328314,0.9792284966,-9.710882187,0.7350199223,0.00532632228,0.004261057824,0.01278317347,phone,user2,stand
43.88330091,0.9911994934,-9.715670586,0.7302315235,0.00266316114,0.004793690052,0.008522115648,phone,user2,stand
43.90332654,0.9911994934,-9.732429504,0.7278373241,0.002130528912,0.00532632228,0.004261057824,phone,user2,stand
43.92335279,0.9911994934,-9.725247383,0.7469909191,-0.000532632228,0.003728425596,0.001065264456,phone,user2,stand
43.94337654,0.9744400978,-9.710882187,0.7374141216,0.000532632228,0.001065264456,-0.001597896684,phone,user2,stand
43.96339966,0.9720458984,-9.710882187,0.7422025204,0.0,0.000532632228,-0.001597896684,phone,user2,stand
43.98342572,0.9169792533,-9.694122314,0.7422025204,0.001065264456,-0.003195793368,-0.000532632228,phone,user2,stand
44.0034524,0.8882488012,-9.686940193,0.787692368,0.003728425596,-0.006924218964,0.003195793368,phone,user2,stand
44.0234863,0.8786720037,-9.691728592,0.8116343617,0.007989482954,-0.009054748341,0.006924218964,phone,user2,stand
44.04351861,0.8762778044,-9.701305389,0.7781155705,0.009587380104,-0.009054748341,0.008522115648,phone,user2,stand
44.06354568,0.8882488012,-9.725247383,0.7637503147,0.007989482954,-0.009587380104,0.009587380104,phone,user2,stand
44.08357247,0.8858546019,-9.725247383,0.758961916,0.005858954508,-0.004793690052,0.009054748341,phone,user2,stand
44.10359521,0.8930372596,-9.703699112,0.7565677166,0.003728425596,-0.001597896684,0.007456851192,phone,user2,stand
44.12362032,0.9002198577,-9.710882187,0.7781155705,0.00532632228,0.000532632228,0.006391586736,phone,user2,stand
44.14364462,0.9121908545,-9.744400978,0.7613561153,0.004793690052,-0.000532632228,0.002130528912,phone,user2,stand
44.16367458,0.8906430602,-9.710882187,0.7469909191,0.00266316114,-0.001065264456,0.0,phone,user2,stand
44.18369833,0.8882488012,-9.706093788,0.739808321,0.002130528912,0.0,0.0,phone,user2,stand
44.20371212,0.8906430602,-9.753977776,0.7541735172,0.001065264456,0.001065264456,0.000532632228,phone,user2,stand
44.22373134,0.8786720037,-9.725247383,0.7733271718,0.0,0.00266316114,-0.00266316114,phone,user2,stand
44.2437488,0.8499416113,-9.722852707,0.7781155705,-0.000532632228,-0.00532632228,-0.001597896684,phone,user2,stand
44.26376298,0.8188169599,-9.696516991,0.8020575643,0.000532632228,-0.004793690052,0.003195793368,phone,user2,stand
44.28378247,0.8307880163,-9.689333916,0.8092401624,0.001597896684,-0.000532632228,0.007456851192,phone,user2,stand
44.30379642,0.8810662031,-9.691728592,0.7733271718,0.004793690052,0.003195793368,0.006924218964,phone,user2,stand
44.3238154,0.9026140571,-9.718064308,0.758961916,0.003728425596,0.003728425596,0.006391586736,phone,user2,stand
44.3438438,0.9097966552,-9.737217903,0.7565677166,0.003195793368,0.001597896684,0.00532632228,phone,user2,stand
44.3638674,0.8930372596,-9.734824181,0.7445967197,0.001597896684,0.001065264456,0.005858954508,phone,user2,stand
44.3838938,0.9002198577,-9.730035782,0.7326257229,-0.000532632228,0.005858954508,0.004261057824,phone,user2,stand
44.4039222,0.9002198577,-9.713275909,0.7469909191,-0.003195793368,0.007456851192,0.00266316114,phone,user2,stand
44.42394603,0.9026140571,-9.715670586,0.7709329724,-0.001597896684,0.009054748341,0.003195793368,phone,user2,stand
44.44397068,0.9361328483,-9.686940193,0.7565677166,-0.001065264456,0.008522115648,0.00266316114,phone,user2,stand
44.4639963,0.9385270476,-9.715670586,0.7493851185,-0.000532632228,0.003728425596,0.000532632228,phone,user2,stand
44.48402423,0.9121908545,-9.703699112,0.7661445141,-0.001065264456,0.00532632228,0.000532632228,phone,user2,stand
44.50404728,0.9026140571,-9.706093788,0.7637503147,-0.001065264456,0.003195793368,-0.000532632228,phone,user2,stand
44.52406814,0.9121908545,-9.720458984,0.7565677166,0.001065264456,0.003728425596,0.001597896684,phone,user2,stand
44.5440879,0.9074024558,-9.710882187,0.7517793179,0.0,0.002130528912,0.004261057824,phone,user2,stand
44.56412013,0.9265560508,-9.703699112,0.758961916,0.001065264456,-0.001065264456,0.006391586736,phone,user2,stand
44.58415173,0.9385270476,-9.701305389,0.7829039693,0.002130528912,-0.001597896684,0.00532632228,phone,user2,stand
44.60417458,0.9361328483,-9.718064308,0.8044517636,0.003195793368,-0.003728425596,0.004793690052,phone,user2,stand
44.62419833,0.9193734527,-9.722852707,0.7900865674,0.004261057824,-0.008522115648,0.003728425596,phone,user2,stand
44.64422267,0.9074024558,-9.706093788,0.758961916,0.006924218964,-0.008522115648,0.00532632228,phone,user2,stand
44.66424876,0.9289502501,-9.708487511,0.7326257229,0.004261057824,-0.009054748341,0.004793690052,phone,user2,stand
44.68426708,0.9121908545,-9.730035782,0.7422025204,0.002130528912,-0.008522115648,0.003728425596,phone,user2,stand
44.70428962,0.9074024558,-9.718064308,0.7733271718,0.000532632228,-0.007456851192,0.002130528912,phone,user2,stand
44.72431732,0.8930372596,-9.713275909,0.7900865674,0.000532632228,-0.007456851192,0.000532632228,phone,user2,stand
44.74434646,0.8714894056,-9.718064308,0.7852981687,0.001597896684,-0.004793690052,0.001065264456,phone,user2,stand
44.76437755,0.8786720037,-9.696516991,0.7733271718,0.001065264456,-0.003728425596,0.0,phone,user2,stand
44.78442443,0.8834604025,-9.696516991,0.7852981687,-0.001065264456,-0.004793690052,0.000532632228,phone,user2,stand
44.80446091,0.8690952063,-9.725247383,0.7924807668,-0.002130528912,-0.003195793368,0.001065264456,phone,user2,stand
44.82449583,0.8499416113,-9.734824181,0.7924807668,-0.001065264456,0.000532632228,0.000532632228,phone,user2,stand
44.84453079,0.8331822157,-9.710882187,0.787692368,-0.001065264456,0.00266316114,0.004261057824,phone,user2,stand
44.86456751,0.8523358107,-9.722852707,0.7685387731,-0.00266316114,0.00266316114,0.004793690052,phone,user2,stand
44.88459931,0.8858546019,-9.715670586,0.7924807668,-0.004261057824,0.00266316114,0.003728425596,phone,user2,stand
44.90462517,0.8906430602,-9.696516991,0.8116343617,-0.003195793368,0.001597896684,0.004261057824,phone,user2,stand
44.9246504,0.921767652,-9.708487511,0.8044517636,0.000532632228,0.001597896684,0.00532632228,phone,user2,stand
44.94468833,0.9289502501,-9.732429504,0.7805097699,0.004793690052,0.003195793368,0.003728425596,phone,user2,stand
44.96471935,0.9026140571,-9.734824181,0.739808321,0.002130528912,0.004793690052,0.001597896684,phone,user2,stand
44.98474642,0.8810662031,-9.732429504,0.7278373241,-0.000532632228,0.001597896684,0.0,phone,user2,stand
45.00477212,0.8499416113,-9.722852707,0.7230489254,-0.008522115648,0.006391586736,0.0,phone,user2,stand
45.02479786,0.8906430602,-9.684545517,0.7469909191,-0.009587380104,0.01225054078,0.003195793368,phone,user2,stand
45.0448295,0.9385270476,-9.684545517,0.7685387731,-0.006924218964,0.01065264456,0.002130528912,phone,user2,stand
45.06486075,0.9457096457,-9.713275909,0.7637503147,-0.004793690052,0.01065264456,-0.000532632228,phone,user2,stand
45.08489099,0.9193734527,-9.718064308,0.7613561153,-0.001597896684,0.006924218964,-0.001065264456,phone,user2,stand
45.10490997,0.8906430602,-9.718064308,0.7517793179,-0.001065264456,0.009587380104,-0.001065264456,phone,user2,stand
45.12493036,0.8858546019,-9.732429504,0.7350199223,-0.00532632228,0.01597896591,-0.001065264456,phone,user2,stand
45.14495919,0.8858546019,-9.708487511,0.739808321,-0.00532632228,0.0165115986,0.001065264456,phone,user2,stand
45.16499083,0.9145850539,-9.708487511,0.7493851185,-0.00532632228,0.01384843793,0.003728425596,phone,user2,stand
45.18501876,0.9504981041,-9.686940193,0.7541735172,-0.002130528912,0.008522115648,0.00266316114,phone,user2,stand
45.20504587,0.9481038451,-9.701305389,0.7493851185,-0.001065264456,0.003728425596,0.001597896684,phone,user2,stand
45.22506068,0.921767652,-9.706093788,0.7565677166,-0.001065264456,0.001065264456,0.001065264456,phone,user2,stand
45.24507782,0.9097966552,-9.710882187,0.7661445141,0.000532632228,-0.000532632228,0.0,phone,user2,stand
45.26510169,0.921767652,-9.706093788,0.7541735172,0.001597896684,-0.003195793368,-0.000532632228,phone,user2,stand
45.28512943,0.9026140571,-9.715670586,0.7541735172,0.002130528912,-0.00532632228,-0.000532632228,phone,user2,stand
45.30516146,0.8786720037,-9.710882187,0.7350199223,0.00266316114,-0.006391586736,0.001065264456,phone,user2,stand
45.32518583,0.8379706144,-9.715670586,0.7493851185,0.003728425596,-0.004261057824,0.003728425596,phone,user2,stand
45.34522247,0.8379706144,-9.708487511,0.7541735172,0.002130528912,0.001597896684,0.00532632228,phone,user2,stand
45.36524837,0.8595184088,-9.713275909,0.7565677166,0.0,-0.000532632228,0.006391586736,phone,user2,stand
45.38527365,0.8882488012,-9.730035782,0.7733271718,0.000532632228,0.001065264456,0.005858954508,phone,user2,stand
45.405292,0.9026140571,-9.715670586,0.7685387731,0.001065264456,0.001065264456,0.005858954508,phone,user2,stand
45.42530888,0.9145850539,-9.710882187,0.7757213712,0.000532632228,-0.000532632228,0.003728425596,phone,user2,stand
45.44532986,0.8978256583,-9.718064308,0.7900865674,0.000532632228,-0.003195793368,0.001597896684,phone,user2,stand
45.46534822,0.8762778044,-9.708487511,0.7852981687,0.00266316114,-0.004261057824,0.000532632228,phone,user2,stand
45.48537165,0.873883605,-9.715670586,0.7541735172,0.003728425596,-0.004793690052,-0.000532632228,phone,user2,stand
45.50540193,0.8810662031,-9.720458984,0.7517793179,0.001065264456,-0.000532632228,0.0,phone,user2,stand
45.52543126,0.8523358107,-9.715670586,0.7709329724,-0.001065264456,0.000532632228,-0.000532632228,phone,user2,stand
45.54545743,0.8451532125,-9.696516991,0.7852981687,-0.000532632228,-0.003195793368,0.000532632228,phone,user2,stand
45.56548372,0.8283938169,-9.703699112,0.8044517636,-0.000532632228,-0.006391586736,0.002130528912,phone,user2,stand
45.58550771,0.8667010069,-9.706093788,0.8164227605,0.004793690052,-0.006924218964,0.003728425596,phone,user2,stand
45.60553361,0.8619126081,-9.732429504,0.7805097699,0.006391586736,-0.007989482954,0.00266316114,phone,user2,stand
45.62555282,0.8451532125,-9.718064308,0.7685387731,0.00532632228,-0.00532632228,0.001065264456,phone,user2,stand
45.64557048,0.8307880163,-9.713275909,0.7733271718,0.004261057824,-0.003195793368,0.000532632228,phone,user2,stand
45.6655949,0.8475474119,-9.751583099,0.7445967197,0.003195793368,-0.00266316114,0.0,phone,user2,stand
45.68562505,0.8307880163,-9.749189377,0.7469909191,0.000532632228,0.00266316114,-0.002130528912,phone,user2,stand
45.70564271,0.8092401624,-9.718064308,0.7637503147,-0.003195793368,0.00532632228,-0.003195793368,phone,user2,stand
45.72566521,0.8020575643,-9.706093788,0.7829039693,-0.00532632228,0.002130528912,-0.001065264456,phone,user2,stand
45.74568568,0.8140285611,-9.701305389,0.7948749661,-0.005858954508,0.006924218964,0.00266316114,phone,user2,stand
45.76570368,0.8427590132,-9.691728592,0.806845963,-0.001597896684,0.01225054078,0.00532632228,phone,user2,stand
45.78572236,0.9050082564,-9.710882187,0.7685387731,0.003728425596,0.01171790902,0.004793690052,phone,user2,stand
45.80574236,0.9241618514,-9.734824181,0.7733271718,0.00266316114,0.007989482954,0.00266316114,phone,user2,stand
45.82576798,0.9121908545,-9.734824181,0.7613561153,0.003195793368,0.003195793368,0.001597896684,phone,user2,stand
45.84579509,0.9002198577,-9.725247383,0.7541735172,0.001597896684,0.00266316114,-0.001065264456,phone,user2,stand
45.86582454,0.8906430602,-9.718064308,0.7493851185,-0.002130528912,0.003728425596,-0.004793690052,phone,user2,stand
45.88585896,0.8882488012,-9.720458984,0.7829039693,-0.003195793368,0.00266316114,-0.00532632228,phone,user2,stand
45.90587966,0.8667010069,-9.703699112,0.7924807668,-0.00266316114,0.0,-0.00532632228,phone,user2,stand
45.92589767,0.8786720037,-9.698910713,0.8116343617,-0.000532632228,-0.001065264456,-0.003195793368,phone,user2,stand
45.94592447,0.8786720037,-9.689333916,0.8020575643,0.001065264456,-0.00532632228,-0.003195793368,phone,user2,stand
45.96595228,0.8427590132,-9.698910713,0.825999558,0.001065264456,-0.00532632228,-0.00266316114,phone,user2,stand
45.98598747,0.8307880163,-9.703699112,0.8164227605,0.004261057824,-0.008522115648,0.0,phone,user2,stand
46.00602786,0.8379706144,-9.713275909,0.7709329724,0.006924218964,-0.007989482954,0.001065264456,phone,user2,stand
46.02606298,0.873883605,-9.739612579,0.7445967197,0.004261057824,-0.008522115648,0.001597896684,phone,user2,stand
46.046097,0.8882488012,-9.720458984,0.7709329724,0.001065264456,-0.009587380104,0.000532632228,phone,user2,stand
46.06612974,0.8571242094,-9.715670586,0.8044517636,0.0,-0.008522115648,-0.001597896684,phone,user2,stand
46.0861574,0.8523358107,-9.737217903,0.7948749661,0.001065264456,-0.01065264456,-0.004261057824,phone,user2,stand
46.10618782,0.8643068075,-9.725247383,0.7613561153,0.0,-0.004261057824,-0.005858954508,phone,user2,stand
46.12621204,0.8403648138,-9.730035782,0.7685387731,-0.003728425596,-0.001065264456,-0.005858954508,phone,user2,stand
46.14623267,0.8379706144,-9.703699112,0.8044517636,-0.004261057824,0.000532632228,-0.006391586736,phone,user2,stand
46.16624954,0.8355764151,-9.703699112,0.8283938169,-0.003195793368,-0.000532632228,-0.003728425596,phone,user2,stand
46.18627021,0.8283938169,-9.708487511,0.8307880163,-0.000532632228,-0.004261057824,-0.002130528912,phone,user2,stand
46.20629544,0.8571242094,-9.708487511,0.8403648138,0.001597896684,-0.001597896684,-0.000532632228,phone,user2,stand
46.22631654,0.8667010069,-9.730035782,0.8092401624,0.002130528912,0.001597896684,0.001597896684,phone,user2,stand
46.24635169,0.8810662031,-9.725247383,0.7924807668,0.002130528912,0.002130528912,-0.000532632228,phone,user2,stand
46.26637896,0.895431459,-9.737217903,0.7900865674,-0.001597896684,-0.001597896684,-0.002130528912,phone,user2,stand
46.28640364,0.8930372596,-9.725247383,0.8044517636,-0.00266316114,-0.000532632228,-0.003728425596,phone,user2,stand
46.30643138,0.8930372596,-9.718064308,0.7924807668,-0.003195793368,-0.004793690052,-0.005858954508,phone,user2,stand
46.32646048,0.8619126081,-9.710882187,0.787692368,-0.004261057824,-0.001597896684,-0.006924218964,phone,user2,stand
46.34648497,0.8619126081,-9.703699112,0.8020575643,-0.005858954508,0.00266316114,-0.006924218964,phone,user2,stand
46.36650302,0.8762778044,-9.691728592,0.8164227605,-0.004261057824,0.003195793368,-0.006391586736,phone,user2,stand
46.38652525,0.8810662031,-9.725247383,0.8283938169,-0.002130528912,-0.003195793368,-0.00532632228,phone,user2,stand
46.40654802,0.8523358107,-9.710882187,0.8164227605,-0.002130528912,-0.006924218964,-0.005858954508,phone,user2,stand
46.42656763,0.8355764151,-9.708487511,0.7900865674,-0.00266316114,-0.00532632228,-0.002130528912,phone,user2,stand
46.44657845,0.8619126081,-9.730035782,0.7829039693,-0.001597896684,-0.001597896684,-0.000532632228,phone,user2,stand
46.46658947,0.8858546019,-9.737217903,0.7924807668,-0.003728425596,0.003195793368,-0.001065264456,phone,user2,stand
46.48661021,0.8906430602,-9.720458984,0.7996633649,-0.00532632228,-0.001065264456,-0.003195793368,phone,user2,stand
46.50663134,0.8499416113,-9.734824181,0.7972691655,-0.005858954508,-0.001597896684,-0.003195793368,phone,user2,stand
46.52665572,0.8451532125,-9.706093788,0.7757213712,-0.006924218964,0.00532632228,-0.000532632228,phone,user2,stand
46.54667365,0.8930372596,-9.708487511,0.787692368,-0.006391586736,0.01012001187,-0.001065264456,phone,user2,stand
46.56669536,0.9385270476,-9.703699112,0.7685387731,-0.004261057824,0.008522115648,-0.001597896684,phone,user2,stand
46.58671896,0.9433154464,-9.713275909,0.8092401624,-0.00532632228,0.001065264456,-0.003195793368,phone,user2,stand
46.60674193,0.9002198577,-9.722852707,0.8044517636,-0.002130528912,-0.006391586736,-0.006391586736,phone,user2,stand
46.62676138,0.8714894056,-9.715670586,0.7757213712,-0.000532632228,0.0,-0.006391586736,phone,user2,stand
46.6467813,0.8523358107,-9.725247383,0.7709329724,-0.003728425596,0.003195793368,-0.005858954508,phone,user2,stand
46.66680302,0.8619126081,-9.701305389,0.7757213712,-0.006924218964,0.006924218964,-0.004261057824,phone,user2,stand
46.68682865,0.8762778044,-9.713275909,0.7996633649,-0.007989482954,0.008522115648,-0.003728425596,phone,user2,stand
46.70686126,0.8690952063,-9.722852707,0.7900865674,-0.006391586736,0.000532632228,-0.002130528912,phone,user2,stand
46.72689419,0.8595184088,-9.715670586,0.7685387731,-0.00532632228,-0.00532632228,-0.00266316114,phone,user2,stand
46.74693751,0.8834604025,-9.694122314,0.8164227605,-0.006391586736,-0.002130528912,-0.00266316114,phone,user2,stand
46.76697419,0.8762778044,-9.720458984,0.8092401624,-0.00532632228,0.001065264456,-0.00532632228,phone,user2,stand
46.78700888,0.8690952063,-9.701305389,0.7972691655,-0.00266316114,0.005858954508,-0.004261057824,phone,user2,stand
46.80703505,0.895431459,-9.720458984,0.7709329724,-0.003728425596,-0.000532632228,-0.001597896684,phone,user2,stand
46.82706861,0.8882488012,-9.718064308,0.7422025204,-0.004261057824,-0.002130528912,-0.00266316114,phone,user2,stand
46.84709595,0.8762778044,-9.710882187,0.7493851185,-0.006924218964,0.001597896684,-0.004793690052,phone,user2,stand
46.86712118,0.8643068075,-9.722852707,0.7972691655,-0.01118527725,0.003728425596,-0.007456851192,phone,user2,stand
46.88713716,0.8595184088,-9.727641106,0.8020575643,-0.009587380104,0.003728425596,-0.007456851192,phone,user2,stand
46.90714712,0.8667010069,-9.703699112,0.7924807668,-0.008522115648,0.006924218964,-0.00532632228,phone,user2,stand
46.92715931,0.8882488012,-9.710882187,0.7781155705,-0.01065264456,0.00532632228,-0.006924218964,phone,user2,stand
46.94717607,0.8930372596,-9.713275909,0.806845963,-0.01278317347,0.005858954508,-0.006924218964,phone,user2,stand
46.96718911,0.8595184088,-9.708487511,0.8331822157,-0.009587380104,0.00532632228,-0.007989482954,phone,user2,stand
46.98720122,0.85473001,-9.703699112,0.8212111592,-0.006924218964,0.00532632228,-0.006391586736,phone,user2,stand
47.0072038,0.8595184088,-9.708487511,0.7829039693,-0.005858954508,0.008522115648,-0.007456851192,phone,user2,stand
47.02720568,0.8619126081,-9.713275909,0.7541735172,-0.007989482954,0.01438106969,-0.006391586736,phone,user2,stand
47.04721232,0.8786720037,-9.734824181,0.7493851185,-0.01012001187,0.01225054078,-0.004261057824,phone,user2,stand
47.06722732,0.895431459,-9.713275909,0.7637503147,-0.008522115648,0.01012001187,-0.004793690052,phone,user2,stand
47.08724056,0.9097966552,-9.710882187,0.7445967197,-0.01012001187,0.007456851192,-0.004793690052,phone,user2,stand
47.10726243,0.9265560508,-9.701305389,0.7733271718,-0.01225054078,0.00532632228,-0.004793690052,phone,user2,stand
47.12728712,0.9337386489,-9.710882187,0.7757213712,-0.009587380104,0.004261057824,-0.006391586736,phone,user2,stand
47.14731005,0.9145850539,-9.710882187,0.7733271718,-0.008522115648,0.00532632228,-0.006924218964,phone,user2,stand
47.16732337,0.9002198577,-9.701305389,0.7637503147,-0.00532632228,0.001597896684,-0.006924218964,phone,user2,stand
47.18733427,0.8882488012,-9.715670586,0.7469909191,-0.004793690052,-0.001065264456,-0.007456851192,phone,user2,stand
47.20734814,0.8690952063,-9.703699112,0.7469909191,-0.004793690052,-0.002130528912,-0.006391586736,phone,user2,stand
47.22735329,0.8523358107,-9.710882187,0.7469909191,-0.006391586736,0.000532632228,-0.006924218964,phone,user2,stand
47.24736642,0.8379706144,-9.744400978,0.7374141216,-0.007989482954,0.009054748341,-0.007989482954,phone,user2,stand
47.26738114,0.8355764151,-9.732429504,0.720654726,-0.01065264456,0.01810949668,-0.007989482954,phone,user2,stand
47.2873899,0.873883605,-9.720458984,0.7230489254,-0.01065264456,0.02077265643,-0.006391586736,phone,user2,stand
47.30739146,0.8978256583,-9.725247383,0.739808321,-0.01225054078,0.01384843793,-0.004793690052,phone,user2,stand
47.3273956,0.9145850539,-9.694122314,0.7637503147,-0.01118527725,0.009054748341,0.000532632228,phone,user2,stand
47.34740962,0.9911994934,-9.682151794,0.7924807668,-0.00532632228,0.000532632228,0.004793690052,phone,user2,stand
47.36742294,1.039083481,-9.689333916,0.758961916,0.001597896684,-0.009054748341,0.003728425596,phone,user2,stand
47.3874324,1.067813993,-9.703699112,0.7278373241,0.004261057824,-0.02396845073,0.001597896684,phone,user2,stand
47.40743732,1.031900883,-9.708487511,0.7302315235,0.006391586736,-0.03621899337,-0.002130528912,phone,user2,stand
47.42745177,0.940921247,-9.734824181,0.7493851185,0.007989482954,-0.04261057824,-0.003728425596,phone,user2,stand
47.44747544,0.8786720037,-9.682151794,0.7685387731,0.01118527725,-0.04633900523,-0.003728425596,phone,user2,stand
47.46749946,0.8523358107,-9.725247383,0.7613561153,0.01331580617,-0.05113269389,-0.003728425596,phone,user2,stand
47.48752665,0.8475474119,-9.739612579,0.7038952708,0.01118527725,-0.04420847446,-0.005858954508,phone,user2,stand
47.50755263,0.7924807668,-9.722852707,0.6823474765,0.006391586736,-0.03568635881,-0.00532632228,phone,user2,stand
47.52756833,0.8188169599,-9.727641106,0.7182605267,0.004261057824,-0.03781688958,-0.001597896684,phone,user2,stand
47.54758349,0.873883605,-9.732429504,0.739808321,0.002130528912,-0.0367516242,-0.000532632228,phone,user2,stand
47.5675938,0.8595184088,-9.713275909,0.7493851185,0.003195793368,-0.03462109342,-0.00266316114,phone,user2,stand
47.5876049,0.8307880163,-9.718064308,0.7661445141,0.003728425596,-0.03834952042,-0.001065264456,phone,user2,stand
47.60761064,0.8307880163,-9.701305389,0.7613561153,0.006924218964,-0.03834952042,0.001065264456,phone,user2,stand
47.62761536,0.873883605,-9.708487511,0.7422025204,0.008522115648,-0.03781688958,0.003728425596,phone,user2,stand
47.64762282,0.9169792533,-9.720458984,0.7134721279,0.00532632228,-0.03568635881,0.002130528912,phone,user2,stand
47.66763282,0.9050082564,-9.727641106,0.7254431248,0.001065264456,-0.03089267015,-0.001065264456,phone,user2,stand
47.68764775,0.8978256583,-9.722852707,0.7541735172,-0.000532632228,-0.02876213938,-0.003728425596,phone,user2,stand
47.70766126,0.8858546019,-9.715670586,0.7709329724,0.00266316114,-0.03195793182,-0.003195793368,phone,user2,stand
47.72767927,0.921767652,-9.708487511,0.758961916,0.001597896684,-0.02876213938,-0.00532632228,phone,user2,stand
47.74769911,0.9193734527,-9.708487511,0.7445967197,-0.001597896684,-0.02396845073,-0.007989482954,phone,user2,stand
47.76771833,0.8523358107,-9.708487511,0.7517793179,-0.006924218964,-0.01384843793,-0.01118527725,phone,user2,stand
47.7877422,0.8188169599,-9.739612579,0.7948749661,-0.01012001187,-0.001065264456,-0.01118527725,phone,user2,stand
47.80776603,0.7972691655,-9.701305389,0.8116343617,-0.007989482954,0.004793690052,-0.007456851192,phone,user2,stand
47.82778497,0.8164227605,-9.689333916,0.7924807668,-0.004793690052,0.01171790902,-0.004793690052,phone,user2,stand
47.8478054,0.8571242094,-9.715670586,0.787692368,-0.007456851192,0.0197073929,-0.006391586736,phone,user2,stand
47.8678238,0.8786720037,-9.734824181,0.7972691655,-0.008522115648,0.02929477207,-0.006391586736,phone,user2,stand
47.88783493,0.873883605,-9.725247383,0.7565677166,-0.007456851192,0.03408846259,-0.007456851192,phone,user2,stand
47.90784302,0.9169792533,-9.715670586,0.7350199223,-0.007456851192,0.03834952042,-0.006924218964,phone,user2,stand
47.927849,0.962469101,-9.725247383,0.7158663273,-0.01065264456,0.04048004746,-0.007989482954,phone,user2,stand
47.94786466,0.962469101,-9.725247383,0.7134721279,-0.01331580617,0.04101268202,-0.01171790902,phone,user2,stand
47.96788415,0.962469101,-9.725247383,0.7469909191,-0.01278317347,0.03195793182,-0.01331580617,phone,user2,stand
47.9878963,0.962469101,-9.703699112,0.7374141216,-0.01118527725,0.02503371425,-0.01171790902,phone,user2,stand
48.00790548,0.9672574997,-9.720458984,0.7422025204,-0.01065264456,0.02663161233,-0.01225054078,phone,user2,stand
48.02791728,0.9600749016,-9.694122314,0.7685387731,-0.01118527725,0.02716424316,-0.01331580617,phone,user2,stand
48.04793181,0.9289502501,-9.715670586,0.7637503147,-0.009054748341,0.0197073929,-0.01384843793,phone,user2,stand
48.06794419,0.9361328483,-9.713275909,0.7422025204,-0.005858954508,0.01278317347,-0.01118527725,phone,user2,stand
48.0879554,0.9337386489,-9.746794701,0.691924274,-0.008522115648,0.01278317347,-0.01118527725,phone,user2,stand
48.10796345,0.9169792533,-9.725247383,0.7326257229,-0.01384843793,0.01864212751,-0.01438106969,phone,user2,stand
48.1279665,0.895431459,-9.713275909,0.7781155705,-0.01757686399,0.0165115986,-0.0165115986,phone,user2,stand
48.14796751,0.8810662031,-9.713275909,0.8164227605,-0.0170442313,0.0165115986,-0.01331580617,phone,user2,stand
48.16797259,0.9193734527,-9.679757118,0.7900865674,-0.01384843793,0.01864212751,-0.01012001187,phone,user2,stand
48.18797396,0.962469101,-9.689333916,0.7541735172,-0.01118527725,0.0170442313,-0.01065264456,phone,user2,stand
48.20797458,0.9840168953,-9.710882187,0.7302315235,-0.01065264456,0.01544633508,-0.01171790902,phone,user2,stand
48.22798177,0.9959878922,-9.715670586,0.7445967197,-0.01118527725,0.009587380104,-0.01225054078,phone,user2,stand
48.24799501,0.9720458984,-9.696516991,0.7469909191,-0.009587380104,0.003728425596,-0.01225054078,phone,user2,stand
48.2679988,0.9744400978,-9.718064308,0.7493851185,-0.009587380104,0.000532632228,-0.01384843793,phone,user2,stand
48.28800114,0.9768342972,-9.708487511,0.7493851185,-0.009587380104,-0.00532632228,-0.01278317347,phone,user2,stand
48.30800622,0.9959878922,-9.710882187,0.720654726,-0.009587380104,-0.01171790902,-0.01065264456,phone,user2,stand
48.32800521,1.00556469,-9.696516991,0.7158663273,-0.008522115648,-0.01225054078,-0.01171790902,phone,user2,stand
48.34800876,1.012747288,-9.720458984,0.7302315235,-0.007989482954,-0.0170442313,-0.01491370238,phone,user2,stand
48.36802333,0.9792284966,-9.725247383,0.7182605267,-0.008522115648,-0.02290318534,-0.01757686399,phone,user2,stand
48.38803286,0.962469101,-9.746794701,0.6991068721,-0.01012001187,-0.02556634694,-0.01810949668,phone,user2,stand
48.40803833,0.940921247,-9.706093788,0.7086837292,-0.01171790902,-0.02396845073,-0.01917476021,phone,user2,stand
48.42803892,0.9074024558,-9.677363396,0.7230489254,-0.01225054078,-0.01864212751,-0.01757686399,phone,user2,stand
48.44804724,0.8690952063,-9.674968719,0.7493851185,-0.01012001187,-0.006924218964,-0.01225054078,phone,user2,stand
48.46805372,0.9074024558,-9.677363396,0.7733271718,-0.004261057824,-0.002130528912,-0.003728425596,phone,user2,stand
48.48805747,0.9481038451,-9.677363396,0.7493851185,0.001597896684,-0.002130528912,0.0,phone,user2,stand
48.5080681,0.9600749016,-9.701305389,0.7015010715,0.00266316114,-0.002130528912,0.000532632228,phone,user2,stand
48.52808427,0.962469101,-9.734824181,0.6560112834,0.003195793368,0.0,0.000532632228,phone,user2,stand
48.54810118,0.9959878922,-9.737217903,0.6440402865,-0.004261057824,0.003728425596,0.001597896684,phone,user2,stand
48.56811185,1.036689281,-9.720458984,0.6751648784,-0.009587380104,0.00532632228,-0.001065264456,phone,user2,stand
48.5881338,1.043871999,-9.708487511,0.7110779285,-0.01225054078,0.007456851192,-0.00532632228,phone,user2,stand
48.60814728,1.012747288,-9.710882187,0.7374141216,-0.006924218964,0.00266316114,-0.008522115648,phone,user2,stand
48.62816513,1.012747288,-9.698910713,0.7015010715,-0.003728425596,-0.00266316114,-0.01012001187,phone,user2,stand
48.64818282,1.007958889,-9.725247383,0.672770679,-0.003728425596,-0.001065264456,-0.01225054078,phone,user2,stand
48.66820142,0.9504981041,-9.722852707,0.672770679,-0.006924218964,0.004793690052,-0.01384843793,phone,user2,stand
48.68822204,0.9026140571,-9.718064308,0.6871358752,-0.01012001187,0.01012001187,-0.01012001187,phone,user2,stand
48.70824322,0.9337386489,-9.706093788,0.7182605267,-0.008522115648,0.007989482954,-0.00532632228,phone,user2,stand
48.72825829,1.000776291,-9.689333916,0.7086837292,-0.01012001187,0.004793690052,-0.004793690052,phone,user2,stand
48.74827509,1.017535686,-9.696516991,0.7182605267,-0.007456851192,0.006924218964,-0.008522115648,phone,user2,stand
48.76829599,1.000776291,-9.737217903,0.7038952708,-0.005858954508,0.007989482954,-0.01384843793,phone,user2,stand
48.78831517,0.9648633003,-9.730035782,0.6751648784,-0.009587380104,0.01225054078,-0.01544633508,phone,user2,stand
48.80833365,0.9361328483,-9.691728592,0.6799532771,-0.01331580617,0.01491370238,-0.01491370238,phone,user2,stand
48.82835376,0.9576807022,-9.701305389,0.691924274,-0.01757686399,0.01544633508,-0.01118527725,phone,user2,stand
48.84837396,0.9696516991,-9.686940193,0.7445967197,-0.0165115986,0.0197073929,-0.007989482954,phone,user2,stand
48.8683906,0.9911994934,-9.696516991,0.7829039693,-0.009587380104,0.01757686399,-0.004793690052,phone,user2,stand
48.88840318,0.9481038451,-9.686940193,0.7613561153,-0.002130528912,0.01597896591,-0.00266316114,phone,user2,stand
48.90841368,0.9289502501,-9.677363396,0.7062895298,0.0,0.01917476021,0.002130528912,phone,user2,stand
48.92843146,0.9241618514,-9.662998199,0.6775590777,-0.001065264456,0.02929477207,0.006391586736,phone,user2,stand
48.94844419,0.988805294,-9.694122314,0.6488286853,-0.004793690052,0.03515372798,0.008522115648,phone,user2,stand
48.96845501,1.017535686,-9.746794701,0.6631938815,-0.006924218964,0.03462109342,0.009054748341,phone,user2,stand
48.9884697,1.048660398,-9.739612579,0.6775590777,-0.004261057824,0.02609897964,0.01012001187,phone,user2,stand
49.00848845,1.072602391,-9.713275909,0.6655880809,-0.002130528912,0.01757686399,0.007989482954,phone,user2,stand
49.02850013,1.098938584,-9.701305389,0.6823474765,-0.00532632228,0.01917476021,0.003195793368,phone,user2,stand
49.04851603,1.091755986,-9.698910713,0.7086837292,-0.00532632228,0.01810949668,-0.001597896684,phone,user2,stand
49.0685272,1.048660398,-9.708487511,0.7134721279,0.0,0.009587380104,-0.001065264456,phone,user2,stand
49.08853638,1.027112484,-9.691728592,0.7134721279,0.00532632228,0.0,0.001065264456,phone,user2,stand
49.10855376,1.036689281,-9.701305389,0.6751648784,0.005858954508,-0.008522115648,0.002130528912,phone,user2,stand
49.12857013,1.000776291,-9.715670586,0.6703764796,0.003728425596,-0.01012001187,0.002130528912,phone,user2,stand
49.14858302,0.9457096457,-9.701305389,0.6847416759,0.001065264456,-0.01012001187,0.003728425596,phone,user2,stand
49.16859743,0.9241618514,-9.696516991,0.720654726,0.001597896684,-0.008522115648,0.007989482954,phone,user2,stand
49.18861446,0.9552865028,-9.696516991,0.7493851185,0.005858954508,-0.01012001187,0.01225054078,phone,user2,stand
49.20863365,0.9672574997,-9.698910713,0.739808321,0.008522115648,-0.01438106969,0.01438106969,phone,user2,stand
49.2286531,0.9504981041,-9.701305389,0.720654726,0.01118527725,-0.01225054078,0.01278317347,phone,user2,stand
49.24866943,0.9337386489,-9.725247383,0.7086837292,0.01171790902,-0.004793690052,0.01065264456,phone,user2,stand
49.26869595,0.9193734527,-9.722852707,0.6823474765,0.01012001187,0.001065264456,0.01065264456,phone,user2,stand
49.2887281,0.921767652,-9.730035782,0.6631938815,0.007456851192,0.003195793368,0.01278317347,phone,user2,stand
49.30874634,0.9385270476,-9.713275909,0.6775590777,0.004793690052,0.006391586736,0.01225054078,phone,user2,stand
49.32876708,0.9552865028,-9.698910713,0.720654726,0.003728425596,0.008522115648,0.01225054078,phone,user2,stand
49.34878865,0.9768342972,-9.701305389,0.7350199223,0.003728425596,0.01225054078,0.009054748341,phone,user2,stand
49.3688063,0.9433154464,-9.710882187,0.7350199223,0.00532632228,0.01225054078,0.006924218964,phone,user2,stand
49.38882017,0.9361328483,-9.696516991,0.7302315235,0.006391586736,0.006924218964,0.009054748341,phone,user2,stand
49.40883083,0.9385270476,-9.730035782,0.7062895298,0.006924218964,0.00532632228,0.01171790902,phone,user2,stand
49.42883419,0.9840168953,-9.710882187,0.7254431248,0.006924218964,0.006391586736,0.01065264456,phone,user2,stand
49.44884079,0.9696516991,-9.722852707,0.7254431248,0.007456851192,0.001065264456,0.006391586736,phone,user2,stand
49.46883896,0.9169792533,-9.730035782,0.7326257229,0.007989482954,0.001597896684,0.00532632228,phone,user2,stand
49.48885458,0.8810662031,-9.720458984,0.6871358752,0.006391586736,-0.00532632228,0.008522115648,phone,user2,stand
49.50887572,0.9289502501,-9.727641106,0.6631938815,0.002130528912,0.002130528912,0.008522115648,phone,user2,stand
49.52890626,0.9672574997,-9.718064308,0.7038952708,-0.004261057824,0.01118527725,0.003728425596,phone,user2,stand
49.54892345,0.8930372596,-9.698910713,0.758961916,-0.00532632228,0.01225054078,0.001065264456,phone,user2,stand
49.56894595,0.8595184088,-9.710882187,0.8164227605,-0.001597896684,0.008522115648,0.00532632228,phone,user2,stand
49.58896614,0.9050082564,-9.730035782,0.7685387731,0.005858954508,0.00532632228,0.005858954508,phone,user2,stand
49.60898654,0.9576807022,-9.730035782,0.7110779285,0.001597896684,0.01012001187,0.00266316114,phone,user2,stand
49.62899978,0.9121908545,-9.696516991,0.7350199223,-0.003728425596,0.009587380104,0.00266316114,phone,user2,stand
49.64901876,0.8475474119,-9.710882187,0.7924807668,-0.00266316114,0.01544633508,0.005858954508,phone,user2,stand
49.66903357,0.8595184088,-9.689333916,0.7924807668,0.001597896684,0.01864212751,0.009054748341,phone,user2,stand
49.68904716,0.9074024558,-9.672574997,0.739808321,0.004261057824,0.01384843793,0.01278317347,phone,user2,stand
49.70906595,0.9768342972,-9.722852707,0.6895300746,0.001597896684,0.01012001187,0.01331580617,phone,user2,stand
49.72908306,0.9935936928,-9.710882187,0.7445967197,0.004261057824,0.003728425596,0.01544633508,phone,user2,stand
49.74910298,0.9744400978,-9.708487511,0.7661445141,0.008522115648,0.000532632228,0.01225054078,phone,user2,stand
49.76912212,0.9385270476,-9.708487511,0.7541735172,0.008522115648,0.00266316114,0.009587380104,phone,user2,stand
49.78914181,0.9457096457,-9.725247383,0.7110779285,0.006924218964,-0.004793690052,0.009054748341,phone,user2,stand
49.80916325,0.9648633003,-9.730035782,0.720654726,0.005858954508,-0.008522115648,0.009587380104,phone,user2,stand
49.82918185,0.9696516991,-9.703699112,0.7374141216,0.008522115648,-0.01065264456,0.007989482954,phone,user2,stand
49.84920364,0.9313444495,-9.689333916,0.7517793179,0.01225054078,-0.01278317347,0.005858954508,phone,user2,stand
49.86922173,0.8810662031,-9.703699112,0.7637503147,0.01118527725,-0.01438106969,0.00532632228,phone,user2,stand
49.88923532,0.8020575643,-9.715670586,0.7374141216,0.01118527725,-0.01331580617,0.006924218964,phone,user2,stand
49.90924396,0.8116343617,-9.713275909,0.7254431248,0.01012001187,-0.003195793368,0.009587380104,phone,user2,stand
49.92925528,0.8619126081,-9.722852707,0.7158663273,0.009587380104,0.002130528912,0.01118527725,phone,user2,stand
49.9492781,0.8930372596,-9.710882187,0.7469909191,0.006391586736,0.001065264456,0.01012001187,phone,user2,stand
49.96929818,0.873883605,-9.734824181,0.7924807668,0.004261057824,-0.000532632228,0.007989482954,phone,user2,stand
49.98932478,0.8283938169,-9.718064308,0.8092401624,0.007456851192,0.001065264456,0.006924218964,phone,user2,stand
50.00934974,0.8427590132,-9.715670586,0.7637503147,0.009587380104,0.003195793368,0.008522115648,phone,user2,stand
50.02936872,0.8523358107,-9.737217903,0.7493851185,0.008522115648,0.00266316114,0.007456851192,phone,user2,stand
50.04939607,0.8667010069,-9.722852707,0.7445967197,0.005858954508,0.004261057824,0.005858954508,phone,user2,stand
50.06942302,0.873883605,-9.715670586,0.7302315235,0.003195793368,0.007456851192,0.004793690052,phone,user2,stand
50.08945025,0.873883605,-9.710882187,0.7613561153,-0.001065264456,0.007456851192,0.00532632228,phone,user2,stand
50.10947618,0.8714894056,-9.720458984,0.7781155705,-0.000532632228,0.01118527725,0.003728425596,phone,user2,stand
50.12950482,0.8714894056,-9.710882187,0.7948749661,0.001597896684,0.003728425596,0.004261057824,phone,user2,stand
50.14953177,0.8786720037,-9.725247383,0.7781155705,0.003195793368,-0.004793690052,0.003195793368,phone,user2,stand
50.16955728,0.8667010069,-9.706093788,0.8020575643,0.004793690052,-0.004793690052,0.00266316114,phone,user2,stand
50.18958404,0.8619126081,-9.720458984,0.7852981687,0.005858954508,-0.003195793368,0.001597896684,phone,user2,stand
50.20960829,0.8499416113,-9.734824181,0.758961916,0.00532632228,-0.001597896684,0.001065264456,phone,user2,stand
50.22962365,0.8283938169,-9.725247383,0.7469909191,0.004261057824,-0.000532632228,-0.000532632228,phone,user2,stand
50.24964404,0.8499416113,-9.725247383,0.7445967197,0.001065264456,-0.001065264456,0.0,phone,user2,stand
50.2696629,0.85473001,-9.727641106,0.7709329724,-0.00266316114,-0.001065264456,-0.002130528912,phone,user2,stand
50.28968517,0.8307880163,-9.710882187,0.8020575643,-0.003728425596,0.002130528912,-0.00532632228,phone,user2,stand
50.30970564,0.825999558,-9.694122314,0.8212111592,-0.002130528912,0.002130528912,-0.004261057824,phone,user2,stand
50.32972763,0.8714894056,-9.742006302,0.7829039693,0.002130528912,0.003195793368,-0.002130528912,phone,user2,stand
50.34975415,0.8882488012,-9.737217903,0.7637503147,0.001065264456,0.003195793368,-0.004261057824,phone,user2,stand
50.36977767,0.8834604025,-9.732429504,0.8020575643,-0.000532632228,-0.003728425596,-0.006924218964,phone,user2,stand
50.38979736,0.8092401624,-9.706093788,0.7924807668,-0.003195793368,-0.009054748341,-0.009587380104,phone,user2,stand
50.4098081,0.787692368,-9.691728592,0.8140285611,-0.006391586736,-0.003195793368,-0.007456851192,phone,user2,stand
50.42982036,0.8044517636,-9.679757118,0.8212111592,-0.003728425596,-0.000532632228,-0.003195793368,phone,user2,stand
50.44983493,0.8786720037,-9.694122314,0.8212111592,-0.001597896684,-0.004793690052,-0.002130528912,phone,user2,stand
50.46985349,0.8762778044,-9.710882187,0.8188169599,-0.001597896684,-0.005858954508,-0.003728425596,phone,user2,stand
50.48987595,0.8331822157,-9.708487511,0.8188169599,-0.000532632228,-0.01065264456,-0.004793690052,phone,user2,stand
50.50990392,0.8307880163,-9.725247383,0.8116343617,-0.003195793368,-0.01012001187,-0.00266316114,phone,user2,stand
50.52992529,0.8571242094,-9.718064308,0.8116343617,-0.006391586736,-0.004261057824,-0.004793690052,phone,user2,stand
50.54995189,0.8595184088,-9.722852707,0.7685387731,-0.00532632228,-0.003195793368,-0.006924218964,phone,user2,stand
50.56997544,0.8858546019,-9.708487511,0.739808321,-0.006391586736,-0.000532632228,-0.008522115648,phone,user2,stand
50.58999138,0.8882488012,-9.713275909,0.7852981687,-0.009054748341,-0.004793690052,-0.009054748341,phone,user2,stand
50.61000958,0.8882488012,-9.710882187,0.8331822157,-0.008522115648,-0.01118527725,-0.008522115648,phone,user2,stand
50.63003064,0.8667010069,-9.703699112,0.825999558,-0.004793690052,-0.01171790902,-0.007989482954,phone,user2,stand
50.65004708,0.8667010069,-9.710882187,0.7829039693,-0.001597896684,-0.007989482954,-0.007456851192,phone,user2,stand
50.67006072,0.8451532125,-9.713275909,0.7350199223,-0.001597896684,-0.007456851192,-0.007456851192,phone,user2,stand
50.690077,0.8786720037,-9.718064308,0.7374141216,-0.004793690052,-0.007989482954,-0.005858954508,phone,user2,stand
50.71009392,0.8762778044,-9.718064308,0.7565677166,-0.00532632228,-0.005858954508,-0.005858954508,phone,user2,stand
50.73010681,0.8786720037,-9.715670586,0.7829039693,-0.006391586736,-0.002130528912,-0.006391586736,phone,user2,stand
50.75013404,0.873883605,-9.718064308,0.8020575643,-0.00532632228,0.0,-0.007989482954,phone,user2,stand
50.77015876,0.9026140571,-9.718064308,0.7733271718,-0.003195793368,-0.001065264456,-0.006391586736,phone,user2,stand
50.79017278,0.9145850539,-9.710882187,0.7326257229,-0.004261057824,0.003195793368,-0.007456851192,phone,user2,stand
50.81018032,0.921767652,-9.708487511,0.739808321,-0.01012001187,0.006391586736,-0.009054748341,phone,user2,stand
50.83018587,0.9050082564,-9.722852707,0.7661445141,-0.01118527725,0.006924218964,-0.01012001187,phone,user2,stand
50.85019388,0.873883605,-9.698910713,0.806845963,-0.007989482954,0.00532632228,-0.006924218964,phone,user2,stand
50.87020286,0.8834604025,-9.691728592,0.7924807668,-0.006924218964,0.00266316114,-0.005858954508,phone,user2,stand
50.89021724,0.9169792533,-9.708487511,0.7757213712,-0.00532632228,0.00532632228,-0.004261057824,phone,user2,stand
50.91024177,0.9361328483,-9.725247383,0.758961916,-0.004793690052,0.007989482954,-0.004793690052,phone,user2,stand
50.93025935,0.9361328483,-9.708487511,0.7661445141,-0.004261057824,0.008522115648,-0.004261057824,phone,user2,stand
50.95028243,0.9433154464,-9.715670586,0.7781155705,-0.003728425596,0.006391586736,-0.00266316114,phone,user2,stand
50.97030072,0.9361328483,-9.718064308,0.7493851185,-0.001065264456,-0.000532632228,-0.004261057824,phone,user2,stand
50.99030931,0.9193734527,-9.703699112,0.7445967197,-0.003728425596,-0.00266316114,-0.004793690052,phone,user2,stand
51.01032044,0.9169792533,-9.713275909,0.7565677166,-0.004261057824,-0.003195793368,-0.003728425596,phone,user2,stand
51.03032298,0.9289502501,-9.730035782,0.7565677166,-0.003195793368,-0.004261057824,-0.004793690052,phone,user2,stand
51.05032868,0.9145850539,-9.730035782,0.7637503147,-0.003728425596,-0.003195793368,-0.006391586736,phone,user2,stand
51.07034052,0.8786720037,-9.703699112,0.7781155705,-0.004261057824,-0.004793690052,-0.007989482954,phone,user2,stand
51.09036325,0.8307880163,-9.715670586,0.7685387731,-0.004261057824,-0.004261057824,-0.005858954508,phone,user2,stand
51.11039025,0.8523358107,-9.696516991,0.7613561153,-0.001597896684,0.000532632228,-0.000532632228,phone,user2,stand
51.13040911,0.9193734527,-9.694122314,0.7350199223,-0.001597896684,0.003728425596,-0.000532632228,phone,user2,stand
51.15042599,0.9385270476,-9.706093788,0.739808321,-0.00532632228,0.00532632228,-0.004261057824,phone,user2,stand
51.17044208,0.9097966552,-9.715670586,0.7829039693,-0.005858954508,0.00266316114,-0.003195793368,phone,user2,stand
51.19045407,0.9074024558,-9.732429504,0.7685387731,-0.00266316114,-0.001065264456,-0.004793690052,phone,user2,stand
51.21047607,0.9121908545,-9.725247383,0.7613561153,-0.004793690052,0.000532632228,-0.006924218964,phone,user2,stand
51.23049525,0.9169792533,-9.703699112,0.7709329724,-0.006391586736,-0.002130528912,-0.006924218964,phone,user2,stand
51.25051626,0.9337386489,-9.715670586,0.7757213712,-0.00532632228,-0.00266316114,-0.007456851192,phone,user2,stand
51.27054278,0.9193734527,-9.701305389,0.7541735172,-0.003195793368,-0.00266316114,-0.008522115648,phone,user2,stand
51.29056822,0.8906430602,-9.713275909,0.7493851185,-0.004793690052,-0.005858954508,-0.01118527725,phone,user2,stand
51.31058255,0.8451532125,-9.715670586,0.7422025204,-0.007989482954,-0.003728425596,-0.01118527725,phone,user2,stand
51.33059517,0.806845963,-9.710882187,0.7709329724,-0.01012001187,-0.00266316114,-0.007989482954,phone,user2,stand
51.35061482,0.8571242094,-9.703699112,0.7852981687,-0.008522115648,-0.004261057824,-0.004261057824,phone,user2,stand
51.37063361,0.9002198577,-9.710882187,0.7733271718,-0.006924218964,-0.004261057824,-0.001597896684,phone,user2,stand
51.3906499,0.9121908545,-9.691728592,0.7757213712,-0.006391586736,-0.002130528912,-0.003195793368,phone,user2,stand
51.4106681,0.9026140571,-9.713275909,0.7685387731,-0.004261057824,-0.001065264456,-0.006391586736,phone,user2,stand
51.43067884,0.9074024558,-9.722852707,0.739808321,-0.003728425596,0.001597896684,-0.006391586736,phone,user2,stand
51.45069626,0.8882488012,-9.732429504,0.7086837292,-0.006391586736,0.006391586736,-0.008522115648,phone,user2,stand
51.47070814,0.895431459,-9.708487511,0.7062895298,-0.01012001187,0.01225054078,-0.006391586736,phone,user2,stand
51.49072521,0.9074024558,-9.682151794,0.7637503147,-0.01171790902,0.01438106969,-0.003728425596,phone,user2,stand
51.51073786,0.9097966552,-9.696516991,0.7852981687,-0.007989482954,0.01171790902,-0.003728425596,phone,user2,stand
51.53075615,0.9337386489,-9.701305389,0.7661445141,-0.004793690052,0.007989482954,-0.00266316114,phone,user2,stand
51.55077087,0.9385270476,-9.713275909,0.739808321,-0.001597896684,0.003195793368,-0.003195793368,phone,user2,stand
51.57078329,0.962469101,-9.727641106,0.6943184733,-0.001597896684,0.003728425596,-0.00266316114,phone,user2,stand
51.59078892,0.9768342972,-9.718064308,0.7086837292,-0.004261057824,0.006924218964,-0.004793690052,phone,user2,stand
51.61080263,0.9528923035,-9.722852707,0.7422025204,-0.006391586736,0.008522115648,-0.007989482954,phone,user2,stand
51.63081853,0.9169792533,-9.708487511,0.7422025204,-0.003728425596,0.001597896684,-0.007456851192,phone,user2,stand
51.65083122,0.9265560508,-9.701305389,0.7158663273,-0.003728425596,0.001597896684,-0.007456851192,phone,user2,stand
51.67085388,0.940921247,-9.718064308,0.7062895298,-0.004261057824,0.002130528912,-0.006924218964,phone,user2,stand
51.69087103,0.9600749016,-9.730035782,0.7182605267,-0.006391586736,0.005858954508,-0.007989482954,phone,user2,stand
51.7108799,0.9361328483,-9.718064308,0.7541735172,-0.006924218964,0.003728425596,-0.01012001187,phone,user2,stand
51.73088904,0.9145850539,-9.718064308,0.7517793179,-0.005858954508,-0.001065264456,-0.01225054078,phone,user2,stand
51.75089849,0.8786720037,-9.713275909,0.7469909191,-0.007989482954,0.00266316114,-0.009054748341,phone,user2,stand
51.77090337,0.8786720037,-9.694122314,0.7469909191,-0.007989482954,0.007989482954,-0.005858954508,phone,user2,stand
51.79091267,0.9145850539,-9.689333916,0.7422025204,-0.00532632228,0.01065264456,-0.005858954508,phone,user2,stand
51.81091986,0.9145850539,-9.694122314,0.7469909191,-0.005858954508,0.01225054078,-0.004793690052,phone,user2,stand
51.83092478,0.9097966552,-9.703699112,0.7613561153,-0.003728425596,0.008522115648,-0.001065264456,phone,user2,stand
51.85093107,0.9385270476,-9.725247383,0.7445967197,-0.002130528912,0.00532632228,-0.000532632228,phone,user2,stand
51.87094064,0.9481038451,-9.710882187,0.7326257229,-0.003728425596,0.007989482954,-0.002130528912,phone,user2,stand
51.89095482,0.9648633003,-9.739612579,0.7158663273,-0.00532632228,0.007456851192,-0.006391586736,phone,user2,stand
51.91096466,0.9576807022,-9.739612579,0.7278373241,-0.006391586736,0.008522115648,-0.006924218964,phone,user2,stand
51.93097943,0.9648633003,-9.696516991,0.720654726,-0.007989482954,0.007456851192,-0.008522115648,phone,user2,stand
51.95099454,0.9600749016,-9.710882187,0.7254431248,-0.006924218964,0.003728425596,-0.009054748341,phone,user2,stand
51.97100802,0.9528923035,-9.725247383,0.7254431248,-0.008522115648,0.002130528912,-0.01225054078,phone,user2,stand
51.99101677,0.9121908545,-9.689333916,0.7517793179,-0.009054748341,0.003195793368,-0.01118527725,phone,user2,stand
52.01102833,0.921767652,-9.703699112,0.7469909191,-0.006924218964,0.00532632228,-0.009587380104,phone,user2,stand
52.03104501,0.9145850539,-9.710882187,0.7422025204,-0.004793690052,0.006391586736,-0.004793690052,phone,user2,stand
52.05106013,0.9481038451,-9.691728592,0.7350199223,-0.001597896684,-0.001065264456,0.000532632228,phone,user2,stand
52.07107029,0.9648633003,-9.686940193,0.739808321,0.001065264456,-0.003195793368,0.001065264456,phone,user2,stand
52.09108322,0.9528923035,-9.710882187,0.7445967197,0.002130528912,-0.003728425596,0.002130528912,phone,user2,stand
52.11110048,0.9337386489,-9.710882187,0.7422025204,0.003728425596,-0.004261057824,0.002130528912,phone,user2,stand
52.13111657,0.940921247,-9.720458984,0.7350199223,0.003728425596,-0.006391586736,0.00266316114,phone,user2,stand
52.15113431,0.9648633003,-9.718064308,0.7062895298,0.004261057824,-0.00532632228,0.002130528912,phone,user2,stand
52.17115618,0.9552865028,-9.715670586,0.6895300746,0.000532632228,-0.002130528912,0.001065264456,phone,user2,stand
52.1911824,0.9481038451,-9.710882187,0.7038952708,-0.002130528912,0.002130528912,-0.001065264456,phone,user2,stand
52.21121173,0.9576807022,-9.710882187,0.7445967197,-0.00266316114,0.000532632228,-0.000532632228,phone,user2,stand
52.23123552,0.9481038451,-9.691728592,0.7422025204,0.0,0.000532632228,-0.000532632228,phone,user2,stand
52.25124904,0.9457096457,-9.718064308,0.7326257229,0.001065264456,-0.001065264456,-0.001065264456,phone,user2,stand
52.27126169,0.9433154464,-9.713275909,0.7278373241,0.00266316114,-0.001597896684,-0.000532632228,phone,user2,stand
52.29128173,0.9241618514,-9.691728592,0.7134721279,0.00266316114,0.0,-0.001597896684,phone,user2,stand
52.31129146,0.9241618514,-9.722852707,0.7278373241,0.000532632228,0.000532632228,-0.001065264456,phone,user2,stand
52.33129919,0.9121908545,-9.744400978,0.7350199223,-0.000532632228,0.001065264456,-0.001065264456,phone,user2,stand
52.35130591,0.9074024558,-9.710882187,0.739808321,0.0,-0.002130528912,-0.001597896684,phone,user2,stand
52.37131318,0.9026140571,-9.696516991,0.7445967197,-0.000532632228,-0.002130528912,-0.000532632228,phone,user2,stand
52.3913154,0.8882488012,-9.694122314,0.739808321,-0.003195793368,0.004261057824,0.000532632228,phone,user2,stand
52.41131697,0.9050082564,-9.691728592,0.7613561153,-0.00266316114,0.009054748341,0.000532632228,phone,user2,stand
52.4313281,0.9457096457,-9.722852707,0.7445967197,0.000532632228,0.007989482954,0.001065264456,phone,user2,stand
52.45133532,0.9768342972,-9.730035782,0.7230489254,-0.001065264456,0.00532632228,0.000532632228,phone,user2,stand
52.47134446,0.9792284966,-9.720458984,0.7374141216,-0.001065264456,0.001597896684,-0.001065264456,phone,user2,stand
52.49135587,0.9528923035,-9.722852707,0.739808321,-0.002130528912,0.003195793368,-0.004793690052,phone,user2,stand
52.51136255,0.9097966552,-9.718064308,0.7469909191,0.000532632228,0.003195793368,-0.00266316114,phone,user2,stand
52.53136794,0.9265560508,-9.698910713,0.7422025204,0.0,-0.000532632228,-0.002130528912,phone,user2,stand
52.55137716,0.9145850539,-9.696516991,0.7565677166,0.0,-0.002130528912,-0.001597896684,phone,user2,stand
52.57138001,0.9313444495,-9.689333916,0.7469909191,0.002130528912,-0.001597896684,0.000532632228,phone,user2,stand
52.59138474,0.9121908545,-9.701305389,0.7661445141,0.003728425596,-0.006391586736,0.00266316114,phone,user2,stand
52.61139157,0.8882488012,-9.715670586,0.7493851185,0.004793690052,-0.005858954508,0.002130528912,phone,user2,stand
52.63139657,0.8882488012,-9.727641106,0.7374141216,0.003195793368,-0.004793690052,0.001597896684,phone,user2,stand
52.6514049,0.8858546019,-9.730035782,0.7134721279,0.001597896684,-0.000532632228,0.002130528912,phone,user2,stand
52.67140782,0.8810662031,-9.698910713,0.7278373241,-0.003195793368,0.002130528912,0.00532632228,phone,user2,stand
52.69141427,0.9169792533,-9.694122314,0.7613561153,-0.003728425596,0.002130528912,0.007456851192,phone,user2,stand
52.71142083,0.9433154464,-9.698910713,0.7781155705,0.0,0.002130528912,0.006924218964,phone,user2,stand
52.7314254,0.9600749016,-9.715670586,0.7733271718,0.003195793368,0.002130528912,0.00532632228,phone,user2,stand
52.75143509,0.9504981041,-9.725247383,0.7230489254,0.003195793368,-0.000532632228,0.002130528912,phone,user2,stand
52.77144935,0.962469101,-9.710882187,0.7110779285,0.0,0.000532632228,0.001597896684,phone,user2,stand
52.79146763,0.9552865028,-9.725247383,0.739808321,-0.001065264456,-0.000532632228,0.001065264456,phone,user2,stand
52.81148157,0.9528923035,-9.701305389,0.758961916,-0.002130528912,0.00266316114,0.001065264456,phone,user2,stand
52.83151212,0.9481038451,-9.696516991,0.7709329724,-0.001065264456,-0.000532632228,-0.000532632228,phone,user2,stand
52.85153657,0.9289502501,-9.701305389,0.7517793179,0.0,-0.002130528912,0.0,phone,user2,stand
52.87155431,0.9169792533,-9.696516991,0.7541735172,0.001597896684,-0.001597896684,0.000532632228,phone,user2,stand
52.89157079,0.9457096457,-9.722852707,0.7541735172,0.001597896684,-0.003728425596,0.001597896684,phone,user2,stand
52.91158837,0.9313444495,-9.689333916,0.7709329724,0.00266316114,-0.006391586736,0.001065264456,phone,user2,stand
52.93160415,0.9121908545,-9.696516991,0.7661445141,0.003195793368,-0.007989482954,0.001597896684,phone,user2,stand
52.9516247,0.9289502501,-9.732429504,0.720654726,0.00532632228,-0.009054748341,0.0,phone,user2,stand
52.971644,0.9265560508,-9.744400978,0.7086837292,0.001597896684,-0.006391586736,-0.000532632228,phone,user2,stand
52.99166743,0.8906430602,-9.725247383,0.7062895298,-0.001065264456,-0.006391586736,-0.000532632228,phone,user2,stand
53.011689,0.8690952063,-9.710882187,0.7254431248,-0.003728425596,-0.002130528912,0.002130528912,phone,user2,stand
53.0317104,0.8595184088,-9.703699112,0.758961916,-0.004261057824,0.003728425596,0.004793690052,phone,user2,stand
53.051727,0.9145850539,-9.689333916,0.7469909191,-0.000532632228,0.005858954508,0.006391586736,phone,user2,stand
53.07175364,0.962469101,-9.708487511,0.7374141216,-0.000532632228,0.005858954508,0.006924218964,phone,user2,stand
53.09176888,0.9935936928,-9.722852707,0.7350199223,0.001065264456,0.000532632228,0.00532632228,phone,user2,stand
53.111777,0.9959878922,-9.718064308,0.7254431248,0.003195793368,-0.003195793368,0.003195793368,phone,user2,stand
53.13178505,0.9528923035,-9.730035782,0.7230489254,0.001065264456,0.0,-0.001065264456,phone,user2,stand
53.15179048,0.9337386489,-9.732429504,0.739808321,0.001597896684,0.002130528912,-0.003195793368,phone,user2,stand
53.17180868,0.9050082564,-9.706093788,0.7254431248,-0.000532632228,0.00266316114,-0.001065264456,phone,user2,stand
53.19182755,0.9074024558,-9.696516991,0.7326257229,-0.000532632228,0.004261057824,0.001597896684,phone,user2,stand
53.2118413,0.9169792533,-9.684545517,0.7469909191,0.001597896684,0.0,0.003728425596,phone,user2,stand
53.23185525,0.9026140571,-9.703699112,0.7493851185,0.00266316114,0.0,0.004261057824,phone,user2,stand
53.25186286,0.9097966552,-9.715670586,0.7493851185,0.002130528912,-0.001065264456,0.006391586736,phone,user2,stand
53.27186907,0.9121908545,-9.710882187,0.7613561153,0.00266316114,-0.000532632228,0.007456851192,phone,user2,stand
53.29187669,0.9361328483,-9.725247383,0.758961916,0.004261057824,-0.00266316114,0.007989482954,phone,user2,stand
53.31188517,0.9481038451,-9.715670586,0.7637503147,0.004793690052,-0.008522115648,0.005858954508,phone,user2,stand
53.33189404,0.9481038451,-9.725247383,0.7350199223,0.006391586736,-0.007456851192,0.004261057824,phone,user2,stand
53.35190478,0.921767652,-9.718064308,0.7182605267,0.003728425596,-0.001597896684,0.001597896684,phone,user2,stand
53.37191993,0.8930372596,-9.720458984,0.739808321,0.001065264456,0.001597896684,0.001065264456,phone,user2,stand
53.39193294,0.9002198577,-9.706093788,0.7445967197,-0.001065264456,0.001597896684,0.001065264456,phone,user2,stand
53.41193587,0.9145850539,-9.710882187,0.7278373241,-0.002130528912,0.000532632228,0.003195793368,phone,user2,stand
53.43195294,0.9289502501,-9.710882187,0.7493851185,-0.002130528912,0.000532632228,0.003195793368,phone,user2,stand
53.45197177,0.921767652,-9.703699112,0.787692368,0.0,-0.002130528912,0.004793690052,phone,user2,stand
53.47198333,0.9121908545,-9.703699112,0.7948749661,0.004261057824,-0.003728425596,0.003728425596,phone,user2,stand
53.49200294,0.9169792533,-9.715670586,0.7613561153,0.00532632228,-0.005858954508,0.004261057824,phone,user2,stand
53.51202685,0.9050082564,-9.725247383,0.7302315235,0.00266316114,-0.003728425596,0.003728425596,phone,user2,stand
53.53203966,0.9121908545,-9.730035782,0.7182605267,0.000532632228,0.0,0.002130528912,phone,user2,stand
53.55204708,0.9241618514,-9.730035782,0.7326257229,-0.000532632228,0.0,0.001065264456,phone,user2,stand
53.57205286,0.9121908545,-9.703699112,0.7517793179,0.0,0.000532632228,0.000532632228,phone,user2,stand
53.59206185,0.895431459,-9.686940193,0.7565677166,-0.001065264456,-0.001065264456,0.002130528912,phone,user2,stand
53.61206427,0.921767652,-9.734824181,0.7493851185,0.001597896684,-0.003195793368,0.00266316114,phone,user2,stand
53.63206786,0.9457096457,-9.734824181,0.7254431248,0.000532632228,-0.002130528912,0.00266316114,phone,user2,stand
53.65207802,0.9313444495,-9.720458984,0.7445967197,0.0,-0.007456851192,0.000532632228,phone,user2,stand
53.6721004,0.8786720037,-9.708487511,0.7517793179,-0.00266316114,-0.006924218964,0.001065264456,phone,user2,stand
53.69211521,0.8451532125,-9.691728592,0.7685387731,0.0,0.0,0.003728425596,phone,user2,stand
53.71213372,0.8978256583,-9.689333916,0.7445967197,0.00266316114,0.003728425596,0.00532632228,phone,user2,stand
53.73215607,0.9481038451,-9.720458984,0.7254431248,0.001597896684,0.006391586736,0.003195793368,phone,user2,stand
53.75216525,0.962469101,-9.725247383,0.7278373241,-0.001065264456,0.002130528912,0.003195793368,phone,user2,stand
53.77218025,0.9481038451,-9.715670586,0.7469909191,0.001597896684,-0.004793690052,0.003728425596,phone,user2,stand
53.79219747,0.9361328483,-9.718064308,0.7278373241,0.003195793368,-0.002130528912,0.001065264456,phone,user2,stand
53.81222017,0.921767652,-9.713275909,0.7254431248,-0.001597896684,0.001597896684,-0.00266316114,phone,user2,stand
53.83224306,0.9121908545,-9.715670586,0.7326257229,-0.00266316114,0.002130528912,-0.002130528912,phone,user2,stand
53.85225724,0.9050082564,-9.710882187,0.7541735172,0.001597896684,0.0,0.002130528912,phone,user2,stand
53.87226728,0.9265560508,-9.708487511,0.739808321,0.003195793368,-0.005858954508,0.00266316114,phone,user2,stand
53.89228724,0.9289502501,-9.720458984,0.7182605267,0.0,-0.007989482954,0.001065264456,phone,user2,stand
53.91230521,0.8882488012,-9.703699112,0.7541735172,-0.002130528912,-0.00532632228,0.001065264456,phone,user2,stand
53.93231954,0.8810662031,-9.710882187,0.7637503147,0.000532632228,-0.004261057824,0.002130528912,phone,user2,stand
53.95233419,0.9169792533,-9.727641106,0.7445967197,0.0,-0.00266316114,0.00266316114,phone,user2,stand
53.97234614,0.9313444495,-9.703699112,0.7493851185,-0.000532632228,-0.00532632228,0.001597896684,phone,user2,stand
53.99237044,0.9169792533,-9.706093788,0.7733271718,0.001065264456,-0.006924218964,0.001065264456,phone,user2,stand
54.0123963,0.8906430602,-9.708487511,0.7757213712,0.00266316114,-0.00266316114,0.0,phone,user2,stand
54.03241704,0.9026140571,-9.722852707,0.7350199223,0.003728425596,-0.000532632228,0.000532632228,phone,user2,stand
54.05243708,0.8930372596,-9.727641106,0.7254431248,0.001065264456,-0.000532632228,0.0,phone,user2,stand
54.07246505,0.8810662031,-9.722852707,0.7422025204,-0.002130528912,0.0,-0.000532632228,phone,user2,stand
54.09249368,0.8930372596,-9.706093788,0.7374141216,-0.003728425596,0.001065264456,0.001065264456,phone,user2,stand
54.1125124,0.9074024558,-9.706093788,0.7493851185,-0.003195793368,0.00266316114,0.002130528912,phone,user2,stand
54.13253368,0.9289502501,-9.710882187,0.758961916,-0.002130528912,0.001065264456,0.002130528912,phone,user2,stand
54.15255279,0.9169792533,-9.703699112,0.7733271718,0.001597896684,0.000532632228,0.003195793368,phone,user2,stand
54.17257415,0.921767652,-9.703699112,0.7709329724,0.002130528912,-0.001065264456,0.00266316114,phone,user2,stand
54.19259759,0.9289502501,-9.713275909,0.7541735172,0.003195793368,-0.003195793368,0.00266316114,phone,user2,stand
54.21262724,0.9289502501,-9.718064308,0.7350199223,0.00266316114,-0.003195793368,0.001065264456,phone,user2,stand
54.23265064,0.9265560508,-9.710882187,0.7254431248,-0.001065264456,-0.001597896684,0.001597896684,phone,user2,stand
54.25267435,0.9074024558,-9.720458984,0.7469909191,-0.002130528912,0.000532632228,0.00266316114,phone,user2,stand
54.27270146,0.9241618514,-9.703699112,0.758961916,0.000532632228,-0.001065264456,0.00266316114,phone,user2,stand
54.29273083,0.921767652,-9.698910713,0.7541735172,0.001597896684,-0.004793690052,0.003195793368,phone,user2,stand
54.31276829,0.9169792533,-9.701305389,0.7469909191,0.00266316114,-0.009054748341,0.004793690052,phone,user2,stand
54.3328049,0.9265560508,-9.727641106,0.7350199223,0.003195793368,-0.007989482954,0.003728425596,phone,user2,stand
54.35282861,0.9313444495,-9.744400978,0.7326257229,0.002130528912,-0.003728425596,0.003195793368,phone,user2,stand
54.37285829,0.9265560508,-9.727641106,0.739808321,0.001597896684,-0.007456851192,-0.000532632228,phone,user2,stand
54.39288591,0.8667010069,-9.718064308,0.739808321,0.0,-0.003728425596,0.001065264456,phone,user2,stand
54.41290614,0.8403648138,-9.698910713,0.7326257229,0.0,-0.001065264456,0.006391586736,phone,user2,stand
54.43293208,0.9145850539,-9.694122314,0.7254431248,0.001597896684,0.000532632228,0.007456851192,phone,user2,stand
54.45295513,0.9696516991,-9.710882187,0.7326257229,0.0,-0.000532632228,0.00532632228,phone,user2,stand
54.47297493,0.9768342972,-9.722852707,0.7685387731,0.00266316114,-0.003728425596,0.004261057824,phone,user2,stand
54.49299404,0.9481038451,-9.718064308,0.7781155705,0.006391586736,-0.007456851192,0.00266316114,phone,user2,stand
54.51301075,0.9074024558,-9.737217903,0.7374141216,0.006924218964,-0.001597896684,-0.000532632228,phone,user2,stand
54.53303607,0.8834604025,-9.718064308,0.7182605267,0.004261057824,-0.000532632228,0.000532632228,phone,user2,stand
54.55305486,0.9097966552,-9.730035782,0.7110779285,0.001065264456,0.0,-0.000532632228,phone,user2,stand
54.57307435,0.9193734527,-9.715670586,0.7182605267,-0.001597896684,0.001597896684,-0.001065264456,phone,user2,stand
54.59309943,0.9026140571,-9.684545517,0.7541735172,-0.00266316114,0.002130528912,-0.002130528912,phone,user2,stand
54.61312607,0.8762778044,-9.710882187,0.7685387731,-0.001597896684,-0.000532632228,-0.002130528912,phone,user2,stand
54.6331513,0.8810662031,-9.701305389,0.7733271718,-0.000532632228,-0.000532632228,-0.000532632228,phone,user2,stand
54.6531749,0.8858546019,-9.696516991,0.7733271718,0.000532632228,-0.002130528912,0.001065264456,phone,user2,stand
54.67320415,0.8978256583,-9.703699112,0.7637503147,0.001597896684,-0.003195793368,0.001597896684,phone,user2,stand
54.6932338,0.8978256583,-9.720458984,0.7517793179,0.00266316114,-0.008522115648,0.001597896684,phone,user2,stand
54.71325775,0.9002198577,-9.720458984,0.7350199223,0.002130528912,-0.005858954508,0.001065264456,phone,user2,stand
54.73327919,0.8810662031,-9.727641106,0.7254431248,0.000532632228,0.0,-0.001065264456,phone,user2,stand
54.75329407,0.8810662031,-9.718064308,0.739808321,-0.001597896684,0.006924218964,0.0,phone,user2,stand
54.77330681,0.8930372596,-9.718064308,0.7374141216,-0.003195793368,0.006924218964,-0.001597896684,phone,user2,stand
54.79331872,0.8786720037,-9.725247383,0.7422025204,-0.005858954508,0.01118527725,-0.003195793368,phone,user2,stand
54.81334712,0.8762778044,-9.706093788,0.7469909191,-0.005858954508,0.01384843793,-0.00266316114,phone,user2,stand
54.83337888,0.9145850539,-9.696516991,0.7517793179,-0.00532632228,0.01278317347,0.000532632228,phone,user2,stand
54.85340232,0.9481038451,-9.691728592,0.7709329724,-0.006391586736,0.01278317347,0.00266316114,phone,user2,stand
54.87341509,0.940921247,-9.703699112,0.7900865674,-0.003728425596,0.007989482954,0.001065264456,phone,user2,stand
54.89343497,0.9528923035,-9.720458984,0.7757213712,0.003195793368,0.00266316114,0.001065264456,phone,user2,stand
54.9134529,0.9504981041,-9.727641106,0.7015010715,0.004793690052,0.0,0.001065264456,phone,user2,stand
54.93347087,0.9552865028,-9.722852707,0.6799532771,-0.000532632228,-0.00266316114,0.000532632228,phone,user2,stand
54.9534938,0.9265560508,-9.718064308,0.7158663273,-0.004261057824,-0.002130528912,0.0,phone,user2,stand
54.97350943,0.9241618514,-9.701305389,0.7709329724,-0.003728425596,-0.003195793368,0.000532632228,phone,user2,stand
54.99352345,0.9457096457,-9.708487511,0.7709329724,0.000532632228,-0.004793690052,0.001065264456,phone,user2,stand
55.01353614,0.9313444495,-9.706093788,0.7278373241,0.001065264456,-0.007456851192,-0.000532632228,phone,user2,stand
55.03355822,0.9241618514,-9.694122314,0.7278373241,0.00266316114,-0.009587380104,0.002130528912,phone,user2,stand
55.05358904,0.921767652,-9.730035782,0.7422025204,0.003195793368,-0.009587380104,0.001065264456,phone,user2,stand
55.07361083,0.895431459,-9.734824181,0.7422025204,0.00266316114,-0.00266316114,-0.001065264456,phone,user2,stand
55.09363322,0.873883605,-9.718064308,0.720654726,0.003195793368,0.001597896684,0.0,phone,user2,stand
55.11364794,0.8619126081,-9.718064308,0.7062895298,-0.000532632228,-0.003195793368,0.001597896684,phone,user2,stand
55.13366099,0.8810662031,-9.715670586,0.7278373241,-0.003728425596,0.00266316114,0.00532632228,phone,user2,stand
55.15367716,0.9121908545,-9.694122314,0.7541735172,-0.00266316114,0.007456851192,0.006391586736,phone,user2,stand
55.17369423,0.9600749016,-9.698910713,0.758961916,0.002130528912,0.008522115648,0.003728425596,phone,user2,stand
55.19371333,0.9600749016,-9.715670586,0.7374141216,0.004261057824,0.001597896684,0.002130528912,phone,user2,stand
55.21372466,0.9504981041,-9.720458984,0.7469909191,0.004793690052,-0.003728425596,0.000532632228,phone,user2,stand
55.2337422,0.921767652,-9.715670586,0.739808321,0.004793690052,-0.004793690052,0.000532632228,phone,user2,stand
55.25375263,0.9026140571,-9.715670586,0.7350199223,0.002130528912,-0.004261057824,-0.001065264456,phone,user2,stand
55.27376111,0.8810662031,-9.727641106,0.739808321,0.001065264456,-0.006924218964,-0.001597896684,phone,user2,stand
55.29377458,0.8762778044,-9.710882187,0.7445967197,0.001597896684,-0.00532632228,0.001065264456,phone,user2,stand
55.31379446,0.8762778044,-9.694122314,0.7541735172,0.002130528912,-0.003195793368,0.004793690052,phone,user2,stand
55.33381454,0.8810662031,-9.706093788,0.7637503147,0.002130528912,-0.005858954508,0.00532632228,phone,user2,stand
55.35382751,0.8643068075,-9.727641106,0.7445967197,0.003728425596,-0.003728425596,0.003728425596,phone,user2,stand
55.37383876,0.8475474119,-9.722852707,0.7374141216,0.003728425596,-0.001065264456,0.003195793368,phone,user2,stand
55.39385786,0.8786720037,-9.727641106,0.7134721279,0.001065264456,0.001065264456,0.003728425596,phone,user2,stand
55.4138715,0.9026140571,-9.715670586,0.7278373241,-0.001065264456,0.006391586736,0.00532632228,phone,user2,stand
55.43388732,0.9241618514,-9.715670586,0.7445967197,-0.003195793368,0.007456851192,0.006391586736,phone,user2,stand
55.45390915,0.9289502501,-9.718064308,0.7517793179,-0.001065264456,0.01065264456,0.003195793368,phone,user2,stand
55.4739288,0.9121908545,-9.718064308,0.7445967197,0.000532632228,0.01225054078,-0.000532632228,phone,user2,stand
55.49394693,0.9265560508,-9.715670586,0.7326257229,0.000532632228,0.01171790902,-0.000532632228,phone,user2,stand
55.51396665,0.9313444495,-9.710882187,0.7254431248,-0.003195793368,0.01118527725,0.001065264456,phone,user2,stand
55.53399181,0.962469101,-9.701305389,0.7493851185,-0.004793690052,0.007989482954,0.002130528912,phone,user2,stand
55.55401446,0.9576807022,-9.698910713,0.7805097699,-0.00266316114,0.00266316114,0.000532632228,phone,user2,stand
55.57404044,0.9576807022,-9.715670586,0.7805097699,0.000532632228,-0.003195793368,0.001597896684,phone,user2,stand
55.59406798,0.9433154464,-9.710882187,0.7613561153,0.003195793368,-0.006391586736,0.001597896684,phone,user2,stand
55.61409294,0.9097966552,-9.706093788,0.7541735172,0.00266316114,-0.005858954508,0.000532632228,phone,user2,stand
55.63411064,0.9026140571,-9.718064308,0.7661445141,0.00266316114,-0.007456851192,0.0,phone,user2,stand
55.65412665,0.873883605,-9.715670586,0.7661445141,0.004261057824,-0.008522115648,0.001597896684,phone,user2,stand
55.67415654,0.8810662031,-9.722852707,0.739808321,0.004261057824,-0.007989482954,0.002130528912,phone,user2,stand
55.69418122,0.8930372596,-9.727641106,0.7086837292,0.00266316114,-0.007989482954,0.003195793368,phone,user2,stand
55.714212,0.8930372596,-9.715670586,0.7182605267,-0.001597896684,-0.004793690052,0.001597896684,phone,user2,stand
55.734227,0.8906430602,-9.708487511,0.7733271718,-0.002130528912,-0.003728425596,0.00266316114,phone,user2,stand
55.75424337,0.9026140571,-9.732429504,0.7757213712,0.001597896684,-0.00266316114,0.001065264456,phone,user2,stand
55.77425986,0.9074024558,-9.732429504,0.7326257229,0.003728425596,-0.00532632228,-0.001065264456,phone,user2,stand
55.79427173,0.895431459,-9.720458984,0.720654726,0.001597896684,-0.006391586736,-0.00266316114,phone,user2,stand
55.81428915,0.8451532125,-9.737217903,0.7158663273,-0.00266316114,-0.00532632228,-0.002130528912,phone,user2,stand
55.83430982,0.8307880163,-9.722852707,0.7469909191,-0.005858954508,-0.000532632228,0.002130528912,phone,user2,stand
55.85432228,0.8906430602,-9.701305389,0.7565677166,-0.00266316114,0.003195793368,0.003728425596,phone,user2,stand
55.87433517,0.9457096457,-9.706093788,0.7445967197,-0.001065264456,0.002130528912,0.002130528912,phone,user2,stand
55.89434923,0.9433154464,-9.718064308,0.739808321,-0.001065264456,-0.00266316114,0.001597896684,phone,user2,stand
55.91436743,0.940921247,-9.715670586,0.7278373241,-0.000532632228,-0.003728425596,0.0,phone,user2,stand
55.93438079,0.8978256583,-9.715670586,0.7469909191,0.0,-0.001065264456,-0.00266316114,phone,user2,stand
55.95438165,0.9050082564,-9.713275909,0.7326257229,-0.001597896684,-0.001065264456,-0.001597896684,phone,user2,stand
55.97438958,0.9026140571,-9.710882187,0.7422025204,-0.000532632228,-0.004793690052,-0.001065264456,phone,user2,stand
55.99440068,0.9193734527,-9.710882187,0.7278373241,0.000532632228,-0.00532632228,0.000532632228,phone,user2,stand
56.01441372,0.9289502501,-9.710882187,0.720654726,0.000532632228,-0.008522115648,-0.001597896684,phone,user2,stand
56.03442568,0.9050082564,-9.725247383,0.7278373241,-0.001597896684,-0.009587380104,-0.003195793368,phone,user2,stand
56.05443923,0.873883605,-9.722852707,0.7230489254,-0.001597896684,-0.006924218964,-0.003728425596,phone,user2,stand
56.07445325,0.8714894056,-9.703699112,0.7326257229,-0.00266316114,-0.001065264456,-0.003195793368,phone,user2,stand
56.09447185,0.873883605,-9.706093788,0.7422025204,-0.00266316114,0.003195793368,0.000532632228,phone,user2,stand
56.11448236,0.8858546019,-9.684545517,0.7613561153,0.0,0.001597896684,0.004261057824,phone,user2,stand
56.13449138,0.8882488012,-9.710882187,0.7685387731,0.002130528912,-0.002130528912,0.00532632228,phone,user2,stand
56.15450138,0.8834604025,-9.715670586,0.7374141216,0.003195793368,0.001597896684,0.00532632228,phone,user2,stand
56.17451591,0.9097966552,-9.730035782,0.7445967197,0.003195793368,0.00266316114,0.006924218964,phone,user2,stand
56.19453396,0.921767652,-9.718064308,0.7182605267,0.00266316114,0.00532632228,0.00532632228,phone,user2,stand
56.21455607,0.9481038451,-9.725247383,0.720654726,0.001597896684,0.006391586736,0.003728425596,phone,user2,stand
56.23458778,0.962469101,-9.718064308,0.720654726,-0.001065264456,0.007456851192,0.001597896684,phone,user2,stand
56.25461517,0.9504981041,-9.718064308,0.7278373241,-0.000532632228,0.004793690052,-0.000532632228,phone,user2,stand
56.27462646,0.9552865028,-9.708487511,0.7422025204,-0.001597896684,0.002130528912,-0.002130528912,phone,user2,stand
56.2946472,0.9433154464,-9.715670586,0.7565677166,0.000532632228,-0.001597896684,-0.001597896684,phone,user2,stand
56.31467536,0.9145850539,-9.715670586,0.7469909191,0.002130528912,-0.004793690052,-0.002130528912,phone,user2,stand
56.33469435,0.8834604025,-9.706093788,0.7493851185,0.003195793368,-0.003195793368,-0.000532632228,phone,user2,stand
56.35471236,0.8667010069,-9.698910713,0.7469909191,0.001065264456,-0.00266316114,0.003195793368,phone,user2,stand
56.37473415,0.8906430602,-9.708487511,0.7541735172,0.00266316114,-0.006924218964,0.004793690052,phone,user2,stand
56.39475861,0.9074024558,-9.715670586,0.758961916,0.004261057824,-0.006391586736,0.003195793368,phone,user2,stand
56.41478528,0.9097966552,-9.715670586,0.7278373241,0.003728425596,-0.007456851192,0.001597896684,phone,user2,stand
56.43481204,0.895431459,-9.701305389,0.7230489254,0.001065264456,-0.005858954508,0.0,phone,user2,stand
56.45484544,0.9050082564,-9.722852707,0.7302315235,0.002130528912,-0.004793690052,0.0,phone,user2,stand
56.47486943,0.9097966552,-9.734824181,0.739808321,0.001597896684,-0.001597896684,0.000532632228,phone,user2,stand
56.49489517,0.895431459,-9.718064308,0.7445967197,0.001065264456,-0.000532632228,-0.000532632228,phone,user2,stand
56.51491689,0.873883605,-9.718064308,0.7374141216,-0.001065264456,-0.003728425596,-0.001597896684,phone,user2,stand
56.53494099,0.85473001,-9.715670586,0.7445967197,-0.002130528912,-0.002130528912,0.001597896684,phone,user2,stand
56.55496193,0.8882488012,-9.696516991,0.7445967197,-0.00266316114,0.001065264456,0.004261057824,phone,user2,stand
56.57497814,0.9385270476,-9.696516991,0.7541735172,-0.000532632228,0.005858954508,0.001597896684,phone,user2,stand
56.59499911,0.9600749016,-9.725247383,0.7565677166,0.001597896684,0.0,-0.000532632228,phone,user2,stand
56.61502724,0.9289502501,-9.727641106,0.7541735172,0.00266316114,-0.006391586736,-0.001597896684,phone,user2,stand
56.63505048,0.9097966552,-9.734824181,0.7422025204,0.00266316114,-0.007989482954,-0.001597896684,phone,user2,stand
56.65507134,0.8930372596,-9.718064308,0.7350199223,0.0,-0.003195793368,-0.001065264456,phone,user2,stand
56.67509529,0.8786720037,-9.710882187,0.7493851185,-0.003195793368,0.0,0.0,phone,user2,stand
56.69511814,0.9050082564,-9.691728592,0.7661445141,-0.002130528912,-0.00266316114,0.001065264456,phone,user2,stand
56.71513497,0.9241618514,-9.713275909,0.7733271718,0.0,-0.004793690052,0.001065264456,phone,user2,stand
56.73514322,0.921767652,-9.718064308,0.7422025204,0.001597896684,-0.007989482954,-0.000532632228,phone,user2,stand
56.75516255,0.8930372596,-9.722852707,0.7278373241,0.0,-0.004793690052,0.0,phone,user2,stand
56.77517278,0.8882488012,-9.715670586,0.7374141216,-0.00266316114,0.001597896684,-0.000532632228,phone,user2,stand
56.79518825,0.8858546019,-9.710882187,0.739808321,-0.00266316114,0.00532632228,0.001597896684,phone,user2,stand
56.81520118,0.921767652,-9.701305389,0.7493851185,-0.004261057824,0.006391586736,0.003728425596,phone,user2,stand
56.83521197,0.9648633003,-9.708487511,0.739808321,-0.001065264456,0.001597896684,0.00532632228,phone,user2,stand
56.85522009,0.9792284966,-9.715670586,0.7374141216,0.000532632228,-0.001065264456,0.00266316114,phone,user2,stand
56.87523778,0.962469101,-9.722852707,0.7469909191,0.002130528912,-0.001065264456,-0.000532632228,phone,user2,stand
56.89526228,0.9648633003,-9.722852707,0.7374141216,0.00266316114,-0.004793690052,-0.003195793368,phone,user2,stand
56.91528771,0.9576807022,-9.722852707,0.7326257229,0.001597896684,-0.006391586736,-0.003728425596,phone,user2,stand
56.93531154,0.940921247,-9.713275909,0.7278373241,0.0,-0.008522115648,-0.003728425596,phone,user2,stand
56.95533126,0.9361328483,-9.715670586,0.720654726,-0.000532632228,-0.01065264456,-0.004261057824,phone,user2,stand
56.97535103,0.9074024558,-9.708487511,0.7374141216,-0.000532632228,-0.01065264456,-0.004793690052,phone,user2,stand
56.99538044,0.8571242094,-9.701305389,0.7685387731,0.001065264456,-0.01118527725,-0.002130528912,phone,user2,stand
57.01541247,0.8475474119,-9.701305389,0.7613561153,0.003195793368,-0.008522115648,0.0,phone,user2,stand
57.03544083,0.8690952063,-9.715670586,0.7541735172,0.00266316114,-0.008522115648,0.003195793368,phone,user2,stand
57.05546275,0.9074024558,-9.725247383,0.720654726,0.001597896684,-0.006391586736,0.002130528912,phone,user2,stand
57.07548591,0.9145850539,-9.725247383,0.7278373241,-0.001065264456,-0.00266316114,0.001597896684,phone,user2,stand
57.09551314,0.9145850539,-9.722852707,0.7445967197,-0.000532632228,-0.000532632228,-0.002130528912,phone,user2,stand
57.11553599,0.895431459,-9.710882187,0.7422025204,-0.001065264456,0.001597896684,-0.003195793368,phone,user2,stand
57.13555329,0.8978256583,-9.706093788,0.739808321,-0.001065264456,0.001065264456,-0.00266316114,phone,user2,stand
57.15556712,0.9121908545,-9.720458984,0.7182605267,-0.001065264456,0.001597896684,-0.002130528912,phone,user2,stand
57.17558622,0.9050082564,-9.732429504,0.7110779285,-0.001597896684,0.004793690052,-0.001065264456,phone,user2,stand
57.19561322,0.9074024558,-9.710882187,0.7182605267,-0.00266316114,0.004261057824,-0.000532632228,phone,user2,stand
57.21564036,0.8858546019,-9.718064308,0.7374141216,-0.003728425596,0.002130528912,-0.001065264456,phone,user2,stand
57.2356645,0.8714894056,-9.710882187,0.7637503147,-0.004261057824,0.004793690052,0.003195793368,phone,user2,stand
57.25568907,0.9169792533,-9.679757118,0.7613561153,-0.001597896684,0.007989482954,0.007456851192,phone,user2,stand
57.27571431,0.9792284966,-9.703699112,0.7302315235,0.00266316114,0.006391586736,0.00532632228,phone,user2,stand
57.29574466,0.9911994934,-9.710882187,0.7182605267,0.001065264456,0.003728425596,0.00266316114,phone,user2,stand
57.3157672,0.9648633003,-9.718064308,0.7254431248,0.0,-0.00266316114,0.001597896684,phone,user2,stand
57.33578673,0.9768342972,-9.720458984,0.7422025204,0.001597896684,-0.004793690052,0.001597896684,phone,user2,stand
57.35580822,0.962469101,-9.710882187,0.7278373241,0.00266316114,-0.004793690052,0.001065264456,phone,user2,stand
57.37583564,0.9552865028,-9.701305389,0.7350199223,0.00266316114,-0.005858954508,0.001597896684,phone,user2,stand
57.39586052,0.962469101,-9.706093788,0.7278373241,0.004793690052,-0.01438106969,0.00266316114,phone,user2,stand
57.415879,0.962469101,-9.710882187,0.7254431248,0.005858954508,-0.01917476021,0.001597896684,phone,user2,stand
57.43590028,0.9289502501,-9.718064308,0.7350199223,0.004261057824,-0.02343581803,-0.001597896684,phone,user2,stand
57.45592517,0.8762778044,-9.727641106,0.7422025204,0.004261057824,-0.02183792181,-0.001597896684,phone,user2,stand
57.47595282,0.8451532125,-9.706093788,0.7374141216,0.004261057824,-0.01278317347,-0.001065264456,phone,user2,stand
57.49597064,0.8451532125,-9.703699112,0.7278373241,0.00266316114,-0.007456851192,0.001065264456,phone,user2,stand
57.51599236,0.8595184088,-9.730035782,0.7613561153,0.001597896684,-0.005858954508,0.002130528912,phone,user2,stand
57.5360154,0.8667010069,-9.715670586,0.7541735172,0.001597896684,-0.00266316114,0.003195793368,phone,user2,stand
57.55602993,0.8571242094,-9.727641106,0.7422025204,0.001065264456,0.001597896684,0.00266316114,phone,user2,stand
57.57604669,0.8379706144,-9.734824181,0.739808321,-0.002130528912,0.01118527725,0.001597896684,phone,user2,stand
57.59605892,0.85473001,-9.710882187,0.7278373241,-0.006391586736,0.01864212751,0.00266316114,phone,user2,stand
57.61607099,0.9074024558,-9.708487511,0.7469909191,-0.007989482954,0.02396845073,0.004793690052,phone,user2,stand
57.63607896,0.9481038451,-9.701305389,0.7685387731,-0.007989482954,0.02503371425,0.004793690052,phone,user2,stand
57.65609243,1.000776291,-9.703699112,0.7685387731,-0.00532632228,0.02130528912,0.003195793368,phone,user2,stand
57.67611411,1.024718285,-9.701305389,0.7685387731,-0.002130528912,0.01544633508,0.001597896684,phone,user2,stand
57.69613997,1.010353088,-9.715670586,0.758961916,-0.000532632228,0.01012001187,-0.001065264456,phone,user2,stand
57.71616083,0.9983820915,-9.701305389,0.7493851185,-0.001597896684,0.003728425596,-0.002130528912,phone,user2,stand
57.73617521,0.9816226959,-9.703699112,0.739808321,-0.000532632228,0.0,-0.00266316114,phone,user2,stand
57.75619341,0.9696516991,-9.706093788,0.7422025204,0.000532632228,-0.003728425596,-0.001597896684,phone,user2,stand
57.77621786,0.9576807022,-9.720458984,0.7374141216,0.002130528912,-0.005858954508,-0.001597896684,phone,user2,stand
57.79624782,0.9337386489,-9.706093788,0.7374141216,0.001597896684,-0.009054748341,-0.002130528912,phone,user2,stand
57.81626802,0.9050082564,-9.708487511,0.7469909191,0.0,-0.01225054078,-0.001597896684,phone,user2,stand
57.83629279,0.9050082564,-9.710882187,0.7733271718,0.002130528912,-0.01384843793,0.000532632228,phone,user2,stand
57.85630318,0.8786720037,-9.734824181,0.7541735172,0.003195793368,-0.01065264456,0.0,phone,user2,stand
57.8763172,0.8834604025,-9.727641106,0.7517793179,0.00266316114,-0.005858954508,-0.00266316114,phone,user2,stand
57.8963331,0.8643068075,-9.703699112,0.7254431248,0.002130528912,-0.008522115648,-0.003195793368,phone,user2,stand
57.9163495,0.8331822157,-9.708487511,0.7302315235,-0.003728425596,-0.001597896684,-0.002130528912,phone,user2,stand
57.93636935,0.8283938169,-9.706093788,0.7374141216,-0.004793690052,0.01171790902,-0.001065264456,phone,user2,stand
57.95639044,0.8858546019,-9.718064308,0.7278373241,-0.001597896684,0.01810949668,0.000532632228,phone,user2,stand
57.97641568,0.940921247,-9.720458984,0.7326257229,-0.004793690052,0.01491370238,0.001597896684,phone,user2,stand
57.99643525,0.9744400978,-9.718064308,0.7493851185,-0.00532632228,0.005858954508,0.001597896684,phone,user2,stand
58.01645302,0.9864110947,-9.718064308,0.7517793179,-0.003195793368,0.000532632228,0.001065264456,phone,user2,stand
58.03647439,0.962469101,-9.722852707,0.7613561153,-0.002130528912,-0.000532632228,-0.00266316114,phone,user2,stand
58.0564963,0.962469101,-9.718064308,0.7637503147,-0.000532632228,0.000532632228,-0.00532632228,phone,user2,stand
58.07651302,0.9313444495,-9.718064308,0.7541735172,0.001065264456,-0.00266316114,-0.00532632228,phone,user2,stand
58.09653091,0.9361328483,-9.708487511,0.7541735172,0.00266316114,-0.007989482954,-0.003195793368,phone,user2,stand
58.11654521,0.921767652,-9.722852707,0.7493851185,0.00266316114,-0.01491370238,-0.003728425596,phone,user2,stand
58.13656575,0.895431459,-9.730035782,0.7302315235,0.0,-0.01757686399,-0.003728425596,phone,user2,stand
58.15658779,0.8930372596,-9.720458984,0.7493851185,-0.002130528912,-0.01544633508,-0.00532632228,phone,user2,stand
58.17661212,0.8906430602,-9.706093788,0.7469909191,-0.001065264456,-0.009587380104,-0.00532632228,phone,user2,stand
58.19664204,0.9026140571,-9.706093788,0.739808321,-0.003195793368,-0.004261057824,-0.006924218964,phone,user2,stand
58.21666275,0.8882488012,-9.696516991,0.7374141216,-0.003728425596,0.001597896684,-0.005858954508,phone,user2,stand
58.23667193,0.9026140571,-9.718064308,0.739808321,-0.004261057824,0.0,-0.003728425596,phone,user2,stand
58.2566895,0.9241618514,-9.730035782,0.7182605267,-0.00266316114,0.003728425596,-0.003728425596,phone,user2,stand
58.27670876,0.9337386489,-9.722852707,0.7230489254,-0.006391586736,0.002130528912,-0.004261057824,phone,user2,stand
58.2967274,0.9648633003,-9.713275909,0.7278373241,-0.006924218964,-0.000532632228,-0.004261057824,phone,user2,stand
58.31675189,0.9600749016,-9.706093788,0.7493851185,-0.006924218964,-0.003728425596,-0.00266316114,phone,user2,stand
58.33677919,0.9672574997,-9.684545517,0.7517793179,-0.003728425596,-0.009587380104,-0.002130528912,phone,user2,stand
58.35680947,0.9504981041,-9.701305389,0.7422025204,-0.002130528912,-0.01278317347,-0.003728425596,phone,user2,stand
58.37682657,0.921767652,-9.718064308,0.7182605267,-0.001065264456,-0.01438106969,-0.003728425596,phone,user2,stand
58.39685833,0.9337386489,-9.710882187,0.720654726,0.000532632228,-0.01331580617,-0.003195793368,phone,user2,stand
58.41688708,0.9193734527,-9.732429504,0.6991068721,-0.001065264456,-0.01065264456,-0.004793690052,phone,user2,stand
58.43691615,0.895431459,-9.706093788,0.7015010715,-0.004261057824,-0.003728425596,-0.003728425596,phone,user2,stand
58.45693349,0.9002198577,-9.706093788,0.7182605267,-0.00532632228,0.001065264456,-0.001065264456,phone,user2,stand
58.476947,0.940921247,-9.708487511,0.7350199223,-0.004261057824,0.003728425596,-0.001065264456,phone,user2,stand
58.4969538,0.9481038451,-9.701305389,0.720654726,-0.002130528912,0.005858954508,-0.001597896684,phone,user2,stand
58.51696388,0.9696516991,-9.725247383,0.691924274,-0.00266316114,0.006391586736,-0.002130528912,phone,user2,stand
58.53697751,0.9792284966,-9.746794701,0.6631938815,-0.001597896684,0.006391586736,-0.004793690052,phone,user2,stand
58.55698364,0.9768342972,-9.739612579,0.6631938815,-0.00532632228,0.01118527725,-0.007456851192,phone,user2,stand
58.57699302,0.9648633003,-9.725247383,0.6679822803,-0.009054748341,0.009587380104,-0.009587380104,phone,user2,stand
58.59699974,0.9265560508,-9.732429504,0.691924274,-0.01225054078,0.01171790902,-0.009587380104,phone,user2,stand
58.61701868,0.9241618514,-9.696516991,0.720654726,-0.01278317347,0.01065264456,-0.005858954508,phone,user2,stand
58.63704333,0.962469101,-9.691728592,0.7326257229,-0.007989482954,0.01065264456,-0.003728425596,phone,user2,stand
58.65707138,1.000776291,-9.698910713,0.7278373241,-0.003195793368,0.006391586736,-0.003195793368,phone,user2,stand
58.67709189,1.012747288,-9.713275909,0.720654726,-0.002130528912,-0.000532632228,-0.003195793368,phone,user2,stand
58.69711325,0.9959878922,-9.718064308,0.7230489254,0.0,-0.004261057824,-0.004261057824,phone,user2,stand
58.71713376,0.9648633003,-9.727641106,0.6871358752,0.000532632228,0.00266316114,-0.006924218964,phone,user2,stand
58.73715767,0.9528923035,-9.725247383,0.6679822803,-0.002130528912,0.003195793368,-0.007456851192,phone,user2,stand
58.75717208,0.962469101,-9.730035782,0.672770679,-0.005858954508,-0.001065264456,-0.006924218964,phone,user2,stand
58.77718954,0.9696516991,-9.710882187,0.6967126727,-0.005858954508,-0.003728425596,-0.008522115648,phone,user2,stand
58.79720693,0.9959878922,-9.734824181,0.7086837292,-0.007456851192,-0.004261057824,-0.007989482954,phone,user2,stand
58.8172197,0.9959878922,-9.708487511,0.720654726,-0.005858954508,-0.005858954508,-0.01065264456,phone,user2,stand
58.83723493,0.9696516991,-9.703699112,0.7326257229,-0.006924218964,-0.005858954508,-0.01278317347,phone,user2,stand
58.85725884,0.9504981041,-9.710882187,0.7350199223,-0.005858954508,-0.003728425596,-0.01438106969,phone,user2,stand
58.87728337,0.9289502501,-9.715670586,0.6943184733,-0.006391586736,-0.00532632228,-0.01331580617,phone,user2,stand
58.89730454,0.940921247,-9.708487511,0.6775590777,-0.009054748341,-0.000532632228,-0.01012001187,phone,user2,stand
58.91732868,0.9528923035,-9.696516991,0.691924274,-0.01065264456,-0.002130528912,-0.006924218964,phone,user2,stand
58.93735372,0.9816226959,-9.694122314,0.7158663273,-0.009587380104,0.002130528912,-0.006924218964,phone,user2,stand
58.95738333,0.9816226959,-9.696516991,0.7278373241,-0.007456851192,-0.001597896684,-0.00532632228,phone,user2,stand
58.97741021,0.988805294,-9.710882187,0.7110779285,-0.00532632228,-0.01012001187,-0.00532632228,phone,user2,stand
58.99743107,0.9744400978,-9.696516991,0.7134721279,-0.002130528912,-0.01225054078,0.001065264456,phone,user2,stand
59.01745732,0.9911994934,-9.701305389,0.7158663273,-0.002130528912,-0.01278317347,0.000532632228,phone,user2,stand
59.03749021,0.9983820915,-9.701305389,0.7038952708,-0.000532632228,-0.008522115648,-0.001597896684,phone,user2,stand
59.05752068,1.00556469,-9.713275909,0.6895300746,0.001065264456,-0.007989482954,-0.001597896684,phone,user2,stand
59.07755778,1.000776291,-9.722852707,0.6679822803,0.001065264456,-0.01012001187,-0.003728425596,phone,user2,stand
59.09758732,0.9792284966,-9.715670586,0.6464344859,-0.001597896684,-0.01065264456,-0.004793690052,phone,user2,stand
59.11761845,0.9648633003,-9.730035782,0.6584054828,-0.00532632228,-0.006391586736,-0.00532632228,phone,user2,stand
59.13764036,0.9696516991,-9.703699112,0.6584054828,-0.007456851192,-0.001597896684,-0.00532632228,phone,user2,stand
59.15766532,0.9840168953,-9.701305389,0.6751648784,-0.009587380104,0.004793690052,-0.004793690052,phone,user2,stand
59.17768517,1.019929886,-9.720458984,0.6823474765,-0.009054748341,0.004793690052,-0.003195793368,phone,user2,stand
59.19770396,1.130063176,-9.732429504,0.672770679,-0.009587380104,-0.00532632228,-0.007989482954,phone,user2,stand
59.21772595,1.096544385,-9.715670586,0.6440402865,-0.01225054078,-0.001065264456,-0.01491370238,phone,user2,stand
59.23775091,1.007958889,-9.713275909,0.7086837292,-0.007989482954,0.000532632228,-0.01171790902,phone,user2,stand
59.25777236,1.027112484,-9.706093788,0.6799532771,-0.00266316114,0.00266316114,-0.01118527725,phone,user2,stand
59.27779427,1.022324085,-9.670180321,0.6296750307,-0.006391586736,0.01118527725,-0.01864212751,phone,user2,stand
59.29782005,0.8164227605,-9.696516991,0.6224924326,-0.005858954508,0.02290318534,-0.01810949668,phone,user2,stand
59.31783841,0.6991068721,-9.753977776,0.605733037,-0.003728425596,0.03142530099,0.001065264456,phone,user2,stand
59.33785482,0.8236053586,-9.715670586,0.5602431893,-0.007456851192,0.03249056637,0.01864212751,phone,user2,stand
59.35787318,0.9864110947,-9.662998199,0.6177040339,-0.0197073929,0.02130528912,0.02876213938,phone,user2,stand
59.37789728,1.180341482,-9.686940193,0.7685387731,-0.02130528912,0.000532632228,0.03249056637,phone,user2,stand
59.39792099,1.26653266,-9.684545517,0.8403648138,-0.003195793368,-0.02663161233,0.02130528912,phone,user2,stand
59.41794818,1.247379065,-9.734824181,0.8044517636,0.01065264456,-0.01597896591,0.004261057824,phone,user2,stand
59.43796388,1.134851575,-9.758766174,0.6751648784,0.01810949668,0.003195793368,-0.01331580617,phone,user2,stand
59.45797685,0.9648633003,-9.732429504,0.5315127969,0.01544633508,0.01491370238,-0.0197073929,phone,user2,stand
59.47799275,0.9026140571,-9.737217903,0.4620809257,0.002130528912,0.01491370238,-0.01384843793,phone,user2,stand
59.49801107,0.9433154464,-9.710882187,0.4932055473,-0.009054748341,0.004261057824,-0.004793690052,phone,user2,stand
59.51802521,0.988805294,-9.677363396,0.5841852427,-0.01810949668,-0.007456851192,0.003195793368,phone,user2,stand
59.5380379,1.036689281,-9.691728592,0.6895300746,-0.02183792181,-0.000532632228,0.006924218964,phone,user2,stand
59.55805575,1.043871999,-9.679757118,0.7757213712,-0.01012001187,0.0,0.007989482954,phone,user2,stand
59.57807017,1.058237195,-9.684545517,0.7805097699,0.001065264456,-0.003728425596,0.006924218964,phone,user2,stand
59.59808072,1.082179189,-9.708487511,0.7110779285,0.009054748341,-0.007456851192,0.006391586736,phone,user2,stand
59.61809345,1.072602391,-9.710882187,0.624886632,0.01491370238,-0.01384843793,0.004793690052,phone,user2,stand
59.63810263,1.043871999,-9.732429504,0.5506663918,0.01331580617,-0.01757686399,0.00266316114,phone,user2,stand
59.65811368,0.9959878922,-9.742006302,0.538695395,0.004793690052,-0.01810949668,0.0,phone,user2,stand
59.67812654,0.9600749016,-9.744400978,0.5937620401,-0.003195793368,-0.01864212751,-0.000532632228,phone,user2,stand
59.69814243,0.9816226959,-9.720458984,0.6392518282,-0.009054748341,-0.01065264456,0.001065264456,phone,user2,stand
59.71815552,1.024718285,-9.674968719,0.6584054828,-0.009587380104,0.002130528912,-0.001065264456,phone,user2,stand
59.73817099,1.067813993,-9.674968719,0.6655880809,-0.007456851192,0.005858954508,-0.000532632228,phone,user2,stand
59.75818263,1.089361787,-9.694122314,0.6823474765,-0.002130528912,0.004261057824,-0.002130528912,phone,user2,stand
59.77820509,1.04147768,-9.691728592,0.6488286853,0.003195793368,0.0,-0.002130528912,phone,user2,stand
59.79822673,1.017535686,-9.706093788,0.6177040339,0.004261057824,-0.005858954508,-0.001065264456,phone,user2,stand
59.81825298,1.007958889,-9.734824181,0.6033388376,0.00532632228,-0.01331580617,0.002130528912,phone,user2,stand
59.8382763,1.029506683,-9.710882187,0.586579442,0.002130528912,-0.01491370238,0.00532632228,phone,user2,stand
59.85828868,1.039083481,-9.691728592,0.5961562395,-0.001065264456,-0.01171790902,0.00532632228,phone,user2,stand
59.87830165,1.055842996,-9.713275909,0.6344634295,-0.003728425596,-0.004793690052,0.004261057824,phone,user2,stand
59.89832122,1.034295082,-9.701305389,0.653617084,0.0,0.000532632228,0.001597896684,phone,user2,stand
59.91834544,1.043871999,-9.718064308,0.6392518282,0.004261057824,-0.00266316114,0.00266316114,phone,user2,stand
59.93836865,1.086967587,-9.725247383,0.605733037,0.006924218964,-0.01012001187,0.00266316114,phone,user2,stand
59.95839072,1.070208192,-9.718064308,0.5793967843,0.003195793368,-0.01331580617,-0.002130528912,phone,user2,stand
59.97840279,1.015141487,-9.706093788,0.5961562395,0.0,-0.01012001187,-0.00266316114,phone,user2,stand
59.99841825,0.9840168953,-9.730035782,0.6224924326,-0.001597896684,-0.004261057824,-0.003195793368,phone,user2,stand
60.01842618,0.9672574997,-9.737217903,0.6224924326,-0.002130528912,0.001065264456,-0.001597896684,phone,user2,stand
60.03843579,0.962469101,-9.742006302,0.5937620401,-0.003728425596,0.006924218964,-0.001597896684,phone,user2,stand
60.0584488,0.9481038451,-9.682151794,0.5650315881,-0.008522115648,0.01491370238,0.0,phone,user2,stand
60.0784715,0.940921247,-9.677363396,0.5913678408,-0.01810949668,0.0394147858,0.004261057824,phone,user2,stand
60.09849075,1.000776291,-9.686940193,0.6655880809,-0.0197073929,0.05539375171,0.009587380104,phone,user2,stand
60.11850638,1.110909581,-9.718064308,0.6703764796,-0.01065264456,0.04420847446,0.01171790902,phone,user2,stand
60.1385204,1.142034173,-9.689333916,0.6584054828,-0.001597896684,0.02343581803,0.01278317347,phone,user2,stand
60.15854028,1.156399369,-9.694122314,0.5985504389,0.003195793368,0.01278317347,0.01012001187,phone,user2,stand
60.1785588,1.15400517,-9.713275909,0.5602431893,0.00266316114,0.01597896591,0.004793690052,phone,user2,stand
60.1985763,1.103726983,-9.720458984,0.5674257874,-0.003728425596,0.02876213938,0.001065264456,phone,user2,stand
60.2185899,1.11569798,-9.713275909,0.5961562395,-0.005858954508,0.03462109342,0.001597896684,phone,user2,stand
60.23860318,1.15400517,-9.701305389,0.6009446383,-0.001065264456,0.01864212751,0.003195793368,phone,user2,stand
60.2586195,1.177947283,-9.701305389,0.5722141862,0.00266316114,-0.001065264456,0.003728425596,phone,user2,stand
60.27863736,1.142034173,-9.706093788,0.5961562395,0.001597896684,-0.01331580617,-0.001065264456,phone,user2,stand
60.29865333,1.082179189,-9.698910713,0.6440402865,0.00266316114,-0.01917476021,-0.002130528912,phone,user2,stand
60.31867802,1.031900883,-9.701305389,0.6512228847,0.004793690052,-0.0197073929,-0.000532632228,phone,user2,stand
60.33870032,1.00317049,-9.698910713,0.6344634295,0.009587380104,-0.01491370238,0.0,phone,user2,stand
60.35872232,1.00556469,-9.684545517,0.6129156351,0.01065264456,-0.01491370238,0.002130528912,phone,user2,stand
60.37874236,0.9959878922,-9.701305389,0.5937620401,0.006924218964,-0.01278317347,0.004261057824,phone,user2,stand
60.39876462,0.9959878922,-9.706093788,0.6009446383,0.006391586736,-0.006924218964,0.006391586736,phone,user2,stand
60.4187847,0.988805294,-9.730035782,0.5961562395,0.004261057824,0.002130528912,0.006391586736,phone,user2,stand
60.43880224,1.00317049,-9.732429504,0.6009446383,0.001065264456,0.001065264456,0.009054748341,phone,user2,stand
60.4588179,1.053448796,-9.722852707,0.6009446383,0.000532632228,-0.001065264456,0.009587380104,phone,user2,stand
60.47882579,1.089361787,-9.703699112,0.6153098345,0.001597896684,0.001065264456,0.007456851192,phone,user2,stand
60.49884724,1.101332784,-9.710882187,0.5722141862,0.001597896684,0.007456851192,0.004261057824,phone,user2,stand
60.51887068,1.070208192,-9.720458984,0.5674257874,-0.000532632228,0.0165115986,0.000532632228,phone,user2,stand
60.53889638,1.036689281,-9.710882187,0.5817909837,-0.002130528912,0.0170442313,-0.000532632228,phone,user2,stand
60.55892411,1.051054597,-9.708487511,0.5817909837,-0.003728425596,0.009587380104,0.004793690052,phone,user2,stand
60.57894462,1.089361787,-9.686940193,0.6153098345,-0.003195793368,0.001065264456,0.006391586736,phone,user2,stand
60.59896884,1.096544385,-9.691728592,0.6488286853,-0.001065264456,-0.001597896684,0.006391586736,phone,user2,stand
60.61898861,1.072602391,-9.708487511,0.6488286853,0.004261057824,0.003195793368,0.00532632228,phone,user2,stand
60.63900595,1.063025594,-9.706093788,0.624886632,0.008522115648,0.00266316114,0.006391586736,phone,user2,stand
60.65902482,1.070208192,-9.696516991,0.5626373887,0.007989482954,0.004793690052,0.004793690052,phone,user2,stand
60.67904927,1.055842996,-9.710882187,0.538695395,0.003728425596,0.006924218964,0.00532632228,phone,user2,stand
60.69907529,1.072602391,-9.706093788,0.5722141862,0.003195793368,0.003728425596,0.008522115648,phone,user2,stand
60.71909958,1.101332784,-9.718064308,0.586579442,0.004261057824,-0.004793690052,0.007989482954,phone,user2,stand
60.73912368,1.096544385,-9.734824181,0.6105214357,0.003195793368,-0.000532632228,0.006924218964,phone,user2,stand
60.75914247,1.053448796,-9.703699112,0.6129156351,0.005858954508,0.00266316114,0.003195793368,phone,user2,stand
60.77916083,1.024718285,-9.694122314,0.5746083856,0.004793690052,0.0,0.004261057824,phone,user2,stand
60.79917447,1.007958889,-9.715670586,0.5793967843,0.00266316114,0.001597896684,0.01012001187,phone,user2,stand
60.81918325,1.053448796,-9.691728592,0.6105214357,0.004261057824,0.01012001187,0.01118527725,phone,user2,stand
60.83919013,1.074996591,-9.701305389,0.6105214357,0.009054748341,0.01118527725,0.01012001187,phone,user2,stand
60.85919716,1.089361787,-9.722852707,0.5817909837,0.008522115648,0.006391586736,0.009587380104,phone,user2,stand
60.87920865,1.089361787,-9.708487511,0.5817909837,0.006924218964,-0.002130528912,0.01118527725,phone,user2,stand
60.89922747,1.101332784,-9.725247383,0.586579442,0.00532632228,-0.004793690052,0.009587380104,phone,user2,stand
60.91924208,1.070208192,-9.718064308,0.5985504389,0.004261057824,0.003728425596,0.005858954508,phone,user2,stand
60.93925861,1.048660398,-9.708487511,0.5841852427,0.00532632228,0.006391586736,0.006391586736,phone,user2,stand
60.95927677,1.074996591,-9.708487511,0.5722141862,0.004793690052,0.003728425596,0.006924218964,phone,user2,stand
60.97929486,1.094150186,-9.689333916,0.5650315881,0.004261057824,-0.00266316114,0.007989482954,phone,user2,stand
60.99930099,1.094150186,-9.710882187,0.6105214357,0.003728425596,-0.007989482954,0.005858954508,phone,user2,stand
61.01930697,1.034295082,-9.703699112,0.6512228847,0.00532632228,-0.008522115648,0.005858954508,phone,user2,stand
61.03931115,1.010353088,-9.706093788,0.6368576288,0.009587380104,-0.01065264456,0.008522115648,phone,user2,stand
61.05931079,1.010353088,-9.715670586,0.6081272364,0.01118527725,-0.01012001187,0.007456851192,phone,user2,stand
61.07931864,1.017535686,-9.718064308,0.5722141862,0.008522115648,-0.008522115648,0.01012001187,phone,user2,stand
61.09932271,1.031900883,-9.715670586,0.5674257874,0.00532632228,-0.003195793368,0.009587380104,phone,user2,stand
61.11933115,1.029506683,-9.732429504,0.586579442,0.003195793368,0.001065264456,0.008522115648,phone,user2,stand
61.13933337,0.9864110947,-9.718064308,0.6177040339,0.00266316114,0.006391586736,0.007456851192,phone,user2,stand
61.1593406,1.012747288,-9.713275909,0.6296750307,0.002130528912,0.004261057824,0.009054748341,phone,user2,stand
61.17935372,1.034295082,-9.703699112,0.6081272364,0.003195793368,0.005858954508,0.009054748341,phone,user2,stand
61.19936696,1.060631394,-9.708487511,0.5937620401,0.001597896684,0.01118527725,0.007989482954,phone,user2,stand
61.21938036,1.072602391,-9.698910713,0.6224924326,0.002130528912,0.01118527725,0.007989482954,phone,user2,stand
61.23938931,1.067813993,-9.696516991,0.6177040339,0.003195793368,0.008522115648,0.007456851192,phone,user2,stand
61.25940196,1.065419793,-9.710882187,0.6153098345,0.003728425596,0.000532632228,0.006924218964,phone,user2,stand
61.2794124,1.065419793,-9.708487511,0.6153098345,0.004261057824,0.0,0.006391586736,phone,user2,stand
61.29942126,1.060631394,-9.720458984,0.6081272364,0.00532632228,0.00266316114,0.004793690052,phone,user2,stand
61.31942579,1.04147768,-9.713275909,0.5817909837,0.003728425596,0.006924218964,0.003728425596,phone,user2,stand
61.339434,1.036689281,-9.715670586,0.5746083856,0.000532632228,0.006924218964,0.00532632228,phone,user2,stand
61.35944482,1.027112484,-9.698910713,0.6129156351,-0.001597896684,0.007456851192,0.007456851192,phone,user2,stand
61.37946587,1.048660398,-9.701305389,0.6416460276,0.0,0.00266316114,0.008522115648,phone,user2,stand
61.39948798,1.063025594,-9.715670586,0.6440402865,0.004261057824,0.0,0.007456851192,phone,user2,stand
61.41951396,1.043871999,-9.691728592,0.6081272364,0.007989482954,-0.002130528912,0.007456851192,phone,user2,stand
61.43952642,1.051054597,-9.713275909,0.5817909837,0.008522115648,-0.002130528912,0.006924218964,phone,user2,stand
61.45954415,1.048660398,-9.732429504,0.5698199868,0.00532632228,0.002130528912,0.003728425596,phone,user2,stand
61.47955669,1.022324085,-9.715670586,0.5937620401,0.003195793368,0.004793690052,0.001597896684,phone,user2,stand
61.49956892,0.988805294,-9.722852707,0.5841852427,0.001065264456,0.00266316114,0.003195793368,phone,user2,stand
61.51957384,0.9959878922,-9.715670586,0.6009446383,-0.001597896684,0.005858954508,0.007989482954,phone,user2,stand
61.53957634,1.024718285,-9.679757118,0.6224924326,0.0,0.01171790902,0.009587380104,phone,user2,stand
61.5595913,1.053448796,-9.694122314,0.6153098345,0.003195793368,0.01331580617,0.009054748341,phone,user2,stand
61.57961204,1.086967587,-9.722852707,0.6081272364,0.003195793368,0.008522115648,0.007456851192,phone,user2,stand
61.59962443,1.094150186,-9.722852707,0.6081272364,0.005858954508,0.004793690052,0.006391586736,phone,user2,stand
61.61963306,1.046266198,-9.708487511,0.5793967843,0.004793690052,0.01118527725,0.004261057824,phone,user2,stand
61.63964525,1.039083481,-9.718064308,0.5626373887,0.003195793368,0.01171790902,0.003728425596,phone,user2,stand
61.65965208,1.04147768,-9.720458984,0.5817909837,0.001065264456,0.009054748341,0.004793690052,phone,user2,stand
61.67965396,1.070208192,-9.713275909,0.5937620401,0.000532632228,0.00532632228,0.006391586736,phone,user2,stand
61.69966259,1.082179189,-9.708487511,0.6105214357,0.002130528912,0.00532632228,0.007456851192,phone,user2,stand
61.71967892,1.067813993,-9.701305389,0.5985504389,0.003195793368,0.003195793368,0.007456851192,phone,user2,stand
61.7396947,1.058237195,-9.708487511,0.5841852427,0.003195793368,-0.001597896684,0.005858954508,phone,user2,stand
61.75971669,1.046266198,-9.727641106,0.5937620401,0.002130528912,-0.00532632228,0.00532632228,phone,user2,stand
61.77972716,1.031900883,-9.701305389,0.605733037,0.005858954508,-0.006924218964,0.005858954508,phone,user2,stand
61.79974642,1.034295082,-9.715670586,0.6105214357,0.00532632228,-0.005858954508,0.006924218964,phone,user2,stand
61.81977212,1.027112484,-9.715670586,0.6009446383,0.006391586736,0.001597896684,0.007456851192,phone,user2,stand
61.83979997,1.015141487,-9.708487511,0.586579442,0.006924218964,0.006924218964,0.007989482954,phone,user2,stand
61.85982771,0.9935936928,-9.706093788,0.5554547906,0.004261057824,0.01278317347,0.009054748341,phone,user2,stand
61.87985243,1.027112484,-9.708487511,0.5793967843,0.00266316114,0.01491370238,0.01118527725,phone,user2,stand
61.89987579,1.07739079,-9.694122314,0.5817909837,0.001597896684,0.01278317347,0.01225054078,phone,user2,stand
61.91989857,1.094150186,-9.694122314,0.6296750307,0.0,0.01065264456,0.01278317347,phone,user2,stand
61.93992267,1.096544385,-9.686940193,0.6440402865,0.004793690052,0.004793690052,0.01278317347,phone,user2,stand
61.95994845,1.082179189,-9.701305389,0.6033388376,0.008522115648,-0.000532632228,0.01225054078,phone,user2,stand
61.97997935,1.060631394,-9.703699112,0.6129156351,0.009054748341,-0.004793690052,0.01065264456,phone,user2,stand
62.00000529,1.036689281,-9.701305389,0.6129156351,0.01118527725,-0.007456851192,0.009587380104,phone,user2,stand
62.02002544,1.027112484,-9.710882187,0.5722141862,0.01065264456,-0.007456851192,0.01012001187,phone,user2,stand
62.04004669,1.027112484,-9.713275909,0.5626373887,0.008522115648,-0.003728425596,0.01012001187,phone,user2,stand
62.06006673,1.012747288,-9.706093788,0.5841852427,0.003728425596,0.00266316114,0.009587380104,phone,user2,stand
62.08008911,1.015141487,-9.682151794,0.6272808313,0.003728425596,0.003728425596,0.01065264456,phone,user2,stand
62.10010302,1.04147768,-9.722852707,0.6703764796,0.005858954508,0.00532632228,0.01171790902,phone,user2,stand
62.12011396,1.043871999,-9.698910713,0.6464344859,0.01171790902,0.004261057824,0.009587380104,phone,user2,stand
62.14011919,1.04147768,-9.718064308,0.6200982332,0.01225054078,-0.000532632228,0.007989482954,phone,user2,stand
62.16012333,1.036689281,-9.727641106,0.5817909837,0.01171790902,-0.00532632228,0.007456851192,phone,user2,stand
62.18013544,1.022324085,-9.725247383,0.5506663918,0.01225054078,-0.001597896684,0.006391586736,phone,user2,stand
62.20015544,0.9935936928,-9.737217903,0.5530605912,0.007456851192,0.003728425596,0.00532632228,phone,user2,stand
62.22017493,0.9696516991,-9.718064308,0.5698199868,0.00266316114,0.009587380104,0.006924218964,phone,user2,stand
62.24019552,0.9289502501,-9.706093788,0.5937620401,-0.001065264456,0.009587380104,0.01171790902,phone,user2,stand
62.26021052,0.9744400978,-9.691728592,0.624886632,-0.002130528912,0.01491370238,0.01810949668,phone,user2,stand
62.28022228,1.043871999,-9.684545517,0.6440402865,0.004793690052,0.01544633508,0.01917476021,phone,user2,stand
62.30023552,1.091755986,-9.698910713,0.6296750307,0.01012001187,0.007989482954,0.01917476021,phone,user2,stand
62.32025618,1.079784989,-9.708487511,0.6296750307,0.01278317347,-0.004793690052,0.01544633508,phone,user2,stand
62.34027665,1.043871999,-9.742006302,0.6129156351,0.01597896591,-0.01171790902,0.01225054078,phone,user2,stand
62.36029544,1.010353088,-9.744400978,0.55784899,0.01491370238,-0.004793690052,0.009054748341,phone,user2,stand
62.38031853,0.9792284966,-9.718064308,0.5291185975,0.007989482954,0.003728425596,0.006924218964,phone,user2,stand
62.40034232,0.9911994934,-9.713275909,0.5530605912,0.001597896684,0.006924218964,0.007456851192,phone,user2,stand
62.42036036,0.9935936928,-9.718064308,0.5937620401,0.000532632228,0.009054748341,0.007989482954,phone,user2,stand
62.44038177,1.010353088,-9.701305389,0.6296750307,0.003195793368,0.009587380104,0.008522115648,phone,user2,stand
62.46040341,0.9935936928,-9.696516991,0.6512228847,0.003195793368,0.00532632228,0.01065264456,phone,user2,stand
62.48041931,0.9816226959,-9.684545517,0.6703764796,0.006924218964,0.00532632228,0.01225054078,phone,user2,stand
62.50043861,0.9840168953,-9.701305389,0.6655880809,0.01278317347,0.004793690052,0.01438106969,phone,user2,stand
62.52045064,0.9911994934,-9.710882187,0.6200982332,0.01597896591,0.00266316114,0.0170442313,phone,user2,stand
62.54046626,1.022324085,-9.713275909,0.5985504389,0.0165115986,0.003195793368,0.01864212751,phone,user2,stand
62.56048298,1.029506683,-9.722852707,0.586579442,0.01278317347,0.004793690052,0.0165115986,phone,user2,stand
62.5804999,1.022324085,-9.727641106,0.605733037,0.009587380104,0.008522115648,0.01331580617,phone,user2,stand
62.60050982,1.043871999,-9.727641106,0.624886632,0.009587380104,0.006391586736,0.009054748341,phone,user2,stand
62.62052466,1.055842996,-9.718064308,0.6177040339,0.007456851192,0.004261057824,0.004261057824,phone,user2,stand
62.64053907,1.034295082,-9.708487511,0.624886632,0.005858954508,0.01065264456,0.0,phone,user2,stand
62.66055282,1.031900883,-9.718064308,0.6512228847,0.00532632228,0.01491370238,0.001065264456,phone,user2,stand
62.68056478,1.031900883,-9.710882187,0.6584054828,0.006391586736,0.01012001187,-0.001065264456,phone,user2,stand
62.70058146,1.031900883,-9.718064308,0.6799532771,0.008522115648,0.00266316114,-0.001065264456,phone,user2,stand
62.72059775,1.00317049,-9.710882187,0.6847416759,0.01384843793,-0.004793690052,0.001597896684,phone,user2,stand
62.74060911,0.9864110947,-9.662998199,0.653617084,0.01917476021,-0.007989482954,0.005858954508,phone,user2,stand
62.76063017,1.015141487,-9.701305389,0.6296750307,0.01917476021,-0.004793690052,0.01118527725,phone,user2,stand
62.78064341,0.9983820915,-9.718064308,0.6009446383,0.01331580617,0.007456851192,0.009587380104,phone,user2,stand
62.80065505,0.9241618514,-9.720458984,0.6296750307,0.007989482954,0.02396845073,0.007989482954,phone,user2,stand
62.82066634,0.9313444495,-9.737217903,0.6416460276,0.007456851192,0.01597896591,0.01491370238,phone,user2,stand
62.8406745,1.015141487,-9.713275909,0.6607996821,0.004793690052,0.008522115648,0.0197073929,phone,user2,stand
62.86069232,1.108515382,-9.677363396,0.6943184733,0.004261057824,-0.006924218964,0.02183792181,phone,user2,stand
62.88070443,1.091755986,-9.715670586,0.7254431248,0.01012001187,-0.01917476021,0.0170442313,phone,user2,stand
62.90071626,1.00317049,-9.737217903,0.7038952708,0.0170442313,-0.0165115986,0.01065264456,phone,user2,stand
62.92072478,0.9337386489,-9.727641106,0.6081272364,0.02077265643,-0.01171790902,0.009054748341,phone,user2,stand
62.94074142,0.9121908545,-9.730035782,0.538695395,0.01118527725,-0.01012001187,0.008522115648,phone,user2,stand
62.9607545,0.9265560508,-9.718064308,0.586579442,-0.000532632228,0.001597896684,0.01171790902,phone,user2,stand
62.98077493,0.9528923035,-9.701305389,0.6655880809,-0.000532632228,0.007456851192,0.01438106969,phone,user2,stand
63.00078282,0.9792284966,-9.708487511,0.6871358752,0.006391586736,0.004261057824,0.01384843793,phone,user2,stand
63.02078611,1.010353088,-9.727641106,0.6655880809,0.007989482954,-0.00266316114,0.01278317347,phone,user2,stand
63.04078943,1.010353088,-9.727641106,0.6584054828,0.007456851192,-0.004261057824,0.01171790902,phone,user2,stand
63.06079962,1.007958889,-9.727641106,0.6560112834,0.006924218964,0.001597896684,0.008522115648,phone,user2,stand
63.08080529,1.000776291,-9.727641106,0.6584054828,0.007456851192,0.00266316114,0.00532632228,phone,user2,stand
63.10081595,0.9959878922,-9.696516991,0.6488286853,0.007989482954,0.003195793368,0.004261057824,phone,user2,stand
63.1208331,0.9672574997,-9.715670586,0.6177040339,0.007456851192,0.001065264456,0.003195793368,phone,user2,stand
63.14084521,0.9528923035,-9.703699112,0.6344634295,0.006924218964,-0.00266316114,0.005858954508,phone,user2,stand
63.16085927,0.9672574997,-9.703699112,0.6296750307,0.005858954508,-0.007989482954,0.005858954508,phone,user2,stand
63.18087107,0.9576807022,-9.715670586,0.653617084,0.004793690052,-0.009054748341,0.009054748341,phone,user2,stand
63.20087884,0.9768342972,-9.710882187,0.672770679,0.004793690052,-0.007456851192,0.008522115648,phone,user2,stand
63.22088849,0.9744400978,-9.706093788,0.7015010715,0.007989482954,-0.009587380104,0.008522115648,phone,user2,stand
63.24089927,0.9528923035,-9.710882187,0.6847416759,0.01171790902,-0.01118527725,0.007456851192,phone,user2,stand
63.26091462,0.9289502501,-9.720458984,0.653617084,0.01225054078,-0.01278317347,0.007456851192,phone,user2,stand
63.28093431,0.9241618514,-9.727641106,0.6153098345,0.01278317347,-0.006924218964,0.007456851192,phone,user2,stand
63.30094626,0.940921247,-9.725247383,0.6081272364,0.007989482954,0.002130528912,0.005858954508,phone,user2,stand
63.32095431,0.9385270476,-9.718064308,0.6177040339,0.004261057824,0.007989482954,0.00532632228,phone,user2,stand
63.34096536,0.9481038451,-9.722852707,0.6368576288,0.002130528912,0.01118527725,0.003728425596,phone,user2,stand
63.36098177,0.9672574997,-9.722852707,0.653617084,0.002130528912,0.01118527725,0.00532632228,phone,user2,stand
63.38099743,1.00556469,-9.706093788,0.6655880809,0.00266316114,0.007456851192,0.003195793368,phone,user2,stand
63.40100954,1.00556469,-9.710882187,0.672770679,0.00266316114,0.005858954508,0.001597896684,phone,user2,stand
63.42101954,0.9840168953,-9.710882187,0.6871358752,0.004793690052,0.006924218964,0.001597896684,phone,user2,stand
63.4410265,0.962469101,-9.710882187,0.6751648784,0.007456851192,0.009054748341,0.00266316114,phone,user2,stand
63.4610306,0.9816226959,-9.698910713,0.6440402865,0.006391586736,0.007456851192,0.005858954508,phone,user2,stand
63.48104161,0.9959878922,-9.703699112,0.6368576288,0.003728425596,0.007456851192,0.008522115648,phone,user2,stand
63.50105568,1.034295082,-9.718064308,0.6512228847,0.001597896684,0.007989482954,0.01012001187,phone,user2,stand
63.52106458,1.04147768,-9.691728592,0.6799532771,0.002130528912,0.003728425596,0.01065264456,phone,user2,stand
63.54107767,1.043871999,-9.689333916,0.6943184733,0.007456851192,-0.001065264456,0.01118527725,phone,user2,stand
63.56107919,1.043871999,-9.715670586,0.6895300746,0.01065264456,-0.005858954508,0.009054748341,phone,user2,stand
63.58107978,1.019929886,-9.725247383,0.6703764796,0.01171790902,-0.009054748341,0.006924218964,phone,user2,stand
63.60108021,0.988805294,-9.732429504,0.653617084,0.01065264456,-0.01065264456,0.007456851192,phone,user2,stand
63.62108345,0.988805294,-9.718064308,0.6368576288,0.007989482954,-0.01491370238,0.007989482954,phone,user2,stand
63.64108786,0.9720458984,-9.703699112,0.6607996821,0.002130528912,-0.009054748341,0.007989482954,phone,user2,stand
63.66109732,0.9840168953,-9.686940193,0.6991068721,0.003195793368,0.000532632228,0.01012001187,phone,user2,stand
63.68111103,1.034295082,-9.698910713,0.6895300746,0.007456851192,0.000532632228,0.009054748341,phone,user2,stand
63.70111767,1.053448796,-9.710882187,0.6560112834,0.009054748341,-0.003728425596,0.006924218964,phone,user2,stand
63.72111822,1.053448796,-9.708487511,0.6655880809,0.009587380104,-0.01491370238,0.007989482954,phone,user2,stand
63.74112247,1.027112484,-9.730035782,0.6679822803,0.009587380104,-0.0197073929,0.006391586736,phone,user2,stand
63.76113962,1.00556469,-9.720458984,0.672770679,0.009054748341,-0.0165115986,0.004793690052,phone,user2,stand
63.78115392,0.9840168953,-9.706093788,0.672770679,0.008522115648,-0.0170442313,0.004261057824,phone,user2,stand
63.80115892,0.9720458984,-9.732429504,0.6847416759,0.009587380104,-0.0170442313,0.004261057824,phone,user2,stand
63.82116314,0.962469101,-9.715670586,0.672770679,0.009587380104,-0.02237055451,0.00532632228,phone,user2,stand
63.84116025,0.9576807022,-9.718064308,0.6584054828,0.009054748341,-0.02769687586,0.004261057824,phone,user2,stand
63.86116208,0.9481038451,-9.715670586,0.6416460276,0.007456851192,-0.02503371425,0.00266316114,phone,user2,stand
63.88117282,0.9145850539,-9.720458984,0.6679822803,0.003195793368,-0.01491370238,0.000532632228,phone,user2,stand
63.9011863,0.9002198577,-9.727641106,0.6847416759,0.002130528912,-0.008522115648,0.001065264456,phone,user2,stand
63.92118939,0.9241618514,-9.720458984,0.6871358752,0.004261057824,-0.007989482954,0.001065264456,phone,user2,stand
63.94119208,0.962469101,-9.732429504,0.6775590777,0.002130528912,-0.01012001187,0.0,phone,user2,stand
63.96119263,0.9481038451,-9.703699112,0.6799532771,0.001065264456,-0.008522115648,-0.001597896684,phone,user2,stand
63.98118794,0.9313444495,-9.732429504,0.6943184733,0.0,0.0,-0.003195793368,phone,user2,stand
64.0011895,0.9265560508,-9.715670586,0.6847416759,-0.007456851192,0.01225054078,-0.01012001187,phone,user2,stand
64.02119864,0.9457096457,-9.713275909,0.6679822803,-0.009587380104,0.01544633508,-0.009054748341,phone,user2,stand
64.04120919,0.962469101,-9.703699112,0.6679822803,-0.01065264456,0.02130528912,-0.006924218964,phone,user2,stand
64.06122282,0.988805294,-9.689333916,0.6775590777,-0.01171790902,0.02130528912,-0.004793690052,phone,user2,stand
64.08123286,0.9983820915,-9.686940193,0.672770679,-0.01171790902,0.02237055451,-0.003728425596,phone,user2,stand
64.10123751,1.022324085,-9.696516991,0.6943184733,-0.009054748341,0.02237055451,-0.003195793368,phone,user2,stand
64.1212531,1.031900883,-9.708487511,0.6799532771,-0.00532632228,0.01757686399,-0.002130528912,phone,user2,stand
64.14126771,1.046266198,-9.710882187,0.6512228847,-0.003195793368,0.01597896591,-0.001597896684,phone,user2,stand
64.16128732,1.053448796,-9.720458984,0.6320692301,-0.004261057824,0.01171790902,-0.004261057824,phone,user2,stand
64.18129907,1.034295082,-9.722852707,0.624886632,-0.006391586736,0.008522115648,-0.006391586736,phone,user2,stand
64.20130411,1.034295082,-9.708487511,0.6464344859,-0.007989482954,0.007989482954,-0.00532632228,phone,user2,stand
64.22129716,1.019929886,-9.698910713,0.653617084,-0.007456851192,0.006924218964,-0.006924218964,phone,user2,stand
64.24129599,1.029506683,-9.734824181,0.6440402865,-0.007456851192,0.008522115648,-0.008522115648,phone,user2,stand
64.26129685,1.007958889,-9.725247383,0.6392518282,-0.007456851192,0.01065264456,-0.009054748341,phone,user2,stand
64.28130165,0.9840168953,-9.708487511,0.6392518282,-0.009054748341,0.007456851192,-0.009587380104,phone,user2,stand
64.30130509,0.9552865028,-9.713275909,0.6464344859,-0.009587380104,0.006924218964,-0.007989482954,phone,user2,stand
64.32130591,0.9504981041,-9.689333916,0.653617084,-0.01171790902,0.01544633508,-0.004261057824,phone,user2,stand
64.34130997,0.9959878922,-9.689333916,0.6655880809,-0.008522115648,0.02024002373,-0.003728425596,phone,user2,stand
64.36132079,1.046266198,-9.708487511,0.6703764796,-0.006924218964,0.02077265643,-0.00266316114,phone,user2,stand
64.38132618,1.065419793,-9.696516991,0.6631938815,-0.007989482954,0.01491370238,-0.003195793368,phone,user2,stand
64.40132509,1.070208192,-9.706093788,0.653617084,-0.005858954508,0.01065264456,-0.00532632228,phone,user2,stand
64.42131743,1.053448796,-9.718064308,0.6512228847,-0.006391586736,0.01118527725,-0.006391586736,phone,user2,stand
64.44131427,1.063025594,-9.710882187,0.6392518282,-0.007989482954,0.009054748341,-0.006924218964,phone,user2,stand
64.46131775,1.079784989,-9.710882187,0.6560112834,-0.006924218964,0.004261057824,-0.008522115648,phone,user2,stand
64.48131693,1.082179189,-9.713275909,0.653617084,-0.004793690052,-0.000532632228,-0.007456851192,phone,user2,stand
64.50131552,1.079784989,-9.718064308,0.6368576288,-0.004793690052,-0.007456851192,-0.007456851192,phone,user2,stand
64.52132083,1.031900883,-9.710882187,0.6368576288,-0.005858954508,-0.01225054078,-0.008522115648,phone,user2,stand
64.54132806,1.010353088,-9.713275909,0.6703764796,-0.006924218964,-0.01065264456,-0.007456851192,phone,user2,stand
64.56134083,1.012747288,-9.691728592,0.6679822803,-0.003728425596,-0.01331580617,-0.006924218964,phone,user2,stand
64.58135954,0.9864110947,-9.703699112,0.6607996821,-0.002130528912,-0.01012001187,-0.005858954508,phone,user2,stand
64.601372,0.9911994934,-9.701305389,0.6320692301,-0.001065264456,-0.009587380104,-0.001597896684,phone,user2,stand
64.62138763,1.00556469,-9.715670586,0.6105214357,-0.00266316114,-0.008522115648,-0.001597896684,phone,user2,stand
64.64140173,1.010353088,-9.732429504,0.6129156351,-0.006924218964,-0.002130528912,-0.003728425596,phone,user2,stand
64.66141294,1.012747288,-9.732429504,0.6344634295,-0.009587380104,0.000532632228,-0.006391586736,phone,user2,stand
64.68142775,1.00556469,-9.730035782,0.6177040339,-0.01225054078,0.007989482954,-0.009587380104,phone,user2,stand
64.7014349,1.022324085,-9.715670586,0.6224924326,-0.01331580617,0.01597896591,-0.01012001187,phone,user2,stand
64.72143708,1.046266198,-9.701305389,0.6440402865,-0.01278317347,0.01225054078,-0.006391586736,phone,user2,stand
64.74144048,1.086967587,-9.686940193,0.6464344859,-0.01225054078,0.004261057824,-0.005858954508,phone,user2,stand
64.76144079,1.031900883,-9.682151794,0.6775590777,-0.008522115648,0.006924218964,-0.007456851192,phone,user2,stand
64.78144907,0.9840168953,-9.710882187,0.6464344859,-0.001597896684,-0.001597896684,-0.007989482954,phone,user2,stand
64.8014524,1.000776291,-9.718064308,0.6081272364,-0.002130528912,-0.000532632228,-0.004793690052,phone,user2,stand
64.8214572,1.039083481,-9.701305389,0.605733037,-0.006391586736,0.003728425596,-0.003195793368,phone,user2,stand
64.84146224,1.070208192,-9.718064308,0.6296750307,-0.007456851192,0.01012001187,-0.003728425596,phone,user2,stand
64.86146896,1.029506683,-9.734824181,0.6440402865,-0.005858954508,0.01012001187,-0.007456851192,phone,user2,stand
64.88147263,0.9983820915,-9.679757118,0.6272808313,-0.002130528912,0.002130528912,-0.005858954508,phone,user2,stand
64.90147794,1.031900883,-9.722852707,0.6129156351,-0.004261057824,0.000532632228,-0.004793690052,phone,user2,stand
64.92148497,1.060631394,-9.739612579,0.6033388376,-0.005858954508,0.005858954508,-0.007456851192,phone,user2,stand
64.94148853,1.022324085,-9.710882187,0.6153098345,-0.006924218964,0.01278317347,-0.009054748341,phone,user2,stand
64.96148466,0.988805294,-9.715670586,0.6129156351,-0.009054748341,0.009054748341,-0.009054748341,phone,user2,stand
64.98148536,0.9576807022,-9.715670586,0.6105214357,-0.01065264456,0.009587380104,-0.004793690052,phone,user2,stand
65.00148591,0.9648633003,-9.696516991,0.624886632,-0.009587380104,0.01225054078,-0.000532632228,phone,user2,stand
65.02148341,1.024718285,-9.694122314,0.6105214357,-0.005858954508,0.01757686399,-0.000532632228,phone,user2,stand
65.04147962,1.060631394,-9.710882187,0.6129156351,-0.006924218964,0.0197073929,0.000532632228,phone,user2,stand
65.06148216,1.065419793,-9.725247383,0.6200982332,-0.00532632228,0.0170442313,0.0,phone,user2,stand
65.0814795,1.055842996,-9.720458984,0.6344634295,-0.004793690052,0.0197073929,-0.00266316114,phone,user2,stand
65.10147782,1.053448796,-9.727641106,0.6153098345,-0.004261057824,0.02077265643,-0.004261057824,phone,user2,stand
65.12147376,1.063025594,-9.710882187,0.586579442,-0.00532632228,0.02130528912,-0.005858954508,phone,user2,stand
65.14147294,1.07739079,-9.708487511,0.5913678408,-0.008522115648,0.01917476021,-0.004793690052,phone,user2,stand
65.16148384,1.110909581,-9.701305389,0.6224924326,-0.006924218964,0.01118527725,-0.003195793368,phone,user2,stand
65.18148564,1.118092179,-9.686940193,0.6368576288,-0.003195793368,0.002130528912,-0.00266316114,phone,user2,stand
65.2014906,1.070208192,-9.701305389,0.6560112834,-0.001065264456,-0.00266316114,-0.003728425596,phone,user2,stand
65.22150212,1.012747288,-9.706093788,0.6368576288,0.002130528912,-0.00532632228,-0.003195793368,phone,user2,stand
65.24151626,1.012747288,-9.713275909,0.6105214357,0.003728425596,-0.005858954508,-0.001065264456,phone,user2,stand
65.26152837,1.04147768,-9.710882187,0.6200982332,0.002130528912,-0.006924218964,0.000532632228,phone,user2,stand
65.2815406,1.07739079,-9.715670586,0.6081272364,0.000532632228,-0.007456851192,0.0,phone,user2,stand
65.30155614,1.039083481,-9.701305389,0.6416460276,-0.000532632228,-0.00266316114,-0.003195793368,phone,user2,stand
65.32156599,1.00317049,-9.727641106,0.6224924326,-0.000532632228,-0.000532632228,-0.004793690052,phone,user2,stand
65.34156552,0.988805294,-9.715670586,0.6009446383,-0.000532632228,0.003195793368,0.0,phone,user2,stand
65.36157286,1.034295082,-9.703699112,0.6081272364,-0.003195793368,0.01012001187,0.001597896684,phone,user2,stand
65.38158048,1.048660398,-9.684545517,0.6416460276,-0.006391586736,0.0165115986,0.001597896684,phone,user2,stand
65.4015956,1.031900883,-9.684545517,0.6584054828,-0.004261057824,0.0197073929,0.004261057824,phone,user2,stand
65.4216056,1.039083481,-9.708487511,0.6560112834,0.001065264456,0.01597896591,0.008522115648,phone,user2,stand
65.44160841,1.082179189,-9.703699112,0.6488286853,0.003728425596,0.01278317347,0.01012001187,phone,user2,stand
65.46161763,1.11569798,-9.684545517,0.6368576288,0.003195793368,0.01012001187,0.008522115648,phone,user2,stand
65.48163509,1.110909581,-9.718064308,0.6392518282,0.00266316114,0.001065264456,0.005858954508,phone,user2,stand
65.50165423,1.127668977,-9.718064308,0.6224924326,0.003728425596,-0.003195793368,0.004261057824,phone,user2,stand
65.52166697,1.144428372,-9.718064308,0.605733037,0.003195793368,-0.003195793368,0.002130528912,phone,user2,stand
65.54167419,1.132457376,-9.713275909,0.5961562395,-0.000532632228,0.0,-0.003195793368,phone,user2,stand
65.56168318,1.096544385,-9.698910713,0.6320692301,-0.002130528912,-0.005858954508,-0.004261057824,phone,user2,stand
65.58169591,1.053448796,-9.703699112,0.6560112834,-0.000532632228,-0.01225054078,-0.00266316114,phone,user2,stand
65.60171259,1.053448796,-9.686940193,0.6296750307,0.002130528912,-0.01864212751,-0.000532632228,phone,user2,stand
65.62173345,1.053448796,-9.713275909,0.6488286853,0.001597896684,-0.01810949668,0.0,phone,user2,stand
65.64175064,1.019929886,-9.710882187,0.6703764796,0.003728425596,-0.0165115986,-0.001065264456,phone,user2,stand
65.66176825,0.9600749016,-9.708487511,0.6488286853,0.004261057824,-0.01438106969,-0.000532632228,phone,user2,stand
65.68178528,0.9026140571,-9.715670586,0.624886632,0.001065264456,-0.004261057824,0.003728425596,phone,user2,stand
65.70180876,0.9385270476,-9.698910713,0.6105214357,0.0,0.006391586736,0.008522115648,phone,user2,stand
65.72182946,1.015141487,-9.691728592,0.6224924326,-0.001065264456,0.01118527725,0.01012001187,phone,user2,stand
65.74183923,1.07739079,-9.715670586,0.6344634295,-0.001065264456,0.01544633508,0.009054748341,phone,user2,stand
65.76185579,1.074996591,-9.708487511,0.6440402865,-0.000532632228,0.01491370238,0.007989482954,phone,user2,stand
65.78187575,1.063025594,-9.703699112,0.6416460276,0.00266316114,0.01225054078,0.004793690052,phone,user2,stand
65.80190173,1.046266198,-9.718064308,0.6224924326,-0.000532632228,0.01597896591,0.003728425596,phone,user2,stand
65.82192755,1.063025594,-9.715670586,0.6033388376,-0.001065264456,0.01864212751,0.003195793368,phone,user2,stand
65.84195177,1.089361787,-9.715670586,0.6009446383,-0.00266316114,0.01810949668,0.003195793368,phone,user2,stand
65.86196798,1.101332784,-9.696516991,0.6129156351,-0.002130528912,0.01597896591,0.004261057824,phone,user2,stand
65.88197958,1.082179189,-9.691728592,0.6320692301,-0.001065264456,0.01118527725,0.003195793368,phone,user2,stand
65.90199786,1.039083481,-9.710882187,0.653617084,-0.003195793368,0.01065264456,0.001065264456,phone,user2,stand
65.9220188,0.9959878922,-9.703699112,0.6655880809,-0.001597896684,0.01118527725,0.00266316114,phone,user2,stand
65.94202876,0.9959878922,-9.713275909,0.6464344859,0.001065264456,0.009587380104,0.004261057824,phone,user2,stand
65.96203669,1.04147768,-9.703699112,0.6368576288,-0.001065264456,0.01118527725,0.006391586736,phone,user2,stand
65.98204267,1.053448796,-9.713275909,0.6512228847,-0.001065264456,0.007989482954,0.006924218964,phone,user2,stand
66.00204767,1.029506683,-9.713275909,0.6895300746,0.0,0.00532632228,0.006924218964,phone,user2,stand
66.02205677,1.012747288,-9.715670586,0.6775590777,0.001597896684,0.004261057824,0.00532632228,phone,user2,stand
66.04206986,0.988805294,-9.727641106,0.6416460276,0.00266316114,0.00266316114,0.003728425596,phone,user2,stand
66.06208103,1.00556469,-9.730035782,0.6081272364,-0.001597896684,0.003195793368,0.003195793368,phone,user2,stand
66.0820947,1.031900883,-9.715670586,0.6224924326,-0.004793690052,0.002130528912,0.003728425596,phone,user2,stand
66.1021047,1.048660398,-9.696516991,0.6584054828,-0.005858954508,0.004793690052,0.00266316114,phone,user2,stand
66.12212618,1.022324085,-9.691728592,0.6943184733,-0.00532632228,0.004261057824,0.001597896684,phone,user2,stand
66.14214017,1.010353088,-9.706093788,0.6871358752,0.001065264456,0.004261057824,0.001065264456,phone,user2,stand
66.1621463,0.9959878922,-9.696516991,0.6320692301,0.002130528912,0.002130528912,0.001597896684,phone,user2,stand
66.18215904,1.00556469,-9.710882187,0.6009446383,-0.001065264456,0.003195793368,0.001597896684,phone,user2,stand
66.2021799,1.015141487,-9.703699112,0.6440402865,-0.004261057824,0.003195793368,0.003728425596,phone,user2,stand
66.22219228,1.00556469,-9.696516991,0.6775590777,-0.001065264456,-0.000532632228,0.00532632228,phone,user2,stand
66.24220126,1.029506683,-9.713275909,0.6655880809,0.003195793368,-0.003728425596,0.004793690052,phone,user2,stand
66.26221017,1.017535686,-9.713275909,0.6440402865,0.003728425596,-0.006391586736,0.004261057824,phone,user2,stand
66.2822231,1.034295082,-9.730035782,0.6224924326,0.001065264456,-0.004793690052,0.00266316114,phone,user2,stand
66.30223474,1.031900883,-9.708487511,0.6200982332,0.0,-0.002130528912,0.001065264456,phone,user2,stand
66.3222356,1.010353088,-9.710882187,0.6416460276,0.0,-0.00266316114,-0.000532632228,phone,user2,stand
66.34224458,0.9911994934,-9.725247383,0.6296750307,0.000532632228,-0.00266316114,-0.000532632228,phone,user2,stand
66.36225032,0.9935936928,-9.727641106,0.6272808313,0.0,0.0,-0.000532632228,phone,user2,stand
66.38224673,0.9935936928,-9.713275909,0.6224924326,-0.002130528912,-0.001597896684,0.001065264456,phone,user2,stand
66.40225544,0.9600749016,-9.691728592,0.6584054828,-0.003728425596,-0.001597896684,0.002130528912,phone,user2,stand
66.42226564,0.9313444495,-9.698910713,0.672770679,-0.002130528912,0.003728425596,0.004793690052,phone,user2,stand
66.44227177,0.9720458984,-9.698910713,0.6679822803,0.00266316114,0.01278317347,0.009054748341,phone,user2,stand
66.46227849,1.034295082,-9.710882187,0.6177040339,0.005858954508,0.01331580617,0.007456851192,phone,user2,stand
66.48228685,1.036689281,-9.718064308,0.6105214357,0.00266316114,0.01225054078,0.005858954508,phone,user2,stand
66.50229595,1.046266198,-9.732429504,0.6200982332,0.0,0.009054748341,0.00532632228,phone,user2,stand
66.52230298,1.022324085,-9.718064308,0.653617084,-0.000532632228,0.008522115648,0.003728425596,phone,user2,stand
66.54230872,1.012747288,-9.708487511,0.6679822803,0.000532632228,0.01065264456,0.001597896684,phone,user2,stand
66.56231857,1.024718285,-9.703699112,0.6655880809,0.001065264456,0.01225054078,0.001597896684,phone,user2,stand
66.58232786,1.019929886,-9.703699112,0.6560112834,0.001065264456,0.01118527725,0.000532632228,phone,user2,stand
66.60233216,1.024718285,-9.691728592,0.6416460276,0.002130528912,0.01171790902,0.002130528912,phone,user2,stand
66.62233064,1.024718285,-9.694122314,0.6584054828,0.00266316114,0.005858954508,0.003728425596,phone,user2,stand
66.64233224,0.9983820915,-9.696516991,0.6775590777,0.002130528912,0.004261057824,0.004261057824,phone,user2,stand
66.66233349,0.9840168953,-9.696516991,0.6775590777,0.004261057824,0.002130528912,0.005858954508,phone,user2,stand
66.68234439,0.9935936928,-9.708487511,0.6560112834,0.00532632228,0.001597896684,0.007456851192,phone,user2,stand
66.70235306,1.019929886,-9.715670586,0.6440402865,0.004261057824,-0.001065264456,0.01065264456,phone,user2,stand
66.72236228,1.060631394,-9.720458984,0.6584054828,0.003195793368,-0.004261057824,0.007989482954,phone,user2,stand
66.74237009,1.034295082,-9.718064308,0.6751648784,0.004261057824,-0.004261057824,0.007456851192,phone,user2,stand
66.76238642,1.007958889,-9.708487511,0.6823474765,0.006391586736,-0.002130528912,0.00532632228,phone,user2,stand
66.78239263,0.9864110947,-9.718064308,0.6703764796,0.006924218964,-0.00266316114,0.005858954508,phone,user2,stand
66.80239169,0.9816226959,-9.713275909,0.653617084,0.004793690052,0.000532632228,0.006924218964,phone,user2,stand
66.82239993,1.00317049,-9.703699112,0.6488286853,0.004261057824,0.003195793368,0.007989482954,phone,user2,stand
66.84240185,1.000776291,-9.696516991,0.6775590777,0.001597896684,0.00266316114,0.007456851192,phone,user2,stand
66.8624056,0.9959878922,-9.708487511,0.720654726,0.00266316114,0.001597896684,0.007989482954,phone,user2,stand
66.88242115,0.9768342972,-9.710882187,0.720654726,0.005858954508,0.001597896684,0.008522115648,phone,user2,stand
66.90244099,0.9768342972,-9.696516991,0.6991068721,0.007989482954,0.004261057824,0.008522115648,phone,user2,stand
66.92245736,0.9696516991,-9.715670586,0.6775590777,0.008522115648,0.00532632228,0.007456851192,phone,user2,stand
66.94247337,0.9720458984,-9.715670586,0.6751648784,0.005858954508,0.006391586736,0.009054748341,phone,user2,stand
66.96249669,0.9648633003,-9.722852707,0.6631938815,0.004261057824,0.004261057824,0.01065264456,phone,user2,stand
66.98251575,0.9792284966,-9.710882187,0.6823474765,0.002130528912,0.0,0.01118527725,phone,user2,stand
67.00252907,0.988805294,-9.710882187,0.6967126727,0.00266316114,-0.002130528912,0.01118527725,phone,user2,stand
67.02254286,1.000776291,-9.696516991,0.7254431248,0.004793690052,-0.004793690052,0.008522115648,phone,user2,stand
67.04254861,1.000776291,-9.713275909,0.7038952708,0.007989482954,-0.004793690052,0.006924218964,phone,user2,stand
67.06255177,0.9983820915,-9.725247383,0.6991068721,0.008522115648,-0.005858954508,0.003195793368,phone,user2,stand
67.08256228,0.9433154464,-9.708487511,0.6799532771,0.007456851192,-0.00532632228,0.00266316114,phone,user2,stand
67.1025681,0.9481038451,-9.715670586,0.6488286853,0.00532632228,-0.006391586736,0.002130528912,phone,user2,stand
67.12258052,0.9696516991,-9.742006302,0.6560112834,0.002130528912,0.0,0.00266316114,phone,user2,stand
67.14259001,0.9576807022,-9.730035782,0.6631938815,-0.001597896684,0.004793690052,0.000532632228,phone,user2,stand
67.16260029,0.9457096457,-9.713275909,0.7062895298,-0.003728425596,0.0,0.0,phone,user2,stand
67.18261036,0.8978256583,-9.703699112,0.720654726,-0.004261057824,0.002130528912,0.001597896684,phone,user2,stand
67.20262728,0.9074024558,-9.691728592,0.7350199223,-0.001065264456,0.007989482954,0.003728425596,phone,user2,stand
67.2226324,0.940921247,-9.691728592,0.7062895298,0.003728425596,0.009587380104,0.004793690052,phone,user2,stand
67.24263521,0.9792284966,-9.713275909,0.6823474765,0.002130528912,0.01171790902,0.004261057824,phone,user2,stand
67.26263849,0.9864110947,-9.732429504,0.691924274,0.0,0.007456851192,0.003728425596,phone,user2,stand
67.28263818,0.9959878922,-9.732429504,0.691924274,0.001597896684,0.003195793368,0.001597896684,phone,user2,stand
67.30264322,0.9672574997,-9.725247383,0.6751648784,-0.001597896684,0.01118527725,-0.003195793368,phone,user2,stand
67.32264935,0.9528923035,-9.722852707,0.6751648784,-0.006391586736,0.01065264456,-0.004261057824,phone,user2,stand
67.34265958,0.9433154464,-9.718064308,0.6895300746,-0.006924218964,0.01118527725,-0.003728425596,phone,user2,stand
67.36267689,0.9600749016,-9.686940193,0.7086837292,-0.004793690052,0.01331580617,-0.002130528912,phone,user2,stand
67.38268271,0.9816226959,-9.691728592,0.7110779285,-0.00266316114,0.007456851192,-0.001065264456,phone,user2,stand
67.40267888,0.9504981041,-9.706093788,0.7134721279,-0.000532632228,0.00266316114,-0.001065264456,phone,user2,stand
67.42267911,0.9265560508,-9.715670586,0.7278373241,0.001597896684,0.001065264456,-0.000532632228,phone,user2,stand
67.44267669,0.9241618514,-9.725247383,0.6847416759,0.003728425596,0.001597896684,0.001065264456,phone,user2,stand
67.46267001,0.9289502501,-9.718064308,0.6631938815,-0.004261057824,0.00532632228,-0.004261057824,phone,user2,stand
67.48266431,0.9337386489,-9.725247383,0.6823474765,-0.006924218964,0.006391586736,-0.003195793368,phone,user2,stand
67.50266052,0.9433154464,-9.713275909,0.720654726,-0.006391586736,0.007456851192,-0.002130528912,phone,user2,stand
67.52266138,0.9504981041,-9.708487511,0.7038952708,-0.00532632228,0.01065264456,-0.00532632228,phone,user2,stand
67.54266118,0.9433154464,-9.725247383,0.6943184733,-0.006924218964,0.01278317347,-0.004793690052,phone,user2,stand
67.56265904,0.9552865028,-9.722852707,0.7062895298,-0.006391586736,0.01118527725,-0.003728425596,phone,user2,stand
67.58265392,0.9768342972,-9.710882187,0.6991068721,-0.006924218964,0.01171790902,-0.001597896684,phone,user2,stand
67.60265521,1.012747288,-9.689333916,0.7134721279,-0.005858954508,0.01225054078,-0.00266316114,phone,user2,stand
67.62265486,1.010353088,-9.703699112,0.7086837292,-0.003195793368,0.007989482954,-0.003728425596,phone,user2,stand
67.64264282,0.9983820915,-9.725247383,0.6967126727,-0.00266316114,0.00266316114,-0.002130528912,phone,user2,stand
67.66264278,0.9792284966,-9.708487511,0.6775590777,-0.001597896684,0.0,-0.001597896684,phone,user2,stand
67.68265126,1.00317049,-9.710882187,0.6943184733,-0.00266316114,-0.002130528912,-0.000532632228,phone,user2,stand
67.7026722,1.024718285,-9.710882187,0.6871358752,-0.00266316114,-0.004261057824,-0.001597896684,phone,user2,stand
67.72269154,1.015141487,-9.715670586,0.6943184733,-0.00266316114,-0.004261057824,-0.002130528912,phone,user2,stand
67.74271048,0.9792284966,-9.713275909,0.7254431248,-0.001597896684,-0.009054748341,-0.003195793368,phone,user2,stand
67.76271743,0.9648633003,-9.713275909,0.7110779285,0.001597896684,-0.01384843793,-0.00266316114,phone,user2,stand
67.78272072,0.9552865028,-9.710882187,0.7038952708,0.001597896684,-0.01278317347,-0.002130528912,phone,user2,stand
67.80272704,0.9481038451,-9.703699112,0.6871358752,0.000532632228,-0.01118527725,-0.002130528912,phone,user2,stand
67.82273138,0.940921247,-9.718064308,0.6823474765,0.0,-0.007456851192,-0.001065264456,phone,user2,stand
67.84274247,0.9576807022,-9.722852707,0.691924274,-0.002130528912,-0.005858954508,-0.001597896684,phone,user2,stand
67.8627556,0.9600749016,-9.722852707,0.7062895298,-0.001597896684,-0.003728425596,-0.003195793368,phone,user2,stand
67.88277044,0.9576807022,-9.701305389,0.7110779285,-0.00266316114,-0.00532632228,-0.00266316114,phone,user2,stand
67.90278251,0.9552865028,-9.708487511,0.7158663273,-0.003195793368,-0.005858954508,-0.003195793368,phone,user2,stand
67.92279275,0.9864110947,-9.739612579,0.7015010715,-0.002130528912,-0.006391586736,-0.004261057824,phone,user2,stand
67.94280974,0.9648633003,-9.710882187,0.7086837292,-0.004793690052,-0.004261057824,-0.006391586736,phone,user2,stand
67.96282083,0.9289502501,-9.696516991,0.7254431248,-0.006391586736,-0.006391586736,-0.007989482954,phone,user2,stand
67.98284056,0.895431459,-9.713275909,0.7326257229,-0.006391586736,-0.003195793368,-0.004793690052,phone,user2,stand
68.00285681,0.8810662031,-9.684545517,0.7350199223,-0.004793690052,0.004261057824,-0.001065264456,phone,user2,stand
68.02287294,0.9457096457,-9.706093788,0.7302315235,0.0,0.003195793368,0.001597896684,phone,user2,stand
68.04288837,0.9720458984,-9.725247383,0.7062895298,-0.001597896684,0.00266316114,0.000532632228,phone,user2,stand
68.0628972,0.9911994934,-9.727641106,0.6943184733,-0.004261057824,-0.001597896684,-0.00266316114,phone,user2,stand
68.08290935,0.9576807022,-9.722852707,0.7110779285,-0.004261057824,-0.001065264456,-0.004793690052,phone,user2,stand
68.10292743,0.9481038451,-9.730035782,0.6943184733,-0.006391586736,0.004793690052,-0.007456851192,phone,user2,stand
68.12293583,0.9289502501,-9.715670586,0.7158663273,-0.007456851192,0.007989482954,-0.007989482954,phone,user2,stand
68.14294825,0.9385270476,-9.730035782,0.7038952708,-0.005858954508,0.008522115648,-0.007989482954,phone,user2,stand
68.16296025,0.9576807022,-9.706093788,0.6847416759,-0.00532632228,0.007456851192,-0.006391586736,phone,user2,stand
68.18297607,0.9576807022,-9.708487511,0.6823474765,-0.00532632228,0.001065264456,-0.00532632228,phone,user2,stand
68.20298654,0.9385270476,-9.710882187,0.6943184733,-0.007989482954,-0.001065264456,-0.005858954508,phone,user2,stand
68.2229988,0.9241618514,-9.701305389,0.7350199223,-0.006924218964,0.0,-0.004793690052,phone,user2,stand
68.24301497,0.9337386489,-9.696516991,0.7230489254,-0.003728425596,0.00266316114,-0.004261057824,phone,user2,stand
68.26303154,0.9457096457,-9.706093788,0.6943184733,-0.001597896684,0.004261057824,-0.004793690052,phone,user2,stand
68.28306107,0.940921247,-9.713275909,0.6775590777,-0.003728425596,0.000532632228,-0.005858954508,phone,user2,stand
68.30309017,0.9528923035,-9.710882187,0.6775590777,-0.00532632228,0.003728425596,-0.004261057824,phone,user2,stand
68.32312333,0.9552865028,-9.725247383,0.6799532771,-0.009054748341,0.01065264456,-0.006391586736,phone,user2,stand
68.34315904,0.962469101,-9.725247383,0.7062895298,-0.009054748341,0.01065264456,-0.006391586736,phone,user2,stand
68.363184,0.962469101,-9.713275909,0.7086837292,-0.008522115648,0.006924218964,-0.007456851192,phone,user2,stand
68.38321044,0.9840168953,-9.701305389,0.7158663273,-0.006391586736,0.004261057824,-0.006924218964,phone,user2,stand
68.40322771,0.962469101,-9.706093788,0.7134721279,-0.004793690052,0.002130528912,-0.005858954508,phone,user2,stand
68.42324392,0.9648633003,-9.710882187,0.7110779285,-0.004793690052,0.002130528912,-0.005858954508,phone,user2,stand
68.44326517,0.9600749016,-9.710882187,0.7326257229,-0.00266316114,-0.000532632228,-0.005858954508,phone,user2,stand
68.46328208,0.962469101,-9.708487511,0.7015010715,-0.001597896684,-0.002130528912,-0.005858954508,phone,user2,stand
68.48329513,0.9696516991,-9.730035782,0.6799532771,-0.004261057824,-0.003728425596,-0.006391586736,phone,user2,stand
68.50331786,0.9696516991,-9.718064308,0.6895300746,-0.006924218964,-0.002130528912,-0.007456851192,phone,user2,stand
68.52332572,0.962469101,-9.718064308,0.7110779285,-0.006924218964,-0.003728425596,-0.007989482954,phone,user2,stand
68.54333978,0.9552865028,-9.703699112,0.7110779285,-0.006924218964,-0.004793690052,-0.007989482954,phone,user2,stand
68.56335079,0.9552865028,-9.715670586,0.7158663273,-0.004793690052,-0.006391586736,-0.007989482954,phone,user2,stand
68.58336173,0.9289502501,-9.706093788,0.7086837292,-0.003195793368,-0.008522115648,-0.009587380104,phone,user2,stand
68.60336818,0.921767652,-9.718064308,0.7086837292,-0.004793690052,-0.009054748341,-0.007456851192,phone,user2,stand
68.62337396,0.9361328483,-9.708487511,0.7062895298,-0.005858954508,-0.007456851192,-0.007456851192,phone,user2,stand
68.64337575,0.9337386489,-9.708487511,0.7134721279,-0.006924218964,-0.00266316114,-0.006924218964,phone,user2,stand
68.66338154,0.9241618514,-9.696516991,0.720654726,-0.006924218964,0.002130528912,-0.006924218964,phone,user2,stand
68.68338177,0.9457096457,-9.718064308,0.7350199223,-0.004793690052,0.00266316114,-0.006924218964,phone,user2,stand
68.7033865,0.9600749016,-9.725247383,0.6895300746,-0.00266316114,-0.002130528912,-0.006391586736,phone,user2,stand
68.72339079,0.9672574997,-9.696516991,0.6895300746,-0.005858954508,-0.003195793368,-0.006391586736,phone,user2,stand
68.74340044,0.9696516991,-9.701305389,0.6943184733,-0.006924218964,-0.003728425596,-0.006924218964,phone,user2,stand
68.76340396,0.9864110947,-9.725247383,0.7086837292,-0.003728425596,-0.005858954508,-0.007456851192,phone,user2,stand
68.7834095,0.962469101,-9.742006302,0.7015010715,-0.002130528912,-0.003728425596,-0.01012001187,phone,user2,stand
68.8034131,0.9337386489,-9.713275909,0.6847416759,-0.00532632228,-0.00532632228,-0.01278317347,phone,user2,stand
68.82341185,0.8882488012,-9.725247383,0.672770679,-0.009054748341,-0.003728425596,-0.01065264456,phone,user2,stand
68.84341306,0.8930372596,-9.708487511,0.6895300746,-0.01065264456,0.002130528912,-0.00532632228,phone,user2,stand
68.86341232,0.9576807022,-9.686940193,0.7062895298,-0.007456851192,0.007989482954,-0.004261057824,phone,user2,stand
68.88341423,0.9911994934,-9.686940193,0.6991068721,-0.007456851192,0.01118527725,-0.006391586736,phone,user2,stand
68.90342068,0.9935936928,-9.713275909,0.7110779285,-0.006924218964,0.007456851192,-0.008522115648,phone,user2,stand
68.92342376,0.9959878922,-9.722852707,0.6943184733,-0.00532632228,0.001065264456,-0.008522115648,phone,user2,stand
68.94342829,0.9983820915,-9.715670586,0.6799532771,-0.00532632228,0.003728425596,-0.01012001187,phone,user2,stand
68.96342802,0.9935936928,-9.715670586,0.6847416759,-0.006924218964,0.008522115648,-0.01171790902,phone,user2,stand
68.98343575,0.9792284966,-9.701305389,0.6991068721,-0.007456851192,0.004261057824,-0.01171790902,phone,user2,stand
69.00343443,0.9792284966,-9.708487511,0.7015010715,-0.004793690052,0.000532632228,-0.008522115648,phone,user2,stand
69.02343931,0.9935936928,-9.701305389,0.6799532771,-0.003728425596,-0.004793690052,-0.009054748341,phone,user2,stand
69.04345368,0.9911994934,-9.718064308,0.672770679,-0.004261057824,-0.006924218964,-0.009587380104,phone,user2,stand
69.06346755,0.9576807022,-9.720458984,0.6751648784,-0.004793690052,-0.006391586736,-0.009054748341,phone,user2,stand
69.0834795,0.9504981041,-9.720458984,0.7086837292,-0.003728425596,-0.004261057824,-0.008522115648,phone,user2,stand
69.10348388,0.9576807022,-9.706093788,0.6943184733,-0.003195793368,-0.003195793368,-0.005858954508,phone,user2,stand
69.12348775,0.9648633003,-9.701305389,0.6847416759,-0.003195793368,-0.003728425596,-0.00532632228,phone,user2,stand
69.1434965,0.9672574997,-9.718064308,0.7062895298,-0.003728425596,-0.004793690052,-0.005858954508,phone,user2,stand
69.16350572,0.9816226959,-9.725247383,0.6967126727,-0.003195793368,-0.002130528912,-0.005858954508,phone,user2,stand
69.18350736,0.9648633003,-9.715670586,0.6943184733,-0.004261057824,0.001065264456,-0.007456851192,phone,user2,stand
69.20350778,0.9864110947,-9.708487511,0.7038952708,-0.005858954508,0.003195793368,-0.006391586736,phone,user2,stand
69.22350993,0.988805294,-9.710882187,0.6991068721,-0.00532632228,0.003195793368,-0.007456851192,phone,user2,stand
69.24350775,0.9935936928,-9.713275909,0.6943184733,-0.00532632228,0.003195793368,-0.007456851192,phone,user2,stand
69.2635029,0.9935936928,-9.708487511,0.7086837292,-0.005858954508,0.003728425596,-0.009587380104,phone,user2,stand
69.28349599,0.9792284966,-9.715670586,0.720654726,-0.005858954508,0.004793690052,-0.009054748341,phone,user2,stand
69.30349357,0.9792284966,-9.698910713,0.7086837292,-0.00532632228,0.004793690052,-0.009054748341,phone,user2,stand
69.32349181,0.9840168953,-9.703699112,0.6991068721,-0.004261057824,0.001065264456,-0.007456851192,phone,user2,stand
69.34348876,0.9911994934,-9.703699112,0.7134721279,-0.004261057824,0.001597896684,-0.006924218964,phone,user2,stand
69.36349384,0.9768342972,-9.715670586,0.7110779285,-0.003195793368,-0.00266316114,-0.006391586736,phone,user2,stand
69.38350091,0.9792284966,-9.708487511,0.691924274,-0.003728425596,-0.001065264456,-0.006391586736,phone,user2,stand
69.40351204,0.9840168953,-9.706093788,0.691924274,-0.003728425596,0.0,-0.005858954508,phone,user2,stand
69.42352411,0.988805294,-9.708487511,0.6991068721,-0.00532632228,-0.001065264456,-0.006391586736,phone,user2,stand
69.44353232,0.9720458984,-9.710882187,0.7015010715,-0.004261057824,-0.001597896684,-0.006391586736,phone,user2,stand
69.46355298,0.9864110947,-9.708487511,0.6991068721,-0.003728425596,0.001065264456,-0.006391586736,phone,user2,stand
69.48357685,0.9816226959,-9.727641106,0.6823474765,-0.006391586736,0.003195793368,-0.007989482954,phone,user2,stand
69.50360505,0.9720458984,-9.701305389,0.6799532771,-0.006924218964,0.003195793368,-0.007456851192,phone,user2,stand
69.52363572,0.9720458984,-9.698910713,0.6895300746,-0.007456851192,0.00266316114,-0.007456851192,phone,user2,stand
69.54365337,0.9792284966,-9.722852707,0.7038952708,-0.006924218964,0.003728425596,-0.006391586736,phone,user2,stand
69.56367411,0.9744400978,-9.718064308,0.7015010715,-0.006924218964,0.004793690052,-0.007456851192,phone,user2,stand
69.58368388,0.962469101,-9.713275909,0.7110779285,-0.006391586736,0.003195793368,-0.007989482954,phone,user2,stand
69.60368892,0.9504981041,-9.698910713,0.720654726,-0.008522115648,0.004793690052,-0.00532632228,phone,user2,stand
69.62370302,0.9504981041,-9.682151794,0.7254431248,-0.007456851192,0.009054748341,-0.000532632228,phone,user2,stand
69.64372849,0.9911994934,-9.677363396,0.720654726,-0.00532632228,0.009054748341,0.002130528912,phone,user2,stand
69.66374232,1.034295082,-9.703699112,0.7062895298,-0.002130528912,0.003728425596,0.001597896684,phone,user2,stand
69.68376646,1.031900883,-9.720458984,0.6775590777,-0.001597896684,-0.005858954508,0.001065264456,phone,user2,stand
69.70379341,1.029506683,-9.732429504,0.6775590777,-0.003728425596,-0.008522115648,-0.000532632228,phone,user2,stand
69.72382966,1.019929886,-9.703699112,0.6895300746,-0.004793690052,-0.00532632228,-0.001597896684,phone,user2,stand
69.74385068,1.010353088,-9.710882187,0.7062895298,-0.004793690052,-0.004261057824,-0.003728425596,phone,user2,stand
69.76386505,0.9911994934,-9.708487511,0.7015010715,-0.002130528912,-0.003195793368,-0.006924218964,phone,user2,stand
69.78388857,0.9864110947,-9.708487511,0.6895300746,0.0,-0.004261057824,-0.004793690052,phone,user2,stand
69.80390669,0.9792284966,-9.701305389,0.6488286853,-0.002130528912,-0.007456851192,-0.005858954508,phone,user2,stand
69.82392396,0.9864110947,-9.722852707,0.6607996821,-0.006391586736,-0.007989482954,-0.006391586736,phone,user2,stand
69.84394216,0.9528923035,-9.722852707,0.7158663273,-0.007456851192,-0.007989482954,-0.004793690052,phone,user2,stand
69.86396083,0.9433154464,-9.701305389,0.7350199223,-0.004261057824,-0.007989482954,-0.004793690052,phone,user2,stand
69.88397833,0.9457096457,-9.694122314,0.720654726,-0.001065264456,-0.005858954508,-0.003195793368,phone,user2,stand
69.90398939,0.9552865028,-9.708487511,0.691924274,-0.002130528912,-0.006391586736,-0.003195793368,phone,user2,stand
69.92399939,0.9528923035,-9.718064308,0.6943184733,-0.00266316114,-0.00532632228,-0.001597896684,phone,user2,stand
69.94402169,0.9552865028,-9.715670586,0.6895300746,-0.004261057824,-0.003195793368,-0.002130528912,phone,user2,stand
69.96404118,0.9457096457,-9.722852707,0.6943184733,-0.004261057824,0.0,-0.004261057824,phone,user2,stand
69.9840549,0.9672574997,-9.725247383,0.6775590777,-0.005858954508,0.003728425596,-0.00532632228,phone,user2,stand
70.00406224,0.9672574997,-9.708487511,0.6847416759,-0.007456851192,0.00532632228,-0.004793690052,phone,user2,stand
70.02407818,0.9840168953,-9.703699112,0.7038952708,-0.009054748341,0.004793690052,-0.004261057824,phone,user2,stand
70.04408669,0.9864110947,-9.701305389,0.7086837292,-0.007989482954,0.004261057824,-0.004793690052,phone,user2,stand
70.06409782,0.9816226959,-9.713275909,0.7230489254,-0.007989482954,0.002130528912,-0.006391586736,phone,user2,stand
70.08410857,0.9720458984,-9.710882187,0.7254431248,-0.005858954508,0.000532632228,-0.007456851192,phone,user2,stand
70.10412146,0.9720458984,-9.710882187,0.6967126727,-0.00532632228,0.000532632228,-0.006391586736,phone,user2,stand
70.12412755,0.9504981041,-9.715670586,0.6775590777,-0.005858954508,0.00266316114,-0.007456851192,phone,user2,stand
70.14413693,0.940921247,-9.713275909,0.6823474765,-0.008522115648,0.003728425596,-0.007456851192,phone,user2,stand
70.16414993,0.9504981041,-9.718064308,0.6895300746,-0.009054748341,0.00532632228,-0.00532632228,phone,user2,stand
70.18416564,0.9552865028,-9.698910713,0.7134721279,-0.009587380104,0.004793690052,-0.004793690052,phone,user2,stand
70.20417935,0.962469101,-9.708487511,0.7158663273,-0.008522115648,0.00532632228,-0.003728425596,phone,user2,stand
70.22419818,0.9792284966,-9.710882187,0.7182605267,-0.006924218964,0.003728425596,-0.005858954508,phone,user2,stand
70.24421087,0.9816226959,-9.710882187,0.7086837292,-0.005858954508,0.003195793368,-0.005858954508,phone,user2,stand
70.26423111,0.962469101,-9.694122314,0.6943184733,-0.00532632228,0.003728425596,-0.006391586736,phone,user2,stand
70.28424763,0.9576807022,-9.718064308,0.6847416759,-0.005858954508,0.00532632228,-0.006924218964,phone,user2,stand
70.30426583,0.9696516991,-9.739612579,0.6799532771,-0.007456851192,0.006391586736,-0.006391586736,phone,user2,stand
70.32427931,0.9864110947,-9.715670586,0.6799532771,-0.006924218964,0.003195793368,-0.006924218964,phone,user2,stand
70.3442915,0.9552865028,-9.722852707,0.6847416759,-0.01065264456,-0.00266316114,-0.007456851192,phone,user2,stand
70.36430157,0.9433154464,-9.718064308,0.7015010715,-0.01171790902,0.000532632228,-0.004793690052,phone,user2,stand
70.38431794,0.962469101,-9.674968719,0.720654726,-0.007456851192,0.004793690052,-0.001597896684,phone,user2,stand
70.40434486,1.027112484,-9.698910713,0.7110779285,-0.003195793368,0.006924218964,-0.003195793368,phone,user2,stand
70.42437314,1.024718285,-9.715670586,0.6847416759,-0.002130528912,0.001597896684,-0.004793690052,phone,user2,stand
70.44439845,1.015141487,-9.722852707,0.6655880809,-0.003195793368,-0.004261057824,-0.004793690052,phone,user2,stand
70.46442095,1.00317049,-9.720458984,0.6560112834,-0.004261057824,-0.004261057824,-0.00532632228,phone,user2,stand
70.48444181,0.9911994934,-9.715670586,0.653617084,-0.007989482954,0.001597896684,-0.007989482954,phone,user2,stand
70.50446036,0.9864110947,-9.701305389,0.6943184733,-0.009054748341,0.0,-0.008522115648,phone,user2,stand
70.52447923,1.000776291,-9.718064308,0.7254431248,-0.007456851192,-0.00532632228,-0.007989482954,phone,user2,stand
70.54448872,0.9768342972,-9.686940193,0.7134721279,-0.00266316114,-0.01065264456,-0.006924218964,phone,user2,stand
70.5645029,0.9672574997,-9.713275909,0.6751648784,-0.003195793368,-0.01757686399,-0.007456851192,phone,user2,stand
70.58452501,0.9528923035,-9.720458984,0.6679822803,-0.006391586736,-0.01118527725,-0.007456851192,phone,user2,stand
70.60454142,0.9361328483,-9.715670586,0.6943184733,-0.004793690052,-0.006924218964,-0.006391586736,phone,user2,stand
70.62456111,0.962469101,-9.713275909,0.6991068721,-0.00266316114,-0.004793690052,-0.005858954508,phone,user2,stand
70.64458837,0.9648633003,-9.718064308,0.672770679,-0.004793690052,-0.00532632228,-0.00532632228,phone,user2,stand
70.66460673,0.9552865028,-9.718064308,0.6703764796,-0.00532632228,-0.006924218964,-0.00532632228,phone,user2,stand
70.68463251,0.9576807022,-9.701305389,0.6871358752,-0.006391586736,-0.003195793368,-0.00532632228,phone,user2,stand
70.70466036,0.9696516991,-9.715670586,0.6967126727,-0.007989482954,0.00266316114,-0.006924218964,phone,user2,stand
70.72467868,0.9864110947,-9.708487511,0.691924274,-0.006924218964,0.00532632228,-0.008522115648,phone,user2,stand
70.74470275,0.9935936928,-9.698910713,0.6799532771,-0.008522115648,0.003728425596,-0.009054748341,phone,user2,stand
70.76472521,0.9816226959,-9.703699112,0.6799532771,-0.007456851192,0.00266316114,-0.006924218964,phone,user2,stand
70.78475361,0.9983820915,-9.691728592,0.6943184733,-0.006924218964,0.003728425596,-0.007456851192,phone,user2,stand
70.80477966,0.9744400978,-9.706093788,0.7038952708,-0.003195793368,0.002130528912,-0.007456851192,phone,user2,stand
70.82480736,0.9672574997,-9.710882187,0.672770679,-0.003728425596,0.00266316114,-0.006391586736,phone,user2,stand
70.84482864,0.9744400978,-9.720458984,0.6655880809,-0.004261057824,0.002130528912,-0.004793690052,phone,user2,stand
70.86484595,0.9792284966,-9.715670586,0.6631938815,-0.007456851192,0.005858954508,-0.005858954508,phone,user2,stand
70.88486232,0.988805294,-9.713275909,0.6967126727,-0.007456851192,0.006391586736,-0.004793690052,phone,user2,stand
70.90487829,0.9911994934,-9.718064308,0.6943184733,-0.006391586736,0.006391586736,-0.006924218964,phone,user2,stand
70.92489982,0.9696516991,-9.710882187,0.6991068721,-0.004261057824,0.003195793368,-0.00532632228,phone,user2,stand
70.94493048,0.9840168953,-9.727641106,0.6631938815,-0.003195793368,0.002130528912,-0.007456851192,phone,user2,stand
70.96496614,1.007958889,-9.727641106,0.6560112834,-0.005858954508,0.004793690052,-0.01012001187,phone,user2,stand
70.98499794,0.9792284966,-9.691728592,0.6607996821,-0.007989482954,0.005858954508,-0.009587380104,phone,user2,stand
71.00503044,0.9720458984,-9.713275909,0.6823474765,-0.009587380104,0.003195793368,-0.008522115648,phone,user2,stand
71.02505919,0.9911994934,-9.708487511,0.6991068721,-0.006391586736,0.001597896684,-0.007989482954,phone,user2,stand
71.04508603,0.9911994934,-9.725247383,0.6943184733,-0.005858954508,0.000532632228,-0.007989482954,phone,user2,stand
71.06512036,0.9959878922,-9.710882187,0.6823474765,-0.004261057824,-0.00266316114,-0.009054748341,phone,user2,stand
71.08515482,0.9504981041,-9.713275909,0.691924274,-0.006924218964,-0.003195793368,-0.009054748341,phone,user2,stand
71.10518021,0.9313444495,-9.708487511,0.6895300746,-0.007456851192,0.003728425596,-0.005858954508,phone,user2,stand
71.12520392,0.9840168953,-9.691728592,0.6871358752,-0.00532632228,0.006924218964,-0.004793690052,phone,user2,stand
71.14523743,1.043871999,-9.710882187,0.672770679,-0.00532632228,0.003728425596,-0.004793690052,phone,user2,stand
71.16527138,1.043871999,-9.703699112,0.6847416759,-0.006391586736,-0.001597896684,-0.005858954508,phone,user2,stand
71.18530302,1.034295082,-9.710882187,0.6799532771,-0.005858954508,-0.006924218964,-0.006391586736,phone,user2,stand
71.20532517,1.007958889,-9.710882187,0.6823474765,-0.004261057824,-0.003728425596,-0.009054748341,phone,user2,stand
71.22534247,1.017535686,-9.708487511,0.6895300746,-0.004261057824,0.0,-0.01065264456,phone,user2,stand
71.24536173,1.010353088,-9.708487511,0.6631938815,-0.00532632228,-0.004261057824,-0.01118527725,phone,user2,stand
71.26539501,1.019929886,-9.718064308,0.6440402865,-0.006391586736,-0.004793690052,-0.01118527725,phone,user2,stand
71.2854247,1.012747288,-9.696516991,0.653617084,-0.00532632228,-0.01171790902,-0.009054748341,phone,user2,stand
71.30545724,1.00317049,-9.710882187,0.6679822803,-0.007989482954,-0.01757686399,-0.01012001187,phone,user2,stand
71.32548767,0.9504981041,-9.696516991,0.7110779285,-0.007456851192,-0.01384843793,-0.01065264456,phone,user2,stand
71.34552013,0.9313444495,-9.708487511,0.7158663273,-0.003728425596,-0.008522115648,-0.009054748341,phone,user2,stand
71.36553861,0.9481038451,-9.718064308,0.6847416759,-0.001065264456,-0.006391586736,-0.007456851192,phone,user2,stand
71.38555958,0.9744400978,-9.708487511,0.6440402865,-0.003728425596,-0.005858954508,-0.005858954508,phone,user2,stand
71.40558107,0.9864110947,-9.710882187,0.6631938815,-0.006391586736,-0.00532632228,-0.004793690052,phone,user2,stand
71.4256124,0.9648633003,-9.713275909,0.6871358752,-0.006391586736,-0.001065264456,-0.00532632228,phone,user2,stand
71.44562837,0.9744400978,-9.703699112,0.7015010715,-0.004261057824,0.003728425596,-0.00532632228,phone,user2,stand
71.46564013,0.9983820915,-9.725247383,0.6823474765,-0.004261057824,0.006924218964,-0.00532632228,phone,user2,stand
71.48564876,1.010353088,-9.706093788,0.6584054828,-0.00532632228,0.006924218964,-0.005858954508,phone,user2,stand
71.50565943,1.031900883,-9.713275909,0.6512228847,-0.007456851192,0.006924218964,-0.004793690052,phone,user2,stand
71.52567583,1.063025594,-9.720458984,0.6679822803,-0.007456851192,0.00532632228,-0.005858954508,phone,user2,stand
71.54568904,1.04147768,-9.703699112,0.6895300746,-0.006924218964,0.001065264456,-0.008522115648,phone,user2,stand
71.5657113,1.022324085,-9.718064308,0.7038952708,-0.00532632228,0.0,-0.01012001187,phone,user2,stand
71.58574044,1.024718285,-9.710882187,0.6799532771,-0.00532632228,-0.001065264456,-0.01012001187,phone,user2,stand
71.60577001,0.9959878922,-9.718064308,0.6799532771,-0.004793690052,0.002130528912,-0.01118527725,phone,user2,stand
71.62579595,0.9840168953,-9.720458984,0.6679822803,-0.007456851192,0.003195793368,-0.01171790902,phone,user2,stand
71.64582122,0.9744400978,-9.722852707,0.6775590777,-0.008522115648,0.003195793368,-0.01012001187,phone,user2,stand
71.6658495,0.9696516991,-9.706093788,0.6943184733,-0.007989482954,0.003195793368,-0.008522115648,phone,user2,stand
71.68587302,0.9672574997,-9.684545517,0.6847416759,-0.007456851192,0.004261057824,-0.007456851192,phone,user2,stand
71.70589072,1.00556469,-9.708487511,0.6799532771,-0.005858954508,0.004261057824,-0.006391586736,phone,user2,stand
71.72591232,1.00317049,-9.710882187,0.6847416759,-0.00532632228,0.007456851192,-0.006924218964,phone,user2,stand
71.74592638,0.9983820915,-9.698910713,0.6655880809,-0.004261057824,0.005858954508,-0.006924218964,phone,user2,stand
71.7659365,1.007958889,-9.708487511,0.6607996821,-0.00532632228,0.004793690052,-0.006391586736,phone,user2,stand
71.785954,1.019929886,-9.734824181,0.6584054828,-0.006924218964,0.006924218964,-0.007456851192,phone,user2,stand
71.80597657,1.031900883,-9.715670586,0.672770679,-0.009054748341,0.003728425596,-0.009054748341,phone,user2,stand
71.82600091,1.012747288,-9.701305389,0.6703764796,-0.009587380104,0.001065264456,-0.01012001187,phone,user2,stand
71.8460288,0.9696516991,-9.706093788,0.6943184733,-0.01118527725,0.003728425596,-0.008522115648,phone,user2,stand
71.86604982,0.9840168953,-9.686940193,0.6943184733,-0.008522115648,0.007456851192,-0.00532632228,phone,user2,stand
71.88607396,1.024718285,-9.694122314,0.7038952708,-0.005858954508,0.009054748341,-0.003195793368,phone,user2,stand
71.90609431,1.046266198,-9.691728592,0.691924274,-0.003728425596,0.003195793368,-0.00266316114,phone,user2,stand
71.92611513,1.055842996,-9.708487511,0.6895300746,-0.002130528912,-0.006924218964,-0.001065264456,phone,user2,stand
71.94612978,1.060631394,-9.725247383,0.6703764796,-0.000532632228,-0.01012001187,-0.003195793368,phone,user2,stand
71.96615802,1.022324085,-9.722852707,0.6607996821,-0.002130528912,-0.004793690052,-0.005858954508,phone,user2,stand
71.98618419,1.00317049,-9.706093788,0.653617084,-0.00532632228,-0.003195793368,-0.006391586736,phone,user2,stand
72.00620681,1.010353088,-9.708487511,0.6631938815,-0.006924218964,-0.00266316114,-0.006924218964,phone,user2,stand
72.02623798,1.017535686,-9.706093788,0.6655880809,-0.004793690052,-0.004793690052,-0.00532632228,phone,user2,stand
72.04625642,1.010353088,-9.708487511,0.653617084,-0.006391586736,-0.009587380104,-0.006391586736,phone,user2,stand
72.0662747,0.9816226959,-9.720458984,0.6679822803,-0.007989482954,-0.008522115648,-0.004793690052,phone,user2,stand
72.08629236,0.9744400978,-9.698910713,0.6871358752,-0.00532632228,-0.006924218964,-0.003728425596,phone,user2,stand
72.1063038,0.9911994934,-9.710882187,0.6799532771,-0.002130528912,-0.006391586736,-0.003728425596,phone,user2,stand
72.12632372,0.9983820915,-9.696516991,0.653617084,-0.00266316114,-0.006391586736,-0.003728425596,phone,user2,stand
72.14634087,1.010353088,-9.725247383,0.6607996821,0.001065264456,-0.00532632228,0.003728425596,phone,user2,stand
72.16635857,1.007958889,-9.730035782,0.6631938815,0.001065264456,-0.004261057824,0.00266316114,phone,user2,stand
72.18637724,0.9840168953,-9.722852707,0.6655880809,-0.001065264456,0.001597896684,-0.000532632228,phone,user2,stand
72.20639458,0.9744400978,-9.737217903,0.6655880809,-0.004793690052,0.005858954508,-0.00266316114,phone,user2,stand
72.22641536,0.9600749016,-9.713275909,0.6751648784,-0.006924218964,0.007989482954,-0.00266316114,phone,user2,stand
72.24644013,0.9792284966,-9.703699112,0.6871358752,-0.005858954508,0.009587380104,-0.001597896684,phone,user2,stand
72.26646833,1.007958889,-9.684545517,0.7086837292,-0.004793690052,0.01384843793,-0.000532632228,phone,user2,stand
72.28649696,0.9983820915,-9.684545517,0.6895300746,-0.000532632228,0.01491370238,0.0,phone,user2,stand
72.30652857,1.000776291,-9.715670586,0.6799532771,0.001597896684,0.01384843793,0.000532632228,phone,user2,stand
72.32654872,0.9959878922,-9.725247383,0.6512228847,0.004261057824,0.01171790902,-0.000532632228,phone,user2,stand
72.34656849,0.9792284966,-9.756371498,0.6081272364,0.004261057824,0.01118527725,-0.002130528912,phone,user2,stand
72.36658005,0.9648633003,-9.770736694,0.6153098345,-0.001065264456,0.01331580617,-0.004793690052,phone,user2,stand
72.38659568,0.9672574997,-9.742006302,0.6344634295,-0.006391586736,0.01864212751,-0.004793690052,phone,user2,stand
72.4066115,0.9528923035,-9.718064308,0.6488286853,-0.01012001187,0.02556634694,-0.004261057824,phone,user2,stand
72.42662544,0.9768342972,-9.672574997,0.6871358752,-0.01118527725,0.03089267015,0.0,phone,user2,stand
72.44664892,1.012747288,-9.579200745,0.7110779285,-0.007456851192,0.02769687586,0.00532632228,phone,user2,stand
72.466677,1.125274777,-9.677363396,0.6943184733,-0.001597896684,0.01225054078,0.00532632228,phone,user2,stand
72.48670048,1.134851575,-9.667786598,0.7110779285,0.00532632228,0.01331580617,0.006924218964,phone,user2,stand
72.50672372,1.110909581,-9.670180321,0.691924274,0.01278317347,0.0,0.006924218964,phone,user2,stand
72.52674564,1.110909581,-9.756371498,0.6703764796,0.01544633508,-0.01544633508,0.007456851192,phone,user2,stand
72.54677052,1.084573388,-9.765948296,0.6416460276,0.01757686399,-0.02556634694,0.004793690052,phone,user2,stand
72.56679154,1.007958889,-9.722852707,0.5985504389,0.01331580617,-0.02716424316,0.00532632228,phone,user2,stand
72.58681462,0.9433154464,-9.655815125,0.5961562395,0.008522115648,-0.02396845073,0.006924218964,phone,user2,stand
72.60683712,0.9696516991,-9.730035782,0.6344634295,0.00266316114,-0.01171790902,0.01544633508,phone,user2,stand
72.62685935,1.034295082,-9.694122314,0.7086837292,0.004793690052,-0.003728425596,0.02130528912,phone,user2,stand
72.6468779,1.063025594,-9.631873131,0.6991068721,0.01225054078,-0.01757686399,0.02503371425,phone,user2,stand
72.66690361,1.106121182,-9.706093788,0.6847416759,0.01384843793,-0.02556634694,0.02769687586,phone,user2,stand
72.68691919,1.098938584,-9.746794701,0.6560112834,0.01597896591,-0.02556634694,0.02716424316,phone,user2,stand
72.70692837,1.110909581,-9.737217903,0.6224924326,0.01331580617,-0.02609897964,0.03036003746,phone,user2,stand
72.72694689,1.15400517,-9.677363396,0.6703764796,0.005858954508,-0.03142530099,0.0330231972,phone,user2,stand
72.74695732,1.18752408,-9.662998199,0.7469909191,0.008522115648,-0.04580637068,0.0330231972,phone,user2,stand
72.76696724,1.204283476,-9.641449928,0.7900865674,0.01864212751,-0.06338323653,0.03408846259,phone,user2,stand
72.78698091,1.120486379,-9.648633003,0.787692368,0.02822950855,-0.07776430249,0.03355583176,phone,user2,stand
72.80699841,1.086967587,-9.660603523,0.7996633649,0.03834952042,-0.08735168725,0.03515372798,phone,user2,stand
72.82702013,1.019929886,-9.677363396,0.7445967197,0.04367584363,-0.1049285457,0.03036003746,phone,user2,stand
72.84703884,0.8810662031,-9.725247383,0.7374141216,0.04687163606,-0.09853696078,0.02609897964,phone,user2,stand
72.86706345,0.7709329724,-9.734824181,0.6871358752,0.05432848632,-0.09321063757,0.03355583176,phone,user2,stand
72.88709169,0.8188169599,-9.730035782,0.5363011956,0.04900216311,-0.09214537591,0.03994741663,phone,user2,stand
72.90711314,0.8427590132,-9.732429504,0.5554547906,0.02609897964,-0.06125270575,0.03568635881,phone,user2,stand
72.92713318,0.8283938169,-9.792284966,0.6871358752,0.01597896591,-0.05113269389,0.02769687586,phone,user2,stand
72.94715345,0.7565677166,-9.801861763,0.7278373241,0.01278317347,-0.0330231972,0.02183792181,phone,user2,stand
72.96716833,0.7493851185,-9.792284966,0.7517793179,0.008522115648,-0.003728425596,0.0197073929,phone,user2,stand
72.98718529,0.7685387731,-9.789890289,0.7350199223,0.003195793368,0.006924218964,0.0197073929,phone,user2,stand
73.00720638,0.7757213712,-9.739612579,0.7374141216,-0.00532632228,0.02290318534,0.02183792181,phone,user2,stand
73.02723275,0.8451532125,-9.670180321,0.7852981687,-0.01384843793,0.03781688958,0.02237055451,phone,user2,stand
73.04725794,0.8810662031,-9.679757118,0.8499416113,-0.0165115986,0.04420847446,0.02183792181,phone,user2,stand
73.06727872,0.9145850539,-9.672574997,0.8667010069,-0.01065264456,0.04420847446,0.0197073929,phone,user2,stand
73.08730478,0.9241618514,-9.667786598,0.8762778044,-0.001597896684,0.03994741663,0.01810949668,phone,user2,stand
73.107332,0.9074024558,-9.725247383,0.7972691655,0.006391586736,0.04154531285,0.01278317347,phone,user2,stand
73.1273495,0.8523358107,-9.775525093,0.6799532771,0.007456851192,0.05486112088,0.004793690052,phone,user2,stand
73.14736696,0.7517793179,-9.777919769,0.6320692301,-0.000532632228,0.07723167539,0.001065264456,phone,user2,stand
73.1673845,0.7038952708,-9.770736694,0.6105214357,-0.01278317347,0.08948221803,0.00532632228,phone,user2,stand
73.18740841,0.7613561153,-9.746794701,0.6368576288,-0.02183792181,0.1033306494,0.01012001187,phone,user2,stand
73.20743872,0.8643068075,-9.725247383,0.6751648784,-0.02663161233,0.1134506613,0.009587380104,phone,user2,stand
73.22746548,0.9552865028,-9.753977776,0.7613561153,-0.02130528912,0.1134506613,-0.001065264456,phone,user2,stand
73.2474974,0.8930372596,-9.615114212,0.7182605267,-0.01118527725,0.09693906456,0.0,phone,user2,stand
73.2675188,0.9576807022,-9.667786598,0.6991068721,-0.02503371425,0.09534116834,0.003195793368,phone,user2,stand
73.28754825,1.029506683,-9.746794701,0.7517793179,-0.02769687586,0.08788431436,0.002130528912,phone,user2,stand
73.30756958,1.007958889,-9.749189377,0.7565677166,-0.01012001187,0.1107875034,0.000532632228,phone,user2,stand
73.32758337,0.8882488012,-9.670180321,0.6296750307,-0.002130528912,0.09800432622,0.002130528912,phone,user2,stand
73.34759333,0.9169792533,-9.715670586,0.6967126727,-0.005858954508,0.06178534031,0.007456851192,phone,user2,stand
73.36760173,1.022324085,-9.696516991,0.7182605267,-0.001597896684,0.04048004746,0.01171790902,phone,user2,stand
73.38761669,1.000776291,-9.737217903,0.6871358752,0.00532632228,0.02503371425,0.007989482954,phone,user2,stand
73.4076315,0.7996633649,-9.708487511,0.6847416759,0.01225054078,0.03142530099,-0.003195793368,phone,user2,stand
73.42764904,0.7924807668,-9.742006302,0.672770679,0.0,0.02609897964,0.001597896684,phone,user2,stand
73.44766157,0.7996633649,-9.809044838,0.7326257229,0.001065264456,0.05219795927,-0.00266316114,phone,user2,stand
73.46767482,0.7493851185,-9.710882187,0.6775590777,0.001065264456,0.04261057824,-0.003195793368,phone,user2,stand
73.48769841,0.895431459,-9.84974575,0.6224924326,-0.007989482954,0.04420847446,-0.006924218964,phone,user2,stand
73.507719,0.7541735172,-9.782708168,0.7445967197,-0.02077265643,0.07030745596,-0.02503371425,phone,user2,stand
73.5277374,0.6272808313,-9.821015358,0.7350199223,-0.02024002373,0.08042746782,-0.02237055451,phone,user2,stand
73.54775228,0.5434837937,-9.777919769,0.7422025204,-0.02982740477,0.04740426689,-0.004261057824,phone,user2,stand
73.56776595,0.7326257229,-9.809044838,0.7972691655,-0.04207794741,0.03888215125,0.01118527725,phone,user2,stand
73.58778025,0.873883605,-9.720458984,0.873883605,-0.03036003746,0.01864212751,0.02343581803,phone,user2,stand
73.60779208,0.962469101,-9.674968719,0.8403648138,-0.01757686399,0.0,0.03036003746,phone,user2,stand
73.62780259,1.055842996,-9.593565941,0.8619126081,-0.01864212751,-0.02237055451,0.01757686399,phone,user2,stand
73.64782161,1.137245774,-9.550470352,0.9289502501,-0.02396845073,-0.02503371425,0.0,phone,user2,stand
73.66783911,1.134851575,-9.562441826,0.962469101,-0.01331580617,-0.0170442313,-0.0197073929,phone,user2,stand
73.68785802,0.9816226959,-9.785101891,0.9313444495,0.0,-0.02663161233,-0.01917476021,phone,user2,stand
73.70788626,0.873883605,-9.694122314,0.8116343617,-0.009054748341,0.03994741663,-0.02876213938,phone,user2,stand
73.72791958,0.6320692301,-9.610325813,0.7685387731,-0.002130528912,0.04527373984,-0.0394147858,phone,user2,stand
73.74794177,0.5913678408,-10.0317049,0.6703764796,0.000532632228,-0.02609897964,-0.03036003746,phone,user2,stand
73.76796439,0.5554547906,-10.07958889,0.7685387731,-0.004261057824,-0.02982740477,0.02396845073,phone,user2,stand
73.78798275,0.5985504389,-9.773131371,0.5530605912,-0.001597896684,-0.01171790902,0.04048004746,phone,user2,stand
73.80799919,0.4979939461,-9.885659218,0.5099649429,-0.06178534031,0.04420847446,0.04261057824,phone,user2,stand
73.82801693,0.3998316824,-10.05325317,0.5937620401,-0.07510114461,0.1070590764,0.08735168725,phone,user2,stand
73.84803204,0.4884171486,-9.933543205,0.586579442,0.000532632228,0.1022653878,0.1225054115,phone,user2,stand
73.86804255,0.7062895298,-9.533711433,0.5051765442,0.03036003746,0.04474110901,0.1651159972,phone,user2,stand
73.88805267,0.9265560508,-9.476250648,0.4309563041,-0.01278317347,0.04261057824,0.03994741663,phone,user2,stand
73.90806802,0.6296750307,-9.821015358,0.4357447028,-0.126233831,0.1214401498,0.01917476021,phone,user2,stand
73.9280922,0.349553436,-9.81143856,0.787692368,-0.1054611802,0.08841694891,0.09267801046,phone,user2,stand
73.94812087,0.4309563041,-9.830592155,0.9313444495,-0.009587380104,-0.1592570394,0.2695119083,phone,user2,stand
73.96814829,0.1005564705,-10.31900978,0.4955997467,0.1070590764,-0.3206445873,0.4042678475,phone,user2,stand
73.98817435,-0.3184288144,-9.976638794,0.1891419291,0.1107875034,-0.4032025933,0.6343649626,phone,user2,stand
74.00820509,0.07661445439,-9.725247383,0.117315881,0.07829693705,-0.6519418359,0.8570052385,phone,user2,stand
74.02823904,1.108515382,-9.605537415,0.1508347094,-0.02024002373,-0.7206513882,0.8261125684,phone,user2,stand
74.04826603,1.905784607,-9.251194954,0.4979939461,-0.1145159304,-0.4399542212,0.519849062,phone,user2,stand
74.06828872,1.975216389,-8.904036522,1.242590666,-0.0868190527,-0.06924218684,0.1571265012,phone,user2,stand
74.08830837,2.214636564,-9.076418877,1.493981838,0.005858954508,-0.05592638254,-0.07616640627,phone,user2,stand
74.10832126,1.426944256,-10.08198357,0.8451532125,0.05965480953,-0.1214401498,-0.1789644361,phone,user2,stand
74.12833267,1.204283476,-9.562441826,0.4764461517,0.09853696078,0.008522115648,-0.1640507281,phone,user2,stand
74.1483545,1.070208192,-9.595960617,0.2370259613,0.07190535218,0.2641855776,-0.2412824035,phone,user2,stand
74.16838103,0.1699883193,-10.31422138,0.3591302633,-0.01331580617,0.4101268053,-0.3302319944,phone,user2,stand
74.18839829,-1.326387763,-10.40998936,0.2346317619,-0.04740426689,0.2918824553,-0.2205097377,phone,user2,stand
74.20841294,-1.831564307,-9.83777523,0.3663128614,-0.06018744037,0.2721750736,0.08948221803,phone,user2,stand
74.22842364,-1.158793569,-10.06522369,0.4644751251,-0.07243798673,0.103863284,0.3408846259,phone,user2,stand
74.24843341,-1.431732655,-10.02931118,0.4955997467,-0.148604393,0.06391586363,0.2982740402,phone,user2,stand
74.26844946,-0.605733037,-9.622296333,0.9648633003,-0.09640643001,-0.3739078343,0.2886866629,phone,user2,stand
74.28847513,-0.1651999205,-9.382876396,0.5626373887,-0.03994741663,-0.6993461251,0.2716424465,phone,user2,stand
74.30850196,0.3998316824,-9.591172218,0.5363011956,-0.006391586736,-0.7792409658,0.1944107562,phone,user2,stand
74.32852513,0.3854664862,-10.08916569,0.2992752194,0.02077265643,-0.7808388472,0.1427454352,phone,user2,stand
74.34854411,0.5243301988,-9.665391922,0.5698199868,0.05752427876,-0.6412891746,0.1619201899,phone,user2,stand
74.36856857,1.182735682,-9.40681839,0.9074024558,0.1006674916,-0.2711097896,0.05113269389,phone,user2,stand
74.38859017,0.8403648138,-9.842563629,0.739808321,-0.005858954508,-0.07563377917,-0.1400822699,phone,user2,stand
74.4086138,0.004788403399,-9.667786598,0.6967126727,-0.09480853379,-0.02503371425,-0.1763012707,phone,user2,stand
74.42864271,-0.1963245422,-9.514557838,0.6991068721,-0.06231797114,-0.05858954415,-0.1422128081,phone,user2,stand
74.44866575,0.2753331959,-10.07240677,0.8044517636,0.08202536404,-0.1443433315,-0.09054747969,phone,user2,stand
74.46868997,0.1604115069,-10.02452278,1.625662923,0.200269714,-0.04633900523,-0.1022653878,phone,user2,stand
74.48871204,0.1651999205,-9.339780807,3.75650239,1.357146859,-1.344363689,0.1161138266,phone,user2,stand
74.50873708,0.7733271718,-10.97980881,1.199495077,1.895105481,-2.658900023,0.03408846259,phone,user2,stand
74.52876443,-1.798045516,-8.863334656,-1.094150186,0.3595267534,-1.601092458,-0.2146507949,phone,user2,stand
74.54878364,-1.221042871,-10.61349583,1.446097851,0.2098570913,0.2018676102,-0.1384843737,phone,user2,stand
74.56880443,-3.545812607,-12.44506073,1.103726983,0.07563377917,0.07616640627,-0.2705771625,phone,user2,stand
74.58881689,-4.218583584,-14.41069984,2.904166698,0.04207794741,-0.9709885716,-0.07456851006,phone,user2,stand
74.60883685,-3.373430252,-13.61343098,2.983175278,0.3813646734,-1.839711666,0.1949433982,phone,user2,stand
74.6288563,-0.9552865028,-11.74116516,2.233790159,0.7989483476,-1.158475041,0.200269714,phone,user2,stand
74.6488772,0.1316810995,-11.23359394,0.2178723514,1.02957809,0.6103965044,-0.0170442313,phone,user2,stand
74.66890286,1.592144132,-10.72123528,-0.653617084,0.6050702333,1.66980207,-0.1326254308,phone,user2,stand
74.68893411,3.256114244,-10.57518864,2.037465572,0.09161274135,1.463140726,-0.5028048158,phone,user2,stand
74.70896341,3.919308186,-11.67412758,3.397372246,0.1651159972,1.002946496,-1.238369942,phone,user2,stand
74.72899634,4.970362663,-11.8872118,2.425326347,0.2737729549,0.5960154533,-1.999501348,phone,user2,stand
74.74902161,3.636792421,-13.24472427,1.661576033,0.5459480286,0.8799084425,-2.586994648,phone,user2,stand
74.76904911,3.19625926,-9.885659218,0.739808321,0.4069310129,0.9864348769,-2.601375818,phone,user2,stand
74.78908322,1.017535686,-9.737217903,1.829170108,0.02769687586,0.3398193717,-2.204032183,phone,user2,stand
74.80912157,1.941697598,-8.571242332,2.987963676,-0.2886866629,-0.05060006306,-1.351820588,phone,user2,stand
74.82916044,4.718971729,-14.91827106,1.886630893,0.386691004,1.081776023,-1.214401484,phone,user2,stand
74.84919259,5.145139217,-14.73870564,3.555389643,1.175519347,2.483131409,-1.00774014,phone,user2,stand
74.86921548,3.722983599,-11.77707863,0.5937620401,1.673530459,1.30601418,-1.201085687,phone,user2,stand
74.88924736,1.941697598,-10.60870743,-0.9385270476,1.404551148,0.7909588814,-0.9677927494,phone,user2,stand
74.90927478,0.5793967843,-8.844181061,-3.040636063,0.8309062719,0.4564658105,-0.5022721887,phone,user2,stand
74.92930392,-0.7757213712,-5.559336185,-1.793257117,0.1518001854,0.07030745596,-0.01438106969,phone,user2,stand
74.94933204,-2.683900118,-3.476380825,4.599261284,0.2024002522,0.8154599667,0.6109291911,phone,user2,stand
74.96936212,-2.391807556,-9.411606789,2.583343744,0.6514092088,2.719620228,1.735848427,phone,user2,stand
74.98940025,6.4715271,-11.70046329,0.01197100803,0.05273059011,3.188869238,2.583798885,phone,user2,stand
75.0094479,11.31978607,-10.75954247,5.121197224,-0.9012137055,2.124137402,2.017610788,phone,user2,stand
75.02948986,13.55118179,-9.131484985,10.14423275,-0.7558051348,0.9464874864,0.3898867965,phone,user2,stand
75.04952275,11.92073059,-9.361329079,10.32858658,0.03249056637,0.5725796223,-1.23144567,phone,user2,stand
75.06955286,11.22880554,-8.441955566,10.14183807,1.055144429,0.9571400881,-2.681803226,phone,user2,stand
75.0895895,9.320627213,-7.656657219,10.12747288,2.198705912,1.981924534,-3.997937441,phone,user2,stand
75.10961591,6.224924564,-7.086836815,9.959878922,3.075418472,2.503904104,-4.663195133,phone,user2,stand
75.12965181,3.933673382,-6.538564682,9.83777523,3.716707706,2.304699659,-4.861866951,phone,user2,stand
75.14969509,1.951274395,-5.956773758,9.210494041,4.321777821,2.610430479,-4.697283745,phone,user2,stand
75.16973693,1.572990537,-4.723760128,9.615114212,4.883172035,2.903378248,-4.246676922,phone,user2,stand
75.18977822,0.01197100803,-4.089296341,7.498639584,5.036037922,1.848766446,-3.810983658,phone,user2,stand
75.20981443,-0.8140285611,-3.591302633,6.488286495,4.617921352,0.8458199501,-3.177151203,phone,user2,stand
75.22985528,-1.242590666,-2.482787132,6.076483727,4.179032326,0.364320457,-2.655171633,phone,user2,stand
75.24988575,-1.357512355,-2.286462545,6.406883717,3.784884691,0.3664509654,-2.004827738,phone,user2,stand
75.2699188,-1.240196466,-2.736572504,6.093243122,3.556385279,0.3217098713,-1.374723792,phone,user2,stand
75.28994341,0.3351882398,-2.233790159,6.02620554,3.329483986,0.6301039457,-0.8064051867,phone,user2,stand
75.30997099,1.67115283,-1.173158884,5.568912983,3.118561745,0.9917612076,-0.5832322836,phone,user2,stand
75.32999208,2.19308877,-0.3591302633,5.667075634,2.67754221,1.126517177,-0.4719121456,phone,user2,stand
75.35001056,1.012747288,-0.8331822157,5.98550415,2.151834249,0.9752495885,-0.4111920893,phone,user2,stand
75.37004212,0.7661445141,-1.37666595,7.225700855,1.608016729,0.7131945491,-0.1470064968,phone,user2,stand
75.39007157,2.940079689,-0.4525041282,11.26950741,2.910835028,3.557450533,-0.1027980223,phone,user2,stand
75.41009376,2.336740971,1.094150186,8.441955566,2.488990307,0.9337043166,-0.1880191714,phone,user2,stand
75.43012107,3.174711466,0.4477157295,8.461109161,2.275937557,-0.230097115,-0.2284992188,phone,user2,stand
75.4501447,1.920149803,0.2202665508,6.627150536,1.823200107,-0.3648530841,-0.2998719513,phone,user2,stand
75.47017615,3.059789658,1.429338455,6.696582317,1.312405825,0.1464738697,-0.2679139972,phone,user2,stand
75.49020771,3.217807055,3.861847401,7.967903137,0.8740494847,0.4862932265,-0.3328951299,phone,user2,stand
75.5102506,1.07739079,4.134786129,6.986280441,0.2439455539,-0.1443433315,-0.3701793849,phone,user2,stand
75.53029509,0.1987187415,3.270479441,7.58722496,-0.3675162494,-0.4644553065,-0.1768338978,phone,user2,stand
75.5503306,0.7445967197,1.999158382,8.741230011,-0.7243798375,-0.7691209316,-0.1027980223,phone,user2,stand
75.57036892,2.276885748,2.257732153,9.540893555,-0.7099987864,-1.06952548,-0.1518001854,phone,user2,stand
75.59040802,1.26413846,2.885013103,9.643844604,-0.6205165386,-1.263936281,-0.2343581766,phone,user2,stand
75.61044032,2.059013367,3.145981073,8.832210541,-0.6508765817,-1.268729925,-0.0697748214,phone,user2,stand
75.6304699,3.406949043,2.865859509,8.621520042,-0.8218515515,-0.847417891,0.006391586736,phone,user2,stand
75.65050337,3.134010077,1.692700624,9.030928612,-0.9571400881,-0.8154599667,-0.1944107562,phone,user2,stand
75.67053849,4.165910721,1.434126854,9.196128845,-0.5976133347,-1.070590734,-0.6359629035,phone,user2,stand
75.69056286,4.30956316,1.52510643,9.03571701,-0.2636529505,-1.000815988,-1.1824435,phone,user2,stand
75.71058825,4.728548527,1.431732655,9.440337181,-0.1320927888,-1.006674886,-1.465803862,phone,user2,stand
75.73062013,2.86107111,2.059013367,8.47786808,-0.08096009493,-1.099885583,-1.606951475,phone,user2,stand
75.75064681,4.417302132,2.403778553,8.717288017,0.03834952042,-0.6002765298,-1.553155541,phone,user2,stand
75.77066544,4.072536945,2.324769735,7.69257021,0.1693770438,-0.3909520507,-1.51161027,phone,user2,stand
75.79068271,4.197035789,2.420537949,6.777985096,0.03195793182,0.05432848632,-1.409344912,phone,user2,stand
75.81069665,3.761290789,2.63601613,7.022193432,-0.1768338978,0.712661922,-1.518534541,phone,user2,stand
75.83072068,2.19308877,2.803610086,7.896077156,-0.3515372574,0.6114618182,-1.580319762,phone,user2,stand
75.85074607,2.401384354,3.009511471,8.118738174,-0.4905542731,0.2743056118,-1.48604393,phone,user2,stand
75.87076755,3.16034627,2.547430515,7.898471355,-0.6503439546,0.1821602285,-1.432248116,phone,user2,stand
75.89078853,2.817975283,2.777273893,8.111555099,-0.691889286,0.2705771625,-1.510545015,phone,user2,stand
75.91082482,2.109291792,3.08133769,8.339004517,-0.6045376062,0.3366235793,-1.424791217,phone,user2,stand
75.93085271,2.363077164,3.028665066,8.520963669,-0.4745753109,0.4692489803,-1.242098331,phone,user2,stand
75.95087583,2.554613113,2.698265314,8.987833023,-0.3478088379,0.5113269091,-1.163268805,phone,user2,stand
75.97090075,2.130839586,3.08373189,9.155426979,-0.1384843737,0.4522047639,-1.177117229,phone,user2,stand
75.99092013,1.551442742,3.49553442,8.892065048,0.1155811921,0.4420847595,-1.148887753,phone,user2,stand
76.01093837,1.134851575,4.086902142,8.717288017,0.1901497096,0.237553969,-0.8506136537,phone,user2,stand
76.03095751,1.704671621,3.90254879,8.403648376,0.1432780623,0.2295644879,-0.5688512325,phone,user2,stand
76.05097322,1.900996208,3.835511208,8.451532364,0.08788431436,0.2924150825,-0.4974785149,phone,user2,stand
76.0709897,1.853112102,3.763684988,8.51617527,0.1171790883,0.2732403278,-0.564057529,phone,user2,stand
76.09101181,1.292868972,4.01747036,8.461109161,0.162985459,0.2679139972,-0.5704491138,phone,user2,stand
76.11102529,0.8667010069,4.321534157,8.463502884,0.1448759735,0.3430151641,-0.3691141307,phone,user2,stand
76.13103634,1.192312479,4.247313976,8.74601841,0.09960222989,0.386691004,-0.1502022892,phone,user2,stand
76.15104583,1.630451322,3.957615376,9.021351814,0.1022653878,0.400539428,-0.2311623842,phone,user2,stand
76.1710588,1.230619669,3.955221176,9.17697525,0.1848233789,0.3739078343,-0.408528924,phone,user2,stand
76.19107493,0.9576807022,4.039018154,8.985439301,0.2679139972,0.341417253,-0.4404868484,phone,user2,stand
76.21109181,0.3256114423,4.434061527,9.143456459,0.3238403797,0.4415521026,-0.3542004228,phone,user2,stand
76.23110626,0.3974374831,4.240131378,9.085995674,0.3808320463,0.4522047639,-0.1848233789,phone,user2,stand
76.25113052,0.7757213712,4.345476151,8.892065048,0.4127899706,0.4516721368,-0.005858954508,phone,user2,stand
76.27114759,1.036689281,4.170699596,8.609549522,0.3882888854,0.423442632,-0.01171790902,phone,user2,stand
76.29117298,0.8355764151,4.326322556,8.798690796,0.3440804183,0.4202468395,-0.1102548689,phone,user2,stand
76.31120134,0.6440402865,4.527435303,8.674192429,0.326503545,0.3371562064,-0.1043959185,phone,user2,stand
76.33122743,0.5315127969,4.527435303,8.628703117,0.2769687474,0.3206445873,-0.06498113275,phone,user2,stand
76.35125579,0.349553436,4.630385876,8.951920509,0.2620550692,0.3179814517,-0.01331580617,phone,user2,stand
76.37128079,0.5003881454,4.481945515,8.757989883,0.2966761589,0.3025351167,0.0394147858,phone,user2,stand
76.39130607,0.5410895944,4.388571739,8.951920509,0.3531351686,0.3648530841,-0.002130528912,phone,user2,stand
76.41132685,0.3016694188,4.568136692,9.054870605,0.4623247683,0.3467435837,-0.04048004746,phone,user2,stand
76.43134333,-0.07900865376,4.987122059,8.710105896,0.5097290277,0.282295078,-0.04953479767,phone,user2,stand
76.4513595,-0.1771709323,5.16189909,8.518569946,0.4314320982,0.2247707993,0.01171790902,phone,user2,stand
76.47137845,-0.0287304204,5.063736439,8.38928318,0.3376888335,0.1810949594,0.05060006306,phone,user2,stand
76.49139091,0.1053448766,5.082890034,8.453926086,0.3046656251,0.1395496428,0.02609897964,phone,user2,stand
76.51141708,-0.05027823523,4.984727859,8.640673637,0.3281014562,0.09267801046,0.005858954508,phone,user2,stand
76.5314374,-0.3088520169,5.16189909,8.535328865,0.3371562064,0.02024002373,0.03462109342,phone,user2,stand
76.55145517,-0.2106897533,5.535394192,8.190564156,0.2242381722,0.01810949668,0.09374327213,phone,user2,stand
76.57148013,-0.1221042871,5.023035049,8.013393402,0.05219795927,0.05273059011,0.03568635881,phone,user2,stand
76.59150013,0.05506663769,5.183446884,8.549694061,0.02290318534,0.02822950855,-0.006391586736,phone,user2,stand
76.61152099,-0.03830722719,5.094861031,8.374917984,0.107591711,0.01438106969,-0.08948221803,phone,user2,stand
76.63154763,-0.2442085743,5.391742229,6.081272125,0.08415589482,0.07510114461,-0.07616640627,phone,user2,stand
76.65157404,-0.2585737705,5.470750809,8.137891769,0.03568635881,0.06018744037,0.05326322466,phone,user2,stand
76.67160134,-0.117315881,5.31512785,7.419631004,-0.003728425596,-0.07510114461,0.1246359423,phone,user2,stand
