{
  "val": {
    "accuracy": 0.9132182549065974,
    "macro_f1": 0.9170816120238877,
    "per_class_f1": {
      "Walk": 0.9925771584841776,
      "Run": 0.9603399433427762,
      "Sit": 0.8085948543963811,
      "Stand": 0.8238961038961039,
      "Lie": 1.0,
      "Other": 0.0
    }
  },
  "test": {
    "accuracy": 0.9531131198783476,
    "macro_f1": 0.9510254033486705,
    "per_class_f1": {
      "Walk": 0.9952973720608576,
      "Run": 0.9908571428571429,
      "Sit": 0.8996852871754524,
      "Stand": 0.8973415132924335,
      "Lie": 0.971945701357466,
      "Other": 0.0
    },
    "confusion_matrix": [
      [
        5397,
        5,
        0,
        0,
        25,
        0
      ],
      [
        10,
        867,
        0,
        0,
        0,
        0
      ],
      [
        7,
        0,
        2287,
        136,
        6,
        0
      ],
      [
        4,
        1,
        361,
        2194,
        0,
        0
      ],
      [
        0,
        0,
        0,
        0,
        537,
        0
      ],
      [
        0,
        0,
        0,
        0,
        0,
        0
      ]
    ]
  }
}