Time,Acc_X,Acc_Y,Acc_Z,Gyro_X,Gyro_Y,Gyro_Z,Device,Subject,Activity
0.002965208332,6.896907806,7.005881195,1.039288788,0.08182923496,0.1278066635,-0.1325789094,phone,user4,stand
0.02303120833,6.598278809,6.60980484,0.7532336426,-0.0382553339,0.0897699222,-0.09860242903,phone,user4,stand
0.04309820833,6.55486908,6.754404144,1.031804352,-0.05989778787,-0.01682488993,-0.03023400344,phone,user4,stand
0.06316420833,6.751560059,6.970105591,1.249451752,0.01018723752,-0.05813494697,0.003292302601,phone,user4,stand
0.08323120833,6.98537384,6.946903839,1.492845612,0.07483940572,0.005789916031,-0.02747338079,phone,user4,stand
0.1032972083,6.951544189,6.874903564,1.30812973,0.0841313526,0.06127955392,-0.05306283757,phone,user4,stand
0.1233642083,6.881040802,6.951544189,1.280587006,0.08263801038,0.09758583456,-0.08123475313,phone,user4,stand
0.1434302083,6.864724731,6.923103333,1.144669647,0.0594584085,0.0969183743,-0.09759331495,phone,user4,stand
0.1634972083,6.744973755,6.958280182,1.325942688,0.07621499151,0.1020344868,-0.07618866861,phone,user4,stand
0.1835632083,6.716532898,6.957232361,1.11278595,0.08512551337,0.06691134721,-0.04965692014,phone,user4,stand
0.2036302083,6.773414612,6.9421138,1.022224274,0.07111623138,0.03897231445,-0.04745911807,phone,user4,stand
0.2236962083,6.820865936,6.882238312,1.010099487,0.04008747637,0.01608608849,-0.03938345611,phone,user4,stand
0.2437632083,6.749913483,6.935377808,1.091829529,0.01058147848,-0.01874052733,-0.03145712614,phone,user4,stand
0.2638295833,6.687642975,7.023694153,1.338666229,0.009213412181,-0.04673647508,-0.05158875883,phone,user4,stand
0.2838965833,6.673272858,7.076384583,1.406924286,0.02935226262,0.01736509614,-0.07975383848,phone,user4,stand
0.3039625833,6.810836792,6.920558624,0.9972262573,-0.02072687447,0.02173656225,-0.1199304685,phone,user4,stand
0.3240295833,6.921307068,6.720125427,0.9737251282,-0.08610974997,-0.01875281148,-0.1523311883,phone,user4,stand
0.3440955833,6.974446564,6.758595428,1.098266144,-0.06546592712,-0.1043105349,-0.1327167004,phone,user4,stand
0.3641615833,6.786736908,6.881340179,1.114133148,-0.05851708353,-0.2258298099,-0.08787358552,phone,user4,stand
0.3842285833,6.943610687,6.635102234,0.7457492065,-0.1474917978,-0.4387824535,-0.1243895516,phone,user4,stand
0.4042945833,7.24164093,6.341562653,0.8183482361,-0.2131923139,-0.6771258116,-0.1717632413,phone,user4,stand
0.4243615833,7.475454712,5.914650421,0.8581654358,-0.2387139648,-0.8082425594,-0.1414687783,phone,user4,stand
0.4444275833,7.197482758,6.061794434,0.8472381592,-0.2219576389,-1.004563689,-0.0304644797,phone,user4,stand
0.4644945833,7.135661316,6.355483704,0.8952882385,-0.2100690603,-1.309565902,-0.0004639518447,phone,user4,stand
0.4845605833,7.219786377,6.439758453,0.9449848938,-0.1716993302,-1.58569181,-0.1341049075,phone,user4,stand
0.5046275833,6.640940094,6.517297211,0.8553213501,-0.1843986362,-1.681255698,-0.2768083215,phone,user4,stand
0.5246935833,6.893315277,6.53136795,0.6598278809,-0.3103988767,-1.287792683,-0.4911080599,phone,user4,stand
0.5447605833,6.087391205,6.446644135,1.251697083,-0.2462100983,-0.7264484763,-0.5762730241,phone,user4,stand
0.5648265833,6.103258209,6.46819931,1.216220856,0.1543503553,-0.2580275834,-0.5755399466,phone,user4,stand
0.5848935833,5.447771301,7.208260345,1.064885559,0.66090554,-0.02093323506,-0.4776718616,phone,user4,stand
0.6049595833,6.471043396,7.266938324,-0.6156697083,0.8138204813,-0.06420723349,-0.5830256939,phone,user4,stand
0.6250265833,5.930367737,7.558382263,-0.580941925,0.7280142903,-0.04015842453,-0.8084839582,phone,user4,stand
0.6450925833,5.179229736,7.975415039,-0.5637277222,0.5518531799,-0.1359229386,-0.6646331549,phone,user4,stand
0.6651595833,4.930147705,7.862400055,-0.2285746765,0.3626687229,-0.4608367085,-0.5942171812,phone,user4,stand
0.6852255833,4.448898468,8.070467377,-0.302820282,0.2816683352,-0.4937281907,-0.510541141,phone,user4,stand
0.7052925833,5.714217224,9.562115479,-0.482895813,0.2999027073,-0.2139878422,-0.3993611336,phone,user4,stand
0.7253585833,5.893095245,9.226213989,-0.6245013428,0.2262373269,-0.1459841281,-0.7580400109,phone,user4,stand
0.7454255833,5.999673615,8.625513153,-0.808768158,0.1409449875,-0.09176976234,-1.007228374,phone,user4,stand
0.7654915833,6.02362381,8.130642242,-1.001267853,-0.01324416231,0.09379090369,-1.222469687,phone,user4,stand
0.7855585833,5.540428619,8.040529633,-0.9954299927,-0.08133557439,0.2081503123,-1.262943268,phone,user4,stand
0.8056245833,5.27473114,8.364306335,-0.1122665405,-0.05381764099,0.2461535186,-1.300626874,phone,user4,stand
0.8256915833,4.79033844,8.631051636,-0.6355783081,-0.01173115149,-0.1016525775,-1.338951349,phone,user4,stand
0.8457575833,4.054768066,8.537196808,-0.2923420715,0.0362018235,-0.08746494353,-1.258353233,phone,user4,stand
0.8658245833,3.475622406,8.626411285,-0.1968406677,0.1679719687,-0.05142008513,-1.141899824,phone,user4,stand
0.8858905833,3.444038086,8.862470398,-0.1951940918,0.3044119775,0.1014224961,-1.040796041,phone,user4,stand
0.9059575833,3.877835999,8.993597717,-0.5498066711,0.4863085747,0.1986901909,-1.007546782,phone,user4,stand
0.9260235833,3.761378174,8.940458221,-0.8210426331,0.5573260784,0.1271493137,-0.9697495103,phone,user4,stand
0.9460905833,3.796854401,8.801696777,-1.070873108,0.5456547141,-0.04905712977,-0.930157721,phone,user4,stand
0.9661565833,3.830234985,8.828640747,-1.268013153,0.5075268149,-0.3626939058,-0.8932939768,phone,user4,stand
0.9862235833,3.363206177,9.061406708,-1.465452576,0.4240510762,-0.5531535745,-0.7357571721,phone,user4,stand
1.006289583,3.163820801,9.500593414,-0.8583151245,0.4493097365,-0.4562513232,-0.4822369516,phone,user4,stand
1.026356583,3.311264191,9.714498596,-1.203347626,0.3632634878,-0.1177270412,-0.2985582352,phone,user4,stand
1.046422583,3.100352783,9.736053772,-0.8792715454,0.2136532813,0.2508352399,-0.1642574966,phone,user4,stand
1.066489583,3.159928894,9.819879456,-0.9526190186,0.08979012817,0.1564823985,-0.09692446887,phone,user4,stand
1.086555583,3.051703949,9.454489288,-1.10455307,-0.009841786698,0.00766678853,-0.04232951254,phone,user4,stand
1.106622583,3.189118195,9.485774231,-1.32100296,-0.1139055565,0.06638901681,0.01690309308,phone,user4,stand
1.126688583,3.231330414,9.851463776,-1.490899658,-0.1776162535,0.1469098479,0.08418788761,phone,user4,stand
1.146755583,3.135679321,9.828411713,-1.265169067,-0.1470436454,0.1791993827,0.2365359217,phone,user4,stand
1.166821583,3.400179291,10.13527359,-1.236279144,-0.09006399661,0.06030434743,0.3449116945,phone,user4,stand
1.186888583,3.144361267,9.946516113,-1.131047974,-0.03904969618,0.1711948663,0.4922292233,phone,user4,stand
1.206954583,3.320395203,9.228908386,-0.9285191345,0.05244224146,0.2414730936,0.4728733301,phone,user4,stand
1.227021583,3.545826416,8.727600861,-0.6646179199,0.3119989038,0.05752644688,0.2648434639,phone,user4,stand
1.247087583,3.156036987,8.753946075,-1.712588654,0.4921934009,0.2702323496,0.2277540863,phone,user4,stand
1.267155083,3.306324463,8.82594635,-2.606080627,0.3479145169,0.6767641306,0.1731560975,phone,user4,stand
1.287221083,2.941682739,8.861272888,-2.266287231,0.1970916837,1.061406374,0.2443550825,phone,user4,stand
1.307288083,3.269950104,8.980724487,-2.107617188,0.1678240299,1.058979988,0.373858124,phone,user4,stand
1.327354083,3.53130661,9.278006287,-2.309547272,0.1497897357,0.600904882,0.2018212825,phone,user4,stand
1.347420083,3.285817108,9.370813293,-2.207010498,0.1711816043,0.3296976984,0.1549496353,phone,user4,stand
1.367487083,3.371139679,9.259594574,-2.105521545,0.168337062,0.2679634094,0.1380953044,phone,user4,stand
1.387553083,3.417094116,9.032965851,-1.917512512,0.1529807597,0.261888355,0.1057401001,phone,user4,stand
1.407620083,3.26216629,9.064999237,-1.902843018,0.1089808643,0.2126934826,0.1409264505,phone,user4,stand
1.427686083,3.281925201,9.084159393,-1.914818115,0.0393984206,0.1935178041,0.1857235134,phone,user4,stand
1.447753083,3.42712326,9.086105347,-1.901645508,-0.02955362946,0.2590533495,0.1774016768,phone,user4,stand
1.467819083,3.573219452,9.035959625,-1.722917175,-0.0534796752,0.2456998676,0.1372954249,phone,user4,stand
1.487886083,3.635639648,8.855435028,-1.662442932,-0.04517599568,0.1526307762,0.1126602218,phone,user4,stand
1.507952083,3.955225067,8.695717163,-1.599124603,-0.0397481136,0.04067429528,0.06516863406,phone,user4,stand
1.528019083,4.253404999,8.705147552,-1.499581604,-0.03416182473,-0.02180348709,0.01758067496,phone,user4,stand
1.548085083,4.496349792,8.747958527,-1.471589813,-0.0176772438,-0.01706861146,-0.0007727742195,phone,user4,stand
1.568152083,4.625980225,8.618028717,-1.465153198,0.01541663054,0.02700490505,-0.01392886508,phone,user4,stand
1.588218083,4.630620575,8.347241821,-1.606609039,0.04058919102,0.1045349985,-0.02961778454,phone,user4,stand
1.608285083,4.499343567,8.300239563,-1.768721924,0.03413906321,0.1674979925,-0.007759131491,phone,user4,stand
1.628351083,4.599335632,8.536298676,-1.76677597,0.04585498944,0.1566622853,0.03105528653,phone,user4,stand
1.648418083,4.802612915,8.58135498,-1.670975189,0.1033363417,0.06902178377,-0.001411456615,phone,user4,stand
1.668484083,4.151017914,8.544830933,-1.750609589,0.1735924482,-0.1113894135,0.04200780392,phone,user4,stand
1.688551083,4.0052211,8.508157196,-1.6907341,0.2284595668,-0.3253952861,0.02300925367,phone,user4,stand
1.708617083,3.260070648,8.492589569,-1.405876465,0.319357872,-0.4893338084,-0.05293485522,phone,user4,stand
1.728684083,3.012036438,8.654702454,-1.411864014,0.4246808887,-0.4686334729,-0.0870468691,phone,user4,stand
1.748750083,3.222498779,9.011710052,-1.522783356,0.4439102709,-0.4150848985,-0.1996766925,phone,user4,stand
1.768817083,3.51139801,9.366472321,-1.526375885,0.4078660309,-0.2195513099,-0.3306670487,phone,user4,stand
1.788883083,4.383334808,9.617350616,-1.284179535,0.3765247464,0.1769692898,-0.3604300916,phone,user4,stand
1.808950083,5.235512695,9.635462952,-1.076561279,0.3440105319,0.4818681777,-0.2139714509,phone,user4,stand
1.829016083,5.857918396,9.501940613,-1.274000702,0.206958279,0.3827739656,-0.0336002484,phone,user4,stand
1.849083083,5.805377655,8.958271179,-1.391356659,-0.04852637276,0.1637071818,0.1416561753,phone,user4,stand
1.869149083,5.329367523,8.384514313,-1.410816193,-0.2533181906,0.1559489518,0.260235846,phone,user4,stand
1.889216083,4.676125946,8.126001892,-1.715881805,-0.3004815876,0.272331357,0.3249688148,phone,user4,stand
1.909282083,4.011508026,8.118367767,-2.118095398,-0.2244211584,0.2962305546,0.3321458101,phone,user4,stand
1.929349083,3.336112518,8.400980072,-2.400707703,-0.0882564187,0.1554629654,0.2922660708,phone,user4,stand
1.949415083,3.010838928,8.599766693,-2.150128784,0.06319563091,0.008755943738,0.1957234144,phone,user4,stand
1.969482083,2.936293945,8.804091797,-1.494043121,0.2350660861,-0.01731540263,0.0449992232,phone,user4,stand
1.989548083,2.935844879,9.02368515,-1.197060699,0.3460120559,0.122293517,-0.1147943586,phone,user4,stand
2.009615083,3.098556519,9.124725037,-1.360221405,0.3350102901,0.3731350899,-0.261080116,phone,user4,stand
2.029681083,3.732188873,8.954379272,-1.625020752,0.2893960476,0.5433397889,-0.3444426358,phone,user4,stand
2.049748083,4.255800018,8.640182648,-1.731449432,0.30983904,0.5434020758,-0.3556161225,phone,user4,stand
2.069814083,4.355642395,8.492888947,-1.831740875,0.3662564158,0.4407918751,-0.2873522639,phone,user4,stand
2.089880083,4.22406601,8.640332336,-1.888323212,0.3812089562,0.2572857738,-0.2069005817,phone,user4,stand
2.109947083,3.984264679,8.893156586,-1.803599396,0.3321651816,0.2192585915,-0.1354748458,phone,user4,stand
2.130013083,3.838767242,9.089997253,-1.752256165,0.2575772703,0.2940367758,-0.101354979,phone,user4,stand
2.150080083,3.743714905,9.275012512,-1.898352356,0.1753925681,0.3318859339,-0.07088002563,phone,user4,stand
2.170146083,3.57232132,9.397906952,-2.007176056,0.1060295552,0.2932591438,-0.06108851358,phone,user4,stand
2.190213083,3.447929993,9.453740845,-2.0862117,0.0425003171,0.2332218438,-0.07070656866,phone,user4,stand
2.210279083,3.315605164,9.298064575,-2.107168121,-0.00286371843,0.2346201092,-0.09401810169,phone,user4,stand
2.230346083,3.225193176,9.127419434,-2.211800537,-0.04554213211,0.2934791446,-0.1025088504,phone,user4,stand
2.250412083,3.432212677,8.907676392,-2.282603302,-0.05289825797,0.3549815118,-0.1042567939,phone,user4,stand
2.270478458,3.672313385,8.711733856,-2.362088013,-0.02119469456,0.3501076996,-0.08840785176,phone,user4,stand
2.290544458,3.890709229,8.639434204,-2.493065643,-0.01032263134,0.2129731923,-0.04240838438,phone,user4,stand
2.310611458,4.053271179,8.617280273,-2.414928131,-0.04136371613,0.03113949858,0.02837049961,phone,user4,stand
2.330677458,4.040697327,8.735384674,-2.042352905,-0.05410576984,-0.0827793628,0.08493319899,phone,user4,stand
2.350744458,3.767515411,8.866362305,-1.832040253,-0.05482441187,-0.1327372193,0.1270674318,phone,user4,stand
2.370810458,3.513493652,9.039701843,-1.835333405,-0.08267325908,-0.1611030102,0.1281062514,phone,user4,stand
2.390877458,3.281027069,9.233249359,-1.713786163,-0.09040323645,-0.1629631817,0.1027986184,phone,user4,stand
2.410943458,3.271446991,9.214089203,-1.629511414,-0.0821718052,-0.1001121774,0.02781562135,phone,user4,stand
2.431010458,3.306025085,8.973240051,-1.640289001,-0.1007444039,-0.01121657621,-0.01965124719,phone,user4,stand
2.451076458,3.809128876,8.742420044,-1.643432465,-0.1195506081,0.02652041055,-0.04448723048,phone,user4,stand
2.471143458,4.003574524,8.659342804,-1.768871613,-0.1101655513,0.00555252796,-0.02009326592,phone,user4,stand
2.491209458,4.044439545,8.725804596,-1.795067139,-0.09176260233,-0.06404873729,0.02041716129,phone,user4,stand
2.511276458,4.023632812,8.844507751,-1.726659393,-0.06083424762,-0.111508131,0.04729538411,phone,user4,stand
2.531342458,3.855981445,8.956624603,-1.601669312,-0.06724012643,-0.1394203156,0.06936369836,phone,user4,stand
2.551409458,3.62605957,9.078022156,-1.514849854,-0.08508154005,-0.144239217,0.07575490326,phone,user4,stand
2.571475458,3.455713806,9.165440369,-1.542991333,-0.1236869618,-0.1271841377,0.07108521461,phone,user4,stand
2.591542458,3.538491669,9.174870758,-1.566043396,-0.1704991311,-0.1101497784,0.07154802233,phone,user4,stand
2.611608458,3.637435913,9.101672974,-1.653910675,-0.199673146,-0.1342089325,0.08601200581,phone,user4,stand
2.631675458,3.638184357,9.008117523,-1.718127136,-0.2305782735,-0.2070234567,0.1154965386,phone,user4,stand
2.651741458,3.577560425,8.944948883,-1.638642426,-0.2561166286,-0.2664813101,0.1352961659,phone,user4,stand
2.671808458,3.595822449,8.962462463,-1.572480011,-0.2714276314,-0.3029769957,0.139709577,phone,user4,stand
2.691874458,3.650907898,8.934620361,-1.545985107,-0.2820907235,-0.3329703212,0.1397375166,phone,user4,stand
2.711941458,3.717818756,8.868158569,-1.435215454,-0.2754819393,-0.3316975534,0.1270371526,phone,user4,stand
2.732007458,3.79460907,8.848399658,-1.424437866,-0.2680129707,-0.3244560063,0.1095606014,phone,user4,stand
2.752073458,3.91046814,8.787775726,-1.437909851,-0.2609164417,-0.3049080372,0.09098930657,phone,user4,stand
2.772140458,4.093537445,8.756341095,-1.413211212,-0.2355460227,-0.2686546445,0.07143454999,phone,user4,stand
2.792206458,4.177812195,8.721014557,-1.474733276,-0.2030503154,-0.2704244256,0.05909862369,phone,user4,stand
2.812273458,4.122277679,8.614885254,-1.508562927,-0.1856634468,-0.3059660792,0.05550736561,phone,user4,stand
2.832339458,4.129612427,8.60126358,-1.452729034,-0.1719068587,-0.3250034153,0.05954593047,phone,user4,stand
2.852406458,4.176914062,8.677754517,-1.409618683,-0.1619983464,-0.3285799325,0.05733900517,phone,user4,stand
2.872472458,4.221820679,8.745563507,-1.345102844,-0.1619452387,-0.3170209527,0.05353913456,phone,user4,stand
2.892539458,4.214036865,8.724457397,-1.300046539,-0.1569232196,-0.2830685079,0.03958835453,phone,user4,stand
2.912605458,4.24861496,8.713081055,-1.336720276,-0.1532989889,-0.2475153953,0.03377694637,phone,user4,stand
2.932672458,4.347858582,8.702303467,-1.365161133,-0.1460113376,-0.2171642929,0.02845512331,phone,user4,stand
2.952738458,4.388573914,8.663833466,-1.37369339,-0.1325871646,-0.1989714801,0.02759483829,phone,user4,stand
2.972805458,4.429289246,8.627758484,-1.325343933,-0.11497619,-0.1786065996,0.03445485607,phone,user4,stand
2.992871458,4.477638702,8.646469574,-1.250050507,-0.09376484156,-0.1453894526,0.04473523796,phone,user4,stand
3.012938458,4.428840179,8.721014557,-1.288370819,-0.08558481932,-0.12112654,0.05724136904,phone,user4,stand
3.033004458,4.315376129,8.788973236,-1.306183777,-0.0908773914,-0.1057105884,0.07091140747,phone,user4,stand
3.053071458,4.134252777,8.740623779,-1.353186035,-0.09181516618,-0.09997545928,0.07574563473,phone,user4,stand
3.073137458,4.048331451,8.738827515,-1.349892883,-0.08713165671,-0.1067787856,0.07082485408,phone,user4,stand
3.093204458,4.037104797,8.743168488,-1.326541443,-0.07072249055,-0.09238798916,0.05467121303,phone,user4,stand
3.113270458,4.08829834,8.835526428,-1.325942688,-0.0464765355,-0.04463034868,0.03844982013,phone,user4,stand
3.133337458,4.073778534,8.836873627,-1.437909851,-0.0386772044,-0.02047970705,0.02558070794,phone,user4,stand
3.153403458,4.047583008,8.758436737,-1.490001526,-0.04382349551,-0.0459038727,0.02895378694,phone,user4,stand
3.173470458,4.105362854,8.717422028,-1.446741486,-0.03945843875,-0.06096895784,0.02632302418,phone,user4,stand
3.193536458,4.120032349,8.789422302,-1.388662262,-0.03160719201,-0.0642868802,0.03518860415,phone,user4,stand
3.213603458,4.120481415,8.879085846,-1.339564362,-0.02538733371,-0.05947457626,0.04028622806,phone,user4,stand
3.233669458,4.053570557,8.949888611,-1.352886658,-0.0250643082,-0.06340239942,0.03916700184,phone,user4,stand
3.253736458,3.887116699,8.90079071,-1.363963623,-0.03209868819,-0.06104248017,0.03498717397,phone,user4,stand
3.273802833,3.830534363,8.87160141,-1.347797241,-0.03178174794,-0.07073945552,0.03196981549,phone,user4,stand
3.293868833,3.742966461,8.873397675,-1.392254791,-0.03549432382,-0.08213869482,0.02349741012,phone,user4,stand
3.313935833,3.778442688,8.860524445,-1.353335724,-0.04958923906,-0.06205834076,0.002441752469,phone,user4,stand
3.334001833,4.062102814,8.829688568,-1.302441559,-0.03879186884,-0.0139885582,-0.02248534374,phone,user4,stand
3.354068833,4.179458771,8.763376465,-1.393152924,-0.02435087413,0.009310638532,-0.0251050964,phone,user4,stand
3.374134833,4.241878967,8.697064362,-1.439706116,-0.02025232278,-0.007055450231,-0.01366358623,phone,user4,stand
3.394201833,4.265529785,8.586893463,-1.39000946,-0.01092123333,-0.03381663188,-0.007391070947,phone,user4,stand
3.414267833,4.255500641,8.708740082,-1.3350737,-0.002504458418,-0.03154073656,0.001262880163,phone,user4,stand
3.434334833,4.290976868,8.826395416,-1.361867981,-0.000449748477,-0.02041010559,0.005768279545,phone,user4,stand
3.454400833,4.270170135,8.78029129,-1.329984283,0.01241420023,0.001811827417,-0.002755221911,phone,user4,stand
3.474467833,4.219725037,8.716074829,-1.337917786,0.0114656752,0.02744862251,0.002541034017,phone,user4,stand
3.494533833,4.186045074,8.762478333,-1.338217163,0.001003419165,0.05321675166,0.01169833168,phone,user4,stand
3.514600833,4.136348419,8.861123199,-1.348395996,0.003939222544,0.05019906536,0.01774206199,phone,user4,stand
3.534666833,4.021088104,8.871451721,-1.443298645,0.0008053684141,-0.01007895637,0.01738615148,phone,user4,stand
3.554733833,3.914509735,8.862919464,-1.406774597,-0.0160126891,-0.08360717446,0.01693292893,phone,user4,stand
3.574799833,4.024081879,8.903634796,-1.226399689,-0.01884663664,-0.07951094955,0.00976615306,phone,user4,stand
3.594866833,4.109105072,8.851393433,-1.139131165,-0.01124529541,-0.02943122946,-0.0008907614974,phone,user4,stand
3.614932833,4.123175812,8.744216309,-1.165775757,-0.009122388437,-0.01201865356,-0.01471458841,phone,user4,stand
3.634999833,4.197720795,8.643026733,-1.155896301,0.005808454938,0.004310082644,-0.02207742631,phone,user4,stand
3.655065833,4.451293488,8.68089798,-1.175355835,0.02316083573,0.06779779494,-0.01185010932,phone,user4,stand
3.675132833,4.595294037,8.781339111,-1.259780273,0.03195967898,0.1188499555,-0.000185908284,phone,user4,stand
3.695198833,4.44395874,8.730744324,-1.381327515,0.02793990634,0.1130133346,0.02267458476,phone,user4,stand
3.715264833,4.11164978,8.750802612,-1.43686203,0.02048646659,0.08527444303,0.03662636504,phone,user4,stand
3.735331833,3.806733856,8.866511993,-1.397793274,0.01993180439,0.0245773308,0.04671926424,phone,user4,stand
3.755397833,3.641477509,8.974287872,-1.355131989,0.02388933301,-0.03967189789,0.03848188743,phone,user4,stand
3.775464833,3.62845459,8.9991362,-1.327888641,0.01658899896,-0.04787361994,0.01376701053,phone,user4,stand
3.795530833,3.720363464,8.942404175,-1.332379303,0.001898681512,-0.0342011191,-0.00614780467,phone,user4,stand
3.815597833,3.803291016,8.92069931,-1.358125763,-0.0164403785,-0.05890566483,-0.01547499374,phone,user4,stand
3.835663833,3.885769501,8.915160828,-1.372795258,-0.0327876769,-0.08117863536,-0.02650296129,phone,user4,stand
3.855730833,4.003574524,8.839867401,-1.377285919,-0.03624841198,-0.07921218127,-0.03390142322,phone,user4,stand
3.875796833,4.096531219,8.755442963,-1.426683197,-0.03448501229,-0.0694879666,-0.03832092881,phone,user4,stand
3.895863833,4.254602509,8.762478333,-1.416055298,-0.02564226836,-0.06086373702,-0.03397819772,phone,user4,stand
3.915929833,4.327351227,8.783734131,-1.414408722,-0.01239483152,-0.05789353326,-0.02447343431,phone,user4,stand
3.935996833,4.306843872,8.791517944,-1.402583313,-0.008911024779,-0.07564251125,-0.0102881752,phone,user4,stand
3.956062833,4.210893402,8.78612915,-1.320104828,-0.009740306064,-0.1159325913,0.00999470707,phone,user4,stand
3.976129833,4.078568573,8.820557556,-1.249302063,-0.01441827789,-0.1480433196,0.02405919507,phone,user4,stand
3.996195833,4.025279388,8.85169281,-1.233584747,-0.03439460322,-0.139336437,0.02787016518,phone,user4,stand
4.016262833,4.072730713,8.815767517,-1.233135681,-0.05971249938,-0.0821031034,0.0177224502,phone,user4,stand
4.036328833,4.135001221,8.773405609,-1.301244049,-0.06814828515,-0.03943734244,0.005003897473,phone,user4,stand
4.056395833,4.210444336,8.708440704,-1.335822144,-0.0609654896,-0.006271906663,-0.001861124532,phone,user4,stand
4.076461833,4.325554962,8.698561249,-1.393452301,-0.04078036547,0.009905005805,-0.006935016252,phone,user4,stand
4.096527833,4.391417999,8.669371948,-1.422940979,-0.03001999669,-0.000891112024,-0.007097402122,phone,user4,stand
4.116594833,4.425397339,8.60949646,-1.398691406,-0.01333292201,-0.00178407249,-0.005274609663,phone,user4,stand
4.136660833,4.392914886,8.614436188,-1.354383545,0.01011242997,0.007159987465,0.003106129123,phone,user4,stand
4.156727833,4.288881226,8.698860626,-1.297052765,0.03276199847,0.009161368012,0.01429758593,phone,user4,stand
4.176793833,4.201163635,8.750503235,-1.222807159,0.04522033036,0.02245447598,0.01779603772,phone,user4,stand
4.196860833,4.187092896,8.823102264,-1.212328949,0.0455066748,0.05979017913,0.009143125266,phone,user4,stand
4.216926833,4.171525269,8.878038025,-1.302441559,0.03918999061,0.08833666146,-0.002216273453,phone,user4,stand
4.236993833,4.114942932,8.829239502,-1.383273468,0.03019322641,0.08592715859,-0.003209522925,phone,user4,stand
4.257059833,4.128265228,8.745563507,-1.376537476,0.02959627099,0.08442224562,-0.002175831702,phone,user4,stand
4.277126458,4.211342468,8.756341095,-1.344953156,0.03443760425,0.095819965,0.004109247588,phone,user4,stand
4.297192458,4.249363403,8.760532379,-1.316512299,0.03120728023,0.1105883643,-0.003090662649,phone,user4,stand
4.317259458,4.304299164,8.739875336,-1.289867706,0.02883347869,0.137711212,-0.01000671461,phone,user4,stand
4.337325458,4.312831421,8.707542572,-1.329086151,0.03366351873,0.1684165448,-0.01503725443,phone,user4,stand
4.357392458,4.225712585,8.66922226,-1.443747711,0.04074876383,0.1777792424,-0.01686615683,phone,user4,stand
4.377458458,4.182452545,8.634943542,-1.498234406,0.04285917431,0.1567157656,-0.01088833436,phone,user4,stand
4.397525458,4.210743713,8.679101715,-1.468296661,0.04640543833,0.1367012262,-0.005560521502,phone,user4,stand
4.417591458,4.24157959,8.764573975,-1.426982574,0.05538892373,0.1109858602,-0.008023193106,phone,user4,stand
4.437658458,4.26029068,8.772208099,-1.310225372,0.06922920048,0.1001373529,-0.02084735222,phone,user4,stand
4.457724458,4.27076889,8.778345337,-1.242865448,0.08112297952,0.1235473976,-0.0303911306,phone,user4,stand
4.477791458,4.219575348,8.782536621,-1.265917511,0.07233128697,0.1359856427,-0.02983537503,phone,user4,stand
4.497857458,4.192182312,8.841663666,-1.280886383,0.05658445135,0.135600403,-0.02664014138,phone,user4,stand
4.517923458,4.169878693,8.866661682,-1.304986267,0.05454049632,0.129986614,-0.02251322381,phone,user4,stand
4.537990458,4.135899353,8.835676117,-1.264121246,0.0702342093,0.1246839091,-0.02793380246,phone,user4,stand
4.558056458,4.130211182,8.772058411,-1.239871674,0.08121705055,0.1262532473,-0.03564701974,phone,user4,stand
4.578123458,4.183200989,8.754694519,-1.229692841,0.08532143384,0.1382641345,-0.04448679462,phone,user4,stand
4.598189458,4.181404724,8.72296051,-1.267863464,0.08245741576,0.1340061873,-0.03905913234,phone,user4,stand
4.618256458,4.133504333,8.679251404,-1.296154633,0.06998153031,0.1232445613,-0.02689131722,phone,user4,stand
4.638322458,4.129612427,8.804091797,-1.271156616,0.06781618297,0.1390396357,-0.02156244777,phone,user4,stand
4.658389458,4.077071686,8.987610168,-1.306632843,0.07391279191,0.1390761882,-0.02602331713,phone,user4,stand
4.678455458,3.950285339,9.00033371,-1.331331482,0.07347042114,0.1182450503,-0.02680450678,phone,user4,stand
4.698522458,3.933370514,8.898246002,-1.33387619,0.06921780854,0.1117557138,-0.03127997369,phone,user4,stand
4.718588458,3.947441254,8.863667908,-1.345851288,0.06449089199,0.1119003743,-0.0265213009,phone,user4,stand
4.738655458,3.997886353,8.918453979,-1.405876465,0.04798110947,0.09867806733,-0.02015720867,phone,user4,stand
4.758721458,3.969894562,8.889414368,-1.424886932,0.03439915553,0.06599035859,-0.008339090273,phone,user4,stand
4.778788458,3.940256195,8.813821564,-1.422192535,0.02220875584,0.02295633219,0.001310193213,phone,user4,stand
4.798854458,3.970792694,8.812624054,-1.387913818,0.008890671656,0.005378627684,0.005382708274,phone,user4,stand
4.818921458,3.962410126,8.88447464,-1.373094635,0.001188003691,-0.001162782661,0.006601023022,phone,user4,stand
4.838987458,3.897445221,8.937614136,-1.403182068,-0.008006986231,-0.01797045581,0.008131999522,phone,user4,stand
4.859054458,3.898792419,8.918453979,-1.38656662,-0.01419569179,-0.02184578963,0.002180138836,phone,user4,stand
4.879120458,4.008514252,8.878786469,-1.35617981,-0.008213451132,-0.01329880022,-0.007754069753,phone,user4,stand
4.899187458,4.091890869,8.865015106,-1.36082016,-0.004913179204,-0.005518690683,-0.008941441774,phone,user4,stand
4.919253458,4.131857758,8.812474365,-1.341809692,-0.005915977992,-0.003808366833,-0.002150923014,phone,user4,stand
4.939320458,4.103117523,8.751700745,-1.339564362,-0.006024901755,-0.01288442034,0.01329754107,phone,user4,stand
4.959386458,4.098327484,8.772956543,-1.306333466,-0.01329374593,-0.009118149057,0.02701662481,phone,user4,stand
4.979452458,4.086951141,8.867410126,-1.278191986,-0.01597733982,6.688869325e-05,0.02725529298,phone,user4,stand
4.999519458,4.047433319,8.913514252,-1.313219147,-0.01420657989,0.008106521331,0.01716109551,phone,user4,stand
5.019585458,4.038302307,8.814869385,-1.322799225,-0.01713439822,0.01195838768,0.004683804233,phone,user4,stand
5.039652458,4.046235809,8.683592377,-1.379082184,-0.01528119016,0.0123632364,0.000957377255,phone,user4,stand
5.059718458,4.103416901,8.715027008,-1.418300629,-0.01454928145,0.002923188964,0.007747952826,phone,user4,stand
5.079785458,4.182602234,8.878936157,-1.344204712,-0.02170352265,-0.02180854231,0.01479062438,phone,user4,stand
5.099851458,4.181255035,8.856931915,-1.265318756,-0.01839708723,-0.02051375434,0.009958862327,phone,user4,stand
5.119918458,4.171076202,8.757388916,-1.274449768,-0.01850577258,-0.01232603006,0.01110526454,phone,user4,stand
5.139984458,4.143084412,8.7522995,-1.33267868,-0.01966816746,-0.009931253269,0.01566917449,phone,user4,stand
5.160051458,4.097279663,8.812773743,-1.357676697,-0.01743899845,-0.002357910853,0.02054963261,phone,user4,stand
5.180117458,4.109554138,8.822802887,-1.351389771,-0.01323232427,0.0007516479236,0.02364316955,phone,user4,stand
5.200184458,4.155059509,8.820557556,-1.297501831,-0.007024040446,0.001407418167,0.02076791786,phone,user4,stand
5.220250458,4.111799469,8.854836273,-1.280137939,-0.01494068652,-0.00361305871,0.02129132301,phone,user4,stand
5.240317458,4.098477173,8.81307312,-1.283880157,-0.02504717186,-0.002001712099,0.02289093472,phone,user4,stand
5.260383458,4.08829834,8.779393158,-1.338516541,-0.03487184271,-0.003566888161,0.0265710745,phone,user4,stand
5.2804505,4.080813904,8.780440979,-1.381626892,-0.04195042327,-0.01295648329,0.02744070627,phone,user4,stand
5.3005165,4.139940948,8.879085846,-1.298399963,-0.03677239269,-0.002873589983,0.02093962766,phone,user4,stand
5.3205835,4.122127991,8.857979736,-1.264570312,-0.02715109289,0.002618442522,0.01194924954,phone,user4,stand
5.3406495,4.144281921,8.77325592,-1.212478638,-0.01694552414,0.02601908334,0.003564493498,phone,user4,stand
5.3607165,4.189188538,8.761280823,-1.261127472,-0.005712501705,0.05402263626,-0.004617911763,phone,user4,stand
5.3807825,4.210444336,8.738677826,-1.351988525,-0.006906380877,0.05371013656,-0.003681460395,phone,user4,stand
5.4008495,4.244723053,8.711883545,-1.414558411,-0.01036898978,0.03317397833,0.008647254668,phone,user4,stand
5.4209155,4.268373871,8.696315918,-1.392105103,-0.00201471406,0.01110426988,0.02179329097,phone,user4,stand
5.4409815,4.28603714,8.74286911,-1.327589264,0.005652562715,-0.006248648744,0.03631344438,phone,user4,stand
5.4610485,4.277055817,8.812773743,-1.209784241,0.0009482089663,-0.01663905941,0.04768485948,phone,user4,stand
5.4811145,4.203408966,8.830287323,-1.124910736,-0.01676477306,0.003318896517,0.04953340068,phone,user4,stand
5.5011815,4.082610168,8.765621796,-1.172960815,-0.04440953955,0.02823346294,0.03302398697,phone,user4,stand
5.5212475,3.985761566,8.717272339,-1.214274902,-0.06165715307,0.04347069189,0.01290153898,phone,user4,stand
5.5413145,4.090393982,8.778644714,-1.298250275,-0.04585288092,0.05535146967,-0.01867628098,phone,user4,stand
5.5613805,4.206552429,8.771160278,-1.411414948,-0.01816895232,0.02815537155,-0.04242314771,phone,user4,stand
5.5814475,4.346212006,8.646619263,-1.368304596,0.009271265939,-0.001865583472,-0.04827246815,phone,user4,stand
5.6015135,4.428690491,8.586294708,-1.254990234,0.03596455976,-0.01243040897,-0.03435710818,phone,user4,stand
5.6215805,4.409829712,8.658145294,-1.175804901,0.04047602043,-0.02476824261,-0.01048022509,phone,user4,stand
5.6416465,4.315974884,8.750353546,-1.109343109,0.02700833231,-0.02366591245,0.003046902828,phone,user4,stand
5.6617135,4.221221924,8.810977478,-1.069675598,0.02037687786,0.004587780684,0.001453399193,phone,user4,stand
5.6817795,4.189487915,8.842112732,-1.125958557,0.02251995914,0.02210651338,-0.003515223507,phone,user4,stand
5.7018465,4.189487915,8.867859192,-1.187480621,0.02597967163,0.02678417042,-0.01081483997,phone,user4,stand
5.7219125,4.219425659,8.859326935,-1.237027588,0.0239276439,0.03096764162,-0.01856476627,phone,user4,stand
5.7419795,4.230203247,8.746012573,-1.219364319,0.01555821486,0.03465655819,-0.01780166291,phone,user4,stand
5.7620455,4.271217957,8.692723389,-1.185684357,0.007444287185,0.03377214074,-0.008754581213,phone,user4,stand
5.7821125,4.283342743,8.741072845,-1.189875641,0.003113554325,0.03864073008,-0.001148669748,phone,user4,stand
5.8021785,4.186943207,8.775800629,-1.262923737,-0.002311417367,0.03050291911,0.006948850118,phone,user4,stand
5.8222455,4.119134216,8.796158295,-1.309925995,-0.0004128499422,0.0107744867,0.0103438478,phone,user4,stand
5.8423115,4.059258728,8.779542847,-1.296154633,0.009012165479,-0.003063923446,0.006458402611,phone,user4,stand
5.8623785,4.013154602,8.818611603,-1.279539185,0.01546487771,-0.01095581613,0.000607799273,phone,user4,stand
5.8824445,4.075574799,8.884175262,-1.218166809,0.02123038098,-0.0003222634841,-0.01162837911,phone,user4,stand
5.9025115,4.126169586,8.874744873,-1.19586319,0.0240570344,0.01975709014,-0.01840956882,phone,user4,stand
5.9225775,4.146377563,8.827293549,-1.207089844,0.01713717915,0.025228085,-0.01987092011,phone,user4,stand
5.9426445,4.113296356,8.76981308,-1.213227081,0.009040322155,0.01616377011,-0.01219123043,phone,user4,stand
5.9627105,4.070186005,8.788075104,-1.214723969,0.006422474049,0.008635336533,-0.006843697745,phone,user4,stand
5.9827765,4.104764099,8.84465744,-1.238823853,0.005605545826,-0.01204129681,-0.004009389319,phone,user4,stand
6.0028435,4.113595734,8.833430786,-1.24151825,0.005056737922,-0.01511479169,-0.004821872339,phone,user4,stand
6.0229095,4.172722778,8.795858917,-1.226998444,0.007819285616,-0.001906412188,-0.007118886802,phone,user4,stand
6.0429765,4.196523285,8.789122925,-1.237326965,0.006437718868,0.003684843658,-0.008483893238,phone,user4,stand
6.0630425,4.188739471,8.795110474,-1.250050507,0.002483280608,0.01445058081,-0.009540794417,phone,user4,stand
6.0831095,4.200714569,8.77445343,-1.264121246,0.006146237254,0.01653794199,-0.009931945242,phone,user4,stand
6.1031755,4.209695892,8.736282806,-1.301992493,0.01124263369,-0.0001522293314,-0.001890292857,phone,user4,stand
6.1232425,4.216880951,8.757388916,-1.25903183,0.01302251965,-0.004264008254,0.002552953316,phone,user4,stand
6.1433085,4.198768616,8.801247711,-1.250499573,0.0212246161,0.004770108499,-0.0001187018352,phone,user4,stand
6.1633755,4.123774567,8.823102264,-1.285826111,0.01558460481,0.004173298366,-0.004833419807,phone,user4,stand
6.1834415,4.06015686,8.766370239,-1.293609924,0.01447042637,-0.001560267061,-0.01044057216,phone,user4,stand
6.2035085,4.064946899,8.752149811,-1.29645401,0.01665385999,-0.01077973936,-0.014566103,phone,user4,stand
6.2235745,4.121678925,8.771309967,-1.31636261,0.01814319193,-0.01036014967,-0.01395567786,phone,user4,stand
6.2436415,4.174219666,8.769513702,-1.309776306,0.01998063549,-0.008946661837,-0.01211499609,phone,user4,stand
6.2637075,4.17721344,8.825646973,-1.2859758,0.02137746289,-0.0087426994,-0.01102424692,phone,user4,stand
6.283774375,4.174668732,8.843759308,-1.267414398,0.01508501917,-0.01171290781,-0.008835371584,phone,user4,stand
6.303840375,4.165088654,8.823251953,-1.277892609,0.002640611259,-0.01213957556,-0.008674860001,phone,user4,stand
6.323907375,4.169429626,8.78029129,-1.276246033,-0.001017372357,0.003718287218,-0.007782367058,phone,user4,stand
6.343973375,4.207899628,8.761131134,-1.302142181,0.00844142586,0.0209297426,-0.01049339771,phone,user4,stand
6.364040375,4.192930756,8.782087555,-1.360520782,0.01594656333,0.01932221092,-0.007082289085,phone,user4,stand
6.384106375,4.183350677,8.794212341,-1.382375336,0.01325888745,0.001042115735,-0.0006705463165,phone,user4,stand
6.404173375,4.174369354,8.76861557,-1.339115295,0.008781922981,-0.01855450869,0.00709996745,phone,user4,stand
6.424239375,4.125570831,8.812174988,-1.314266968,0.001395258587,-0.02721107006,0.01435281057,phone,user4,stand
6.444306375,4.073329468,8.868907013,-1.277144165,-0.002340963576,-0.0188631881,0.01013884321,phone,user4,stand
6.464372375,4.088448029,8.867110748,-1.310674438,-0.009338379838,-0.006718852092,-0.001173561439,phone,user4,stand
6.484439375,4.093238068,8.784781952,-1.375040588,-0.01340523455,-0.0003889627114,-0.007227068767,phone,user4,stand
6.504505375,4.13275589,8.720715179,-1.399140472,-0.01083678566,-0.008874448948,-0.004970809445,phone,user4,stand
6.524572375,4.174369354,8.757837982,-1.371148682,-0.006858231965,-0.02620084025,0.004789559171,phone,user4,stand
6.544638375,4.169579315,8.816216583,-1.321152649,-0.007247693371,-0.0375973396,0.008228387684,phone,user4,stand
6.564704375,4.122577057,8.822353821,-1.310075684,-0.01452520676,-0.05280315503,0.009841841646,phone,user4,stand
6.584771375,4.088448029,8.791667633,-1.262175293,-0.02171427384,-0.03685341403,0.004600808956,phone,user4,stand
6.604837375,4.109105072,8.796158295,-1.265618134,-0.02093121223,-0.009324097075,0.0009888976347,phone,user4,stand
6.624904375,4.132306824,8.82250351,-1.357676697,-0.0180062633,0.0003564932267,-0.000961867976,phone,user4,stand
6.644970375,4.131708069,8.761131134,-1.394200745,-0.01397743262,-0.01310418826,0.00217453693,phone,user4,stand
6.665037375,4.185596008,8.744815063,-1.353335724,-0.006948127411,-0.03108006157,0.009065805934,phone,user4,stand
6.685103375,4.20176239,8.788374481,-1.293160858,-0.009064220823,-0.04080655798,0.01483524032,phone,user4,stand
6.705170375,4.195475464,8.812923431,-1.241218872,-0.01515807956,-0.02715889364,0.01648407988,phone,user4,stand
6.725236375,4.143383789,8.800948334,-1.260828094,-0.01830618829,-0.01016049646,0.01308101788,phone,user4,stand
6.745303375,4.110003204,8.790021057,-1.331630859,-0.01844849437,-0.001434524311,0.01259070169,phone,user4,stand
6.765369375,4.121529236,8.79436203,-1.364263,-0.01666596159,-0.006104926579,0.01385644637,phone,user4,stand
6.785436375,4.145479431,8.795858917,-1.338366852,-0.01127485093,-0.01321931463,0.0118523594,phone,user4,stand
6.805502375,4.173920288,8.778644714,-1.280437317,-0.00870604068,-0.01516100578,0.01357521582,phone,user4,stand
6.825569375,4.150718536,8.809779968,-1.270557861,-0.01592066884,-0.01100354176,0.01433492452,phone,user4,stand
6.845635375,4.103416901,8.815019073,-1.284029846,-0.02551655471,-0.002587205265,0.01174537651,phone,user4,stand
6.865702375,4.090244293,8.811127167,-1.296154633,-0.02361943573,-0.001854280126,0.005243049935,phone,user4,stand
6.885768375,4.142635345,8.800050201,-1.318009186,-0.01734365709,-0.009493851103,-0.0007708366029,phone,user4,stand
6.905835375,4.211641846,8.796607361,-1.284628601,-0.009046733379,-0.001709523611,-0.007532355841,phone,user4,stand
6.925901375,4.198469238,8.76861557,-1.243164825,-0.002434630878,0.005609958433,-0.01089137234,phone,user4,stand
6.945968375,4.201313324,8.757388916,-1.234183502,9.137764573e-05,0.01237651799,-0.01158166397,phone,user4,stand
6.966034375,4.177363129,8.712631989,-1.266665955,-0.001078240108,0.008403092623,-0.00755987782,phone,user4,stand
6.986101375,4.186494141,8.708740082,-1.287322998,-0.000420052791,-0.005633938126,-0.006736684591,phone,user4,stand
7.006167375,4.211342468,8.736282806,-1.258283386,0.004510350525,-0.008276717737,-0.008766518906,phone,user4,stand
7.026234375,4.228107605,8.755592651,-1.24376358,0.01713248156,-0.00358158187,-0.008100251667,phone,user4,stand
7.046300375,4.202061768,8.811576233,-1.266366577,0.02320625447,0.002534941304,-0.005047073588,phone,user4,stand
7.066367375,4.165687408,8.841364288,-1.253643036,0.02101701871,0.01067102235,-0.00596470153,phone,user4,stand
7.086433375,4.170028381,8.827293549,-1.245410156,0.01859580912,0.02966240793,-0.008805933408,phone,user4,stand
7.106500375,4.17841095,8.820258179,-1.282832336,0.01328532863,0.04515735805,-0.009510700591,phone,user4,stand
7.126566375,4.224365387,8.849896545,-1.348545685,0.008856629953,0.05434351787,-0.008515382186,phone,user4,stand
7.146633375,4.21463562,8.806935883,-1.452429657,0.0008936885279,0.03585882857,0.002476947848,phone,user4,stand
7.166699375,4.116888885,8.764424286,-1.502126312,-0.009841611609,-0.004179461394,0.01594383083,phone,user4,stand
7.186766375,4.031716003,8.74990448,-1.453178101,-0.01464298461,-0.03799071535,0.02376613393,phone,user4,stand
7.206832375,3.988006897,8.790170746,-1.33971405,-0.02162744291,-0.0505287759,0.02053309232,phone,user4,stand
7.226898375,4.044439545,8.872499542,-1.272952881,-0.02448730543,-0.04119672626,0.01160423923,phone,user4,stand
7.246965375,4.13275589,8.853040009,-1.288370819,-0.02762639709,-0.028505411,9.706243873e-06,phone,user4,stand
7.267031458,4.142934723,8.811426544,-1.335223389,-0.02911570668,-0.01621410064,-0.007044681348,phone,user4,stand
7.287098458,4.170627136,8.747210083,-1.343007202,-0.02555687726,-0.01873933151,-0.007192418911,phone,user4,stand
7.307164458,4.222419434,8.723858643,-1.272803192,-0.01684170589,-0.03001683578,-0.001428519841,phone,user4,stand
7.327231458,4.255949707,8.784482574,-1.23672821,-0.007147367112,-0.03519744053,0.002371940296,phone,user4,stand
7.347297458,4.229454803,8.791817322,-1.23672821,-0.007896050811,-0.03179975972,0.006833327468,phone,user4,stand
7.367364458,4.188140717,8.805438995,-1.248254242,-0.01155303791,-0.02208068036,0.008566665463,phone,user4,stand
7.387430458,4.132606201,8.857380981,-1.303938446,-0.02069384791,-0.02479148842,0.01219835225,phone,user4,stand
7.407497458,4.057013397,8.875643005,-1.307081909,-0.03033640236,-0.03679459915,0.0123647321,phone,user4,stand
7.427563458,4.102518768,8.802445221,-1.207688599,-0.03200889751,-0.0314556621,0.00810385216,phone,user4,stand
7.447630458,4.241429901,8.721763,-1.209035797,-0.03158604354,-0.01178129669,0.009675366804,phone,user4,stand
7.467696458,4.358636169,8.736432495,-1.229842529,-0.03930808976,0.008581666276,0.02030507103,phone,user4,stand
7.487763458,4.356989594,8.775351563,-1.312171326,-0.05043871701,0.002490384039,0.03924063966,phone,user4,stand
7.507829458,4.202510834,8.791368256,-1.315314789,-0.05859226733,-0.02115628123,0.05148808658,phone,user4,stand
7.527896458,4.051025848,8.8305867,-1.262025604,-0.05377217382,-0.03563055024,0.04889857769,phone,user4,stand
7.547962458,3.960913239,8.886420593,-1.187779999,-0.04346302897,-0.04289069772,0.03986749426,phone,user4,stand
7.568029458,3.920497284,8.906478882,-1.138083344,-0.03618707508,-0.03849947453,0.02347115986,phone,user4,stand
7.588095458,4.031266937,8.899593201,-1.141526184,-0.0407054387,-0.03166413307,0.01001895964,phone,user4,stand
7.608162458,4.146078186,8.801547089,-1.182391205,-0.05429086089,-0.03954480588,0.006664758548,phone,user4,stand
7.628228458,4.204456787,8.743916931,-1.172062683,-0.06594108045,-0.04060708731,0.008545653895,phone,user4,stand
7.648295458,4.274810486,8.738677826,-1.146316223,-0.05704643577,-0.02482490055,0.01096613519,phone,user4,stand
7.668361458,4.305496674,8.736133118,-1.190773773,-0.04343480617,-0.02165404335,0.01595959999,phone,user4,stand
7.688428458,4.33049469,8.707991638,-1.223405914,-0.03649750724,-0.03191599622,0.02435163036,phone,user4,stand
7.708494458,4.342020721,8.702303467,-1.197509766,-0.0342618078,-0.04271120206,0.02930619381,phone,user4,stand
7.728561458,4.32465683,8.750952301,-1.14901062,-0.03160474449,-0.03391682729,0.03192512691,phone,user4,stand
7.748627458,4.299509125,8.805588684,-1.136436768,-0.03104497865,-0.02051101439,0.0299505163,phone,user4,stand
7.768694458,4.228406982,8.830736389,-1.144969025,-0.03612897173,-0.02624149807,0.02887371741,phone,user4,stand
7.788760458,4.176165619,8.812624054,-1.107097778,-0.04671760276,-0.04400951043,0.028342871,phone,user4,stand
7.808827458,4.162993011,8.812324677,-1.057550812,-0.05088678375,-0.04408594593,0.02976313606,phone,user4,stand
7.828893458,4.135899353,8.769214325,-1.082548828,-0.06333106756,-0.04993751273,0.03116735257,phone,user4,stand
7.848959458,4.145479431,8.687633972,-1.130598907,-0.0648092553,-0.04668226093,0.02668452077,phone,user4,stand
7.869026458,4.216880951,8.689280548,-1.195114746,-0.04479635507,-0.03603930771,0.01449652296,phone,user4,stand
7.889092458,4.254303131,8.724457397,-1.261576538,-0.02546165511,-0.03199304268,0.005335614085,phone,user4,stand
7.909159458,4.28139679,8.73942627,-1.244362335,-0.001028291415,-0.03427090868,-0.001886128448,phone,user4,stand
7.929225458,4.261338501,8.6925737,-1.194965057,0.02359301783,-0.03366047144,-0.003327049315,phone,user4,stand
7.949292458,4.254303131,8.687783661,-1.188977509,0.03420072049,-0.02176460437,-0.004195192829,phone,user4,stand
7.969358458,4.263434143,8.737929382,-1.232387238,0.02789530903,-0.004189108964,-0.0040315222,phone,user4,stand
7.989425458,4.238885193,8.743916931,-1.299896851,0.01898998767,-0.007959530689,0.006917778403,phone,user4,stand
8.009491458,4.18185379,8.79316452,-1.315763855,0.01351051033,-0.03962832689,0.01580449939,phone,user4,stand
8.029558458,4.073479156,8.844507751,-1.279090118,0.007841123268,-0.06573359668,0.0150961373,phone,user4,stand
8.049624458,4.046535187,8.848549347,-1.220861206,-0.008472506888,-0.06938757747,0.003184645902,phone,user4,stand
8.069691458,4.137246552,8.806786194,-1.130149841,-0.02331811003,-0.04603216797,-0.008088725619,phone,user4,stand
8.089757458,4.292473755,8.776998138,-1.085392914,-0.0277811978,-0.01222140901,-0.0163754914,phone,user4,stand
8.109824458,4.377197571,8.729397125,-1.150806885,-0.02341346815,0.003633761778,-0.01803012379,phone,user4,stand
8.129890458,4.401297455,8.682843933,-1.209185486,-0.01603721641,-0.008050714619,-0.01513497345,phone,user4,stand
8.149957458,4.423152008,8.631500702,-1.209634552,-0.005273011513,-0.009307277389,-0.0100714853,phone,user4,stand
8.170023458,4.442910919,8.630303192,-1.154399414,0.01188512333,0.014712587,-0.007190422621,phone,user4,stand
8.190090458,4.4206073,8.663683777,-1.154998169,0.03303954378,0.0374382101,-0.00210797973,phone,user4,stand
8.210156458,4.320465546,8.742719421,-1.194366302,0.04069743678,0.03910215199,0.005346333608,phone,user4,stand
8.230223458,4.238286438,8.785081329,-1.225950623,0.03629938513,0.02542621829,0.006340831984,phone,user4,stand
8.250289458,4.141886902,8.825347595,-1.210532684,0.02376677655,0.01184412092,0.003402767936,phone,user4,stand
8.270356208,4.137246552,8.823850708,-1.185684357,0.01340385713,0.02172649652,-0.009011272341,phone,user4,stand
8.290422208,4.205953674,8.793463898,-1.135838013,0.01683718339,0.04815333337,-0.02127398923,phone,user4,stand
8.310489208,4.264481964,8.766669617,-1.202748871,0.01933690161,0.05828086287,-0.02504737489,phone,user4,stand
8.330555208,4.283043365,8.721613312,-1.249152374,0.01721818745,0.04994398355,-0.02270349674,phone,user4,stand
8.350622208,4.303700409,8.688681793,-1.247056732,0.02157925628,0.03606237471,-0.01808707789,phone,user4,stand
8.370688208,4.288581848,8.722361755,-1.220112762,0.02206502855,0.0249076169,-0.01339530386,phone,user4,stand
8.390755208,4.244573364,8.741970978,-1.191522217,0.03028958663,0.02389566414,-0.01092774887,phone,user4,stand
8.410821208,4.205205231,8.765023041,-1.197360077,0.03688229248,0.02522554435,-0.01226522774,phone,user4,stand
8.430888208,4.167483673,8.78029129,-1.209185486,0.03246570006,0.0290182326,-0.01621272601,phone,user4,stand
8.450954208,4.167932739,8.804091797,-1.193617859,0.03284268081,0.03914424777,-0.02184819989,phone,user4,stand
8.471021208,4.177662506,8.782985687,-1.205742645,0.03027138487,0.0385950692,-0.02787088789,phone,user4,stand
8.491087208,4.185596008,8.761131134,-1.245859222,0.02835566923,0.02284563892,-0.02473672479,phone,user4,stand
8.511154208,4.204756165,8.756490784,-1.20753891,0.02766135707,0.01631388813,-0.02666856349,phone,user4,stand
8.531220208,4.253404999,8.777447205,-1.195414124,0.03043434396,0.02680813894,-0.0246206671,phone,user4,stand
8.551287208,4.246369629,8.80259491,-1.215622101,0.0291255191,0.03188328445,-0.02180702798,phone,user4,stand
8.571353208,4.210444336,8.803642731,-1.217418365,0.02509417012,0.03844314069,-0.02184203267,phone,user4,stand
8.591419208,4.184697876,8.771309967,-1.236428833,0.02714482322,0.03866575658,-0.02375612035,phone,user4,stand
8.611486208,4.181554413,8.751700745,-1.249002686,0.02601908892,0.03287002817,-0.02346512116,phone,user4,stand
8.631552208,4.199816437,8.758436737,-1.216370544,0.03119770065,0.03227087855,-0.02187449299,phone,user4,stand
8.651619208,4.237687683,8.799301758,-1.20753891,0.03276162222,0.03381325305,-0.02122078836,phone,user4,stand
8.671685208,4.238286438,8.805738373,-1.180894318,0.03207145259,0.03805188835,-0.02146006562,phone,user4,stand
8.691752208,4.227808228,8.801696777,-1.191073151,0.02425321564,0.04939393699,-0.02043466456,phone,user4,stand
8.711818208,4.205354919,8.780740356,-1.219813385,0.01940204948,0.05280259624,-0.02003906295,phone,user4,stand
8.731885208,4.184548187,8.785231018,-1.24032074,0.02310851961,0.04927696288,-0.01624555886,phone,user4,stand
8.751951208,4.173022156,8.785380707,-1.268462219,0.02256205864,0.04271360114,-0.01227091812,phone,user4,stand
8.772018208,4.169279938,8.798703003,-1.274000702,0.0202877,0.0381071344,-0.008960748091,phone,user4,stand
8.792084208,4.168681183,8.827443237,-1.254241791,0.01804071479,0.02983563766,-0.008157481439,phone,user4,stand
8.812151208,4.103716278,8.822054443,-1.241069183,0.01019635238,0.01916179433,-0.005104785785,phone,user4,stand
8.832217208,4.091591492,8.814869385,-1.228794708,0.004837439395,0.01798088662,-0.007892772555,phone,user4,stand
8.852284208,4.101920013,8.810378723,-1.208137665,0.002058069222,0.02163406648,-0.006407556124,phone,user4,stand
8.872350208,4.124972076,8.831484833,-1.220112762,-0.003215812147,0.0232035704,-0.008063596673,phone,user4,stand
8.892417208,4.13739624,8.826844482,-1.227746887,-0.002207903424,0.01749733835,-0.006362931803,phone,user4,stand
8.912483208,4.175117798,8.798852692,-1.20873642,-0.0009322050028,0.01531653386,-0.007588611916,phone,user4,stand
8.932550208,4.161346436,8.795709229,-1.226998444,-0.004693387076,0.007971801795,-0.005214137025,phone,user4,stand
8.952616208,4.152514801,8.805289307,-1.192120972,-0.01066885889,0.0004271806683,-0.0001364626223,phone,user4,stand
8.972683208,4.137096863,8.812025299,-1.163680115,-0.01073573995,-0.008450705558,0.003935180139,phone,user4,stand
8.992749208,4.134851532,8.842112732,-1.160237274,-0.01440869085,-0.009107271209,0.009135639295,phone,user4,stand
9.012816208,4.141288147,8.818162537,-1.167122955,-0.01605358161,-0.006870893296,0.01015332993,phone,user4,stand
9.032882208,4.14562912,8.806636505,-1.17595459,-0.01738828234,-0.01246621367,0.01006858423,phone,user4,stand
9.052949208,4.128564606,8.805888062,-1.190324707,-0.0158797279,-0.01478837151,0.006601509638,phone,user4,stand
9.073015208,4.148173828,8.79436203,-1.18882782,-0.01434489898,-0.01041742507,0.00346826273,phone,user4,stand
9.093082208,4.192182312,8.791368256,-1.165476379,-0.01093382109,-0.001373799751,0.001832472626,phone,user4,stand
9.113148208,4.207749939,8.825497284,-1.187480621,-0.00726132188,-7.657392416e-05,0.001858039061,phone,user4,stand
9.133215208,4.182751923,8.799900513,-1.216969299,-0.009380126372,-0.00888580922,0.007174163125,phone,user4,stand
9.153281208,4.15730484,8.785979462,-1.208287354,-0.01061386056,-0.01580889337,0.007740544155,phone,user4,stand
9.173348208,4.160448303,8.787476349,-1.22864502,-0.006691190414,-0.01531303208,0.008992312476,phone,user4,stand
9.193414208,4.148024139,8.797505493,-1.221310272,-0.00536953751,-0.01258212607,0.006187635474,phone,user4,stand
9.213481208,4.133204956,8.783434753,-1.216370544,-0.002055692021,-0.01412925683,0.004008472431,phone,user4,stand
9.233547208,4.150119781,8.781189423,-1.216220856,-0.003004961647,-0.01685328037,0.001231159782,phone,user4,stand
9.253614208,4.164190521,8.772806854,-1.203497314,-0.005771961994,-0.01615438424,0.001183736138,phone,user4,stand
9.273680583,4.168681183,8.777297516,-1.228495331,-0.005032934248,-0.01898505911,0.001817568438,phone,user4,stand
9.293746583,4.177662506,8.794960785,-1.232686615,-0.002456737449,-0.01873715967,0.004177405499,phone,user4,stand
9.313813583,4.196223907,8.779393158,-1.221459961,0.001589523861,-0.02244272269,-0.001783005893,phone,user4,stand
9.333879583,4.196373596,8.761280823,-1.193617859,0.004489656072,-0.0132129034,-0.004772898741,phone,user4,stand
9.353946583,4.235442352,8.795260162,-1.196162567,0.002195437672,-0.004769742489,-0.002062571002,phone,user4,stand
9.374012583,4.215982819,8.783584442,-1.230590973,0.0007864841027,-0.01122030523,0.0009195411112,phone,user4,stand
9.394079583,4.197720795,8.758736115,-1.209784241,0.002025919268,-0.01091963425,0.001360560535,phone,user4,stand
9.414145583,4.18888916,8.765771484,-1.197509766,0.00500131771,-0.004749319516,0.004206528887,phone,user4,stand
9.434212583,4.198618927,8.792116699,-1.196611633,0.006722492166,-7.022847421e-05,0.001331665087,phone,user4,stand
9.454278583,4.203858032,8.791667633,-1.233135681,0.005046618171,0.003804038046,0.002030174946,phone,user4,stand
9.474345583,4.20176239,8.773405609,-1.255139923,0.001143565285,-0.0006929935771,0.00136938761,phone,user4,stand
9.494411583,4.168232117,8.791517944,-1.241667938,-5.311402492e-05,-0.00269298628,0.0009371468332,phone,user4,stand
9.514478583,4.138144684,8.798852692,-1.245110779,0.001110833022,-0.003071113955,-0.003196887672,phone,user4,stand
9.534544583,4.172124023,8.781788177,-1.244062958,0.005087670404,0.002536614425,-0.005714232568,phone,user4,stand
9.554611583,4.184997253,8.753946075,-1.231788483,0.00645971857,0.0006457982818,-0.00201582443,phone,user4,stand
9.574677583,4.20999527,8.77101059,-1.220262451,0.005022335332,0.001634300919,-0.002051560441,phone,user4,stand
9.594744583,4.236490173,8.763376465,-1.223555603,0.006517867558,0.002684137551,-0.0003072721884,phone,user4,stand
9.614810583,4.219575348,8.793613586,-1.228046265,0.007148754317,-8.867360884e-05,-0.002314928453,phone,user4,stand
9.634877583,4.179009705,8.798403625,-1.195713501,0.007691715844,-0.001785126282,-0.002773144282,phone,user4,stand
9.654943583,4.176914062,8.78972168,-1.18298996,0.008435502648,0.007210910786,-0.001952233026,phone,user4,stand
9.675010583,4.212989044,8.784332886,-1.186133423,0.005233115517,0.02329436317,-0.003291943111,phone,user4,stand
9.695076583,4.221371613,8.776399384,-1.213227081,0.005226820242,0.02686199546,0.002331243595,phone,user4,stand
9.715143583,4.226011963,8.779542847,-1.257085876,0.006959566381,0.01879923232,0.00346055883,phone,user4,stand
9.735209583,4.192930756,8.792416077,-1.260678406,0.002683379455,0.003616184928,0.005473071709,phone,user4,stand
9.755276583,4.140839081,8.781788177,-1.23089035,0.0007300251164,-0.006699323189,0.006239471957,phone,user4,stand
9.775342583,4.162843323,8.784632263,-1.192869415,0.004136108328,-0.00192087586,0.005548723973,phone,user4,stand
9.795409583,4.1432341,8.794811096,-1.204395447,0.005182798952,0.01370101981,0.00280997646,phone,user4,stand
9.815475583,4.178261261,8.811576233,-1.201551361,0.007054354995,0.02570225112,-0.003572935704,phone,user4,stand
9.835542583,4.195026398,8.803493042,-1.235530701,0.0110697709,0.0266344808,-0.004047806375,phone,user4,stand
9.855608583,4.202510834,8.753796387,-1.275647278,0.009947899729,0.02189063095,-0.001723816968,phone,user4,stand
9.875675583,4.17841095,8.774603119,-1.269959106,0.009662649594,0.008302138187,0.004721370526,phone,user4,stand
9.895741583,4.151167603,8.794661407,-1.257684631,0.008769575506,0.005343491212,0.005033858586,phone,user4,stand
9.915808583,4.137695618,8.812923431,-1.236428833,0.00854237657,0.009527047165,-0.001952554565,phone,user4,stand
9.935874583,4.138144684,8.817863159,-1.218316498,0.008519164287,0.01152071357,-0.002140639583,phone,user4,stand
9.955940583,4.111350403,8.804091797,-1.231638794,0.004521721043,0.01078220922,-0.003953864798,phone,user4,stand
9.976007583,4.117038574,8.797804871,-1.236428833,0.001932797139,0.01072835736,-0.005766724236,phone,user4,stand
9.996073583,4.151317291,8.816366272,-1.240769806,0.003900760552,0.00776289124,-0.006869120523,phone,user4,stand
10.01614058,4.148473206,8.806486816,-1.260379028,0.001540899626,0.001128684962,-0.00753851654,phone,user4,stand
10.03620658,4.14098877,8.776399384,-1.247655487,0.002710398287,-0.004141910933,-0.009557800367,phone,user4,stand
10.05627358,4.185745697,8.762178955,-1.22744751,0.00310943462,-0.004561749287,-0.006676764227,phone,user4,stand
10.07633958,4.189787292,8.796307983,-1.230590973,0.001039384748,-0.006180335768,-0.003080450231,phone,user4,stand
10.09640658,4.167184296,8.821605377,-1.238524475,-0.001699118176,-0.004524299409,-0.0009185150266,phone,user4,stand
10.11647258,4.152065735,8.833879852,-1.242865448,-0.001357605914,-0.005112982355,-0.002589087468,phone,user4,stand
10.13653958,4.143982544,8.779093781,-1.254541168,-0.004525214434,-0.004200294614,-0.005311171524,phone,user4,stand
10.15660558,4.173471222,8.772208099,-1.224154358,-0.001285486855,-0.003571178298,-0.006030120887,phone,user4,stand
10.17667258,4.183650055,8.778794403,-1.233884125,-0.001052236417,-0.003976487555,-0.004207518883,phone,user4,stand
10.19673858,4.197271729,8.781638489,-1.227597198,0.001550060115,-7.481232751e-05,-0.003615062684,phone,user4,stand
10.21680558,4.208049316,8.779842224,-1.231938171,-0.0003553128336,0.00141366804,0.000943319872,phone,user4,stand
10.23687158,4.219575348,8.783285065,-1.254391479,-0.001526622334,5.315913586e-05,0.0005896897055,phone,user4,stand
10.25693858,4.183799744,8.779393158,-1.239572296,-0.0005465021823,0.001708029886,0.002025077119,phone,user4,stand
10.27700471,4.203558655,8.779692535,-1.229243774,0.00500686653,0.006700350903,-0.001656061155,phone,user4,stand
10.29707171,4.197421417,8.769663391,-1.228195953,0.00907014031,0.01116386615,-0.002127787564,phone,user4,stand
10.31713771,4.172124023,8.754694519,-1.204994202,0.01210781652,0.007770691533,-0.0007384193595,phone,user4,stand
10.33720471,4.179309082,8.763675842,-1.207089844,0.01273015514,0.005485723726,-0.002540646354,phone,user4,stand
10.35727071,4.210444336,8.791218567,-1.184786224,0.01399755292,0.0164185334,-0.005025109276,phone,user4,stand
10.37733771,4.215384064,8.80484024,-1.219064941,0.01336439885,0.02796550654,-0.003825098509,phone,user4,stand
10.39740371,4.18424881,8.804391174,-1.250200195,0.0129677346,0.02719323151,-0.002575553022,phone,user4,stand
10.41747071,4.177512817,8.800050201,-1.252146149,0.01231309306,0.0265708454,0.001613188768,phone,user4,stand
10.43753671,4.161496124,8.801996155,-1.283880157,0.01152855996,0.01967158541,0.004709949251,phone,user4,stand
10.45760371,4.110452271,8.811576233,-1.272354126,0.007232083939,0.00621657772,0.007636870723,phone,user4,stand
10.47766971,4.065845032,8.831335144,-1.246008911,0.006474938244,-0.005582214799,0.008271604776,phone,user4,stand
10.49773671,4.032913513,8.842262421,-1.232985992,0.0009716431377,-0.01430954784,0.00794173032,phone,user4,stand
10.51780271,4.058360596,8.837173004,-1.228944397,-0.004134483635,-0.015268947,0.002300742548,phone,user4,stand
10.53786971,4.095184021,8.810678101,-1.248254242,-0.007462031208,-0.009706503712,-0.001893634908,phone,user4,stand
10.55793571,4.145030365,8.798852692,-1.250948639,-0.006471486762,-0.009566036984,-0.002697156044,phone,user4,stand
10.57800271,4.197271729,8.785380707,-1.271306305,-0.008493890986,-0.01220815908,-0.005925706122,phone,user4,stand
10.59806871,4.214186554,8.769962769,-1.26367218,-0.008436793461,-0.01546921488,-0.001404905226,phone,user4,stand
10.61813571,4.228406982,8.749156036,-1.260977783,-0.00600777287,-0.02080954984,0.003889498301,phone,user4,stand
10.63820171,4.241429901,8.757388916,-1.236428833,-0.003189082723,-0.01722813025,0.005734536331,phone,user4,stand
10.65826771,4.216132507,8.780141602,-1.219963074,0.0007648544852,-0.01021425053,0.006852672901,phone,user4,stand
10.67833471,4.177662506,8.781788177,-1.236578522,-0.003833479248,-0.004061507992,0.006518171169,phone,user4,stand
10.69840071,4.175117798,8.775052185,-1.247505798,-0.007243286818,-0.002956230193,0.001373934094,phone,user4,stand
10.71846771,4.174968109,8.764723663,-1.230291595,-0.004996511154,-0.00861744117,-0.002370432252,phone,user4,stand
10.73853371,4.212240601,8.747808838,-1.239572296,-0.001184279099,-0.003311331151,-0.00440516416,phone,user4,stand
10.75860071,4.24502243,8.721763,-1.25199646,0.005059331656,0.0007115163608,-0.007319431752,phone,user4,stand
10.77866671,4.259542236,8.727900238,-1.240919495,0.008562091738,0.003857099451,-0.004807567224,phone,user4,stand
10.79873371,4.262985077,8.740025024,-1.241817627,0.008935803548,0.003525063628,-0.001299870084,phone,user4,stand
10.81879971,4.254602509,8.768016815,-1.25199646,0.01066918019,0.0008239415474,-0.001252089394,phone,user4,stand
10.83886671,4.196223907,8.777297516,-1.235830078,0.01231903117,0.005816384219,-0.003054803237,phone,user4,stand
10.85893271,4.193080444,8.784033508,-1.216370544,0.01559029426,0.01304736082,-0.00309035182,phone,user4,stand
10.87899971,4.187541962,8.791068878,-1.252295837,0.01306301169,0.02196855284,-0.004518454894,phone,user4,stand
10.89906571,4.191583557,8.783285065,-1.291214905,0.009084235877,0.0175504759,-0.002065234119,phone,user4,stand
10.91913271,4.179608459,8.787176971,-1.294208679,0.006507507525,0.006642477121,-0.0004598902306,phone,user4,stand
10.93919871,4.162394257,8.807534637,-1.263821869,0.005605761427,-0.002808016259,-0.001180275343,phone,user4,stand
10.95926571,4.1830513,8.805738373,-1.227597198,0.005562161095,0.001723866328,-0.00549731683,phone,user4,stand
10.97933171,4.192631378,8.769513702,-1.239422607,0.005020226352,0.009996603243,-0.008124706335,phone,user4,stand
10.99939871,4.217779083,8.753646698,-1.280437317,0.003811976407,0.01510329731,-0.00645625405,phone,user4,stand
11.01946471,4.21927597,8.765771484,-1.275946655,0.006021162029,0.01373510808,-0.003511835355,phone,user4,stand
11.03953171,4.203858032,8.781339111,-1.280736694,0.009804401547,0.008182403632,0.001414065482,phone,user4,stand
11.05959771,4.168381805,8.791368256,-1.262774048,0.00787265785,0.002435106086,-0.0007229269249,phone,user4,stand
11.07966471,4.162693634,8.80019989,-1.253343658,0.008294582367,0.002332292497,-0.00201355014,phone,user4,stand
11.09973071,4.123624878,8.799601135,-1.256786499,0.006750058383,0.0007386303041,-0.004029346164,phone,user4,stand
11.11979771,4.113446045,8.813222809,-1.274150391,0.003173693083,-0.003142036498,-0.005144437775,phone,user4,stand
11.13986371,4.130061493,8.820856934,-1.267414398,-0.002107475186,-0.004109023139,-0.00511390157,phone,user4,stand
11.15993071,4.161196747,8.8305867,-1.267414398,-0.006958375685,-0.007704359014,-0.006613485981,phone,user4,stand
11.17999671,4.164789276,8.780440979,-1.24960144,-0.00834679231,-0.006179154385,-0.006028209813,phone,user4,stand
11.20006371,4.181704102,8.758586426,-1.25079895,-0.004634575918,-0.00664075464,-0.004308036994,phone,user4,stand
11.22012971,4.197421417,8.790470123,-1.248254242,-0.004183651879,-0.002010602504,-0.001834956929,phone,user4,stand
11.24019671,4.180057526,8.829389191,-1.266965332,-0.005510565825,-0.005960483104,0.001139889471,phone,user4,stand
11.26026271,4.158652039,8.807384949,-1.237776031,-0.005138736218,-0.005220490973,0.004193698987,phone,user4,stand
11.28032971,4.171824646,8.795709229,-1.221310272,-0.006424176041,0.004993855488,-0.001156012295,phone,user4,stand
11.30039571,4.148473206,8.792865143,-1.231189728,-0.008369366638,0.007910123095,8.866377175e-05,phone,user4,stand
11.32046271,4.136348419,8.783584442,-1.272653503,-0.01066046581,0.0005098912516,-0.001288371393,phone,user4,stand
11.34052871,4.142485657,8.770262146,-1.2859758,-0.00745290285,-0.008656810038,-0.005388611928,phone,user4,stand
11.36059471,4.130510559,8.770112457,-1.282083893,-0.004029867239,-0.01501512527,-0.005998000503,phone,user4,stand
11.38066171,4.119732971,8.796457672,-1.254690857,0.00244781049,-0.01401611324,-0.008808919229,phone,user4,stand
11.40072771,4.148323517,8.794212341,-1.232387238,0.004982173443,-0.009852197953,-0.01019117609,phone,user4,stand
11.42079471,4.148024139,8.815019073,-1.245559845,0.002131838817,-0.01144505665,-0.00846218504,phone,user4,stand
11.44086071,4.153562622,8.810827789,-1.263821869,-0.0002462284174,-0.009378592484,-0.01020060293,phone,user4,stand
11.46092771,4.154311066,8.833580475,-1.276844788,0.000899934792,-0.004565864801,-0.006186039187,phone,user4,stand
11.48099371,4.131259003,8.832682343,-1.284628601,-0.001650779508,-0.01081803162,-0.005140330642,phone,user4,stand
11.50106071,4.104315033,8.806935883,-1.28941864,-0.004624937661,-0.02197259292,-0.0003707509022,phone,user4,stand
11.52112671,4.111500092,8.801098022,-1.264121246,-0.01144752465,-0.02403953485,7.886718959e-05,phone,user4,stand
11.54119371,4.126618652,8.81771347,-1.279539185,-0.01660040766,-0.02345571294,0.00074097584,phone,user4,stand
11.56125971,4.129013672,8.824000397,-1.282982025,-0.01939439774,-0.02714025229,-0.00392146688,phone,user4,stand
11.58132671,4.12691803,8.791517944,-1.276695099,-0.02041247301,-0.03315057606,-0.005084773526,phone,user4,stand
11.60139271,4.129612427,8.778345337,-1.245559845,-0.02025503665,-0.04075392336,-0.004247942474,phone,user4,stand
11.62145971,4.174369354,8.783734131,-1.230441284,-0.01477350481,-0.0329153426,-0.006131026428,phone,user4,stand
11.64152571,4.256548462,8.775052185,-1.238374786,-0.008220255375,-0.009550790302,-0.01116860658,phone,user4,stand
11.66159271,4.255949707,8.770561523,-1.282233582,-0.005313098431,-0.004070291296,-0.006602548063,phone,user4,stand
11.68165871,4.227059784,8.75813736,-1.274150391,-0.003416495631,-0.007210754324,-0.0008950507035,phone,user4,stand
11.70172571,4.205953674,8.765621796,-1.247505798,-0.004165059887,-0.007853291929,0.003177576233,phone,user4,stand
11.72179171,4.176614685,8.801547089,-1.255588989,-0.00210476853,-0.0005606163759,0.00404405687,phone,user4,stand
11.74185871,4.142186279,8.824449463,-1.251098328,0.002545913681,0.004952580202,-0.000155853224,phone,user4,stand
11.76192471,4.097129974,8.809779968,-1.271306305,-0.001263691578,0.006920635235,-0.001211729017,phone,user4,stand
11.78199171,4.083807678,8.795709229,-1.278491364,-0.004203335382,0.00230646343,-0.001386766206,phone,user4,stand
11.80205771,4.088747406,8.790769501,-1.268761597,-0.007773919031,-0.001909225015,-0.002177031245,phone,user4,stand
11.82212471,4.124223633,8.823551331,-1.257684631,-0.005628345534,-0.00283638807,-0.002486317884,phone,user4,stand
11.84219071,4.130211182,8.828640747,-1.263372803,-0.005380355753,-0.003408536548,-0.001491133007,phone,user4,stand
11.86225771,4.10820694,8.809031525,-1.280736694,-0.006847008131,-0.00476638088,-0.000482289237,phone,user4,stand
11.88232371,4.078418884,8.826245728,-1.289718018,-0.009389632381,-0.01012632437,-0.005553937983,phone,user4,stand
11.90239071,4.077969818,8.819509735,-1.284179535,-0.0092467824,-0.0152400611,-0.006052823272,phone,user4,stand
11.92245671,4.107907562,8.823102264,-1.272803192,-0.008224442601,-0.02110032551,-0.006060880143,phone,user4,stand
11.94252271,4.127666473,8.812773743,-1.274000702,-0.007898593321,-0.03017980047,-0.005505887326,phone,user4,stand
11.96258971,4.103117523,8.820707245,-1.258433075,-0.009310389869,-0.03926818818,-0.003301711753,phone,user4,stand
11.98265571,4.103416901,8.841364288,-1.211281128,-0.01333013363,-0.03366515785,-0.001370511134,phone,user4,stand
12.00272271,4.125570831,8.82714386,-1.199455719,-0.01381579693,-0.01818113215,-0.003571851179,phone,user4,stand
12.02278871,4.140839081,8.812324677,-1.221310272,-0.01527675055,-0.01019870583,-0.003764514113,phone,user4,stand
12.04285571,4.158053284,8.796307983,-1.259929962,-0.01196795143,-0.009270420298,-0.002244275063,phone,user4,stand
12.06292171,4.157005463,8.794511719,-1.276695099,-0.01094215084,-0.01296572108,0.0005462237168,phone,user4,stand
12.08298871,4.162993011,8.804540863,-1.276695099,-0.008178854361,-0.01607850567,0.004870291799,phone,user4,stand
12.10305471,4.14562912,8.792116699,-1.265917511,-0.008247127756,-0.01962296851,0.007005159743,phone,user4,stand
12.12312171,4.111799469,8.811426544,-1.23792572,-0.01089891326,-0.01684420556,0.005995079409,phone,user4,stand
12.14318771,4.084556122,8.798253937,-1.23328537,-0.0144820353,-0.015369948,0.006655884441,phone,user4,stand
12.16325471,4.088597717,8.825197906,-1.252744904,-0.013636522,-0.01221327763,0.00365550234,phone,user4,stand
12.18332071,4.115841064,8.820707245,-1.266965332,-0.0114596989,-0.009688311256,-0.001959307119,phone,user4,stand
12.20338771,4.130809937,8.794661407,-1.255439301,-0.007073085755,-0.009742947295,-0.003287948435,phone,user4,stand
12.22345371,4.16194519,8.804989929,-1.235381012,-0.006280433852,-0.008063682355,-0.003015744733,phone,user4,stand
12.24352071,4.185895386,8.785380707,-1.231189728,-0.00708935596,-0.00789160002,0.001206687652,phone,user4,stand
12.26358671,4.168381805,8.801247711,-1.25319397,-0.005283983424,-0.01014527492,0.007551220711,phone,user4,stand
12.283654,4.108656006,8.814869385,-1.245709534,-0.009299552068,-0.01237983443,0.009078313597,phone,user4,stand
12.30372,4.132606201,8.825347595,-1.237626343,-0.009678507224,-0.008563598618,0.008714956231,phone,user4,stand
12.323787,4.120631104,8.829688568,-1.245410156,-0.01035623997,-0.006658664439,0.004865688737,phone,user4,stand
12.343853,4.113745422,8.818611603,-1.239572296,-0.01121564209,-0.006044805981,0.001858979929,phone,user4,stand
12.36392,4.13036087,8.798403625,-1.23208786,-0.01231218502,-0.001162923407,0.001660299022,phone,user4,stand
12.383986,4.149371338,8.795409851,-1.236129456,-0.01189844962,0.001251539914,0.00215217541,phone,user4,stand
12.404053,4.17257309,8.791068878,-1.240769806,-0.01025345735,-0.0006425575702,0.004829279147,phone,user4,stand
12.424119,4.169130249,8.769513702,-1.239572296,-0.006443470716,-7.356569404e-05,0.006410818547,phone,user4,stand
12.444186,4.132456512,8.791667633,-1.243913269,-0.004953865893,-0.001465884852,0.006920096464,phone,user4,stand
12.464252,4.107308807,8.820856934,-1.222507782,-0.00271911989,-0.00198037317,0.001780701568,phone,user4,stand
12.484319,4.099225616,8.809031525,-1.231189728,-0.003888820298,0.002791770734,-0.001463093446,phone,user4,stand
12.504385,4.126019897,8.813671875,-1.240470428,-0.004418883938,0.01109536551,-0.003384592477,phone,user4,stand
12.524452,4.141437836,8.79555954,-1.264121246,-0.005516106263,0.01214145496,-0.002407212509,phone,user4,stand
12.544518,4.163591766,8.806935883,-1.245859222,-0.004745292477,0.004736677278,0.0001968548167,phone,user4,stand
12.564584,4.170028381,8.803642731,-1.214274902,-0.0001746506896,-0.002354375552,0.001618354581,phone,user4,stand
12.584651,4.152365112,8.804091797,-1.214424591,0.0009427119512,-0.006841065828,-0.001266304869,phone,user4,stand
12.604717,4.146078186,8.792565765,-1.189127197,-0.001706558978,0.002130832523,-0.004960576538,phone,user4,stand
12.624784,4.160597992,8.801547089,-1.21921463,-0.001533203293,0.01562304609,-0.005597156473,phone,user4,stand
12.64485,4.154011688,8.796607361,-1.223106537,-0.001309335232,0.01573722996,-0.002980791731,phone,user4,stand
12.664917,4.152514801,8.812773743,-1.236129456,0.003684124444,0.01153450087,0.0008103610016,phone,user4,stand
12.684983,4.154161377,8.80019989,-1.200952606,0.007391725667,0.007081495132,0.003089184873,phone,user4,stand
12.70505,4.140090637,8.824299774,-1.198707275,0.007590177003,0.005761112086,0.004638493061,phone,user4,stand
12.725116,4.129163361,8.806337128,-1.216520233,0.00166161987,0.01008514501,0.002650948241,phone,user4,stand
12.745183,4.128714294,8.78972168,-1.214125214,-0.002448893618,0.01368225832,-0.0004125431878,phone,user4,stand
12.765249,4.096980286,8.803343353,-1.233734436,-0.003118247958,0.01086616796,-0.0007448296528,phone,user4,stand
12.785316,4.119134216,8.803493042,-1.24960144,-0.002074288437,-0.0008211150416,-0.003676970024,phone,user4,stand
12.805382,4.161645813,8.797804871,-1.242715759,-0.002469076309,-0.008756870404,-0.001671269536,phone,user4,stand
12.825449,4.155209198,8.791817322,-1.224304047,-0.0024748547,-0.01194655336,-0.0002984651364,phone,user4,stand
12.845515,4.131109314,8.791218567,-1.202748871,0.001305992715,-0.01441261638,-0.003024809062,phone,user4,stand
12.865582,4.152365112,8.770561523,-1.157542877,0.006197736599,-0.01001450792,-0.01077038515,phone,user4,stand
12.885648,4.192631378,8.772507477,-1.169368286,0.01399593148,-0.004556953441,-0.0146229621,phone,user4,stand
12.905715,4.213587799,8.784033508,-1.168470154,0.01652302779,0.003597542644,-0.01733344048,phone,user4,stand
12.925781,4.2321492,8.749754791,-1.192869415,0.01954384148,0.007853082381,-0.01403208263,phone,user4,stand
12.945848,4.21343811,8.736282806,-1.197809143,0.02318648621,0.007850335911,-0.01501024421,phone,user4,stand
12.965914,4.207151184,8.755592651,-1.186881866,0.02753763832,0.01051880792,-0.01405795291,phone,user4,stand
12.985981,4.237837372,8.786727905,-1.188977509,0.03314642981,0.02057689242,-0.009874421172,phone,user4,stand
13.006047,4.197870483,8.829838257,-1.209185486,0.03076844662,0.02608371712,-0.004514984321,phone,user4,stand
13.026114,4.159550171,8.831335144,-1.205443268,0.02760524116,0.0290206112,-0.0007097230991,phone,user4,stand
13.04618,4.11284729,8.853489075,-1.231638794,0.02257562056,0.03330089152,0.002898227191,phone,user4,stand
13.066247,4.102967834,8.842711487,-1.282083893,0.0137916524,0.03689130768,0.00109735271,phone,user4,stand
13.086313,4.092190247,8.833730164,-1.310824127,0.008854044601,0.03902792931,0.001588328043,phone,user4,stand
13.106379,4.088148651,8.785530396,-1.332828369,0.006003585178,0.02558084764,0.004924792796,phone,user4,stand
13.126446,4.082610168,8.791817322,-1.333726501,0.005989762023,0.007721609436,0.007940324023,phone,user4,stand
13.146512,4.088597717,8.822353821,-1.294208679,0.001414904953,-0.01119863894,0.007071337197,phone,user4,stand
13.166579,4.043691101,8.829987946,-1.249900818,-0.001078261295,-0.01391329337,-0.0004131047754,phone,user4,stand
13.186645,4.065845032,8.826395416,-1.223555603,-0.0003454843536,-0.008546371013,-0.0094893286,phone,user4,stand
13.206712,4.090693359,8.828640747,-1.215921478,-0.002092853887,0.0004063181113,-0.01372939441,phone,user4,stand
13.226778,4.136647797,8.805888062,-1.233435059,0.0004907735856,0.01171690505,-0.01649133116,phone,user4,stand
13.246845,4.173321533,8.756490784,-1.219514008,0.01080129575,0.01506623812,-0.0175717473,phone,user4,stand
13.266911,4.189936981,8.744665375,-1.246607666,0.01916112937,0.005446226336,-0.01557094231,phone,user4,stand
13.28697775,4.190984802,8.766070862,-1.22864502,0.02109325305,-0.005575265735,-0.009816383943,phone,user4,stand
13.30704375,4.177363129,8.796158295,-1.224154358,0.0163509883,-0.00880426541,-0.005313263275,phone,user4,stand
13.32711075,4.116290131,8.834478607,-1.222956848,0.01050368603,-0.0101244878,0.003287821077,phone,user4,stand
13.34717675,4.07886795,8.855584717,-1.208586731,0.008097586222,-0.007621822413,-0.001684706425,phone,user4,stand
13.36724375,4.097579041,8.884624329,-1.21098175,0.004707424901,0.003921625204,-0.006371538155,phone,user4,stand
13.38730975,4.141737213,8.853638763,-1.244512024,0.002855316037,0.01269856375,-0.01171356253,phone,user4,stand
13.40737675,4.15146698,8.808133392,-1.303339691,0.002684615552,0.01346414536,-0.004627262242,phone,user4,stand
13.42744275,4.124822388,8.798553314,-1.322649536,0.001354050357,0.004612432327,0.008039036766,phone,user4,stand
13.44750975,4.047433319,8.80843277,-1.333576813,0.001084950287,-0.007085461635,0.01287266426,phone,user4,stand
13.46757575,4.01809433,8.833430786,-1.313219147,-0.003216368146,-0.01164450496,0.01241693087,phone,user4,stand
13.48764275,4.02273468,8.813671875,-1.283880157,-0.002609490417,-0.001841496909,0.006238539703,phone,user4,stand
13.50770875,4.038152618,8.799152069,-1.341510315,-0.003983855247,-0.007761829533,0.005826043431,phone,user4,stand
13.52777575,4.013453979,8.824449463,-1.357527008,-0.001408517361,-0.0259889476,0.003970744088,phone,user4,stand
13.54784175,4.028722229,8.863817596,-1.313668213,0.001460675499,-0.03650031984,-0.003942069132,phone,user4,stand
13.56790875,4.052822113,8.843010864,-1.267863464,0.004366015084,-0.03037543967,-0.01443808991,phone,user4,stand
13.58797475,4.062252502,8.818461914,-1.260977783,0.003864893224,-0.02291490883,-0.01958771423,phone,user4,stand
13.60804175,4.073778534,8.800648956,-1.256038055,0.006413110998,-0.02499823086,-0.02049406245,phone,user4,stand
13.62810775,4.110452271,8.801098022,-1.272204437,0.008496647701,-0.02558435127,-0.01890602894,phone,user4,stand
13.64817375,4.166435852,8.833879852,-1.301543427,0.006557162851,-0.02598661371,-0.01393041573,phone,user4,stand
13.66824075,4.199517059,8.821156311,-1.297950897,0.005247375462,-0.0266095046,-0.004734853748,phone,user4,stand
13.68830675,4.162244568,8.813971252,-1.267713776,0.003945089877,-0.02452744544,0.002852492034,phone,user4,stand
13.70837375,4.116739197,8.844507751,-1.249302063,-0.0008064650465,-0.02583252639,0.004243078642,phone,user4,stand
13.72843975,4.064946899,8.846753082,-1.253343658,-0.005870291963,-0.02142167278,0.004458501004,phone,user4,stand
13.74850675,4.082909546,8.843609619,-1.269959106,-0.01058170386,-0.01058764104,0.0007421351038,phone,user4,stand
13.76857275,4.138144684,8.840466156,-1.29405899,-0.008258922026,-0.003280727426,-0.002072434174,phone,user4,stand
13.78863975,4.182901611,8.8013974,-1.290915527,-0.004386671819,0.0007629072643,-0.001762092346,phone,user4,stand
13.80870575,4.169279938,8.792416077,-1.290316772,-0.006584312767,-0.004647570662,0.003061424708,phone,user4,stand
13.82877275,4.139342194,8.787176971,-1.29645401,-0.009857762605,-0.007919463329,0.01048544515,phone,user4,stand
13.84883875,4.095034332,8.825048218,-1.297950897,-0.008874535561,-0.009362937883,0.007919137366,phone,user4,stand
13.86890575,4.097129974,8.825048218,-1.288819885,-0.00708681345,-0.006309907883,0.006093578413,phone,user4,stand
13.88897175,4.105662231,8.806337128,-1.289867706,-0.0008728336543,0.002198141068,0.001634814776,phone,user4,stand
13.90903875,4.113296356,8.803942108,-1.293160858,0.0001567180734,0.006972341798,0.0005845634732,phone,user4,stand
13.92910475,4.129013672,8.788673859,-1.312021637,2.384325489e-05,0.003795616329,0.000865345588,phone,user4,stand
13.94917175,4.142036591,8.788673859,-1.323248291,-0.000569482334,-0.00335648586,0.001822999679,phone,user4,stand
13.96923775,4.129163361,8.775351563,-1.325792999,-0.001021009404,-0.008518080227,0.004563701339,phone,user4,stand
13.98930475,4.109703827,8.783734131,-1.33043335,0.001837189659,-0.009439495392,0.00797252357,phone,user4,stand
14.00937075,4.095034332,8.851243744,-1.32220047,0.005111770704,-0.007118792273,0.007210527547,phone,user4,stand
14.02943775,4.06719223,8.860524445,-1.300046539,0.001512202318,-0.006479909178,0.002337329788,phone,user4,stand
14.04950375,4.046984253,8.811276855,-1.292562103,-0.001934460597,-0.001143201021,-0.004789289553,phone,user4,stand
14.06957075,4.066294098,8.792116699,-1.282982025,0.0007308956701,0.003649249673,-0.005526059307,phone,user4,stand
14.08963675,4.113745422,8.811426544,-1.278491364,0.00254751998,0.008364325389,-0.00551074883,phone,user4,stand
14.10970375,4.147275696,8.81546814,-1.305884399,0.004564919043,0.008605243638,-0.003592777066,phone,user4,stand
14.12976975,4.112098846,8.782386932,-1.319356384,0.003356349422,-2.34823674e-05,-0.0002430344466,phone,user4,stand
14.14983675,4.072431335,8.77101059,-1.284329224,0.002893673722,0.003037603572,-0.0005875129718,phone,user4,stand
14.16990275,4.106859741,8.791218567,-1.304387512,0.007259052247,0.01211047918,-0.00357445702,phone,user4,stand
14.18996975,4.101620636,8.808881836,-1.3350737,0.006185994484,0.01254131924,-0.007755401079,phone,user4,stand
14.21003575,4.119583282,8.778794403,-1.338217163,0.005817561876,0.00416849833,-0.007486965042,phone,user4,stand
14.23010175,4.108805695,8.786428528,-1.32459549,0.01052011922,-0.005177961662,-0.005831611343,phone,user4,stand
14.25016875,4.08006546,8.751551056,-1.279688873,0.01502071321,-0.01123395097,-0.002181100659,phone,user4,stand
14.27023475,4.14562912,8.762029266,-1.225651245,0.02878287993,0.01403081696,0.001547408756,phone,user4,stand
14.29030171,4.250111847,8.879385223,-1.264720001,0.04003835469,0.04924469814,-0.006146842614,phone,user4,stand
14.31036771,4.240082703,8.86696106,-1.287622375,0.03683666512,0.05421201885,-0.01011323277,phone,user4,stand
14.33043471,4.1830513,8.782536621,-1.278491364,0.03343761712,0.05119581893,-0.008573889732,phone,user4,stand
14.35050071,4.096830597,8.762927399,-1.297052765,0.03037054464,0.04558889195,0.003496356774,phone,user4,stand
14.37056771,4.014801178,8.82010849,-1.328337708,0.02801376581,0.02715689503,0.008186483756,phone,user4,stand
14.39063371,3.972289581,8.907227325,-1.391506348,0.02507465705,0.02152436599,0.00135069713,phone,user4,stand
14.41070071,4.004173279,8.86696106,-1.360221405,0.01983018406,0.02975508571,-0.01168986969,phone,user4,stand
14.43076671,4.054319,8.816066895,-1.380878448,0.008147256449,0.02390000224,-0.01328587532,phone,user4,stand
14.45083371,4.075724487,8.80723526,-1.361568604,-0.003481983673,-0.01325711235,-0.005114316009,phone,user4,stand
14.47089971,4.065246277,8.837472382,-1.311572571,-0.001102581155,-0.0225855168,-0.000407617772,phone,user4,stand
14.49096671,4.080963593,8.876690826,-1.293011169,0.00114932179,-0.004082197323,-0.002836467,phone,user4,stand
14.51103271,4.091142426,8.834029541,-1.274599457,0.0052833464,0.0210324768,-0.01247604471,phone,user4,stand
14.53109971,4.132007446,8.790769501,-1.304387512,0.01267333049,0.03179406747,-0.01043492556,phone,user4,stand
14.55116571,4.158652039,8.771309967,-1.336570587,0.01356945187,0.0247261133,-0.001674492843,phone,user4,stand
14.57123271,4.163591766,8.804391174,-1.347048798,0.01075720787,0.01431838144,0.008124038577,phone,user4,stand
14.59129871,4.107159119,8.830736389,-1.343905334,0.007876146585,0.006344443653,0.01123438217,phone,user4,stand
14.61136571,4.049978027,8.85633316,-1.334624634,0.0003930865787,0.00270733051,0.01193840802,phone,user4,stand
14.63143171,4.002377014,8.855734406,-1.313069458,-0.006511595566,0.00244195573,0.005942329764,phone,user4,stand
14.65149871,4.039649506,8.846902771,-1.309476929,-0.008501946926,0.006000613794,-0.00335899787,phone,user4,stand
14.67156471,4.101021881,8.807684326,-1.282233582,-0.007823400199,0.008492982946,-0.006975019351,phone,user4,stand
14.69163171,4.135150909,8.806187439,-1.275946655,-0.004282727838,0.01318707038,-0.005639976822,phone,user4,stand
14.71169771,4.178111572,8.78388382,-1.271306305,-0.002323135268,0.01959647425,-0.0004483460216,phone,user4,stand
14.73176371,4.178261261,8.765621796,-1.318907318,-0.001985419309,0.02251937799,0.00659383228,phone,user4,stand
14.75183071,4.167333984,8.746461639,-1.335822144,0.002016632585,0.02241067775,0.007115022279,phone,user4,stand
14.77189671,4.143683167,8.784482574,-1.312171326,0.01207604911,0.02454371564,0.008342295885,phone,user4,stand
14.79196371,4.104913788,8.815767517,-1.307530975,0.01826756075,0.02516588569,0.006207646802,phone,user4,stand
14.81202971,4.086053009,8.798104248,-1.306782532,0.01386720315,0.02051523328,0.004767749459,phone,user4,stand
14.83209671,4.069736938,8.825646973,-1.349743195,0.007375698537,0.0121448338,0.006814267952,phone,user4,stand
14.85216271,4.04144577,8.846603394,-1.362915802,-0.002296633553,-0.0008589286008,0.007768106647,phone,user4,stand
14.87222971,4.036955109,8.876840515,-1.350341949,-0.008560340852,-0.01121252123,0.008154332638,phone,user4,stand
14.89229571,4.056414642,8.881331177,-1.318158875,-0.01290815044,-0.0125370156,0.002084022388,phone,user4,stand
14.91236271,4.096381531,8.87863678,-1.300345917,-0.0157866329,-0.01284243632,-0.001815525349,phone,user4,stand
14.93242871,4.104015656,8.837023315,-1.274150391,-0.02287195064,-0.02604391053,-0.002978281118,phone,user4,stand
14.95249571,4.084556122,8.770561523,-1.248703308,-0.02476560324,-0.02203802578,-0.002731129993,phone,user4,stand
14.97256171,4.13739624,8.794062653,-1.249900818,-0.02046814375,-0.00937779434,-0.00157622213,phone,user4,stand
14.99262871,4.156406708,8.787925415,-1.343755646,-0.02320334315,-0.004931312054,0.003026318504,phone,user4,stand
15.01269471,4.174369354,8.75574234,-1.358724518,-0.01897870377,-0.003578019328,0.005692030303,phone,user4,stand
15.03276171,4.190835114,8.743767242,-1.301842804,-0.006271816324,-0.01796384156,0.009802876972,phone,user4,stand
15.05282771,4.17017807,8.779842224,-1.224004669,-0.0007721227594,-0.02366194129,0.01482852828,phone,user4,stand
15.07289471,4.142335968,8.813522186,-1.224453735,-0.007677034475,-0.01782018319,0.01662066206,phone,user4,stand
15.09296071,4.115691376,8.837921448,-1.248254242,-0.01507540047,-0.003798485035,0.008409386501,phone,user4,stand
15.11302771,4.109703827,8.83298172,-1.308728485,-0.01717108488,0.01122740656,0.002811115235,phone,user4,stand
15.13309371,4.136498108,8.77684845,-1.350192261,-0.01211852022,0.01488518529,-0.003448213683,phone,user4,stand
15.15316071,4.163442078,8.763077087,-1.319356384,-0.002117330208,0.008239023387,-0.005029931664,phone,user4,stand
15.17322671,4.156706085,8.741821289,-1.30693222,0.002614750993,-0.006052205805,-0.002884330228,phone,user4,stand
15.19329271,4.168232117,8.745862885,-1.278341675,0.001973277191,-0.01087573823,0.00150583568,phone,user4,stand
15.21335971,4.163741455,8.786428528,-1.26951004,0.001884551952,-0.002569314325,0.00449303817,phone,user4,stand
15.23342571,4.144730988,8.852740631,-1.28941864,-0.0001212614588,0.003055230249,0.003122971393,phone,user4,stand
15.25349271,4.106710052,8.826994171,-1.300645294,0.0008828589926,0.005148277152,-0.001108066179,phone,user4,stand
15.27355871,4.09293869,8.821006622,-1.27190506,0.001590287546,0.01244068611,-0.002667851746,phone,user4,stand
15.29362562,4.099524994,8.833430786,-1.289119263,0.0009436174296,0.01571327634,-0.00492191501,phone,user4,stand
15.31369163,4.116739197,8.800499268,-1.281934204,-0.001875367016,0.01404418983,-0.005168771837,phone,user4,stand
15.33375862,4.165837097,8.760083313,-1.279090118,-0.001683748793,0.01118756924,-0.001979461871,phone,user4,stand
15.35382462,4.176165619,8.742270355,-1.30109436,-1.426716335e-05,0.002141443081,0.0008925280999,phone,user4,stand
15.37389163,4.184398499,8.764723663,-1.297352142,0.0001327781938,0.006659885403,-0.00122294412,phone,user4,stand
15.39395762,4.202361145,8.778345337,-1.260379028,0.002241613809,0.01655608229,-0.005344806705,phone,user4,stand
15.41402462,4.187242584,8.775501251,-1.279838562,0.007167452015,0.02331056073,-0.005467880983,phone,user4,stand
15.43409062,4.181105347,8.781189423,-1.259780273,0.01522596553,0.02918459661,-0.002717138734,phone,user4,stand
15.45415762,4.175267487,8.793314209,-1.264270935,0.01771094278,0.0301691927,-0.002073911019,phone,user4,stand
15.47422362,4.171974335,8.803193665,-1.278042297,0.01623325422,0.04051704705,-0.001242176164,phone,user4,stand
15.49429062,4.118834839,8.811276855,-1.302441559,0.008837944828,0.03767135739,0.0002940222621,phone,user4,stand
15.51435662,4.065395966,8.821306,-1.281634827,0.00874918513,0.0326483883,0.0009657279588,phone,user4,stand
15.53442362,4.046984253,8.836125183,-1.279988251,0.009448770434,0.02532753907,-0.002986117965,phone,user4,stand
15.55448962,4.054768066,8.851543121,-1.286424866,0.008276446722,0.01794605702,-0.007473277859,phone,user4,stand
15.57455662,4.081412659,8.834029541,-1.29765152,-0.001140600769,0.01452888455,-0.008812242188,phone,user4,stand
15.59462262,4.088897095,8.79436203,-1.314416656,-0.006498060189,0.01528267469,-0.006291233934,phone,user4,stand
15.61468962,4.081861725,8.812923431,-1.328936462,-0.004907760769,0.008297396824,-0.002012135927,phone,user4,stand
15.63475563,4.092789001,8.809480591,-1.316212921,0.0009473175742,-0.00551246712,-0.004485670943,phone,user4,stand
15.65482162,4.085304565,8.746761017,-1.29645401,0.009216019884,0.0002122218139,-0.01150122751,phone,user4,stand
15.67488862,4.155059509,8.783135376,-1.269360352,0.01163679641,0.01608282514,-0.01302834786,phone,user4,stand
15.69495462,4.177512817,8.831035767,-1.320404205,0.006552143022,0.01619064249,-0.006885490846,phone,user4,stand
15.71502162,4.138144684,8.833430786,-1.343755646,0.0005881399848,0.004770249128,0.002671253402,phone,user4,stand
15.73508762,4.052223358,8.815617828,-1.311123505,0.0004840457113,-0.009366868064,0.00636759866,phone,user4,stand
15.75515462,3.990850983,8.842561798,-1.291065216,-0.001244327286,-0.01511194557,0.001783851068,phone,user4,stand
15.77522062,3.968247986,8.908125458,-1.268312531,-0.009268596768,-0.009329127148,-0.004454760812,phone,user4,stand
15.79528762,3.990850983,8.909173279,-1.263821869,-0.01331217587,-0.007306486834,-0.009883456863,phone,user4,stand
15.81535362,4.037254486,8.861422577,-1.293460236,-0.01876579598,-0.008964304812,-0.01168668363,phone,user4,stand
15.83542063,4.076173553,8.831634521,-1.278790741,-0.02156165056,-0.01275305729,-0.01118563022,phone,user4,stand
15.85548662,4.093836823,8.824299774,-1.28238327,-0.0248773545,-0.01828525402,-0.009079623967,phone,user4,stand
15.87555362,4.110751648,8.841364288,-1.252894592,-0.02771733329,-0.02869482338,-0.005087380297,phone,user4,stand
15.89561963,4.094285889,8.837771759,-1.270108795,-0.03038406372,-0.0528146103,0.0006153206341,phone,user4,stand
15.91568662,4.037404175,8.818012848,-1.241967316,-0.03245189041,-0.06674271077,0.001232650364,phone,user4,stand
15.93575262,4.028273163,8.800349579,-1.21577179,-0.02583594248,-0.05303025618,-0.002572917845,phone,user4,stand
15.95581963,4.101920013,8.800499268,-1.222507782,-0.0203570351,-0.02893188596,-0.00322954962,phone,user4,stand
15.97588562,4.150718536,8.835526428,-1.212478638,-0.01660287194,-0.02388986386,-0.001088928897,phone,user4,stand
15.99595262,4.158352661,8.807384949,-1.247206421,-0.01431467105,-0.03788994625,0.003091252176,phone,user4,stand
16.01601862,4.167184296,8.789122925,-1.238225098,-0.01480457187,-0.04327729717,0.001797497738,phone,user4,stand
16.03608562,4.165238342,8.809779968,-1.214125214,-0.01157128438,-0.03664565831,0.0009668939747,phone,user4,stand
16.05615162,4.124223633,8.794960785,-1.232836304,-0.01093048044,-0.02206012979,-0.003807046916,phone,user4,stand
16.07621862,4.120331726,8.753497009,-1.27654541,-0.00802998431,-0.009331838228,-0.006392110139,phone,user4,stand
16.09628463,4.159849548,8.796906738,-1.28118576,-0.003993215971,-0.006257650442,-0.004525994882,phone,user4,stand
16.11635062,4.159999237,8.808133392,-1.289718018,-0.005988363177,-0.02007292397,0.00140542537,phone,user4,stand
16.13641762,4.116439819,8.78852417,-1.238374786,-0.004443772137,-0.02690843493,0.005109549966,phone,user4,stand
16.15648362,4.084556122,8.812923431,-1.183439026,0.0002568792552,-0.01427590661,0.001840410754,phone,user4,stand
16.17655062,4.063899078,8.83881958,-1.225202179,-0.005366316531,-0.008002471179,-0.001866847742,phone,user4,stand
16.19661662,4.079017639,8.817563782,-1.254840546,-0.005338496063,-0.003306639846,-0.006128534209,phone,user4,stand
16.21668362,4.143533478,8.7814888,-1.249451752,0.004660448059,0.002813301049,-0.007510950789,phone,user4,stand
16.23674962,4.168531494,8.761430511,-1.257984009,0.01762714051,-0.000335387158,-0.007080523763,phone,user4,stand
16.25681662,4.188140717,8.76861557,-1.240021362,0.02645430341,0.007855353877,-0.004088611808,phone,user4,stand
16.27688212,4.223167877,8.806486816,-1.231638794,0.03042016365,0.01426562387,-0.003174890298,phone,user4,stand
16.29694913,4.221820679,8.807384949,-1.233135681,0.02096500993,0.01214163844,0.003062939271,phone,user4,stand
16.31701512,4.166585541,8.835676117,-1.229094086,0.01406028029,0.02345620655,0.005357931834,phone,user4,stand
16.33708212,4.111799469,8.825197906,-1.284329224,0.006089165807,0.0325499475,0.006693426054,phone,user4,stand
16.35714813,4.099375305,8.798403625,-1.297052765,0.002567613032,0.02856489271,0.003351994092,phone,user4,stand
16.37721512,4.142036591,8.791068878,-1.291963348,0.006113527343,0.0228340514,0.002623939421,phone,user4,stand
16.39728112,4.12452301,8.78268631,-1.275647278,0.005725242198,0.01883082464,0.001451432006,phone,user4,stand
16.41734812,4.136348419,8.779692535,-1.26247467,0.005353046581,0.02298341133,0.003876166884,phone,user4,stand
16.43741412,4.149521027,8.77684845,-1.260379028,0.009858934209,0.02804793231,0.004435643088,phone,user4,stand
16.45748112,4.152514801,8.766819305,-1.271006927,0.0126966415,0.02914895117,0.004466196522,phone,user4,stand
16.47754712,4.114942932,8.804989929,-1.282682648,0.01302842423,0.02807396837,0.002834674204,phone,user4,stand
16.49761412,4.081712036,8.817264404,-1.288370819,0.008146612905,0.0221667476,0.0006915319245,phone,user4,stand
16.51768012,4.039050751,8.780141602,-1.313368835,0.002025861293,0.01230597217,0.001223549712,phone,user4,stand
16.53774612,4.030817871,8.784183197,-1.295855255,0.0002508442849,0.003921345808,0.005728919059,phone,user4,stand
16.55781313,4.072281647,8.894054718,-1.269210663,-0.001621925039,0.004633237608,0.007973634638,phone,user4,stand
16.57787912,4.085753632,9.013805695,-1.288370819,-0.002661945065,-0.007706954144,0.003047355218,phone,user4,stand
16.59794612,4.001778259,8.869954834,-1.320553894,-0.008403116837,-0.01545194536,-0.006003908347,phone,user4,stand
16.61801212,4.040697327,8.732091522,-1.267863464,-0.005634110421,0.007860872895,-0.01652647555,phone,user4,stand
16.63807912,4.15610733,8.765023041,-1.266516266,-0.004109170288,0.02404053323,-0.01314231288,phone,user4,stand
16.65814512,4.149221649,8.769064636,-1.307231598,-0.001028628554,0.01175622642,0.003024452133,phone,user4,stand
16.67821212,4.133654022,8.767118683,-1.301842804,-0.0007033196744,-0.01131511759,0.01869892702,phone,user4,stand
16.69827812,4.08590332,8.878487091,-1.26367218,0.005833594128,-0.01328158099,0.0258961767,phone,user4,stand
16.71834512,4.032614136,8.98162262,-1.267414398,-0.003139911685,-0.00581156835,0.01799623296,phone,user4,stand
16.73841112,3.971690826,8.888366547,-1.242117004,-0.01273138635,-0.001818522927,0.002839913126,phone,user4,stand
16.75847812,4.019890594,8.814120941,-1.246907043,-0.01348874345,-0.0003899908625,-0.01049678307,phone,user4,stand
16.77854412,4.058061218,8.791218567,-1.281485138,-0.01157302875,0.001724091358,-0.01113761589,phone,user4,stand
16.79861112,4.089795227,8.769364014,-1.289268951,-0.006108580157,0.0004748935462,-0.004768773913,phone,user4,stand
16.81867713,4.118834839,8.76741806,-1.279389496,-0.00027624215,-0.01281754952,0.002717003925,phone,user4,stand
16.83874412,4.125870209,8.789422302,-1.242416382,0.003937396221,-0.02943506837,0.01001017168,phone,user4,stand
16.85881012,4.072581024,8.881331177,-1.242566071,0.003061989089,-0.04063891992,0.009911999106,phone,user4,stand
16.87887713,4.039649506,8.891360321,-1.276246033,-0.002990137553,-0.03927087784,0.00115541881,phone,user4,stand
16.89894312,4.024680634,8.840615845,-1.262624359,-0.008650484495,-0.02595086955,-0.006994699128,phone,user4,stand
16.91901012,4.080813904,8.798703003,-1.237626343,-0.006962095853,-0.01035716385,-0.01089459565,phone,user4,stand
16.93907612,4.128265228,8.797804871,-1.272503815,-0.003852210008,-0.007993618958,-0.006824398879,phone,user4,stand
16.95914212,4.171674957,8.804241486,-1.31756012,-0.003768607974,-0.01752305776,0.003762937849,phone,user4,stand
16.97920912,4.160448303,8.784781952,-1.358724518,-0.0111303553,-0.03240871057,0.01372953318,phone,user4,stand
16.99927512,4.103267212,8.799601135,-1.327589264,-0.01172413304,-0.04232838377,0.02015353739,phone,user4,stand
17.01934213,4.040547638,8.849148102,-1.269210663,-0.01193560474,-0.04553928599,0.0171458628,phone,user4,stand
17.03940812,4.040697327,8.863069153,-1.209335175,-0.01401001774,-0.04449713975,0.009879034013,phone,user4,stand
17.05947512,4.064497833,8.835676117,-1.211131439,-0.01344920881,-0.03148803115,-0.0003879474243,phone,user4,stand
17.07954113,4.104464722,8.75693985,-1.236279144,-0.01766965725,-0.01622667164,-0.007663345896,phone,user4,stand
17.09960812,4.191733246,8.699758759,-1.277593231,-0.01427562907,-0.004423632286,-0.009802287444,phone,user4,stand
17.11967412,4.291425934,8.752149811,-1.286275177,0.001541072736,0.002345075598,-0.009263739921,phone,user4,stand
17.13974112,4.292473755,8.759634247,-1.323847046,0.01493619569,-0.01119616162,-0.004352673888,phone,user4,stand
17.15980712,4.283193054,8.719068604,-1.250649261,0.02353771776,-0.01225384139,0.00149569707,phone,user4,stand
17.17987412,4.234993286,8.790320435,-1.196461945,0.02750939317,-0.008405126631,0.004296732135,phone,user4,stand
17.19994012,4.126019897,8.853489075,-1.22744751,0.01999087445,0.002386342036,0.001625511562,phone,user4,stand
17.22000712,4.045786743,8.815168762,-1.29765152,0.01125959959,0.01874504611,-0.004944083281,phone,user4,stand
17.24007312,4.069736938,8.814719696,-1.325493622,0.01158671454,0.01662861556,-0.009552739561,phone,user4,stand
17.26014012,4.105662231,8.820258179,-1.333726501,0.01384459622,0.004727762192,-0.006896808743,phone,user4,stand
17.28020708,4.111200714,8.816366272,-1.293609924,0.01452962682,-0.00465381192,-0.005888753571,phone,user4,stand
17.30027408,4.091591492,8.788224792,-1.250948639,0.01196928509,-0.001817084383,-0.008616119623,phone,user4,stand
17.32034008,4.109853516,8.76397522,-1.252894592,0.007698306814,0.01010411792,-0.01219784934,phone,user4,stand
17.34040608,4.165388031,8.781937866,-1.308429108,0.01230391767,0.02059475146,-0.0140153151,phone,user4,stand
17.36047308,4.205654297,8.79900238,-1.321901093,0.02690543048,0.02256277017,-0.01820291579,phone,user4,stand
17.38053908,4.205803986,8.751401367,-1.31636261,0.04454329237,0.01980389282,-0.02267401293,phone,user4,stand
17.40060608,4.159550171,8.741222534,-1.282532959,0.05224400759,0.02040049061,-0.02044188231,phone,user4,stand
17.42067208,4.100722504,8.78029129,-1.284329224,0.04282179847,0.01701947302,-0.01351059135,phone,user4,stand
17.44073908,4.058510284,8.831035767,-1.304237823,0.02940620668,0.0138186058,-0.007523593493,phone,user4,stand
17.46080508,4.021237793,8.860374756,-1.30812973,0.02532192692,0.0186853651,-0.007884947583,phone,user4,stand
17.48087208,3.98067215,8.835227051,-1.380878448,0.02955481037,0.01962110028,-0.01468217,phone,user4,stand
17.50093808,3.975582733,8.801247711,-1.457369385,0.03213377669,0.007526113652,-0.01653233357,phone,user4,stand
17.52100508,3.993695068,8.82714386,-1.492396545,0.02515745349,-0.02129633725,-0.01660341211,phone,user4,stand
17.54107108,3.963907013,8.872349854,-1.432371368,0.02071859688,-0.03892909735,-0.01525867265,phone,user4,stand
17.56113808,3.95372818,8.890013123,-1.348994751,0.02534116618,-0.03037985973,-0.02237356454,phone,user4,stand
17.58120408,3.971391449,8.891060944,-1.322499847,0.02638272196,-0.01542564854,-0.02759693377,phone,user4,stand
17.60127108,4.017645264,8.875493317,-1.362766113,0.02187362872,-0.0003623355879,-0.02540222183,phone,user4,stand
17.62133708,4.071982269,8.842412109,-1.424737244,0.00793829374,0.004374413285,-0.02042136341,phone,user4,stand
17.64140408,4.071982269,8.826844482,-1.467997284,0.001313297777,-0.008479174227,-0.007822034881,phone,user4,stand
17.66147008,4.044888611,8.817414093,-1.453327789,0.003176031401,-0.02454420179,-0.003189723473,phone,user4,stand
17.68153708,4.042942657,8.842561798,-1.407223663,0.007761657704,-0.03186411038,-0.001774912351,phone,user4,stand
17.70160308,4.043242035,8.84345993,-1.378633118,-0.0004801368341,-0.02680257522,-0.003606028855,phone,user4,stand
17.72166908,4.06135437,8.876391449,-1.390608215,-0.01057985332,-0.01242852863,-0.002074214863,phone,user4,stand
17.74173608,4.021088104,8.854536896,-1.437909851,-0.01639821753,-0.01904516481,0.001805831213,phone,user4,stand
17.76180208,4.01105896,8.860823822,-1.398691406,-0.01475926396,-0.02977962419,0.005094820168,phone,user4,stand
17.78186908,4.027973785,8.864416351,-1.356778564,-0.008731099777,-0.0256835036,0.00297825085,phone,user4,stand
17.80193508,4.046684875,8.855135651,-1.330583038,-0.01022269577,-0.001804562751,-0.0008302706992,phone,user4,stand
17.82200208,4.064198456,8.821605377,-1.386267242,-0.01194898412,0.002506212331,0.003784739645,phone,user4,stand
17.84206808,4.038601685,8.805738373,-1.462758179,-0.01537581533,-0.01338395942,0.01296501234,phone,user4,stand
17.86213508,4.008813629,8.835825806,-1.470691681,-0.01265190076,-0.02891273052,0.01476031356,phone,user4,stand
17.88220108,3.97947464,8.849597168,-1.426084442,-0.01151967701,-0.03650308773,0.009381187148,phone,user4,stand
17.90226808,3.988905029,8.842412109,-1.348994751,-0.01590297371,-0.03185347095,0.002114219125,phone,user4,stand
17.92233408,4.018693085,8.872499542,-1.354682922,-0.02065589651,-0.02707236819,0.0002746747341,phone,user4,stand
17.94240108,4.029620361,8.868008881,-1.403182068,-0.02796052396,-0.0263555143,-0.001598520321,phone,user4,stand
17.96246708,4.050277405,8.81307312,-1.454225922,-0.03137095273,-0.02495210059,0.000471188454,phone,user4,stand
17.98253408,4.027375031,8.78612915,-1.451980591,-0.02867769636,-0.03184356168,-0.0004990012385,phone,user4,stand
18.00260008,4.000431061,8.789122925,-1.463356934,-0.02676955983,-0.05158600211,0.0003352821805,phone,user4,stand
18.02266708,3.977229309,8.804989929,-1.470242615,-0.02781691961,-0.0732787624,-0.006853691768,phone,user4,stand
18.04273308,4.003574524,8.79196701,-1.429227905,-0.02554488927,-0.08700668812,-0.009096845984,phone,user4,stand
18.06280008,4.047882385,8.826844482,-1.381028137,-0.02349508926,-0.0858643949,-0.009030440822,phone,user4,stand
18.08286608,4.122876434,8.818761292,-1.330882416,-0.02342664823,-0.08439158648,-0.007920937613,phone,user4,stand
18.10293308,4.167483673,8.781339111,-1.285077667,-0.02072323672,-0.07027644664,-0.005450712517,phone,user4,stand
18.12299908,4.205354919,8.793314209,-1.275497589,-0.01686475798,-0.04729603603,-0.001112475526,phone,user4,stand
18.14306508,4.223766632,8.838520203,-1.309776306,-0.01764814742,-0.03339239955,0.00399033539,phone,user4,stand
18.16313208,4.22047348,8.834628296,-1.323547668,-0.01577150077,-0.02216233313,0.01234560646,phone,user4,stand
18.18319808,4.182901611,8.802894287,-1.331181793,-0.01189781632,-0.01707444154,0.01789795794,phone,user4,stand
18.20326508,4.099674683,8.80259491,-1.285077667,-0.008936841041,-0.01120820083,0.02505479939,phone,user4,stand
18.22333108,4.043691101,8.845705261,-1.26367218,-0.002812914783,-0.009918739088,0.02967796475,phone,user4,stand
18.24339808,4.0450383,8.853489075,-1.276096344,-0.0005285444204,0.006156228017,0.0308720991,phone,user4,stand
18.26346408,4.04967865,8.909622345,-1.295555878,-0.007818700746,0.04156797007,0.02831556462,phone,user4,stand
18.28353,3.989054718,8.918154602,-1.388662262,-0.01556491666,0.05725900829,0.02762767859,phone,user4,stand
18.303596,3.932921448,8.889264679,-1.452729034,-0.02365809865,0.04530549422,0.0219238773,phone,user4,stand
18.323663,3.900588684,8.821755066,-1.44853775,-0.02042437345,0.03153595701,0.01421262138,phone,user4,stand
18.343729,3.927682343,8.808133392,-1.426084442,-0.01691686735,0.02307094447,0.005609103478,phone,user4,stand
18.363796,4.015549622,8.789871368,-1.418600006,-0.009692726657,0.01943974011,-0.001210037502,phone,user4,stand
18.383862,4.08590332,8.742569733,-1.437311096,-0.01008188166,0.00439761579,-0.003998147324,phone,user4,stand
18.403929,4.098327484,8.721613312,-1.427880707,-0.01138876751,-0.01144136488,0.0008260393515,phone,user4,stand
18.423995,4.094734955,8.770262146,-1.365161133,-0.005027926527,-0.01767498441,0.001643354772,phone,user4,stand
18.444061,4.13739624,8.801247711,-1.319356384,0.006505190395,-0.005479868036,-0.0003861788427,phone,user4,stand
18.464128,4.203408966,8.786727905,-1.268162842,0.01261829771,0.02082895674,-0.004248880316,phone,user4,stand
18.484194,4.248016205,8.762628021,-1.309626617,0.0100178076,0.04207727313,-0.002041814849,phone,user4,stand
18.504261,4.245321808,8.73583374,-1.36082016,0.005573310889,0.03682458773,0.003408150282,phone,user4,stand
18.524327,4.20879776,8.759484558,-1.33043335,0.006220899057,0.02175122127,0.01386209484,phone,user4,stand
18.544394,4.130510559,8.798703003,-1.287173309,0.01097216457,0.02204072475,0.013765743,phone,user4,stand
18.56446,4.043691101,8.794212341,-1.300196228,0.01554415934,0.02999962121,0.01059976872,phone,user4,stand
18.584527,4.048780518,8.806486816,-1.314716034,0.01740010269,0.02984233946,0.006925055292,phone,user4,stand
18.604593,4.03800293,8.830736389,-1.347797241,0.01605074666,0.02214399725,0.005602044053,phone,user4,stand
18.62466,4.035757599,8.8704039,-1.342707825,0.01726537198,0.01677775197,0.003446149407,phone,user4,stand
18.644726,4.050427094,8.880882111,-1.334175568,0.01658401079,0.01602130197,0.001059144503,phone,user4,stand
18.664793,4.060755615,8.861572266,-1.318458252,0.01190406736,0.02276998758,-0.003432291793,phone,user4,stand
18.684859,4.040697327,8.85289032,-1.369502106,0.001959085232,0.02104987018,0.004570470657,phone,user4,stand
18.704926,4.03680542,8.847501526,-1.382075958,-0.009222213179,0.01623669825,0.009422054514,phone,user4,stand
18.724992,4.047133942,8.86456604,-1.362466736,-0.009468022734,0.01072262321,0.01126789115,phone,user4,stand
18.745059,4.056264954,8.843908997,-1.344653778,-0.007150446065,0.002044587862,0.006904330105,phone,user4,stand
18.765125,4.070635071,8.809031525,-1.311273193,-0.006196905859,-0.001269834349,0.001356604509,phone,user4,stand
18.785192,4.114643555,8.782087555,-1.291514282,-0.00856506452,0.003304429119,-0.002794407774,phone,user4,stand
18.805258,4.149221649,8.77565094,-1.285227356,-0.00939811673,0.01658142544,-0.002914148616,phone,user4,stand
18.825324,4.203708344,8.748108215,-1.296903076,-0.006990619004,0.03046901152,-0.007778145839,phone,user4,stand
18.845391,4.238585815,8.711733856,-1.308728485,0.005662653595,0.03181384504,-0.006315681152,phone,user4,stand
18.865457,4.239334259,8.707093506,-1.29061615,0.02098401263,0.02674788795,-0.001399158966,phone,user4,stand
18.885524,4.216880951,8.780740356,-1.241069183,0.03187119961,0.03083505668,-0.001080855727,phone,user4,stand
18.90559,4.158951416,8.804241486,-1.242715759,0.03048624471,0.04631635547,-0.003533476731,phone,user4,stand
18.925657,4.124373322,8.797954559,-1.262923737,0.02576780319,0.05784069747,-0.002614961006,phone,user4,stand
18.945723,4.099524994,8.815318451,-1.309027863,0.02348152548,0.05639659241,-0.001011935296,phone,user4,stand
18.96579,4.086352386,8.809929657,-1.309476929,0.0250222832,0.04331616685,0.0008504225407,phone,user4,stand
18.985856,4.092789001,8.805588684,-1.269959106,0.02441753261,0.044800248,0.001856260933,phone,user4,stand
19.005923,4.136348419,8.786578217,-1.253343658,0.02277179249,0.04842601717,0.004617454484,phone,user4,stand
19.025989,4.165238342,8.833730164,-1.297950897,0.01905234717,0.05614071339,0.01094747055,phone,user4,stand
19.046056,4.140839081,8.885821838,-1.378483429,0.01374720503,0.06126144528,0.01834449731,phone,user4,stand
19.066122,4.065845032,8.884025574,-1.417701874,0.003049074207,0.04912798479,0.02436240576,phone,user4,stand
19.086189,3.902834015,8.883726196,-1.407523041,-0.006889446639,0.02347333729,0.0272637438,phone,user4,stand
19.106255,3.850293274,8.90438324,-1.363364868,-0.01399508491,0.006778609008,0.01551018562,phone,user4,stand
19.126322,3.885320435,8.90079071,-1.331930237,-0.01507908106,0.01179160457,0.004921164364,phone,user4,stand
19.146388,3.977678375,8.821605377,-1.375789032,-0.02098017186,0.008534921333,-0.002205419121,phone,user4,stand
19.166454,4.012555847,8.753347321,-1.419947205,-0.02503371984,-0.01964769885,0.001738338731,phone,user4,stand
19.186521,4.039799194,8.75110199,-1.422641602,-0.02614807896,-0.05218368024,0.001843772363,phone,user4,stand
19.206587,4.097878418,8.764573975,-1.41575592,-0.0235618446,-0.0822590515,0.0003647170961,phone,user4,stand
19.226654,4.142785034,8.803493042,-1.306183777,-0.02391263843,-0.08949236572,-0.003764744382,phone,user4,stand
19.24672,4.200714569,8.787626038,-1.236428833,-0.01891104691,-0.07815302908,-0.005640702322,phone,user4,stand
19.266787,4.220623169,8.787027283,-1.206042023,-0.01526756212,-0.04974756017,-0.007307942491,phone,user4,stand
19.28685383,4.26148819,8.778944092,-1.235680389,-0.01397730224,-0.02500440925,-0.005439614877,phone,user4,stand
19.30692083,4.250411224,8.757688293,-1.279838562,-0.01003099885,-0.02469870821,-0.003302632598,phone,user4,stand
19.32698683,4.193828888,8.734935608,-1.266516266,0.0002551351208,-0.02948218212,0.0002894736826,phone,user4,stand
19.34705383,4.112098846,8.765023041,-1.237626343,0.00912058726,-0.02091157995,0.0009503553156,phone,user4,stand
19.36711983,4.099075928,8.80019989,-1.227597198,0.008513495326,0.0091923289,-0.004402938299,phone,user4,stand
19.38718683,4.164639587,8.837472382,-1.277293854,0.00190927973,0.03041765466,-0.01070390362,phone,user4,stand
19.40725283,4.175417175,8.840615845,-1.382225647,-0.003214936703,0.01945866272,-0.0111390464,phone,user4,stand
19.42731983,4.136049042,8.761879578,-1.423839111,-0.003429142758,-0.009123552591,-0.002647425979,phone,user4,stand
19.44738583,4.070934448,8.727002106,-1.394649811,0.002521515125,-0.03607155383,0.008910374716,phone,user4,stand
19.46745283,3.997736664,8.798253937,-1.322649536,0.009600194171,-0.04188911989,0.005968834274,phone,user4,stand
19.48751883,3.983516235,8.865913239,-1.256786499,0.006040879525,-0.03691300377,-0.0008171665249,phone,user4,stand
19.50758483,4.04144577,8.882378998,-1.292412415,0.0004369405797,-0.02627640776,-0.01065907441,phone,user4,stand
19.52765183,4.087699585,8.826694794,-1.339115295,-0.01000112109,-0.02099849656,-0.01562199928,phone,user4,stand
19.54771783,4.153562622,8.792116699,-1.353335724,-0.00448491564,-0.01772813499,-0.01143524423,phone,user4,stand
19.56778483,4.199217682,8.758287048,-1.371448059,0.002867365722,-0.02341330983,-0.005874270573,phone,user4,stand
19.58785083,4.211941223,8.773106232,-1.324745178,0.01029321738,-0.02799025178,0.002212040359,phone,user4,stand
19.60791783,4.192332001,8.798852692,-1.33043335,0.006048126146,-0.02029151097,0.01076088939,phone,user4,stand
19.62798383,4.165837097,8.795260162,-1.362317047,-0.002022556961,-0.01656859554,0.0116229374,phone,user4,stand
19.64805083,4.136348419,8.805289307,-1.397793274,-0.006452394649,-0.01917334273,0.01232168637,phone,user4,stand
19.66811683,4.104913788,8.844956818,-1.358724518,-0.002940336475,-0.02025830559,0.006258567795,phone,user4,stand
19.68818383,4.098327484,8.820856934,-1.315015411,0.004209157079,-0.009038226679,0.0002310536802,phone,user4,stand
19.70824983,4.107907562,8.770262146,-1.310375061,0.002354564611,-0.001477008918,-3.386870958e-05,phone,user4,stand
19.72831683,4.145180054,8.796008606,-1.370549927,-0.007818900049,0.00539457798,0.004838249646,phone,user4,stand
19.74838283,4.141587524,8.807834015,-1.442999268,-0.01240955666,0.0002760110074,0.01304062828,phone,user4,stand
19.76844983,4.156406708,8.798703003,-1.432670746,-0.00604363624,-0.009044548497,0.01728533022,phone,user4,stand
19.78851583,4.124073944,8.810827789,-1.395547943,0.0035821856,-0.02259750105,0.02040285431,phone,user4,stand
19.80858283,4.100722504,8.816815338,-1.319356384,0.001080388087,-0.02188169211,0.01647620089,phone,user4,stand
19.82864883,4.093836823,8.821006622,-1.306782532,-0.008916189894,-0.006956954952,0.01472492144,phone,user4,stand
19.84871483,4.101920013,8.842262421,-1.346450043,-0.02292990126,-0.002915158402,0.01172293071,phone,user4,stand
19.86878183,4.10461441,8.851094055,-1.384920044,-0.0298262164,-0.007649247535,0.01622815616,phone,user4,stand
19.88884783,4.103267212,8.810827789,-1.383423157,-0.02763342671,-0.01370917447,0.017347252,phone,user4,stand
19.90891483,4.142635345,8.779243469,-1.355281677,-0.02415181883,-0.01139631495,0.01590990834,phone,user4,stand
19.92898083,4.206103363,8.743018799,-1.333726501,-0.01660951041,-0.008834704757,0.01638077199,phone,user4,stand
19.94904783,4.218527527,8.7615802,-1.324146423,-0.01416230947,-0.01342047192,0.01929310709,phone,user4,stand
19.96911383,4.17601593,8.75110199,-1.314117279,-0.01592366025,-0.02489038371,0.02523466572,phone,user4,stand
19.98918083,4.115092621,8.772507477,-1.303938446,-0.02093285695,-0.02299050428,0.02408456057,phone,user4,stand
20.00924683,4.114493866,8.799900513,-1.306333466,-0.01884413883,-0.00483029196,0.02125380747,phone,user4,stand
20.02931383,4.096830597,8.81307312,-1.33971405,-0.01401470229,0.00471586315,0.01554563176,phone,user4,stand
20.04937983,4.111200714,8.827592926,-1.368454285,-0.009019359946,0.004682322964,0.01041893102,phone,user4,stand
20.06944683,4.103865967,8.804690552,-1.368454285,-0.00401408365,-0.0003474390542,0.004942845553,phone,user4,stand
20.08951283,4.088747406,8.762927399,-1.362167358,-0.00423288811,-0.002736794762,0.005451354664,phone,user4,stand
20.10957983,4.089795227,8.768166504,-1.37713623,-0.01073213201,-0.01162967924,0.01068814937,phone,user4,stand
20.12964583,4.081412659,8.802894287,-1.419498138,-0.01950771362,-0.02868423797,0.0143303331,phone,user4,stand
20.14971283,4.062402191,8.83298172,-1.427132263,-0.01886029914,-0.04150309786,0.0111356061,phone,user4,stand
20.16977883,4.091292114,8.821755066,-1.382525024,-0.01374004316,-0.03476680815,-0.0005150651559,phone,user4,stand
20.18984483,4.100722504,8.805139618,-1.361718292,-0.006660534535,-0.0130646592,-0.006796229631,phone,user4,stand
20.20991183,4.160747681,8.790170746,-1.314566345,-0.004400241654,0.006746955682,-0.008726893924,phone,user4,stand
20.22997783,4.164789276,8.763526154,-1.350641327,-0.005604115315,0.009039941244,-0.008057466708,phone,user4,stand
20.25004483,4.151916046,8.754395142,-1.363065491,-0.007844100706,0.00077923137,-0.006551903673,phone,user4,stand
20.27011083,4.156855774,8.741072845,-1.388362885,-0.005204290152,-0.01507393084,-0.002985796891,phone,user4,stand
20.29017733,4.165986786,8.781339111,-1.356329498,-0.0007557130884,-0.02570701391,-0.000156313763,phone,user4,stand
20.31024333,4.126468964,8.832832031,-1.316661987,-0.003399993526,-0.02120544016,-0.0001475856407,phone,user4,stand
20.33031033,4.123774567,8.826694794,-1.265468445,-0.006721759215,-0.006206668913,-0.001051542931,phone,user4,stand
20.35037633,4.145778809,8.824898529,-1.25079895,-0.006661480293,0.0174356848,-0.008157628588,phone,user4,stand
20.37044333,4.137695618,8.786428528,-1.299597473,-0.007251042873,0.0203108862,-0.008720044047,phone,user4,stand
20.39050933,4.150868225,8.764873352,-1.335971832,-0.006326191593,0.006700512487,-0.006679684855,phone,user4,stand
20.41057633,4.195325775,8.748108215,-1.32803833,-0.00398900779,0.007887829095,-0.005955009721,phone,user4,stand
20.43064233,4.234693909,8.757388916,-1.318757629,0.00125151244,0.01462481357,-0.004160454497,phone,user4,stand
20.45070933,4.23454422,8.756191406,-1.306782532,0.005571098067,0.01383566391,-0.000553247286,phone,user4,stand
20.47077533,4.204756165,8.780890045,-1.298399963,0.005650699604,0.01241946127,0.001977385255,phone,user4,stand
20.49084233,4.162843323,8.805738373,-1.289119263,0.005864753388,0.01481050719,0.004586093593,phone,user4,stand
20.51090833,4.100572815,8.820258179,-1.292861481,0.004819231108,0.02918196283,0.001500618178,phone,user4,stand
20.53097433,4.151916046,8.852441254,-1.272503815,0.005133868661,0.05069280043,-0.004506665282,phone,user4,stand
20.55104133,4.159250793,8.82250351,-1.312321014,0.005038987845,0.05876995996,-0.004515314475,phone,user4,stand
20.57110733,4.155059509,8.770561523,-1.349294128,-0.0004614118952,0.04395520315,2.233311534e-06,phone,user4,stand
20.59117433,4.130660248,8.785680084,-1.327888641,-0.002644573338,0.03161600232,0.006543064956,phone,user4,stand
20.61124033,4.110003204,8.823251953,-1.30109436,-0.00295512774,0.03274909779,0.003769400297,phone,user4,stand
20.63130733,4.096082153,8.842861176,-1.298549652,-0.006568861194,0.03442902863,-0.0005515269004,phone,user4,stand
20.65137333,4.108057251,8.804690552,-1.320853271,-0.01050806046,0.03322463855,-0.003973509185,phone,user4,stand
20.67144033,4.146676941,8.771908722,-1.326691132,-0.009689077735,0.02863313816,-0.002170239342,phone,user4,stand
20.69150633,4.15610733,8.785530396,-1.34091156,-0.008983761072,0.02251729183,0.003445920302,phone,user4,stand
20.71157333,4.155209198,8.806636505,-1.293160858,-0.005885288585,0.02134364843,0.007954753004,phone,user4,stand
20.73163933,4.171076202,8.762328644,-1.233734436,-0.00391907664,0.02885109931,0.008384320885,phone,user4,stand
20.75170633,4.182302856,8.800499268,-1.21457428,-0.00643609371,0.04327232391,0.005450803787,phone,user4,stand
20.77177233,4.159550171,8.822952576,-1.274898834,-0.01068466157,0.04144478217,0.004670782015,phone,user4,stand
20.79183933,4.149670715,8.772956543,-1.28477829,-0.01418168657,0.03138806671,0.006285208743,phone,user4,stand
20.81190533,4.192332001,8.762628021,-1.255738678,-0.006469530053,0.0319570452,0.00694511272,phone,user4,stand
20.83197133,4.231550446,8.790470123,-1.210682373,-0.002607469913,0.03415345028,0.005846062675,phone,user4,stand
20.85203833,4.240980835,8.782237244,-1.209335175,-0.006087864749,0.03568437696,0.009803812951,phone,user4,stand
20.87210433,4.242028656,8.771908722,-1.184337158,-0.01400781237,0.03998230398,0.01317631174,phone,user4,stand
20.89217133,4.224814453,8.770262146,-1.222807159,-0.02160683088,0.03741446137,0.01290625893,phone,user4,stand
20.91223733,4.198768616,8.770262146,-1.231040039,-0.02624071576,0.03453204781,0.009611104615,phone,user4,stand
20.93230433,4.195176086,8.730744324,-1.219813385,-0.02037699893,0.02674990706,0.004464671947,phone,user4,stand
20.95237033,4.231550446,8.713829498,-1.247805176,-0.01025985368,0.01597203314,0.001004816033,phone,user4,stand
20.97243733,4.271816711,8.708889771,-1.245709534,-0.006387930829,0.006838444155,0.00316734449,phone,user4,stand
20.99250333,4.249363403,8.747808838,-1.209335175,-0.004659050144,0.001916644862,0.004755773582,phone,user4,stand
21.01257033,4.226461029,8.76861557,-1.15604599,-0.0009822989814,0.002394793555,0.002967378357,phone,user4,stand
21.03263633,4.208947449,8.772507477,-1.127455444,0.002613690216,0.009539157152,-0.006082972977,phone,user4,stand
21.05270333,4.199217682,8.777896271,-1.14197525,0.007224212401,0.01789552718,-0.01335503533,phone,user4,stand
21.07276933,4.226910095,8.751551056,-1.167871399,0.009198313579,0.01997089945,-0.0134651335,phone,user4,stand
21.09283633,4.251459045,8.752000122,-1.212778015,0.008418751881,0.01318766084,-0.01046850719,phone,user4,stand
21.11290233,4.198469238,8.76981308,-1.196611633,0.008612194099,0.00448181387,-0.00726381829,phone,user4,stand
21.13296833,4.162993011,8.783584442,-1.109343109,0.01129023544,0.005261383019,-0.006626429968,phone,user4,stand
21.15303533,4.13036087,8.800648956,-1.106499023,0.008755054325,0.008575696498,-0.009261259809,phone,user4,stand
21.17310133,4.13275589,8.799750824,-1.153800659,0.002625021385,0.006294818595,-0.01155223791,phone,user4,stand
21.19316833,4.171076202,8.786428528,-1.225202179,-0.00251523382,0.001149303745,-0.01389885321,phone,user4,stand
21.21323433,4.185596008,8.78612915,-1.244362335,0.0005335451569,0.002780601615,-0.01537938602,phone,user4,stand
21.23330133,4.202361145,8.794511719,-1.222208405,0.01248646434,0.008086025715,-0.01670912281,phone,user4,stand
21.25336733,4.205953674,8.78268631,-1.206640778,0.02121400647,0.009214783087,-0.01359788049,phone,user4,stand
21.27343433,4.158801727,8.771908722,-1.21098175,0.01645333879,-0.0009883189341,-0.005290948786,phone,user4,stand
21.29350033,4.129911804,8.809181213,-1.232237549,0.01044769492,-0.0025755479,0.0002781369258,phone,user4,stand
21.31356733,4.096980286,8.873697052,-1.264720001,0.001192447729,-0.013649798,0.001318431227,phone,user4,stand
21.33363333,4.074526978,8.859177246,-1.23328537,-0.005941775162,-0.02837312594,-0.002571639372,phone,user4,stand
21.35370033,4.077969818,8.809330902,-1.217568054,-0.009236527607,-0.03171718866,-0.00627616886,phone,user4,stand
21.37376633,4.091591492,8.761729889,-1.230590973,-0.0131723769,-0.03863344342,-0.005886484869,phone,user4,stand
21.39383333,4.118535461,8.801846466,-1.25319397,-0.01481768768,-0.04359187558,-0.004930225667,phone,user4,stand
21.41389933,4.126169586,8.82250351,-1.281634827,-0.01759877242,-0.05409121886,-0.005156631581,phone,user4,stand
21.43396533,4.125271454,8.842112732,-1.223705292,-0.01186030079,-0.05501140654,-0.009642385878,phone,user4,stand
21.45403233,4.135450287,8.772657166,-1.187779999,-0.005545525812,-0.04035370797,-0.01665415056,phone,user4,stand
21.47409833,4.192032623,8.765172729,-1.190474396,-0.0007086924743,-0.02354942635,-0.01751754805,phone,user4,stand
21.49416533,4.254303131,8.786578217,-1.200802917,5.806004629e-05,-0.02202068828,-0.01203651447,phone,user4,stand
21.51423133,4.247866516,8.797954559,-1.238973541,-0.002580925822,-0.02667484991,0.0001917700283,phone,user4,stand
21.53429833,4.17481842,8.815318451,-1.224453735,-0.003312913002,-0.03281537816,0.007373633794,phone,user4,stand
21.55436433,4.082909546,8.811725922,-1.204545135,-0.001797749428,-0.03111640736,0.007529987954,phone,user4,stand
21.57443133,4.087400208,8.821006622,-1.223106537,-0.003866875544,-0.0232207384,0.0004023741931,phone,user4,stand
21.59449733,4.15610733,8.808881836,-1.248852997,-0.01257950068,-0.0159876179,-0.003941347823,phone,user4,stand
21.61456433,4.186045074,8.79900238,-1.253792725,-0.01202052832,-0.009822865948,-0.006641428918,phone,user4,stand
21.63463033,4.189188538,8.755442963,-1.248104553,-0.006785806734,-0.009934677742,-0.004880461842,phone,user4,stand
21.65469733,4.206253052,8.747808838,-1.233435059,0.0008567732293,-0.01288953889,-0.001513770083,phone,user4,stand
21.67476333,4.173171844,8.774004364,-1.212328949,0.007001632825,-0.01473133732,0.001749925083,phone,user4,stand
21.69483033,4.140090637,8.807684326,-1.223106537,0.003964315634,-0.01320869662,0.006136553362,phone,user4,stand
21.71489633,4.108656006,8.789122925,-1.232836304,0.003632580396,-0.009666698985,0.003761685686,phone,user4,stand
21.73496233,4.106111298,8.817863159,-1.263821869,0.0002612236422,-0.007642253302,0.001349269645,phone,user4,stand
21.75502933,4.129762115,8.841064911,-1.272354126,-0.004523263313,-0.01233584899,-0.002192507964,phone,user4,stand
21.77509533,4.143683167,8.83537674,-1.256187744,-0.002662954852,-0.007199986372,-0.005514211021,phone,user4,stand
21.79516233,4.172423401,8.81427063,-1.250349884,-0.003619323717,-0.004707618151,-0.002777794842,phone,user4,stand
21.81522833,4.158202972,8.798553314,-1.230740662,-0.005699871108,-0.004447946325,0.002492654603,phone,user4,stand
21.83529533,4.142186279,8.783584442,-1.256187744,-0.007606103085,-0.007926398888,0.004026599228,phone,user4,stand
21.85536133,4.168082428,8.786428528,-1.267115021,-0.006849590689,-0.01012071688,0.005960826762,phone,user4,stand
21.87542833,4.171824646,8.810528412,-1.266216888,-0.002885648748,-0.007625576574,0.008533546701,phone,user4,stand
21.89549433,4.161196747,8.803642731,-1.254990234,-0.003290808527,-0.004412497394,0.007510786876,phone,user4,stand
21.91556133,4.135749664,8.786278839,-1.225800934,-0.00100958324,-0.0004496872425,0.00566834677,phone,user4,stand
21.93562733,4.146976318,8.795709229,-1.240769806,-0.002096500248,2.570229117e-05,0.00300151296,phone,user4,stand
21.95569433,4.152215424,8.782985687,-1.259630585,-0.000346776098,0.001427407842,0.001842486905,phone,user4,stand
21.97576033,4.127816162,8.784033508,-1.269659729,0.003295545932,-0.003544699633,0.002614059253,phone,user4,stand
21.99582633,4.142186279,8.793912964,-1.267264709,0.006229610182,-0.003000146244,0.00244480418,phone,user4,stand
22.01589333,4.17137558,8.815318451,-1.246757355,0.007001987658,-0.0008516029338,0.003611766966,phone,user4,stand
22.03595933,4.165388031,8.815318451,-1.222657471,0.002999138553,0.001935171662,0.00457928516,phone,user4,stand
22.05602633,4.173920288,8.799451447,-1.234782257,-0.003316375194,0.003195887199,0.00771691557,phone,user4,stand
22.07609233,4.159999237,8.812174988,-1.257534943,-0.0008053088095,0.0120859677,0.003928054124,phone,user4,stand
22.09615933,4.144281921,8.795709229,-1.279688873,0.0004930441501,0.01561550982,0.002271079458,phone,user4,stand
22.11622533,4.144880676,8.78029129,-1.296753387,-0.00106091029,0.007211106364,0.00175735564,phone,user4,stand
22.13629233,4.153412933,8.787476349,-1.271755371,0.003218789585,0.002579602879,0.0006406921893,phone,user4,stand
22.15635833,4.157753906,8.784781952,-1.25663681,0.003119247034,0.004507518839,0.001087880926,phone,user4,stand
22.17642533,4.189038849,8.788374481,-1.240620117,0.003142736387,0.008184296079,0.001616136404,phone,user4,stand
22.19649133,4.185296631,8.802145844,-1.234183502,0.001750500174,0.01026230119,0.002996577183,phone,user4,stand
22.21655833,4.195625153,8.785530396,-1.243913269,7.330090739e-05,0.01398583688,-0.0002541121794,phone,user4,stand
22.23662433,4.201463013,8.790170746,-1.238823853,0.003049819497,0.014366908,-0.001187923946,phone,user4,stand
22.25669133,4.170627136,8.771459656,-1.253044281,0.003231720533,0.01100695226,-0.002113557654,phone,user4,stand
22.27675733,4.199816437,8.744665375,-1.246907043,0.007854613476,0.01525124349,-0.002334281104,phone,user4,stand
22.29682475,4.214934998,8.771759033,-1.255439301,0.01163082756,0.01673606411,-0.0001816373551,phone,user4,stand
22.31689075,4.183200989,8.792715454,-1.253493347,0.01093398966,0.01647689007,0.002480008174,phone,user4,stand
22.33695675,4.165238342,8.769663391,-1.243015137,0.009958499111,0.01209881995,-0.001140281092,phone,user4,stand
22.35702375,4.184099121,8.784183197,-1.226549377,0.0110754557,0.01476845518,-0.0006588002434,phone,user4,stand
22.37708975,4.179009705,8.825048218,-1.245709534,0.008008027449,0.01671895571,0.001470130868,phone,user4,stand
22.39715675,4.159400482,8.793763275,-1.250499573,0.006560637616,0.0165759176,0.004039346706,phone,user4,stand
22.41722275,4.129462738,8.794062653,-1.249302063,0.006055470556,0.0128208315,0.002886793576,phone,user4,stand
22.43728975,4.14562912,8.784632263,-1.259331207,0.005916684866,0.01037660986,0.001238766592,phone,user4,stand
22.45735575,4.130061493,8.77101059,-1.288969574,0.006105893292,0.008603587747,-0.002650690731,phone,user4,stand
22.47742275,4.164190521,8.790021057,-1.274449768,0.006608550437,0.008188625798,-0.0002602287568,phone,user4,stand
22.49748875,4.176165619,8.817264404,-1.282982025,0.00515691936,0.004089391325,0.001140026143,phone,user4,stand
22.51755575,4.17721344,8.814869385,-1.284927979,0.003419030225,0.001101197209,0.002124889754,phone,user4,stand
22.53762175,4.137545929,8.78852417,-1.257534943,0.004320389591,-0.004338917322,0.005166554824,phone,user4,stand
22.55768875,4.109254761,8.794511719,-1.224453735,0.004170626402,0.0007432010025,0.003952736501,phone,user4,stand
22.57775475,4.100423126,8.835975494,-1.271755371,0.001396090141,0.0038433359,0.003860815428,phone,user4,stand
22.59782175,4.135599976,8.829089813,-1.290316772,-0.005732220598,0.003385546617,-0.001055596047,phone,user4,stand
22.61788775,4.155807953,8.784332886,-1.297801208,-0.007804655004,-0.00496325735,-0.0009688698919,phone,user4,stand
22.63795375,4.11868515,8.804391174,-1.291065216,-0.007464157417,-0.01596967876,0.00229394692,phone,user4,stand
22.65802075,4.124373322,8.801547089,-1.244062958,-0.007221396547,-0.0191566404,0.0005216044374,phone,user4,stand
22.67808675,4.13859375,8.79436203,-1.235979767,-0.009071118198,-0.01420868374,-0.0002928632312,phone,user4,stand
22.69815375,4.181404724,8.774303741,-1.238674164,-0.008390995674,-0.006970343646,-0.003308164887,phone,user4,stand
22.71821975,4.182302856,8.784931641,-1.252295837,-0.005928902887,-0.004646884743,-9.087799117e-05,phone,user4,stand
22.73828675,4.190835114,8.776100006,-1.261127472,-0.00308432267,-0.004305032082,-1.697801054e-06,phone,user4,stand
22.75835275,4.191583557,8.779692535,-1.251697083,0.0006944979541,-0.001632761559,-0.002692244947,phone,user4,stand
22.77841975,4.194876709,8.775501251,-1.259630585,-0.00329633872,-0.0004866760573,-0.002845669631,phone,user4,stand
22.79848575,4.204905853,8.773704987,-1.274749146,-0.004483464174,-0.001960399561,-0.001871291082,phone,user4,stand
22.81855275,4.213737488,8.784781952,-1.260828094,-0.004267069045,-0.006072012242,0.001786817564,phone,user4,stand
22.83861875,4.175866241,8.764723663,-1.235381012,0.001217738376,-0.005145946983,0.002880293177,phone,user4,stand
22.85868575,4.203408966,8.777447205,-1.211580505,0.004675448872,0.001051075291,0.001099794405,phone,user4,stand
22.87875175,4.182302856,8.799601135,-1.243314514,-0.0005777555052,0.006769456901,0.0002177467104,phone,user4,stand
22.89881775,4.161795502,8.792565765,-1.2660672,-0.0064050816,0.00566791743,0.003936539404,phone,user4,stand
22.91888475,4.168381805,8.801547089,-1.266815643,-0.005180820823,0.002146306448,0.0001714432146,phone,user4,stand
22.93895075,4.170776825,8.778644714,-1.256038055,0.001558190212,0.004277144093,-0.002091719769,phone,user4,stand
22.95901775,4.165986786,8.76038269,-1.239272919,0.005968620069,0.006180569064,-0.002364332089,phone,user4,stand
22.97908375,4.167932739,8.770860901,-1.273551636,0.001995537896,0.00208925968,3.93060036e-05,phone,user4,stand
22.99915075,4.164190521,8.794062653,-1.277892609,2.669566311e-05,-0.003461330431,0.004182181787,phone,user4,stand
23.01921675,4.143683167,8.821006622,-1.286424866,0.003318656934,-0.01047053654,0.004433644004,phone,user4,stand
23.03928375,4.121828613,8.823251953,-1.217118988,0.004364807159,-0.01081604324,0.001959267072,phone,user4,stand
23.05934975,4.140240326,8.798703003,-1.196312256,0.002594515448,0.001476436621,-0.000914842356,phone,user4,stand
23.07941675,4.177812195,8.809929657,-1.210083618,-0.001011109212,0.02049602009,-0.0006195155438,phone,user4,stand
23.09948275,4.227359161,8.803493042,-1.280287628,-0.003890932538,0.02509578876,0.002845798619,phone,user4,stand
23.11954975,4.185296631,8.805139618,-1.326990509,-0.006734700408,0.009833085351,0.007542404346,phone,user4,stand
23.13961575,4.123774567,8.795409851,-1.310824127,-0.006650352851,-0.006517222617,0.008744691499,phone,user4,stand
23.15968175,4.085603943,8.807834015,-1.264270935,-0.002599094762,-0.01202873141,0.001852395013,phone,user4,stand
23.17974875,4.08710083,8.793912964,-1.229842529,-0.0009699775837,-0.005100729875,-0.004341807216,phone,user4,stand
23.19981475,4.121828613,8.785680084,-1.25079895,-0.0005136018153,0.0001141331159,-0.00444862619,phone,user4,stand
23.21988175,4.156556396,8.773106232,-1.256786499,-0.001593779773,-0.009370980784,-0.0006496269489,phone,user4,stand
23.23994775,4.160298615,8.79555954,-1.265618134,-0.004027558491,-0.02394913882,0.003096853849,phone,user4,stand
23.26001475,4.180356903,8.799152069,-1.232686615,-0.004504329525,-0.02345730923,-0.001088349381,phone,user4,stand
23.28008075,4.172722778,8.79316452,-1.204694824,-0.003821632825,-0.007188744843,-0.002684557345,phone,user4,stand
23.30014733,4.216431885,8.779991913,-1.225950623,-0.002226280747,0.006303851958,-0.006354916841,phone,user4,stand
23.32021333,4.230502625,8.776249695,-1.246907043,-0.004098274745,7.321703015e-05,-0.0002613026882,phone,user4,stand
23.34028033,4.193080444,8.745713196,-1.219514008,0.0004456627648,-0.004477926064,0.003611319233,phone,user4,stand
23.36034633,4.198169861,8.761879578,-1.229393463,-0.0007081360091,-0.006131706294,0.006899781525,phone,user4,stand
23.38041333,4.192930756,8.800349579,-1.221759338,-0.004262923263,-0.005136216525,0.009029512294,phone,user4,stand
23.40047933,4.149970093,8.809031525,-1.228794708,-0.005563635379,-0.0004278624838,0.005943836179,phone,user4,stand
23.42054633,4.135749664,8.819210358,-1.21337677,-0.002942945343,0.009695232846,-0.001121087931,phone,user4,stand
23.44061233,4.127816162,8.795110474,-1.222058716,-0.0001204884611,0.0167319607,-0.00552181853,phone,user4,stand
23.46067833,4.177363129,8.756041718,-1.24032074,0.004021780565,0.01714790612,-0.008394998498,phone,user4,stand
23.48074533,4.20999527,8.740025024,-1.283730469,0.005127029959,0.005800982937,0.0003350649495,phone,user4,stand
23.50081133,4.204905853,8.76277771,-1.291065216,0.00345160719,-0.002649344737,0.002863863716,phone,user4,stand
23.52087833,4.168082428,8.808133392,-1.264570312,0.004356521182,-0.00863713026,0.005237902049,phone,user4,stand
23.54094433,4.136797485,8.825646973,-1.22864502,0.001632782514,-0.009980772622,0.0002906154841,phone,user4,stand
23.56101133,4.127965851,8.811426544,-1.198258209,0.0013025261,-0.002228276338,-0.005578517914,phone,user4,stand
23.58107733,4.182302856,8.780440979,-1.209185486,-0.002066316549,0.009151995182,-0.007046409883,phone,user4,stand
23.60114433,4.211342468,8.784033508,-1.250948639,-0.003649207531,0.01399399526,-0.003145008814,phone,user4,stand
23.62121033,4.210594025,8.765322418,-1.289867706,-0.002429276006,0.004808431491,0.00379594299,phone,user4,stand
23.64127733,4.194128265,8.760981445,-1.273551636,-0.001960468711,-0.00188768073,0.005736349151,phone,user4,stand
23.66134333,4.183799744,8.784183197,-1.26247467,-0.000393699389,-0.0030262121,0.004691120237,phone,user4,stand
23.68141033,4.166136475,8.765472107,-1.244512024,-0.0003125329968,-0.004533083178,0.002035638317,phone,user4,stand
23.70147633,4.180656281,8.781039734,-1.221759338,0.006383747794,0.002699880628,-0.0001447094837,phone,user4,stand
23.72154233,4.199517059,8.792266388,-1.211730194,0.005759029649,0.01026133075,-0.001411186764,phone,user4,stand
23.74160933,4.198768616,8.786578217,-1.236578522,0.006436095573,0.0124469772,-0.0005478415405,phone,user4,stand
23.76167533,4.197720795,8.769663391,-1.251397705,0.002488775179,0.01373472624,0.002300810535,phone,user4,stand
23.78174233,4.175117798,8.772956543,-1.285826111,0.003126673168,0.01138329878,0.002316069324,phone,user4,stand
23.80180833,4.160897369,8.792865143,-1.266366577,0.007200038061,0.004989369772,-7.167691365e-05,phone,user4,stand
23.82187533,4.177512817,8.780740356,-1.261726227,0.006501872558,0.005189178977,-0.001284817699,phone,user4,stand
23.84194133,4.177063751,8.809480591,-1.256038055,0.004062656779,0.007166375872,-0.002107637469,phone,user4,stand
23.86200833,4.173321533,8.769364014,-1.274599457,-0.001205905341,0.006486119237,-0.000535556348,phone,user4,stand
23.88207433,4.178860016,8.765023041,-1.248852997,0.00037376408,0.006927714217,0.001830653753,phone,user4,stand
23.90214133,4.188589783,8.782237244,-1.248852997,0.003507003188,0.005659868475,0.001822913298,phone,user4,stand
23.92220733,4.190984802,8.790170746,-1.252445526,0.004966622218,0.003247257322,-0.0002394823823,phone,user4,stand
23.94227433,4.195475464,8.78268631,-1.244062958,0.007816969417,0.003277113428,0.0004278430715,phone,user4,stand
23.96234033,4.181704102,8.792715454,-1.244062958,0.003427759046,0.003740219399,-6.525940262e-05,phone,user4,stand
23.98240633,4.162094879,8.801247711,-1.256187744,-0.004487068392,0.002452186309,0.001171272015,phone,user4,stand
24.00247333,4.154460754,8.783285065,-1.270557861,-0.003144211834,-0.002340182196,-0.0002775393659,phone,user4,stand
24.02253933,4.164190521,8.781638489,-1.276246033,0.002906460315,-0.006741940044,-0.002709786873,phone,user4,stand
24.04260633,4.157454529,8.792416077,-1.244512024,0.004250464495,-0.00459252717,-0.004861460999,phone,user4,stand
24.06267233,4.177063751,8.79196701,-1.234033813,0.0009566118242,-7.129675942e-05,6.390409544e-05,phone,user4,stand
24.08273933,4.176464996,8.784332886,-1.239871674,-0.002052288502,-0.0003319250245,0.002518573776,phone,user4,stand
24.10280533,4.173471222,8.788973236,-1.245110779,-0.003037241986,1.258181874e-05,0.004003199283,phone,user4,stand
24.12287233,4.163741455,8.787925415,-1.253343658,-0.001278491691,0.001324337674,0.0007249261253,phone,user4,stand
24.14293833,4.173770599,8.769513702,-1.242117004,0.002369614551,-0.0005629428197,-0.002097408054,phone,user4,stand
24.16300533,4.200415192,8.751700745,-1.252295837,0.001187000889,-0.003449816955,-0.0037347693,phone,user4,stand
24.18307133,4.199816437,8.770561523,-1.241667938,0.000206545461,8.225953206e-05,-0.002841426525,phone,user4,stand
24.20313733,4.217180328,8.776249695,-1.235081635,-0.0007558376528,0.004269799218,-0.002120829187,phone,user4,stand
24.22320433,4.22990387,8.7814888,-1.235830078,0.00471745152,0.01544657908,-0.003919859417,phone,user4,stand
24.24327033,4.210743713,8.730145569,-1.222208405,0.01131414715,0.01333869901,-0.002089244546,phone,user4,stand
24.26333733,4.199367371,8.676107941,-1.182840271,0.02438528463,0.007944747806,-0.002398603363,phone,user4,stand
24.283403,4.243375854,8.744216309,-1.155746613,0.034617275,0.01197685301,-0.00169053534,phone,user4,stand
24.30347,4.261787567,8.820856934,-1.178648987,0.03329753503,0.02650245652,-0.003678200534,phone,user4,stand
24.323536,4.208348694,8.847501526,-1.238225098,0.02163496241,0.03981409967,-0.00350479316,phone,user4,stand
24.343603,4.160897369,8.832233276,-1.252146149,0.01386073977,0.05114441365,-0.003758413484,phone,user4,stand
24.363669,4.111949158,8.835077362,-1.304836578,0.010081104,0.04864848778,-0.005184370093,phone,user4,stand
24.383736,4.116888885,8.834777985,-1.296603699,0.01137472037,0.04125109687,-0.01235793065,phone,user4,stand
24.403802,4.12108017,8.802744598,-1.284478912,0.01211993024,0.02725209668,-0.01205170248,phone,user4,stand
24.423869,4.126618652,8.771759033,-1.317410431,0.004928091541,0.009306201711,-0.002085373038,phone,user4,stand
24.443935,4.094884644,8.803193665,-1.336720276,-0.003178981133,-0.006026039831,0.00651992159,phone,user4,stand
24.464001,4.070934448,8.799152069,-1.312470703,-0.006677474827,-0.01735940576,0.005696898326,phone,user4,stand
24.484068,4.119283905,8.781189423,-1.269360352,-0.00202402845,-0.01518668514,-0.003104175208,phone,user4,stand
24.504134,4.212539978,8.769513702,-1.265618134,-0.0002138335258,-0.01249296963,-0.004863076378,phone,user4,stand
24.524201,4.258644104,8.80019989,-1.279090118,-0.007410566323,-0.01112187095,0.0001019437332,phone,user4,stand
24.544267,4.249962158,8.783434753,-1.284179535,-0.008461125195,-0.01131611224,0.008428014815,phone,user4,stand
24.564334,4.195026398,8.787027283,-1.252445526,-0.005575926043,-0.006273825187,0.008670551702,phone,user4,stand
24.5844,4.181105347,8.776399384,-1.227148132,-0.0006072667893,-0.0002012855548,0.001940210583,phone,user4,stand
24.604467,4.13979126,8.794811096,-1.238075409,0.00057343964,0.00190269039,4.530441947e-05,phone,user4,stand
24.624533,4.15610733,8.782237244,-1.238973541,-0.003729855642,0.007842372172,-0.001789578353,phone,user4,stand
24.6446,4.180656281,8.766669617,-1.291214905,-0.006419934798,0.009760484099,-0.0009640081553,phone,user4,stand
24.664666,4.197271729,8.765921173,-1.329535217,-0.002819576534,0.0037258144,0.003276102711,phone,user4,stand
24.684733,4.213288422,8.774603119,-1.293460236,0.00501775369,-0.003994527739,0.005007022992,phone,user4,stand
24.704799,4.199816437,8.80019989,-1.275497589,0.006521109492,-0.001762681408,0.002406900749,phone,user4,stand
24.724865,4.160148926,8.80259491,-1.259630585,0.001122818678,0.008820964955,0.0004530514125,phone,user4,stand
24.744932,4.160298615,8.780740356,-1.285077667,-0.001771412324,0.01608339511,-0.001053283457,phone,user4,stand
24.764998,4.172273712,8.813821564,-1.292562103,-0.001586737344,0.01427799556,0.002351576695,phone,user4,stand
24.785065,4.139342194,8.821455688,-1.301244049,-0.002459217329,0.01096585486,0.003078026231,phone,user4,stand
24.805131,4.147575073,8.791667633,-1.275796967,-0.006033574231,0.002895481419,0.006040937267,phone,user4,stand
24.825198,4.155807953,8.769513702,-1.255139923,-0.008951086551,-0.0006612827419,0.006156383082,phone,user4,stand
24.845264,4.153862,8.78268631,-1.253493347,-0.01050486416,-0.001456375234,0.004361119587,phone,user4,stand
24.865331,4.168830872,8.789122925,-1.246907043,-0.007736730855,-0.002989212982,-0.0001894950401,phone,user4,stand
24.885397,4.172124023,8.774902496,-1.261726227,-0.008652457036,-0.00475415634,-0.001286327257,phone,user4,stand
24.905464,4.160298615,8.756640472,-1.251397705,-0.005330076441,-0.005257621873,-0.00177658943,phone,user4,stand
24.92553,4.174369354,8.769364014,-1.265468445,-0.005728163291,-0.002268971177,-0.0005112792132,phone,user4,stand
24.945597,4.203109589,8.795260162,-1.25199646,-0.0006496892311,-0.002341035055,0.0003679669462,phone,user4,stand
24.965663,4.197571106,8.795110474,-1.242416382,0.003260325175,-0.005778966472,0.002134346636,phone,user4,stand
24.985729,4.179608459,8.775351563,-1.213526459,0.002901369706,-0.00686734356,0.00351928547,phone,user4,stand
25.005796,4.146976318,8.806337128,-1.220861206,-0.0008349574637,-0.00834697485,0.00192655297,phone,user4,stand
25.025862,4.157155151,8.840466156,-1.216071167,-0.003499359358,-0.002377242548,-4.370510578e-05,phone,user4,stand
25.045929,4.170477448,8.810827789,-1.247206421,-0.005491408054,-2.818746725e-05,-0.001101968344,phone,user4,stand
25.065995,4.155807953,8.782835999,-1.273701324,-0.008429323323,-0.004654411227,0.0005489804316,phone,user4,stand
25.086062,4.158951416,8.793912964,-1.266665955,-0.006544038188,-0.01108674053,0.006224662066,phone,user4,stand
25.106128,4.17137558,8.808582458,-1.26367218,-0.01226400677,-0.01225728635,0.0106551135,phone,user4,stand
25.126195,4.145329742,8.809181213,-1.236129456,-0.01415283233,-0.0165788997,0.01071867812,phone,user4,stand
25.146261,4.1233255,8.794661407,-1.247805176,-0.01421894971,-0.01574748941,0.008608499542,phone,user4,stand
25.166328,4.123924255,8.787027283,-1.247655487,-0.01457521506,-0.01653960533,0.004754872061,phone,user4,stand
25.186394,4.157454529,8.796457672,-1.237027588,-0.01444995217,-0.01535252668,0.002752845176,phone,user4,stand
25.206461,4.202810211,8.774603119,-1.258433075,-0.01522182673,-0.01777507551,-0.001845927909,phone,user4,stand
25.226527,4.220922546,8.736881561,-1.242566071,-0.01075534988,-0.02427023835,-0.004408316687,phone,user4,stand
25.246593,4.254153442,8.730444946,-1.248254242,-0.007216071244,-0.02862547711,-0.001359229675,phone,user4,stand
25.26666,4.289929047,8.753047943,-1.23089035,-0.0079866983,-0.02641985565,0.004195807036,phone,user4,stand
25.28672671,4.278103638,8.78612915,-1.201251984,-0.006279050373,-0.01929516718,0.00954759866,phone,user4,stand
25.30679371,4.228406982,8.788973236,-1.206491089,-0.009436710738,-0.01359272469,0.01114089973,phone,user4,stand
25.32685971,4.182901611,8.780590668,-1.219064941,-0.01106665004,-0.01338806376,0.008514997549,phone,user4,stand
25.34692671,4.22167099,8.771908722,-1.217118988,-0.009497985244,-0.004805888515,0.004409277812,phone,user4,stand
25.36699271,4.225113831,8.779991913,-1.228046265,-0.009892691858,0.01174439304,0.006222987548,phone,user4,stand
25.38705971,4.250860291,8.805738373,-1.23208786,-0.01083154697,0.01365255751,0.006476571783,phone,user4,stand
25.40712571,4.190535736,8.768316193,-1.261277161,-0.01090794895,0.00174991088,0.004582248628,phone,user4,stand
25.42719271,4.180207214,8.712033234,-1.268462219,-0.007629034575,-0.00810423214,0.008567119017,phone,user4,stand
25.44725871,4.181105347,8.76038269,-1.284329224,0.0007927897386,-0.004856404383,0.00698235631,phone,user4,stand
25.46732471,4.188290405,8.797505493,-1.261127472,-0.0003722487018,0.0007641891716,0.005040862132,phone,user4,stand
25.48739171,4.203109589,8.795709229,-1.233884125,-0.001483612694,-0.001367371762,0.002098541707,phone,user4,stand
25.50745771,4.181704102,8.760682068,-1.241967316,-0.005445153452,-0.01175676845,0.0005608063657,phone,user4,stand
25.52752471,4.197870483,8.762628021,-1.221909027,-0.007483899593,-0.008079319261,-0.0003860857105,phone,user4,stand
25.54759071,4.211641846,8.784781952,-1.22744751,-0.006625914481,-0.00314941234,-0.002470566891,phone,user4,stand
25.56765771,4.241280212,8.776698761,-1.226549377,-0.002261974849,0.007245923392,-0.003452419303,phone,user4,stand
25.58772371,4.258644104,8.762628021,-1.218915253,0.003058941104,0.01156999823,-0.0004706098698,phone,user4,stand
25.60779071,4.277355194,8.738677826,-1.211580505,0.003501292318,0.01112418529,0.002092949115,phone,user4,stand
25.62785671,4.272864532,8.752748566,-1.216071167,0.002156069269,0.01179619599,0.005323397927,phone,user4,stand
25.64792371,4.235592041,8.783434753,-1.220861206,0.0002348066773,0.01040783711,0.008908235468,phone,user4,stand
25.66798971,4.201163635,8.793763275,-1.228495331,-0.0008026782889,0.008501831442,0.008382097818,phone,user4,stand
25.68805671,4.196972351,8.78268631,-1.21577179,0.0003736758372,0.01257054787,0.003806426656,phone,user4,stand
25.70812271,4.222120056,8.790769501,-1.217568054,-7.332465611e-05,0.01771063916,0.002346018096,phone,user4,stand
25.72818871,4.218228149,8.783135376,-1.196611633,-0.003101010341,0.02452089824,0.002362683415,phone,user4,stand
25.74825571,4.234693909,8.772357788,-1.223705292,-0.005146764219,0.0259571597,0.002552138176,phone,user4,stand
25.76832171,4.243375854,8.730145569,-1.229992218,-0.005132829305,0.02145895176,0.003491726471,phone,user4,stand
25.78838871,4.237238617,8.722212067,-1.263522491,-0.002096389187,0.01460611261,0.004973559175,phone,user4,stand
25.80845471,4.228257294,8.741970978,-1.255588989,0.001962487819,0.008804220706,0.005484235473,phone,user4,stand
25.82852171,4.199367371,8.775201874,-1.250499573,0.005767050199,0.003643577918,0.009664539248,phone,user4,stand
25.84858771,4.1631427,8.79555954,-1.221459961,0.004813309759,0.002159908647,0.006109597161,phone,user4,stand
25.86865471,4.130061493,8.827742615,-1.172511749,0.00487707695,0.005314646289,0.0009902110323,phone,user4,stand
25.88872071,4.145180054,8.809929657,-1.20170105,0.000793743995,0.006440472323,-0.004018259235,phone,user4,stand
25.90878771,4.184548187,8.781339111,-1.207987976,-0.003516669851,0.008198969066,-0.004248570185,phone,user4,stand
25.92885371,4.196672974,8.777596893,-1.234333191,-0.005125372671,0.006022471469,-0.003912127577,phone,user4,stand
25.94891971,4.216880951,8.74990448,-1.234183502,0.0006115838187,0.0003769870382,-0.002171357162,phone,user4,stand
25.96898671,4.241878967,8.76038269,-1.202599182,0.003411425278,-0.00176227605,-0.002301541623,phone,user4,stand
25.98905271,4.217928772,8.770112457,-1.184037781,0.005974289961,0.0008427447756,0.002312231576,phone,user4,stand
26.00911971,4.21119278,8.781189423,-1.177900543,-0.0002975084353,0.004905412439,0.005636661313,phone,user4,stand
26.02918571,4.199067993,8.806786194,-1.191522217,-0.001117754029,0.00763033051,0.005095352884,phone,user4,stand
26.04925271,4.167184296,8.800648956,-1.234183502,-0.007689606864,0.002522622235,0.0002761578653,phone,user4,stand
26.06931871,4.168232117,8.776998138,-1.246457977,-0.004260291345,-0.00388559862,-0.004321132787,phone,user4,stand
26.08938571,4.210893402,8.76741806,-1.207089844,-0.001312697539,-0.003751753829,0.0003780957777,phone,user4,stand
26.10945171,4.231400757,8.766819305,-1.204245758,-0.0024242457,0.001315110829,0.001251467038,phone,user4,stand
26.12951871,4.236639862,8.785231018,-1.193617859,-0.005584645551,0.003730215365,0.004917702638,phone,user4,stand
26.14958471,4.223167877,8.773106232,-1.229692841,-0.0074703102,0.0006304034614,0.004951612093,phone,user4,stand
26.16965171,4.212240601,8.769962769,-1.256936188,-0.00490402896,-0.0103877224,0.00317311869,phone,user4,stand
26.18971771,4.222419434,8.760532379,-1.208287354,-0.0008182735182,-0.006889418699,0.001051488565,phone,user4,stand
26.20978371,4.223317566,8.782536621,-1.185684357,0.0006477966672,0.006919870619,0.0002972814254,phone,user4,stand
26.22985071,4.23454422,8.760981445,-1.17355957,0.0010587906,0.01098120213,0.002862801775,phone,user4,stand
26.24991671,4.224964142,8.766370239,-1.203048248,-0.002156540519,0.009641619399,0.003633471904,phone,user4,stand
26.26998371,4.202361145,8.786877594,-1.202599182,-0.0005807133857,0.005201569758,0.002174655441,phone,user4,stand
26.29004971,4.197870483,8.785530396,-1.225651245,0.0008009948069,0.0001666515018,0.001774426317,phone,user4,stand
26.31011671,4.187991028,8.774902496,-1.196461945,0.002647924703,-4.622561391e-06,-0.0002939905971,phone,user4,stand
26.33018271,4.212539978,8.785829773,-1.185384979,0.001661414979,0.003366377437,9.547127411e-05,phone,user4,stand
26.35024971,4.238436127,8.783434753,-1.202599182,-0.001712881261,0.00719078118,-0.001594747417,phone,user4,stand
26.37031571,4.2427771,8.776698761,-1.197360077,-0.002252322854,0.01384609286,-0.0001982570393,phone,user4,stand
26.39038271,4.244872742,8.760831757,-1.242117004,-0.001634415239,0.01084399596,-0.0001439959742,phone,user4,stand
26.41044871,4.227957916,8.75813736,-1.240171051,-0.001305600628,0.003545465413,0.002904766006,phone,user4,stand
26.43051471,4.208947449,8.766070862,-1.252595215,-0.002162786433,-0.007955791429,0.005995389074,phone,user4,stand
26.45058171,4.187242584,8.776998138,-1.217418365,-0.0005272419658,-0.01119994372,0.00385088427,phone,user4,stand
26.47064771,4.185895386,8.800648956,-1.208287354,-0.003294443944,-0.008506016806,0.0006817488465,phone,user4,stand
26.49071471,4.181105347,8.785231018,-1.173409882,-0.005280368496,-0.004440822173,-0.001792783849,phone,user4,stand
26.51078071,4.210743713,8.795858917,-1.195414124,-0.008600171655,-0.005181721877,-0.004712458234,phone,user4,stand
26.53084771,4.208498383,8.759634247,-1.222507782,-0.008109439164,-0.01164641697,-0.0007379824528,phone,user4,stand
26.55091371,4.221371613,8.77325592,-1.207089844,-0.005238204263,-0.01245911326,-0.001243051374,phone,user4,stand
26.57098071,4.236639862,8.776249695,-1.175655212,-5.406374112e-05,-0.008800460026,0.003908519633,phone,user4,stand
26.59104671,4.265829163,8.790320435,-1.162183228,-0.0003254339099,-0.002675335854,0.004415242933,phone,user4,stand
26.61111371,4.249662781,8.819060669,-1.179696808,-0.005681120791,-0.001920622308,0.01380033139,phone,user4,stand
26.63117971,4.179009705,8.823401642,-1.173260193,-0.01404346526,0.0003248432186,0.01692008972,phone,user4,stand
26.65124571,4.151317291,8.823551331,-1.189576263,-0.01844087616,0.009251759388,0.008579601534,phone,user4,stand
26.67131271,4.152365112,8.779991913,-1.249451752,-0.02335668728,0.01005492546,0.005853065755,phone,user4,stand
26.69137871,4.170776825,8.750203857,-1.258133698,-0.02243245207,-0.001590587315,0.004360905848,phone,user4,stand
26.71144571,4.184099121,8.745114441,-1.231788483,-0.01563621312,-0.01722072251,0.001637565903,phone,user4,stand
26.73151171,4.174369354,8.747808838,-1.204844513,-0.01282465737,-0.02669433318,-1.355144195e-05,phone,user4,stand
26.75157871,4.198169861,8.722062378,-1.179696808,-0.004443213344,-0.02802063897,-0.01208011061,phone,user4,stand
26.77164471,4.254003754,8.733887787,-1.16188385,0.001645807526,-0.02300759032,-0.01366760302,phone,user4,stand
26.79171171,4.301305389,8.740025024,-1.152303772,0.007467329502,-0.01759902015,-0.01455975417,phone,user4,stand
26.81177771,4.32809967,8.765322418,-1.162931671,0.009089254774,-0.00792385079,-0.01244337391,phone,user4,stand
26.83184471,4.338577881,8.7522995,-1.161135406,0.01167395152,0.005135737825,-0.006474538706,phone,user4,stand
26.85191071,4.336781616,8.762328644,-1.157842255,0.0137123242,0.01002066676,0.00133078685,phone,user4,stand
26.87197771,4.308490448,8.776698761,-1.170266418,0.007483000867,0.01041749306,0.009044732898,phone,user4,stand
26.89204371,4.25565033,8.775201874,-1.175355835,0.001916350797,0.007880428806,0.01304163039,phone,user4,stand
26.91210971,4.216132507,8.794212341,-1.163231049,-0.003512625815,0.002543145325,0.01218165457,phone,user4,stand
26.93217671,4.199666748,8.785829773,-1.162332916,-0.004227794241,0.008512518369,0.008377244696,phone,user4,stand
26.95224271,4.186194763,8.775800629,-1.142574005,-0.002703526989,0.01526336931,0.003871273715,phone,user4,stand
26.97230971,4.219126282,8.753796387,-1.157692566,-0.001471046824,0.01658359729,0.0009769366588,phone,user4,stand
26.99237571,4.240831146,8.750054169,-1.179846497,0.004126629326,0.01608109288,0.000446642749,phone,user4,stand
27.01244271,4.259991302,8.749006348,-1.206940155,0.008934786543,0.01694862358,-0.0009584155632,phone,user4,stand
27.03250871,4.226161652,8.730744324,-1.222358093,0.008636363782,0.01617945917,0.002536459127,phone,user4,stand
27.05257571,4.237837372,8.758885803,-1.247206421,0.009823545814,0.008896460757,0.006416909397,phone,user4,stand
27.07264171,4.20879776,8.794212341,-1.228495331,0.008471598849,-0.004919564351,0.009299049154,phone,user4,stand
27.09270871,4.171225891,8.822802887,-1.202449493,0.005774283782,-0.01268471684,0.01026021596,phone,user4,stand
27.11277471,4.180207214,8.820407867,-1.190624084,-0.001008221647,-0.007286935113,0.006521122064,phone,user4,stand
27.13284071,4.177512817,8.792416077,-1.176403656,-0.009214888327,0.000170113577,0.006208855659,phone,user4,stand
27.15290771,4.212090912,8.762628021,-1.196312256,-0.01235605776,0.003635652363,0.002261844929,phone,user4,stand
27.17297371,4.26732605,8.758885803,-1.198856964,-0.008293649182,0.008296681568,0.000116993906,phone,user4,stand
27.19304071,4.293371887,8.738977203,-1.201401672,-0.0001417936292,0.01078778598,0.002306809649,phone,user4,stand
27.21310671,4.314927063,8.711584167,-1.211430817,0.005182575434,0.01483218931,0.006007245742,phone,user4,stand
27.23317371,4.298311615,8.716823273,-1.199904785,0.006328020245,0.01991095021,0.009122747928,phone,user4,stand
27.25323971,4.269122314,8.742569733,-1.201102295,0.007994327694,0.02758316509,0.01092519052,phone,user4,stand
27.27330671,4.215533752,8.769364014,-1.200353851,0.006315158214,0.0252604261,0.00776017271,phone,user4,stand
27.29337196,4.167184296,8.812025299,-1.212628326,0.007298869081,0.01446007006,0.004646173213,phone,user4,stand
27.31343896,4.161346436,8.782237244,-1.204545135,0.003528247587,0.01113409176,-0.0005904090358,phone,user4,stand
27.33350496,4.174519043,8.759035492,-1.228794708,-0.003172956174,0.004433147609,-0.0005160230212,phone,user4,stand
27.35357096,4.178860016,8.776399384,-1.218166809,-0.007226107642,0.00098137022,0.001150322147,phone,user4,stand
27.37363796,4.201013947,8.759484558,-1.201850739,-0.005709192716,-0.002992113819,0.001952111023,phone,user4,stand
27.39370396,4.243974609,8.732091522,-1.163231049,-0.003089912934,-0.005378934089,0.0007555182092,phone,user4,stand
27.41377096,4.275109863,8.72415802,-1.185085602,-0.002393981675,-0.008407017216,-0.003743507899,phone,user4,stand
27.43383696,4.287833405,8.700656891,-1.181343384,-0.004824104253,-0.01176156197,-0.008172497153,phone,user4,stand
27.45390396,4.309987335,8.724307709,-1.189725952,-0.009014441632,-0.01843125746,-0.00973410625,phone,user4,stand
27.47396996,4.349505157,8.732989655,-1.177601166,-0.01017365698,-0.01578964666,-0.01545442361,phone,user4,stand
27.49403696,4.37375473,8.719367981,-1.146914978,0.00160988397,-0.000356937875,-0.01433162671,phone,user4,stand
27.51410296,4.377496948,8.716523895,-1.142723694,0.01549261622,0.0203573741,-0.01213866565,phone,user4,stand
27.53416996,4.385280762,8.750054169,-1.160237274,0.0199771896,0.03091415763,-0.007018372882,phone,user4,stand
27.55423596,4.381388855,8.749754791,-1.139280853,0.01885817014,0.03264515474,-0.003266869113,phone,user4,stand
27.57430196,4.346212006,8.736582184,-1.145418091,0.01409063488,0.03081454895,0.007335483097,phone,user4,stand
27.59436896,4.258943481,8.7522995,-1.162781982,0.0110698482,0.03196790442,0.01154744625,phone,user4,stand
27.61443496,4.17721344,8.787775726,-1.219663696,0.009667655453,0.03962437063,0.01267701574,phone,user4,stand
27.63450196,4.13739624,8.793463898,-1.271156616,0.01001925673,0.0297041852,0.005269902758,phone,user4,stand
27.65456796,4.145329742,8.807534637,-1.242715759,0.009799632244,0.0143613182,-0.0006364310393,phone,user4,stand
27.67463496,4.159849548,8.794062653,-1.208287354,0.006228280254,0.006117037032,-0.003065620083,phone,user4,stand
27.69470096,4.160897369,8.767867126,-1.155447235,-0.001247834647,-0.005998470355,-0.001207746798,phone,user4,stand
27.71476796,4.193978577,8.779692535,-1.129401398,-0.002877868246,-0.006442015525,-0.002935846336,phone,user4,stand
27.73483396,4.239783325,8.816515961,-1.159488831,-0.006812946871,0.001347037731,-0.009605335072,phone,user4,stand
27.75490096,4.279151459,8.766220551,-1.165626068,-0.005135489628,0.006463193335,-0.01095368154,phone,user4,stand
27.77496696,4.27660675,8.741072845,-1.186582489,-0.002100621117,0.005500152241,-0.008594603278,phone,user4,stand
27.79503296,4.257446594,8.740474091,-1.197360077,0.00438300427,-0.0009984285571,-0.003118822584,phone,user4,stand
27.81509996,4.280049591,8.785680084,-1.184636536,0.006518670358,0.001710287994,-0.0003607525723,phone,user4,stand
27.83516596,4.272265778,8.76277771,-1.17131424,0.004354266915,0.006537749898,0.0006903558969,phone,user4,stand
27.85523296,4.265829163,8.741372223,-1.165326691,0.0007654759102,0.008151762187,0.002943414962,phone,user4,stand
27.87529896,4.251309357,8.755293274,-1.177750854,0.001337906113,0.005014515482,0.002627305919,phone,user4,stand
27.89536596,4.24861496,8.761131134,-1.181642761,0.002297719009,-0.0003963735362,0.002879165579,phone,user4,stand
27.91543196,4.198768616,8.766370239,-1.222657471,-0.001860838383,-0.009437625296,0.004298381507,phone,user4,stand
27.93549896,4.179458771,8.784632263,-1.183139648,-0.003345312318,-0.01428735908,0.002146141836,phone,user4,stand
27.95556496,4.202061768,8.795409851,-1.17131424,-0.002712219488,-0.007941640913,-0.003532660659,phone,user4,stand
27.97563196,4.205953674,8.806786194,-1.157842255,0.0008214107947,-0.001192615833,-0.009649417363,phone,user4,stand
27.99569796,4.22047348,8.769663391,-1.154549103,0.002803539624,0.003571873531,-0.009978550486,phone,user4,stand
28.01576396,4.251009979,8.742270355,-1.162482605,0.001249882625,0.00248112902,-0.01225983165,phone,user4,stand
28.03583096,4.258045349,8.74286911,-1.197509766,-0.0003339857794,-0.005883880891,-0.004825188313,phone,user4,stand
28.05589696,4.250860291,8.742719421,-1.223555603,-0.004368947819,-0.013831174,0.003976211883,phone,user4,stand
28.07596396,4.236639862,8.77684845,-1.206191711,-0.000832920894,-0.02079404891,0.005847308785,phone,user4,stand
28.09602996,4.202361145,8.805738373,-1.154249725,0.003349077888,-0.02218481153,0.000593065517,phone,user4,stand
28.11609696,4.226161652,8.804391174,-1.115480347,0.001802815706,-0.005519784056,-0.005777809769,phone,user4,stand
28.13616296,4.241130524,8.77325592,-1.179247742,-0.005565647967,0.01115246769,-0.006056280807,phone,user4,stand
28.15622996,4.249662781,8.743767242,-1.229543152,-0.009220274165,0.004608101211,-5.063368008e-06,phone,user4,stand
28.17629596,4.232298889,8.746910706,-1.273551636,-0.007263954729,-0.0132368831,0.002903200919,phone,user4,stand
28.19636296,4.218078461,8.770262146,-1.255738678,-0.001222120132,-0.02384933084,0.003311362816,phone,user4,stand
28.21642896,4.168531494,8.806337128,-1.190923462,-0.001849833177,-0.03540863469,0.001657615881,phone,user4,stand
28.23649496,4.173770599,8.790320435,-1.14077774,-0.00672178762,-0.03189800307,-0.004519759677,phone,user4,stand
28.25656196,4.212989044,8.777746582,-1.154549103,-0.00963643752,-0.01599770412,-0.006541233975,phone,user4,stand
28.27662796,4.250111847,8.762328644,-1.211580505,-0.012501969,-0.01295548957,-0.004242942668,phone,user4,stand
28.29669558,4.31058609,8.761131134,-1.192869415,-0.01065459289,-0.01116403379,-0.0050552506,phone,user4,stand
28.31676158,4.334685974,8.742420044,-1.189875641,-0.00219144742,-0.004282662179,-0.008152039722,phone,user4,stand
28.33682858,4.332740021,8.709937592,-1.176703033,-0.001282995101,-0.0004482972436,-0.00524901785,phone,user4,stand
28.35689458,4.324507141,8.699758759,-1.181642761,0.0008636675775,-0.001652948093,-0.0007475612219,phone,user4,stand
28.37696158,4.291875,8.72535553,-1.190624084,0.001234349795,1.971726306e-06,0.006454097573,phone,user4,stand
28.39702758,4.238286438,8.786278839,-1.190324707,0.004239751026,-0.0007438649773,0.00434607733,phone,user4,stand
28.41709458,4.180207214,8.785829773,-1.190175018,0.006196076982,-0.002437455114,0.0005212617107,phone,user4,stand
28.43716058,4.173620911,8.776698761,-1.174308014,0.004993815441,0.003402337898,-0.002748197876,phone,user4,stand
28.45722658,4.193828888,8.76741806,-1.185085602,0.001894961693,0.004432332236,-0.004126038402,phone,user4,stand
28.47729358,4.199067993,8.782835999,-1.19930603,0.0005518582184,0.002946527442,-0.00622396823,phone,user4,stand
28.49735958,4.223766632,8.783285065,-1.222507782,0.002005096991,-0.001586253056,-0.007439099252,phone,user4,stand
28.51742658,4.231400757,8.794661407,-1.216669922,0.001319114817,-0.009107472375,-0.006514252629,phone,user4,stand
28.53749258,4.187841339,8.779692535,-1.215322723,-0.00348554668,-0.02282626368,-0.003260177327,phone,user4,stand
28.55755958,4.184398499,8.784033508,-1.193767548,-0.007339004427,-0.02366603911,0.001178845298,phone,user4,stand
28.57762558,4.202361145,8.793912964,-1.15604599,-0.006431770045,-0.01676482335,-0.001617289963,phone,user4,stand
28.59769258,4.219425659,8.770711212,-1.175505524,-0.005415805615,-0.008492065594,-0.007523365319,phone,user4,stand
28.61775858,4.239034882,8.749156036,-1.194965057,-0.005437574349,-0.006332763471,-0.009948874824,phone,user4,stand
28.63782558,4.262386322,8.758436737,-1.197060699,-0.005597498268,-0.01478795148,-0.003385579214,phone,user4,stand
28.65789158,4.249213715,8.771759033,-1.204694824,-0.002159404336,-0.02214939147,0.003009617794,phone,user4,stand
28.67795758,4.244273987,8.762478333,-1.173110504,-0.001151201082,-0.01278308034,-0.001799675054,phone,user4,stand
28.69802458,4.252806244,8.752149811,-1.158590698,0.003597874194,0.0004843337811,-0.005559858866,phone,user4,stand
28.71809058,4.264481964,8.734037476,-1.200054474,0.002360569546,0.003365341574,-0.004498589318,phone,user4,stand
28.73815758,4.278103638,8.728349304,-1.203347626,-7.731583901e-05,-0.0003105869982,-0.004076272249,phone,user4,stand
28.75822358,4.277055817,8.740773468,-1.198258209,0.005978416651,0.009640229866,-0.00011267222,phone,user4,stand
28.77829058,4.277654572,8.761430511,-1.202449493,0.01064116694,0.01701865532,-0.0006396858953,phone,user4,stand
28.79835658,4.283342743,8.772657166,-1.205742645,0.01292136498,0.02164855972,-0.003907917067,phone,user4,stand
28.81842358,4.248315582,8.768166504,-1.219813385,0.01224258542,0.02206842974,-0.002205185825,phone,user4,stand
28.83848958,4.175716553,8.748557281,-1.205592957,0.01277757902,0.01234823465,-0.002010622062,phone,user4,stand
28.85855558,4.149221649,8.773854675,-1.205742645,0.01617559232,0.01052197535,-0.003969352227,phone,user4,stand
28.87862258,4.169130249,8.821904755,-1.197659454,0.01691899635,0.02015298791,-0.00890870858,phone,user4,stand
28.89868858,4.201463013,8.79196701,-1.230740662,0.01160003245,0.01888958924,-0.009435167536,phone,user4,stand
28.91875558,4.203408966,8.792865143,-1.235979767,0.008102249354,0.007381211966,-0.003841507016,phone,user4,stand
28.93882158,4.176165619,8.78268631,-1.222956848,0.002612324664,-0.007331374101,-0.00177415018,phone,user4,stand
28.95888858,4.182602234,8.812624054,-1.187929688,-0.0006879605353,-0.01185527816,0.0002150146756,phone,user4,stand
28.97895458,4.183500366,8.81187561,-1.16188385,-0.003735548118,-0.001848266693,-0.002052069874,phone,user4,stand
28.99902158,4.199966125,8.779243469,-1.176553345,0.001505414606,0.01601080596,-0.007166608237,phone,user4,stand
29.01908758,4.233197021,8.787626038,-1.226399689,0.005462993402,0.0287546888,-0.007393095642,phone,user4,stand
29.03915458,4.25789566,8.756191406,-1.278191986,0.003437776351,0.02373165637,-0.001851315727,phone,user4,stand
29.05922058,4.238136749,8.738677826,-1.251248016,0.005348338746,0.01142291538,0.006964737549,phone,user4,stand
29.07928658,4.206103363,8.768316193,-1.225651245,0.01066031121,0.002317653969,0.0115855718,phone,user4,stand
29.09935358,4.194277954,8.812324677,-1.222956848,0.007354677655,-0.0007215026999,0.009549044073,phone,user4,stand
29.11941958,4.16898056,8.82010849,-1.226399689,0.001097905566,-0.003363338299,0.007213338278,phone,user4,stand
29.13948658,4.150568848,8.814719696,-1.238075409,-0.005157001317,0.00163748255,0.001010425622,phone,user4,stand
29.15955258,4.145778809,8.794062653,-1.227297821,-0.005572634749,0.006312266458,-0.002083343221,phone,user4,stand
29.17961958,4.17841095,8.769513702,-1.215622101,-0.0008567045443,0.008113481104,-0.004970020615,phone,user4,stand
29.19968558,4.219575348,8.760981445,-1.194965057,0.002581939101,0.01036669686,-0.0080960216,phone,user4,stand
29.21975258,4.257147217,8.758736115,-1.194066925,0.007676299661,0.01589328982,-0.008227315731,phone,user4,stand
29.23981858,4.276157684,8.732839966,-1.23089035,0.007473160513,0.01373842917,-0.003730069846,phone,user4,stand
29.25988558,4.269571381,8.7124823,-1.263073425,0.006775824353,0.001557321288,0.00579772424,phone,user4,stand
29.27995158,4.222718811,8.790320435,-1.238225098,0.006348241121,-0.007340757176,0.01174529269,phone,user4,stand
29.30001787,4.144880676,8.855584717,-1.204096069,0.004077051766,-0.01328925509,0.01169486158,phone,user4,stand
29.32008487,4.119134216,8.846753082,-1.154399414,-0.002973654307,-0.006497304421,0.005545658059,phone,user4,stand
29.34015087,4.129013672,8.818461914,-1.178798676,-0.01068450045,0.0005438720109,-0.001831043512,phone,user4,stand
29.36021787,4.190984802,8.78388382,-1.217268677,-0.01572678052,-0.0004353286349,-0.001264330815,phone,user4,stand
29.38028387,4.226910095,8.771459656,-1.235680389,-0.01557587739,-0.009779274464,7.641222328e-05,phone,user4,stand
29.40035087,4.248165894,8.751251678,-1.23208786,-0.0126272561,-0.01730613597,0.003892394248,phone,user4,stand
29.42041688,4.242328033,8.728498993,-1.2063414,-0.0123132756,-0.0210577026,0.007651600987,phone,user4,stand
29.44048387,4.251159668,8.760083313,-1.191522217,-0.009044151753,-0.01815726049,0.008626000956,phone,user4,stand
29.46054987,4.24741745,8.7522995,-1.19586319,-0.00692735333,-0.00509849377,0.006417183205,phone,user4,stand
29.48061688,4.238735504,8.769364014,-1.214424591,-0.001788486028,0.002249903511,0.006671953015,phone,user4,stand
29.50068287,4.238735504,8.765472107,-1.227597198,-0.0005632243119,-0.001852067187,0.004422415979,phone,user4,stand
29.52074887,4.195625153,8.790170746,-1.219514008,-0.0022821764,-0.005987999029,0.003596046008,phone,user4,stand
29.54081587,4.222269745,8.753047943,-1.207389221,-0.003956742585,-0.01252757199,0.003883649828,phone,user4,stand
29.56088188,4.214785309,8.770711212,-1.183888092,-0.004778002854,-0.008307623677,0.005298818462,phone,user4,stand
29.58094887,4.237837372,8.792266388,-1.184037781,-0.01010944694,-0.008045057766,0.004465094768,phone,user4,stand
29.60101487,4.244273987,8.767268372,-1.21921463,-0.01212472375,-0.006019896362,0.001510617556,phone,user4,stand
29.62108188,4.286635895,8.734187164,-1.217268677,-0.009494969621,-0.003285319544,-0.0008345701499,phone,user4,stand
29.64114787,4.290527802,8.741372223,-1.23672821,-0.006962742656,-0.001867460902,0.00253427797,phone,user4,stand
29.66121487,4.295617218,8.747808838,-1.213825836,-0.004334881902,-0.00720276311,0.005876209121,phone,user4,stand
29.68128088,4.280348969,8.77325592,-1.180894318,-0.002584623639,-0.0092560919,0.006162294187,phone,user4,stand
29.70134687,4.269571381,8.787626038,-1.153201904,-0.007539640646,-0.006123244762,0.007303157356,phone,user4,stand
29.72141387,4.22870636,8.781638489,-1.178349609,-0.01375250239,-0.0008614044054,0.007016927935,phone,user4,stand
29.74147987,4.237837372,8.761430511,-1.155596924,-0.01556386705,6.613146979e-05,0.006532240659,phone,user4,stand
29.76154687,4.234993286,8.742719421,-1.165626068,-0.01167902164,0.002059764694,0.00640915148,phone,user4,stand
29.78161287,4.269870758,8.743617554,-1.186881866,-0.008596568368,0.006590970326,0.007041203789,phone,user4,stand
29.80167987,4.304448853,8.725654907,-1.197060699,-0.004802876152,0.01369890943,0.0034270857,phone,user4,stand
29.82174588,4.304149475,8.722212067,-1.21801712,-0.002715061419,0.01047289092,0.001074742991,phone,user4,stand
29.84181287,4.245770874,8.738827515,-1.231638794,-0.0007971718442,0.005818559788,0.00493727345,phone,user4,stand
29.86187887,4.238585815,8.775950317,-1.217867432,0.004517048597,0.008712126873,0.003646963276,phone,user4,stand
29.88194588,4.206851807,8.785530396,-1.21801712,0.005482679699,0.004890937358,0.005481366068,phone,user4,stand
29.90201187,4.207300873,8.786727905,-1.192719727,0.003037951421,0.001165758353,0.005482206121,phone,user4,stand
29.92207787,4.19831955,8.784033508,-1.196162567,-0.00645869365,-0.002439912176,0.006663217209,phone,user4,stand
29.94214487,4.198020172,8.805738373,-1.193318481,-0.01109395642,0.0009611253045,0.003482887289,phone,user4,stand
29.96221087,4.191583557,8.786428528,-1.210382996,-0.01608555019,-0.001744998386,0.002658123616,phone,user4,stand
29.98227787,4.22406601,8.761131134,-1.191971283,-0.01585036144,-0.008121052757,-0.0004527319688,phone,user4,stand
30.00234387,4.293671265,8.739725647,-1.183738403,-0.01146280393,-0.01005424187,-0.00406104885,phone,user4,stand
30.02241087,4.301904144,8.744515686,-1.164428558,-0.007732572034,-0.004826775286,3.937678412e-05,phone,user4,stand
30.04247687,4.292623444,8.738977203,-1.177750854,-0.009807357565,0.002297300613,0.001754950266,phone,user4,stand
30.06254387,4.301754456,8.731941833,-1.175206146,-0.01085533667,0.001840351732,0.002787191421,phone,user4,stand
30.08260988,4.305047607,8.742719421,-1.180744629,-0.005970151629,0.002114316681,0.004413919989,phone,user4,stand
30.10267687,4.273014221,8.75574234,-1.198407898,-0.00444905879,0.004775765818,0.009775787592,phone,user4,stand
30.12274287,4.260140991,8.796457672,-1.175355835,-0.003524876432,0.01346450206,0.01141359843,phone,user4,stand
30.14280887,4.223916321,8.803642731,-1.1572435,-0.005662351847,0.0158243645,0.01442743931,phone,user4,stand
30.16287587,4.206702118,8.784781952,-1.199605408,-0.01636137813,0.005454871804,0.01088819001,phone,user4,stand
30.18294187,4.21463562,8.768316193,-1.163380737,-0.02198747359,0.008323090151,0.009880932979,phone,user4,stand
30.20300887,4.221221924,8.784781952,-1.173260193,-0.02055146545,0.006878944114,0.008921379223,phone,user4,stand
30.22307487,4.225562897,8.763526154,-1.148262177,-0.014911904,0.005719720852,0.003546895692,phone,user4,stand
30.24314187,4.318369904,8.734785919,-1.126257935,-0.01135403756,0.01233106107,-0.0008233601693,phone,user4,stand
30.26320787,4.320166168,8.71951767,-1.165476379,-0.01275026985,0.01329556387,0.008194070309,phone,user4,stand
30.28327488,4.299359436,8.742719421,-1.180445251,-0.01266184822,0.004933473654,0.01134709734,phone,user4,stand
30.30334196,4.255350952,8.76861557,-1.159788208,-0.007503944449,0.002219315618,0.01050933171,phone,user4,stand
30.32340796,4.23334671,8.772956543,-1.128054199,-0.003104503267,0.007972610183,0.003594490699,phone,user4,stand
30.34347496,4.227209473,8.768316193,-1.133293304,-0.006580321118,0.0145324301,0.001189989503,phone,user4,stand
30.36354096,4.23693924,8.768765259,-1.15604599,-0.009804363362,0.01530063897,0.001427940326,phone,user4,stand
30.38360796,4.238436127,8.760981445,-1.177002411,-0.01039892901,-0.0009012761293,0.001995735103,phone,user4,stand
30.40367396,4.256847839,8.764573975,-1.146465912,-0.008645751514,-0.009269349277,0.0005372571759,phone,user4,stand
30.42374096,4.242178345,8.786278839,-1.107995911,-0.01014986448,-0.009232006967,-0.002978818724,phone,user4,stand
30.44380696,4.244273987,8.776549072,-1.088985443,-0.008878382854,-0.00514444802,-0.006456614472,phone,user4,stand
30.46387396,4.286486206,8.751700745,-1.098565521,-0.007795779034,0.00356870098,-0.006685397588,phone,user4,stand
30.48393996,4.300706635,8.76861557,-1.107397156,-0.007154863328,0.0123393219,-0.004273436498,phone,user4,stand
30.50400696,4.28947998,8.768016815,-1.115180969,-0.00346377329,0.009386627004,-0.003715278581,phone,user4,stand
30.52407296,4.28947998,8.742420044,-1.106648712,0.0004694017116,0.0009908147622,-0.001037854352,phone,user4,stand
30.54413896,4.27316391,8.74870697,-1.100810852,-0.0004135589115,-0.001756046433,0.001899148105,phone,user4,stand
30.56420596,4.269870758,8.756640472,-1.087937622,-0.002855606144,0.001285029808,0.001273935894,phone,user4,stand
30.58427196,4.253854065,8.771609344,-1.09407486,-0.006129197776,0.003259942867,9.443797171e-05,phone,user4,stand
30.60433896,4.282893677,8.784332886,-1.076261902,-0.005524013191,0.003741412889,-0.0002828655997,phone,user4,stand
30.62440496,4.271517334,8.768465881,-1.091081085,-0.008147611283,-0.001623482909,0.001391987782,phone,user4,stand
30.64447196,4.272565155,8.755442963,-1.087937622,-0.01043364033,-0.006045960821,0.004308476113,phone,user4,stand
30.66453796,4.265230408,8.752449188,-1.078656921,-0.008865096606,-0.006517142057,0.003471075557,phone,user4,stand
30.68460496,4.287833405,8.777447205,-1.070274353,-0.008909931406,-0.002326934133,0.005186636467,phone,user4,stand
30.70467096,4.275558929,8.748856659,-1.083896027,-0.00565134082,0.00450512208,0.003409890924,phone,user4,stand
30.72473696,4.283342743,8.756191406,-1.093326416,-0.005608417094,0.008050519042,0.005657450296,phone,user4,stand
30.74480396,4.27780426,8.742270355,-1.101409607,-0.004190881737,0.006658310536,0.002774877707,phone,user4,stand
30.76486996,4.267775116,8.740773468,-1.112187195,-0.002556083724,0.0003980617621,0.003540528473,phone,user4,stand
30.78493696,4.265679474,8.73822876,-1.11862381,-0.0008174744435,-0.003755677026,0.004939703736,phone,user4,stand
30.80500296,4.270469513,8.753946075,-1.119671631,0.003268793924,-0.003069783794,0.009520049207,phone,user4,stand
30.82506996,4.27900177,8.763077087,-1.106199646,0.004625929054,-0.001687726006,0.007032731548,phone,user4,stand
30.84513596,4.254752197,8.795709229,-1.10694809,0.001760885236,0.0001924722455,0.004100910388,phone,user4,stand
30.86520296,4.233945465,8.766070862,-1.115779724,-0.0005185189657,-0.0003896645503,0.002570015145,phone,user4,stand
30.88526896,4.226461029,8.739575958,-1.131047974,-0.0009080867749,-0.00309005985,0.003117069602,phone,user4,stand
30.90533596,4.275409241,8.758586426,-1.127006378,-0.001029078849,0.003535216209,0.002159904689,phone,user4,stand
30.92540196,4.27660675,8.72879837,-1.148711243,0.0005919643445,0.002752281725,-0.0004151645117,phone,user4,stand
30.94546796,4.285288696,8.741521912,-1.134640503,0.003085888224,-0.006609872915,0.003122912021,phone,user4,stand
30.96553496,4.251159668,8.743168488,-1.131796417,-0.0004389765672,-0.01407205779,0.004119416699,phone,user4,stand
30.98560096,4.216282196,8.769962769,-1.10335556,-0.003175501944,-0.01560132485,0.007960826159,phone,user4,stand
31.00566796,4.254303131,8.810229034,-1.112486572,-0.00589280203,-0.0168350637,0.004607461859,phone,user4,stand
31.02573396,4.287084961,8.794960785,-1.110839996,-0.003350940067,-0.01164465863,-0.002983071608,phone,user4,stand
31.04580096,4.275558929,8.776998138,-1.109492798,-0.003739027074,-0.01038738806,-0.004858565517,phone,user4,stand
31.06586696,4.279600525,8.720116425,-1.116827545,-0.00343399914,-0.004525244236,-0.00108092092,phone,user4,stand
31.08593396,4.292473755,8.721763,-1.096170502,0.0002612904646,-0.002040352672,0.001260977471,phone,user4,stand
31.10599996,4.315825195,8.774004364,-1.118773499,0.001787199057,0.007461655885,0.005207965616,phone,user4,stand
31.12606596,4.32585434,8.762029266,-1.121916962,0.004093308467,0.01521814428,0.002507147612,phone,user4,stand
31.14613296,4.293521576,8.739126892,-1.156794434,0.002308489056,0.007799461484,0.006537558511,phone,user4,stand
31.16619896,4.27436142,8.746162262,-1.162183228,-0.001342199277,-0.003747987095,0.01141288877,phone,user4,stand
31.18626596,4.239483948,8.76741806,-1.171613617,-0.006106352434,-0.0150412526,0.01369342208,phone,user4,stand
31.20633196,4.21119278,8.779692535,-1.158890076,-0.008418755606,-0.01871692017,0.01621896587,phone,user4,stand
31.22639896,4.20999527,8.80603775,-1.139430542,-0.00770051172,-0.03349092975,0.01181177422,phone,user4,stand
31.24646496,4.19712204,8.833580475,-1.116378479,-0.02042040229,-0.04476541653,0.009177954867,phone,user4,stand
31.26653196,4.243675232,8.831185455,-1.082548828,-0.0355906859,-0.02240707166,0.0009117620066,phone,user4,stand
31.28659796,4.283492432,8.75813736,-1.135688324,-0.03673161566,-0.01660386473,-0.009444190189,phone,user4,stand
31.30666308,4.28364212,8.694070587,-1.218915253,-0.03662565351,-0.02457663976,-0.009862230159,phone,user4,stand
31.32673008,4.35624115,8.656498718,-1.188977509,-0.0242182035,-0.03508181497,0.002359932754,phone,user4,stand
31.34679608,4.318220215,8.688232727,-1.159638519,0.00164914527,-0.06855491549,0.01864859089,phone,user4,stand
31.36686308,4.248465271,8.764573975,-1.110989685,0.005126767326,-0.1028556079,0.02256412804,phone,user4,stand
31.38692908,4.135300598,8.783434753,-1.033001862,0.001172239427,-0.096023269,0.0180101227,phone,user4,stand
31.40699608,4.084705811,8.810079346,-1.082548828,-0.01207958069,-0.05981236696,0.01115718484,phone,user4,stand
31.42706208,4.170627136,8.873247986,-1.129850464,-0.03257149458,-0.05253004655,-0.008925426751,phone,user4,stand
31.44712908,4.329446869,8.860674133,-1.116827545,-0.03487501293,-0.05288798362,-0.03805305436,phone,user4,stand
31.46719508,4.399201813,8.681347046,-1.130449219,-0.02262337506,-0.01684467494,-0.0483757481,phone,user4,stand
31.48726208,4.420457611,8.549022217,-1.19466568,-0.01519145072,0.02021118067,-0.03692460433,phone,user4,stand
31.50732808,4.528532867,8.578959961,-1.229842529,-0.002967882901,0.01409148891,-0.01289819926,phone,user4,stand
31.52739408,4.519701233,8.642877045,-1.283281403,0.004122974817,-0.03314209729,0.001751957461,phone,user4,stand
31.54746108,4.390968933,8.689430237,-1.237177277,0.01343911327,-0.06304786354,0.01206943393,phone,user4,stand
31.56752708,4.26148819,8.765472107,-1.168470154,0.01911859773,-0.06938862056,0.01355180889,phone,user4,stand
31.58759408,4.175417175,8.839118958,-1.043929138,0.01081329677,-0.07696164399,0.01059480757,phone,user4,stand
31.60766008,4.114493866,8.893905029,-0.9633966064,0.001087726909,-0.0590069145,0.007181760855,phone,user4,stand
31.62772708,4.045337677,8.87863678,-1.023122406,-0.02615408786,-0.02710919641,-0.004188231193,phone,user4,stand
31.64779308,4.182003479,8.827443237,-1.100212097,-0.03979864344,0.01808362454,-0.02231637761,phone,user4,stand
31.66786008,4.375700684,8.758586426,-1.224603424,-0.03276763111,0.01714379527,-0.0258229617,phone,user4,stand
31.68792608,4.44755127,8.67506012,-1.251397705,-0.01393715572,-0.01416964456,-0.01581444032,phone,user4,stand
31.70799208,4.459676056,8.627908173,-1.199904785,-0.003711613361,-0.04337207973,2.18085479e-05,phone,user4,stand
31.72805908,4.415517883,8.679850159,-1.088686066,-0.01116133388,-0.06388019025,0.01456536539,phone,user4,stand
31.74812508,4.366270294,8.75110199,-0.9723779297,-0.01795003936,-0.04874725267,0.02097222395,phone,user4,stand
31.76819208,4.278253326,8.826245728,-0.9758207703,-0.02005585283,-0.01249022689,0.01477713697,phone,user4,stand
31.78825808,4.216132507,8.807085571,-1.099164276,-0.01496283617,0.03500046954,0.001013196539,phone,user4,stand
31.80832508,4.255350952,8.713230743,-1.20050354,-0.005893012974,0.05409710109,-0.009629942477,phone,user4,stand
31.82839108,4.352498932,8.710236969,-1.224603424,0.0006787207676,0.0306641683,-0.01069093775,phone,user4,stand
31.84845808,4.378095703,8.703351288,-1.152603149,-0.0004157528747,-0.01177076902,1.07337255e-05,phone,user4,stand
31.86852408,4.359234924,8.723858643,-1.054107971,-0.004502075724,-0.0299675297,0.01061142981,phone,user4,stand
31.88859108,4.27076889,8.764124908,-1.011596375,-0.0105989622,-0.0151719097,0.01485083066,phone,user4,stand
31.90865708,4.229754181,8.812773743,-1.098266144,-0.02006913163,0.01896136254,0.009061308578,phone,user4,stand
31.92872308,4.220323792,8.793463898,-1.180145874,-0.02285476401,0.03392255679,-0.0002491177293,phone,user4,stand
31.94879008,4.256249084,8.764124908,-1.170266418,-0.01127106324,0.02189265005,-0.006684453227,phone,user4,stand
31.96885608,4.28019928,8.741821289,-1.100062408,0.004691392183,0.008758024313,-0.006597869564,phone,user4,stand
31.98892308,4.298012238,8.712631989,-1.009650421,0.009289550595,0.01428421587,-0.008797979914,phone,user4,stand
32.00898908,4.291425934,8.712033234,-1.025517426,0.002152418019,0.02851686999,-0.001481144456,phone,user4,stand
32.02905608,4.295766907,8.736881561,-1.092128906,-0.006808303297,0.04267153144,-5.963258445e-06,phone,user4,stand
32.04912208,4.268822937,8.770860901,-1.177451477,-0.003540224163,0.03613876924,0.001634876709,phone,user4,stand
32.06918908,4.230203247,8.804690552,-1.165326691,0.002404306317,0.01263251435,0.001958476612,phone,user4,stand
32.08925508,4.18769165,8.790769501,-1.091530151,0.01072869077,0.004106060602,-0.001476666657,phone,user4,stand
32.10932108,4.200714569,8.79316452,-1.037043457,0.01181378774,0.01787281595,-0.007352733053,phone,user4,stand
32.12938808,4.239783325,8.793014832,-1.026565247,0.005387839861,0.02827287279,-0.009085309692,phone,user4,stand
32.14945408,4.263583832,8.788075104,-1.062789917,-0.001229629852,0.03165807202,-0.003126130672,phone,user4,stand
32.16952108,4.252955933,8.756191406,-1.097218323,0.002396670636,0.02916981652,0.000597627135,phone,user4,stand
32.18958708,4.240831146,8.750203857,-1.146765289,0.005493418314,0.01796852611,-0.0004537299974,phone,user4,stand
32.20965408,4.254901886,8.778345337,-1.115630035,0.00725007616,0.01108898968,-0.002507386729,phone,user4,stand
32.22972008,4.243675232,8.772357788,-1.09632019,0.009444427676,0.006963461637,-0.007071618922,phone,user4,stand
32.24978708,4.235891418,8.760532379,-1.090781708,0.009041001089,0.005542358849,-0.004817245994,phone,user4,stand
32.26985308,4.234993286,8.761280823,-1.08464447,0.01013367716,0.01083090249,-0.003940057475,phone,user4,stand
32.28991908,4.248465271,8.780440979,-1.115480347,0.01212830096,0.0119444998,-0.002215152839,phone,user4,stand
32.30998571,4.250710602,8.800798645,-1.107097778,0.008572933264,0.004532444291,-0.0009391427739,phone,user4,stand
32.33005171,4.251459045,8.797355804,-1.087937622,0.006081962492,0.003321815282,-0.002812951105,phone,user4,stand
32.35011871,4.24741745,8.78732666,-1.077908478,0.007188762538,0.01169601828,-0.002242101589,phone,user4,stand
32.37018471,4.228257294,8.771160278,-1.087787933,0.006419021636,0.01476916857,-0.001766486559,phone,user4,stand
32.39025171,4.220772858,8.749156036,-1.117126923,0.00958549045,0.01291936822,-0.0003364303848,phone,user4,stand
32.41031771,4.232448578,8.748856659,-1.144070892,0.008423031308,0.006707535591,-0.001078442205,phone,user4,stand
32.43038471,4.269721069,8.766669617,-1.143472137,0.005834653508,0.0006701007369,0.001182807377,phone,user4,stand
32.45045071,4.247118073,8.787476349,-1.094972992,0.006417951547,-0.005526800174,0.0009914219845,phone,user4,stand
32.47051671,4.22167099,8.805139618,-1.076112213,0.007967855781,-0.00425129896,-0.002420524834,phone,user4,stand
32.49058371,4.208049316,8.782835999,-1.113085327,0.00683074072,0.00537607912,-0.007268766873,phone,user4,stand
32.51064971,4.245321808,8.753047943,-1.137634277,0.005672466941,0.01287829783,-0.007354487665,phone,user4,stand
32.53071671,4.294868774,8.74870697,-1.144070892,0.006682487205,0.002523704199,-0.001917653135,phone,user4,stand
32.55078271,4.287683716,8.767717438,-1.118324432,0.009108893573,-0.01207920723,0.002191604348,phone,user4,stand
32.57084971,4.279151459,8.754395142,-1.092577972,0.01117637474,-0.0100844726,0.0002788123675,phone,user4,stand
32.59091571,4.264481964,8.757388916,-1.084045715,0.008679624647,0.002764007542,0.001001953846,phone,user4,stand
32.61098271,4.25565033,8.760831757,-1.136436768,0.00421436457,0.004974603653,0.001755595207,phone,user4,stand
32.63104871,4.235891418,8.781788177,-1.14317276,0.002433712594,-0.000735918642,-0.003682280192,phone,user4,stand
32.65111571,4.254752197,8.773704987,-1.127455444,0.004834987223,-0.006565039046,-0.007436488755,phone,user4,stand
32.67118171,4.276906128,8.746461639,-1.09632019,0.01086892374,-0.01036071964,-0.00614599511,phone,user4,stand
32.69124771,4.281696167,8.748557281,-1.09048233,0.00913821999,-0.006803297438,-0.00604437571,phone,user4,stand
32.71131471,4.290527802,8.758885803,-1.07536377,0.005261209793,0.00386066013,-0.003345066449,phone,user4,stand
32.73138071,4.300556946,8.750203857,-1.110540619,0.004887319636,0.01040429063,-0.001392054837,phone,user4,stand
32.75144771,4.313579865,8.755592651,-1.126257935,0.007166478783,0.006506986916,-0.00268922071,phone,user4,stand
32.77151371,4.29891037,8.742420044,-1.140927429,0.01231881045,0.001515818993,0.001193908742,phone,user4,stand
32.79158071,4.263733521,8.766370239,-1.128054199,0.01159392856,0.0008895290666,0.001006138977,phone,user4,stand
32.81164671,4.270469513,8.773704987,-1.116079102,0.007279035635,0.007006869651,0.001309032785,phone,user4,stand
32.83171271,4.277055817,8.766519928,-1.104852448,0.003321096767,0.01057129353,-0.001068596379,phone,user4,stand
32.85177971,4.255350952,8.778345337,-1.119521942,0.004262956325,0.004930204712,0.001071626786,phone,user4,stand
32.87184571,4.234993286,8.764573975,-1.14077774,0.004839164205,-7.451907732e-05,-9.417836554e-05,phone,user4,stand
32.89191271,4.240232391,8.752748566,-1.146615601,0.006538270507,0.0007003162173,-0.0008769566193,phone,user4,stand
32.91197871,4.256997528,8.74990448,-1.136885834,0.007816618308,0.007300780155,-0.005461605266,phone,user4,stand
32.93204571,4.264032898,8.763675842,-1.15140564,0.009105648845,0.005339533091,-0.00463552773,phone,user4,stand
32.95211171,4.242178345,8.758287048,-1.131946106,0.01140552387,0.0008088779869,-0.002277547261,phone,user4,stand
32.97217871,4.255350952,8.771160278,-1.135239258,0.009694308043,-0.00244650431,-0.001664878102,phone,user4,stand
32.99224471,4.232747955,8.783734131,-1.142124939,0.006324692629,0.003286618041,-0.00378020294,phone,user4,stand
33.01231171,4.224964142,8.773854675,-1.144070892,0.007019211538,0.005394955166,-0.004641985986,phone,user4,stand
33.03237771,4.225712585,8.759933624,-1.158890076,0.008352711797,-0.0004759164003,-0.008150598966,phone,user4,stand
33.05244371,4.239034882,8.742569733,-1.149609375,0.01272321865,-0.004828973673,-0.007538262755,phone,user4,stand
33.07251071,4.270319824,8.774303741,-1.125060425,0.008237889968,-0.002374957548,-0.0007229506737,phone,user4,stand
33.09257671,4.266727295,8.789272614,-1.11158844,0.003124630544,0.0009282827959,0.003169450443,phone,user4,stand
33.11264371,4.233945465,8.811127167,-1.122515717,0.003613735083,0.003328366205,0.0001129317097,phone,user4,stand
33.13270971,4.234394531,8.778045959,-1.151106262,0.001863059821,0.005593256094,0.001391008496,phone,user4,stand
33.15277671,4.217479706,8.740923157,-1.177601166,0.006191002205,0.007066708989,-0.002031571465,phone,user4,stand
33.17284271,4.237987061,8.754993896,-1.164428558,0.005404487718,0.001141572604,-0.003167167306,phone,user4,stand
33.19290971,4.236490173,8.763825531,-1.161584473,0.006169314496,-0.002731815912,-0.001934640575,phone,user4,stand
33.21297571,4.236190796,8.771160278,-1.152303772,0.005941542331,-0.006631495431,-0.0004399064928,phone,user4,stand
33.23304171,4.232747955,8.785530396,-1.14437027,0.00500998972,-0.005897297524,0.0006919950247,phone,user4,stand
33.25310871,4.217479706,8.772657166,-1.12910202,0.007213805802,-0.00339068193,-0.001390290447,phone,user4,stand
33.27317471,4.231101379,8.760532379,-1.158141632,0.00931420736,0.001512109884,-0.001630491461,phone,user4,stand
33.29324183,4.24502243,8.772208099,-1.174906769,0.009821989574,-0.001314438181,-0.002799376845,phone,user4,stand
33.31330783,4.253404999,8.766819305,-1.166973267,0.008518886752,-0.002096570563,-0.002986121457,phone,user4,stand
33.33337483,4.25909317,8.772058411,-1.155746613,0.008530636318,-0.005312517751,-0.001873202971,phone,user4,stand
33.35344083,4.241280212,8.779692535,-1.150956573,0.00374736404,-0.006273300387,-0.001030861866,phone,user4,stand
33.37350783,4.229305115,8.75813736,-1.144220581,0.001960020512,-0.001385859679,-0.004164287355,phone,user4,stand
33.39357383,4.256099396,8.746761017,-1.1771521,0.002387490589,0.0009170625126,-0.00417069532,phone,user4,stand
33.41363983,4.274211731,8.747210083,-1.174457703,0.007123719435,0.001959862188,0.001278365031,phone,user4,stand
33.43370683,4.288432159,8.752449188,-1.225651245,0.009276445024,-0.003016529372,0.004101264756,phone,user4,stand
33.45377283,4.280049591,8.765322418,-1.158890076,0.01234538108,0.0001454182784,0.007847427391,phone,user4,stand
33.47383983,4.245920563,8.767867126,-1.141825562,0.01246287487,0.006210150663,0.0001384348143,phone,user4,stand
33.49390583,4.241729279,8.783584442,-1.142873383,0.01018455252,0.01212239079,-0.002853829646,phone,user4,stand
33.51397283,4.230951691,8.766669617,-1.196012878,0.008925635368,0.01886770315,-0.0009296038188,phone,user4,stand
33.53403883,4.246070251,8.757089539,-1.244811401,0.007972084917,0.01300003938,-0.0009267407004,phone,user4,stand
33.55410583,4.262536011,8.75813736,-1.224753113,0.01006596722,0.002351490315,-0.0002768466948,phone,user4,stand
33.57417183,4.248914337,8.778045959,-1.181193695,0.009814023972,-0.008375893347,-0.001972888596,phone,user4,stand
33.59423783,4.218677216,8.738079071,-1.170266418,0.0072582094,-0.007603549398,0.0005153694656,phone,user4,stand
33.61430483,4.222718811,8.750652924,-1.158141632,0.004040131345,-0.0007902471116,-0.001276913099,phone,user4,stand
33.63437083,4.244723053,8.780440979,-1.188079376,0.002142362762,0.009385159239,-0.003760577179,phone,user4,stand
33.65443783,4.291425934,8.783734131,-1.20050354,0.00579645345,0.01176487282,-0.004170953762,phone,user4,stand
33.67450383,4.28947998,8.757837982,-1.191222839,0.009834229015,0.00628851261,-0.002875143196,phone,user4,stand
33.69457083,4.262086945,8.746611328,-1.167122955,0.01100477576,0.002042506356,-9.637570474e-05,phone,user4,stand
33.71463683,4.235592041,8.735234985,-1.178499298,0.007473280188,0.008108982816,0.0009634352755,phone,user4,stand
33.73470383,4.267176361,8.759933624,-1.19586319,0.005643568933,0.01393283904,0.0009677461348,phone,user4,stand
33.75476983,4.27780426,8.771459656,-1.202000427,0.005385107361,0.01450079307,0.002440479118,phone,user4,stand
33.77483583,4.248764648,8.771160278,-1.199006653,0.005681737326,0.007981329225,0.001995159779,phone,user4,stand
33.79490283,4.231550446,8.771908722,-1.188678131,0.002585815731,0.005067581777,0.000795199303,phone,user4,stand
33.81496883,4.227808228,8.77325592,-1.202150116,-0.0004285359755,0.00985729415,0.000670931302,phone,user4,stand
33.83503583,4.242028656,8.762927399,-1.202449493,0.0003357368987,0.01439047605,-0.001866037608,phone,user4,stand
33.85510183,4.265230408,8.742420044,-1.224902802,0.003209776711,0.01687100157,-0.0008017476648,phone,user4,stand
33.87516883,4.269421692,8.743617554,-1.216669922,0.007390673272,0.008018652909,0.001799894497,phone,user4,stand
33.89523483,4.28019928,8.754395142,-1.19346817,0.007752938196,-0.0007369918167,0.004749770276,phone,user4,stand
33.91530183,4.234843597,8.773704987,-1.197809143,0.002362903673,-0.0007976177731,0.006314677186,phone,user4,stand
33.93536783,4.223766632,8.780590668,-1.198258209,-0.002274938161,0.006620667875,0.007295827381,phone,user4,stand
33.95543483,4.218826904,8.795260162,-1.197210388,-0.001088317949,0.01007544994,0.001417140709,phone,user4,stand
33.97550083,4.236789551,8.784482574,-1.187929688,0.0008507922757,0.01002875064,-0.0008343290538,phone,user4,stand
33.99556683,4.260889435,8.765621796,-1.186283112,0.0007464180235,0.01072486583,-0.0008561087307,phone,user4,stand
34.01563383,4.254003754,8.728498993,-1.198108521,-0.001747254981,0.006410865113,0.004663161002,phone,user4,stand
34.03569983,4.237837372,8.744515686,-1.190923462,-0.003071034793,0.00232124445,0.009877128527,phone,user4,stand
34.05576683,4.227808228,8.792565765,-1.192120972,-0.005796984769,0.001016984461,0.007949972525,phone,user4,stand
34.07583283,4.230951691,8.787476349,-1.188079376,-0.004820621572,-0.003319227602,0.004194825888,phone,user4,stand
34.09589983,4.222569122,8.767717438,-1.185983734,-0.004833852872,-0.002897779457,0.001743677305,phone,user4,stand
34.11596583,4.249064026,8.753047943,-1.187779999,-0.004788228776,0.00403962424,0.001299752854,phone,user4,stand
34.13603183,4.250560913,8.768316193,-1.19930603,-0.005053225439,0.008565291762,0.004426436964,phone,user4,stand
34.15609883,4.268673248,8.748557281,-1.197958832,-0.005748669151,0.003963624593,0.004611045122,phone,user4,stand
34.17616483,4.242926788,8.741970978,-1.176253967,-0.006092430092,-0.007585921325,0.004559420981,phone,user4,stand
34.19623183,4.231400757,8.75693985,-1.179696808,-0.005920273252,-0.009435796179,0.006222041324,phone,user4,stand
34.21629783,4.235891418,8.762328644,-1.148711243,-0.006333045661,-0.006935393438,0.003284098115,phone,user4,stand
34.23636483,4.263883209,8.73583374,-1.160536652,-0.005751644261,-0.001547198393,0.003502461361,phone,user4,stand
34.25643083,4.282294922,8.743318176,-1.153501282,-0.003037233604,0.002426993102,0.00269579771,phone,user4,stand
34.27649783,4.294120331,8.74526413,-1.149160309,0.0001026235987,0.0001365678036,0.003501537954,phone,user4,stand
34.29656358,4.298161926,8.747359772,-1.148711243,0.001681720139,-0.004503888544,0.005772233009,phone,user4,stand
34.31663058,4.28019928,8.79555954,-1.1572435,0.0002788668498,0.004667601548,0.006829587743,phone,user4,stand
34.33669658,4.252656555,8.77565094,-1.160386963,-0.003669755301,0.01318363845,0.000872135628,phone,user4,stand
34.35676258,4.263434143,8.746162262,-1.198258209,-0.00752526382,0.01698594913,-0.0006500298623,phone,user4,stand
34.37682958,4.292922821,8.713380432,-1.19466568,-0.001362827141,0.005158361979,0.0008855403867,phone,user4,stand
34.39689558,4.280498657,8.72655304,-1.18763031,0.002286001109,-0.004792453721,0.005891733803,phone,user4,stand
34.41696258,4.29067749,8.756790161,-1.122815094,0.0006849389756,-0.005553232972,0.007964189164,phone,user4,stand
34.43702858,4.277504883,8.758736115,-1.141376495,-0.001310440013,0.002514078747,0.005911298096,phone,user4,stand
34.45709558,4.260739746,8.754245453,-1.156944122,-0.003893607529,0.006253151689,0.003202016233,phone,user4,stand
34.47716158,4.256548462,8.748407593,-1.169218597,-0.005342711229,0.009232946672,0.0001411442645,phone,user4,stand
34.49722758,4.27436142,8.742120667,-1.181193695,-0.001212687697,0.008928160183,0.0005050080363,phone,user4,stand
34.51729458,4.304299164,8.720864868,-1.178349609,0.000656870543,0.002530677477,0.001499756239,phone,user4,stand
34.53736058,4.312831421,8.748557281,-1.151555328,-0.001072837971,0.002632369986,0.003711300902,phone,user4,stand
34.55742758,4.308490448,8.735085297,-1.134341125,-0.003714578459,0.006736421492,0.005178314634,phone,user4,stand
34.57749358,4.299958191,8.73942627,-1.152453461,-0.001981308451,0.01076565497,0.006238011643,phone,user4,stand
34.59756058,4.298461304,8.785979462,-1.178349609,-0.004232277162,0.01311891712,0.004767979495,phone,user4,stand
34.61762658,4.317172394,8.813821564,-1.228944397,-0.008988116868,0.01649109833,0.01021439396,phone,user4,stand
34.63769358,4.292773132,8.749305725,-1.232237549,-0.01174667105,0.01384423394,0.01588222198,phone,user4,stand
34.65775958,4.221371613,8.661588135,-1.182690582,-0.001162068453,-0.011019486,0.01883080974,phone,user4,stand
34.67782658,4.246669006,8.742569733,-1.09407486,0.0141059747,-0.02160221525,0.006966544315,phone,user4,stand
34.69789258,4.265380096,8.785979462,-1.084345093,0.01538541541,0.0002255368745,-0.006170115899,phone,user4,stand
34.71795858,4.254752197,8.69841156,-1.16308136,-0.00354814413,0.02604208514,-0.0106767416,phone,user4,stand
34.73802558,4.332141266,8.722062378,-1.164877625,0.0003781354753,0.0298299361,-0.008941749111,phone,user4,stand
34.75809158,4.368815002,8.741821289,-1.183588715,0.01844155788,0.01279316284,-0.001750681084,phone,user4,stand
34.77815858,4.384981384,8.769364014,-1.180145874,0.02396065928,0.004484546371,0.007275321521,phone,user4,stand
34.79822458,4.411925354,8.823701019,-1.146615601,0.01890228502,0.03487183526,0.01311561652,phone,user4,stand
34.81829158,4.373904419,8.848699036,-1.217268677,-0.00120629603,0.04489681497,0.02915050089,phone,user4,stand
34.83835758,4.170028381,8.69960907,-1.244811401,-0.0264679566,0.03215514868,0.04130496085,phone,user4,stand
34.85842458,4.123026123,8.657247162,-1.226549377,-0.02433248423,0.02761769854,0.0424551703,phone,user4,stand
34.87849058,4.186793518,8.729696503,-1.20514389,-0.007205443922,0.01598383673,0.02595009655,phone,user4,stand
34.89855658,4.235592041,8.716074829,-1.155596924,0.004783722572,-0.003949881531,0.004393396433,phone,user4,stand
34.91862358,4.28603714,8.70424942,-1.103954315,0.007607935928,-0.007252493873,-0.01216682792,phone,user4,stand
34.93868958,4.31762146,8.707841949,-1.133742371,-0.00138384453,0.01324554719,-0.01619431935,phone,user4,stand
34.95875658,4.356839905,8.705147552,-1.159339142,-0.003199686529,0.03632743284,-0.009450080805,phone,user4,stand
34.97882258,4.353247375,8.706345062,-1.179846497,0.005174189806,0.03454710543,-0.01217667386,phone,user4,stand
34.99888958,4.340523834,8.727151794,-1.134490814,0.02150210179,0.01242585294,-0.01858488098,phone,user4,stand
35.01895558,4.344266052,8.704548798,-1.092428284,0.02943524346,-0.003742923029,-0.01935540326,phone,user4,stand
35.03902158,4.330045624,8.731343079,-1.091829529,0.02125984058,6.572774146e-05,-0.01239673421,phone,user4,stand
35.05908858,4.318070526,8.774902496,-1.166823578,-0.001418871107,0.008168309927,-0.00250680279,phone,user4,stand
35.07915458,4.284989319,8.777297516,-1.215023346,-0.01614589617,0.005839252844,-0.001581811928,phone,user4,stand
35.09922158,4.227957916,8.741521912,-1.210682373,-0.01342717372,-0.01816914044,-0.002660077531,phone,user4,stand
35.11928758,4.257147217,8.750952301,-1.135987701,-0.004393931013,-0.03747262061,-0.003181556473,phone,user4,stand
35.13935458,4.336781616,8.790619812,-1.08584198,0.0003349090694,-0.03130029514,-0.004990311805,phone,user4,stand
35.15942058,4.401447144,8.809181213,-1.059945831,-0.007746522315,-0.009676403366,-0.008216700517,phone,user4,stand
35.17948758,4.392615509,8.766519928,-1.096619568,-0.01926879585,0.01653842255,-0.009367672727,phone,user4,stand
35.19955358,4.349654846,8.694669342,-1.149609375,-0.0204201024,0.01888794824,-0.005935499445,phone,user4,stand
35.21962058,4.320315857,8.683292999,-1.161734161,-0.008725882508,0.003748102579,0.004025044385,phone,user4,stand
35.23968658,4.33049469,8.72535553,-1.108744354,-0.0004796837457,0.006686941721,0.01178171299,phone,user4,stand
35.25975258,4.343667297,8.745563507,-1.099014587,-0.001274406677,0.01217218209,0.01753394864,phone,user4,stand
35.27981958,4.346960449,8.763226776,-1.136287079,-0.01144829579,0.01574839093,0.02823897451,phone,user4,stand
35.29988508,4.280348969,8.732241211,-1.154998169,-0.02494897507,0.01063161064,0.02702053823,phone,user4,stand
35.31995208,4.245621185,8.839418335,-1.182091827,-0.03252030909,0.02018552274,0.01994503476,phone,user4,stand
35.34001808,4.251159668,8.86336853,-1.262774048,-0.04289719835,0.01638488099,0.01570742019,phone,user4,stand
35.36008508,4.305047607,8.733438721,-1.258732452,-0.03756044805,0.00622725999,0.01508388296,phone,user4,stand
35.38015108,4.275259552,8.677155762,-1.215322723,-0.03252252191,-0.001521406113,0.02186847478,phone,user4,stand
35.40021808,4.274810486,8.731642456,-1.138382721,-0.02939583734,-0.001871794229,0.02338188514,phone,user4,stand
35.42028408,4.271217957,8.76038269,-1.066981201,-0.03126246482,-0.003938534763,0.02036779001,phone,user4,stand
35.44035008,4.274810486,8.766968994,-1.069825287,-0.03583298624,-0.01406397484,0.01410444081,phone,user4,stand
35.46041708,4.233047333,8.732839966,-1.117126923,-0.04333631322,-0.01750283688,0.007768979296,phone,user4,stand
35.48048308,4.260590057,8.685837708,-1.061891785,-0.03112769127,-0.009041289799,0.002127729589,phone,user4,stand
35.50055008,4.330644379,8.696315918,-1.06249054,-0.01068398636,-0.0008992567891,-0.007592050359,phone,user4,stand
35.52061608,4.394411774,8.719367981,-1.069525909,-0.00321598188,0.00226795394,-0.01264591515,phone,user4,stand
35.54068308,4.422852631,8.697064362,-1.080902252,-0.005422166083,-0.01033035945,-0.008988120593,phone,user4,stand
35.56074908,4.403393097,8.68793335,-1.04018692,-0.01280702557,-0.02686818689,0.001822473714,phone,user4,stand
35.58081508,4.334685974,8.748557281,-1.024170227,-0.01515113935,-0.02367958426,0.009546706453,phone,user4,stand
35.60088208,4.323010254,8.790919189,-1.031205597,-0.02441642061,-0.01911624521,0.01320767775,phone,user4,stand
35.62094808,4.325405273,8.785231018,-1.013692017,-0.02852143906,-0.02505074814,0.01406617276,phone,user4,stand
35.64101508,4.331243134,8.751850433,-0.9859996033,-0.03412664309,-0.02993743122,0.0141383037,phone,user4,stand
35.66108108,4.315974884,8.772357788,-0.9533674622,-0.04044341668,-0.01913215034,0.009711539373,phone,user4,stand
35.68114808,4.321513367,8.733887787,-0.9592053223,-0.03790079057,0.001258441713,0.002633738099,phone,user4,stand
35.70121408,4.363126831,8.667575684,-1.028960266,-0.02166436985,0.01293665636,-0.002311850898,phone,user4,stand
35.72128108,4.395908661,8.656498718,-1.121018829,-0.01037991792,0.006257814821,-0.001800174825,phone,user4,stand
35.74134708,4.413721619,8.678203583,-1.105900269,-0.004232794046,-0.009713201784,-0.001217419282,phone,user4,stand
35.76141308,4.412075043,8.686286774,-1.058598633,0.0003009884385,-0.02036012523,0.004133864306,phone,user4,stand
35.78148008,4.348756714,8.712182922,-1.013841705,0.001452071359,-0.01624297351,0.008520323783,phone,user4,stand
35.80154608,4.274960175,8.786428528,-1.013841705,-0.005231247749,0.0001412053243,0.007645863108,phone,user4,stand
35.82161308,4.29891037,8.799900513,-1.064137115,-0.0122448327,0.01777997427,0.002661901992,phone,user4,stand
35.84167908,4.347110138,8.789571991,-1.092577972,-0.01884603314,0.01184047945,0.002650047187,phone,user4,stand
35.86174608,4.357588348,8.743617554,-1.049018555,-0.02090190165,-0.009468945675,0.008791264147,phone,user4,stand
35.88181208,4.371808777,8.734785919,-0.9755213928,-0.02408259735,-0.01990813948,0.01203124225,phone,user4,stand
35.90187908,4.364923096,8.723259888,-0.9457333374,-0.03048005141,-0.01498193108,0.01548043732,phone,user4,stand
35.92194508,4.382885742,8.722810822,-0.9413923645,-0.02688760683,-0.004466071725,0.01434361655,phone,user4,stand
35.94201108,4.38902298,8.71712265,-0.9199868774,0.0008208374493,-0.0391623117,0.01291617006,phone,user4,stand
35.96207808,4.323609009,8.745713196,-0.8987310791,0.04600457475,-0.1371389776,0.01302621514,phone,user4,stand
35.98214408,4.234843597,8.872200165,-0.9431886292,0.04912597686,-0.1934853196,0.03036643378,phone,user4,stand
36.00221108,4.39366333,8.95812149,-1.20753891,-0.03792620823,-0.04496120661,0.02008356154,phone,user4,stand
36.02227708,4.552183685,8.599916382,-1.186732178,-0.07433917373,0.07572393119,0.01665079221,phone,user4,stand
36.04234408,4.471651154,8.346792755,-1.148561554,0.02144355699,0.157452479,0.01018003933,phone,user4,stand
36.06241008,4.324058075,8.527766418,-1.210682373,0.1217334718,0.177665621,-0.009090499021,phone,user4,stand
36.08247708,4.357288971,8.782237244,-1.254541168,0.107721068,0.03500277176,-0.02372440696,phone,user4,stand
36.10254308,4.45338913,8.710236969,-0.9047186279,0.04822966084,-0.01603922807,-0.01483545452,phone,user4,stand
36.12260908,4.389921112,8.63404541,-0.9562115479,0.001011918997,0.00456218468,0.01031166315,phone,user4,stand
36.14267608,4.057312775,8.780890045,-1.33267868,-0.04658429325,-0.01292448957,0.02692469582,phone,user4,stand
36.16274208,3.914360046,8.894803162,-1.272204437,-0.04192930833,-0.01568863913,0.002473058878,phone,user4,stand
36.18280908,4.155209198,8.962163086,-1.003662872,0.02194596268,0.0002997951815,-0.04347486794,phone,user4,stand
36.20287508,4.507576447,8.818012848,-0.8009843445,0.07500290871,0.01270555519,-0.07429855317,phone,user4,stand
36.22294208,4.599485321,8.646619263,-0.8421487427,0.06637901813,0.04320628196,-0.06149152666,phone,user4,stand
36.24300808,4.58795929,8.525670776,-0.9930349731,0.01742565632,0.08487133682,-0.02076144144,phone,user4,stand
36.26307508,4.551884308,8.509205017,-1.211131439,-0.02466137335,0.08890407532,0.0176299084,phone,user4,stand
36.28314108,4.460723877,8.672066345,-1.250649261,-0.01699642465,0.03422149643,0.03320415691,phone,user4,stand
36.30320771,4.300706635,8.842262421,-1.14781311,0.03294290602,-0.002952504903,0.02027450874,phone,user4,stand
36.32327471,4.179458771,8.886570282,-1.025367737,0.0577897951,-0.01493122149,-0.007977305911,phone,user4,stand
36.34334071,4.20415741,8.781339111,-0.89394104,0.04277354851,0.03922127187,-0.03155592456,phone,user4,stand
36.36340771,4.299359436,8.679850159,-0.9672885132,0.003485196736,0.07858448476,-0.04222930595,phone,user4,stand
36.38347371,4.445904694,8.634943542,-1.004261627,-0.01393780299,0.0912629813,-0.02975196391,phone,user4,stand
36.40354071,4.536166992,8.661737823,-1.086590424,0.00228301133,0.06952325255,-0.02190404758,phone,user4,stand
36.42360671,4.541855164,8.644822998,-1.108894043,0.02104330249,0.04347021133,-0.009232218377,phone,user4,stand
36.44367371,4.469256134,8.60949646,-1.093775482,0.03493105993,0.03164500371,0.002870360157,phone,user4,stand
36.46373971,4.346960449,8.68793335,-1.017583923,0.03909299523,0.01842154004,0.01148292236,phone,user4,stand
36.48380571,4.242627411,8.854237518,-0.9725276184,0.03558941931,0.02688253857,0.005635442212,phone,user4,stand
36.50387271,4.214485931,8.841513977,-0.9987231445,0.02702442557,0.04685624689,-0.01015151013,phone,user4,stand
36.52393871,4.267625427,8.795409851,-1.048719177,0.02065930888,0.06745073944,-0.02583731152,phone,user4,stand
36.54400571,4.33872757,8.703351288,-1.108594666,0.01526568457,0.0709213987,-0.03010193631,phone,user4,stand
36.56407171,4.382586365,8.654702454,-1.121467896,0.01498259045,0.03867477551,-0.01676562428,phone,user4,stand
36.58413871,4.419559479,8.65515152,-1.067879333,0.02025800198,0.006091323681,-0.005750167184,phone,user4,stand
36.60420471,4.384083252,8.742569733,-1.031504974,0.02175166458,-0.007928454317,0.003326069796,phone,user4,stand
36.62427171,4.299658813,8.790170746,-0.9976753235,0.01262538228,0.01240061875,0.001399088651,phone,user4,stand
36.64433771,4.276007996,8.761430511,-1.011446686,0.006995057687,0.03417923301,-0.006350775249,phone,user4,stand
36.66440371,4.32585434,8.727301483,-1.030906219,0.01129817963,0.04512310401,-0.01892055571,phone,user4,stand
36.68447071,4.359983368,8.72415802,-1.088237,0.01790344715,0.03893294558,-0.01771246828,phone,user4,stand
36.70453671,4.402944031,8.718469849,-1.071920929,0.02076726407,0.03743157536,-0.01336950343,phone,user4,stand
36.72460371,4.379143524,8.705147552,-1.075513458,0.02124932967,0.02763069794,-0.005996558815,phone,user4,stand
36.74466971,4.323309631,8.696465607,-1.060843964,0.01854611002,0.01238905918,-0.0009768507443,phone,user4,stand
36.76473671,4.31298111,8.745563507,-1.024918671,0.01764275879,0.00678964192,0.001764949411,phone,user4,stand
36.78480271,4.307891693,8.788224792,-1.083896027,0.01349260379,0.02093401365,0.0005056769587,phone,user4,stand
36.80486871,4.275858307,8.779692535,-1.105002136,0.005024886224,0.02696518414,-0.001393720624,phone,user4,stand
36.82493571,4.244423676,8.767717438,-1.066981201,0.005195739679,0.00990118552,-0.005965441465,phone,user4,stand
36.84500171,4.280648346,8.737480316,-1.041534119,0.008629620075,0.005300574936,-0.01066325791,phone,user4,stand
36.86506871,4.366419983,8.688083038,-1.062041473,0.003285943065,0.0111539932,-0.01013852376,phone,user4,stand
36.88513471,4.397405548,8.683592377,-1.096170502,0.002375839744,0.02074510604,-0.004318404011,phone,user4,stand
36.90520171,4.379293213,8.732540588,-1.108744354,0.0007739980938,0.01252147648,-0.002285968279,phone,user4,stand
36.92526771,4.316274261,8.73942627,-1.127305756,0.008145496249,-0.003734539961,0.001908308826,phone,user4,stand
36.94533471,4.284091187,8.731642456,-1.088237,0.01773074642,-0.02593438514,0.0006515632849,phone,user4,stand
36.96540071,4.258644104,8.804241486,-1.069226532,0.01442001946,-0.01194617432,-0.004128270317,phone,user4,stand
36.98546671,4.302802277,8.793613586,-1.045126648,-0.003883735975,-0.001276175957,-0.008958986029,phone,user4,stand
37.00553371,4.319866791,8.747659149,-1.05545517,-0.01033945195,-0.01094924379,-0.009437722154,phone,user4,stand
37.02559971,4.303251343,8.74286911,-1.094823303,-0.0114671262,-0.0270174183,-0.01110507641,phone,user4,stand
37.04566671,4.318220215,8.763825531,-1.122815094,-0.01177268662,-0.02760144137,-0.008098583668,phone,user4,stand
37.06573271,4.352349243,8.705746307,-1.07416626,-0.008786965162,-0.0192188248,-0.004572517239,phone,user4,stand
37.08579971,4.367617493,8.73119339,-1.073866882,-0.006685464643,-0.02707302012,-0.002552509774,phone,user4,stand
37.10586571,4.317322083,8.738977203,-1.049018555,-0.004036151804,-0.03143021837,-0.0007008138346,phone,user4,stand
37.12593271,4.319866791,8.717272339,-1.039438477,-0.004046905786,-0.02067157626,-0.004175392445,phone,user4,stand
37.14599871,4.30010788,8.685688019,-1.099763031,-0.005288295448,-0.01653033681,-0.00937936455,phone,user4,stand
37.16606471,4.305496674,8.724008331,-1.134341125,-0.006727110595,-0.02468389459,-0.009118219838,phone,user4,stand
37.18613171,4.301604767,8.749754791,-1.155896301,-0.007573532872,-0.03244958445,-0.009211931378,phone,user4,stand
37.20619771,4.30355072,8.7416716,-1.091530151,0.00151893578,-0.04838656634,-0.008102803491,phone,user4,stand
37.22626471,4.289330292,8.745413818,-1.044827271,0.006097698584,-0.04787674174,-0.009127196856,phone,user4,stand
37.24633071,4.291725311,8.781339111,-1.037941589,-0.005189081188,-0.03333730251,-0.009461674839,phone,user4,stand
37.26639771,4.309538269,8.762029266,-1.080303497,-0.0171493236,-0.01510113385,-0.01238994393,phone,user4,stand
37.28646371,4.301455078,8.757688293,-1.15844101,-0.01962080598,-0.0344289355,-0.01111266017,phone,user4,stand
37.30653062,4.317022705,8.72879837,-1.121916962,-0.009407266974,-0.04395245016,-0.01153406128,phone,user4,stand
37.32659663,4.299359436,8.755892029,-1.085093536,-0.001570832217,-0.04781304672,-0.0109005589,phone,user4,stand
37.34666262,4.329746246,8.748856659,-1.063688049,-0.006014100276,-0.03850939497,-0.01080889907,phone,user4,stand
37.36672962,4.323908386,8.756041718,-1.0577005,-0.01281546336,-0.0363782011,-0.006510798819,phone,user4,stand
37.38679562,4.319567413,8.762927399,-1.057101746,-0.01731249318,-0.03311781585,-0.006568782963,phone,user4,stand
37.40686262,4.292174377,8.740174713,-1.088237,-0.014857742,-0.0395177044,-0.004003884736,phone,user4,stand
37.42692862,4.300706635,8.750203857,-1.108744354,-0.01307661925,-0.04264691845,-0.001596653485,phone,user4,stand
37.44699562,4.288581848,8.756191406,-1.091530151,-0.01151730493,-0.04724983498,0.0004931131843,phone,user4,stand
37.46706163,4.255201263,8.761280823,-1.050216064,-0.01289026719,-0.04817421734,0.0001141924877,phone,user4,stand
37.48712862,4.252806244,8.754844208,-1.057999878,-0.01756149903,-0.02736618742,-0.005131475162,phone,user4,stand
37.50719462,4.265380096,8.723110199,-1.108295288,-0.02107462846,-0.02845636569,-0.004472997505,phone,user4,stand
37.52726063,4.266427917,8.749605103,-1.143472137,-0.01656392962,-0.04358195513,-0.001534915878,phone,user4,stand
37.54732762,4.253554688,8.774154053,-1.159937897,-0.0127064297,-0.04937623441,-0.005389473401,phone,user4,stand
37.56739362,4.237987061,8.795409851,-1.135838013,-0.01398885716,-0.04896579683,-0.005649405532,phone,user4,stand
37.58746062,4.283043365,8.767268372,-1.076411591,-0.008270229213,-0.04077857733,-0.0114290677,phone,user4,stand
37.60752662,4.308490448,8.738677826,-1.057251434,-0.006445364561,-0.03595701605,-0.008444495499,phone,user4,stand
37.62759362,4.334835663,8.72879837,-1.075064392,-0.01306471787,-0.02556926571,-0.004087265581,phone,user4,stand
37.64765962,4.307292938,8.684939575,-1.141825562,-0.01962989569,-0.02608810365,0.005891242996,phone,user4,stand
37.66772563,4.259542236,8.696914673,-1.191372528,-0.02028714307,-0.04756120965,0.01188101619,phone,user4,stand
37.68779262,4.208199005,8.797954559,-1.178499298,-0.01197776571,-0.06521845609,0.01274658367,phone,user4,stand
37.70785862,4.193828888,8.900491333,-1.137035522,-0.004971695133,-0.0695976615,1.568626612e-05,phone,user4,stand
37.72792563,4.172124023,8.849447479,-1.079405365,-0.006437043659,-0.05095602944,-0.01385900099,phone,user4,stand
37.74799162,4.238286438,8.782386932,-1.043480072,-0.01073505543,-0.02738981321,-0.0208125487,phone,user4,stand
37.76805862,4.342020721,8.745413818,-1.042432251,-0.01368005853,-0.003281846177,-0.01831918955,phone,user4,stand
37.78812462,4.393363953,8.70305191,-1.119222565,-0.0165708717,-0.01364442613,-0.004661129322,phone,user4,stand
37.80819162,4.380041656,8.69960907,-1.153950348,-0.01060484909,-0.0344394967,0.006073327735,phone,user4,stand
37.82825762,4.262236633,8.679101715,-1.14317276,-0.01000096928,-0.05805072933,0.015619101,phone,user4,stand
37.84832362,4.19831955,8.761430511,-1.105151825,-0.008142148145,-0.04207177088,0.01023462601,phone,user4,stand
37.86839062,4.212989044,8.795858917,-1.136287079,-0.01096711215,-0.01030136738,-0.002480096184,phone,user4,stand
37.88845662,4.239783325,8.762328644,-1.17011673,-0.009021706879,-0.02265639044,-0.004462270997,phone,user4,stand
37.90852362,4.237388306,8.770711212,-1.141675873,-0.001615687739,-0.04551682621,-0.003949715756,phone,user4,stand
37.92858963,4.235292664,8.830736389,-1.091530151,0.005400991999,-0.05074222013,-0.006055615842,phone,user4,stand
37.94865662,4.206552429,8.809181213,-1.067579956,0.0006373864599,-0.03325787559,-0.01265559345,phone,user4,stand
37.96872262,4.237537994,8.723409576,-1.109043732,-0.007735568564,-0.005163589027,-0.01406634971,phone,user4,stand
37.98878963,4.261338501,8.722062378,-1.186881866,-0.005945023149,-0.007425680757,-0.0106287878,phone,user4,stand
38.00885562,4.279151459,8.768166504,-1.208287354,0.002545627998,-0.03996064514,-0.005207772367,phone,user4,stand
38.02892162,4.234993286,8.801098022,-1.155746613,0.008097742684,-0.05151045322,-0.003178885207,phone,user4,stand
38.04898862,4.226161652,8.779692535,-1.091829529,0.006198480725,-0.03675036505,-0.004915666301,phone,user4,stand
38.06905462,4.233496399,8.776698761,-1.109343109,0.0007186224684,-0.01534321532,-0.007112625055,phone,user4,stand
38.08912162,4.213887177,8.79316452,-1.176104279,-0.006378773134,-0.02107222006,-0.00637955498,phone,user4,stand
38.10918762,4.187541962,8.779842224,-1.203197937,-0.004710831679,-0.03638982028,-0.00736053288,phone,user4,stand
38.12925463,4.196972351,8.777746582,-1.179696808,-0.0032034982,-0.03426644206,-0.005017007235,phone,user4,stand
38.14932062,4.192481689,8.796307983,-1.197509766,-0.006548129022,-0.02669525333,-0.005815705284,phone,user4,stand
38.16938762,4.211941223,8.80019989,-1.168320465,-0.006979146041,-0.0303844884,-0.002937901765,phone,user4,stand
38.18945363,4.219575348,8.824449463,-1.172811127,-0.006414294243,-0.03839677572,8.038571104e-05,phone,user4,stand
38.20951962,4.190685425,8.792865143,-1.18763031,-0.009553642012,-0.04721151665,0.00339016621,phone,user4,stand
38.22958662,4.150868225,8.773854675,-1.133592682,-0.009604424238,-0.0410656184,0.001837508287,phone,user4,stand
38.24965262,4.168830872,8.788224792,-1.157692566,-0.01283652056,-0.03188395873,-0.002342554508,phone,user4,stand
38.26971962,4.234394531,8.791368256,-1.194216614,-0.0139345061,-0.02349812537,-0.005555998534,phone,user4,stand
38.28978562,4.239034882,8.753946075,-1.23792572,-0.008651311509,-0.0342768766,-0.004895341583,phone,user4,stand
38.30985283,4.226610718,8.739276581,-1.226100311,-0.003361504758,-0.0491024591,-0.003306569532,phone,user4,stand
38.32991883,4.176614685,8.767118683,-1.197659454,-0.0009536480065,-0.04619408399,-0.002609317424,phone,user4,stand
38.34998483,4.211342468,8.803193665,-1.174158325,-0.00238338206,-0.03870798275,-0.003953939304,phone,user4,stand
38.37005183,4.195774841,8.796607361,-1.189725952,-0.004739609547,-0.04134912044,-0.005995452404,phone,user4,stand
38.39011783,4.177063751,8.781638489,-1.165177002,-0.004789443687,-0.04477056861,-0.005078244023,phone,user4,stand
38.41018483,4.189787292,8.785829773,-1.156195679,-0.0006652064621,-0.03314489871,-0.009628552943,phone,user4,stand
38.43025083,4.224365387,8.781937866,-1.194815369,-0.003403118346,-0.01998155564,-0.00866260007,phone,user4,stand
38.45031783,4.25909317,8.762927399,-1.223256226,-0.001545896986,-0.015189372,-0.005279288627,phone,user4,stand
38.47038383,4.254901886,8.786278839,-1.275198212,0.001220395439,-0.02914336137,0.0006914867554,phone,user4,stand
38.49045083,4.220623169,8.76397522,-1.207688599,-4.242639989e-05,-0.03997492045,0.003339773975,phone,user4,stand
38.51051683,4.202061768,8.778045959,-1.166673889,-0.002004099311,-0.03365608305,0.003388297744,phone,user4,stand
38.53058283,4.201463013,8.80843277,-1.159189453,-0.001005753409,-0.0190066807,-0.001631189371,phone,user4,stand
38.55064983,4.225263519,8.798104248,-1.202150116,-0.001313686138,-0.005174249411,-0.004439650103,phone,user4,stand
38.57071583,4.236041107,8.774902496,-1.21457428,-0.002485959092,-0.002965108957,-0.002474463312,phone,user4,stand
38.59078283,4.237388306,8.768016815,-1.237776031,0.0008254816057,-0.007077121641,0.002684314037,phone,user4,stand
38.61084883,4.214186554,8.75454483,-1.221010895,-0.003063612152,-0.009990167804,0.006160161458,phone,user4,stand
38.63091583,4.221820679,8.762478333,-1.211580505,-0.001983789261,-0.01453654096,0.00456964504,phone,user4,stand
38.65098183,4.216282196,8.760233002,-1.227746887,0.002486728597,-0.01140324771,0.001701890025,phone,user4,stand
38.67104883,4.216880951,8.77325592,-1.240021362,0.005812282674,-0.007903946564,-0.0004366608337,phone,user4,stand
38.69111483,4.188140717,8.775351563,-1.23328537,0.00604779087,-0.003876045579,-0.004085167311,phone,user4,stand
38.71118083,4.200864258,8.78612915,-1.228345642,0.009027048945,0.001472684089,-0.006327339448,phone,user4,stand
38.73124783,4.220024414,8.779393158,-1.197509766,0.0106749488,0.003902645549,-0.004305967595,phone,user4,stand
38.75131383,4.225113831,8.772956543,-1.213526459,0.01251126267,0.004584054928,-0.002423678292,phone,user4,stand
38.77138083,4.212989044,8.770711212,-1.212478638,0.01208459958,0.008141539991,0.000375777483,phone,user4,stand
38.79144683,4.221970367,8.772208099,-1.228046265,0.01151705813,0.01354484819,0.0002885744907,phone,user4,stand
38.81151383,4.222718811,8.784931641,-1.265618134,0.009963287041,0.0136294011,0.0003996042069,phone,user4,stand
38.83157983,4.176315308,8.796008606,-1.268462219,0.004918243736,0.0002345477697,0.001645204611,phone,user4,stand
38.85164583,4.159400482,8.771459656,-1.234632568,0.003896689042,-0.01023345161,0.0005162747111,phone,user4,stand
38.87171283,4.198918304,8.793613586,-1.235231323,0.006394118536,0.0003692558385,-0.001374859829,phone,user4,stand
38.89177883,4.239034882,8.791517944,-1.234033813,0.005955495872,0.01021762565,-0.005653494503,phone,user4,stand
38.91184583,4.268822937,8.744815063,-1.23328537,0.009021924809,0.01646078192,-0.004914499819,phone,user4,stand
38.93191183,4.26493103,8.716673584,-1.230740662,0.01224849373,0.02122521959,-0.001474769437,phone,user4,stand
38.95197883,4.238585815,8.7323909,-1.250649261,0.01207878441,0.01434903126,0.0009727084544,phone,user4,stand
38.97204483,4.214336243,8.762328644,-1.248553619,0.01481965743,0.01107818726,0.00183379557,phone,user4,stand
38.99211183,4.218228149,8.790769501,-1.211879883,0.01576959342,0.01490385924,5.501531996e-05,phone,user4,stand
39.01217783,4.186494141,8.779692535,-1.217418365,0.01362437755,0.02107660845,-0.003460205859,phone,user4,stand
39.03224383,4.190236359,8.775800629,-1.215921478,0.01464028377,0.02934658527,-0.005653887521,phone,user4,stand
39.05231083,4.168681183,8.768316193,-1.238075409,0.01291574165,0.02856843174,-0.003222935135,phone,user4,stand
39.07237683,4.170627136,8.76397522,-1.246308289,0.01127818599,0.02388878912,-0.001474116929,phone,user4,stand
39.09244383,4.189787292,8.805738373,-1.236578522,0.01509791054,0.02068123221,-0.00196684082,phone,user4,stand
39.11250983,4.206253052,8.822054443,-1.230291595,0.0181731116,0.01786621846,-0.0002726266393,phone,user4,stand
39.13257683,4.179009705,8.79316452,-1.227297821,0.0141039947,0.01757372729,0.001834358787,phone,user4,stand
39.15264283,4.159400482,8.793763275,-1.243464203,0.008418784477,0.01420003176,0.00187958614,phone,user4,stand
39.17270983,4.132157135,8.805139618,-1.26951004,0.002695882693,0.009970312007,0.001931000967,phone,user4,stand
39.19277583,4.150868225,8.811127167,-1.268013153,0.0001583921257,0.008636148646,-0.000575677841,phone,user4,stand
39.21284183,4.172273712,8.792565765,-1.263073425,0.002401890233,0.002975914394,-0.002522141673,phone,user4,stand
39.23290883,4.196672974,8.773854675,-1.248553619,0.003834086936,0.004276819993,-0.001163171139,phone,user4,stand
39.25297483,4.215533752,8.760682068,-1.229842529,-0.0009464574978,0.005753268953,0.002864543581,phone,user4,stand
39.27304183,4.236041107,8.772507477,-1.247655487,-0.001476340462,0.004339533858,0.005758625921,phone,user4,stand
39.29310783,4.206253052,8.796307983,-1.260528717,0.0008285432123,0.0005823126994,0.006111333147,phone,user4,stand
39.31317437,4.182452545,8.772357788,-1.252894592,0.003797153244,-0.002493598498,0.001314125722,phone,user4,stand
39.33324037,4.176614685,8.772507477,-1.238973541,0.003828756278,0.002565837465,-0.003197432961,phone,user4,stand
39.35330638,4.207749939,8.762628021,-1.237626343,0.00402430119,0.01066751406,-0.006010423414,phone,user4,stand
39.37337337,4.226011963,8.759334869,-1.239272919,0.005164698232,0.009239613079,-0.001415688661,phone,user4,stand
39.39343937,4.226610718,8.784632263,-1.264420624,0.007151670754,0.00625355402,0.002126922365,phone,user4,stand
39.41350638,4.212689667,8.778644714,-1.273551636,0.004680557642,0.003362832591,0.003835237119,phone,user4,stand
39.43357237,4.20176239,8.796307983,-1.231638794,0.003272537375,0.00110611436,0.004667421803,phone,user4,stand
39.45363937,4.186194763,8.799750824,-1.232985992,-0.00181550323,0.0006950115203,0.006703439169,phone,user4,stand
39.47370537,4.191733246,8.832832031,-1.225800934,-0.001925500808,0.004444785416,0.008204076439,phone,user4,stand
39.49377237,4.192631378,8.804989929,-1.256337433,-0.005296699703,0.01305494364,0.006492285058,phone,user4,stand
39.51383837,4.204905853,8.745713196,-1.273701324,-0.004195176065,0.01841927506,0.007077762857,phone,user4,stand
39.53390437,4.215384064,8.713829498,-1.300645294,-0.00272416207,0.007950965315,0.006659638137,phone,user4,stand
39.55397138,4.207151184,8.749455414,-1.294807434,-0.00244198367,-0.008338215761,0.006725677289,phone,user4,stand
39.57403737,4.187541962,8.799301758,-1.256038055,-0.0006879204884,-0.01515552681,0.004919663072,phone,user4,stand
39.59410437,4.16194519,8.794062653,-1.229692841,-0.003388375277,-0.01922432519,0.0011264598,phone,user4,stand
39.61417037,4.166884918,8.787925415,-1.207838287,-0.004341949709,-0.008280865848,-0.002332234289,phone,user4,stand
39.63423737,4.239633636,8.782237244,-1.173409882,-0.003320997348,0.01076127123,-0.008066771552,phone,user4,stand
39.65430337,4.276007996,8.744365997,-1.22505249,-0.002181456191,0.02322596684,-0.01050605811,phone,user4,stand
39.67437037,4.315675507,8.719068604,-1.263223114,0.001478904625,0.01013386622,-0.003026843071,phone,user4,stand
39.69443637,4.316873016,8.725954285,-1.260079651,0.005764032248,-0.002875828883,0.006270658225,phone,user4,stand
39.71450237,4.2719664,8.757987671,-1.217118988,0.0007397778099,-0.001831711386,0.01215242408,phone,user4,stand
39.73456937,4.236789551,8.778644714,-1.189875641,0.001182610053,0.006696533412,0.008972481824,phone,user4,stand
39.75463538,4.191433868,8.793763275,-1.211430817,-0.0001294650137,0.01352456678,0.005935862195,phone,user4,stand
39.77470237,4.19592453,8.79555954,-1.225651245,-0.002261488466,0.01548757963,0.003626588266,phone,user4,stand
39.79476837,4.198469238,8.777896271,-1.231938171,-0.005259641446,0.01322264969,0.002324286615,phone,user4,stand
39.81483538,4.215384064,8.765621796,-1.243913269,-0.005149086937,0.006173082627,0.00199989765,phone,user4,stand
39.83490137,4.238735504,8.755293274,-1.222956848,-0.0017670081,0.002153756097,0.002260418376,phone,user4,stand
39.85496737,4.254303131,8.750652924,-1.216520233,0.001312972279,0.007378167473,0.001402065856,phone,user4,stand
39.87503437,4.256698151,8.722361755,-1.213526459,-0.0009630813729,0.008513783105,0.003964818083,phone,user4,stand
39.89510037,4.256847839,8.74286911,-1.202599182,0.001255598152,0.003313428024,0.002838300541,phone,user4,stand
39.91516737,4.250860291,8.789422302,-1.21457428,0.004835287109,0.003190526273,0.001232529525,phone,user4,stand
39.93523337,4.246968384,8.77565094,-1.18763031,0.006624895148,0.004785888828,-0.0008286916418,phone,user4,stand
39.95530037,4.269571381,8.75813736,-1.183888092,0.008014085703,0.0166530665,-0.003359165508,phone,user4,stand
39.97536637,4.276457062,8.754095764,-1.203347626,0.002817567904,0.02371455543,-0.0007824143395,phone,user4,stand
39.99543337,4.277055817,8.753197632,-1.225651245,0.001646990771,0.01988710277,0.003061051248,phone,user4,stand
40.01549938,4.284989319,8.747359772,-1.225800934,0.005005260929,0.0153791355,0.004201741889,phone,user4,stand
40.03556537,4.26612854,8.751551056,-1.203197937,0.007440610323,0.01179042272,0.006684255786,phone,user4,stand
40.05563237,4.267475739,8.763526154,-1.181642761,0.006221227348,0.0194675345,0.005720825866,phone,user4,stand
40.07569837,4.248165894,8.772058411,-1.200204163,0.001528838533,0.02950827964,0.00395629555,phone,user4,stand
40.09576537,4.224215698,8.748407593,-1.24376358,-0.003159206128,0.02546173893,0.005027394742,phone,user4,stand
40.11583137,4.244573364,8.75454483,-1.23912323,0.0004434675211,0.01655368321,0.007440179121,phone,user4,stand
40.13589837,4.236490173,8.779093781,-1.222657471,0.002272740006,0.01026697457,0.005109339021,phone,user4,stand
40.15596438,4.245770874,8.746311951,-1.184337158,0.00532412529,0.01955111325,0.003961017355,phone,user4,stand
40.17603037,4.258793793,8.735234985,-1.184486847,0.005043890327,0.02794873528,0.001157450257,phone,user4,stand
40.19609737,4.279899902,8.74750946,-1.194815369,0.0008553370135,0.0263955351,-0.0008988587651,phone,user4,stand
40.21616338,4.27316391,8.750203857,-1.21457428,0.0003052433021,0.0206417311,0.001402386464,phone,user4,stand
40.23623037,4.279450836,8.742719421,-1.212328949,0.00313444226,0.01679012738,0.004663042724,phone,user4,stand
40.25629637,4.272714844,8.731941833,-1.183139648,0.006532369182,0.02177955955,0.00391655881,phone,user4,stand
40.27636338,4.270319824,8.741072845,-1.165177002,0.00710691046,0.02201071568,0.002560694003,phone,user4,stand
40.29642937,4.265080719,8.76981308,-1.204096069,0.00469700247,0.02199061774,0.003093932057,phone,user4,stand
40.31649683,4.228107605,8.749605103,-1.231489105,0.002403547987,0.02127050422,0.001345661003,phone,user4,stand
40.33656283,4.224664764,8.748856659,-1.224453735,0.007769108284,0.02093045786,-0.003115768312,phone,user4,stand
40.35662883,4.258195038,8.756041718,-1.212628326,0.01390629634,0.02239954844,-0.00479219621,phone,user4,stand
40.37669583,4.247567139,8.764274597,-1.211730194,0.01240541972,0.01688347757,-0.005652640015,phone,user4,stand
40.39676183,4.231999512,8.742719421,-1.22041214,0.007221241482,0.01207150239,-0.004278151318,phone,user4,stand
40.41682883,4.215384064,8.745413818,-1.21577179,0.007474329323,0.01381804049,-0.004193832166,phone,user4,stand
40.43689483,4.25325531,8.79316452,-1.231189728,0.00911090523,0.0143647939,-0.001518591656,phone,user4,stand
40.45696183,4.240232391,8.805289307,-1.205742645,0.01138389111,0.008353175595,-0.002747294493,phone,user4,stand
40.47702783,4.211043091,8.76397522,-1.189276886,0.007341586985,0.004742563702,-0.005271089263,phone,user4,stand
40.49709483,4.177063751,8.753047943,-1.193019104,0.004012486432,0.01164649893,-0.008508952335,phone,user4,stand
40.51716083,4.192930756,8.764424286,-1.204096069,-0.0008714846335,0.01176527608,-0.01131246239,phone,user4,stand
40.53722683,4.231550446,8.772806854,-1.237626343,0.002648149151,0.01002809592,-0.01133616455,phone,user4,stand
40.55729383,4.265230408,8.751700745,-1.219663696,0.01176186837,-0.001282126643,-0.007761927322,phone,user4,stand
40.57735983,4.239933014,8.741372223,-1.212029572,0.01036190987,-0.005972312763,-0.0007157685468,phone,user4,stand
40.59742683,4.210444336,8.780440979,-1.185235291,0.002541633323,-0.006991777569,0.003953235224,phone,user4,stand
40.61749283,4.176315308,8.825347595,-1.189276886,-0.004359095357,-0.003414568957,0.005333593581,phone,user4,stand
40.63755983,4.183949432,8.82594635,-1.196162567,-0.008222393692,0.004174950533,-0.0008822325617,phone,user4,stand
40.65762583,4.211641846,8.803043976,-1.218466187,-0.005681302864,0.007075405214,-0.002873162506,phone,user4,stand
40.67769183,4.228107605,8.74870697,-1.22385498,-0.00154108787,0.005754385144,-0.00607538037,phone,user4,stand
40.69775883,4.223317566,8.724607086,-1.218316498,-0.003573129186,-0.003264090745,0.0002598362043,phone,user4,stand
40.71782483,4.222569122,8.764873352,-1.222208405,-0.007291587535,-0.008294416592,0.005252076313,phone,user4,stand
40.73789183,4.23454422,8.795260162,-1.228345642,-0.005789330695,-0.008246997371,0.002361626131,phone,user4,stand
40.75795783,4.215982819,8.769214325,-1.190175018,-0.001817956101,-0.001929536927,-0.000540718087,phone,user4,stand
40.77802483,4.20760025,8.738827515,-1.177002411,0.002832439728,6.361218402e-05,0.0005617744755,phone,user4,stand
40.79809083,4.213587799,8.766519928,-1.187330933,0.001519617974,-0.003111718222,-7.497915067e-05,phone,user4,stand
40.81815783,4.222718811,8.779842224,-1.21457428,-0.0008269937243,-0.003751405515,0.0007650298066,phone,user4,stand
40.83822383,4.230951691,8.789422302,-1.218166809,-0.004721052013,-0.003558732802,-0.0005067019956,phone,user4,stand
40.85828983,4.252955933,8.762328644,-1.181493073,-0.001720664091,-0.002088374924,-0.003992889076,phone,user4,stand
40.87835683,4.268373871,8.757987671,-1.183439026,-0.001256928546,-0.003071330953,-2.68088188e-05,phone,user4,stand
40.89842283,4.250710602,8.7522995,-1.194066925,-0.000804309966,-0.003999832086,0.003383755218,phone,user4,stand
40.91848983,4.24861496,8.755592651,-1.181044006,-0.001847084844,0.0008158189012,0.002295201411,phone,user4,stand
40.93855583,4.240082703,8.774603119,-1.204994202,-0.000905639492,-0.0002473531349,0.005647378974,phone,user4,stand
40.95862283,4.213887177,8.762029266,-1.22160965,-0.001304915175,-0.00386916101,0.003206890076,phone,user4,stand
40.97868883,4.221521301,8.74406662,-1.199006653,-0.001546639251,-0.004493847024,0.0004029248375,phone,user4,stand
40.99875483,4.232298889,8.750652924,-1.197360077,0.002718287986,-0.002277477644,0.001131504308,phone,user4,stand
41.01882183,4.260140991,8.767268372,-1.185684357,-0.0009133038111,-0.001540845726,-5.115917884e-05,phone,user4,stand
41.03888783,4.243824921,8.750952301,-1.195563812,0.001373507548,0.001342779724,0.0017789267,phone,user4,stand
41.05895483,4.261937256,8.752000122,-1.215023346,0.000487487996,0.003196251113,0.002883445006,phone,user4,stand
41.07902083,4.262985077,8.736881561,-1.215173035,-6.982311606e-05,0.003274101065,0.002698735334,phone,user4,stand
41.09908783,4.255350952,8.756490784,-1.227746887,-0.001129844226,-0.002691515023,0.002758898539,phone,user4,stand
41.11915383,4.234394531,8.743168488,-1.193318481,0.001495799283,-0.000564361224,0.004184472375,phone,user4,stand
41.13922083,4.267176361,8.753497009,-1.174906769,0.00442169141,0.004139721394,0.002556600375,phone,user4,stand
41.15928683,4.279600525,8.784033508,-1.191222839,0.005154566839,0.01124644838,0.005305138882,phone,user4,stand
41.17935283,4.23693924,8.781788177,-1.225651245,-0.0005448306911,0.01109718531,0.008074190468,phone,user4,stand
41.19941983,4.232448578,8.759634247,-1.217717743,-0.003891242901,0.005221356172,0.004771965556,phone,user4,stand
41.21948583,4.212240601,8.743467865,-1.214424591,-0.002778640715,0.001845891471,0.001530398382,phone,user4,stand
41.23955283,4.224664764,8.722212067,-1.2063414,0.004613252357,0.003309481312,-0.003514052369,phone,user4,stand
41.25961883,4.265679474,8.743018799,-1.217418365,0.006249242462,0.00467398949,-0.001167399576,phone,user4,stand
41.27968583,4.291276245,8.733738098,-1.211281128,0.002874900587,0.001101402566,0.0002480621915,phone,user4,stand
41.29975183,4.295168152,8.732241211,-1.19586319,-0.001428035321,0.003363849362,0.001901917625,phone,user4,stand
41.31981796,4.308340759,8.748257904,-1.19930603,0.001986619784,0.005445328075,0.00242385664,phone,user4,stand
41.33988396,4.283492432,8.735684052,-1.190624084,0.008653176948,0.009192845784,0.0006867407355,phone,user4,stand
41.35994996,4.305197296,8.721014557,-1.20873642,0.0131374253,0.01536697801,0.0008517845999,phone,user4,stand
41.38001696,4.326752472,8.733588409,-1.20289856,0.007596284151,0.01417158078,0.003231399227,phone,user4,stand
41.40008296,4.309538269,8.739875336,-1.197060699,0.00644463487,0.01369770803,0.005680361763,phone,user4,stand
41.42014996,4.263284454,8.752449188,-1.216819611,0.004826184828,0.01373825874,0.004980632104,phone,user4,stand
41.44021596,4.232448578,8.749006348,-1.211580505,0.00473896414,0.01314151008,0.003640671493,phone,user4,stand
41.46028296,4.229305115,8.769663391,-1.20753891,0.006878696848,0.01453678403,0.003139722627,phone,user4,stand
41.48034896,4.240531769,8.794661407,-1.218765564,0.008437551558,0.00999667868,0.004202190787,phone,user4,stand
41.50041496,4.229454803,8.779692535,-1.195114746,0.003392801154,0.009702211246,0.002442748984,phone,user4,stand
41.52048196,4.238286438,8.758436737,-1.200054474,0.002651089104,0.01425572019,0.001964919502,phone,user4,stand
41.54054796,4.246369629,8.73583374,-1.221010895,-0.002308210125,0.0153840268,0.002976236865,phone,user4,stand
41.56061496,4.259691925,8.751251678,-1.247206421,-0.004312737845,0.009765909053,0.0037786311,phone,user4,stand
41.58068096,4.246070251,8.769064636,-1.243015137,-0.001179678831,0.0006756985094,0.004091028124,phone,user4,stand
41.60074796,4.255201263,8.755293274,-1.23792572,0.001472959062,-0.007797499653,0.00331637729,phone,user4,stand
41.62081396,4.264481964,8.736282806,-1.176253967,-0.0009439066052,-0.001332189888,0.003387977369,phone,user4,stand
41.64088096,4.277355194,8.755442963,-1.184786224,-2.261856571e-05,0.01440309267,0.002799903043,phone,user4,stand
41.66094696,4.272714844,8.769513702,-1.232985992,-0.005840799771,0.01011745259,0.005640008487,phone,user4,stand
41.68101296,4.250411224,8.766519928,-1.233135681,-0.004475640133,-0.0006900578737,0.005626356229,phone,user4,stand
41.70107996,4.238585815,8.753946075,-1.224004669,0.0005696017761,-0.002434118418,0.002332816832,phone,user4,stand
41.72114596,4.273912354,8.753796387,-1.191821594,-0.0003928984515,0.005759541877,0.005388277583,phone,user4,stand
41.74121296,4.30355072,8.766669617,-1.2063414,-0.004442918114,0.01513062976,0.003581597004,phone,user4,stand
41.76127896,4.276906128,8.744665375,-1.241218872,-0.006416984834,0.004365948495,0.007778141648,phone,user4,stand
41.78134596,4.266577606,8.708291016,-1.206042023,-0.003246456152,-0.008504968137,0.0128284581,phone,user4,stand
41.80141196,4.262685699,8.746761017,-1.163979492,0.005942240823,-0.002261408605,0.01440686081,phone,user4,stand
41.82147796,4.312532043,8.777596893,-1.122216339,0.008873736486,0.01647174358,0.009209833108,phone,user4,stand
41.84154496,4.32226181,8.76741806,-1.163680115,0.002718945732,0.03541841358,0.008797208779,phone,user4,stand
41.86161096,4.297563171,8.777147827,-1.223705292,-0.006020261906,0.03923361376,0.01021583658,phone,user4,stand
41.88167796,4.226011963,8.798104248,-1.285077667,-0.01211639959,0.02555961162,0.01267095841,phone,user4,stand
41.90174396,4.155957642,8.7814888,-1.266366577,-0.009346179664,0.01186563727,0.01084749214,phone,user4,stand
41.92181096,4.147575073,8.770262146,-1.22625,-0.003753425321,0.001845449908,0.006908950396,phone,user4,stand
41.94187696,4.207450562,8.770711212,-1.218316498,-0.006171610206,-0.004072980955,0.007236002013,phone,user4,stand
41.96194396,4.248315582,8.77684845,-1.209185486,-0.01377944276,-0.00991795864,0.006090505049,phone,user4,stand
41.98200996,4.247866516,8.74286911,-1.198707275,-0.01821006089,-0.02019895613,0.009625342675,phone,user4,stand
42.00207596,4.245471497,8.726403351,-1.185983734,-0.02073366009,-0.02841911092,0.01159720216,phone,user4,stand
42.02214296,4.280798035,8.763376465,-1.178050232,-0.02154241502,-0.02595537342,0.01002144814,phone,user4,stand
42.04220896,4.342918854,8.763376465,-1.19930603,-0.02091377042,-0.01315373927,0.007762227207,phone,user4,stand
42.06227596,4.383484497,8.726403351,-1.178948364,-0.01970579475,-0.006196585484,0.01027120743,phone,user4,stand
42.08234196,4.341122589,8.703950043,-1.173409882,-0.01660249382,-0.007463585585,0.01545981877,phone,user4,stand
42.10240896,4.297263794,8.737480316,-1.13613739,-0.01339561958,-0.01089666411,0.01741116494,phone,user4,stand
42.12247496,4.273463287,8.742420044,-1.137484589,-0.01107322052,-0.006506797392,0.01522157528,phone,user4,stand
42.14254096,4.259991302,8.73119339,-1.15484848,-0.007936486974,-0.001477730228,0.009564670734,phone,user4,stand
42.16260796,4.301604767,8.73942627,-1.159189453,0.001811916474,-0.004506905098,0.0112240063,phone,user4,stand
42.18267396,4.3117836,8.738677826,-1.198557587,-0.003339952324,0.004981632344,0.01391385496,phone,user4,stand
42.20274096,4.331991577,8.715625763,-1.170416107,-0.01228213124,0.01319868118,0.01891045272,phone,user4,stand
42.22280696,4.327800293,8.730744324,-1.174906769,-0.01443031989,0.006793110166,0.02049794048,phone,user4,stand
42.24287396,4.305047607,8.760682068,-1.220262451,-0.0165011622,0.008090955205,0.01784461737,phone,user4,stand
42.26293996,4.306544495,8.742420044,-1.237776031,-0.01107869856,0.009334385395,0.01172706857,phone,user4,stand
42.28300696,4.281696167,8.727900238,-1.202150116,-0.002562830457,0.0004323789617,0.005204573739,phone,user4,stand
42.30307363,4.255051575,8.70080658,-1.195713501,-0.002475395333,0.0001506065601,0.00286942278,phone,user4,stand
42.32313962,4.288731537,8.705297241,-1.191372528,-0.01114596799,0.005426782649,0.002567260992,phone,user4,stand
42.34320662,4.352498932,8.740174713,-1.206042023,-0.01460845117,-0.002591995522,0.008734654635,phone,user4,stand
42.36327262,4.358187103,8.740025024,-1.236578522,-0.02448655292,-0.02754933573,0.01410761848,phone,user4,stand
42.38333962,4.376898193,8.72415802,-1.148112488,-0.02456846088,-0.01845804416,0.01831688359,phone,user4,stand
42.40340562,4.391417999,8.72415802,-1.097218323,-0.01265910268,-0.001379381283,0.02294933796,phone,user4,stand
42.42347262,4.3608815,8.727151794,-1.130449219,-0.01221443899,0.006620187312,0.01800102368,phone,user4,stand
42.44353862,4.353696442,8.719367981,-1.161734161,-0.02241404541,0.01234660484,0.01719380356,phone,user4,stand
42.46360562,4.371210022,8.703500977,-1.176553345,-0.03321061656,0.009930095635,0.02135205641,phone,user4,stand
42.48367162,4.399201813,8.703201599,-1.155596924,-0.03558172286,-0.01172697265,0.02804895118,phone,user4,stand
42.50373763,4.408033447,8.748856659,-1.100661163,-0.03923419118,-0.01441218611,0.02739518695,phone,user4,stand
42.52380462,4.421505432,8.748108215,-1.06593338,-0.04233853891,0.001772258896,0.01910848729,phone,user4,stand
42.54387062,4.462370453,8.69841156,-1.072519684,-0.03262759745,0.01602241024,0.01595872268,phone,user4,stand
42.56393763,4.483476562,8.688681793,-1.096769257,-0.01336359233,0.03080648184,0.02171320468,phone,user4,stand
42.58400362,4.457730103,8.706345062,-1.163979492,-0.006152318791,0.03673981875,0.02587001957,phone,user4,stand
42.60407062,4.37614975,8.668773193,-1.088087311,-0.004592170939,0.02384613268,0.0284757521,phone,user4,stand
42.62413662,4.403243408,8.660839691,-1.02267334,-0.005631985143,0.02651812695,0.02485810779,phone,user4,stand
42.64420263,4.441863098,8.662635956,-1.009051666,-0.002949150512,0.04995385557,0.0163096413,phone,user4,stand
42.66426962,4.395309906,8.655600586,-1.093925171,-0.008851413615,0.05063881725,0.01295960508,phone,user4,stand
42.68433562,4.372706909,8.697812805,-1.118025055,-0.0115274936,0.03191607818,0.0128258476,phone,user4,stand
42.70440263,4.376598816,8.73583374,-1.09991272,-0.009189036675,0.03133453429,0.01273746416,phone,user4,stand
42.72446862,4.409979401,8.70080658,-1.05186264,-0.00215061917,0.03649020195,0.002184510697,phone,user4,stand
42.74453562,4.402944031,8.647218018,-1.019380188,0.008641957305,0.04365352914,-0.002039255342,phone,user4,stand
42.76460163,4.455335083,8.704848175,-0.9741741943,0.007099313196,0.04997099191,-0.005987063982,phone,user4,stand
42.78466762,4.488116913,8.751700745,-0.9696835327,0.004530919716,0.04882196337,-0.002244156552,phone,user4,stand
42.80473462,4.471501465,8.842861176,-0.9964778137,0.007422727533,0.05586270243,0.004403745756,phone,user4,stand
42.82480062,4.398902435,8.793014832,-1.017284546,0.00314659276,0.06922750175,0.006962996908,phone,user4,stand
42.84486762,4.397704926,8.647517395,-0.9503736877,-0.001884105848,0.08281757683,0.003909204155,phone,user4,stand
42.86493362,4.430337067,8.531808014,-0.9517208862,0.002724249149,0.09221547097,0.007383227348,phone,user4,stand
42.88500062,4.476291504,8.59422821,-1.09167984,-0.005193581339,0.1003812104,0.01825963333,phone,user4,stand
42.90506663,4.518204346,8.671766968,-1.134490814,-0.01528347936,0.08031282574,0.02274299413,phone,user4,stand
42.92513362,4.470453644,8.625213776,-1.10694809,-0.01077025477,0.04922698811,0.0261457283,phone,user4,stand
42.94519962,4.372108154,8.704099731,-1.007854156,0.003253247123,0.02667862922,0.02667630836,phone,user4,stand
42.96526563,4.270319824,8.724307709,-0.9403445435,0.01039656438,0.02701565251,0.01787959971,phone,user4,stand
42.98533262,4.253105621,8.749006348,-0.9391470337,0.001246709144,0.04309696332,0.00505263824,phone,user4,stand
43.00539862,4.371958466,8.697513428,-0.9701325989,-0.01520351972,0.07654542476,-0.007937453687,phone,user4,stand
43.02546562,4.490960999,8.634943542,-1.010847931,-0.006093027536,0.07173669338,-0.007918255404,phone,user4,stand
43.04553162,4.498894501,8.599317627,-1.028960266,0.01654540561,0.0471678786,-0.00298073818,phone,user4,stand
43.06559862,4.456981659,8.714428253,-0.9442364502,0.0287988428,0.02569046058,-0.002836911473,phone,user4,stand
43.08566462,4.441264343,8.741521912,-0.9126521301,0.0278310366,0.03592561558,-0.009973793291,phone,user4,stand
43.10573063,4.3807901,8.674461365,-0.9348060608,0.01588376053,0.04109138623,-0.01157716382,phone,user4,stand
43.12579762,4.376449127,8.674012299,-0.9267228699,0.01347524673,0.05193396285,-0.01213186048,phone,user4,stand
43.14586362,4.438719635,8.750503235,-0.9072633362,0.02919585258,0.04968589917,-0.02035169117,phone,user4,stand
43.16593063,4.480782166,8.74990448,-0.9024732971,0.03692486137,0.04231484234,-0.0257164184,phone,user4,stand
43.18599662,4.473597107,8.714577942,-0.9276210022,0.03176920861,0.05857766047,-0.02397398651,phone,user4,stand
43.20606362,4.487817535,8.709338837,-0.9062155151,0.02602548525,0.0568976514,-0.02344462462,phone,user4,stand
43.22612962,4.401297455,8.613238678,-0.929866333,0.02198664844,0.03822671622,-0.02119238116,phone,user4,stand
43.24619662,4.430636444,8.605754242,-0.9331594849,0.01902175322,0.04690276459,-0.02110849135,phone,user4,stand
43.26626262,4.498744812,8.651708679,-0.9868977356,0.02189461887,0.05680595338,-0.01315522008,phone,user4,stand
43.28632862,4.434378662,8.682694244,-1.032253418,0.02465559728,0.03541637212,-0.008683750406,phone,user4,stand
43.30639608,4.395309906,8.730295258,-0.9452842712,0.03371021152,0.009611005895,-0.00937788561,phone,user4,stand
43.32646208,4.345164185,8.722661133,-0.9142987061,0.03660913184,-0.0001237388351,-0.01360089239,phone,user4,stand
43.34652908,4.321812744,8.659941559,-0.9114546204,0.02162119187,0.01793858036,-0.01929831132,phone,user4,stand
43.36659508,4.359534302,8.695268097,-0.9726773071,0.01349230204,0.02951276675,-0.01516168378,phone,user4,stand
43.38666208,4.412973175,8.745713196,-0.9836045837,0.01715082489,0.008082927205,-0.01427198481,phone,user4,stand
43.40672808,4.432432709,8.749455414,-0.9689350891,0.02767420188,-0.004378799815,-0.01952928491,phone,user4,stand
43.42679408,4.484374695,8.693322144,-0.9376501465,0.02988761105,0.009986773133,-0.02616490424,phone,user4,stand
43.44686108,4.465214539,8.636290741,-0.9479786682,0.02529212274,0.00647859741,-0.02091438696,phone,user4,stand
43.46692708,4.42524765,8.65634903,-0.933608551,0.02683183178,-0.006737519987,-0.01510476321,phone,user4,stand
43.48699408,4.373155975,8.674012299,-0.9595046997,0.02739314362,-0.01774982549,-0.01869792305,phone,user4,stand
43.50706008,4.428840179,8.674012299,-0.9589059448,0.03688451275,-0.01156215835,-0.0290816538,phone,user4,stand
43.52712708,4.485871582,8.689130859,-1.034798126,0.04171589017,0.001615615329,-0.02842831425,phone,user4,stand
43.54719308,4.4497966,8.663983154,-1.057251434,0.03941904381,0.008650803939,-0.01773779094,phone,user4,stand
43.56726008,4.404740295,8.650660858,-1.04138443,0.03463485837,0.004664982669,-0.008106758818,phone,user4,stand
43.58732608,4.355492706,8.7416716,-1.068178711,0.01976934262,0.005389453843,0.005146051757,phone,user4,stand
43.60739208,4.340823212,8.817414093,-1.061742096,0.00523632206,0.003881793236,0.002593153389,phone,user4,stand
43.62745908,4.313430176,8.826096039,-1.07880661,0.006256313063,0.004934807308,-0.008020875044,phone,user4,stand
43.64752508,4.253704376,8.733588409,-1.124761047,0.004289471544,-0.007926709019,-0.01411644742,phone,user4,stand
43.66759208,4.292773132,8.665779419,-1.093176727,0.005327324383,-0.01879329048,-0.01650759205,phone,user4,stand
43.68765808,4.359833679,8.654403076,-1.088835754,0.002077217214,-0.01284015365,-0.009322240949,phone,user4,stand
43.70772508,4.414170685,8.741970978,-1.048569489,-6.063189358e-05,-0.01443871204,-0.006670416333,phone,user4,stand
43.72779108,4.440964966,8.757837982,-0.9970765686,0.008220929652,-0.01722700521,-0.01725289971,phone,user4,stand
43.74785708,4.43692337,8.645870819,-1.010548553,0.01273182593,-0.002713169437,-0.0238970574,phone,user4,stand
43.76792408,4.490511932,8.589737549,-1.081351318,0.02158533968,0.01757698134,-0.02287630737,phone,user4,stand
43.78799008,4.432881775,8.577313385,-1.140478363,0.02692938223,0.003732462414,-0.01360657532,phone,user4,stand
43.80805708,4.417164459,8.703351288,-1.099463654,0.03508293629,-0.01204067841,-0.01040965877,phone,user4,stand
43.82812308,4.415966949,8.761879578,-1.110091553,0.02882803604,-0.004226257559,-0.01349842548,phone,user4,stand
43.84819008,4.389172668,8.741222534,-1.049467621,0.02215903066,0.002445363905,-0.01488430984,phone,user4,stand
43.86825608,4.296215973,8.731642456,-1.062789917,0.02645425498,0.0005832472816,-0.01311155967,phone,user4,stand
43.88832308,4.255500641,8.775950317,-1.041833496,0.02692973241,-0.004079150036,-0.01429617964,phone,user4,stand
43.90838908,4.284390564,8.719667358,-1.081650696,0.02102272585,0.01991294511,-0.01739170775,phone,user4,stand
43.92845508,4.353696442,8.718918915,-1.147364044,0.01194799133,0.01925581694,-0.01235266868,phone,user4,stand
43.94852208,4.350852356,8.797954559,-1.166823578,0.01115586516,0.0001284661121,-0.005183923524,phone,user4,stand
43.96858808,4.251758423,8.798104248,-1.173858948,0.002506068442,-0.04055180773,0.00130858901,phone,user4,stand
43.98865508,4.132456512,8.789272614,-1.156495056,-0.008090185933,-0.07588467002,0.004463134333,phone,user4,stand
44.00872108,4.080364838,8.820407867,-1.117725677,-0.01771588065,-0.09253424406,-0.002091848524,phone,user4,stand
44.02878808,4.200115814,8.799900513,-1.020727386,-0.00557431113,-0.08595591038,-0.02005904168,phone,user4,stand
44.04885408,4.338128815,8.737779694,-1.049766998,-5.008210428e-05,-0.07568054646,-0.02789274603,phone,user4,stand
44.06892008,4.487667847,8.675209808,-1.082099762,-0.01543372404,-0.04330129921,-0.02303948253,phone,user4,stand
44.08898708,4.608017578,8.634344788,-1.090182953,-0.01973632723,-0.01952406392,-0.0132694114,phone,user4,stand
44.10905308,4.587510223,8.631949768,-1.07416626,-0.01068831235,-0.01647759043,5.39177563e-05,phone,user4,stand
44.12912008,4.528682556,8.618477783,-1.110091553,0.003764644032,-0.00605170941,0.00742269028,phone,user4,stand
44.14918608,4.495900726,8.607251129,-1.105451202,0.01692727022,0.01378399972,0.009057564661,phone,user4,stand
44.16925308,4.433330841,8.637488251,-1.138083344,0.01658144221,0.01158578321,0.00622876361,phone,user4,stand
44.18931908,4.400848389,8.71592514,-1.095871124,0.01941942237,0.01700527035,0.002740829252,phone,user4,stand
44.20938608,4.328698425,8.728049927,-1.121767273,0.02403201722,0.02388075367,-0.0003745368449,phone,user4,stand
44.22945208,4.249662781,8.72879837,-1.14556778,0.0214936994,0.02529893443,-0.004150548019,phone,user4,stand
44.24951808,4.188290405,8.720116425,-1.227896576,0.0182613451,0.02224272862,-0.005570428446,phone,user4,stand
44.26958508,4.231550446,8.762628021,-1.223405914,0.01597080007,-0.002575128339,-0.005902360193,phone,user4,stand
44.28965108,4.267625427,8.741072845,-1.169967041,0.01700365357,-0.01966348849,-0.002317102626,phone,user4,stand
44.30971733,4.285288696,8.734785919,-1.14317276,0.01793695614,-0.01635965332,0.0006944639608,phone,user4,stand
44.32978333,4.241130524,8.712631989,-1.173709259,0.01713384688,-0.008554996923,0.00366330822,phone,user4,stand
44.34985033,4.210893402,8.702902222,-1.233584747,0.02014123648,-0.01738461293,0.002612061566,phone,user4,stand
44.36991633,4.163591766,8.767268372,-1.300345917,0.01818952337,-0.032062985,-0.00149816426,phone,user4,stand
44.38998233,4.207899628,8.798703003,-1.345402222,0.02002373897,-0.03508424759,-0.01060369983,phone,user4,stand
44.41004933,4.222269745,8.793014832,-1.350042572,0.02502075583,-0.04743931815,-0.01136232167,phone,user4,stand
44.43011533,4.089196472,8.817264404,-1.316512299,0.02522199973,-0.1025140658,-0.003783625783,phone,user4,stand
44.45018233,3.972588959,8.935668182,-1.198557587,0.01306957845,-0.1350780129,-0.003935812972,phone,user4,stand
44.47024833,3.94789032,9.001830597,-1.113085327,-0.002539638663,-0.1100258231,-0.01774262264,phone,user4,stand
44.49031533,4.042942657,8.98386795,-1.191821594,-0.02102007903,-0.0598238185,-0.03320415318,phone,user4,stand
44.51038133,4.200864258,8.835975494,-1.308279419,-0.03505014256,-0.03575363755,-0.03539167345,phone,user4,stand
44.53044833,4.288432159,8.701105957,-1.380579071,-0.03396814317,-0.05235932022,-0.02478476427,phone,user4,stand
44.55051433,4.365521851,8.674910431,-1.376387787,-0.03049790673,-0.09411938488,-0.008148789406,phone,user4,stand
44.57058033,4.362378387,8.72296051,-1.277593231,-0.03435337916,-0.1150011867,0.00904905051,phone,user4,stand
44.59064733,4.329596558,8.752000122,-1.192719727,-0.04163499549,-0.1071009263,0.0182356257,phone,user4,stand
44.61071333,4.263883209,8.763376465,-1.211879883,-0.04213263467,-0.06889201701,0.01168153714,phone,user4,stand
44.63078033,4.260889435,8.745862885,-1.290017395,-0.04623190686,-0.04298567399,0.003994120751,phone,user4,stand
44.65084633,4.312382355,8.693022766,-1.283730469,-0.03492627293,-0.03590615094,0.0009671158623,phone,user4,stand
44.67091333,4.356091461,8.709488525,-1.258732452,-0.02178107947,-0.04458353296,0.005901903845,phone,user4,stand
44.69097933,4.321213989,8.732091522,-1.207239532,-0.02050695941,-0.05240692943,0.01445674337,phone,user4,stand
44.71104533,4.263883209,8.748557281,-1.160087585,-0.02605750039,-0.04006481543,0.01724885777,phone,user4,stand
44.73111233,4.244423676,8.756490784,-1.20514389,-0.03482688963,-0.02399751171,0.01550375484,phone,user4,stand
44.75117833,4.238885193,8.751700745,-1.220711517,-0.02976581641,-0.01643653028,0.008438920602,phone,user4,stand
44.77124533,4.2427771,8.741372223,-1.25199646,-0.02067207173,-0.02399036475,0.003117400222,phone,user4,stand
44.79131133,4.290378113,8.722810822,-1.22160965,-0.007436026819,-0.02790512703,0.002875520848,phone,user4,stand
44.81137833,4.29891037,8.693471832,-1.200952606,-0.003697348759,-0.03558523208,0.002581305802,phone,user4,stand
44.83144433,4.288731537,8.707991638,-1.153950348,-0.01615184173,-0.039905902,-0.00158783386,phone,user4,stand
44.85151033,4.301904144,8.724607086,-1.156644745,-0.02529957891,-0.03530134261,-0.006449473556,phone,user4,stand
44.87157733,4.3409729,8.719817047,-1.192570038,-0.02168600634,-0.03389083967,-0.006108557805,phone,user4,stand
44.89164333,4.310885468,8.707991638,-1.236578522,-0.0009988499805,-0.04334502295,-0.007167219184,phone,user4,stand
44.91171033,4.220772858,8.755293274,-1.246607666,0.01598467492,-0.04907857999,-0.006820953451,phone,user4,stand
44.93177633,4.2321492,8.7615802,-1.211879883,0.02084822394,-0.02419849671,-0.01326297689,phone,user4,stand
44.95184333,4.287084961,8.758436737,-1.199006653,0.0100142844,-0.00807704404,-0.01665361784,phone,user4,stand
44.97190933,4.299808502,8.752149811,-1.160237274,0.001454734011,-0.02656129003,-0.01468233857,phone,user4,stand
44.99197633,4.281546478,8.756341095,-1.139430542,-0.001108389348,-0.04210359231,-0.0159426257,phone,user4,stand
45.01204233,4.278552704,8.706943817,-1.142274628,-0.005285221152,-0.03398658335,-0.01497468445,phone,user4,stand
45.03210833,4.303101654,8.669072571,-1.214873657,-0.006332715508,-0.007739176042,-0.01609877497,phone,user4,stand
45.05217533,4.351002045,8.677754517,-1.251846771,0.00141725014,-0.005959950387,-0.02094952762,phone,user4,stand
45.07224133,4.393064575,8.703650665,-1.210832062,0.01602366008,-0.01886316016,-0.02074001171,phone,user4,stand
45.09230833,4.375251617,8.738827515,-1.131047974,0.02904612012,-0.02173364162,-0.02041632123,phone,user4,stand
45.11237433,4.327500916,8.727900238,-1.136885834,0.02760865539,-0.00775444461,-0.01576808468,phone,user4,stand
45.13244133,4.277355194,8.772806854,-1.184935913,0.02587019652,0.01312678773,-0.0121669881,phone,user4,stand
45.15250733,4.273014221,8.771309967,-1.255139923,0.02058282308,0.01578492299,-0.01013096515,phone,user4,stand
45.17257333,4.259242859,8.761729889,-1.263522491,0.02597729303,0.01208410226,-0.01102683879,phone,user4,stand
45.19264033,4.247118073,8.77101059,-1.244661713,0.02610601299,0.01105690468,-0.01291940641,phone,user4,stand
45.21270633,4.250411224,8.786578217,-1.225351868,0.01886356622,0.002851559082,-0.009018341079,phone,user4,stand
45.23277333,4.242627411,8.76981308,-1.205742645,0.01741185784,0.008442212828,-0.003399671288,phone,user4,stand
45.25283933,4.229305115,8.76038269,-1.262324982,0.01183120534,0.02127533033,-0.002648246707,phone,user4,stand
45.27290633,4.238286438,8.743767242,-1.272803192,0.01013542432,0.029454384,-0.004547872581,phone,user4,stand
45.29297233,4.276906128,8.769513702,-1.326092377,0.007662241813,0.02801306732,-0.00447049737,phone,user4,stand
45.31303996,4.265679474,8.767118683,-1.339863739,0.003779541235,0.01234195381,-0.002478408394,phone,user4,stand
45.33310596,4.228556671,8.757987671,-1.332828369,0.003767176531,0.0008629482472,0.005374629982,phone,user4,stand
45.35317196,4.181704102,8.760083313,-1.29645401,0.003948828671,-0.000727134,0.006246267818,phone,user4,stand
45.37323896,4.202660522,8.770411835,-1.273701324,0.002797700232,0.01130735129,0.004989131354,phone,user4,stand
45.39330496,4.221970367,8.760083313,-1.305585022,-0.0005595469847,0.01164873317,0.0007189826574,phone,user4,stand
45.41337196,4.221970367,8.754245453,-1.316661987,0.005541946739,0.0008161605801,0.001619237475,phone,user4,stand
45.43343796,4.203259277,8.755293274,-1.338217163,0.006448955275,-0.008265393786,-0.001892588451,phone,user4,stand
45.45350496,4.2228685,8.749455414,-1.286574554,0.004725202918,-0.00274281553,-0.002598768566,phone,user4,stand
45.47357096,4.23334671,8.752000122,-1.260977783,0.002588530071,0.01238609105,-0.005955073051,phone,user4,stand
45.49363696,4.251009979,8.771160278,-1.295406189,0.001021490665,0.01569938846,-0.008858500049,phone,user4,stand
45.51370396,4.230652313,8.721313934,-1.327140198,0.002545737429,0.01015144587,-0.007918929681,phone,user4,stand
45.53376996,4.243675232,8.713081055,-1.319356384,0.01252146997,0.003670536447,-0.007544067223,phone,user4,stand
45.55383696,4.250111847,8.717422028,-1.293460236,0.0153917782,0.005701249465,-0.005572849885,phone,user4,stand
45.57390296,4.24038208,8.746162262,-1.253493347,0.01072906703,0.00276360102,-0.001817761222,phone,user4,stand
45.59396996,4.225562897,8.790769501,-1.253792725,0.006577643566,-0.0004763844772,-0.005519961473,phone,user4,stand
45.61403596,4.196373596,8.790619812,-1.252295837,0.005549023394,-0.0005994013627,-0.007964031771,phone,user4,stand
45.63410196,4.194128265,8.771459656,-1.253343658,0.004957603756,0.006397824734,-0.01066204347,phone,user4,stand
45.65416896,4.227209473,8.784033508,-1.265917511,0.004901917651,0.02020462602,-0.01106469892,phone,user4,stand
45.67423496,4.286336517,8.784931641,-1.281934204,0.001749757677,0.02474057488,-0.006358678918,phone,user4,stand
45.69430196,4.265080719,8.749455414,-1.292562103,-0.003291950095,0.01051822118,8.088932373e-05,phone,user4,stand
45.71436796,4.243226166,8.733887787,-1.288071442,-0.001975158928,0.002430893714,0.004707969725,phone,user4,stand
45.73443496,4.19592453,8.743318176,-1.268911285,-0.0007048279513,-0.002873025136,0.005854280666,phone,user4,stand
45.75450096,4.174219666,8.789571991,-1.262624359,-0.0033234898,-0.006940113846,0.008637534454,phone,user4,stand
45.77456796,4.129163361,8.798703003,-1.268462219,-0.009845233522,-0.004545627628,0.004582378082,phone,user4,stand
45.79463396,4.167034607,8.76981308,-1.264121246,-0.01030003279,-0.002111195587,-0.001868559397,phone,user4,stand
45.81469996,4.202061768,8.755293274,-1.274749146,-0.006672528107,0.00177500525,-0.007130101323,phone,user4,stand
45.83476696,4.216880951,8.736133118,-1.273401947,-0.002358712256,-0.0002821935923,-0.008243849501,phone,user4,stand
45.85483296,4.227359161,8.743467865,-1.289867706,0.0004734665854,-0.005347386934,-0.005085362121,phone,user4,stand
45.87489996,4.221521301,8.733738098,-1.286574554,0.002248702804,-0.008372032084,-0.005424101837,phone,user4,stand
45.89496596,4.213138733,8.741072845,-1.287322998,0.005722223781,-0.01140824426,-0.004459023476,phone,user4,stand
45.91503296,4.199517059,8.775800629,-1.273401947,0.002649508649,-0.01139179058,-0.006351148244,phone,user4,stand
45.93509896,4.210893402,8.784632263,-1.249002686,0.003420585766,-0.0102358507,-0.006635552272,phone,user4,stand
45.95516596,4.222718811,8.79675705,-1.255439301,0.001683101058,-0.007100187708,-0.0001587951556,phone,user4,stand
45.97523196,4.166585541,8.78732666,-1.262175293,-0.001485013403,-0.009269185364,0.0003569913097,phone,user4,stand
45.99529796,4.173920288,8.782386932,-1.261426849,-0.007101618685,-0.01016812678,-0.0004599201493,phone,user4,stand
46.01536496,4.194427643,8.796008606,-1.290316772,-0.01215569489,-0.009604468942,0.001711428631,phone,user4,stand
46.03543096,4.194577332,8.783135376,-1.304986267,-0.01174534485,-0.02608521283,0.001516131451,phone,user4,stand
46.05549796,4.15146698,8.772657166,-1.273401947,-0.01070901938,-0.03136826679,0.003982772119,phone,user4,stand
46.07556396,4.164040833,8.775201874,-1.259929962,-0.01056525763,-0.02699914202,-5.389633588e-05,phone,user4,stand
46.09563096,4.196223907,8.791068878,-1.280437317,-0.01310259663,-0.01774949767,0.002087824978,phone,user4,stand
46.11569696,4.213288422,8.778195648,-1.313518524,-0.01586390845,-0.02515419573,0.007327335887,phone,user4,stand
46.13576296,4.175417175,8.776549072,-1.30468689,-0.01403892506,-0.04017896205,0.01157805044,phone,user4,stand
46.15582996,4.135001221,8.755442963,-1.248403931,-0.01081972197,-0.04163260758,0.01229818352,phone,user4,stand
46.17589596,4.190835114,8.789272614,-1.222956848,-0.01118756551,-0.02186113037,0.006131429225,phone,user4,stand
46.19596296,4.251758423,8.816066895,-1.268013153,-0.01459525805,-0.01015288755,-0.0006234878674,phone,user4,stand
46.21602896,4.267176361,8.756790161,-1.292113037,-0.01228620484,-0.01181404013,-0.001579807373,phone,user4,stand
46.23609596,4.242328033,8.703351288,-1.271156616,-0.004693035968,-0.01114212815,-0.0006029142532,phone,user4,stand
46.25616196,4.237388306,8.707991638,-1.268611908,9.873299859e-05,-0.01418890804,0.0001813194249,phone,user4,stand
46.27622896,4.214785309,8.739575958,-1.283431091,0.00109889661,-0.007249462884,-0.0007654415676,phone,user4,stand
46.29629496,4.225413208,8.730894012,-1.304537201,0.002387839602,-0.01416445337,0.0004252723884,phone,user4,stand
46.31636096,4.247118073,8.741521912,-1.258433075,0.003884837497,-0.01654138416,0.00364481681,phone,user4,stand
46.33642796,4.218826904,8.771609344,-1.276096344,0.004521591123,-0.01402694173,0.003698016284,phone,user4,stand
46.35649396,4.226760406,8.784781952,-1.254391479,0.003921784926,-0.003873970592,0.0004078270867,phone,user4,stand
46.37656096,4.265978851,8.762029266,-1.277293854,0.004675893113,0.00640466623,-0.001243537874,phone,user4,stand
46.39662696,4.283941498,8.754844208,-1.303938446,0.006265189499,0.01561866049,0.0004018074833,phone,user4,stand
46.41669396,4.25445282,8.748856659,-1.311572571,0.005999971181,0.0166413784,0.004283532966,phone,user4,stand
46.43675996,4.254602509,8.730145569,-1.310225372,0.01022641361,0.01226195414,0.004893012345,phone,user4,stand
46.45682596,4.237238617,8.756191406,-1.316961365,0.0118705947,0.01139556803,0.006516624708,phone,user4,stand
46.47689296,4.197870483,8.745713196,-1.325044556,0.01153008547,0.009543585591,0.005667697638,phone,user4,stand
46.49695896,4.15969986,8.746910706,-1.309476929,0.0125675872,0.01134091709,0.006397101097,phone,user4,stand
46.51702596,4.164938965,8.77325592,-1.307980042,0.009000161663,0.01046851184,0.002124850638,phone,user4,stand
46.53709196,4.168531494,8.776249695,-1.314266968,0.006034450606,0.007881807163,-0.0003054707777,phone,user4,stand
46.55715896,4.221970367,8.769962769,-1.320254517,0.007239139639,0.005973287858,-0.0005213421537,phone,user4,stand
46.57722496,4.22167099,8.755293274,-1.329086151,0.008639077656,0.003733853344,0.001270825975,phone,user4,stand
46.59729096,4.249812469,8.724906464,-1.295705566,0.007867227308,0.007820705883,-0.002226473298,phone,user4,stand
46.61735796,4.254003754,8.757837982,-1.291663971,0.008170440793,0.01642702334,-0.006011898164,phone,user4,stand
46.63742396,4.273912354,8.766669617,-1.296304321,0.006384482142,0.01626489311,-0.008798948489,phone,user4,stand
46.65749096,4.257745972,8.726403351,-1.34555191,0.01018130034,0.013938969,-0.009682554752,phone,user4,stand
46.67755696,4.258494415,8.700507202,-1.357077942,0.0165869873,0.01739870571,-0.006348996423,phone,user4,stand
46.69762396,4.294868774,8.731492767,-1.329086151,0.02021670341,0.0184889771,-0.0004707843764,phone,user4,stand
46.71768996,4.284540253,8.7416716,-1.298699341,0.01824793592,0.0195715446,0.003106787568,phone,user4,stand
46.73775696,4.254901886,8.787027283,-1.293759613,0.01099714637,0.01695095748,0.003907030448,phone,user4,stand
46.75782296,4.20760025,8.780440979,-1.282682648,0.009876435623,0.02109518647,0.001079315552,phone,user4,stand
46.77788896,4.171525269,8.790170746,-1.311572571,0.006872124039,0.03330497816,-0.005723462906,phone,user4,stand
46.79795596,4.198618927,8.764274597,-1.32100296,0.003890696913,0.03566678986,-0.008547099307,phone,user4,stand
46.81802196,4.226910095,8.739875336,-1.328188019,0.01052109338,0.03597174212,-0.006856394,phone,user4,stand
46.83808896,4.248465271,8.7323909,-1.351689148,0.01148557104,0.02376758493,-0.002659792081,phone,user4,stand
46.85815496,4.258195038,8.747659149,-1.321452026,0.006735633127,0.01587705687,5.726562813e-05,phone,user4,stand
46.87822196,4.23574173,8.75454483,-1.294358368,0.004127908964,0.01412556414,0.003432995174,phone,user4,stand
46.89828796,4.217629395,8.796607361,-1.303339691,0.003453286132,0.009699978866,0.005379979499,phone,user4,stand
46.91835396,4.192481689,8.808283081,-1.306632843,0.002674755407,0.01005627867,0.00514693372,phone,user4,stand
46.93842096,4.16434021,8.825347595,-1.293011169,0.001328786369,0.01502537262,-0.0001849848777,phone,user4,stand
46.95848696,4.17481842,8.769214325,-1.304237823,-0.002025432186,0.02350857668,-0.004739388824,phone,user4,stand
46.97855396,4.218826904,8.746311951,-1.283730469,-0.004155546892,0.02195733041,-0.006408398971,phone,user4,stand
46.99861996,4.237837372,8.743767242,-1.334924011,-0.007056954782,0.006323614158,0.002922992688,phone,user4,stand
47.01868696,4.206702118,8.756041718,-1.322948914,-0.008679930121,-0.01478401292,0.008460982703,phone,user4,stand
47.03875296,4.192930756,8.743168488,-1.290765839,-0.006922984496,-0.01848787628,0.007539381739,phone,user4,stand
47.05881896,4.191134491,8.772956543,-1.248403931,-0.007273394149,-0.009258798324,0.002016673563,phone,user4,stand
47.07888596,4.225712585,8.770411835,-1.239422607,-0.009179519489,0.001941760886,-0.002549426863,phone,user4,stand
47.09895196,4.249064026,8.781189423,-1.280287628,-0.006419794168,0.01166625228,-0.003844026942,phone,user4,stand
47.11901896,4.258344727,8.763226776,-1.286424866,-0.006393660791,0.009791326709,-0.002258065855,phone,user4,stand
47.13908496,4.24861496,8.742120667,-1.290316772,-0.003240284976,0.00468829507,0.0007695828099,phone,user4,stand
47.15915196,4.210594025,8.757837982,-1.309177551,-0.003675765125,-0.001874184934,0.002738752868,phone,user4,stand
47.17921796,4.176165619,8.77325592,-1.304986267,-0.006203964353,-0.01367285103,0.005139472894,phone,user4,stand
47.19928496,4.17017807,8.769064636,-1.268162842,-0.008388017304,-0.01646476611,0.005061058328,phone,user4,stand
47.21935096,4.183949432,8.79316452,-1.270557861,-0.01305599138,-0.01472068485,0.005476431455,phone,user4,stand
47.23941696,4.178860016,8.792565765,-1.279389496,-0.01319820434,-0.006463553756,0.002041219734,phone,user4,stand
47.25948396,4.194876709,8.777746582,-1.281934204,-0.01634869725,-0.001732386183,0.002713568276,phone,user4,stand
47.27954996,4.220024414,8.75574234,-1.293909302,-0.01579166204,-0.004741716199,0.002711645095,phone,user4,stand
47.29961696,4.22750885,8.785979462,-1.301992493,-0.01264627744,-0.01504750084,0.003209822346,phone,user4,stand
47.31968221,4.213138733,8.767118683,-1.291963348,-0.01340542361,-0.02009190246,0.005413957406,phone,user4,stand
47.33974921,4.198469238,8.731941833,-1.272354126,-0.01400138624,-0.01799311489,0.004207601771,phone,user4,stand
47.35981521,4.218527527,8.73822876,-1.255289612,-0.01141925715,-0.01011123136,0.004149857908,phone,user4,stand
47.37988121,4.241429901,8.736282806,-1.28238327,-0.01324367709,-0.0078731291,0.005242376588,phone,user4,stand
47.39994821,4.271217957,8.779542847,-1.259181519,-0.01312782057,-0.007252639625,0.003549322719,phone,user4,stand
47.42001421,4.249962158,8.770860901,-1.289568329,-0.009582297876,-0.005486369599,0.001149133779,phone,user4,stand
47.44008121,4.247567139,8.706345062,-1.305285645,-0.01240383647,-0.01259619929,0.0001975430641,phone,user4,stand
47.46014721,4.275558929,8.712781677,-1.26951004,-0.009434385225,-0.01140620653,8.194707334e-05,phone,user4,stand
47.48021421,4.282893677,8.736432495,-1.244661713,-0.008296637796,-0.004162086174,0.003290903755,phone,user4,stand
47.50028021,4.26493103,8.737480316,-1.252595215,-0.005243024789,-0.004380777944,0.002066756366,phone,user4,stand
47.52034621,4.271068268,8.742120667,-1.268462219,-0.002780942945,-0.00290296413,0.001117420616,phone,user4,stand
47.54041321,4.24621994,8.730744324,-1.274300079,-0.003121331334,0.003112611827,0.004029718228,phone,user4,stand
47.56047921,4.243974609,8.740623779,-1.265169067,-0.002079945523,0.01005323324,-0.0004847660894,phone,user4,stand
47.58054621,4.247567139,8.756341095,-1.254541168,-0.002649177331,0.007595153525,-0.000845981529,phone,user4,stand
47.60061221,4.246669006,8.752898254,-1.24151825,-0.0006238103379,-0.001175198006,0.0003653583117,phone,user4,stand
47.62067921,4.237687683,8.764873352,-1.240171051,-0.001154605532,5.34915016e-05,0.002404821338,phone,user4,stand
47.64074521,4.215234375,8.749754791,-1.23912323,-0.00123570906,0.004119138699,0.000991550507,phone,user4,stand
47.66081221,4.24038208,8.742420044,-1.254241791,-0.003532596864,0.01079662237,-9.121093899e-05,phone,user4,stand
47.68087821,4.253554688,8.753796387,-1.276246033,-0.002792341169,0.00667368155,-0.0006834379165,phone,user4,stand
47.70094421,4.246968384,8.757538605,-1.259630585,-0.006215516478,-0.0003773856151,0.0001458406914,phone,user4,stand
47.72101121,4.241878967,8.765621796,-1.238973541,-0.004313821904,-0.006248752587,0.001178989187,phone,user4,stand
47.74107721,4.225413208,8.759933624,-1.230291595,-0.001839437522,0.0006696140626,0.006341261789,phone,user4,stand
47.76114421,4.216282196,8.765771484,-1.234033813,-0.004337068647,0.00851166714,0.002651083749,phone,user4,stand
47.78121021,4.245471497,8.756490784,-1.233734436,-0.004584496375,0.01477530133,-0.001831883681,phone,user4,stand
47.80127721,4.260140991,8.72535553,-1.267863464,-0.00262437691,0.01347192191,-0.006086149253,phone,user4,stand
47.82134321,4.253105621,8.737180939,-1.288670197,-0.00313777104,0.003384558717,-0.00391498534,phone,user4,stand
47.84140921,4.256847839,8.734187164,-1.247805176,0.001510180649,-0.004210402723,0.001597602852,phone,user4,stand
47.86147621,4.248465271,8.757089539,-1.238524475,0.003333994653,-0.001699296758,0.002687857952,phone,user4,stand
47.88154221,4.251758423,8.763226776,-1.229393463,0.004939854145,0.003384585492,0.0001413577702,phone,user4,stand
47.90160921,4.218078461,8.775800629,-1.232686615,0.002623755485,0.008082052693,-0.00358629832,phone,user4,stand
47.92167521,4.228107605,8.778495026,-1.244062958,-0.0001094993204,0.01008802839,-0.004802800715,phone,user4,stand
47.94174221,4.214186554,8.753796387,-1.242416382,-0.0002539549023,0.007594263647,-0.006108106114,phone,user4,stand
47.96180821,4.241878967,8.736731873,-1.256786499,0.003653014544,0.002343289321,-0.002814751118,phone,user4,stand
47.98187421,4.267176361,8.765771484,-1.24376358,0.004014736973,-0.0002223654301,-0.0005241303006,phone,user4,stand
48.00194121,4.270619202,8.764124908,-1.231339417,0.0005073460052,0.001945835305,0.001570829423,phone,user4,stand
48.02200721,4.229454803,8.766968994,-1.250200195,-0.002554031322,0.002285881899,0.002690649359,phone,user4,stand
48.04207421,4.218677216,8.757239227,-1.243015137,-0.003734706203,-0.0008287827368,-0.0002749843989,phone,user4,stand
48.06214021,4.215982819,8.774154053,-1.239871674,-0.002147970255,-0.001400472363,-0.000678468612,phone,user4,stand
48.08220721,4.246369629,8.760532379,-1.243613892,-0.001323807985,-0.000364485255,-0.0006128277164,phone,user4,stand
48.10227321,4.241130524,8.759334869,-1.228944397,-0.003340752097,0.002324673347,0.001060011564,phone,user4,stand
48.12233921,4.234394531,8.760532379,-1.244661713,-0.008405188099,9.14761913e-05,0.004730403423,phone,user4,stand
48.14240621,4.23454422,8.749455414,-1.263372803,-0.005473145284,0.0008594020619,0.002179337898,phone,user4,stand
48.16247221,4.230802002,8.737779694,-1.265468445,-0.005396011751,0.003977566957,0.001388089033,phone,user4,stand
48.18253921,4.220323792,8.750802612,-1.24735611,-0.0006845027674,0.003364519216,-0.001843748265,phone,user4,stand
48.20260521,4.239633636,8.751700745,-1.258882141,-0.0004462695215,-0.0008331090794,-0.002174253808,phone,user4,stand
48.22267221,4.219725037,8.759933624,-1.261127472,-0.001264339313,-0.001985274022,-0.001292243949,phone,user4,stand
48.24273821,4.235292664,8.757987671,-1.261875916,-0.001876497408,-0.002190094907,-0.001299348543,phone,user4,stand
48.26280521,4.235891418,8.756191406,-1.25079895,0.0005951158237,-0.0006859136629,-0.002558080014,phone,user4,stand
48.28287121,4.260140991,8.757538605,-1.228944397,-0.003173899138,0.007407531142,-0.001079617068,phone,user4,stand
48.30293721,4.243974609,8.761879578,-1.248104553,-0.003478705883,0.002725509461,0.0008132213261,phone,user4,stand
48.32300408,4.239783325,8.777746582,-1.259630585,-0.0005522901192,-0.004169343505,0.0009728183504,phone,user4,stand
48.34307008,4.227059784,8.749754791,-1.253792725,-0.0008083672728,-0.004088696092,0.0002590981312,phone,user4,stand
48.36313708,4.218527527,8.757987671,-1.244512024,-0.00228713965,-0.002309426898,-0.002003300469,phone,user4,stand
48.38320308,4.238885193,8.763526154,-1.263821869,-0.006537514273,0.002972750226,-0.003137639258,phone,user4,stand
48.40327008,4.233197021,8.749754791,-1.249751129,-0.007905447856,-0.004892419092,-0.0005182021996,phone,user4,stand
48.42333608,4.240232391,8.755143585,-1.245110779,-0.003315307666,-0.009319420904,0.0003004700411,phone,user4,stand
48.44340308,4.259242859,8.762328644,-1.219813385,0.0002232338302,-0.004885226488,-0.0004528528079,phone,user4,stand
48.46346908,4.252207489,8.761729889,-1.242865448,-0.0001937225461,0.001243101782,0.001732559409,phone,user4,stand
48.48353508,4.263434143,8.760682068,-1.224304047,-0.00449622469,0.006971129216,0.00131944241,phone,user4,stand
48.50360208,4.249662781,8.755442963,-1.252295837,-0.001949798083,0.003198511433,0.001333683729,phone,user4,stand
48.52366808,4.230652313,8.756041718,-1.239272919,-0.001502881758,-0.004970401991,0.0006558133755,phone,user4,stand
48.54373508,4.213737488,8.737330627,-1.237626343,0.001960293157,-0.006646094378,-0.00460241735,phone,user4,stand
48.56380108,4.234843597,8.738677826,-1.226100311,-0.001799582969,0.0007395901484,-0.00114896358,phone,user4,stand
48.58386808,4.262236633,8.755143585,-1.229543152,-0.003636230715,0.009088938124,0.0007333436515,phone,user4,stand
48.60393408,4.263284454,8.759035492,-1.243613892,-0.005474816076,0.004559058696,0.002668458037,phone,user4,stand
48.62400008,4.242926788,8.771160278,-1.245559845,-0.001415095991,-0.00182537036,0.001677621854,phone,user4,stand
48.64406708,4.227359161,8.770561523,-1.218915253,0.002374148462,2.618948929e-05,-0.0001346351346,phone,user4,stand
48.66413308,4.209246826,8.743617554,-1.236578522,-0.0003560814075,0.008468652144,-0.001632791478,phone,user4,stand
48.68420008,4.214785309,8.735534363,-1.250499573,0.001072370098,0.01149876136,-0.004479481839,phone,user4,stand
48.70426608,4.248764648,8.759783936,-1.258732452,0.001903155819,-0.00115653465,-4.532583989e-05,phone,user4,stand
48.72433308,4.240831146,8.76981308,-1.253942413,0.0003940411843,-0.01137764752,-1.875613816e-05,phone,user4,stand
48.74439908,4.207899628,8.78029129,-1.21577179,-0.001573963091,-0.01064737048,0.0004292263184,phone,user4,stand
48.76446608,4.199816437,8.77325592,-1.205592957,-0.00249200291,-0.003844539402,-0.002564592287,phone,user4,stand
48.78453208,4.229604492,8.774603119,-1.236279144,-0.004210061859,0.004228946287,-0.004368512891,phone,user4,stand
48.80459808,4.237238617,8.75110199,-1.247505798,-0.001213494688,0.00230146409,-0.005048573017,phone,user4,stand
48.82466508,4.265978851,8.744515686,-1.233734436,0.002733165398,-0.005437461194,-0.004158535972,phone,user4,stand
48.84473108,4.266278229,8.74286911,-1.231489105,0.001634347136,-0.008288342506,0.001686922507,phone,user4,stand
48.86479808,4.262086945,8.761430511,-1.19586319,-0.0004088801797,-0.009075489827,0.002060328145,phone,user4,stand
48.88486408,4.254003754,8.763376465,-1.219663696,-0.002033916069,-0.001157287974,-0.001282220474,phone,user4,stand
48.90493108,4.235442352,8.760682068,-1.235979767,-0.002094078343,-0.001227770001,-5.798065104e-05,phone,user4,stand
48.92499708,4.248764648,8.757089539,-1.237776031,0.001638132147,0.002164891921,-0.00305551663,phone,user4,stand
48.94506308,4.238436127,8.747659149,-1.225351868,0.003830087837,0.0005675733555,-0.002534880769,phone,user4,stand
48.96513008,4.268673248,8.74990448,-1.225950623,0.002417824231,0.0002339160419,-0.003193390556,phone,user4,stand
48.98519608,4.246968384,8.730145569,-1.234183502,0.001599650132,-0.003401451278,-0.001027325867,phone,user4,stand
49.00526308,4.257745972,8.757987671,-1.240919495,0.003571312875,-0.0008337059407,0.001630699029,phone,user4,stand
49.02532908,4.270020447,8.76741806,-1.233435059,0.002312629484,0.006095533259,-0.001005603699,phone,user4,stand
49.04539608,4.246519318,8.766669617,-1.230590973,0.003506470472,0.009558758698,-0.001985170878,phone,user4,stand
49.06546208,4.245471497,8.7522995,-1.263821869,0.004569459707,0.002754336456,-0.003793449141,phone,user4,stand
49.08552908,4.244872742,8.723409576,-1.262175293,0.004562879913,-0.002801211551,-0.001291282941,phone,user4,stand
49.10559508,4.241429901,8.734037476,-1.238225098,0.004515741952,-0.001916775713,-0.0007434706204,phone,user4,stand
49.12566108,4.248764648,8.758736115,-1.210382996,0.002461379627,0.004431667738,-0.002005542628,phone,user4,stand
49.14572808,4.249812469,8.764873352,-1.237476654,0.002882837085,0.002619432518,0.0007324456237,phone,user4,stand
49.16579408,4.22406601,8.774902496,-1.263821869,0.002577953739,-0.001186574809,-0.004628262017,phone,user4,stand
49.18586108,4.202660522,8.761131134,-1.265917511,0.002020778134,-0.003304750426,-0.005962136202,phone,user4,stand
49.20592708,4.22047348,8.774154053,-1.25903183,0.0006371634081,-0.0006281556562,-0.008865609765,phone,user4,stand
49.22599408,4.224515076,8.776249695,-1.258283386,-0.003553347895,-0.000831212441,-0.008203620091,phone,user4,stand
49.24606008,4.236340485,8.762478333,-1.251397705,-0.004822899587,-0.01096702833,-0.002971290844,phone,user4,stand
49.26612708,4.259242859,8.767867126,-1.224453735,-0.002022027271,-0.01679203659,-0.004140348174,phone,user4,stand
49.28619308,4.250261536,8.75454483,-1.222058716,-0.002124638762,-0.01880061813,-0.00412886776,phone,user4,stand
49.30626008,4.260739746,8.746611328,-1.200353851,-0.006136302836,-0.00573231373,-0.004751130007,phone,user4,stand
49.32632733,4.291126556,8.717721405,-1.224453735,-0.004481310956,0.00529679982,-0.006979285739,phone,user4,stand
49.34639333,4.315974884,8.71951767,-1.228794708,-0.0003433881793,0.002756014466,-0.002566184383,phone,user4,stand
49.36646033,4.294419708,8.738079071,-1.226848755,0.008284647018,0.0002424835111,-0.001947571756,phone,user4,stand
49.38652633,4.263434143,8.743018799,-1.222058716,0.01172240824,0.002777376911,-0.002091764472,phone,user4,stand
49.40659333,4.25445282,8.749156036,-1.192570038,0.009866531007,0.01662053168,-0.0006640019128,phone,user4,stand
49.42665933,4.238735504,8.7416716,-1.237027588,0.008578223176,0.03019122221,-0.001134399907,phone,user4,stand
49.44672633,4.228556671,8.771160278,-1.266665955,0.01327019464,0.02837097459,-0.0004711971851,phone,user4,stand
49.46679233,4.176315308,8.785380707,-1.283730469,0.01402189396,0.0227595102,-0.002361426828,phone,user4,stand
49.48685933,4.182452545,8.763825531,-1.281335449,0.01137139648,0.0136683546,0.002372153802,phone,user4,stand
49.50692533,4.164639587,8.787176971,-1.269360352,0.009504206479,0.005717007909,0.003618458519,phone,user4,stand
49.52699233,4.14907196,8.813522186,-1.291514282,0.005485931411,-0.000651507813,0.0006693361793,phone,user4,stand
49.54705833,4.149820404,8.782237244,-1.269210663,0.00223476626,0.001848726533,-0.002894075355,phone,user4,stand
49.56712433,4.179159393,8.769364014,-1.257385254,0.004017028958,0.008138353936,-0.004957186058,phone,user4,stand
49.58719133,4.182153168,8.773555298,-1.273551636,0.001400442794,-0.000368973735,-0.005940764211,phone,user4,stand
49.60725733,4.192182312,8.793463898,-1.273551636,0.003047007602,-0.003023350844,-0.002317218576,phone,user4,stand
49.62732433,4.207450562,8.763077087,-1.29181366,0.003982808441,-0.005436521955,-0.003468155395,phone,user4,stand
49.64739033,4.242178345,8.744515686,-1.271755371,0.0006006036419,-0.006290310062,-0.0006401246646,phone,user4,stand
49.66745733,4.23574173,8.750054169,-1.239871674,-0.0009785159491,-0.002384540625,0.002643369837,phone,user4,stand
49.68752333,4.215234375,8.785979462,-1.25079895,-0.003580750898,-0.003414887469,0.001925785094,phone,user4,stand
49.70759033,4.202061768,8.772806854,-1.253343658,-0.002527410397,-0.001546976622,-9.063142352e-05,phone,user4,stand
49.72765633,4.200864258,8.760831757,-1.253792725,0.001048516831,-0.0002829085279,-0.004313048441,phone,user4,stand
49.74772333,4.227808228,8.750203857,-1.260528717,0.002771415515,0.002210207749,-0.005639277864,phone,user4,stand
49.76778933,4.259542236,8.751551056,-1.24960144,0.002308378462,0.00105102628,-0.003633717541,phone,user4,stand
49.78785533,4.24157959,8.766519928,-1.266366577,0.003155242652,0.0012575984,-0.0008086196613,phone,user4,stand
49.80792233,4.22870636,8.758736115,-1.261426849,0.007047042251,-0.0007374206325,0.0008798325434,phone,user4,stand
49.82798833,4.214934998,8.791218567,-1.253643036,0.005165552255,0.00464016106,0.0009427571204,phone,user4,stand
49.84805533,4.198618927,8.792565765,-1.272952881,0.002339292318,0.00504745543,0.003045473248,phone,user4,stand
49.86812133,4.20056488,8.786278839,-1.282682648,-0.003380220151,0.005089883693,0.001309708226,phone,user4,stand
49.88818833,4.200415192,8.777447205,-1.282083893,-0.002960664453,0.002877511783,0.0008358485065,phone,user4,stand
49.90825433,4.210594025,8.770561523,-1.283281403,-0.005431689322,-0.004008668475,0.001785540255,phone,user4,stand
49.92832133,4.203408966,8.760233002,-1.272803192,-0.008217376657,-0.007949704304,0.004723023623,phone,user4,stand
49.94838733,4.19712204,8.771160278,-1.276246033,-0.009513637982,-0.01426552236,0.004960818682,phone,user4,stand
49.96845433,4.202510834,8.765023041,-1.262175293,-0.009911471978,-0.01153162401,0.003988661803,phone,user4,stand
49.98852033,4.232298889,8.760233002,-1.248703308,-0.006873688661,-0.002815706423,0.002373059047,phone,user4,stand
50.00858733,4.244273987,8.759334869,-1.269360352,-0.006073664874,-0.001854268485,0.001888186904,phone,user4,stand
50.02865333,4.216132507,8.767717438,-1.304088135,-0.009140308015,-0.009418436326,0.003826500615,phone,user4,stand
50.04871933,4.175866241,8.761280823,-1.308429108,-0.01096572448,-0.02153888717,0.00610048417,phone,user4,stand
50.06878633,4.179458771,8.771609344,-1.285377045,-0.01166121848,-0.03256624937,0.003560189856,phone,user4,stand
50.08885233,4.166735229,8.783584442,-1.244811401,-0.01335250493,-0.03517102823,0.001257468946,phone,user4,stand
50.10891933,4.211641846,8.753946075,-1.200204163,-0.01248897705,-0.02905215882,-0.003812559647,phone,user4,stand
50.12898533,4.261787567,8.78732666,-1.183289337,-0.01357323956,-0.01438168157,-0.008402116597,phone,user4,stand
50.14905233,4.337380371,8.704698486,-1.211430817,-0.0136526823,-0.003480355488,-0.003075372893,phone,user4,stand
50.16911833,4.352349243,8.698710938,-1.211430817,-0.00703629991,0.001890266314,0.002183022676,phone,user4,stand
50.18918533,4.313130798,8.724906464,-1.236428833,-0.0008822444361,0.001850973233,0.005646533333,phone,user4,stand
50.20925133,4.297862549,8.732839966,-1.245110779,0.004559362307,0.00732041616,0.00606768718,phone,user4,stand
50.22931833,4.278253326,8.746311951,-1.241069183,0.002703202423,0.01683802344,0.005600784905,phone,user4,stand
50.24938433,4.257147217,8.756041718,-1.212478638,0.003443763824,0.02848109603,0.002544591203,phone,user4,stand
50.26945033,4.195774841,8.74286911,-1.240769806,0.005839669146,0.02662329189,0.004089138936,phone,user4,stand
50.28951733,4.2228685,8.776399384,-1.255439301,0.004303409718,0.02144333534,0.004761422984,phone,user4,stand
50.30958333,4.220623169,8.759634247,-1.268611908,0.004103349056,0.02417738549,0.001884884899,phone,user4,stand
50.32964958,4.212839355,8.775800629,-1.285676422,0.002022321569,0.0227263514,-0.001619712799,phone,user4,stand
50.34971558,4.203109589,8.772208099,-1.254391479,0.005063020624,0.02061619796,-0.001023987425,phone,user4,stand
50.36978258,4.229604492,8.783434753,-1.253493347,0.003314244328,0.01627147198,0.001025855541,phone,user4,stand
50.38984858,4.241280212,8.744665375,-1.216520233,0.00316636241,0.0198651012,0.002945155371,phone,user4,stand
50.40991558,4.274511108,8.743467865,-1.224753113,0.0004690933274,0.02566407807,0.002797719091,phone,user4,stand
50.42998158,4.258644104,8.744216309,-1.234632568,-0.003120775102,0.01376987435,0.006519173272,phone,user4,stand
50.45004858,4.238286438,8.759634247,-1.236578522,-0.004079855047,0.002594411606,0.009141282178,phone,user4,stand
50.47011458,4.196523285,8.777896271,-1.222208405,-0.005223286338,-0.002104197396,0.008271394297,phone,user4,stand
50.49018058,4.21463562,8.775052185,-1.163829803,-0.002145768376,0.01466398872,0.0005158602726,phone,user4,stand
50.51024758,4.270619202,8.770112457,-1.184337158,0.0009599139448,0.02744067274,-0.004045805894,phone,user4,stand
50.53031358,4.281247101,8.736881561,-1.220861206,-0.003328022314,0.01814017259,1.834146678e-05,phone,user4,stand
50.55038058,4.28603714,8.682544556,-1.265019379,-0.002590692835,0.01388990227,0.006242123898,phone,user4,stand
50.57044658,4.270319824,8.714577942,-1.261127472,0.003240197431,0.00878688693,0.01073645055,phone,user4,stand
50.59051358,4.219126282,8.753347321,-1.231638794,0.003982626367,0.006941346917,0.005796156824,phone,user4,stand
50.61057958,4.236639862,8.772806854,-1.199755096,0.005612742156,0.01020128839,0.0008716182783,phone,user4,stand
50.63064658,4.20056488,8.754694519,-1.237326965,0.004089152906,0.00275432528,-0.002345659072,phone,user4,stand
50.65071258,4.177812195,8.778045959,-1.231040039,0.00304012862,0.0007665080484,-0.003678925103,phone,user4,stand
50.67077958,4.212390289,8.764573975,-1.232836304,0.002386954613,0.005923850462,-0.004070918076,phone,user4,stand
50.69084558,4.258195038,8.768914948,-1.23792572,0.0004045241512,0.008430541493,-0.00476193754,phone,user4,stand
50.71091158,4.27436142,8.773106232,-1.240021362,-0.001160494983,0.001123846974,-0.003188534174,phone,user4,stand
50.73097858,4.227359161,8.75454483,-1.235081635,0.0006287861615,-0.01514420193,0.0009028571658,phone,user4,stand
50.75104458,4.225562897,8.779842224,-1.223555603,-0.00198533712,-0.01587899588,0.006209873129,phone,user4,stand
50.77111158,4.203109589,8.782386932,-1.257085876,-0.01020703651,-0.008126857691,0.00781878829,phone,user4,stand
50.79117758,4.204456787,8.772357788,-1.240620117,-0.01473169681,-0.008414531127,0.002837933134,phone,user4,stand
50.81124458,4.240681458,8.760831757,-1.229692841,-0.009466896765,-0.01532520074,0.0002503187861,phone,user4,stand
50.83131058,4.239334259,8.740025024,-1.225351868,-0.007670908701,-0.02051105909,-0.001162903151,phone,user4,stand
50.85137758,4.233047333,8.7522995,-1.218166809,-0.00976151228,-0.0131174447,-0.002436496317,phone,user4,stand
50.87144358,4.277205505,8.741521912,-1.22385498,-0.01124665979,-0.009519118816,-0.000104609062,phone,user4,stand
50.89151058,4.296964417,8.734187164,-1.234931946,-0.006191164255,-0.00390165695,-0.0002224246273,phone,user4,stand
50.91157658,4.272415466,8.747808838,-1.238674164,-0.003747324692,-0.007107285783,0.003558911383,phone,user4,stand
50.93164258,4.261338501,8.752598877,-1.228046265,-0.00261564902,-0.01059436146,0.006610746495,phone,user4,stand
50.95170958,4.23574173,8.760981445,-1.192420349,-0.00272569363,-0.006166807376,0.004712387919,phone,user4,stand
50.97177558,4.228107605,8.786278839,-1.199156342,-0.005165093578,0.003574455157,0.003387522651,phone,user4,stand
50.99184258,4.240681458,8.759035492,-1.211430817,-0.008320549503,0.004524657503,-0.0006505340571,phone,user4,stand
51.01190858,4.247267761,8.740773468,-1.238674164,-0.009819424711,0.003227751236,0.001789399656,phone,user4,stand
51.03197558,4.246369629,8.763825531,-1.23448288,-0.008053118363,-0.007233282086,0.004301317036,phone,user4,stand
51.05204158,4.231849823,8.775800629,-1.229992218,-0.007152803242,-0.004791263025,0.002104003914,phone,user4,stand
51.07210858,4.231251068,8.784033508,-1.229842529,-0.01165482588,-0.002858956112,0.002405975712,phone,user4,stand
51.09217458,4.251159668,8.752898254,-1.212778015,-0.009979723021,-0.001091272919,0.001116669271,phone,user4,stand
51.11224058,4.242926788,8.744216309,-1.230740662,-0.009761657566,-0.005942136049,0.002486098325,phone,user4,stand
51.13230758,4.260140991,8.757688293,-1.181493073,-0.005556844175,-0.001301792916,0.0006069161464,phone,user4,stand
51.15237358,4.268972626,8.742270355,-1.201251984,-0.002975253155,0.004055380821,-0.001450949116,phone,user4,stand
51.17244058,4.26732605,8.743916931,-1.219663696,-0.006086181849,0.004415344913,0.001630659448,phone,user4,stand
51.19250658,4.277355194,8.727451172,-1.232536926,-0.009395767935,0.001173971687,0.004468749743,phone,user4,stand
51.21257358,4.27780426,8.744365997,-1.213825836,-0.006983958185,-0.0031861756,0.007954701781,phone,user4,stand
51.23263958,4.242028656,8.757837982,-1.213227081,-0.001075951848,-0.002255750122,0.005265411921,phone,user4,stand
51.25270658,4.249363403,8.752449188,-1.198108521,0.0003277502256,-0.002019178588,0.00235700421,phone,user4,stand
51.27277258,4.251459045,8.731492767,-1.198557587,-7.41945114e-05,-0.001458386891,0.002703089966,phone,user4,stand
51.29283958,4.248465271,8.760532379,-1.192120972,-0.002321560634,-0.005566805601,0.002030682052,phone,user4,stand
51.31290512,4.237238617,8.786428528,-1.19002533,0.0009529652307,-0.003809750546,0.001135123195,phone,user4,stand
51.33297112,4.249363403,8.751700745,-1.182391205,0.0009353872156,0.007988819852,-0.001856491552,phone,user4,stand
51.35303812,4.283791809,8.72879837,-1.175056458,-0.002219076734,0.0160831809,-0.0003110039979,phone,user4,stand
51.37310412,4.299209747,8.734037476,-1.202000427,-0.003040615935,0.01403648779,0.002626782283,phone,user4,stand
51.39317112,4.281995544,8.749305725,-1.197509766,-0.005824852269,0.006022069603,0.005123700947,phone,user4,stand
51.41323712,4.256997528,8.783135376,-1.183139648,-0.004228819627,0.002220407128,0.003696513129,phone,user4,stand
51.43330412,4.244273987,8.779692535,-1.174906769,-0.004219861701,0.01149420347,0.003916466609,phone,user4,stand
51.45337013,4.242926788,8.762029266,-1.169517975,-0.007890206762,0.02452087961,-3.647943959e-05,phone,user4,stand
51.47343712,4.28364212,8.748257904,-1.170266418,-0.006061970256,0.02726091444,-0.001500935759,phone,user4,stand
51.49350312,4.309687958,8.739276581,-1.17939743,-0.004596632905,0.01862994209,0.0005538151599,phone,user4,stand
51.51356912,4.300556946,8.753646698,-1.205443268,-0.002168331761,0.009530784562,0.00230101659,phone,user4,stand
51.53363612,4.289779358,8.741072845,-1.202599182,0.000943693216,0.01047642715,0.007045712322,phone,user4,stand
51.55370212,4.246968384,8.698561249,-1.186582489,0.01011082623,0.0191937536,0.008748004213,phone,user4,stand
51.57376912,4.177063751,8.728349304,-1.237476654,0.01849185303,0.004577495158,0.007535596378,phone,user4,stand
51.59383513,4.142335968,8.820856934,-1.19002533,0.0155801326,-0.001493540592,0.0009485997725,phone,user4,stand
51.61390212,4.167034607,8.830287323,-1.185983734,0.002293504309,0.003614481073,-0.003568841144,phone,user4,stand
51.63396812,4.217330017,8.815767517,-1.184187469,-0.01242859568,-0.002237328561,-0.003581350436,phone,user4,stand
51.65403513,4.263733521,8.768016815,-1.153800659,-0.0175318066,-0.00506709516,-0.005776216276,phone,user4,stand
51.67410112,4.305197296,8.714727631,-1.152902527,-0.01249829773,0.003267964814,-0.006575855426,phone,user4,stand
51.69416812,4.365671539,8.70080658,-1.175505524,-0.009265805595,0.01402159315,-0.0003238747595,phone,user4,stand
51.71423413,4.388124847,8.716972961,-1.19930603,-0.002129789675,0.01047909725,0.009745310992,phone,user4,stand
51.73430012,4.351151733,8.716224518,-1.232985992,0.0006886338815,0.002645408269,0.01634622179,phone,user4,stand
51.75436712,4.270319824,8.72296051,-1.204844513,0.00516298553,-0.001653526444,0.01856952906,phone,user4,stand
51.77443312,4.21703064,8.777896271,-1.146615601,0.007025359198,0.0011788056,0.01394671388,phone,user4,stand
51.79450012,4.202361145,8.821455688,-1.142574005,0.001257725991,0.005552454852,0.007017536554,phone,user4,stand
51.81456612,4.186045074,8.79555954,-1.148262177,-0.004019938409,0.01539974939,0.00169498683,phone,user4,stand
51.83463312,4.188440094,8.724307709,-1.196312256,-0.003311554436,0.01671283506,0.002922370564,phone,user4,stand
51.85469913,4.283043365,8.744815063,-1.216520233,-0.003965531942,0.001710045966,0.004743995611,phone,user4,stand
51.87476612,4.345313873,8.741821289,-1.183289337,-0.002180054551,-0.003024127102,0.007023151498,phone,user4,stand
51.89483212,4.375700684,8.742120667,-1.160836029,0.0008980397834,-0.001057532732,0.0065619573,phone,user4,stand
51.91489813,4.356390839,8.73119339,-1.147513733,0.00287656649,0.005086006131,0.009062554687,phone,user4,stand
51.93496512,4.358636169,8.790320435,-1.10335556,0.007994018495,-0.0003405229363,0.009036328644,phone,user4,stand
51.95503112,4.413721619,8.902886353,-1.083746338,0.01823825575,0.01780733839,0.01361288317,phone,user4,stand
51.97509812,4.341272278,8.831634521,-1.083896027,0.01427919976,0.04099521413,0.01189487986,phone,user4,stand
51.99516412,4.400549011,8.669970703,-1.086291046,0.006308290642,0.09061919153,0.01068017446,phone,user4,stand
52.01523112,4.434378662,8.610394592,-1.132395172,0.004098635167,0.09511444718,0.01512616314,phone,user4,stand
52.03529712,4.483476562,8.567882996,-1.148711243,-0.001419403357,0.08251941949,0.01504181419,phone,user4,stand
52.05536412,4.471651154,8.619824982,-1.210832062,-0.00110905082,0.07991234958,0.03241904825,phone,user4,stand
52.07543012,4.349056091,8.654702454,-1.263522491,-0.02283204719,0.04929183424,0.03860006481,phone,user4,stand
52.09549612,4.244273987,8.662635956,-1.201850739,-0.02712244913,0.03708351776,0.03230429068,phone,user4,stand
52.11556313,4.266876984,8.69377121,-1.172511749,-0.0132213477,0.04666047543,0.02131151967,phone,user4,stand
52.13562912,4.319118347,8.769064636,-1.149459686,0.00144044403,0.03746014461,0.01307381503,phone,user4,stand
52.15569612,4.295766907,8.810229034,-1.141226807,0.005450124387,0.02717164718,0.01379951276,phone,user4,stand
52.17576212,4.258195038,8.761280823,-1.124311981,-0.00197383156,0.0227002725,0.0164704714,phone,user4,stand
52.19582912,4.207749939,8.706943817,-1.127305756,-0.006036113948,0.03478366882,0.01573271491,phone,user4,stand
52.21589512,4.193080444,8.716523895,-1.178349609,-0.01082286332,0.01994625106,0.01314472221,phone,user4,stand
52.23596212,4.289330292,8.754395142,-1.115031281,1.376355067e-05,0.01183991227,0.004889138043,phone,user4,stand
52.25602812,4.355193329,8.743916931,-1.146615601,0.001111254096,0.001576058799,0.002671172144,phone,user4,stand
52.27609412,4.340673523,8.725056152,-1.077758789,-0.0002928369213,0.007070419379,-0.005914012901,phone,user4,stand
52.29616112,4.352049866,8.677904205,-1.075214081,0.006353245117,0.02503620647,-0.01071660314,phone,user4,stand
52.31622808,4.374802551,8.649014282,-1.103056183,0.007530126255,0.03152032942,-0.01370433066,phone,user4,stand
52.33629508,4.429438934,8.70305191,-1.112486572,0.01529057696,0.02488293312,-0.01557413582,phone,user4,stand
52.35636108,4.415368195,8.74286911,-1.122964783,0.01740633696,0.02205340192,-0.009452517144,phone,user4,stand
52.37642808,4.371659088,8.704848175,-1.115180969,0.0190968141,0.02289692871,-0.004257331602,phone,user4,stand
52.39649408,4.332740021,8.698710938,-1.129850464,0.01997711137,0.01652660407,0.002767296741,phone,user4,stand
52.41656108,4.326153717,8.765322418,-1.106049957,0.01316612214,0.01855185255,0.002995230956,phone,user4,stand
52.43662708,4.318669281,8.751251678,-1.110091553,0.00735878665,0.02519069612,0.001148713054,phone,user4,stand
52.45669308,4.317471771,8.74286911,-1.124012604,0.006454871967,0.0246057976,-0.001549772453,phone,user4,stand
52.47676008,4.31642395,8.739725647,-1.142723694,0.008203051984,0.01064765081,-0.001146080554,phone,user4,stand
52.49682608,4.343667297,8.703500977,-1.090182953,0.001301089535,0.004912551027,-0.005433061626,phone,user4,stand
52.51689308,4.402794342,8.692723389,-1.061891785,0.005698016379,0.02101047523,-0.008751657791,phone,user4,stand
52.53695908,4.401297455,8.683742065,-1.102756805,0.01544409711,0.02816922776,-0.007678388618,phone,user4,stand
52.55702608,4.375850372,8.709039459,-1.106199646,0.0185296312,0.0228724964,-0.006139529869,phone,user4,stand
52.57709208,4.368365936,8.694968719,-1.119521942,0.01940111816,0.01995030977,-0.001902501448,phone,user4,stand
52.59715908,4.364773407,8.692124634,-1.107247467,0.02164241672,0.02309676446,0.0001918962225,phone,user4,stand
52.61722508,4.33049469,8.734486542,-1.130449219,0.02416964807,0.02222013474,-0.001807255438,phone,user4,stand
52.63729108,4.292324066,8.77445343,-1.115330658,0.02261744067,0.01714955457,-0.005967033096,phone,user4,stand
52.65735808,4.292623444,8.754993896,-1.095571747,0.01968958601,0.02281472273,-0.01036738977,phone,user4,stand
52.67742408,4.284091187,8.72999588,-1.144669647,0.01348013151,0.01680097729,-0.01268530637,phone,user4,stand
52.69749108,4.288282471,8.721912689,-1.165775757,0.01328678988,0.007712111808,-0.01081398595,phone,user4,stand
52.71755708,4.290827179,8.712781677,-1.162033539,0.01858500391,0.0007186048897,-0.01577384956,phone,user4,stand
52.73762408,4.323758698,8.708440704,-1.137185211,0.02159651183,0.004661026411,-0.01915964484,phone,user4,stand
52.75769008,4.361180878,8.699758759,-1.135239258,0.01948507875,0.003014508169,-0.02025510557,phone,user4,stand
52.77775708,4.35384613,8.686436462,-1.13149704,0.02181038074,0.0006289768498,-0.01653278247,phone,user4,stand
52.79782308,4.331392822,8.709488525,-1.175206146,0.02091390826,-0.005100465845,-0.01444137283,phone,user4,stand
52.81788908,4.324806519,8.743916931,-1.146016846,0.01774569787,-0.005775292404,-0.01652165689,phone,user4,stand
52.83795608,4.329446869,8.765621796,-1.134640503,0.01543552615,-0.005507956725,-0.0167189911,phone,user4,stand
52.85802208,4.367467804,8.741970978,-1.084794159,0.0177358631,-0.003018002026,-0.01495991275,phone,user4,stand
52.87808908,4.363575897,8.712033234,-1.102756805,0.01620895229,-0.0004730391665,-0.01176572405,phone,user4,stand
52.89815508,4.373605042,8.724307709,-1.087488556,0.01046565548,0.0145786237,-0.01386513934,phone,user4,stand
52.91822208,4.396956482,8.707093506,-1.129700775,0.0100272987,0.01705802605,-0.01162888296,phone,user4,stand
52.93828808,4.367168427,8.696615295,-1.168021088,0.008554400876,0.002718897536,-0.00421994552,phone,user4,stand
52.95835508,4.315525818,8.704099731,-1.18298996,0.007816779427,-0.004287072457,-0.002749394393,phone,user4,stand
52.97842108,4.332141266,8.715176697,-1.164727936,0.009720454924,-0.002657834673,-0.002310536802,phone,user4,stand
52.99848708,4.358636169,8.750802612,-1.134041748,0.01517024916,0.01182554197,-0.00370156439,phone,user4,stand
53.01855408,4.324806519,8.770262146,-1.203497314,0.01314615179,0.003944713157,-0.0030431333,phone,user4,stand
53.03862008,4.230951691,8.723858643,-1.230590973,-0.003415494924,-0.01111081615,-0.001523731742,phone,user4,stand
53.05868708,4.250710602,8.718769226,-1.209035797,-0.009835018776,-0.02382492088,-0.002003115602,phone,user4,stand
53.07875308,4.288731537,8.744665375,-1.177900543,-0.003062064294,-0.02763380297,-0.004455705173,phone,user4,stand
53.09882008,4.29891037,8.752449188,-1.146316223,0.005172280595,-0.02617973462,-0.009946519509,phone,user4,stand
53.11888608,4.29891037,8.736432495,-1.142424316,0.005915443413,-0.01447036676,-0.0133725889,phone,user4,stand
53.13895308,4.340673523,8.703800354,-1.174906769,0.00187270646,-0.01189797278,-0.0119909998,phone,user4,stand
53.15901908,4.361330566,8.709338837,-1.199605408,-0.004333073739,-0.0184355285,-0.01002827846,phone,user4,stand
53.17908508,4.314328308,8.715326385,-1.193168793,-0.001476853853,-0.02361576259,-0.007743886672,phone,user4,stand
53.19915208,4.252207489,8.715476074,-1.21577179,0.003673173022,-0.02774032392,-0.007444133051,phone,user4,stand
53.21921808,4.258195038,8.74870697,-1.20050354,0.007600966375,-0.02685376443,-0.00628582947,phone,user4,stand
53.23928508,4.241878967,8.795260162,-1.206790466,0.007844306529,-0.0270100981,-0.007046115585,phone,user4,stand
53.25935108,4.245321808,8.84001709,-1.173858948,0.002615499776,-0.0263544824,-0.008648486808,phone,user4,stand
53.27941808,4.26732605,8.787775726,-1.126407623,-0.0009428900667,-0.02329618484,-0.00847359281,phone,user4,stand
53.29948408,4.284540253,8.755892029,-1.11862381,-0.009100854397,-0.01095349342,-0.005766053684,phone,user4,stand
53.31955071,4.314927063,8.729696503,-1.163231049,-0.01544666011,-0.001253193012,-0.002944118576,phone,user4,stand
53.33961671,4.32809967,8.73463623,-1.204245758,-0.01455399208,-0.01049258746,0.0002546198666,phone,user4,stand
53.35968271,4.280798035,8.711434479,-1.233884125,-0.007923934609,-0.01608897001,-0.002093929332,phone,user4,stand
53.37974971,4.255201263,8.716823273,-1.218915253,-0.003235800425,-0.01957198046,-0.002375714481,phone,user4,stand
53.39981571,4.256099396,8.712631989,-1.182840271,-0.002285954077,-0.01628627442,-0.004169293679,phone,user4,stand
53.41988271,4.284689941,8.757987671,-1.181493073,0.001028429717,-0.02763482369,-0.007555100136,phone,user4,stand
53.43994871,4.261188812,8.772208099,-1.17131424,0.002815458924,-0.02763594128,-0.01213541627,phone,user4,stand
53.46001571,4.249213715,8.744216309,-1.142873383,0.005310988985,-0.01180485915,-0.01344635151,phone,user4,stand
53.48008171,4.299209747,8.709039459,-1.116378479,0.01218929701,0.001092790393,-0.01235471293,phone,user4,stand
53.50014871,4.364623718,8.745713196,-1.158141632,0.01466666348,0.001148907933,-0.00512163993,phone,user4,stand
53.52021471,4.314028931,8.800349579,-1.184935913,0.01290583424,-0.005523457658,0.002556223422,phone,user4,stand
53.54028071,4.233047333,8.807684326,-1.20753891,0.004575463478,0.01306614187,0.003196008969,phone,user4,stand
53.56034771,4.216132507,8.809330902,-1.230740662,-0.003260736354,0.03568711132,-0.003213606775,phone,user4,stand
53.58041371,4.179458771,8.776698761,-1.293160858,-0.004229064565,0.02346083522,-0.001824950101,phone,user4,stand
53.60048071,4.114942932,8.77445343,-1.308279419,-0.004236518405,-0.01575397514,0.0001835215371,phone,user4,stand
53.62054671,4.089346161,8.754694519,-1.269809418,-0.001762199681,-0.04306558147,-0.0009661493823,phone,user4,stand
53.64061371,4.109105072,8.78029129,-1.215023346,-0.005821514409,-0.04806612432,-0.001976476517,phone,user4,stand
53.66067971,4.171824646,8.80843277,-1.195713501,-0.01204083953,-0.04270166531,-0.00792709738,phone,user4,stand
53.68074671,4.227209473,8.772058411,-1.195264435,-0.01441810466,-0.028712539,-0.008769911714,phone,user4,stand
53.70081271,4.303401031,8.706494751,-1.227896576,-0.01039747521,-0.02996912971,-0.01364361029,phone,user4,stand
53.72087871,4.394411774,8.699309692,-1.249900818,-0.002851516707,-0.02639364265,-0.01726350188,phone,user4,stand
53.74094571,4.438869324,8.671018524,-1.255888367,0.001935987035,-0.03106196225,-0.009903443977,phone,user4,stand
53.76101171,4.430486755,8.676407318,-1.243164825,0.009133950807,-0.03879430518,0.0001661628485,phone,user4,stand
53.78107871,4.350103912,8.731492767,-1.209634552,0.009595210664,-0.03623447567,0.005085553974,phone,user4,stand
53.80114471,4.268673248,8.770711212,-1.168320465,0.005722197238,-0.02312704548,0.00119722751,phone,user4,stand
53.82121171,4.24621994,8.774154053,-1.15140564,0.002040829742,0.004126136657,-0.003760469612,phone,user4,stand
53.84127771,4.261787567,8.765023041,-1.193168793,-0.003769334871,0.01652573422,-0.007633266971,phone,user4,stand
53.86134471,4.278403015,8.751850433,-1.255738678,-0.001597253373,0.01543673966,-0.005034637637,phone,user4,stand
53.88141071,4.301305389,8.725804596,-1.268611908,0.005714574363,0.008231479675,-0.00161761418,phone,user4,stand
53.90147671,4.314178619,8.693621521,-1.271455994,0.00869559031,0.003945493139,0.0005000266246,phone,user4,stand
53.92154371,4.296814728,8.709189148,-1.248403931,0.005289003253,0.006683416199,0.005460089073,phone,user4,stand
53.94160971,4.2427771,8.737929382,-1.269360352,0.0003986844094,-0.0004685578751,0.002779936418,phone,user4,stand
53.96167671,4.209546204,8.777596893,-1.2753479,0.000422629877,-0.01035729423,-0.0007457112661,phone,user4,stand
53.98174271,4.195325775,8.77101059,-1.250200195,0.0007995670894,-0.0132964626,-0.003338987473,phone,user4,stand
54.00180971,4.223467255,8.786578217,-1.185834045,0.003275169292,-0.0075006634,-0.007206467912,phone,user4,stand
54.02187571,4.237238617,8.770112457,-1.19466568,0.002363590524,0.004449593835,-0.005134726875,phone,user4,stand
54.04194271,4.254602509,8.755442963,-1.244062958,-0.001151465811,0.007598400116,-0.006176139228,phone,user4,stand
54.06200871,4.253404999,8.745862885,-1.263073425,-0.006332765799,-0.0008048600866,-0.004787754733,phone,user4,stand
54.08207471,4.273014221,8.725954285,-1.255439301,-0.004008071497,-0.001870865584,-0.00236890791,phone,user4,stand
54.10214171,4.28364212,8.754694519,-1.233884125,-0.004191926215,-0.003093855921,-0.003062780015,phone,user4,stand
54.12220771,4.289629669,8.774603119,-1.228495331,-0.00296321325,0.001312040724,-0.004262838047,phone,user4,stand
54.14227471,4.262086945,8.745413818,-1.254541168,-0.003606729209,0.008206835948,-0.004885241855,phone,user4,stand
54.16234071,4.295617218,8.737180939,-1.254541168,-0.002814705018,0.01875881292,-0.0001480109058,phone,user4,stand
54.18240771,4.289180603,8.736432495,-1.266366577,0.001603648998,0.006940639578,0.005398797803,phone,user4,stand
54.20247371,4.252357178,8.790021057,-1.254690857,0.002392513445,-0.009478669614,0.009272510186,phone,user4,stand
54.22254071,4.199666748,8.833131409,-1.235381012,0.003448299132,-0.008819902316,0.005661644042,phone,user4,stand
54.24260671,4.179159393,8.786428528,-1.225651245,0.000295127742,0.005597799551,-0.003679775633,phone,user4,stand
54.26267271,4.208049316,8.735534363,-1.250948639,-0.004074501339,0.02097460628,-0.008217928931,phone,user4,stand
54.28273971,4.224515076,8.707093506,-1.277443542,-0.006169470027,0.01162059512,-0.006344852038,phone,user4,stand
54.30280571,4.260889435,8.743767242,-1.287023621,-0.002172331093,-0.01184451673,-0.001847305801,phone,user4,stand
54.32287275,4.255201263,8.763526154,-1.260977783,0.004036493599,-0.02289107814,-0.001632426167,phone,user4,stand
54.34293875,4.237088928,8.77684845,-1.229243774,0.001788663911,-0.01953042299,-0.003927099518,phone,user4,stand
54.36300575,4.208348694,8.79316452,-1.174906769,-0.001326444093,-0.009556293488,-0.007099555805,phone,user4,stand
54.38307175,4.248165894,8.762029266,-1.185085602,-0.002841798123,-0.001229505287,-0.009413110092,phone,user4,stand
54.40313875,4.313130798,8.763675842,-1.234033813,-0.003868517932,0.002580375411,-0.005626932252,phone,user4,stand
54.42320475,4.324357452,8.755293274,-1.269809418,-0.005718450528,0.002215688117,-0.00286970078,phone,user4,stand
54.44327075,4.271367645,8.725804596,-1.240470428,-0.00524476869,-0.008883962408,0.008723549545,phone,user4,stand
54.46333775,4.243375854,8.725056152,-1.21337677,-0.005113937892,-0.008697567508,0.01033303048,phone,user4,stand
54.48340375,4.239783325,8.743467865,-1.207389221,-0.00493939314,-0.01214671135,0.01264270768,phone,user4,stand
54.50347075,4.199966125,8.815019073,-1.238075409,-0.01427949965,-0.01773023978,0.01210528333,phone,user4,stand
54.52353675,4.19128418,8.779991913,-1.219963074,-0.01597137935,-0.0176545158,0.004609269556,phone,user4,stand
54.54360375,4.203408966,8.795709229,-1.20050354,-0.009243093431,0.001434202655,-0.004058385268,phone,user4,stand
54.56366975,4.254752197,8.751251678,-1.204245758,-0.001863937126,0.01823695377,-0.01231885515,phone,user4,stand
54.58373675,4.279750214,8.731043701,-1.229842529,-0.0001161505934,0.01298415661,-0.008310670033,phone,user4,stand
54.60380275,4.247118073,8.72879837,-1.237476654,0.0003649883438,-0.002111536451,0.00333805941,phone,user4,stand
54.62386875,4.231101379,8.742569733,-1.238973541,-0.0005529827904,-0.00955495052,0.006331520621,phone,user4,stand
54.64393575,4.193828888,8.778345337,-1.219663696,-0.003427669406,-0.0131841097,0.004162784666,phone,user4,stand
54.66400175,4.2228685,8.803792419,-1.206491089,-0.002199298469,-0.009465284646,0.0001079495996,phone,user4,stand
54.68406875,4.208348694,8.790619812,-1.197360077,-0.003924905788,-0.01263023168,-4.43754252e-05,phone,user4,stand
54.70413475,4.208498383,8.776249695,-1.195264435,-0.0100466907,-0.01494658925,-0.002654374577,phone,user4,stand
54.72420175,4.221521301,8.770711212,-1.191671906,-0.01317840256,-0.008202203549,-0.00375145115,phone,user4,stand
54.74426775,4.241280212,8.766669617,-1.203647003,-0.01485882699,-0.004932843614,-0.002479091054,phone,user4,stand
54.76433475,4.246519318,8.751251678,-1.246008911,-0.01361111179,-0.009537624195,-0.002594421851,phone,user4,stand
54.78440075,4.279151459,8.738528137,-1.223705292,-0.003942060284,-0.01414603647,0.002797283465,phone,user4,stand
54.80446675,4.269571381,8.732839966,-1.214424591,-0.001114228508,-0.01893671788,0.007814543322,phone,user4,stand
54.82453375,4.252207489,8.73822876,-1.204545135,-0.003688104218,-0.020011032,0.008339670487,phone,user4,stand
54.84459975,4.23693924,8.766070862,-1.209784241,-0.01068115421,-0.01615046896,0.01108618081,phone,user4,stand
54.86466675,4.23454422,8.800499268,-1.211730194,-0.01389868744,-0.01077528019,0.008588958532,phone,user4,stand
54.88473275,4.222569122,8.772806854,-1.219813385,-0.01327943057,-0.004506130237,0.003876619041,phone,user4,stand
54.90479975,4.215084686,8.779243469,-1.230590973,-0.009875137359,-0.001038848888,-0.001832289156,phone,user4,stand
54.92486575,4.233646088,8.734486542,-1.235381012,-0.007770098746,-0.005968852434,-0.002018670086,phone,user4,stand
54.94493275,4.304897919,8.723858643,-1.218615875,-0.00686447043,-0.009966692887,-0.001401997404,phone,user4,stand
54.96499875,4.296814728,8.707392883,-1.214723969,-0.00530359894,-0.01013955195,0.00571895577,phone,user4,stand
54.98506475,4.266876984,8.731941833,-1.209784241,-0.002363517415,-0.007077396382,0.007433445193,phone,user4,stand
55.00513175,4.261188812,8.764873352,-1.249152374,-0.001041717827,-0.01034132764,0.004766061436,phone,user4,stand
55.02519775,4.231700134,8.770411835,-1.227148132,0.0004842476919,-0.01020323299,0.0009100001771,phone,user4,stand
55.04526475,4.24621994,8.776399384,-1.18179245,0.001116312225,-0.001278020674,-0.002426299267,phone,user4,stand
55.06533075,4.258344727,8.757837982,-1.198856964,0.004431463312,0.004843672272,-0.003068238031,phone,user4,stand
55.08539775,4.263583832,8.755293274,-1.210832062,0.001360090217,0.01216251962,-0.00453478517,phone,user4,stand
55.10546375,4.262086945,8.744365997,-1.231040039,-0.002104876563,0.01548245456,-0.002252151491,phone,user4,stand
55.12553075,4.29891037,8.715176697,-1.214274902,-0.005316648632,0.008273277432,0.002984954976,phone,user4,stand
55.14559675,4.253404999,8.771759033,-1.215622101,0.0001633134671,-0.000371998467,0.005056558177,phone,user4,stand
55.16566275,4.219575348,8.751251678,-1.217118988,0.00261412235,-0.002434746828,0.003507106565,phone,user4,stand
55.18572975,4.229604492,8.752598877,-1.213077393,0.002004308859,0.008392815478,0.0004234882072,phone,user4,stand
55.20579575,4.258344727,8.757987671,-1.250050507,-0.002632959513,0.01155594829,0.001226899913,phone,user4,stand
55.22586275,4.28019928,8.767567749,-1.226699066,-0.001413786085,0.005957925227,0.003488824703,phone,user4,stand
55.24592875,4.261787567,8.761280823,-1.227746887,0.0005341194337,-0.001070918865,0.003369286656,phone,user4,stand
55.26599575,4.258195038,8.727451172,-1.197210388,0.0003558591707,-0.0005706392112,0.0007636274677,phone,user4,stand
55.28606175,4.275708618,8.738378448,-1.17475708,-0.001665359596,0.01214511041,-0.0001714008395,phone,user4,stand
55.30612875,4.280798035,8.742569733,-1.222208405,-0.004024998285,0.0167204123,0.004098223522,phone,user4,stand
55.32619475,4.270319824,8.770411835,-1.221310272,0.0002476139925,0.006813553162,0.005819630809,phone,user4,stand
55.34626075,4.259991302,8.759035492,-1.234632568,0.005494324025,0.0004844030482,0.004173598252,phone,user4,stand
55.36632775,4.236340485,8.747659149,-1.182241516,0.006311947946,0.00517802313,0.002197967609,phone,user4,stand
55.38639375,4.266727295,8.753347321,-1.17475708,0.0001325188205,0.02433321066,0.001670105848,phone,user4,stand
55.40646075,4.255800018,8.761131134,-1.205892334,-0.004532613792,0.02807388082,0.002547131386,phone,user4,stand
55.42652675,4.247267761,8.776249695,-1.239572296,-0.0006652923767,0.01426410396,0.001983332215,phone,user4,stand
55.44659375,4.231999512,8.74526413,-1.241967316,0.004708386026,-0.001475124853,0.00127088232,phone,user4,stand
55.46665975,4.223766632,8.754095764,-1.212927704,0.006566762924,-0.002333371202,0.00144397188,phone,user4,stand
55.48672675,4.250710602,8.741372223,-1.18882782,0.00220835465,0.004097052384,0.0003089404199,phone,user4,stand
55.50679275,4.248914337,8.741222534,-1.178199921,0.0001516370103,0.007131965365,-0.002967941808,phone,user4,stand
55.52685875,4.278403015,8.740923157,-1.183738403,0.001771354582,0.003489707597,-0.005387756974,phone,user4,stand
55.54692575,4.260739746,8.731642456,-1.211879883,0.00171569339,-0.0009503463516,-0.009019861929,phone,user4,stand
55.56699175,4.286935272,8.737180939,-1.218316498,0.005007618107,-0.003300528042,-0.008047641255,phone,user4,stand
55.58705875,4.306095428,8.730594635,-1.194366302,0.01010271069,-0.003278192831,-0.006785072852,phone,user4,stand
55.60712475,4.335284729,8.742420044,-1.154998169,0.009076808579,0.0009560487815,-0.003177258652,phone,user4,stand
55.62719175,4.31642395,8.751850433,-1.160836029,0.006180944387,0.003925362602,-0.000555756269,phone,user4,stand
55.64725775,4.313579865,8.733887787,-1.160237274,0.001491771778,0.003005194943,0.003285861108,phone,user4,stand
55.66732475,4.286785583,8.748557281,-1.18298996,0.003639174625,0.005122004542,0.004938109778,phone,user4,stand
55.68739075,4.254752197,8.735534363,-1.197958832,0.002904941328,0.01077056956,0.002954054391,phone,user4,stand
55.70745675,4.285887451,8.752898254,-1.183289337,0.003631109372,0.01186458766,0.004214041401,phone,user4,stand
55.72752375,4.276457062,8.764124908,-1.174906769,0.001648749225,0.01380742993,0.004325746559,phone,user4,stand
55.74758975,4.255051575,8.751700745,-1.198557587,-0.0004120613448,0.008567802608,0.005137410481,phone,user4,stand
55.76765675,4.268972626,8.770411835,-1.206790466,0.001369620208,0.007467478048,0.008236782625,phone,user4,stand
55.78772275,4.221820679,8.752748566,-1.233584747,0.008166158572,0.005939874798,0.01060921606,phone,user4,stand
55.80778975,4.219725037,8.726702728,-1.209634552,0.005510606803,0.0001061758376,0.009764156304,phone,user4,stand
55.82785575,4.250261536,8.767717438,-1.181044006,0.009170947596,0.01060833689,0.005104298238,phone,user4,stand
55.84792275,4.225862274,8.793014832,-1.222507782,0.004169228021,0.006980512757,-0.002987087471,phone,user4,stand
55.86798875,4.212689667,8.736731873,-1.226100311,0.004244365729,-0.008277735673,-0.00869007688,phone,user4,stand
55.88805475,4.22990387,8.70080658,-1.235081635,0.0129215261,-0.01018677372,-0.008023252711,phone,user4,stand
55.90812175,4.295317841,8.743018799,-1.246008911,0.01434296928,-0.00828023348,-0.009441028349,phone,user4,stand
55.92818775,4.295018463,8.748856659,-1.228046265,0.008275880478,-0.01727250218,-0.00945876725,phone,user4,stand
55.94825475,4.293820953,8.73463623,-1.185983734,0.003651231993,-0.02455119416,-0.00359896617,phone,user4,stand
55.96832075,4.277055817,8.760682068,-1.185834045,-0.001531841001,-0.02681494318,-0.0002587301424,phone,user4,stand
55.98838775,4.283941498,8.796008606,-1.181493073,-0.0003156193998,-0.006427325774,-0.0007405488286,phone,user4,stand
56.00845375,4.30474823,8.771609344,-1.200054474,-0.0007721206639,0.007213053759,-0.005044120364,phone,user4,stand
56.02852075,4.304299164,8.733139343,-1.255738678,-0.002707652748,-0.000344013999,-0.004461449571,phone,user4,stand
56.04858675,4.290976868,8.701704712,-1.264270935,-0.003473087912,-0.01073191594,0.0007230541669,phone,user4,stand
56.06865275,4.292773132,8.683442688,-1.253643036,-0.004266418982,-0.007267819718,0.007413784042,phone,user4,stand
56.08871975,4.251908112,8.717571716,-1.235530701,-0.001902942313,-0.003487269161,0.01237166487,phone,user4,stand
56.10878575,4.234394531,8.755442963,-1.226998444,0.004363384098,-0.009559074417,0.004623080604,phone,user4,stand
56.12885275,4.211791534,8.764723663,-1.201102295,0.0133620305,-0.01212869398,-0.00764864916,phone,user4,stand
56.14891875,4.207001495,8.748407593,-1.200353851,0.01374654658,-0.009489149787,-0.01781603321,phone,user4,stand
56.16898575,4.264631653,8.739575958,-1.183439026,0.01065451745,0.00143986335,-0.02239279449,phone,user4,stand
56.18905175,4.306993561,8.72535553,-1.193168793,0.01239737496,0.008061842062,-0.02132137679,phone,user4,stand
56.20911875,4.294120331,8.72879837,-1.259480896,0.01846189238,0.001574004418,-0.01766118594,phone,user4,stand
56.22918475,4.289929047,8.722361755,-1.235979767,0.02523055673,-0.00359341898,-0.01188717224,phone,user4,stand
56.24925175,4.295916595,8.744815063,-1.181493073,0.02465688623,-0.009511588141,-0.008870594203,phone,user4,stand
56.26931775,4.286935272,8.765472107,-1.169667664,0.01570617408,-0.009627562948,-0.001649455284,phone,user4,stand
56.28938375,4.243525543,8.814869385,-1.205592957,0.007765864022,0.0004470461863,-0.003199703991,phone,user4,stand
56.30945075,4.229155426,8.786428528,-1.243913269,0.005126807839,0.002976589138,-0.004889405333,phone,user4,stand
56.32951696,4.258045349,8.750203857,-1.254840546,0.003253614064,0.009702347219,-0.005390030798,phone,user4,stand
56.34958396,4.310286713,8.732690277,-1.235979767,0.006647942122,0.01452505589,-0.005557713099,phone,user4,stand
56.36964996,4.343517609,8.706794128,-1.271605682,0.009367099963,0.01088744961,0.001456206432,phone,user4,stand
56.38971696,4.301754456,8.719068604,-1.294957123,0.01481703855,0.003356540576,0.004427367821,phone,user4,stand
56.40978296,4.251309357,8.726852417,-1.325044556,0.0190926753,-0.001900043571,0.005428146571,phone,user4,stand
56.42984996,4.187841339,8.744815063,-1.28822113,0.01962975785,0.00480678957,0.001833285671,phone,user4,stand
56.44991596,4.187242584,8.793463898,-1.313668213,0.02006857842,0.01106338017,-0.002546149073,phone,user4,stand
56.46998196,4.175117798,8.798104248,-1.312620392,0.01661704294,0.008830043487,-0.006908362266,phone,user4,stand
56.49004896,4.170776825,8.796008606,-1.301693115,0.01531924121,0.007609806489,-0.007658978924,phone,user4,stand
56.51011496,4.166435852,8.779991913,-1.296753387,0.01440653857,0.0002392069437,-0.008533645421,phone,user4,stand
56.53018196,4.213587799,8.798104248,-1.292412415,0.01158621721,0.003037153045,-0.009279731661,phone,user4,stand
56.55024796,4.217779083,8.768016815,-1.322649536,0.006210088264,0.0006414017989,-0.005915010348,phone,user4,stand
56.57031496,4.237537994,8.743916931,-1.291963348,0.004589245189,0.002071307972,-0.003376804292,phone,user4,stand
56.59038096,4.224515076,8.767118683,-1.274898834,0.00337462686,-0.005637827795,0.00175028271,phone,user4,stand
56.61044696,4.2029599,8.802145844,-1.285526733,0.001168293878,-0.01128306706,0.002488533733,phone,user4,stand
56.63051396,4.190685425,8.800349579,-1.29181366,-0.001710538985,-0.01279153675,0.004795150366,phone,user4,stand
56.65057996,4.173471222,8.769513702,-1.288520508,-0.003022456542,-0.007152238395,0.001497305464,phone,user4,stand
56.67064696,4.209845581,8.750952301,-1.278491364,-0.001796651399,0.002318548039,-0.001548872795,phone,user4,stand
56.69071296,4.267924805,8.762478333,-1.279389496,-0.003759720596,0.001026432496,-0.0007113646716,phone,user4,stand
56.71077996,4.267026672,8.756790161,-1.286724243,-0.003988917451,-0.01388657372,0.003050727071,phone,user4,stand
56.73084596,4.200714569,8.777896271,-1.253044281,0.002702469239,-0.02211977541,0.005305853672,phone,user4,stand
56.75091296,4.201463013,8.762478333,-1.246757355,0.006541505922,-0.01592883281,-0.00116072793,phone,user4,stand
56.77097896,4.23918457,8.746611328,-1.272204437,0.005438837688,0.007733603939,-0.007911752909,phone,user4,stand
56.79104596,4.274660797,8.745563507,-1.327888641,0.0008419809164,0.01715122722,-0.01001283154,phone,user4,stand
56.81111196,4.276307373,8.720266113,-1.342558136,0.003096732777,0.01138330717,-0.004516059533,phone,user4,stand
56.83117796,4.264182587,8.723559265,-1.338965607,0.005554005504,-0.003187737428,3.529759124e-05,phone,user4,stand
56.85124496,4.251009979,8.736282806,-1.296603699,0.01092963479,-0.008073630743,0.004532095976,phone,user4,stand
56.87131096,4.227359161,8.777447205,-1.295406189,0.008264165372,-0.006275213324,0.005636382848,phone,user4,stand
56.89137796,4.239483948,8.769064636,-1.277293854,-0.001916106325,0.000242302136,0.004221672192,phone,user4,stand
56.91144396,4.263883209,8.752000122,-1.297052765,-0.006679267623,0.008777070791,0.001822407125,phone,user4,stand
56.93151096,4.277355194,8.745862885,-1.324894867,-0.00766317267,0.01127938367,0.006488699466,phone,user4,stand
56.95157696,4.249213715,8.764274597,-1.354832611,-0.006106979214,0.006278698798,0.006050542463,phone,user4,stand
56.97164396,4.216880951,8.732839966,-1.343905334,-0.002680144273,-0.009346021339,0.002924516331,phone,user4,stand
56.99170996,4.233646088,8.738677826,-1.301992493,-0.003479778301,-0.01910714991,0.005642638542,phone,user4,stand
57.01177596,4.2427771,8.765472107,-1.283880157,-0.003391400445,-0.01736319438,0.004341804888,phone,user4,stand
57.03184296,4.222120056,8.784931641,-1.269809418,-0.00624391716,-0.01416956447,0.004231462255,phone,user4,stand
57.05190896,4.205205231,8.754395142,-1.259630585,-0.005880103912,-0.004662724212,0.002602296416,phone,user4,stand
57.07197596,4.234693909,8.731642456,-1.264720001,-0.006620781031,0.005288259126,0.0003034851979,phone,user4,stand
57.09204196,4.275259552,8.743617554,-1.264420624,-0.008677583188,0.0003249507863,0.003378766356,phone,user4,stand
57.11210896,4.2719664,8.750952301,-1.28238327,-0.006989701185,-0.01125242095,0.004342380911,phone,user4,stand
57.13217496,4.247118073,8.73463623,-1.297950897,-0.00362285669,-0.01807038672,0.005428036675,phone,user4,stand
57.15224196,4.255350952,8.761879578,-1.285077667,-0.004643782042,-0.00765608903,0.002836681437,phone,user4,stand
57.17230796,4.25565033,8.733139343,-1.272803192,-0.009688219987,0.001968263648,0.0006329240277,phone,user4,stand
57.19237396,4.288132782,8.737779694,-1.269360352,-0.009861236438,0.002971821465,0.001747321803,phone,user4,stand
57.21244096,4.268972626,8.747808838,-1.282682648,-0.00347703672,-0.008294410072,0.003618676914,phone,user4,stand
57.23250696,4.244573364,8.736881561,-1.276994476,0.002311418299,-0.008078622632,0.005834020209,phone,user4,stand
57.25257396,4.249213715,8.732690277,-1.267713776,0.003397913417,0.005567342974,0.004324681126,phone,user4,stand
57.27263996,4.260440369,8.752449188,-1.257385254,0.001583258389,0.009167024866,-0.0008201245219,phone,user4,stand
57.29270696,4.287683716,8.738079071,-1.282532959,-0.001014820067,0.005860811565,0.000226437347,phone,user4,stand
57.31277296,4.264032898,8.727151794,-1.29405899,0.001208893838,0.003248926019,0.001849829685,phone,user4,stand
57.33283958,4.255350952,8.733887787,-1.322649536,0.00128733716,0.001262551872,0.005834796466,phone,user4,stand
57.35290558,4.251309357,8.746611328,-1.306782532,0.0002529653721,0.004690838978,0.004261400551,phone,user4,stand
57.37297158,4.258195038,8.750652924,-1.300046539,-0.002233930165,0.004847006872,0.004075351171,phone,user4,stand
57.39303858,4.256698151,8.740623779,-1.267863464,-0.00607414823,0.003561484162,0.004510124214,phone,user4,stand
57.41310458,4.231400757,8.761131134,-1.285077667,-0.006628110539,0.005989396479,0.002032334218,phone,user4,stand
57.43317158,4.23574173,8.737330627,-1.273401947,-0.009341822937,0.002281659748,-0.0005251298426,phone,user4,stand
57.45323758,4.268673248,8.725804596,-1.2952565,-0.001809265465,0.005614910275,-0.003899050178,phone,user4,stand
57.47330458,4.285438385,8.735684052,-1.296004944,0.001780332299,0.002367974957,-0.005607955158,phone,user4,stand
57.49337058,4.327500916,8.702602844,-1.27070755,0.0006467187777,0.005617692135,-0.001800944679,phone,user4,stand
57.51343758,4.319567413,8.698561249,-1.290915527,-0.004037624225,0.005493484437,0.004238096997,phone,user4,stand
57.53350358,4.276007996,8.756490784,-1.248553619,-0.003624984296,-0.0008663333138,0.008315788582,phone,user4,stand
57.55356958,4.22870636,8.804391174,-1.274000702,-0.001476321137,6.346730515e-05,0.005993763916,phone,user4,stand
57.57363658,4.226610718,8.78388382,-1.23208786,-0.003048365004,0.01475358475,-0.002623358276,phone,user4,stand
57.59370258,4.220623169,8.73822876,-1.260678406,-0.007023419254,0.02111708745,-0.004394162446,phone,user4,stand
57.61376958,4.253105621,8.743467865,-1.279838562,-0.01061169151,0.01492098346,-0.003984882031,phone,user4,stand
57.63383558,4.286935272,8.748257904,-1.291065216,-0.009715934284,0.0005543978186,-0.0002216757275,phone,user4,stand
57.65390258,4.27780426,8.704099731,-1.265767822,-0.007370675448,-0.007122419775,0.003043315839,phone,user4,stand
57.67396858,4.246519318,8.713530121,-1.266366577,-0.007508139126,-0.003195001511,0.006694456097,phone,user4,stand
57.69403558,4.235292664,8.748108215,-1.235081635,-0.009894844145,0.00409865519,0.005443999544,phone,user4,stand
57.71410158,4.247866516,8.787176971,-1.247206421,-0.0099099949,-0.002899740823,-0.0008159549907,phone,user4,stand
57.73416858,4.252357178,8.778794403,-1.234333191,-0.007386360317,-0.005536179058,-0.003635992063,phone,user4,stand
57.75423458,4.276756439,8.741970978,-1.227297821,-0.004490201361,0.003716896288,-0.00369183463,phone,user4,stand
57.77430058,4.285887451,8.719667358,-1.26367218,-0.01161059737,0.01038127393,0.001722240122,phone,user4,stand
57.79436758,4.323309631,8.721912689,-1.237626343,-0.012254606,0.01642802916,0.008330283687,phone,user4,stand
57.81443358,4.292623444,8.728049927,-1.266516266,-0.01082503423,0.003351854626,0.01189609524,phone,user4,stand
57.83450058,4.234843597,8.752598877,-1.241368561,-0.005893012509,-0.00663321605,0.01318312064,phone,user4,stand
57.85456658,4.200265503,8.763077087,-1.222807159,-0.004288347438,0.0003403139417,0.005246362649,phone,user4,stand
57.87463358,4.214934998,8.777896271,-1.228195953,-0.00970757287,0.01429934148,-0.004903838038,phone,user4,stand
57.89469958,4.257446594,8.722511444,-1.244661713,-0.01129227504,0.0198858995,-0.00498800166,phone,user4,stand
57.91476658,4.284989319,8.715476074,-1.290466461,-0.007282375824,0.01212080009,-0.002405603649,phone,user4,stand
57.93483258,4.249363403,8.708440704,-1.294807434,-0.005924140569,-0.002870811615,-0.0001711419318,phone,user4,stand
57.95489858,4.257296906,8.714278564,-1.242266693,0.0002077873796,-0.01168640703,-0.001251053764,phone,user4,stand
57.97496558,4.246519318,8.743168488,-1.226998444,0.001118251355,-0.01102651376,-0.002761903452,phone,user4,stand
57.99503158,4.240831146,8.754095764,-1.204245758,-0.001237295568,-0.009255125187,-0.001395900035,phone,user4,stand
58.01509858,4.240232391,8.778345337,-1.225950623,-0.00628378801,-0.007210386451,-0.005572040565,phone,user4,stand
58.03516458,4.252806244,8.782536621,-1.260379028,-0.01156241447,-0.003300241893,-0.004243937321,phone,user4,stand
58.05523158,4.270918579,8.766968994,-1.266516266,-0.01904092915,-0.005350594874,-0.003950864077,phone,user4,stand
58.07529758,4.269870758,8.707542572,-1.246308289,-0.01851643622,-0.01578078791,-0.004532905295,phone,user4,stand
58.09536458,4.287384338,8.705297241,-1.226549377,-0.009443386458,-0.03043753468,-0.001265778672,phone,user4,stand
58.11543058,4.316723328,8.720565491,-1.216969299,-0.002447309904,-0.0321669057,0.000423762016,phone,user4,stand
58.13549658,4.296215973,8.730594635,-1.175355835,-0.007568472531,-0.03025782295,0.001315145055,phone,user4,stand
58.15556358,4.306843872,8.719817047,-1.127305756,-0.006121318787,-0.01226601284,-0.003100559814,phone,user4,stand
58.17562958,4.31298111,8.722212067,-1.129850464,-0.0001996876672,0.002810269129,-0.005731474608,phone,user4,stand
58.19569658,4.355792084,8.741970978,-1.143621826,0.00647398131,0.01744825393,-0.01114784088,phone,user4,stand
58.21576258,4.31881897,8.719068604,-1.191971283,0.01226420887,0.02440724149,-0.01067493111,phone,user4,stand
58.23582958,4.333488464,8.692424011,-1.188378754,0.01535333041,0.01882014796,-0.00780696515,phone,user4,stand
58.25589558,4.283492432,8.744665375,-1.192869415,0.01989479363,0.009430816397,-0.001506976085,phone,user4,stand
58.27596258,4.224215698,8.776399384,-1.197958832,0.01703184471,0.009481170215,-0.002367318142,phone,user4,stand
58.29602858,4.225263519,8.759933624,-1.14077774,0.01657782868,0.02988572605,-0.006581980735,phone,user4,stand
58.31609458,4.247118073,8.748257904,-1.193767548,0.01581059583,0.0413326174,-0.008371108212,phone,user4,stand
58.33616171,4.244124298,8.757538605,-1.294508057,0.01148245111,0.0340940021,-0.006271667778,phone,user4,stand
58.35622771,4.214186554,8.746910706,-1.325792999,0.01157086622,0.007029062137,-0.004288498312,phone,user4,stand
58.37629471,4.200714569,8.800050201,-1.288520508,0.0171981696,-0.009500466287,-0.002579580294,phone,user4,stand
58.39636071,4.192781067,8.790320435,-1.243314514,0.01645120606,-0.007932415232,-0.005102250725,phone,user4,stand
58.41642771,4.192930756,8.786877594,-1.215472412,0.01242520101,0.005805665161,-0.006327245384,phone,user4,stand
58.43649371,4.21703064,8.77684845,-1.210682373,0.00623279158,0.01463066228,-0.008160009049,phone,user4,stand
58.45656071,4.217928772,8.774902496,-1.275796967,-0.00158531894,0.007573041134,-0.003190367715,phone,user4,stand
58.47662671,4.214934998,8.78852417,-1.283880157,-0.0003103648778,-0.004407090135,-6.547616795e-05,phone,user4,stand
58.49669271,4.192781067,8.785231018,-1.300345917,0.001805225853,-0.01175484248,0.001720455242,phone,user4,stand
58.51675971,4.18888916,8.764723663,-1.263522491,-0.0003978381865,-0.005122635979,-0.002316387836,phone,user4,stand
58.53682571,4.213587799,8.748407593,-1.228046265,-0.002694430761,0.002403174993,-0.005793052725,phone,user4,stand
58.55689271,4.241878967,8.740474091,-1.26486969,-0.002472203458,-0.002190557774,-0.005117934197,phone,user4,stand
58.57695871,4.195026398,8.753646698,-1.286574554,0.0005619885633,-0.02094332129,-0.003598182928,phone,user4,stand
58.59702571,4.17841095,8.76981308,-1.296603699,0.001483295811,-0.02395856567,-0.001951724058,phone,user4,stand
58.61709171,4.190685425,8.774303741,-1.262175293,-0.0004278102424,-0.01877218112,-0.007792637683,phone,user4,stand
58.63715871,4.217330017,8.770561523,-1.219663696,-0.001679012319,-0.01448414102,-0.006435726304,phone,user4,stand
58.65722471,4.221221924,8.765023041,-1.251248016,-0.003672438208,-0.02253639325,-0.004863099195,phone,user4,stand
58.67729171,4.214186554,8.775351563,-1.263372803,-0.004976563156,-0.03404541686,0.001233393792,phone,user4,stand
58.69735771,4.232298889,8.764573975,-1.247056732,-0.006875664461,-0.03730835393,-0.001756889396,phone,user4,stand
58.71742371,4.260440369,8.763675842,-1.219663696,-0.01075010747,-0.02722034045,-0.00317852525,phone,user4,stand
58.73749071,4.238735504,8.735234985,-1.223555603,-0.01123359054,-0.01849837974,-0.00348808663,phone,user4,stand
58.75755671,4.284689941,8.743018799,-1.242416382,-0.007093315478,-0.02073071525,-0.001974422019,phone,user4,stand
58.77762371,4.270319824,8.758287048,-1.265318756,-0.006127581466,-0.02755662426,0.001297309762,phone,user4,stand
58.79768971,4.251009979,8.743018799,-1.238674164,-0.004928076174,-0.02448801138,0.003740028245,phone,user4,stand
58.81775671,4.227808228,8.732091522,-1.237776031,-0.005184005946,-0.02121898159,0.0006912415847,phone,user4,stand
58.83782271,4.234394531,8.752149811,-1.226100311,-0.003984904848,-0.01877708361,0.0001428893302,phone,user4,stand
58.85788971,4.239633636,8.769064636,-1.273252258,-0.004871659447,-0.01651578397,0.001088533318,phone,user4,stand
58.87795571,4.211342468,8.76038269,-1.304537201,-0.006962433457,-0.02490393445,-0.003585360479,phone,user4,stand
58.89802171,4.209546204,8.735684052,-1.274000702,-0.003672876628,-0.02274400555,-0.00534539111,phone,user4,stand
58.91808871,4.246369629,8.746910706,-1.235979767,-0.001695960527,-0.01894403994,-0.008661393076,phone,user4,stand
58.93815471,4.274660797,8.7615802,-1.261277161,-0.002854435472,-0.02073022164,-0.005750557873,phone,user4,stand
58.95822171,4.280798035,8.756341095,-1.30468689,-0.006097809412,-0.02452113479,-0.001303143799,phone,user4,stand
58.97828771,4.261188812,8.707841949,-1.244062958,-0.002132650232,-0.02375097759,0.004991425667,phone,user4,stand
58.99835471,4.243226166,8.752748566,-1.236578522,-0.001181509346,-0.01526169293,0.008976237848,phone,user4,stand
59.01842071,4.249513092,8.79675705,-1.226549377,-0.005286086351,-0.00782009773,0.009644566104,phone,user4,stand
59.03848771,4.233496399,8.78732666,-1.246308289,-0.005048298277,-0.004151829518,0.00455806125,phone,user4,stand
59.05855371,4.260739746,8.745413818,-1.266516266,-0.005249658134,0.00495635625,-0.005377911031,phone,user4,stand
59.07861971,4.292473755,8.722062378,-1.248553619,-0.0009206896648,0.01914754324,-0.005633042194,phone,user4,stand
59.09868671,4.320914612,8.705147552,-1.255738678,0.004708675202,0.02816997468,0.000241107773,phone,user4,stand
59.11875271,4.266727295,8.737330627,-1.295106812,0.008781618439,0.01966424286,0.004228102975,phone,user4,stand
59.13881971,4.208498383,8.725654907,-1.297052765,0.01342947874,0.009791885503,0.00398051925,phone,user4,stand
59.15888571,4.195774841,8.740324402,-1.267264709,0.01845136099,0.006599313114,0.001134528313,phone,user4,stand
59.17895271,4.176464996,8.783584442,-1.290915527,0.01413727738,0.006961643696,-0.0003947311779,phone,user4,stand
59.19901871,4.131259003,8.789122925,-1.310973816,0.006784392986,0.002041884232,-0.002850586781,phone,user4,stand
59.21908571,4.14562912,8.802295532,-1.296753387,0.00715665333,-0.002116323449,-0.005194489844,phone,user4,stand
59.23915171,4.187092896,8.7814888,-1.310824127,0.005533554591,0.00250918488,-0.009020362981,phone,user4,stand
59.25921771,4.225263519,8.761729889,-1.2952565,0.004351180047,0.006748943124,-0.01117251161,phone,user4,stand
59.27928471,4.252656555,8.732839966,-1.316512299,0.004677977413,0.001990796998,-0.007077297196,phone,user4,stand
59.29935071,4.2427771,8.729546814,-1.342707825,0.004380930215,-0.01059839688,-0.002886659466,phone,user4,stand
59.31941762,4.183799744,8.747359772,-1.316961365,0.008206227794,-0.02378184721,-0.004992904607,phone,user4,stand
59.33948362,4.159101105,8.757089539,-1.271156616,0.01199305058,-0.02494454384,-0.008228871971,phone,user4,stand
59.35955062,4.206851807,8.781937866,-1.241667938,0.01470278855,-0.01520116534,-0.01387653872,phone,user4,stand
59.37961662,4.249213715,8.773704987,-1.241667938,0.01279524155,-0.009051682428,-0.0107439924,phone,user4,stand
59.39968362,4.230652313,8.77445343,-1.275796967,0.008589798585,-0.003604367608,-0.008543657139,phone,user4,stand
59.41974962,4.227209473,8.792266388,-1.302740936,0.00334934704,-0.004349536262,-0.00789801497,phone,user4,stand
59.43981662,4.205953674,8.796457672,-1.30109436,0.001596070593,-0.009664123878,-0.00742566213,phone,user4,stand
59.45988263,4.207151184,8.766669617,-1.315314789,0.005165619776,-0.01082294621,-0.003907174338,phone,user4,stand
59.47994862,4.220174103,8.760682068,-1.291364594,0.003935336135,-0.003927031066,0.002046783455,phone,user4,stand
59.50001562,4.235891418,8.790769501,-1.29405899,-0.002348385286,0.0002296032035,0.003382009221,phone,user4,stand
59.52008162,4.191433868,8.762029266,-1.309925995,-0.006495509297,-0.0001277411939,0.003233616007,phone,user4,stand
59.54014862,4.171225891,8.735684052,-1.334924011,-0.006314665079,-0.01103483327,0.0009426514152,phone,user4,stand
59.56021462,4.188440094,8.787027283,-1.316063232,0.002133055823,-0.01179935131,-0.002192348475,phone,user4,stand
59.58028162,4.201313324,8.77101059,-1.32684082,0.002185764024,-0.009983166121,0.00103382091,phone,user4,stand
59.60034762,4.211492157,8.734785919,-1.296304321,0.0002954208758,-0.003757792525,0.0005940506235,phone,user4,stand
59.62041462,4.237238617,8.733588409,-1.285377045,0.00401760824,0.003851911053,0.001667395001,phone,user4,stand
59.64048062,4.230802002,8.763376465,-1.348246307,0.002616229933,0.001076007611,0.002524948912,phone,user4,stand
59.66054663,4.228107605,8.763675842,-1.342408447,0.007529569324,-0.004092083313,0.001272503752,phone,user4,stand
59.68061362,4.177363129,8.746761017,-1.312919769,0.01179956086,-0.00502201356,0.001315372763,phone,user4,stand
59.70067962,4.211342468,8.777746582,-1.259929962,0.01251452044,0.005088577978,0.0006610958371,phone,user4,stand
59.72074663,4.220024414,8.80259491,-1.259929962,0.008226469159,0.01940214075,0.002986811334,phone,user4,stand
59.74081262,4.181404724,8.791368256,-1.291214905,0.005344082601,0.0265506506,0.001153170597,phone,user4,stand
59.76087962,4.150868225,8.766070862,-1.358724518,0.005377395079,0.03289012983,-0.001886044745,phone,user4,stand
59.78094562,4.167932739,8.776698761,-1.381177826,0.008813861758,0.02920453995,-0.003174788784,phone,user4,stand
59.80101262,4.198768616,8.765322418,-1.369352417,0.01206657849,0.02410271764,0.001306560589,phone,user4,stand
59.82107862,4.188589783,8.771459656,-1.366807709,0.006007353775,0.006800427102,0.009422011673,phone,user4,stand
59.84114462,4.130809937,8.786578217,-1.351240082,-0.0005125969183,-0.009457372129,0.01255894918,phone,user4,stand
59.86121163,4.096980286,8.780740356,-1.374741211,-0.008249854669,-0.01508237887,0.00889237877,phone,user4,stand
59.88127762,4.122127991,8.777746582,-1.369202728,-0.01236155629,-0.01178772841,-0.001127286348,phone,user4,stand
59.90134462,4.210594025,8.764124908,-1.346300354,-0.009299443103,-0.009642938152,-0.009007163346,phone,user4,stand
59.92141063,4.279600525,8.734935608,-1.332828369,-0.005694576073,-0.01130986679,-0.01059377473,phone,user4,stand
59.94147762,4.315076752,8.717871094,-1.354533234,-0.006711380556,-0.02232713439,-0.005710958503,phone,user4,stand
59.96154362,4.317022705,8.711584167,-1.330283661,-0.006752771325,-0.03096341714,-0.001218656544,phone,user4,stand
59.98161063,4.299359436,8.721912689,-1.290915527,-0.004611539654,-0.02878819965,0.002197701251,phone,user4,stand
60.00167662,4.277953949,8.757239227,-1.25903183,-0.001107024262,-0.01457946654,0.001556275412,phone,user4,stand
60.02174262,4.245621185,8.774603119,-1.260379028,-0.001439016545,-0.002334322315,0.001862203935,phone,user4,stand
60.04180962,4.241280212,8.749605103,-1.268013153,-0.00707770139,-0.002800816204,0.004374881275,phone,user4,stand
60.06187563,4.214485931,8.750503235,-1.283730469,-0.00926111266,-0.003387355246,0.00898171775,phone,user4,stand
60.08194262,4.241878967,8.764274597,-1.280437317,-0.008890707046,-0.0005301966448,0.007610043511,phone,user4,stand
60.10200862,4.223467255,8.752000122,-1.284478912,-0.009380390868,-0.0004979349324,0.005399924703,phone,user4,stand
60.12207563,4.229754181,8.749156036,-1.281634827,-0.009731419384,0.004230385646,0.001768901246,phone,user4,stand
60.14214162,4.237388306,8.744515686,-1.303938446,-0.006003943272,0.005309418309,0.002397326753,phone,user4,stand
60.16220862,4.21463562,8.766070862,-1.331930237,-0.001730340533,0.004737261217,0.007125127595,phone,user4,stand
60.18227462,4.196672974,8.763675842,-1.297801208,0.002820273861,0.002208830789,0.004878618754,phone,user4,stand
60.20234162,4.234843597,8.751551056,-1.274749146,0.0008193235844,0.01276195236,0.005229169969,phone,user4,stand
60.22240762,4.233795776,8.765771484,-1.287921753,-0.002438063268,0.01753086597,0.005676893517,phone,user4,stand
60.24247362,4.186793518,8.771908722,-1.335373077,-0.002064567525,0.007737844717,0.005533090327,phone,user4,stand
60.26254062,4.153562622,8.770112457,-1.363215179,0.0006202365039,-0.0008383580716,0.003343838966,phone,user4,stand
60.28260662,4.157903595,8.753946075,-1.325044556,0.003370195627,-6.876233965e-05,-0.002564814175,phone,user4,stand
60.30267362,4.217180328,8.750503235,-1.268162842,-0.001621681731,0.01196212135,-0.006569197401,phone,user4,stand
60.32273971,4.267026672,8.743018799,-1.27654541,-0.003182588145,0.01607451215,-0.006468962878,phone,user4,stand
60.34280671,4.269122314,8.718918915,-1.306034088,0.0001482313965,0.005354727153,-0.002013578545,phone,user4,stand
60.36287271,4.254153442,8.757688293,-1.324445801,0.008952035569,-0.002700277604,0.0001729230862,phone,user4,stand
60.38293871,4.230652313,8.750353546,-1.332229614,0.008908692747,-0.0001061197254,-0.001263454324,phone,user4,stand
60.40300571,4.254003754,8.750952301,-1.259480896,0.004800941329,0.009043105878,-0.002144278027,phone,user4,stand
60.42307171,4.274660797,8.751251678,-1.246457977,0.003641057061,0.01846109889,-0.002146630082,phone,user4,stand
60.44313871,4.244124298,8.748856659,-1.297052765,0.001149481861,0.01281064935,-0.0001339431619,phone,user4,stand
60.46320471,4.238286438,8.764723663,-1.31636261,0.001169577357,0.007630222943,0.0015340026,phone,user4,stand
60.48327171,4.230802002,8.76397522,-1.302890625,-5.518714897e-05,0.0007660156116,0.005458421074,phone,user4,stand
60.50333771,4.192631378,8.750503235,-1.280736694,-0.001478210092,0.003934014589,0.005277654622,phone,user4,stand
60.52340471,4.236340485,8.761280823,-1.23448288,0.00109856308,0.01758394577,0.002517881338,phone,user4,stand
60.54347071,4.258195038,8.759933624,-1.257534943,0.002017963212,0.01719753072,0.002557783853,phone,user4,stand
60.56353771,4.228406982,8.732091522,-1.308429108,0.003197813174,0.01499060635,0.003559702542,phone,user4,stand
60.58360371,4.170477448,8.765771484,-1.323697357,0.004037850071,0.00894630421,0.002654715208,phone,user4,stand
60.60366971,4.170776825,8.773405609,-1.303190002,0.001363333082,0.002241925336,0.001946071163,phone,user4,stand
60.62373671,4.195475464,8.784332886,-1.283131714,-0.001882751472,0.006026487332,0.001011353452,phone,user4,stand
60.64380271,4.196373596,8.784781952,-1.298399963,-0.005298901815,0.005502662156,-0.001525930362,phone,user4,stand
60.66386971,4.207151184,8.756341095,-1.317859497,-0.004892599769,0.005640218034,-0.002424770501,phone,user4,stand
60.68393571,4.216431885,8.731343079,-1.338965607,-0.002168508712,-0.0008825513651,-0.0005410031881,phone,user4,stand
60.70400271,4.233795776,8.755442963,-1.327289886,0.0006862599403,-0.006103517488,0.0002774912864,phone,user4,stand
60.72406871,4.241130524,8.773106232,-1.301393738,-0.0003020623699,-0.009799245745,-0.0009405368473,phone,user4,stand
60.74413571,4.2321492,8.757837982,-1.29061615,-0.004990582354,-0.006758273579,-0.001487002475,phone,user4,stand
60.76420171,4.230652313,8.745713196,-1.292113037,-0.004618925042,0.002075979253,-0.001323044533,phone,user4,stand
60.78426771,4.229005737,8.735684052,-1.303190002,-0.006423530634,0.003869170323,-0.00200052117,phone,user4,stand
60.80433471,4.248016205,8.755442963,-1.32220047,-0.001719298773,-0.003211551346,0.002309522824,phone,user4,stand
60.82440071,4.253704376,8.763077087,-1.312770081,0.0001666031312,-0.01558594592,0.002952235751,phone,user4,stand
60.84446771,4.248016205,8.749156036,-1.262923737,-0.006957112346,-0.008838652633,0.006422616076,phone,user4,stand
60.86453371,4.240980835,8.756640472,-1.235081635,-0.008709274232,0.009608228691,0.005006842315,phone,user4,stand
60.88460071,4.208648071,8.750054169,-1.29061615,-0.009424919263,0.005000446457,0.002139541088,phone,user4,stand
60.90466671,4.191433868,8.756341095,-1.314416656,-0.005270843394,-0.004610062577,0.002661561361,phone,user4,stand
60.92473371,4.187392273,8.763376465,-1.319655762,0.0006875145482,-0.006540316623,-0.001286623767,phone,user4,stand
60.94479971,4.236041107,8.738677826,-1.281634827,-0.002540837042,-0.0002640497405,-0.0006239806535,phone,user4,stand
60.96486671,4.264481964,8.750054169,-1.238374786,-0.006614141632,0.006201839074,-0.002102035098,phone,user4,stand
60.98493271,4.233047333,8.7522995,-1.272803192,-0.009583402425,-0.003016762435,0.0004840402398,phone,user4,stand
61.00499871,4.205354919,8.741970978,-1.302591248,-0.005994930863,-0.008100011386,2.137385309e-05,phone,user4,stand
61.02506571,4.212390289,8.751401367,-1.301842804,-0.0008582752198,-0.008706893772,-0.001602410222,phone,user4,stand
61.04513171,4.258494415,8.778195648,-1.268611908,-0.002525123302,0.0003588955733,-0.0008089843905,phone,user4,stand
61.06519871,4.255201263,8.757688293,-1.274449768,-0.00850496348,-0.004337264225,0.001165647293,phone,user4,stand
61.08526471,4.255500641,8.742120667,-1.244661713,-0.01038353425,-0.0008359160274,0.001223688247,phone,user4,stand
61.10533171,4.22631134,8.732091522,-1.296903076,-0.01133571472,0.002771470929,0.003807728644,phone,user4,stand
61.12539771,4.22406601,8.740773468,-1.30109436,-0.01018412132,-0.0004963147803,0.004874290898,phone,user4,stand
61.14546471,4.220024414,8.765472107,-1.302441559,-0.006412660237,-0.009395418689,0.004637705162,phone,user4,stand
61.16553071,4.220024414,8.753946075,-1.260079651,-0.0003222334199,-0.01548505854,0.001571127679,phone,user4,stand
61.18559671,4.229454803,8.750952301,-1.203796692,0.0004466213286,-0.006810077,-0.000799884554,phone,user4,stand
61.20566371,4.237837372,8.746461639,-1.229992218,-0.006098891143,0.008874314837,-0.003387761768,phone,user4,stand
61.22572971,4.256997528,8.735534363,-1.278191986,-0.007806098089,0.01464676205,-0.002056987956,phone,user4,stand
61.24579671,4.259691925,8.763226776,-1.315913544,-0.001237460179,0.002910029143,-0.0008444198174,phone,user4,stand
61.26586271,4.246519318,8.733139343,-1.289119263,0.003031998873,-0.01294638682,-0.001195698511,phone,user4,stand
61.28592971,4.238136749,8.768316193,-1.222657471,0.0009301307146,-0.009442581795,0.0007617694791,phone,user4,stand
61.30599571,4.223916321,8.762927399,-1.201102295,-0.002710901899,0.003610595595,0.001037207665,phone,user4,stand
61.32606258,4.2427771,8.766819305,-1.252146149,-0.003227914218,0.0150324991,-0.004342399538,phone,user4,stand
61.34612858,4.270619202,8.731941833,-1.285377045,0.0007994947955,0.01466988586,-0.004882327747,phone,user4,stand
61.36619458,4.258644104,8.729546814,-1.287023621,0.004471387714,0.0040443982,-0.004113693256,phone,user4,stand
61.38626158,4.23918457,8.752449188,-1.2753479,0.009184817784,0.002900142688,-0.001104963827,phone,user4,stand
61.40632758,4.205803986,8.76277771,-1.26951004,0.002517306013,-0.002258192748,-6.516347639e-05,phone,user4,stand
61.42639458,4.214186554,8.780141602,-1.240470428,-0.002165597398,-0.00259538088,0.0001035949681,phone,user4,stand
61.44646058,4.212839355,8.775950317,-1.262774048,0.000187639147,0.001778865699,-0.003225138877,phone,user4,stand
61.46652758,4.222120056,8.760831757,-1.265318756,-0.001555522205,0.005184561014,-0.002872810932,phone,user4,stand
61.48659358,4.2228685,8.740474091,-1.279838562,-0.002449271269,0.0007656133384,-0.002255135216,phone,user4,stand
61.50666058,4.222419434,8.753946075,-1.285676422,-0.005377324298,-0.01450299285,-0.001468767645,phone,user4,stand
61.52672658,4.204756165,8.755592651,-1.242715759,-0.003703771858,-0.01643369533,0.001195176039,phone,user4,stand
61.54679358,4.216880951,8.76397522,-1.23672821,-0.002703821287,-0.009099587798,0.0006283235271,phone,user4,stand
61.56685958,4.279600525,8.768914948,-1.241368561,-0.00423122244,-0.004624483641,0.0008447121363,phone,user4,stand
61.58692558,4.255350952,8.757239227,-1.275946655,-0.004212511703,-0.006647855043,0.002916859696,phone,user4,stand
61.60699258,4.250411224,8.769064636,-1.280137939,-0.004484977573,-0.003584073391,-0.001913823304,phone,user4,stand
61.62705858,4.246818695,8.722810822,-1.285077667,-0.003097607754,0.005170024931,-0.00359675847,phone,user4,stand
61.64712558,4.280648346,8.717721405,-1.240620117,0.00738824904,0.01679571904,-0.005081063136,phone,user4,stand
61.66719158,4.27436142,8.719966736,-1.260678406,0.01520184614,0.01166441757,-0.003845543601,phone,user4,stand
61.68725858,4.245770874,8.73463623,-1.26022934,0.01097736042,-0.0001113924664,0.0003149511758,phone,user4,stand
61.70732458,4.207450562,8.759933624,-1.244512024,0.008877661079,0.002777274,-0.0004018255277,phone,user4,stand
61.72739158,4.186194763,8.771459656,-1.280587006,0.007487773895,0.009969462641,-0.004070168361,phone,user4,stand
61.74745758,4.171974335,8.774004364,-1.273701324,0.009532313794,0.01531857904,-0.008066881448,phone,user4,stand
61.76752358,4.23454422,8.782386932,-1.290915527,0.01233272627,0.02029852197,-0.009472027421,phone,user4,stand
61.78759058,4.23918457,8.77445343,-1.289119263,0.008125536144,0.01186273154,-0.007278875448,phone,user4,stand
61.80765658,4.218078461,8.759933624,-1.279688873,0.005075055175,0.00399349397,-0.003216779092,phone,user4,stand
61.82772358,4.218677216,8.770860901,-1.289119263,0.002696657088,-0.001088844729,-0.002312597353,phone,user4,stand
61.84778958,4.223018188,8.745114441,-1.284179535,0.001395385712,-0.005900827702,-0.00225690729,phone,user4,stand
61.86785658,4.221820679,8.768316193,-1.278341675,0.003647887381,0.00377603434,-0.004243891686,phone,user4,stand
61.88792258,4.237987061,8.747060394,-1.285826111,0.004412726965,0.003115449799,-0.004359541461,phone,user4,stand
61.90798958,4.228406982,8.75693985,-1.292861481,0.006820006296,0.002546780976,-0.003473273013,phone,user4,stand
61.92805558,4.22990387,8.765472107,-1.284628601,0.007034511771,-0.002622992732,-0.003166202456,phone,user4,stand
61.94812158,4.208648071,8.772956543,-1.292412415,0.003579440992,-0.006989325862,-0.005789762828,phone,user4,stand
61.96818858,4.232298889,8.753047943,-1.270857239,0.00764088938,-0.003098458285,-0.005869561806,phone,user4,stand
61.98825458,4.260739746,8.746761017,-1.278491364,0.009327735752,0.007309175096,-0.008075191639,phone,user4,stand
62.00832158,4.267924805,8.713380432,-1.281485138,0.01247811038,0.01219363324,-0.008390768431,phone,user4,stand
62.02838758,4.286635895,8.732241211,-1.28118576,0.01621515304,0.02041254379,-0.01251358446,phone,user4,stand
62.04845458,4.282145233,8.726702728,-1.257534943,0.02016726136,0.02533873729,-0.01007872727,phone,user4,stand
62.06852058,4.255350952,8.737330627,-1.29181366,0.02068717778,0.02296113409,-0.006057497114,phone,user4,stand
62.08858758,4.233795776,8.777596893,-1.286574554,0.01981765591,0.03688594326,-0.003075194545,phone,user4,stand
62.10865358,4.233496399,8.75110199,-1.313668213,0.02022317611,0.04552449286,-0.003477382939,phone,user4,stand
62.12872058,4.206851807,8.77101059,-1.327439575,0.01786991768,0.03729513288,-2.238876186e-05,phone,user4,stand
62.14878658,4.176614685,8.77445343,-1.332229614,0.01552371867,0.02189345472,0.004114799667,phone,user4,stand
62.16885258,4.172722778,8.781039734,-1.273401947,0.01860110089,0.01277785189,0.002366192406,phone,user4,stand
62.18891958,4.151766357,8.794062653,-1.262324982,0.01811825484,0.01792730205,-0.001573513262,phone,user4,stand
62.20898558,4.151017914,8.763226776,-1.243314514,0.01604618877,0.02549736388,-0.00848502852,phone,user4,stand
62.22905258,4.203408966,8.777896271,-1.275946655,0.01794499718,0.04071670398,-0.01391892787,phone,user4,stand
62.24911858,4.254752197,8.733438721,-1.335522766,0.02192819118,0.05422066525,-0.01866816543,phone,user4,stand
62.26918558,4.285588074,8.705746307,-1.370400238,0.0272523798,0.04973693192,-0.0176719632,phone,user4,stand
62.28925158,4.28139679,8.682843933,-1.333726501,0.0329640843,0.0319516398,-0.01472386159,phone,user4,stand
62.30931858,4.285139008,8.714877319,-1.287772064,0.04210519418,0.02885258943,-0.01128852367,phone,user4,stand
62.32938412,4.263134766,8.73119339,-1.304836578,0.0373117961,0.03534383699,-0.008186841384,phone,user4,stand
62.34945012,4.245920563,8.759185181,-1.288670197,0.03645890206,0.04748434201,-0.004693032242,phone,user4,stand
62.36951713,4.17137558,8.777147827,-1.320853271,0.03796928003,0.0482461676,-0.005578956567,phone,user4,stand
62.38958312,4.128265228,8.762178955,-1.297501831,0.04060997814,0.04961410537,-0.0165434815,phone,user4,stand
62.40965012,4.19831955,8.776698761,-1.272952881,0.05159626529,0.06207109615,-0.02795837447,phone,user4,stand
62.42971612,4.248764648,8.776100006,-1.292711792,0.05837490782,0.07825099677,-0.03736996278,phone,user4,stand
62.44978312,4.262386322,8.738378448,-1.350641327,0.05873387307,0.09215955436,-0.03522122651,phone,user4,stand
62.46984912,4.22631134,8.687334595,-1.419049072,0.05509655178,0.07812266052,-0.02527726442,phone,user4,stand
62.48991612,4.189787292,8.704848175,-1.411564636,0.05616020039,0.05031087995,-0.01937123947,phone,user4,stand
62.50998213,4.179458771,8.783285065,-1.326242065,0.06081282347,0.04194808006,-0.01868483052,phone,user4,stand
62.53004812,4.164190521,8.838669891,-1.298250275,0.06010368466,0.05333787575,-0.02068179101,phone,user4,stand
62.55011512,4.145479431,8.852291565,-1.3350737,0.04999405891,0.07249825448,-0.02353057265,phone,user4,stand
62.57018113,4.085304565,8.802445221,-1.409768372,0.03666703776,0.07364840806,-0.02008833922,phone,user4,stand
62.59024812,4.083208923,8.811426544,-1.45213028,0.029113153,0.05027957633,-0.01685208827,phone,user4,stand
62.61031412,4.120481415,8.821904755,-1.407822418,0.02957076021,0.0286317803,-0.01698670909,phone,user4,stand
62.63038112,4.154460754,8.797505493,-1.357077942,0.02872486785,0.0150089059,-0.01390618272,phone,user4,stand
62.65044712,4.210893402,8.777147827,-1.347348175,0.02227730677,0.02083572,-0.009922329336,phone,user4,stand
62.67051412,4.240531769,8.752898254,-1.387614441,0.01482064463,0.02597901039,-0.001369714388,phone,user4,stand
62.69058012,4.199067993,8.739126892,-1.400337982,0.007661604788,0.02321048826,0.0003572886344,phone,user4,stand
62.71064712,4.197421417,8.78972168,-1.375639343,0.009421765804,0.01098632254,0.004766906146,phone,user4,stand
62.73071312,4.202361145,8.832233276,-1.348695374,0.01194380596,0.004888011143,0.007231827825,phone,user4,stand
62.75077912,4.15969986,8.813222809,-1.33971405,0.005931212101,0.009221895598,0.00824709516,phone,user4,stand
62.77084613,4.109703827,8.768316193,-1.299597473,0.003725547809,0.02583347075,0.00998384878,phone,user4,stand
62.79091212,4.101021881,8.794960785,-1.330133972,0.004515693989,0.02831894346,0.00748111587,phone,user4,stand
62.81097912,4.079167328,8.837771759,-1.344055023,0.005004044622,0.01246487256,0.00862791948,phone,user4,stand
62.83104512,4.043691101,8.841513977,-1.347497864,0.005111732986,0.002635509474,0.0005134711973,phone,user4,stand
62.85111212,4.080664215,8.770411835,-1.337019653,0.000968068256,0.01170182135,-0.006117418408,phone,user4,stand
62.87117812,4.128564606,8.770112457,-1.378034363,-0.002307082526,0.01553008705,-0.009011559188,phone,user4,stand
62.89124512,4.155658264,8.774752808,-1.413061523,-0.005217385013,0.004635627847,-0.0006668100832,phone,user4,stand
62.91131112,4.186045074,8.783434753,-1.446292419,-0.003933936357,-0.01972296834,0.005630453117,phone,user4,stand
62.93137712,4.149970093,8.779393158,-1.399739227,0.0001540903468,-0.04365995526,0.00519240275,phone,user4,stand
62.95144412,4.164938965,8.795110474,-1.320104828,-0.0006957007572,-0.0392454043,0.0008746038657,phone,user4,stand
62.97151013,4.208648071,8.76861557,-1.281485138,-0.01119530946,-0.0171644371,0.003607868217,phone,user4,stand
62.99157712,4.206552429,8.782536621,-1.359922028,-0.02232967317,-0.01702923328,0.01171023864,phone,user4,stand
63.01164312,4.185146942,8.807384949,-1.413660278,-0.02529941313,-0.03244675323,0.01622503996,phone,user4,stand
63.03171013,4.136049042,8.78268631,-1.436562653,-0.02279750071,-0.04572756961,0.01634344459,phone,user4,stand
63.05177612,4.151616669,8.764873352,-1.36546051,-0.01968786679,-0.04637907818,0.01466522738,phone,user4,stand
63.07184312,4.179907837,8.740773468,-1.306333466,-0.01941087469,-0.03321924433,0.01108272653,phone,user4,stand
63.09190912,4.210144958,8.749006348,-1.310075684,-0.01836853474,-0.0211274866,0.007350408472,phone,user4,stand
63.11197612,4.221371613,8.76038269,-1.376537476,-0.01867520995,-0.01914028265,0.00674108509,phone,user4,stand
63.13204212,4.193679199,8.713081055,-1.382974091,-0.01379411947,-0.03812923655,0.008714988828,phone,user4,stand
63.15210812,4.171974335,8.720415802,-1.384021912,-0.007101389579,-0.04669368267,0.01410481706,phone,user4,stand
63.17217513,4.177961884,8.772357788,-1.331032104,-0.005089093931,-0.04244670272,0.0128311161,phone,user4,stand
63.19224112,4.263883209,8.832233276,-1.320853271,-0.005698981695,-0.01110112015,0.002672503935,phone,user4,stand
63.21230812,4.278103638,8.787775726,-1.395547943,-0.01492187381,0.009774736129,0.003942808136,phone,user4,stand
63.23237413,4.226011963,8.704548798,-1.451082458,-0.02392283641,-0.006914799102,0.01635251567,phone,user4,stand
63.25244112,4.219575348,8.727002106,-1.441652069,-0.01924754679,-0.02146561071,0.0289381966,phone,user4,stand
63.27250712,4.218377838,8.794511719,-1.403930511,-0.0158827398,-0.01642354578,0.03051138856,phone,user4,stand
63.29257413,4.218527527,8.850644989,-1.387614441,-0.01640159637,-0.002890998032,0.02312320657,phone,user4,stand
63.31264012,4.18769165,8.788973236,-1.393901367,-0.02129404061,-0.01098762453,0.02564039454,phone,user4,stand
63.33270671,4.135599976,8.775201874,-1.435814209,-0.03529854119,-0.0190724507,0.03208684549,phone,user4,stand
63.35277371,4.122127991,8.808732147,-1.435065765,-0.05024029687,-0.01371717826,0.03119615279,phone,user4,stand
63.37283971,4.163442078,8.788224792,-1.419049072,-0.05291401967,-0.01151942648,0.0279385224,phone,user4,stand
63.39290671,4.176464996,8.767867126,-1.423539734,-0.04819107801,-0.02900727652,0.03004573472,phone,user4,stand
63.41297271,4.18769165,8.755592651,-1.412911835,-0.04813732579,-0.04397548735,0.03290679678,phone,user4,stand
63.43303971,4.154909821,8.753497009,-1.389111328,-0.05372241139,-0.0538841486,0.0377003327,phone,user4,stand
63.45310571,4.148173828,8.750952301,-1.36665802,-0.05822420865,-0.05632597953,0.03381032869,phone,user4,stand
63.47317271,4.206552429,8.772806854,-1.344803467,-0.05803929642,-0.0648560077,0.03061839193,phone,user4,stand
63.49323871,4.233197021,8.752149811,-1.320703583,-0.05725826323,-0.07511211932,0.03022562154,phone,user4,stand
63.51330571,4.232448578,8.72535553,-1.294807434,-0.06124121323,-0.07049099356,0.02588036284,phone,user4,stand
63.53337171,4.278552704,8.767268372,-1.286424866,-0.06152935326,-0.05196332186,0.02138723806,phone,user4,stand
63.55343771,4.280348969,8.731941833,-1.348246307,-0.0653597489,-0.05057222769,0.02108530886,phone,user4,stand
63.57350471,4.284091187,8.689879303,-1.342408447,-0.06255397946,-0.05441010371,0.022737436,phone,user4,stand
63.59357071,4.279450836,8.689879303,-1.312021637,-0.05557480454,-0.06243279576,0.02303637378,phone,user4,stand
63.61363771,4.282594299,8.726852417,-1.287772064,-0.05569983274,-0.07395301759,0.0252149161,phone,user4,stand
63.63370371,4.289929047,8.762628021,-1.288819885,-0.05674156174,-0.07441657782,0.02277939208,phone,user4,stand
63.65377071,4.244273987,8.7124823,-1.28238327,-0.05969239026,-0.06428876519,0.02131015807,phone,user4,stand
63.67383671,4.28019928,8.678652649,-1.25903183,-0.05838184804,-0.0514160879,0.01624330133,phone,user4,stand
63.69390271,4.318070526,8.677604828,-1.274599457,-0.04592118785,-0.04208784923,0.01239922177,phone,user4,stand
63.71396971,4.357738037,8.70305191,-1.260977783,-0.03822438791,-0.04680354521,0.01018764637,phone,user4,stand
63.73403571,4.348157959,8.704698486,-1.252595215,-0.03905493766,-0.05108661205,0.008686622605,phone,user4,stand
63.75410271,4.337380371,8.703351288,-1.241218872,-0.04166436568,-0.04463161156,0.006365814246,phone,user4,stand
63.77416871,4.349654846,8.68673584,-1.236428833,-0.04282110557,-0.03085447289,0.005573866423,phone,user4,stand
63.79423571,4.358636169,8.702752533,-1.255439301,-0.03754528239,-0.03801697493,0.00691595301,phone,user4,stand
63.81430171,4.349954224,8.72535553,-1.219813385,-0.03708862513,-0.05133708194,0.006951598916,phone,user4,stand
63.83436871,4.40653656,8.712033234,-1.114133148,-0.03015781567,-0.04880518839,-0.003251635702,phone,user4,stand
63.85443471,4.504283295,8.670868835,-1.033301239,-0.02160693891,-0.01821398921,-0.01285579335,phone,user4,stand
63.87450171,4.578828278,8.634344788,-1.087338867,-0.01461840048,0.02638337761,-0.01697642729,phone,user4,stand
63.89456771,4.608466644,8.578061829,-1.126707001,-0.009559888393,0.05844125152,-0.01722611114,phone,user4,stand
63.91463471,4.615651703,8.522078247,-1.163231049,0.002277158434,0.07024586946,-0.0113148503,phone,user4,stand
63.93470071,4.601281586,8.548872528,-1.16308136,0.01378157828,0.06648688763,-0.002494609216,phone,user4,stand
63.95476671,4.512516174,8.55920105,-1.146166534,0.02169761062,0.06527323276,0.002730568638,phone,user4,stand
63.97483371,4.477189636,8.643775177,-1.125060425,0.02886257879,0.07923591882,0.002971318318,phone,user4,stand
63.99489971,4.411625977,8.700357513,-1.154998169,0.03212393448,0.1007403582,-0.005710798781,phone,user4,stand
64.01496671,4.329746246,8.757388916,-1.196162567,0.0354298465,0.1008987948,-0.00647264719,phone,user4,stand
64.03503271,4.20415741,8.759634247,-1.226848755,0.03589695692,0.08432855457,-0.001196552301,phone,user4,stand
64.05509971,4.168830872,8.760981445,-1.151705017,0.03691225126,0.07857039571,-0.003523332532,phone,user4,stand
64.07516571,4.189038849,8.813821564,-1.150357819,0.03550517932,0.09469348192,-0.01008030958,phone,user4,stand
64.09523271,4.223317566,8.863667908,-1.17939743,0.02082953975,0.1003776491,-0.01603938267,phone,user4,stand
64.11529871,4.202660522,8.819659424,-1.265917511,0.01044519246,0.08047310263,-0.01344501134,phone,user4,stand
64.13536471,4.134851532,8.779842224,-1.336869965,0.001708091935,0.04454971477,-0.00191374158,phone,user4,stand
64.15543171,4.064048767,8.788224792,-1.344803467,-0.007684416138,0.006350391544,0.006194565445,phone,user4,stand
64.17549771,4.030817871,8.848100281,-1.276395721,-0.01162693556,-0.01007429697,0.009250793606,phone,user4,stand
64.19556471,4.032913513,8.90782608,-1.212927704,-0.01738326438,-0.01533607394,0.005012841895,phone,user4,stand
64.21563071,4.05312149,8.894803162,-1.202299805,-0.0306312032,-0.02478195354,0.00426878687,phone,user4,stand
64.23569771,4.139491882,8.8903125,-1.223705292,-0.03322059661,-0.04410585016,-0.0143618891,phone,user4,stand
64.25576371,4.298610992,9.004225616,-1.297501831,-0.04859723523,-0.1220166683,-0.01894949004,phone,user4,stand
64.27583071,4.160148926,8.840466156,-1.280287628,-0.02809611894,-0.1634510607,-0.003103391733,phone,user4,stand
64.29589671,3.878584442,8.593330078,-1.36905304,-0.06583993882,-0.1157214567,0.04584988207,phone,user4,stand
64.31596271,3.942950592,8.944948883,-1.184935913,-0.1075178236,-0.04214012623,0.05615403131,phone,user4,stand
64.33602925,4.258793793,9.209598541,-1.137783966,-0.08407276124,-0.07128114998,-0.002119846642,phone,user4,stand
64.35609525,4.145329742,8.697363739,-1.220711517,-0.06027828902,-0.1534465998,-0.002240174916,phone,user4,stand
64.37616225,4.13155838,8.431217194,-1.257684631,-0.08735287935,-0.1280687004,0.02838713303,phone,user4,stand
64.39622825,4.156855774,8.636739807,-1.200653229,-0.1306265295,-0.08979321271,0.08616383374,phone,user4,stand
64.41629525,4.423601074,8.912915497,-1.102756805,-0.1312335283,-0.08240131289,0.05286379904,phone,user4,stand
64.43636125,4.249662781,9.012907562,-1.334924011,-0.1143079475,-0.1821191609,0.02319326438,phone,user4,stand
64.45642825,4.304299164,8.674910431,-1.146465912,-0.09773871303,-0.2261076868,0.01080326363,phone,user4,stand
64.47649425,4.327949982,8.478668518,-1.062041473,-0.06293535233,-0.1923192888,-0.01818139479,phone,user4,stand
64.49656025,4.436623993,8.511001282,-1.181493073,-0.09444525093,-0.127522096,0.004789636005,phone,user4,stand
64.51662725,4.574337616,8.80963028,-1.142873383,-0.1410264671,-0.128641054,0.04350761697,phone,user4,stand
64.53669325,4.726121979,8.780141602,-1.017883301,-0.07532569766,-0.1830437034,-0.005691009574,phone,user4,stand
64.55676025,4.572391663,8.587043152,-1.364861755,-0.1140669882,-0.1761137247,-0.03330637515,phone,user4,stand
64.57682625,4.416116638,8.337811432,-1.302142181,-0.210558027,-0.1948804557,-0.02533416077,phone,user4,stand
64.59689325,4.213737488,8.209528198,-0.8066725159,-0.1951928139,-0.2540964484,0.03303879499,phone,user4,stand
64.61695925,4.132306824,8.805139618,-0.9147477722,-0.1316123009,-0.2123473287,0.1220596954,phone,user4,stand
64.63702625,4.632716217,9.154213715,-0.8452922058,-0.06931246072,-0.0689939931,0.1061675623,phone,user4,stand
64.65709225,4.76923233,9.150770874,-0.8779243469,-0.005013726652,-0.1815830171,-0.042821493,phone,user4,stand
64.67715925,4.457730103,8.567733307,-0.7720944214,0.07013552636,-0.3509548306,-0.07142717391,phone,user4,stand
64.69722525,4.136647797,8.324339447,-0.7571255493,0.1197040901,-0.3228461742,-0.03033170849,phone,user4,stand
64.71729125,4.797822876,8.612939301,-1.207389221,0.07417681068,0.0008575465181,-0.05633045733,phone,user4,stand
64.73735825,4.910688171,8.839867401,-1.412013702,-0.07543349266,0.3412155211,-0.1753070652,phone,user4,stand
64.75742425,4.305197296,8.832832031,-1.196911011,-0.1298487037,0.3211758435,-0.1269800663,phone,user4,stand
64.77749125,4.788093109,8.650960236,-0.8425978088,-0.01567264087,0.2260728925,-0.1183699593,phone,user4,stand
64.79755725,5.362897797,8.544830933,-0.6209088135,0.1643175185,0.3350145817,-0.2979248762,phone,user4,stand
64.81762425,4.815037079,8.337811432,-0.6813830566,0.2964477539,0.4854878187,-0.4445737302,phone,user4,stand
64.83769025,3.82499588,8.302335205,-1.069376221,0.2983497977,0.5240787268,-0.2876756787,phone,user4,stand
64.85775725,3.870351563,8.462352448,-0.8560697937,0.3381983042,0.8192380071,-0.07388225943,phone,user4,stand
64.87782325,4.019591217,8.901688843,-1.902693329,0.2142405212,0.9706607461,0.03590390459,phone,user4,stand
64.89788925,3.836970978,8.877139893,-0.2534230042,0.3274807036,1.077088356,0.08854852617,phone,user4,stand
64.91795625,3.796255646,8.88327713,-0.05748046875,0.5605772138,1.402077913,0.06788727641,phone,user4,stand
64.93802225,3.724554749,8.869805145,-0.7740403748,0.6327095032,1.641208649,0.05872900784,phone,user4,stand
64.95808925,3.743265839,8.525521088,-1.040336609,0.5814750791,1.62893033,0.01612628438,phone,user4,stand
64.97815525,4.176165619,8.763376465,-1.342558136,0.4235946536,1.420086384,-0.1151821911,phone,user4,stand
64.99822225,4.522844696,9.232800293,-1.885479126,0.1914503425,1.272528529,-0.2158534825,phone,user4,stand
65.01828825,4.284689941,9.449399872,-1.068478088,0.04213686287,1.190057039,-0.1113951355,phone,user4,stand
65.03835525,3.939208374,9.693242798,-1.172362061,-0.004075545818,0.9517298341,0.06882125884,phone,user4,stand
65.05842125,2.749931488,9.68950058,-1.480870514,-0.2416907698,0.7444519401,0.419279784,phone,user4,stand
65.07848825,2.943628693,9.231004028,-0.5719606018,-0.5184621811,1.108310819,0.6845106483,phone,user4,stand
65.09855425,4.213737488,9.674082642,0.6182144165,-0.5007051826,1.470527649,0.4878193736,phone,user4,stand
65.11862025,-1.094523926,4.926255798,-6.108347626,-1.147403002,0.4158432782,0.8682709336,phone,user4,stand
65.13868725,9.072184296,8.614585876,0.9659413147,-1.176255584,-0.5325171947,1.331081748,phone,user4,stand
65.15875325,5.531896362,7.401807861,-1.009949799,-1.065529227,-1.431764364,1.184981465,phone,user4,stand
65.17882025,6.005810852,8.675808563,0.1353186035,-0.712836206,-1.845379949,1.367919087,phone,user4,stand
65.19888625,6.017486572,9.472901001,3.378324738,-0.290237695,-1.472033024,1.058603287,phone,user4,stand
65.21895325,7.940088501,8.641679535,5.162763977,0.1617102176,-0.1310020834,-0.0941356048,phone,user4,stand
65.23901925,8.964408417,7.655081177,-0.4611909485,-0.456276983,0.6764555573,-1.2246387,phone,user4,stand
65.25908625,7.309898987,7.864944763,-2.135309601,-1.470374227,1.26439774,-1.724840164,phone,user4,stand
65.27915225,4.734504547,6.545139313,-1.295106812,-1.870118856,1.863460064,-1.316147566,phone,user4,stand
65.29921925,4.157005463,5.540877686,0.5902226257,-2.022384644,1.761610866,-0.5046662688,phone,user4,stand
65.31928525,2.453847198,6.288123779,7.176526337,-0.9778544307,1.419110537,0.5054455996,phone,user4,stand
65.33935183,4.547842712,8.280630341,2.905607758,0.1189669743,0.2417675853,0.9567371011,phone,user4,stand
65.35941883,4.248465271,8.308921509,0.8819659424,0.1489745229,-0.6937898397,0.7405608296,phone,user4,stand
65.37948483,3.96076355,8.882528687,0.3185375977,0.213453263,-0.6054065824,0.3418512344,phone,user4,stand
65.39955183,4.422104187,9.150770874,0.3823049927,0.1802337468,-0.3129160404,-0.0628452599,phone,user4,stand
65.41961783,4.546794891,9.452243958,1.081650696,0.09733897448,-0.262578398,-0.18280904,phone,user4,stand
65.43968483,5.136568451,10.14994308,3.213816833,0.2439269274,-0.05116025731,-0.2546639442,phone,user4,stand
65.45975083,6.039790192,9.802665253,2.225272522,0.2651601434,-0.2511647344,-0.6427158713,phone,user4,stand
65.47981783,5.278173981,8.856782227,1.004561005,0.120521076,-0.6614631414,-0.6271753907,phone,user4,stand
65.49988383,5.544021149,9.37126236,0.05269042969,0.03580068052,-0.5875409245,-0.5345061421,phone,user4,stand
65.51995083,5.143603821,9.638606415,0.3769161987,0.1253162324,-0.08362667263,-0.5743184686,phone,user4,stand
65.54001683,4.60547287,8.661737823,0.3342549133,0.1638906151,-0.05316849053,-0.5877401829,phone,user4,stand
65.56008283,4.035308533,7.278015289,0.567020874,0.15640755,-0.5353795886,-0.3405310512,phone,user4,stand
65.58014983,5.239254913,7.763904877,0.2258802795,0.05752400309,-1.16378355,-0.2745171785,phone,user4,stand
65.60021583,5.323978729,8.730744324,0.4719685364,-0.04328390583,-1.47365725,-0.3947590292,phone,user4,stand
65.62028283,5.634582825,9.302555237,0.7575746155,-0.09113910049,-1.451026917,-0.5936050415,phone,user4,stand
65.64034883,5.768404541,9.366322632,0.8957373047,-0.09812424332,-1.293808937,-0.8775369525,phone,user4,stand
65.66041583,6.615792389,9.641899567,1.047371979,-0.2148425877,-1.410747051,-1.436469436,phone,user4,stand
65.68048183,4.619693298,8.90318573,1.18298996,-0.133188799,-1.479682565,-1.666707873,phone,user4,stand
65.70054883,1.988764343,8.263865204,1.446442108,0.08969927579,-1.437563419,-1.279293418,phone,user4,stand
65.72061483,1.423390045,8.090226288,0.2225871277,0.01956459694,-1.539614797,-0.8225229979,phone,user4,stand
65.74068183,0.553099823,7.786507874,-0.4752616882,-0.3298627734,-1.451238036,-0.2805634439,phone,user4,stand
65.76074783,0.6973997498,8.196804657,0.5164260864,-0.577093184,-0.4304904938,0.2651781738,phone,user4,stand
65.78081483,2.756966858,9.110654297,1.225351868,-0.8908287883,0.6323621273,0.3577196002,phone,user4,stand
65.80088083,2.499053192,8.932674408,1.782193909,-1.11097455,1.131405354,0.4722423553,phone,user4,stand
65.82094783,2.652783508,8.831634521,1.681603088,-1.121484399,1.378248334,0.7932749391,phone,user4,stand
65.84101383,1.906734924,7.58562561,0.7238946533,-1.223463058,1.084751964,1.241107941,phone,user4,stand
65.86107983,2.672392731,6.903045044,-0.2911445618,-1.441425681,0.3121711314,2.004555464,phone,user4,stand
65.88114683,6.200555878,8.225844269,0.1257385254,-1.524974108,-0.8133826256,1.940243602,phone,user4,stand
65.90121283,8.553961945,9.982740784,5.443580017,-0.57030797,-1.248436689,1.26331687,phone,user4,stand
65.92127983,6.177952881,10.55395294,5.45256134,0.8348620534,-0.4714023173,0.4844626188,phone,user4,stand
65.94134583,4.007466431,9.319470062,1.784738617,1.085068464,-0.7989016175,0.2412428707,phone,user4,stand
65.96141283,3.213367767,8.950786743,-0.577199707,0.3682743907,-1.852516413,0.2285154909,phone,user4,stand
65.98147883,5.544769592,8.99329834,1.655407562,-0.1091830358,-0.7688029408,-0.006134659052,phone,user4,stand
66.00154583,5.830225983,8.812923431,1.384321289,-0.3974217772,0.4912284017,-0.2996456921,phone,user4,stand
66.02161183,5.178630981,8.033045197,1.757345581,-0.459613204,0.6909502149,-0.2930661142,phone,user4,stand
66.04167883,5.202730865,7.375911713,1.831890564,-0.3024840057,0.3134829104,-0.1849306971,phone,user4,stand
66.06174483,5.606740723,7.461833038,1.215023346,-0.07224802673,-0.2388848662,-0.09756670147,phone,user4,stand
66.08181183,5.801785126,8.302335205,0.679586792,-0.02173136175,-0.702983737,-0.1966738105,phone,user4,stand
66.10187783,5.555098114,9.010362854,1.557062073,0.06485231966,-0.4580570757,-0.3486919105,phone,user4,stand
66.12194483,5.403313751,8.824599152,2.00552948,0.03674022481,-0.0986841768,-0.5224356651,phone,user4,stand
66.14201083,5.714965668,8.625662842,1.550924835,-0.07242381573,0.08878225088,-0.7396291494,phone,user4,stand
66.16207783,4.879852295,8.502618713,1.238075409,-0.1540397853,0.1159504503,-0.9280389547,phone,user4,stand
66.18214383,4.390669556,8.459208984,1.065634003,-0.1600608379,-0.01602964476,-0.9085218906,phone,user4,stand
66.20221083,2.289938049,7.892038422,1.735790405,0.08892255276,-0.5731204748,-0.4628324807,phone,user4,stand
66.22227683,4.339925079,9.496701508,1.339115295,0.2268992811,-0.9009490609,-0.3666967154,phone,user4,stand
66.24234283,2.548300781,8.259524231,1.522034912,0.203324303,-0.7656198144,-0.198237285,phone,user4,stand
66.26240983,3.065924377,8.376131744,0.7144642639,-0.03843282536,-0.1326794773,0.1331901997,phone,user4,stand
66.28247583,3.538042603,8.462801514,0.5719606018,-0.357789427,0.353264153,0.276604563,phone,user4,stand
66.30254283,3.623963928,8.668922882,1.194815369,-0.4805386066,0.6732289791,0.3693246245,phone,user4,stand
66.32260883,4.120481415,8.764873352,1.910926208,-0.4162224233,0.7652254701,0.460147351,phone,user4,stand
66.34267612,4.907993774,8.112529907,2.005379791,-0.1949347705,0.329546392,0.4444282055,phone,user4,stand
66.36274212,6.069129181,9.101972351,1.061143341,0.01881688274,-0.3805058897,0.1625912488,phone,user4,stand
66.38280912,5.67844162,9.544152832,0.9205856323,0.1919650137,-0.7158388495,-0.163766399,phone,user4,stand
66.40287512,5.355862427,8.808881836,1.951042786,0.411803782,-0.6288730502,-0.3141283989,phone,user4,stand
66.42294212,4.932692413,10.76830719,1.640139313,0.1208032519,0.07751268148,-0.4376935065,phone,user4,stand
66.44300812,5.598358154,10.75214081,2.64320343,-0.03321393952,0.4671574235,-0.96470052,phone,user4,stand
66.46307513,5.003944244,10.33630554,2.32616272,0.04450352117,0.4958185256,-1.245501518,phone,user4,stand
66.48314112,4.159849548,10.1006955,1.757046204,0.157661885,0.7865174413,-1.191299796,phone,user4,stand
66.50320812,4.227359161,9.926158447,1.753753052,0.1913384646,0.9086602926,-1.166144371,phone,user4,stand
66.52327413,3.212918701,9.252708893,1.57966507,0.1855852306,0.790748477,-0.9362245202,phone,user4,stand
66.54334012,3.000211029,8.413703613,1.906136169,0.1709128767,0.6620907187,-0.6200075746,phone,user4,stand
66.56340712,3.203039246,8.797954559,2.309098206,0.253412962,0.7801902294,-0.521687746,phone,user4,stand
66.58347312,3.617976379,10.04546036,1.813179474,0.2999280989,0.7533487082,-0.544639051,phone,user4,stand
66.60354012,4.005969543,10.47895889,1.268162842,0.3391157687,0.4204052985,-0.4296453893,phone,user4,stand
66.62360612,3.305126953,9.486073608,0.2496807861,0.2785414457,0.2731845677,0.05203992501,phone,user4,stand
66.64367312,2.478096771,8.435857544,0.102387085,-0.009541807696,0.5530900359,0.650706768,phone,user4,stand
66.66373913,2.587519226,8.743767242,1.443298645,-0.09994409233,0.877828896,0.9711009264,phone,user4,stand
66.68380612,1.935475159,9.836494904,1.3350737,-0.1007497907,1.319111705,0.9465293288,phone,user4,stand
66.70387212,2.463726654,10.19410126,1.207089844,-0.3006127775,1.191933036,0.7206582427,phone,user4,stand
66.72393913,2.405348053,10.13347733,2.881208496,-0.1457713395,1.802077174,0.5328380466,phone,user4,stand
66.74400512,0.8665480042,11.1955188,3.524869995,0.142759636,1.966829777,0.8297818899,phone,user4,stand
66.76407212,2.178419952,11.58994858,2.323019257,0.2312607914,2.023527622,0.4304075241,phone,user4,stand
66.78413813,2.779270477,9.727371826,0.1155596924,-0.2321000397,1.472567677,-0.2824521959,phone,user4,stand
66.80420512,2.188000031,8.836424561,2.018103333,-0.08279059827,1.65649879,-0.2855002284,phone,user4,stand
66.82427112,2.995271301,5.857319641,1.568887482,0.4850150347,1.13264966,0.4268508852,phone,user4,stand
66.84433712,2.027982788,6.578819275,-1.13029953,0.3418878317,0.623567462,1.320731759,phone,user4,stand
66.86440412,2.903512115,7.250921631,2.009122009,-0.2750018537,0.04860340804,1.722500443,phone,user4,stand
66.88447012,4.367467804,8.465645599,2.73211853,-0.7704795003,0.6748664975,1.551236868,phone,user4,stand
66.90453712,4.179758148,8.569080505,2.665057983,-1.056658745,1.098564148,1.259804249,phone,user4,stand
66.92460313,4.229155426,7.845185852,1.827549591,-1.17573297,0.9972655177,1.158337593,phone,user4,stand
66.94467012,4.885390778,8.182883606,1.596130829,-1.314140797,0.6521493196,0.8461744189,phone,user4,stand
66.96473612,4.196523285,8.522826691,4.856201477,-0.7376484275,0.5375154018,0.6821821928,phone,user4,stand
66.98480313,2.606080627,7.919880524,3.166515198,-0.4668908119,0.2702094316,0.8806795478,phone,user4,stand
67.00486912,4.020489349,6.363866272,2.180365906,-0.7457103133,0.5261430144,0.7255156636,phone,user4,stand
67.02493612,5.27473114,5.978717194,2.956352234,-0.9831818938,1.079460025,0.3523331285,phone,user4,stand
67.04500212,5.450166321,6.604565735,3.811523895,-1.073786378,1.344315648,0.1591155082,phone,user4,stand
67.06506912,4.66160614,6.979386292,4.187392273,-1.157359838,1.174998999,0.237554118,phone,user4,stand
67.08513512,3.85777771,6.685098267,4.806953888,-1.300139308,0.8861753345,0.4441504478,phone,user4,stand
67.10520212,3.594175873,6.547234955,4.856351166,-1.352259755,0.6158613563,0.5924668908,phone,user4,stand
67.12526812,4.444407806,6.624923401,4.614903259,-1.509077311,0.4928524494,0.5150739551,phone,user4,stand
67.14533512,3.955973511,6.414760437,5.568719788,-1.429896593,0.581056118,0.4176312983,phone,user4,stand
67.16540112,3.769611053,6.279591522,6.389762421,-1.200700641,0.4823192656,0.3836552203,phone,user4,stand
67.18546713,3.569327545,5.739364929,5.997428284,-0.9638406634,0.1158040166,0.442021668,phone,user4,stand
67.20553412,4.888833618,5.691464539,6.050418091,-0.8487818837,-0.1300296932,0.4299508631,phone,user4,stand
67.22560012,5.579347687,5.819598083,7.024741974,-0.737198174,0.03204812855,0.3189097941,phone,user4,stand
67.24566713,5.203928375,6.315965881,7.171885986,-0.5904243588,0.3211200237,0.3347730041,phone,user4,stand
67.26573312,4.622238007,6.177054749,6.668782196,-0.4926639795,0.1861394793,0.3807817996,phone,user4,stand
67.28580012,4.220623169,6.095324707,6.448590088,-0.3898856342,0.1802881509,0.3951345384,phone,user4,stand
67.30586612,4.074377289,5.796546021,6.233637085,-0.3696012199,0.1670419425,0.4217974842,phone,user4,stand
67.32593312,5.047952728,5.761219482,6.399342499,-0.3827216029,0.3024124801,0.290327847,phone,user4,stand
67.34599825,4.642745361,6.031257935,6.934479675,-0.3198972046,0.4988786876,0.3174670637,phone,user4,stand
67.36606525,3.588936768,5.659131775,6.584208069,-0.2821087837,0.3028290272,0.5267392993,phone,user4,stand
67.38613125,4.771178284,5.328918457,6.23767868,-0.2829248309,-0.05525033548,0.4981983006,phone,user4,stand
67.40619725,4.692292328,5.536686401,7.47799942,-0.1440536231,0.06115217879,0.4650338888,phone,user4,stand
67.42626425,4.060605927,4.712051239,6.896758118,-0.0710195899,0.09814579785,0.5113714933,phone,user4,stand
67.44633025,4.454137573,4.634362793,5.723497925,-0.2373571694,-0.05806910619,0.5332033038,phone,user4,stand
67.46639725,5.707930298,4.154161377,7.120093689,-0.3507063985,0.01415138133,0.595692277,phone,user4,stand
67.48646325,5.466033325,5.422324219,7.478598175,-0.2295973152,0.4153855443,0.5014573932,phone,user4,stand
67.50653025,4.901108093,4.733606415,6.859785004,-0.3329170644,0.4732232094,0.5195987225,phone,user4,stand
67.52659625,5.258265381,4.273612976,7.002288666,-0.346087724,0.296824187,0.3835923374,phone,user4,stand
67.54666325,5.20108429,4.50368454,6.977440338,-0.3593466878,0.1012040302,0.2961463928,phone,user4,stand
67.56672925,4.80665451,4.243675232,7.179969177,-0.3944849074,-0.007587119471,0.2717089951,phone,user4,stand
67.58679625,4.733756104,4.698429565,8.044421539,-0.2373396307,0.09067971259,0.2181993425,phone,user4,stand
67.60686225,4.784949646,4.290228424,7.261699219,-0.1617932171,0.2354268283,0.1896432191,phone,user4,stand
67.62692925,5.004992065,4.317022705,7.415579224,-0.08259440958,-0.03893398494,0.1418641061,phone,user4,stand
67.64699525,5.056784363,4.424199829,7.428452454,-0.04435795918,-0.08732824773,0.09447113425,phone,user4,stand
67.66706225,5.123395844,4.737049255,7.276069336,-0.0722643733,-0.06460752338,0.05114296079,phone,user4,stand
67.68712825,5.095853119,4.652325439,7.120243378,-0.1141869202,-0.180333063,-0.0002727259416,phone,user4,stand
67.70719425,4.882846069,4.485721893,6.955436096,-0.2233421803,-0.1827966571,0.03609064966,phone,user4,stand
67.72726125,5.120551758,4.474046173,7.22173233,-0.2768728137,-0.1889088303,0.009711391293,phone,user4,stand
67.74732725,5.021308136,4.694088593,7.515122223,-0.2335795611,-0.1604203433,0.001451355638,phone,user4,stand
67.76739425,5.005141754,4.626728668,7.508984985,-0.1536130756,-0.1557922661,-0.001599472831,phone,user4,stand
67.78746025,5.047952728,4.759053497,7.620203705,-0.05642378703,-0.1774702817,-0.03793868795,phone,user4,stand
67.80752725,4.920567627,4.604125671,7.142846375,-0.01489617396,-0.1818064004,-0.04017841443,phone,user4,stand
67.82759325,4.796325989,4.452790375,7.192992096,0.0165433418,-0.2440965474,0.007317225914,phone,user4,stand
67.84766025,4.995861053,4.258344727,7.167694702,0.05506381765,-0.3158213794,0.03513917327,phone,user4,stand
67.86772625,5.215454407,4.154311066,7.095245361,0.04448772594,-0.09529597312,0.02591186389,phone,user4,stand
67.88779325,5.226531372,4.159101105,7.183262329,0.0728712678,-0.01730330102,0.03120598942,phone,user4,stand
67.90785925,5.229824524,4.321663055,7.375462646,0.1288231313,0.05654866993,0.01252621505,phone,user4,stand
67.92792625,5.191504211,4.375550995,7.092101898,0.1368035823,0.03336493298,0.02377715148,phone,user4,stand
67.94799225,5.3602034,4.49784668,6.862629089,0.1193496659,-0.07502741367,0.01414775848,phone,user4,stand
67.96805825,5.326373749,4.561763763,6.803202667,0.107066758,-0.1270066798,0.02098814212,phone,user4,stand
67.98812525,4.792134705,4.561763763,7.064409485,0.1132140011,-0.03807023168,0.06220334396,phone,user4,stand
68.00819125,4.946014709,4.565505981,6.851103058,0.05645091459,-0.05331256986,0.05669427663,phone,user4,stand
68.02825825,5.433999939,4.427343292,6.786587219,0.00989783369,-0.1182991564,0.03696645424,phone,user4,stand
68.04832425,5.543422394,4.45563446,6.645281067,-0.06747896224,-0.1406512409,0.03322523087,phone,user4,stand
68.06839125,5.408552856,4.606071625,7.322173462,-0.02309908718,-0.1012371853,0.02223098464,phone,user4,stand
68.08845725,5.362598419,4.585414581,7.379653931,0.07502031326,-0.0258786846,0.02175879106,phone,user4,stand
68.10852425,5.436095581,4.43348053,6.348448334,0.03380228207,0.05658603832,0.01002287492,phone,user4,stand
68.12859025,5.107528839,4.275259552,6.588399353,-0.02415173315,0.07180050761,0.01984401792,phone,user4,stand
68.14865725,5.183421021,4.324507141,6.941065979,-0.04224513099,-0.00352598005,0.01453394908,phone,user4,stand
68.16872325,5.557792511,4.398153992,7.274572449,0.004989655223,-0.05403237045,0.007100678049,phone,user4,stand
68.18878925,5.600304108,4.560865631,7.689060516,0.1544170082,0.005684612785,-0.005437684711,phone,user4,stand
68.20885625,5.617518311,4.548591156,6.583609314,0.1051908955,0.006332383491,-0.05823779851,phone,user4,stand
68.22892225,5.032085724,4.593348083,6.613397369,-0.0247668568,-0.1163981482,-0.04685543105,phone,user4,stand
