Time,Acc_X,Acc_Y,Acc_Z,Gyro_X,Gyro_Y,Gyro_Z,Device,Subject,Activity
0.000000000,0.011200994,-0.005411319,0.009858787,-0.101856276,-0.013649211,0.029293612,watch,user3,lie
0.009999104,0.010185152,-0.005545691,0.011272192,-0.088517085,-0.011596624,0.034409475,watch,user3,lie
0.019998208,0.012466252,-0.008107848,0.015560150,-0.087786578,-0.009087129,0.036604453,watch,user3,lie
0.029997056,0.010252923,-0.011234663,0.016218781,-0.105429932,-0.012437562,0.036503386,watch,user3,lie
0.039995904,0.012165457,-0.010387525,0.015962422,-0.114469230,-0.013204552,0.038423259,watch,user3,lie
0.049995008,0.011295259,-0.009663969,0.012463212,-0.116328336,-0.012104755,0.041952148,watch,user3,lie
0.059994112,0.009309083,-0.002550967,0.006784558,-0.107143097,-0.010860527,0.036813576,watch,user3,lie
0.069993216,0.008281678,0.004552506,0.003252089,-0.092811123,-0.010238501,0.034965210,watch,user3,lie
0.079990528,0.008621514,0.007808641,0.003302455,-0.085836299,-0.011860632,0.036327153,watch,user3,lie
0.089989376,0.007722467,0.007743761,0.001359284,-0.074994221,-0.012527664,0.031947318,watch,user3,lie
0.099988224,0.005564481,0.008013673,0.003093660,-0.064574331,-0.010091937,0.029913727,watch,user3,lie
0.109986304,0.006534457,0.011533529,0.005190015,-0.053898737,-0.010274187,0.030452818,watch,user3,lie
0.119985408,0.007732123,0.011292621,0.003374875,-0.041917175,-0.010000413,0.025796015,watch,user3,lie
0.129984512,0.006082863,0.008770615,0.002463818,-0.032427847,-0.005026872,0.022776591,watch,user3,lie
0.139983360,0.006517619,0.006985687,0.003287494,-0.025978735,-0.010440014,0.020482544,watch,user3,lie
0.149982208,0.004818350,0.006123088,0.002902985,-0.022002591,-0.010381512,0.022075312,watch,user3,lie
0.159981312,0.005914479,0.006131575,0.004348099,-0.017562568,-0.006395826,0.019540517,watch,user3,lie
0.169980416,0.007614374,0.005561881,0.003671527,-0.016246257,-0.007746137,0.020425882,watch,user3,lie
0.179979520,0.007115066,0.004560702,0.007148981,-0.012448324,-0.008080630,0.022497023,watch,user3,lie
0.189978368,0.008180618,0.001488850,0.007439613,-0.019405877,-0.008357510,0.021988029,watch,user3,lie
0.199977472,0.009409696,-0.001198553,0.007981539,-0.021793667,-0.007986000,0.019016739,watch,user3,lie
0.209976320,0.005726367,-0.000563800,0.009792507,-0.032508451,-0.006826547,0.015680332,watch,user3,lie
0.219975424,0.006485492,-0.000224270,0.013098300,-0.046137176,-0.002807571,0.018455079,watch,user3,lie
0.229974272,0.007795691,-0.001898721,0.015184343,-0.054437187,-0.006403638,0.014802685,watch,user3,lie
0.239973376,0.008958548,-0.003073812,0.010649383,-0.048042137,-0.005832656,0.013953405,watch,user3,lie
0.249972480,0.005898625,-0.000309199,0.007433593,-0.033506382,-0.014372526,0.010817464,watch,user3,lie
0.259971584,0.008625865,0.000758231,0.002307475,-0.031804889,-0.015754972,0.011730396,watch,user3,lie
0.269970176,0.010669976,0.000693969,0.001096249,-0.030957604,-0.016730487,0.008916302,watch,user3,lie
0.279969280,0.007364333,0.001113795,-0.000135958,-0.026542882,-0.020677559,0.008212959,watch,user3,lie
0.289968384,0.005338609,0.003454410,0.001542866,-0.014238145,-0.020650394,0.002631041,watch,user3,lie
0.299967488,0.005712926,0.007039480,0.003948987,-0.004458219,-0.016778424,0.002062722,watch,user3,lie
0.309966336,0.007715762,0.009590991,0.003659904,0.001866656,-0.018451691,0.002284630,watch,user3,lie
0.319965440,0.007582039,0.008309618,0.005183578,0.000172885,-0.015023936,0.003772272,watch,user3,lie
0.329964544,0.005776674,0.003384478,0.007701874,-0.002458717,-0.012440935,0.004264491,watch,user3,lie
0.339962368,0.005512208,0.000730835,0.007117271,-0.010234082,-0.013529634,0.005366507,watch,user3,lie
0.349961472,0.008312166,-0.002567545,0.007256746,-0.018597074,-0.014440436,0.003208747,watch,user3,lie
0.359960320,0.007815093,-0.002722397,0.005829334,-0.020916155,-0.014991976,-0.001647261,watch,user3,lie
0.369959424,0.006286979,-0.000365503,0.004926741,-0.021683101,-0.015743874,-0.003253613,watch,user3,lie
0.379958528,0.004719347,0.002294548,0.003835559,-0.020796269,-0.017706625,-0.001758781,watch,user3,lie
0.389957376,0.005041301,0.000084460,0.003157616,-0.026215091,-0.018319242,0.001607988,watch,user3,lie
0.399956224,0.007653713,-0.002890140,0.001583099,-0.039877106,-0.025554251,0.001431420,watch,user3,lie
0.409955328,0.010230362,-0.002070621,0.001647770,-0.049456809,-0.029270072,0.008989138,watch,user3,lie
0.419954432,0.011850774,-0.002042621,0.003738582,-0.053718932,-0.029733729,0.012065089,watch,user3,lie
0.429953536,0.008696675,-0.002428763,0.002952397,-0.049212594,-0.023159182,0.015346371,watch,user3,lie
0.439952384,0.005849630,-0.001963757,0.006059885,-0.048091140,-0.021690715,0.015433455,watch,user3,lie
0.449951488,0.007618725,0.002405122,0.010483265,-0.042563394,-0.013990361,0.013134881,watch,user3,lie
0.459950336,0.006580561,0.004101820,0.013085544,-0.034195475,-0.007374005,0.012558573,watch,user3,lie
0.469949440,0.007636517,0.007230550,0.013890386,-0.028287563,-0.002424697,0.015299565,watch,user3,lie
0.479948288,0.008180499,0.006843828,0.012693346,-0.023321301,-0.001771690,0.015459354,watch,user3,lie
0.489947392,0.008901298,0.007307202,0.010384798,-0.019393405,-0.001707242,0.013485952,watch,user3,lie
0.499946496,0.007239461,0.006517887,0.007283449,-0.014188255,-0.001138924,0.011125326,watch,user3,lie
0.509945600,0.007135630,0.009049304,0.005646467,-0.003983555,-0.000260347,0.005132948,watch,user3,lie
0.519944192,0.005814850,0.009562805,0.004141152,-0.000660995,0.004091259,0.002243684,watch,user3,lie
0.529943296,0.003739119,0.005521953,0.005776703,0.007878697,0.006281975,0.006112458,watch,user3,lie
0.539942400,0.005140930,0.001700602,0.004209697,0.005607021,0.002628384,0.001563513,watch,user3,lie
0.549941504,0.004980206,-0.003598548,0.006197214,-0.008859802,-0.001755978,0.000372014,watch,user3,lie
0.559940352,0.007020116,-0.008234262,0.006635964,-0.019137207,-0.004118734,0.000389325,watch,user3,lie
0.569939456,0.009166270,-0.006143525,0.005293727,-0.017337797,-0.005780103,-0.003246289,watch,user3,lie
0.579938304,0.007732600,-0.001733206,0.004968584,-0.015014102,-0.009367557,-0.004465884,watch,user3,lie
0.589937408,0.008600473,0.003179476,0.005269706,-0.013856425,-0.007359801,-0.006782434,watch,user3,lie
0.599935488,0.007528543,0.004275590,0.003158867,-0.011169562,-0.008816283,-0.010272241,watch,user3,lie
0.609934336,0.008254677,0.000786126,0.003524065,-0.014220567,-0.007334324,-0.010236954,watch,user3,lie
0.619933440,0.009045571,0.001941733,0.005384982,-0.012316940,-0.008287735,-0.014809601,watch,user3,lie
0.629932544,0.006435871,0.001521416,0.005374730,-0.006504015,-0.006788198,-0.011055809,watch,user3,lie
0.639931392,0.006501257,0.004019462,0.007452428,-0.001529763,-0.004317051,-0.011239567,watch,user3,lie
0.649930240,0.005739480,0.005061150,0.006127179,-0.005186061,-0.005797147,-0.010030027,watch,user3,lie
0.659929344,0.007847428,0.002955705,0.005116999,-0.011740100,-0.003726006,-0.008045971,watch,user3,lie
0.669928448,0.008434564,0.001908980,0.005048335,-0.018695211,-0.007504766,-0.002161318,watch,user3,lie
0.679927552,0.009201378,0.001585022,0.006043434,-0.018285617,-0.007193177,-0.001311769,watch,user3,lie
0.689926400,0.008514076,0.002325632,0.003509462,-0.007658450,-0.010225894,-0.003340698,watch,user3,lie
0.699925248,0.009021640,0.004671842,0.003239214,0.004714063,-0.010161446,-0.004479466,watch,user3,lie
0.709924352,0.010658354,0.003565185,0.004898250,0.005901699,-0.009384602,-0.001705051,watch,user3,lie
0.719923456,0.009541899,-0.000473812,0.006770194,-0.009046357,-0.010239745,-0.000719682,watch,user3,lie
0.729922304,0.008317769,-0.003332511,0.010014772,-0.016366189,-0.012389448,0.000479606,watch,user3,lie
0.739921408,0.008542538,-0.001013592,0.009324431,-0.016502542,-0.010394206,0.007852035,watch,user3,lie
0.749920512,0.009082496,0.000968002,0.008255780,-0.014349421,-0.008500078,0.008601249,watch,user3,lie
0.759919616,0.010635197,0.003030308,0.006802440,-0.015683131,-0.010264422,0.006513331,watch,user3,lie
0.769918208,0.009491801,0.002951376,0.005907178,-0.016864777,-0.008487827,0.006665530,watch,user3,lie
0.779917312,0.007835388,-0.000169322,0.007846236,-0.019831272,-0.008091283,0.004504108,watch,user3,lie
0.789916416,0.007199556,0.000548542,0.006750822,-0.017855162,-0.010025360,0.006263859,watch,user3,lie
0.799915520,0.005227923,0.000978507,0.005629182,-0.013237507,-0.010502597,0.005610053,watch,user3,lie
0.809914368,0.005471438,0.000596359,0.005201638,-0.009794394,-0.010045422,0.010244619,watch,user3,lie
0.819913472,0.005068064,0.002499290,0.005149126,-0.008511550,-0.006304213,0.006398215,watch,user3,lie
0.829912320,0.005100369,0.002835453,0.003887236,-0.005801206,-0.005828128,0.006886706,watch,user3,lie
0.839911424,0.004273325,0.003480799,0.003711462,-0.003670678,-0.004481634,0.003266937,watch,user3,lie
0.849910272,0.005568355,0.003849968,0.001636326,-0.002867069,-0.005300290,0.001508385,watch,user3,lie
0.859909376,0.006473154,0.002079092,0.002515495,0.002115173,-0.008631638,0.001565377,watch,user3,lie
0.869908480,0.007613659,0.002263226,0.003696978,0.004418941,-0.008693690,0.004305570,watch,user3,lie
0.879907584,0.005850852,-0.000133246,0.004342854,0.008146833,-0.009545901,0.002261328,watch,user3,lie
0.889906432,0.005824000,0.001258612,0.005222380,0.004151248,-0.005977177,0.002130366,watch,user3,lie
0.899905280,0.005709559,0.001375660,0.007700324,0.007657034,-0.005265847,0.002209729,watch,user3,lie
0.909903360,0.004063010,0.002700441,0.007141411,0.009429634,-0.006220856,0.001148725,watch,user3,lie
0.919902464,0.007359743,0.001818791,0.005227029,0.007266615,-0.002324918,-0.001768768,watch,user3,lie
0.929901568,0.008419573,0.002219029,0.007690728,-0.000182380,-0.003722012,-0.001512771,watch,user3,lie
0.939900416,0.008187622,0.001072682,0.007102191,-0.002860721,-0.007089047,-0.002698411,watch,user3,lie
0.949899264,0.007054210,0.001177825,0.004823387,-0.008274085,-0.006149039,0.001354588,watch,user3,lie
0.959898368,0.008597791,-0.001971707,0.005729973,-0.011191578,-0.010295048,0.002181766,watch,user3,lie
0.969897472,0.006926984,-0.000058368,0.003745496,-0.012200871,-0.011168389,0.001425894,watch,user3,lie
0.979896320,0.005217791,-0.000315845,0.003796399,-0.005778126,-0.014553532,-0.000552036,watch,user3,lie
0.989895424,0.006822973,-0.000064440,0.003266037,-0.005603955,-0.013688803,-0.000400502,watch,user3,lie
0.999894528,0.008343458,0.003181905,0.003432631,-0.000462723,-0.016208952,-0.001800259,watch,user3,lie
1.009893376,0.006163210,0.001036160,0.002029061,-0.000889050,-0.012443598,0.001290805,watch,user3,lie
1.019892224,0.006617457,-0.002066299,-0.001408219,-0.010074292,-0.019295646,0.004051438,watch,user3,lie
1.029891328,0.007663727,-0.005194813,-0.000059247,-0.022999456,-0.022547277,0.008379407,watch,user3,lie
1.039890432,0.005452156,-0.004190400,0.002245963,-0.033337049,-0.017927224,0.011411150,watch,user3,lie
1.049889536,0.005279541,-0.005310789,0.005143762,-0.043166064,-0.018849567,0.010342957,watch,user3,lie
1.059888384,0.003899276,-0.004422627,0.008896291,-0.046662264,-0.013627906,0.010079836,watch,user3,lie
1.069887488,0.005333453,0.000253171,0.012489140,-0.038253691,-0.009227121,0.008935742,watch,user3,lie
1.079886336,0.005171210,0.000287518,0.011936486,-0.037096012,-0.006580472,0.009033213,watch,user3,lie
1.089887232,0.004595160,0.000706278,0.011984110,-0.043778505,-0.005704913,0.007058480,watch,user3,lie
1.099886080,0.006026834,-0.000753120,0.009820461,-0.057657037,-0.003858543,0.006696290,watch,user3,lie
1.109885184,0.005953938,-0.004142947,0.007709563,-0.078839153,-0.004875605,0.007798772,watch,user3,lie
1.119884032,0.006739676,-0.006550103,0.006588817,-0.091611408,-0.003723255,0.010069915,watch,user3,lie
1.129883136,0.007566690,-0.009330377,0.006002963,-0.107396632,-0.006992019,0.012524218,watch,user3,lie
1.139882240,0.006217629,-0.007961676,0.004931867,-0.119281523,-0.007281771,0.014976190,watch,user3,lie
1.149881344,0.006977886,-0.006225593,0.002308786,-0.114643753,-0.010139342,0.016012093,watch,user3,lie
1.159880192,0.006207615,-0.004261568,0.002307594,-0.100567885,-0.010243472,0.019618813,watch,user3,lie
1.169879040,0.005483031,-0.000263862,0.003095984,-0.097339913,-0.010104366,0.024021218,watch,user3,lie
1.179878144,0.006343156,-0.002007060,0.002949536,-0.106703855,-0.010502242,0.026845234,watch,user3,lie
1.189877248,0.006354898,-0.005596898,0.005260050,-0.125603825,-0.002042622,0.026374854,watch,user3,lie
1.199876096,0.003148198,-0.006046094,0.006915450,-0.137786984,0.001143849,0.027735729,watch,user3,lie
1.209875200,0.002841592,-0.004251353,0.006523073,-0.135406613,-0.004242748,0.030232109,watch,user3,lie
1.219874304,0.005490839,0.000504903,0.006365418,-0.119076632,-0.004346079,0.027263749,watch,user3,lie
1.229873152,0.008498132,0.008593440,0.003056884,-0.073152862,-0.012154646,0.033015843,watch,user3,lie
1.239872000,0.008537591,0.011890396,-0.002952337,-0.029994737,-0.014480650,0.040042330,watch,user3,lie
1.249871104,0.005281001,0.006438091,-0.000307024,-0.008493129,-0.017226458,0.044240333,watch,user3,lie
1.259870208,0.004993856,-0.000589103,-0.000192225,-0.009398604,-0.017976670,0.045079764,watch,user3,lie
1.269869312,0.005215555,-0.002369493,0.002325475,-0.018392544,-0.022527657,0.042708617,watch,user3,lie
1.279868160,0.007749885,-0.002699092,0.005000293,-0.026411057,-0.021218183,0.049481835,watch,user3,lie
1.289867008,0.008153200,-0.002951890,0.004052520,-0.033163853,-0.022462232,0.053063918,watch,user3,lie
1.299866112,0.009827614,-0.005566120,0.003684103,-0.047964107,-0.028875126,0.053735834,watch,user3,lie
1.309865216,0.011538208,-0.005731747,0.003447354,-0.058343023,-0.030687049,0.054440573,watch,user3,lie
1.319864064,0.009933919,-0.007590711,0.003227413,-0.068512298,-0.035845857,0.055775885,watch,user3,lie
1.329863168,0.010472924,-0.008148313,0.002336681,-0.072037391,-0.036885291,0.055935208,watch,user3,lie
1.339862272,0.009470195,-0.005496562,0.005096197,-0.078973599,-0.039915435,0.050059211,watch,user3,lie
1.349861376,0.007904291,-0.003347009,0.004076660,-0.082174271,-0.037018009,0.045102268,watch,user3,lie
1.359859968,0.007922411,0.002724856,0.007516325,-0.081682920,-0.035729833,0.040826030,watch,user3,lie
1.369859072,0.005717576,0.003681436,0.008937538,-0.107640222,-0.021139974,0.071291529,watch,user3,lie
1.379858176,0.019323528,0.006139502,0.009900272,-0.129838988,-0.064529262,0.053906146,watch,user3,lie
1.389857280,0.015509427,-0.006573394,0.013696909,-0.120715275,-0.023388214,0.013960062,watch,user3,lie
1.399855360,-0.019763470,-0.009143889,0.000195861,-0.117453970,-0.014335331,0.029432496,watch,user3,lie
1.409853952,0.001079619,0.004813939,0.006818473,-0.111782946,-0.026595369,0.036927428,watch,user3,lie
1.419854080,0.013057053,0.004414126,0.009474993,-0.114610426,-0.020658385,0.024914976,watch,user3,lie
1.429852160,-0.000406295,-0.001192555,0.008046687,-0.116721287,-0.011132969,0.020818168,watch,user3,lie
1.439851264,-0.001227200,-0.000117168,0.007664919,-0.115878664,-0.011250148,0.022221919,watch,user3,lie
1.449850112,0.005518287,0.002445057,0.006770313,-0.108721904,-0.010330114,0.022060199,watch,user3,lie
1.459849216,0.009909511,0.006315559,0.009077549,-0.094761349,-0.010347956,0.023224799,watch,user3,lie
1.469848320,0.009398729,0.007184282,0.006065667,-0.088136338,-0.007136717,0.021513520,watch,user3,lie
1.479847168,0.008810848,0.005576387,0.007871449,-0.083101101,-0.006902359,0.018855684,watch,user3,lie
1.489846016,0.008825332,0.005335897,0.007538795,-0.082647696,-0.007461091,0.019634191,watch,user3,lie
1.499845120,0.009099364,0.004183799,0.006260335,-0.093533099,-0.005805936,0.017409120,watch,user3,lie
1.509844224,0.008605361,0.001867130,0.005262554,-0.097516701,-0.007062858,0.011553830,watch,user3,lie
1.519843328,0.007527888,0.000677541,0.005377352,-0.112706304,-0.002405256,0.009318372,watch,user3,lie
1.529842176,0.005540371,-0.001437873,0.005694568,-0.120670848,-0.002613072,0.009378159,watch,user3,lie
1.539841024,0.005176902,-0.003241524,0.005267441,-0.130685940,-0.005233356,0.010113458,watch,user3,lie
1.549840128,0.005019665,-0.004724577,0.006081104,-0.131764457,-0.004461927,0.010385300,watch,user3,lie
1.559839232,0.004772514,-0.006510928,0.003923535,-0.125275940,-0.003157510,0.010487832,watch,user3,lie
1.569838080,0.002815604,-0.005283490,0.001118124,-0.109860502,-0.004801213,0.011171599,watch,user3,lie
1.579837184,0.005790591,-0.001516357,0.000272870,-0.093905233,-0.010329669,0.013680829,watch,user3,lie
1.589836288,0.007362038,-0.000649378,0.002169251,-0.091884248,-0.011847228,0.015945183,watch,user3,lie
1.599835392,0.005722612,-0.000182405,0.005351961,-0.092109822,-0.009804051,0.008147713,watch,user3,lie
1.609833984,0.003632694,-0.000997201,0.007658064,-0.098420180,-0.005669493,0.003201157,watch,user3,lie
1.619833088,0.003628492,0.000205547,0.008074343,-0.095623061,-0.001596454,0.001296731,watch,user3,lie
1.629832192,0.004200310,0.002883375,0.006092787,-0.083187468,-0.000970522,-0.000643715,watch,user3,lie
1.639831296,0.002861410,0.005408168,0.006113112,-0.070840523,0.000813263,-0.001277547,watch,user3,lie
1.649830144,0.004601359,0.005654246,0.004463315,-0.057364088,-0.003409268,-0.003328781,watch,user3,lie
1.659829248,0.007496357,0.006130576,0.003115952,-0.049731202,-0.007924924,-0.001785479,watch,user3,lie
1.669828096,0.008591294,0.004639760,0.002635837,-0.040871710,-0.009206882,-0.004657632,watch,user3,lie
1.679827200,0.007197082,0.002308935,0.000554979,-0.043847259,-0.008716326,-0.007451554,watch,user3,lie
1.689826048,0.006995469,0.002167344,0.002486646,-0.041825607,-0.008922279,-0.006841357,watch,user3,lie
1.699825152,0.005903453,0.000701949,0.002799749,-0.046918906,-0.010474635,-0.004499906,watch,user3,lie
1.709824256,0.006780535,0.002242595,0.004766822,-0.046853743,-0.011760497,-0.005284207,watch,user3,lie
1.719823360,0.005568773,0.000602484,0.006485701,-0.044310693,-0.008663507,-0.008227000,watch,user3,lie
1.729822208,0.005138993,-0.000099212,0.005515754,-0.042639691,-0.008766837,-0.008525739,watch,user3,lie
1.739821056,0.005474597,0.000476390,0.004779816,-0.039479852,-0.009853940,-0.005772297,watch,user3,lie
1.749820160,0.006322771,-0.000885800,0.005687833,-0.035629764,-0.008923343,0.000855711,watch,user3,lie
1.759819264,0.007926702,-0.000276640,0.003653228,-0.030109830,-0.006919581,-0.000309954,watch,user3,lie
1.769818112,0.006612271,-0.000182852,0.003662288,-0.031089563,-0.008422224,0.000711035,watch,user3,lie
1.779817216,0.005767822,0.000716537,0.005462110,-0.038747750,-0.008248853,-0.003083703,watch,user3,lie
1.789816320,0.006280631,-0.000813231,0.005436003,-0.044743769,-0.009330007,-0.002618316,watch,user3,lie
1.799815168,0.006842554,-0.000933990,0.005250335,-0.042746663,-0.004555493,-0.004499307,watch,user3,lie
1.809814016,0.004408211,-0.000030667,0.005159497,-0.041712869,-0.002716491,-0.001998266,watch,user3,lie
1.819813120,0.005456626,0.000908494,0.004668355,-0.040385548,-0.004108792,-0.002185486,watch,user3,lie
1.829812224,0.006155133,0.000146329,0.007774532,-0.047327697,0.001040075,-0.000714355,watch,user3,lie
1.839811328,0.005579919,0.001724526,0.005737543,-0.045392644,-0.003819395,-0.001912778,watch,user3,lie
1.849810176,0.007600874,0.002062455,0.006161094,-0.037384253,-0.003473716,0.002313392,watch,user3,lie
1.859809280,0.005066574,0.002182648,0.007390857,-0.032037959,-0.003150409,0.005433818,watch,user3,lie
1.869808128,0.005015165,0.000132114,0.005842328,-0.028375402,-0.005787826,0.009413646,watch,user3,lie
1.879807232,0.007014930,-0.000916779,0.003166199,-0.035494566,-0.006119656,0.011641114,watch,user3,lie
1.889806080,0.009464562,-0.000610903,0.004522264,-0.043512147,-0.007310355,0.008476812,watch,user3,lie
1.899805184,0.007726014,-0.001104683,0.004510820,-0.042106263,-0.008004641,0.010504544,watch,user3,lie
1.909804288,0.008238971,0.003670722,0.004761517,-0.033004731,-0.008119511,0.004980748,watch,user3,lie
1.919803136,0.007388175,0.007455185,0.004785419,-0.022451157,-0.006959706,0.003742378,watch,user3,lie
1.929801984,0.006924182,0.006413803,0.005859077,-0.016669033,-0.006391387,0.004137125,watch,user3,lie
1.939801088,0.006747305,0.004049912,0.002973437,-0.012343794,-0.005426257,0.002019646,watch,user3,lie
1.949800192,0.003858000,0.003759682,0.004812956,-0.010511672,-0.003307713,0.004343187,watch,user3,lie
1.959799296,0.004605889,0.001421362,0.004560351,-0.011205425,-0.002429668,0.003854497,watch,user3,lie
1.969798144,0.004285932,-0.001569450,0.006903768,-0.018715939,-0.002875748,0.001523499,watch,user3,lie
1.979797248,0.003542304,-0.002389118,0.003928304,-0.020311173,-0.003450991,-0.001301582,watch,user3,lie
1.989796096,0.003987342,-0.003524080,0.005409062,-0.019672370,-0.002059578,-0.002901210,watch,user3,lie
1.999795200,0.001406759,-0.001813561,0.002354801,-0.021979466,-0.001270217,-0.000079325,watch,user3,lie
2.009794048,0.002111852,-0.001401111,0.002378643,-0.022224743,0.000094919,-0.001020220,watch,user3,lie
2.019793152,0.002147496,0.000874698,0.005500734,-0.016144481,0.001688022,0.001250658,watch,user3,lie
2.029792256,0.004315913,0.001245394,0.004586577,-0.011187760,-0.000964841,0.000109027,watch,user3,lie
2.039791104,0.006107539,0.001362443,0.004669785,-0.012329990,0.000693509,0.000183330,watch,user3,lie
2.049790208,0.006564498,0.001895681,0.005837500,-0.014831808,-0.003265191,-0.001394926,watch,user3,lie
2.059789056,0.006948739,0.001116276,0.004613817,-0.013256549,-0.001758641,-0.002660727,watch,user3,lie
2.069788160,0.007162899,0.000783816,0.006859422,-0.010520684,-0.003300078,-0.002468180,watch,user3,lie
2.079787264,0.006029516,0.001726478,0.003925383,-0.006222873,-0.003169318,-0.001661509,watch,user3,lie
2.089785600,0.008402288,-0.000063226,0.001794636,-0.007733508,-0.002152877,-0.002847681,watch,user3,lie
2.099784704,0.007457972,-0.000221416,0.003492475,-0.013435335,-0.003452500,0.000518022,watch,user3,lie
2.109783808,0.005266637,-0.000901535,0.006238401,-0.008316429,-0.004903212,-0.000367146,watch,user3,lie
2.119782656,0.005064696,-0.002125487,0.005276859,-0.013982038,-0.004788164,-0.001313367,watch,user3,lie
2.129781504,0.005248696,-0.000683114,0.005635202,-0.009149910,-0.003409890,-0.001040793,watch,user3,lie
2.139780608,0.004046381,0.000588536,0.003286123,-0.004705094,-0.004354779,0.000456703,watch,user3,lie
2.149779712,0.003695756,0.001252204,0.003276467,-0.005366800,-0.005494257,0.000879879,watch,user3,lie
2.159778816,0.004723400,0.000492215,0.002846539,-0.004052264,-0.007590431,-0.004119673,watch,user3,lie
2.169777664,0.005246609,0.000649437,0.003338158,-0.004465809,-0.007773213,0.001180484,watch,user3,lie
2.179776512,0.005884975,0.001088649,0.004430234,-0.006378225,-0.007435258,0.001807125,watch,user3,lie
2.189775616,0.005897284,-0.000063300,0.005554914,-0.008899794,-0.006338922,0.001742411,watch,user3,lie
2.199774720,0.005379617,-0.001288295,0.007109046,-0.011192776,-0.009199425,0.003488113,watch,user3,lie
2.209773568,0.005801141,-0.000882328,0.007934093,-0.015233014,-0.005618627,0.008016885,watch,user3,lie
2.219772672,0.005291641,0.000039518,0.008395433,-0.014908108,-0.007046880,0.007848839,watch,user3,lie
2.229771776,0.005421579,-0.001541033,0.007257104,-0.016396903,-0.005559327,0.007024857,watch,user3,lie
2.239770880,0.003532439,-0.000322804,0.007722974,-0.013546523,-0.004963311,0.004515893,watch,user3,lie
2.249769472,0.000965357,0.000583231,0.004128695,-0.004802255,-0.006057160,0.002985308,watch,user3,lie
2.259768576,0.004208386,0.000990495,0.003261268,0.002519840,-0.005383114,0.003506755,watch,user3,lie
2.269767680,0.003945351,0.002159357,0.001622200,-0.000432407,-0.002146575,0.002290156,watch,user3,lie
2.279766784,0.001264423,0.000707388,0.001623511,-0.003538185,-0.004371112,0.003805495,watch,user3,lie
2.289765632,0.001612931,-0.001969695,0.002332926,-0.004484318,-0.003222403,0.002269916,watch,user3,lie
2.299764736,0.001919508,-0.001766235,0.001169205,-0.002499198,-0.003638122,0.004026005,watch,user3,lie
2.309763584,0.003152549,-0.000015214,0.002137303,0.002916207,-0.004577686,0.000974222,watch,user3,lie
2.319762688,0.005049229,0.000836983,0.004137576,-0.003290556,-0.001901742,-0.000869218,watch,user3,lie
2.329761536,0.005472332,0.001205876,0.007722735,-0.006117412,-0.003837504,-0.001549656,watch,user3,lie
2.339760640,0.006893665,0.000734434,0.006535053,-0.011151054,0.004250516,0.001141468,watch,user3,lie
2.349759744,0.006433070,-0.000271842,0.008472085,-0.015640344,0.006425519,0.004760304,watch,user3,lie
2.359758848,0.007507563,0.000982791,0.011027336,-0.022829281,0.008381079,0.014690700,watch,user3,lie
2.369757696,0.009645849,0.002030745,0.013137341,-0.021021616,0.011809809,0.020684410,watch,user3,lie
2.379756544,0.011454433,0.004138708,0.010873973,-0.010723172,0.013037527,0.026444826,watch,user3,lie
2.389755648,0.008907646,0.003823593,0.012873709,-0.001813389,0.014690462,0.035661895,watch,user3,lie
2.399754752,0.006849200,0.000249192,0.009395897,0.005729216,0.017683588,0.041572515,watch,user3,lie
2.409753600,0.005646050,-0.004879028,0.004328728,-0.000388065,0.019444205,0.044800133,watch,user3,lie
2.419752704,0.001798749,-0.005674005,-0.001010716,-0.007881935,0.015644940,0.038457815,watch,user3,lie
2.429751808,0.000344127,-0.005996913,-0.003013253,-0.000889183,0.016182721,0.030856755,watch,user3,lie
2.439750656,0.000072330,-0.001161456,-0.006896257,0.003331128,0.014586954,0.032840278,watch,user3,lie
2.449749504,-0.002397865,0.001802251,-0.006726682,0.003487278,0.012996070,0.025696347,watch,user3,lie
2.459748608,-0.004057020,0.000596359,-0.001297891,-0.002604703,0.014638443,0.019132720,watch,user3,lie
2.469747712,-0.002662987,-0.000666529,0.004038751,-0.006197529,0.017347854,0.014240026,watch,user3,lie
2.479746816,0.000277668,0.000794739,0.004271448,-0.012410152,0.015732380,0.010584305,watch,user3,lie
2.489745664,0.004394621,-0.000550508,0.008158803,-0.020472916,0.013686095,0.010658141,watch,user3,lie
2.499744768,0.004732132,-0.000116900,0.009657085,-0.013171327,0.012189932,0.008488730,watch,user3,lie
2.509743616,0.006284505,0.002053574,0.009894788,-0.015442160,0.011386633,0.010498685,watch,user3,lie
2.519742720,0.008599550,0.002701253,0.008475602,-0.015964406,0.012279058,0.010647555,watch,user3,lie
2.529741568,0.008265913,0.002053007,0.006589115,-0.019955419,0.008798840,0.009850072,watch,user3,lie
2.539740672,0.009205520,0.003017649,0.006535649,-0.021269158,0.005552446,0.009454592,watch,user3,lie
2.549739776,0.010468453,0.006700858,0.004243612,-0.014918539,0.003652192,0.011600368,watch,user3,lie
2.559738880,0.011393249,0.007854402,0.003847837,-0.005967121,0.003394664,0.012164958,watch,user3,lie
2.569737472,0.009704590,0.009166524,0.001789510,0.004070643,-0.002484352,0.012005368,watch,user3,lie
2.579736576,0.008657306,0.008766189,-0.000173032,0.008669389,-0.001312561,0.014028572,watch,user3,lie
2.589735680,0.006086260,0.006746918,-0.001941025,0.022754850,-0.003689167,0.015821943,watch,user3,lie
2.599734784,0.004529685,0.006224364,-0.000826478,0.028626854,-0.002871044,0.018390296,watch,user3,lie
2.609733632,0.003781945,0.004275382,-0.000294507,0.034380924,-0.001603467,0.021198533,watch,user3,lie
2.619732736,0.003806889,0.002948329,0.001277328,0.040803138,-0.000482277,0.022216395,watch,user3,lie
2.629731840,0.001394361,0.002310351,0.003109992,0.041390453,0.000782548,0.022745164,watch,user3,lie
2.639730688,0.000216812,0.000504255,0.006392539,0.045907173,0.004704318,0.023461288,watch,user3,lie
2.649729536,0.000104159,-0.002359793,0.008053184,0.037520256,0.005220616,0.022190161,watch,user3,lie
2.659728640,0.001211792,-0.003804758,0.009947240,0.028717978,0.012344306,0.021895349,watch,user3,lie
2.669727744,0.003296971,-0.002361447,0.008016229,0.028718110,0.010428428,0.022069054,watch,user3,lie
2.679726848,0.004295945,-0.000264421,0.006867230,0.034946978,0.010424700,0.023650439,watch,user3,lie
2.689725696,0.006355464,0.001696914,0.006871223,0.036182728,0.011142333,0.023286719,watch,user3,lie
2.699724544,0.006211191,0.001037344,0.005054593,0.034439687,0.011930895,0.023339981,watch,user3,lie
2.709723648,0.006131142,-0.000206873,0.003846228,0.023991089,0.009819452,0.020018952,watch,user3,lie
2.719722752,0.004548430,-0.003811091,0.005610049,0.015398400,0.004858249,0.020117490,watch,user3,lie
2.729721600,0.005338579,-0.001829773,0.004738867,0.007907371,0.005051506,0.018549154,watch,user3,lie
2.739720704,0.005890250,-0.000226200,0.005769730,0.006254879,0.004236844,0.014898493,watch,user3,lie
2.749719808,0.005899906,0.000506863,0.002414703,0.009948639,0.003859564,0.013018235,watch,user3,lie
2.759718656,0.008513182,0.001846835,0.000596702,0.016137559,-0.000575665,0.012801719,watch,user3,lie
2.769717504,0.007943988,0.005222023,0.000212669,0.021149496,-0.002249195,0.010760340,watch,user3,lie
2.779716608,0.008567452,0.004774243,0.001978338,0.024073115,-0.004636186,0.008226076,watch,user3,lie
2.789715712,0.007461071,0.002815396,0.002445161,0.015716426,-0.002788574,0.003953633,watch,user3,lie
2.799714560,0.007952273,0.000832289,0.002444744,0.016932158,-0.008863511,0.006375246,watch,user3,lie
2.809713664,0.005805403,-0.001430556,0.003602982,0.020354277,-0.011750022,0.004284864,watch,user3,lie
2.819712768,0.005878389,-0.001075670,0.002927721,0.026679283,-0.010316975,0.001149524,watch,user3,lie
2.829711616,0.005428582,-0.001557156,0.001558065,0.023832807,-0.012988746,0.000893994,watch,user3,lie
2.839710720,0.005221277,-0.001181096,0.002243400,0.018093163,-0.016848998,-0.002634694,watch,user3,lie
2.849709568,0.003602743,-0.003368244,0.004166126,0.010478520,-0.014215399,-0.005600457,watch,user3,lie
2.859708672,0.001351446,-0.001455650,0.004952133,0.005229163,-0.013833502,-0.007153879,watch,user3,lie
2.869707776,0.002450049,-0.000731409,0.004524827,0.002015881,-0.010664783,-0.010369380,watch,user3,lie
2.879706624,0.002024680,0.001485825,0.003301144,0.008570986,-0.011861607,-0.010053796,watch,user3,lie
2.889705728,0.002467602,0.001084536,0.001853883,0.013300716,-0.008573049,-0.008467949,watch,user3,lie
2.899704576,0.001264691,0.000382826,0.004415452,0.010433557,-0.008823386,-0.009895404,watch,user3,lie
2.909703680,0.002636701,-0.003111914,0.005599916,-0.001192606,-0.009106480,-0.009072553,watch,user3,lie
2.919702528,0.004523128,-0.007125154,0.004868805,-0.009422307,-0.006068612,-0.005335073,watch,user3,lie
2.929701632,0.004642040,-0.004146621,0.006767750,-0.004156927,-0.007037026,-0.007074051,watch,user3,lie
2.939700736,0.008402973,-0.001718462,0.005348086,0.007548199,-0.008303359,-0.005997601,watch,user3,lie
2.949699840,0.008608937,0.002466664,0.002217233,0.016498417,-0.014813989,-0.003602021,watch,user3,lie
2.959698432,0.008720011,0.004019171,0.002155185,0.013330587,-0.016135182,-0.003472858,watch,user3,lie
2.969697536,0.008765906,0.003167927,0.002303362,0.009345166,-0.020659894,-0.003062331,watch,user3,lie
2.979696640,0.008669883,0.001541317,0.001520038,0.008788301,-0.024027461,-0.003542766,watch,user3,lie
2.989695744,0.008361459,0.000689104,0.001572132,0.008011457,-0.025338801,-0.000402366,watch,user3,lie
2.999694592,0.007931173,0.001688629,0.002002597,0.008705743,-0.028246975,-0.000479065,watch,user3,lie
3.009693696,0.008219808,0.000720248,0.003343940,0.004490446,-0.026580278,-0.001721230,watch,user3,lie
3.019692800,0.007509470,-0.000813514,0.004870594,-0.008526286,-0.029484987,-0.003255744,watch,user3,lie
3.029691648,0.006458253,-0.003055766,0.003609478,-0.011848802,-0.028162284,-0.003518265,watch,user3,lie
3.039690496,0.003233314,-0.002913728,0.004666150,-0.016077103,-0.031582050,-0.002482828,watch,user3,lie
3.049689600,0.004592001,-0.003005669,0.005532503,-0.015853131,-0.029440070,-0.001421824,watch,user3,lie
3.059688704,0.004107773,-0.002046376,0.008438587,-0.013399027,-0.026436025,-0.004559561,watch,user3,lie
3.069687808,0.006055713,-0.000639498,0.009136200,-0.016013985,-0.025703656,-0.004410690,watch,user3,lie
3.079686656,0.006454289,-0.003116995,0.008190930,-0.020906745,-0.021618100,-0.009139931,watch,user3,lie
3.089686272,0.002467871,-0.003872022,0.006535888,-0.021989852,-0.023149682,-0.011362072,watch,user3,lie
3.099685376,0.002795815,-0.003216550,0.004117489,-0.020811938,-0.019284105,-0.011432113,watch,user3,lie
3.109684224,0.004514456,-0.001394004,0.004185617,-0.022185862,-0.022219973,-0.015264403,watch,user3,lie
3.119683328,0.003419876,-0.003801033,0.001791596,-0.023806661,-0.020908633,-0.013341866,watch,user3,lie
3.129682176,0.001428574,-0.001942873,0.002379835,-0.028463952,-0.015870554,-0.013916111,watch,user3,lie
3.139681280,0.001138866,-0.002157435,0.003595173,-0.027926261,-0.016075084,-0.016986469,watch,user3,lie
3.149680384,0.002031654,-0.001030356,0.002356350,-0.026239546,-0.018454352,-0.019308014,watch,user3,lie
3.159679232,0.002697557,0.000198469,0.004001200,-0.026139678,-0.015683867,-0.019540774,watch,user3,lie
3.169678336,0.002211124,0.003268272,0.004988194,-0.020600347,-0.012434188,-0.019267336,watch,user3,lie
3.179677440,0.002383739,0.004046276,0.004860997,-0.012449211,-0.010770511,-0.019164801,watch,user3,lie
3.189676288,0.005471826,0.005676910,0.003857017,-0.008150248,-0.008358397,-0.021767376,watch,user3,lie
3.199675136,0.003628820,0.005865470,0.003295422,-0.004633544,-0.009685183,-0.022074705,watch,user3,lie
3.209674240,0.005851716,0.005339369,0.002470851,-0.004686896,-0.013149779,-0.019673731,watch,user3,lie
3.219673344,0.008670002,0.007132769,0.003977299,-0.005544167,-0.016035581,-0.017228950,watch,user3,lie
3.229672192,0.009544045,0.005217165,0.003486991,0.000847730,-0.020363839,-0.021210043,watch,user3,lie
3.239671296,0.008166522,0.003857315,0.001271784,0.005580700,-0.019370748,-0.017944209,watch,user3,lie
3.249670400,0.010169894,0.001697168,-0.000411749,0.009590134,-0.022939738,-0.013244861,watch,user3,lie
3.259669248,0.015321970,0.000467673,0.003163517,0.005293922,-0.033911161,-0.015345562,watch,user3,lie
3.269668096,0.014770299,-0.003707379,0.001038313,0.000836412,-0.039982282,-0.009784749,watch,user3,lie
3.279667200,0.008192509,-0.005749896,-0.000546396,-0.005918164,-0.035093516,-0.006269110,watch,user3,lie
3.289666304,0.003873110,-0.003908366,0.003022790,-0.013122636,-0.042795468,-0.009355049,watch,user3,lie
3.299665408,0.005429834,0.001327574,0.002503514,-0.007129990,-0.043253530,-0.009119359,watch,user3,lie
3.309664256,0.006394267,0.003250957,0.000710964,0.000491266,-0.044921648,-0.012121939,watch,user3,lie
3.319663360,0.003605634,0.003950357,0.003094435,0.006962747,-0.040554862,-0.011625260,watch,user3,lie
3.329662208,0.002028227,0.002355725,0.007136405,0.001522664,-0.042729773,-0.017706787,watch,user3,lie
3.339661312,0.000615478,0.001291916,0.005666673,-0.004152532,-0.036581606,-0.015113669,watch,user3,lie
3.349660160,-0.003150076,0.000242978,0.008048892,-0.012592134,-0.036478180,-0.017129881,watch,user3,lie
3.359659264,0.003132999,-0.002550051,0.006408095,-0.009836295,-0.036952492,-0.022766195,watch,user3,lie
3.369658368,-0.002729774,-0.002212539,0.005623937,-0.009479077,-0.026818011,-0.018686764,watch,user3,lie
3.379657472,-0.000504464,0.000163063,0.005403221,-0.006669441,-0.029568791,-0.012870687,watch,user3,lie
3.389656064,0.006110340,-0.002605602,0.007959962,-0.008146076,-0.025689805,-0.012995590,watch,user3,lie
3.399655168,0.001705021,-0.005606130,0.006837010,-0.017317468,-0.015865138,-0.015317599,watch,user3,lie
3.409654272,0.001660317,-0.005686060,0.007458806,-0.027827146,-0.020143950,-0.005119757,watch,user3,lie
3.419653376,0.006081730,-0.007150382,0.007824540,-0.036623836,-0.017948439,-0.005319494,watch,user3,lie
3.429652224,0.008321822,-0.006240904,0.005068064,-0.037223179,-0.018882412,-0.009163034,watch,user3,lie
3.439651328,0.006245613,-0.003230229,0.002576113,-0.025478905,-0.016771857,-0.006206925,watch,user3,lie
3.449651456,0.004405916,0.001045972,0.002332270,-0.019619685,-0.013794175,-0.006389086,watch,user3,lie
3.459650304,0.007517189,0.002300143,0.003185213,-0.015535993,-0.018760439,-0.002169840,watch,user3,lie
3.469649152,0.006260097,0.003147751,0.004076362,-0.013802585,-0.015550442,0.000415757,watch,user3,lie
3.479648256,0.004188091,0.003353477,0.007001102,-0.010619309,-0.011929609,-0.001344326,watch,user3,lie
3.489647360,0.004046381,0.005410910,0.003192008,-0.009946816,-0.013862086,0.005479425,watch,user3,lie
3.499646208,0.006288797,0.005018026,0.005072892,-0.004144587,-0.011559783,0.002832775,watch,user3,lie
3.509645312,0.004269093,0.003229246,0.003654480,0.002819579,-0.010808239,0.006501013,watch,user3,lie
3.519644416,0.006550282,0.005504310,0.004242301,0.010259120,-0.014991267,0.005579027,watch,user3,lie
3.529643264,0.007366836,0.001694933,0.002433956,0.009284535,-0.015589945,0.007566344,watch,user3,lie
3.539642112,0.007434517,0.001618668,0.002742350,0.006456525,-0.015453057,0.006507738,watch,user3,lie
3.549641216,0.006070137,0.003006965,0.005014300,0.001500782,-0.012952084,0.009163376,watch,user3,lie
3.559640320,0.005900472,0.001834154,0.007833242,0.001284267,-0.010485729,0.007088773,watch,user3,lie
3.569639424,0.004710078,0.001437530,0.008273244,0.001314094,-0.007044927,0.006752150,watch,user3,lie
3.579638272,0.004849494,0.000792459,0.008713305,0.004675004,-0.009521931,0.004359566,watch,user3,lie
3.589637376,0.005716830,0.002694845,0.008950353,0.004501987,-0.004534809,0.006390758,watch,user3,lie
3.599636224,0.005720586,0.001718491,0.007831037,0.003254029,-0.003817087,0.004061025,watch,user3,lie
3.609635328,0.005069166,-0.000203758,0.006116986,0.000717590,-0.005386398,0.002513795,watch,user3,lie
3.619634176,0.002784908,-0.000406489,0.006277382,-0.001000947,-0.003712069,0.004919428,watch,user3,lie
3.629633280,0.003618687,-0.002323762,0.004628479,-0.002581312,-0.003234209,0.002192552,watch,user3,lie
3.639632384,0.002123266,-0.003182918,0.002397120,-0.004391728,-0.003892010,0.002763533,watch,user3,lie
3.649631488,0.000665307,-0.000485539,0.002487838,0.003164769,-0.001942931,0.001229486,watch,user3,lie
3.659630080,0.002240777,0.000034541,0.000644624,0.011153986,-0.004539780,-0.000115144,watch,user3,lie
3.669629184,0.004005015,-0.001360357,-0.000561118,0.009998173,-0.006450066,0.000689130,watch,user3,lie
3.679628288,0.001352102,-0.000272974,0.002165079,0.011495936,-0.007203473,-0.005147187,watch,user3,lie
3.689627392,0.000448793,0.000071034,0.004218817,0.003233168,-0.009244165,-0.000500304,watch,user3,lie
3.699626240,0.003248721,-0.003636494,0.004498005,-0.004546991,-0.008554672,-0.001255310,watch,user3,lie
3.709625344,0.000897497,-0.003838375,0.005421102,-0.007744205,-0.007139025,-0.006735164,watch,user3,lie
3.719624448,0.001212150,-0.002248839,0.004164398,0.000775514,-0.006388280,-0.008016144,watch,user3,lie
3.729623296,0.000328869,0.001118958,0.004235268,0.010808440,-0.007181635,-0.013574294,watch,user3,lie
3.739622144,0.002515286,0.003625661,0.001283407,0.009503758,-0.007715866,-0.015522130,watch,user3,lie
3.749621248,0.001666129,0.001008838,0.002421856,0.005630856,-0.009026408,-0.017938882,watch,user3,lie
3.759620352,-0.001314521,-0.003257602,0.003392637,-0.008024502,-0.007132367,-0.019076852,watch,user3,lie
3.769619456,-0.000946790,-0.001124740,0.003646851,-0.019986002,-0.005336242,-0.015475858,watch,user3,lie
3.779618304,0.003382206,-0.000625357,0.006234586,-0.022175387,-0.004337291,-0.020566223,watch,user3,lie
3.789617152,0.001054466,0.000654623,0.006080210,-0.006494960,0.003824499,-0.017626228,watch,user3,lie
3.799616256,0.003517628,0.002957031,0.006065488,0.004325463,0.002984005,-0.010161120,watch,user3,lie
3.809615360,0.009621650,0.002818868,0.009292066,-0.002401459,-0.000792003,-0.014805740,watch,user3,lie
3.819614208,0.010526925,0.000016376,0.007780075,-0.006397000,0.004763085,-0.013447794,watch,user3,lie
3.829613312,0.009810627,-0.003564581,0.007030606,-0.010891218,0.002647204,-0.005113897,watch,user3,lie
3.839612416,0.013325334,-0.000813022,0.006292760,-0.002790148,-0.004821897,-0.006847615,watch,user3,lie
3.849611520,0.012090325,0.001969755,0.006603718,0.008811292,-0.005575927,-0.001798928,watch,user3,lie
3.859610112,0.011279225,0.003868550,0.002569079,0.016520077,-0.007993013,0.004576946,watch,user3,lie
3.869609216,0.012256801,0.003654495,0.004224598,0.016665576,-0.006445094,0.003997575,watch,user3,lie
3.879608320,0.006956309,0.002867848,0.003349900,0.014706288,-0.002168591,0.014703217,watch,user3,lie
3.889607424,0.007597595,0.004389286,0.003332734,0.010698941,-0.010327272,0.020137796,watch,user3,lie
3.899606272,0.007780850,0.002962112,0.003936291,0.017314499,-0.009337109,0.016129207,watch,user3,lie
3.909605376,0.003950566,0.003440738,0.002293348,0.019459233,-0.006085834,0.022574056,watch,user3,lie
3.919604224,0.004075289,0.007470712,0.002825677,0.026379190,-0.006282641,0.021721845,watch,user3,lie
3.929603328,0.004730880,0.003536537,0.002772868,0.033779755,-0.005031577,0.024446525,watch,user3,lie
3.939602176,0.002326906,0.002877086,0.002590954,0.033039931,-0.002619286,0.026574923,watch,user3,lie
3.949601280,0.002108186,0.001619548,0.004094839,0.031999614,-0.000772739,0.024230009,watch,user3,lie
3.959600384,0.002163798,-0.000677958,0.005378842,0.028140958,0.002990308,0.026589038,watch,user3,lie
3.969599488,0.001996547,-0.002921343,0.006524920,0.022986099,0.003390404,0.027980207,watch,user3,lie
3.979598336,0.001822799,-0.003489360,0.006192148,0.014471175,0.005010138,0.029479301,watch,user3,lie
3.989597184,0.002830863,-0.002755284,0.007320881,0.007027329,0.005435267,0.026489303,watch,user3,lie
3.999596288,0.004212946,-0.003367707,0.008655906,-0.002614646,0.008733060,0.027070137,watch,user3,lie
4.009595392,0.002834260,-0.004345000,0.011483133,-0.016313946,0.006074958,0.026372256,watch,user3,lie
4.019594240,0.001342505,-0.008158937,0.013780117,-0.022155056,0.012310751,0.024590869,watch,user3,lie
4.029593344,0.000437558,-0.005194843,0.009397924,-0.016499657,0.016214322,0.027740721,watch,user3,lie
4.039592448,0.002530336,-0.004964799,0.007458806,-0.012123818,0.015564512,0.030535975,watch,user3,lie
4.049591296,0.001705706,-0.001781344,0.004895926,-0.021584786,0.017616123,0.027625939,watch,user3,lie
4.059590144,0.003365874,-0.000254869,0.003485084,-0.035353061,0.013295677,0.022834113,watch,user3,lie
4.069589248,0.003586560,0.002846643,0.001925111,-0.043970961,0.013490709,0.014695494,watch,user3,lie
4.079588352,0.003271401,0.004267439,0.000577569,-0.038178585,0.012821190,0.014354076,watch,user3,lie
4.089586688,0.003779560,0.004433081,-0.001187325,-0.029754255,0.014302528,0.011400963,watch,user3,lie
4.099585536,0.003365606,0.004922926,-0.000168800,-0.025170155,0.012383721,0.005986757,watch,user3,lie
4.109584640,0.003440201,0.004225239,0.003085196,-0.017493594,0.008396436,0.005477693,watch,user3,lie
4.119583744,0.005230993,0.001421332,0.003868461,-0.010995480,0.008891784,0.001942081,watch,user3,lie
4.129582848,0.004198462,0.000567690,0.005513787,-0.008932108,0.010757151,0.000874620,watch,user3,lie
4.139581440,0.001700938,-0.003562614,0.005814254,-0.013838183,0.008685744,-0.002463386,watch,user3,lie
4.149580544,0.003900617,-0.006634399,0.006342530,-0.028779980,0.008487605,-0.007425721,watch,user3,lie
4.159579648,0.004195452,-0.007764995,0.005837500,-0.044781849,0.009442614,-0.006221173,watch,user3,lie
4.169578752,0.005363882,-0.008887768,0.004079759,-0.050882798,0.009382783,-0.009668102,watch,user3,lie
4.179577600,0.005969465,-0.004897743,0.003327012,-0.056240812,0.006500177,-0.006787095,watch,user3,lie
4.189576704,0.005749255,-0.002227962,0.003868878,-0.050857008,0.008443308,-0.007868006,watch,user3,lie
4.199575552,0.007546633,0.000657871,0.003172100,-0.046371181,0.003915401,-0.005723628,watch,user3,lie
4.209574656,0.007598430,0.000607222,0.001936436,-0.045005243,0.002807260,-0.007399023,watch,user3,lie
4.219573504,0.006542802,0.001436681,0.001689851,-0.044522148,0.000265006,-0.007222189,watch,user3,lie
4.229572608,0.005335808,0.001631364,-0.000796616,-0.037133653,-0.003978386,-0.007756685,watch,user3,lie
4.239571712,0.005493522,0.001541033,-0.000162542,-0.026316691,-0.003332569,-0.007257609,watch,user3,lie
4.249570816,0.003087580,0.000184938,0.001116872,-0.020102914,-0.005012935,-0.006113648,watch,user3,lie
4.259569664,0.005617350,-0.002865121,0.003778934,-0.025072107,-0.002207827,-0.005117626,watch,user3,lie
4.269568512,0.002472043,-0.002925396,0.007055402,-0.033846822,-0.004109324,-0.005519297,watch,user3,lie
4.279567616,0.005266011,-0.002066925,0.007228792,-0.037427440,-0.001218996,-0.011400622,watch,user3,lie
4.289566720,0.005908012,0.001418650,0.004075825,-0.036698133,-0.004493352,-0.012681669,watch,user3,lie
4.299565568,0.009027719,0.003558561,0.002455950,-0.032950006,-0.002306630,-0.011049684,watch,user3,lie
4.309564672,0.008352816,0.004756972,0.002952814,-0.025309881,-0.005703581,-0.012215283,watch,user3,lie
4.319563776,0.006979972,0.002289295,0.002449036,-0.027476629,-0.006704664,-0.013177750,watch,user3,lie
4.329562624,0.004345089,-0.000974283,0.006231010,-0.032896962,-0.005878551,-0.014611462,watch,user3,lie
4.339561472,0.003938764,-0.001207516,0.005578458,-0.035477031,-0.004761355,-0.011978662,watch,user3,lie
4.349560576,0.003441244,-0.001723394,0.003343225,-0.032803617,-0.009132933,-0.010819055,watch,user3,lie
4.359559680,0.005365908,-0.001082361,0.005166709,-0.023585619,-0.007400814,-0.008777209,watch,user3,lie
4.369559552,0.007018328,-0.000270799,0.002236605,-0.015446777,-0.007457450,-0.011603688,watch,user3,lie
4.379557632,0.005107820,0.001347631,0.002753615,-0.016071554,-0.011663914,-0.010537093,watch,user3,lie
4.389557760,0.005209297,-0.001428232,0.004545748,-0.019520480,-0.008967463,-0.010676175,watch,user3,lie
4.399556864,0.004354388,-0.003771722,0.004330218,-0.028115034,-0.008008990,-0.011781920,watch,user3,lie
4.409555456,0.002371967,-0.002825767,0.005582511,-0.030078672,-0.007904418,-0.012112818,watch,user3,lie
4.419554560,0.002524614,-0.001477346,0.002657533,-0.017791646,-0.005581343,-0.014978912,watch,user3,lie
4.429553664,0.001824468,0.001454026,0.003506303,-0.016053446,-0.007398328,-0.013948468,watch,user3,lie
4.439552768,0.004133552,-0.000306189,0.003677785,-0.015843054,-0.006446515,-0.016784733,watch,user3,lie
4.449551616,0.001574278,-0.001399711,0.003093719,-0.014187279,-0.010058205,-0.015427455,watch,user3,lie
4.459550720,0.003042400,-0.001964301,0.002834499,-0.010201326,-0.005244807,-0.012004760,watch,user3,lie
4.469549824,0.004909486,-0.001875579,0.004254460,-0.007610336,-0.008281078,-0.012272009,watch,user3,lie
4.479548672,0.005705416,-0.001182765,0.003590584,-0.013683143,-0.009416383,-0.009567568,watch,user3,lie
4.489547520,0.007168174,-0.000504389,0.004472435,-0.018840931,-0.007292423,-0.008527936,watch,user3,lie
4.499546624,0.004915863,-0.000900134,0.005613267,-0.027224563,-0.006609855,-0.007291964,watch,user3,lie
4.509545728,0.004976332,0.000248253,0.004964709,-0.022862349,-0.007035606,-0.005356711,watch,user3,lie
4.519544832,0.006378978,0.002283961,0.004822135,-0.017235622,-0.005525593,-0.002527635,watch,user3,lie
4.529543680,0.006922841,0.004890159,0.004538298,-0.010483443,-0.006060090,0.000381202,watch,user3,lie
4.539542528,0.007258058,0.002461672,0.004582644,-0.014444362,-0.003841942,-0.003894769,watch,user3,lie
4.549541632,0.007021815,0.000931427,0.005784631,-0.014507302,-0.004319803,-0.003035367,watch,user3,lie
4.559540736,0.005375534,-0.001131684,0.004648745,-0.010898985,-0.008058615,-0.003275051,watch,user3,lie
4.569539584,0.005200684,0.000768334,0.002876639,-0.011194197,-0.007469790,-0.004843720,watch,user3,lie
4.579538688,0.003963679,0.001013502,0.001678824,-0.006191715,-0.006822376,-0.005865575,watch,user3,lie
4.589537792,0.004249990,0.000971690,0.001545787,-0.008318204,-0.006139364,-0.006092143,watch,user3,lie
4.599536896,0.001227468,0.000427991,0.004789770,-0.009796792,-0.005260520,-0.003128045,watch,user3,lie
4.609535488,0.002375752,0.000084519,0.006324887,-0.017537048,-0.005139257,-0.002587623,watch,user3,lie
4.619534592,0.003552169,-0.001405150,0.007410526,-0.013614210,-0.004950972,-0.003563139,watch,user3,lie
4.629533696,0.003174692,-0.000893071,0.005284250,-0.009019725,-0.002106716,-0.003982187,watch,user3,lie
4.639532800,0.005590498,0.001875788,0.004670858,-0.003556783,-0.006925439,-0.004792055,watch,user3,lie
4.649531648,0.004678547,0.001357809,0.002983987,0.000203334,-0.006915852,-0.003254612,watch,user3,lie
4.659530752,0.002430499,0.000462070,0.001745701,0.001482450,-0.004783459,-0.001871099,watch,user3,lie
4.669529600,0.002535403,0.001279995,0.003149629,0.002525921,-0.003678336,0.000124074,watch,user3,lie
4.679528704,0.003834993,0.001207426,0.003605306,0.003352566,-0.003517481,0.004057563,watch,user3,lie
4.689527552,0.003125399,0.002844498,0.003816962,-0.005470220,-0.002355011,0.002406670,watch,user3,lie
4.699526656,0.006856650,0.000739783,0.004569590,-0.013558507,0.000647703,0.003242902,watch,user3,lie
4.709525760,0.005426168,-0.000196666,0.006375611,-0.016781596,0.001122544,0.000872888,watch,user3,lie
4.719524864,0.005215555,-0.000337079,0.005749702,-0.010976971,0.001716163,0.003908626,watch,user3,lie
4.729523712,0.005773336,0.001412541,0.004779994,0.002309761,-0.002230287,0.005989420,watch,user3,lie
4.739522560,0.006838590,0.002881721,0.005844474,0.008164189,-0.004108881,0.007334583,watch,user3,lie
4.749521664,0.005695194,0.000815377,0.005785108,0.005868588,-0.004877558,0.011659623,watch,user3,lie
4.759520768,0.004693687,0.000382587,0.005700767,0.006369795,-0.007540453,0.008569557,watch,user3,lie
4.769519616,0.006126612,-0.000739276,0.004355252,0.008757718,-0.006526587,0.009847142,watch,user3,lie
4.779518720,0.004028738,-0.001442164,0.001960516,0.014695502,-0.006622195,0.013771842,watch,user3,lie
4.789517824,0.005129784,0.001980975,0.000466406,0.013948175,-0.003770393,0.016135065,watch,user3,lie
4.799516672,0.003427237,0.000721306,0.005215764,0.006955512,-0.006677766,0.015420273,watch,user3,lie
4.809515520,0.001750588,-0.004045472,0.006641507,-0.001317775,-0.000582234,0.016014025,watch,user3,lie
4.819514624,-0.000427604,-0.003680453,0.007072806,0.008442444,0.005642639,0.022914806,watch,user3,lie
4.829513728,0.001936078,-0.000325695,0.004790604,0.020555345,0.000670428,0.021087281,watch,user3,lie
4.839512832,0.004429251,0.003726423,0.001434624,0.024490431,-0.000815615,0.020056903,watch,user3,lie
4.849511680,0.004117161,0.006522611,0.000632584,0.025682151,0.000341617,0.016565433,watch,user3,lie
4.859510784,0.005569398,0.005445361,0.003660679,0.029921638,-0.001004611,0.017384354,watch,user3,lie
4.869509632,0.004761904,0.001910880,0.004109323,0.029385719,0.000125013,0.017475033,watch,user3,lie
4.879508736,0.002365589,-0.000304922,0.005057037,0.022190392,0.002093089,0.018114459,watch,user3,lie
4.889507584,0.001011521,-0.002287209,0.006511450,0.011758924,0.003288049,0.015948178,watch,user3,lie
4.899506688,0.000815153,-0.003249064,0.006174326,0.001627726,0.002854753,0.012756912,watch,user3,lie
4.909505792,0.002017677,-0.004353255,0.006374657,-0.008031382,0.003243219,0.014505277,watch,user3,lie
4.919504640,0.002511352,-0.004071444,0.007854402,-0.009701184,0.003999291,0.012362498,watch,user3,lie
4.929503488,0.002635926,-0.001841754,0.004327118,-0.009215201,0.003595112,0.009110312,watch,user3,lie
4.939502592,0.002840400,-0.000402167,0.002559364,-0.009025850,0.003221737,0.005026088,watch,user3,lie
4.949501696,0.001465857,-0.000618890,0.003597736,-0.008263165,0.003777894,0.005637217,watch,user3,lie
4.959500544,0.003353417,-0.001440361,0.002004802,-0.006003207,0.001798100,0.003919212,watch,user3,lie
4.969499648,0.001946986,-0.001620501,0.004758537,-0.010145000,0.003898091,0.001711917,watch,user3,lie
4.979498752,0.000386238,-0.002479240,0.003958642,-0.012661687,0.006537550,0.002381170,watch,user3,lie
4.989497600,0.002386570,-0.001323596,0.004598916,-0.015609007,0.005645923,0.002522717,watch,user3,lie
4.999496704,0.001275063,-0.000788674,0.002225995,-0.015385835,0.006683224,0.003976270,watch,user3,lie
5.009495552,0.003545374,-0.000525475,0.003287435,-0.015175222,0.004329878,-0.000159153,watch,user3,lie
5.019494656,0.004310668,-0.000372872,0.004417062,-0.014244980,0.004487537,-0.000192709,watch,user3,lie
5.029493760,0.004523784,-0.001973912,0.006055117,-0.015782334,-0.001206479,-0.001904988,watch,user3,lie
5.039492608,0.003174365,-0.004073992,0.003308475,-0.015992723,0.001055877,-0.001289265,watch,user3,lie
5.049491712,0.002671927,-0.003566831,0.002008200,-0.014860082,0.000703541,0.000960973,watch,user3,lie
5.059490560,0.005156010,-0.001711830,0.001945019,-0.018051615,-0.001740975,-0.001535208,watch,user3,lie
5.069489664,0.004529864,-0.001408383,0.004259229,-0.023356674,-0.003458360,-0.002047800,watch,user3,lie
5.079488512,0.000477254,0.001135290,0.001886964,-0.014880633,-0.003048765,-0.002225699,watch,user3,lie
5.089486592,0.002687484,0.002924606,-0.001018703,-0.004444548,-0.004878001,-0.003729520,watch,user3,lie
5.099485696,0.001271278,0.000828266,0.001462281,-0.008825980,-0.001459036,-0.001257574,watch,user3,lie
5.109484800,0.001470923,0.001698196,0.004796028,-0.020652991,-0.002345246,-0.001274219,watch,user3,lie
5.119484672,0.002901912,-0.000726223,0.004683316,-0.021035952,0.000035620,-0.000726406,watch,user3,lie
5.129483776,0.004074305,-0.002753079,0.002648473,-0.018887624,0.001793394,-0.000419677,watch,user3,lie
5.139482880,0.001687139,-0.001549959,0.003510714,-0.009763636,0.002327358,0.001871175,watch,user3,lie
5.149481984,0.005467176,-0.000252724,0.000656486,-0.003230546,-0.002632956,-0.002238749,watch,user3,lie
5.159480576,0.004523784,-0.000737041,0.001457095,-0.000398807,-0.003474782,-0.003361005,watch,user3,lie
5.169479680,0.003629327,-0.001588851,0.002148569,-0.009270461,-0.006578430,-0.004854839,watch,user3,lie
5.179478784,0.002158701,-0.001547381,0.001958370,-0.017032512,-0.004420470,-0.005134204,watch,user3,lie
5.189477888,0.000800878,-0.002177626,0.002167761,-0.020749841,-0.003758498,-0.004904240,watch,user3,lie
5.199476736,0.001327217,0.000066623,0.002793908,-0.017579081,-0.004363834,-0.003723927,watch,user3,lie
5.209475840,0.003424853,0.001849875,0.002903342,-0.007694226,-0.005606199,-0.002201797,watch,user3,lie
5.219474688,0.004413724,0.002509490,0.002480745,-0.009496387,-0.009142078,-0.001389800,watch,user3,lie
5.229473792,0.007905811,0.000396147,-0.003957272,-0.017315606,-0.020222869,0.002414792,watch,user3,lie
5.239472640,0.008707076,-0.001098022,-0.007778227,-0.027548801,-0.035217002,0.005920311,watch,user3,lie
5.249471744,0.009109139,-0.001642227,-0.013405502,-0.028982826,-0.041473206,0.011201359,watch,user3,lie
5.259470848,0.006304294,-0.000169024,-0.017753959,-0.030787650,-0.053241983,0.016737806,watch,user3,lie
5.269469952,0.003188521,-0.005952850,-0.018290877,-0.028336609,-0.052549560,0.023718683,watch,user3,lie
5.279468800,-0.006072730,-0.010665134,-0.017325222,-0.068287224,-0.036013462,0.077443160,watch,user3,lie
5.289467648,-0.005320728,-0.026819885,-0.017185926,-0.125257432,-0.086407922,0.026964344,watch,user3,lie
5.299466752,-0.012886703,-0.042221814,-0.044651866,-0.150162786,-0.092077792,0.007303557,watch,user3,lie
5.309465856,-0.011039317,-0.015028164,-0.056063116,-0.178917870,-0.095803559,0.029198535,watch,user3,lie
5.319464704,-0.007778198,0.005048960,-0.056003630,-0.132844657,-0.104602911,-0.000174000,watch,user3,lie
5.329463808,-0.012143075,0.018736690,-0.066838324,-0.054345619,-0.086160168,-0.017566904,watch,user3,lie
5.339462912,-0.009780735,0.059985772,-0.069613039,-0.066534102,0.005585736,0.114553846,watch,user3,lie
5.349461760,0.045446694,0.093316078,-0.086264789,-0.096926637,-0.149910390,0.138352662,watch,user3,lie
5.359460608,0.106358767,-0.003304824,-0.083942413,-0.108496733,-0.233920872,-0.023422396,watch,user3,lie
5.369459712,0.057932496,-0.053066596,-0.147548795,-0.177317441,-0.245188504,0.010713735,watch,user3,lie
5.379458816,0.095589697,-0.029915348,-0.203237355,-0.333839148,-0.373892426,0.021496875,watch,user3,lie
5.389457920,0.120439827,-0.069311082,-0.246397257,-0.564345300,-0.509772003,-0.085652083,watch,user3,lie
5.399456768,0.092328221,-0.125743523,-0.208094716,-0.835934460,-0.506707728,-0.209588140,watch,user3,lie
5.409455872,0.048927546,-0.112581044,-0.161793709,-1.040023088,-0.483742326,-0.320246011,watch,user3,lie
5.419454720,0.047760904,-0.084106281,-0.149649799,-1.130560994,-0.481948435,-0.450635999,watch,user3,lie
5.429453824,0.049860448,-0.064217597,-0.140901029,-1.158071399,-0.458962858,-0.642533541,watch,user3,lie
5.439452672,0.026973724,-0.030338079,-0.156939685,-1.146000028,-0.409510076,-0.858997881,watch,user3,lie
5.449451776,0.017224401,0.016441166,-0.193564773,-1.088815928,-0.374249130,-1.064921737,watch,user3,lie
5.459450880,0.035626441,0.050836593,-0.214539051,-0.968145192,-0.344089627,-1.233847141,watch,user3,lie
5.469449984,0.054903448,0.066387683,-0.212338865,-0.814550400,-0.293308556,-1.312767982,watch,user3,lie
5.479448576,0.076533049,0.058409512,-0.205273390,-0.668296278,-0.270208538,-1.286342740,watch,user3,lie
5.489447680,0.112003684,0.041028589,-0.194940507,-0.558086157,-0.304732084,-1.191991806,watch,user3,lie
5.499446784,0.151598752,0.032569885,-0.189879239,-0.442655742,-0.384713203,-1.099990249,watch,user3,lie
5.509445888,0.177789152,0.040392995,-0.197111189,-0.197522357,-0.470015138,-1.033725619,watch,user3,lie
5.519444736,0.189535096,0.081551790,-0.216382623,0.071240671,-0.479132742,-0.987053752,watch,user3,lie
5.529443840,0.194988042,0.150110871,-0.230341673,0.506536067,-0.434048891,-0.917381942,watch,user3,lie
5.539442944,0.195904702,0.217246205,-0.233027458,1.171210051,-0.403250515,-0.818450570,watch,user3,lie
5.549441792,0.214539930,0.273152083,-0.246387124,1.931565285,-0.354976892,-0.810063481,watch,user3,lie
5.559440640,0.238301069,0.287112772,-0.230760872,2.566871166,-0.346506447,-0.849743545,watch,user3,lie
5.569439744,0.274232805,0.242713064,-0.178273499,2.920536280,-0.436245561,-0.871411562,watch,user3,lie
5.579438848,0.320923805,0.160940394,-0.120183647,3.005827188,-0.604491293,-0.804139853,watch,user3,lie
5.589437952,0.366418540,0.072382584,-0.069701552,2.896644115,-0.767456591,-0.670483828,watch,user3,lie
5.599436800,0.395734578,-0.002842754,-0.032171667,2.644426346,-0.858802795,-0.528374910,watch,user3,lie
5.609435648,0.408908486,-0.070986092,0.013763726,2.301440477,-0.926762640,-0.379942030,watch,user3,lie
5.619434752,0.423794955,-0.151556820,0.091043591,1.916602254,-0.988851309,-0.180860355,watch,user3,lie
5.629433856,0.446824998,-0.255042613,0.168677151,1.536619782,-1.086676121,0.057197217,watch,user3,lie
5.639432704,0.452641964,-0.368681908,0.221595645,1.141160250,-1.206892014,0.292953283,watch,user3,lie
5.649431808,0.436545014,-0.445736766,0.250742853,0.710879743,-1.347222567,0.435103238,watch,user3,lie
5.659430912,0.404370338,-0.482396424,0.276135564,0.260613739,-1.496632218,0.513849735,watch,user3,lie
5.669430016,0.367845982,-0.485957384,0.319489658,-0.173939571,-1.624587297,0.534222901,watch,user3,lie
5.679428608,0.361074597,-0.449689150,0.374037385,-0.612753928,-1.692591667,0.607888341,watch,user3,lie
5.689427712,0.376743197,-0.406199604,0.454544187,-0.995010793,-1.716656566,0.801618040,watch,user3,lie
5.699426816,0.427689463,-0.376913726,0.497462094,-1.335321784,-1.764905930,0.909538925,watch,user3,lie
5.709425920,0.419195026,-0.365287066,0.518044770,-1.584817410,-1.868454099,0.876080513,watch,user3,lie
5.719424768,0.368255734,-0.364470005,0.539423347,-1.750176787,-1.968683839,0.831666708,watch,user3,lie
5.729423872,0.327929407,-0.344729692,0.551574409,-1.922765732,-2.033649921,0.862952054,watch,user3,lie
5.739422720,0.311316878,-0.297760367,0.569488466,-2.042865515,-2.046351194,0.976847172,watch,user3,lie
5.749421824,0.315597147,-0.250396401,0.578934193,-2.035672903,-2.036066532,1.119523644,watch,user3,lie
5.759420672,0.336216569,-0.195771173,0.554446936,-1.925973296,-1.975964665,1.239307880,watch,user3,lie
5.769419776,0.363745362,-0.135275379,0.536464155,-1.786828876,-1.912625551,1.273018122,watch,user3,lie
5.779418880,0.384988666,-0.100153506,0.551389039,-1.582162023,-1.934377432,1.194640756,watch,user3,lie
5.789417984,0.377160758,-0.107243776,0.560809970,-1.291793942,-1.984482288,1.122156382,watch,user3,lie
5.799416832,0.355857581,-0.142528296,0.559524059,-1.002031922,-1.964774728,1.170633912,watch,user3,lie
5.809415680,0.342233390,-0.172384918,0.576050460,-0.865312219,-1.886523724,1.318479776,watch,user3,lie
5.819414784,0.328357726,-0.202766091,0.571651876,-0.909243166,-1.809717894,1.427675247,watch,user3,lie
5.829413888,0.290098250,-0.240925133,0.539230227,-1.055236697,-1.805614710,1.439163566,watch,user3,lie
5.839412736,0.233078405,-0.270901382,0.528174996,-1.286069155,-1.828479290,1.378834128,watch,user3,lie
5.849411840,0.161894992,-0.246828973,0.559046686,-1.512203813,-1.823131204,1.299740314,watch,user3,lie
5.859410944,0.072256073,-0.156213641,0.609078228,-1.637692451,-1.698630571,1.157023668,watch,user3,lie
5.869409792,-0.053416163,0.002547443,0.600696325,-1.506312847,-1.409989595,0.923696578,watch,user3,lie
5.879408640,-0.220463485,0.169321746,0.470312834,-0.896972060,-1.053790212,0.656068027,watch,user3,lie
5.889408768,-0.416372746,0.285362184,0.274248540,0.116155192,-0.766253054,0.419034392,watch,user3,lie
5.899407872,-0.622094452,0.371938378,0.120265067,1.173795462,-0.512698770,0.302970648,watch,user3,lie
5.909406720,-0.742514729,0.427554548,0.051062942,1.928764462,-0.293955356,0.419533402,watch,user3,lie
5.919405824,-0.679787815,0.431545079,0.074644268,2.276113272,-0.204262212,0.663190007,watch,user3,lie
5.929404928,-0.468515545,0.390790045,0.149300396,2.335412741,-0.303211510,0.749826908,watch,user3,lie
5.939403776,-0.266359031,0.387432545,0.231620491,2.209584951,-0.466150105,0.591615975,watch,user3,lie
5.949402624,-0.154619306,0.448437363,0.324580371,2.044042349,-0.532259941,0.357651651,watch,user3,lie
5.959401728,-0.102074921,0.516148508,0.335794270,1.953266144,-0.507232130,0.167702213,watch,user3,lie
5.969400832,-0.061435312,0.534895420,0.297767341,1.895921707,-0.482911527,0.044557519,watch,user3,lie
5.979399680,-0.010503337,0.483778238,0.252664387,1.751241922,-0.559639573,-0.110923149,watch,user3,lie
5.989398784,0.033237666,0.398219079,0.230595350,1.471716762,-0.724359035,-0.361467421,watch,user3,lie
5.999397888,0.051036417,0.334498644,0.221805632,1.177119493,-0.880727828,-0.681274951,watch,user3,lie
6.009396736,0.056288600,0.299753219,0.209096849,0.990238190,-0.882342875,-0.974222302,watch,user3,lie
6.019395584,0.027939290,0.270498574,0.173238516,1.138917804,-0.472920477,-1.232990623,watch,user3,lie
6.029394688,-0.186615825,0.230679765,-0.069567561,2.136562347,0.307993829,-1.484286785,watch,user3,lie
6.039393792,-0.867204905,0.232443392,-0.810904264,3.801571846,1.080132008,-1.230035305,watch,user3,lie
6.049392896,-1.924831271,0.356634676,-1.612912059,4.581842899,1.564603448,0.196375281,watch,user3,lie
6.059391744,-2.295725584,0.288248450,-1.867725134,4.033408642,1.307466269,1.947327495,watch,user3,lie
6.069390848,-1.364681721,-0.028953779,-1.916608810,3.035839319,0.384086639,2.529125929,watch,user3,lie
6.079389696,-0.354026467,-0.130352721,-1.719092369,1.965296626,-0.715110481,1.791909933,watch,user3,lie
6.089388544,0.105278984,0.089079335,-1.076897144,1.568613887,-1.193244815,0.852869511,watch,user3,lie
6.099387648,0.226536274,0.336671531,-0.493115366,1.694771290,-0.945166767,0.708095551,watch,user3,lie
6.109386496,0.250617594,0.358745247,-0.015871346,1.423573971,-0.725499034,1.080409527,watch,user3,lie
6.119385344,0.228694558,0.203677818,0.402109504,0.341188371,-0.791774988,1.191894174,watch,user3,lie
6.129384448,0.130327076,0.034990396,0.740365744,-1.174422741,-0.844280005,0.776986837,watch,user3,lie
6.139383552,0.029856682,-0.067491956,0.875710607,-2.550673723,-0.763553739,0.037777245,watch,user3,lie
6.149382400,0.029630482,-0.091581948,0.826084197,-3.492723465,-0.634908855,-0.597264528,watch,user3,lie
6.159381504,0.155928075,-0.075037241,0.714125276,-3.980972052,-0.556364238,-0.920034885,watch,user3,lie
6.169380608,0.318468153,-0.065095887,0.567266345,-4.047743320,-0.539337039,-0.952085435,watch,user3,lie
6.179379456,0.417022884,-0.075863838,0.361721396,-3.772275925,-0.479530692,-0.760647833,watch,user3,lie
6.189378304,0.401631266,-0.095154285,0.178890467,-3.218955517,-0.309031665,-0.493080050,watch,user3,lie
6.199377408,0.274323851,-0.081620559,0.060592353,-2.422774553,-0.105597861,-0.265227973,watch,user3,lie
6.209376512,0.118033469,0.008040801,-0.026816130,-1.517896652,0.076948777,-0.128686577,watch,user3,lie
6.219375616,0.008140862,0.146940395,-0.059412956,-0.589232683,0.268354684,-0.091874495,watch,user3,lie
6.229374464,-0.042949706,0.246690139,-0.059854150,0.334379137,0.506484687,-0.095115758,watch,user3,lie
6.239373568,-0.047443718,0.269733220,-0.028800309,1.158435583,0.726024508,-0.054327849,watch,user3,lie
6.249372416,-0.011823386,0.245403200,-0.001290381,1.718834281,0.821301401,0.028560244,watch,user3,lie
6.259371520,0.028523445,0.206696957,0.038155973,1.946623802,0.813486099,0.082925752,watch,user3,lie
6.269370368,0.020464063,0.169280708,0.069539487,1.944619179,0.757120848,0.066697776,watch,user3,lie
6.279369472,-0.038656026,0.122764632,0.082002521,1.710280418,0.672932208,0.058706962,watch,user3,lie
6.289368576,-0.082194030,0.067909844,0.076770186,1.292715311,0.558101594,0.078205027,watch,user3,lie
6.299367424,-0.088546962,-0.009744339,0.092142344,0.737323165,0.426004767,0.113533452,watch,user3,lie
6.309366272,-0.104102701,-0.087471277,0.134569407,0.198550418,0.388960302,0.131475911,watch,user3,lie
6.319365376,-0.165822536,-0.116196804,0.161109686,-0.086709283,0.469348341,0.113361351,watch,user3,lie
6.329364480,-0.229655802,-0.100208201,0.123326480,-0.048864253,0.571468771,0.101678595,watch,user3,lie
6.339363584,-0.234226987,-0.069991134,0.037881970,0.250236690,0.590637982,0.150952145,watch,user3,lie
6.349362432,-0.151087537,-0.038112558,-0.092158616,0.650305033,0.503435314,0.232737482,watch,user3,lie
6.359361536,-0.013949990,-0.010456413,-0.187257767,0.976094067,0.394053400,0.279263705,watch,user3,lie
6.369360640,0.083395466,0.014214702,-0.207856596,1.140125394,0.346633494,0.245325640,watch,user3,lie
6.379359488,0.090396136,0.035674796,-0.177417696,1.172598362,0.343354344,0.148604959,watch,user3,lie
6.389358336,0.052532658,0.056931667,-0.152233660,1.126370192,0.328131020,0.036149651,watch,user3,lie
6.399357440,0.015095621,0.059939865,-0.124435425,1.069576383,0.301143616,-0.002731700,watch,user3,lie
6.409356544,-0.002133906,0.028895315,-0.105120301,0.999517977,0.287033916,0.045869660,watch,user3,lie
6.419355392,0.005616680,-0.018006194,-0.092819571,0.877059162,0.255004883,0.098902516,watch,user3,lie
6.429354496,0.032985732,-0.066080451,-0.051079571,0.667182684,0.195020020,0.095654994,watch,user3,lie
6.439353344,0.056257293,-0.104060635,-0.003948092,0.371313721,0.121139139,0.053728316,watch,user3,lie
6.449352448,0.054333270,-0.121796750,0.028197885,0.076675519,0.054941833,-0.001794867,watch,user3,lie
6.459351296,0.021253332,-0.114798501,0.046528399,-0.137289241,0.017873295,-0.020899586,watch,user3,lie
6.469350400,-0.018317133,-0.099583849,0.042629361,-0.235059291,0.023106052,-0.002091143,watch,user3,lie
6.479349504,-0.037889794,-0.067006961,0.025591969,-0.225533441,0.037762225,0.032309443,watch,user3,lie
6.489348608,-0.028813601,-0.048367523,-0.011140049,-0.167971864,0.021240242,0.102108493,watch,user3,lie
6.499347456,-0.003758967,-0.067163959,-0.059076905,-0.151641101,-0.003050451,0.217597812,watch,user3,lie
6.509346304,0.022221327,-0.101862863,-0.074782848,-0.215544716,-0.029803237,0.337882131,watch,user3,lie
6.519345408,0.026121691,-0.126513124,-0.061530888,-0.343277633,-0.045112148,0.430433661,watch,user3,lie
6.529344512,0.011221215,-0.127087533,-0.037889898,-0.506610334,-0.053840481,0.465105921,watch,user3,lie
6.539343360,-0.013555005,-0.119912118,-0.012167692,-0.666294038,-0.070306808,0.448480874,watch,user3,lie
6.549342464,-0.040239587,-0.114550814,0.013309062,-0.787480116,-0.086298734,0.417112380,watch,user3,lie
6.559341568,-0.064071789,-0.102947652,0.039081812,-0.839811504,-0.080305554,0.395453691,watch,user3,lie
6.569340416,-0.076606855,-0.078350917,0.049657762,-0.796149552,-0.057965539,0.362190217,watch,user3,lie
6.579339264,-0.071417928,-0.040081754,0.039525509,-0.652120471,-0.032662850,0.340880394,watch,user3,lie
6.589338368,-0.044986174,-0.002843082,0.003395021,-0.464863986,-0.019765515,0.349067539,watch,user3,lie
6.599337472,0.003971174,0.020004153,-0.026020348,-0.318772554,-0.052461676,0.353611410,watch,user3,lie
6.609336576,0.045101359,0.006789088,-0.029125571,-0.315976948,-0.078685470,0.370465904,watch,user3,lie
6.619335424,0.053673655,-0.036525615,0.014396071,-0.436445057,-0.084288232,0.384291172,watch,user3,lie
6.629334528,0.033785328,-0.064034425,0.052667379,-0.582644105,-0.083492115,0.384922564,watch,user3,lie
6.639333376,0.015115127,-0.057592049,0.065872431,-0.609277308,-0.079381526,0.362744033,watch,user3,lie
6.649332480,0.018176213,-0.022893392,0.053699493,-0.430404752,-0.072781771,0.353501171,watch,user3,lie
6.659331328,0.033935353,0.017470859,0.005141377,-0.111604109,-0.046046034,0.376560688,watch,user3,lie
6.669330432,0.049283475,0.032782070,-0.042389393,0.171317205,-0.009514920,0.395260006,watch,user3,lie
6.679329536,0.042102292,0.033207670,-0.038085401,0.338210583,0.018110583,0.380351633,watch,user3,lie
6.689328640,0.016313225,0.033977777,-0.016536236,0.418183655,0.036898471,0.351239890,watch,user3,lie
6.699327232,0.005883321,0.035545342,0.005436301,0.467990369,0.060556397,0.347565264,watch,user3,lie
6.709326336,0.032329798,0.045010023,0.015659392,0.529938400,0.079840615,0.332808167,watch,user3,lie
6.719325440,0.074551076,0.056548841,0.006506622,0.586099148,0.082807638,0.306654602,watch,user3,lie
6.729324544,0.101772442,0.055173315,0.003993690,0.610064030,0.079640165,0.274235517,watch,user3,lie
6.739323392,0.101539731,0.050477065,0.007657349,0.647287786,0.075667530,0.247179136,watch,user3,lie
6.749322496,0.079391345,0.056744047,-0.011323571,0.713544488,0.082694992,0.242788509,watch,user3,lie
6.759321600,0.062964424,0.066771142,-0.041224957,0.781755507,0.100707009,0.246814683,watch,user3,lie
6.769320448,0.046713024,0.063318655,-0.040648162,0.778980196,0.116885185,0.225487292,watch,user3,lie
6.779319296,0.026306018,0.058835231,-0.024177909,0.679091156,0.123448275,0.187620342,watch,user3,lie
6.789318400,0.012983009,0.049205281,-0.011786938,0.501895607,0.115207128,0.158327684,watch,user3,lie
6.799317504,0.005694479,0.020584829,0.004141808,0.278367698,0.093686655,0.148163199,watch,user3,lie
6.809316608,-0.001819059,-0.012402575,0.017564952,0.036314733,0.067918442,0.140442237,watch,user3,lie
6.819315456,-0.012218773,-0.035249639,0.026864409,-0.154485583,0.038734455,0.106449917,watch,user3,lie
6.829314304,-0.032854900,-0.037875768,0.023085892,-0.262343824,-0.009718651,0.057545818,watch,user3,lie
6.839313408,-0.066281065,-0.022013538,0.018484056,-0.272421747,-0.036730830,0.013128823,watch,user3,lie
6.849312512,-0.103883281,-0.000944465,0.015188038,-0.221749529,-0.025637697,-0.030356470,watch,user3,lie
6.859311360,-0.125919327,0.018666171,0.020258725,-0.165717945,-0.007136717,-0.064655587,watch,user3,lie
6.869310464,-0.121467307,0.037492879,0.032951713,-0.142128155,0.002673747,-0.084674902,watch,user3,lie
6.879309568,-0.097330645,0.040627614,0.047177255,-0.176407024,0.023221100,-0.095221549,watch,user3,lie
6.889308672,-0.070057482,0.025970072,0.071926475,-0.261074483,0.040572036,-0.123253919,watch,user3,lie
6.899307264,-0.064799845,0.006851710,0.087219954,-0.353870183,0.043178737,-0.144118458,watch,user3,lie
6.909306368,-0.076876923,-0.001915440,0.083754659,-0.420473665,0.064048782,-0.139258251,watch,user3,lie
6.919305472,-0.085563630,0.003839523,0.085610867,-0.415411264,0.107569091,-0.137873679,watch,user3,lie
6.929304576,-0.087303936,0.029731907,0.081934810,-0.297898054,0.139842525,-0.152943969,watch,user3,lie
6.939303424,-0.079518035,0.074722789,0.061429381,-0.092825852,0.161910281,-0.166020900,watch,user3,lie
6.949302528,-0.062197462,0.109128505,0.044373512,0.133908272,0.209693953,-0.172286436,watch,user3,lie
6.959301376,-0.043697000,0.113699876,0.061890125,0.269558519,0.275115311,-0.177772552,watch,user3,lie
6.969300480,-0.040190786,0.093076609,0.095695436,0.290086865,0.334451765,-0.193028346,watch,user3,lie
6.979299328,-0.043540373,0.066043124,0.118474364,0.241182432,0.377281517,-0.210967392,watch,user3,lie
6.989298432,-0.036513239,0.042643018,0.110706747,0.173372224,0.394923091,-0.228406176,watch,user3,lie
6.999297536,-0.014156446,0.024122193,0.090523124,0.163372055,0.405229807,-0.242254347,watch,user3,lie
7.009296640,0.014445320,0.008656718,0.053292811,0.192416757,0.415686160,-0.238992766,watch,user3,lie
7.019295232,0.039585367,-0.001323909,0.015194833,0.182627246,0.419850290,-0.217496797,watch,user3,lie
7.029294336,0.052666858,-0.016546682,-0.004665256,0.098679177,0.408941269,-0.198398471,watch,user3,lie
7.039293440,0.052330405,-0.048353925,-0.006364822,-0.087611601,0.392494917,-0.177273735,watch,user3,lie
7.049292544,0.044124722,-0.078837544,-0.006061733,-0.355337113,0.366394699,-0.162427753,watch,user3,lie
7.059291392,0.037199736,-0.098137498,-0.006107390,-0.594368875,0.331751764,-0.150791347,watch,user3,lie
7.069290496,0.022025049,-0.107575841,-0.016079247,-0.739262760,0.303823024,-0.131777495,watch,user3,lie
7.079289600,-0.000862405,-0.098608516,-0.029422283,-0.792855144,0.294542432,-0.101335436,watch,user3,lie
7.089290496,-0.029633865,-0.083216727,-0.048157334,-0.774531007,0.296358615,-0.051938064,watch,user3,lie
7.099289600,-0.030832767,-0.072001420,-0.076292932,-0.680758953,0.293089598,0.006021112,watch,user3,lie
7.109288448,-0.004555330,-0.059015013,-0.101911485,-0.615607262,0.243045256,0.056234214,watch,user3,lie
7.119287552,0.038636863,-0.048973724,-0.109490871,-0.601219535,0.161725894,0.088670984,watch,user3,lie
7.129286656,0.075028837,-0.046762206,-0.105874062,-0.603289962,0.103323221,0.105740912,watch,user3,lie
7.139285504,0.086172596,-0.052374765,-0.097916365,-0.632690430,0.070521325,0.120926261,watch,user3,lie
7.149284608,0.079504550,-0.055131510,-0.081891239,-0.669098318,0.051776487,0.139291093,watch,user3,lie
7.159283456,0.074758098,-0.042719543,-0.064422786,-0.673486173,0.034271266,0.133553848,watch,user3,lie
7.169282560,0.063892365,-0.022030622,-0.050408721,-0.623896301,0.012516346,0.108315192,watch,user3,lie
7.179281664,0.047711655,0.006409511,-0.045417011,-0.533355713,0.002153454,0.077079780,watch,user3,lie
7.189280512,0.036703348,0.034980938,-0.032433748,-0.412587166,0.013012849,0.044033278,watch,user3,lie
7.199279360,0.028749049,0.064974323,-0.017228842,-0.269490212,0.018897634,-0.011967143,watch,user3,lie
7.209278464,0.023606658,0.086260438,-0.015111148,-0.140528888,0.014201684,-0.056885283,watch,user3,lie
7.219277568,0.021285146,0.091147542,-0.006521344,-0.032117456,0.019391384,-0.075831540,watch,user3,lie
7.229276416,0.010395944,0.081208751,0.005649269,0.059856102,0.047133092,-0.084050789,watch,user3,lie
7.239275520,-0.011236444,0.063406855,0.012424171,0.115891136,0.057634734,-0.091001906,watch,user3,lie
7.249274624,-0.029407114,0.046896711,0.022600591,0.148322538,0.076125413,-0.083803579,watch,user3,lie
7.259273728,-0.039790139,0.032113880,0.018569469,0.178923592,0.109860741,-0.052629687,watch,user3,lie
7.269272320,-0.038312480,0.018275335,0.006823778,0.169955313,0.134337232,-0.031363677,watch,user3,lie
7.279271424,-0.032045618,0.008033901,0.004191279,0.131422833,0.155070737,-0.045311183,watch,user3,lie
7.289270528,-0.032302707,-0.004526451,0.001574934,0.080992460,0.151252210,-0.061885968,watch,user3,lie
7.299269632,-0.024042562,-0.019703791,0.004941642,0.024931051,0.133531004,-0.061200734,watch,user3,lie
7.309268480,-0.013161838,-0.023669079,0.008406401,-0.019259490,0.124044910,-0.046107538,watch,user3,lie
7.319267584,-0.003692627,-0.022100285,0.002049208,-0.042528864,0.125058517,-0.032696657,watch,user3,lie
7.329266432,0.007674515,-0.019868106,-0.004052639,-0.067823209,0.103943199,-0.038564131,watch,user3,lie
7.339265536,0.017465442,-0.011379972,0.000377595,-0.084732950,0.073939763,-0.058480050,watch,user3,lie
7.349264384,0.020035267,0.004489750,-0.002553105,-0.055955809,0.055389065,-0.082311884,watch,user3,lie
7.359263488,0.015991822,0.019397572,-0.005633533,0.015935691,0.048742615,-0.099899396,watch,user3,lie
7.369262592,0.015159577,0.032454759,-0.007640421,0.092242755,0.049226426,-0.099758312,watch,user3,lie
7.379261696,0.016040087,0.037932158,-0.008409977,0.133696198,0.062353943,-0.096881032,watch,user3,lie
7.389260544,0.012415707,0.024984300,-0.003691971,0.132400483,0.070183553,-0.093409739,watch,user3,lie
7.399259392,0.008955792,-0.000117630,0.001988113,0.075724415,0.064593308,-0.075841926,watch,user3,lie
7.409258496,0.011826083,-0.015281007,0.000247777,0.000650967,0.037781134,-0.058666807,watch,user3,lie
7.419257600,0.014142595,-0.015843511,-0.002084434,-0.040812589,0.015728829,-0.053604137,watch,user3,lie
7.429256448,0.016989574,-0.003256321,-0.019989789,-0.058373425,-0.002534153,-0.052061297,watch,user3,lie
7.439255552,0.019885615,0.005389988,-0.037075102,-0.086858593,-0.037705991,-0.054097816,watch,user3,lie
7.449254656,0.022526518,0.003251225,-0.042699337,-0.135353819,-0.072675690,-0.042621527,watch,user3,lie
7.459253504,0.021237388,-0.005943060,-0.044934213,-0.205856487,-0.095893659,-0.030524382,watch,user3,lie
7.469252352,0.010986924,-0.014514640,-0.043005109,-0.283374399,-0.109894522,-0.022383699,watch,user3,lie
7.479251456,0.004860818,-0.016968057,-0.040067613,-0.356784701,-0.127998412,-0.029875437,watch,user3,lie
7.489250560,0.003409415,-0.013154581,-0.026247084,-0.407470733,-0.134964019,-0.048371024,watch,user3,lie
7.499249664,-0.000307977,-0.005983084,-0.017743945,-0.433239490,-0.138180047,-0.064014964,watch,user3,lie
7.509248512,-0.004329324,-0.000635803,-0.016171336,-0.447509229,-0.178997517,-0.085231170,watch,user3,lie
7.519247616,0.000907078,-0.000680909,-0.034709990,-0.496310055,-0.234920964,-0.114899047,watch,user3,lie
7.529246464,0.010501713,0.018498585,-0.069510818,-0.566428185,-0.300544351,-0.175080299,watch,user3,lie
7.539245568,0.019613892,0.054397941,-0.079840124,-0.615479350,-0.346932888,-0.272011638,watch,user3,lie
7.549244416,0.008645937,0.070087552,-0.077034891,-0.630230784,-0.358027279,-0.369749129,watch,user3,lie
7.559243520,-0.008275509,0.067546576,-0.074393511,-0.614774883,-0.361477673,-0.435310841,watch,user3,lie
7.569242624,-0.015842184,0.042897239,-0.071695447,-0.610418797,-0.372405231,-0.451806158,watch,user3,lie
7.579241728,-0.018155128,0.014161542,-0.056888700,-0.631674051,-0.380497783,-0.432648182,watch,user3,lie
7.589240320,-0.018981948,-0.011016890,-0.033666849,-0.669613898,-0.373353243,-0.412253439,watch,user3,lie
7.599239424,-0.024812549,-0.029269949,-0.004787028,-0.719322562,-0.366420209,-0.400430590,watch,user3,lie
7.609238528,-0.031269267,-0.032379374,0.024511039,-0.765600026,-0.343491137,-0.394895345,watch,user3,lie
7.619237632,-0.035556480,-0.029142544,0.055570483,-0.810008466,-0.309650064,-0.402048588,watch,user3,lie
7.629236480,-0.049286574,-0.030982897,0.081295192,-0.866775155,-0.255816728,-0.403681934,watch,user3,lie
7.639235584,-0.078408882,-0.032744616,0.087512076,-0.941487253,-0.220570356,-0.411088437,watch,user3,lie
7.649234688,-0.115972012,-0.022958010,0.070762038,-1.019708872,-0.264727324,-0.468942195,watch,user3,lie
7.659233536,-0.146949828,0.004251838,0.001972795,-1.147616267,-0.401650280,-0.542022288,watch,user3,lie
7.669232384,-0.150737375,0.025545686,-0.099267006,-1.417647481,-0.580328465,-0.547401965,watch,user3,lie
7.679231488,-0.126116306,0.001307398,-0.122919381,-1.761933208,-0.764248729,-0.532976449,watch,user3,lie
7.689230592,-0.124267906,-0.042856783,-0.085410833,-2.025101423,-0.898596942,-0.607097089,watch,user3,lie
7.699229696,-0.190156102,-0.038152188,-0.032344699,-2.077091455,-0.912939429,-0.767199934,watch,user3,lie
7.709228544,-0.282293022,0.024256319,-0.042984724,-1.939543128,-0.801491380,-0.943863273,watch,user3,lie
7.719227392,-0.314813077,0.132273525,-0.093677938,-1.656226516,-0.671039104,-1.115894675,watch,user3,lie
7.729226496,-0.248561680,0.229116768,-0.123662472,-1.290706396,-0.650474787,-1.294220924,watch,user3,lie
7.739225600,-0.127113581,0.266669005,-0.114884377,-1.006144762,-0.714815974,-1.419390917,watch,user3,lie
7.749224448,-0.019986331,0.250102848,-0.075483263,-0.893886149,-0.771782935,-1.534059644,watch,user3,lie
7.759223552,0.033255458,0.189824313,-0.022578895,-0.966395736,-0.774954200,-1.603827000,watch,user3,lie
7.769222656,0.026384532,0.131546587,0.040478289,-1.150071383,-0.747653842,-1.620992422,watch,user3,lie
7.779221760,0.009529501,0.107431978,0.089904547,-1.332768440,-0.655498922,-1.614384294,watch,user3,lie
7.789220352,0.017857462,0.134109676,0.100926518,-1.415789962,-0.570135534,-1.652950406,watch,user3,lie
7.799219456,0.066400498,0.184813172,0.077109218,-1.345735788,-0.548694909,-1.689209342,watch,user3,lie
7.809218560,0.124220073,0.246754587,0.033986211,-1.154005170,-0.564848840,-1.748424888,watch,user3,lie
7.819217664,0.160311967,0.301883250,-0.028636336,-0.870915651,-0.628764689,-1.845740795,watch,user3,lie
7.829216512,0.168387830,0.316686898,-0.084709346,-0.487484574,-0.695679069,-1.941246390,watch,user3,lie
7.839215616,0.131112874,0.284372807,-0.124037623,-0.122907944,-0.685373962,-1.964814305,watch,user3,lie
7.849214464,0.099162936,0.232349664,-0.104121208,0.132224753,-0.600667894,-1.936111569,watch,user3,lie
7.859213568,0.090647846,0.168717504,-0.059886098,0.275931835,-0.528375030,-1.929305315,watch,user3,lie
7.869212416,0.085208446,0.120901763,-0.022882938,0.333749682,-0.519108474,-1.933486104,watch,user3,lie
7.879211520,0.089773357,0.090546489,0.007008851,0.322357208,-0.523019612,-1.885471702,watch,user3,lie
7.889210624,0.107281774,0.053982705,0.029992402,0.263758451,-0.529832959,-1.829862118,watch,user3,lie
7.899209728,0.126134515,0.012688667,0.062529385,0.179084852,-0.502846062,-1.786357522,watch,user3,lie
7.909208576,0.134648263,-0.015120208,0.095388651,0.084683150,-0.460248351,-1.751543999,watch,user3,lie
7.919207424,0.159000725,-0.031227291,0.115221500,0.040800385,-0.392363578,-1.674765110,watch,user3,lie
7.929206528,0.203402221,-0.040595680,0.136954248,0.078760415,-0.314620882,-1.544286132,watch,user3,lie
7.939205632,0.231887192,-0.038843453,0.147645831,0.193232134,-0.225003883,-1.420103192,watch,user3,lie
7.949204480,0.246785402,-0.029512197,0.144439757,0.366720766,-0.138185009,-1.323279381,watch,user3,lie
7.959203584,0.266003430,-0.018497825,0.148084104,0.558794320,-0.034795243,-1.252756715,watch,user3,lie
7.969202688,0.283135235,-0.008022010,0.164472342,0.755597115,0.103056990,-1.201975942,watch,user3,lie
7.979201536,0.293327749,0.000618607,0.156405926,0.958868742,0.222832128,-1.141455650,watch,user3,lie
7.989200384,0.311045647,-0.019356012,0.111512244,1.150457144,0.273584604,-1.040965676,watch,user3,lie
7.999199488,0.334324419,-0.063042670,0.084103286,1.273289800,0.315919787,-0.900890529,watch,user3,lie
8.009198592,0.334166050,-0.095357001,0.068823874,1.306198835,0.354164511,-0.741723716,watch,user3,lie
8.019197696,0.309478879,-0.101043701,0.048790753,1.277443051,0.380984396,-0.589176774,watch,user3,lie
8.029196544,0.268675268,-0.087040111,0.030683756,1.249451518,0.410675347,-0.453875303,watch,user3,lie
8.039195392,0.235674739,-0.066544235,0.020640254,1.246971369,0.467306137,-0.312357873,watch,user3,lie
8.049194496,0.207531720,-0.048527986,0.007266581,1.270878792,0.533434629,-0.164509475,watch,user3,lie
8.059193600,0.191469789,-0.047986716,-0.079140484,1.351805568,0.495401800,-0.003104343,watch,user3,lie
8.069192448,0.203349382,-0.082784936,-0.184193850,1.504550934,0.329724312,0.154055119,watch,user3,lie
8.079191552,0.210505724,-0.136558160,-0.229579389,1.656873941,0.135071203,0.259277403,watch,user3,lie
8.089189632,0.169547439,-0.165746927,-0.210208476,1.743558049,0.039440461,0.283742756,watch,user3,lie
8.099188736,0.075741649,-0.171935230,-0.170108080,1.743610501,0.055620495,0.212036327,watch,user3,lie
8.109187840,-0.030147403,-0.151679277,-0.145060837,1.675886035,0.124538668,0.100559667,watch,user3,lie
8.119186688,-0.095796645,-0.099132091,-0.128091455,1.570571303,0.171908051,-0.022679441,watch,user3,lie
8.129185536,-0.106100887,-0.017927319,-0.119303942,1.473431230,0.146355808,-0.172513738,watch,user3,lie
8.139184640,-0.087751865,0.082590520,-0.141286373,1.507934332,0.026755381,-0.388605833,watch,user3,lie
8.149183744,-0.072243631,0.143512607,-0.170780599,1.679769158,-0.129069984,-0.615768015,watch,user3,lie
8.159182592,-0.085201591,0.132016167,-0.141773820,1.924423099,-0.219021976,-0.761451423,watch,user3,lie
8.169181696,-0.130427688,0.060139459,-0.092095137,2.124621868,-0.246155336,-0.803582668,watch,user3,lie
8.179180800,-0.178537071,-0.022138542,-0.050751150,2.222082853,-0.278447777,-0.724504888,watch,user3,lie
8.189179904,-0.187695712,-0.051149957,-0.029691875,2.196508884,-0.354662120,-0.610194027,watch,user3,lie
8.199178496,-0.157088190,-0.025850475,-0.035663962,2.076708794,-0.498868048,-0.534693956,watch,user3,lie
8.209177600,-0.103409111,0.013614476,-0.056704700,1.875109076,-0.712740123,-0.504452407,watch,user3,lie
8.219176704,-0.054699659,0.049661182,-0.042999566,1.687359095,-0.906477332,-0.513903677,watch,user3,lie
8.229175808,-0.059473097,0.063212216,-0.022217989,1.572047472,-1.005506396,-0.510481536,watch,user3,lie
8.239174656,-0.108598828,0.043155193,-0.026595712,1.478024364,-0.998544157,-0.417876244,watch,user3,lie
8.249173760,-0.139600933,0.019362196,-0.035936713,1.388446450,-0.968898535,-0.282307953,watch,user3,lie
8.259172608,-0.117252350,0.020150915,-0.038605928,1.307705760,-0.977409542,-0.194907606,watch,user3,lie
8.269171712,-0.063729048,0.024016932,-0.052018404,1.216689348,-1.018447995,-0.185502186,watch,user3,lie
8.279170560,-0.005756557,0.041250333,-0.064236343,1.091117024,-1.053674102,-0.231584191,watch,user3,lie
8.289169664,0.044207335,0.048942998,-0.061154127,0.918446898,-1.082521081,-0.306385309,watch,user3,lie
8.299168768,0.079962969,0.043326229,-0.068303227,0.710046589,-1.133525968,-0.369824737,watch,user3,lie
8.309167616,0.114841580,0.036738738,-0.054785728,0.475521475,-1.172487378,-0.412505507,watch,user3,lie
8.319166720,0.140395582,0.030394569,-0.015413821,0.260318071,-1.176197171,-0.437338144,watch,user3,lie
8.329165568,0.138433874,0.021455184,0.009076238,0.078047842,-1.151028514,-0.460253119,watch,user3,lie
8.339164672,0.118504524,0.024578199,0.029997826,-0.050023042,-1.101319313,-0.484447122,watch,user3,lie
8.349163776,0.097666085,0.035307452,0.039652467,-0.109891258,-1.043207288,-0.504595816,watch,user3,lie
8.359162624,0.087977529,0.042371169,0.037423432,-0.114897735,-0.989263237,-0.521231532,watch,user3,lie
8.369161728,0.083966017,0.041676909,0.033490658,-0.072607532,-0.942441106,-0.540176868,watch,user3,lie
8.379159552,0.080145061,0.040289506,0.022672415,-0.024556119,-0.903527260,-0.560270905,watch,user3,lie
8.389159680,0.065279663,0.052870691,0.013298571,0.009896131,-0.871541917,-0.586896300,watch,user3,lie
8.399157760,0.045411885,0.062263191,0.020744860,0.025760047,-0.838685393,-0.616626203,watch,user3,lie
8.409156608,0.021656930,0.061018527,0.032207787,0.039903607,-0.804656982,-0.634485841,watch,user3,lie
8.419155712,-0.001765311,0.043122619,0.033852100,0.038138997,-0.776602149,-0.616113245,watch,user3,lie
8.429154816,-0.009517610,0.009936899,0.038873255,0.012292798,-0.752181351,-0.578887343,watch,user3,lie
8.439153664,-0.007830203,-0.009631157,0.046730340,-0.030518049,-0.734571993,-0.556133807,watch,user3,lie
8.449152512,-0.005831361,-0.012946934,0.061856806,-0.085260786,-0.714157522,-0.563831747,watch,user3,lie
8.459151616,-0.013247073,-0.011825562,0.080847442,-0.119048841,-0.674341381,-0.581976950,watch,user3,lie
8.469150720,-0.022798955,-0.013280511,0.092269421,-0.128183499,-0.625761867,-0.577966869,watch,user3,lie
8.479149824,-0.024838507,-0.027199507,0.097522736,-0.122453697,-0.581071615,-0.548016727,watch,user3,lie
8.489148672,-0.015937567,-0.042077750,0.096125782,-0.115245320,-0.542534649,-0.508119345,watch,user3,lie
8.499147776,-0.004404306,-0.051712483,0.103462636,-0.120290413,-0.504083931,-0.485763997,watch,user3,lie
8.509146624,0.000963032,-0.050023317,0.108461380,-0.126623675,-0.454001039,-0.475217760,watch,user3,lie
8.519145728,-0.001602650,-0.041837066,0.114569068,-0.129507601,-0.398226440,-0.472239554,watch,user3,lie
8.529144576,-0.002548397,-0.031101495,0.117812932,-0.113721460,-0.338351399,-0.463086396,watch,user3,lie
8.539143680,0.000177383,-0.027275473,0.121515393,-0.090685911,-0.271840006,-0.452154636,watch,user3,lie
8.549142784,0.006308854,-0.024439752,0.123997808,-0.063579112,-0.196875140,-0.449426085,watch,user3,lie
8.559141632,0.010570526,-0.018638968,0.129057705,-0.047734629,-0.129706755,-0.459713608,watch,user3,lie
8.569140480,0.012900531,-0.017513156,0.142077446,-0.038026568,-0.061780255,-0.472073823,watch,user3,lie
8.579139584,0.010573566,-0.021882117,0.147467613,-0.023684910,0.002482887,-0.480680883,watch,user3,lie
8.589138688,0.009696782,-0.023206532,0.152375698,-0.010020808,0.076050676,-0.469853342,watch,user3,lie
8.599137792,0.009925723,-0.024322510,0.164460599,0.005746970,0.159980461,-0.460919768,watch,user3,lie
8.609136640,0.006258845,-0.017872602,0.176492333,0.013677509,0.252858102,-0.456661254,watch,user3,lie
8.619135744,-0.002802849,-0.008380711,0.180875599,0.025314722,0.336568177,-0.453958929,watch,user3,lie
8.629134848,-0.011780798,-0.006121635,0.159623384,0.029095169,0.396677971,-0.415546834,watch,user3,lie
8.639133696,-0.007874966,-0.030487150,0.143506706,0.012706609,0.446360290,-0.339620888,watch,user3,lie
8.649132544,-0.003236353,-0.061958104,0.137836456,-0.030577082,0.511016786,-0.268468380,watch,user3,lie
8.659131648,-0.012268662,-0.086809725,0.142830968,-0.087853953,0.586179137,-0.234878719,watch,user3,lie
8.669130752,-0.031983137,-0.092538476,0.135302067,-0.155148253,0.642592311,-0.184164077,watch,user3,lie
8.679129600,-0.032950342,-0.072277397,0.116278410,-0.172116056,0.680508256,-0.110495180,watch,user3,lie
8.689128704,-0.012974739,-0.038632900,0.096234739,-0.101189151,0.729075015,-0.089839838,watch,user3,lie
8.699127552,0.004446149,-0.010667473,0.079398990,0.018262407,0.778197527,-0.119665377,watch,user3,lie
8.709126656,0.006233454,0.004257530,0.061147451,0.141325071,0.810701132,-0.129000232,watch,user3,lie
8.719125504,0.005877793,-0.001892596,0.050706565,0.220029473,0.849252522,-0.099991471,watch,user3,lie
8.729124608,0.009721756,-0.019356370,0.051712751,0.226770297,0.875217915,-0.075460300,watch,user3,lie
8.739123712,0.007340133,-0.033183903,0.061744452,0.176084220,0.897902191,-0.072308980,watch,user3,lie
8.749122816,0.005836844,-0.034167975,0.080389380,0.108391456,0.923286080,-0.082843378,watch,user3,lie
8.759121664,0.003666580,-0.030210733,0.089611709,0.066303924,0.951696992,-0.083164021,watch,user3,lie
8.769120512,-0.000174642,-0.032960892,0.059177995,0.075237453,0.932695389,-0.042097349,watch,user3,lie
8.779119616,0.019172251,-0.046753466,-0.019563437,0.094804227,0.856263757,0.053603876,watch,user3,lie
8.789118720,0.059122980,-0.064459205,-0.064752460,0.098193452,0.769933760,0.135139480,watch,user3,lie
8.799117568,0.073369861,-0.083930373,-0.073429883,0.045981653,0.702843904,0.154731289,watch,user3,lie
8.809116672,0.045120895,-0.090553701,-0.081164360,-0.033094477,0.667271435,0.154464781,watch,user3,lie
8.819115776,0.008023262,-0.082092345,-0.086005926,-0.049583174,0.643912077,0.169616565,watch,user3,lie
8.829114624,-0.006468594,-0.062347800,-0.126527488,0.008906056,0.605649471,0.187527657,watch,user3,lie
8.839113472,0.017624795,-0.018317997,-0.184036255,0.132545963,0.525605500,0.153984070,watch,user3,lie
8.849112576,0.055079937,0.020383120,-0.200570107,0.267048001,0.423511595,0.066313021,watch,user3,lie
8.859111680,0.063071251,0.028122604,-0.192887187,0.340852171,0.339974880,-0.001825293,watch,user3,lie
8.869110784,0.046929419,0.015945315,-0.170659363,0.313349515,0.271813512,-0.021339074,watch,user3,lie
8.879109632,0.029811859,-0.006676197,-0.142253876,0.192940295,0.213403463,0.000571019,watch,user3,lie
8.889108736,0.024242818,-0.021873742,-0.113887072,0.037873480,0.145021737,0.016849324,watch,user3,lie
8.899107584,0.026838362,-0.023086399,-0.091501534,-0.094925039,0.080297619,0.020960979,watch,user3,lie
8.909106688,0.033235252,-0.008835375,-0.081557393,-0.182229549,0.026582628,0.020254510,watch,user3,lie
8.919105536,0.031116188,0.010117739,-0.075977087,-0.230446354,-0.001286285,0.015899975,watch,user3,lie
8.929104640,0.015310884,0.029312432,-0.070433557,-0.255035043,-0.024349257,0.000235261,watch,user3,lie
8.939103744,-0.005252182,0.038420230,-0.069656491,-0.260686785,-0.047463898,-0.001921100,watch,user3,lie
8.949102848,-0.014955759,0.035067976,-0.069454730,-0.260268211,-0.064998589,0.020705050,watch,user3,lie
8.959101440,-0.017474055,0.028123975,-0.058982611,-0.244166195,-0.086044490,0.033631500,watch,user3,lie
8.969100544,-0.019895434,0.030056804,-0.044183195,-0.220473483,-0.105204694,0.030290699,watch,user3,lie
8.979099648,-0.024023652,0.038230181,-0.024127066,-0.178651467,-0.102982283,0.015822010,watch,user3,lie
8.989098752,-0.028121948,0.041989118,-0.004501879,-0.127629161,-0.082628012,-0.001742402,watch,user3,lie
8.999097600,-0.023353457,0.044126242,0.011628389,-0.083744518,-0.058354627,-0.013020623,watch,user3,lie
9.009096704,-0.014531136,0.039007366,0.025198936,-0.059443396,-0.048699431,-0.029949473,watch,user3,lie
9.019095808,-0.005079567,0.027907073,0.040236294,-0.074516892,-0.028945165,-0.046352148,watch,user3,lie
9.029094656,-0.001204133,0.009772122,0.052034974,-0.108977608,-0.017013760,-0.053148601,watch,user3,lie
9.039093504,0.001751721,-0.006799072,0.057682931,-0.147015288,-0.002061176,-0.046252612,watch,user3,lie
9.049092608,0.005957127,-0.010638326,0.060031354,-0.172444478,0.015872017,-0.046979524,watch,user3,lie
9.059091712,0.009619117,-0.001020998,0.056421041,-0.158469543,0.034321330,-0.066184103,watch,user3,lie
9.069090816,0.007197261,0.013608456,0.053542137,-0.112522855,0.057143912,-0.083665565,watch,user3,lie
9.079089664,0.000703871,0.018043697,0.052344441,-0.048932966,0.098241016,-0.086754829,watch,user3,lie
9.089088768,-0.005918801,0.014852345,0.050916672,-0.002399773,0.143816948,-0.082725406,watch,user3,lie
9.099087872,-0.009570777,0.008500487,0.057613373,0.004078100,0.179125935,-0.087279141,watch,user3,lie
9.109086976,-0.010972738,0.003256917,0.061796308,-0.018612919,0.202883631,-0.087975159,watch,user3,lie
9.119085568,-0.011300445,-0.003467292,0.065345049,-0.069410048,0.226675242,-0.084301598,watch,user3,lie
9.129084672,-0.011229873,-0.011411905,0.069258034,-0.121344000,0.254584461,-0.066802360,watch,user3,lie
9.139083776,-0.009846270,-0.019525349,0.072138846,-0.163766831,0.281104237,-0.048488870,watch,user3,lie
9.149082880,-0.010351658,-0.027837604,0.079845428,-0.195175216,0.315251529,-0.030532571,watch,user3,lie
9.159080960,-0.008295953,-0.028374612,0.078015804,-0.216003254,0.356477261,-0.019655954,watch,user3,lie
9.169079808,-0.008134723,-0.020688176,0.080043554,-0.233618885,0.401022643,-0.018317118,watch,user3,lie
9.179078656,-0.008109629,-0.013860941,0.084981203,-0.257757217,0.451246649,-0.019618871,watch,user3,lie
9.189077760,-0.010233939,-0.013075888,0.093975782,-0.302061051,0.509031415,-0.010758667,watch,user3,lie
9.199076864,-0.011529207,-0.015244395,0.109346926,-0.380024821,0.571366131,-0.007072053,watch,user3,lie
9.209075712,-0.013433456,-0.016118795,0.127886176,-0.474857539,0.629326046,-0.017412109,watch,user3,lie
9.219074816,-0.014312446,-0.017089993,0.145233989,-0.583202362,0.692857087,-0.026202405,watch,user3,lie
9.229073920,-0.016363233,-0.015671134,0.165926874,-0.692919493,0.768130779,-0.037616648,watch,user3,lie
9.239072768,-0.018518418,-0.005178899,0.197194755,-0.787888587,0.858565331,-0.053071238,watch,user3,lie
9.249071616,-0.020857245,0.018771082,0.220977902,-0.799285650,0.945023715,-0.085141681,watch,user3,lie
9.259070720,-0.028914481,0.055779070,0.226058900,-0.702313006,1.050585270,-0.123313308,watch,user3,lie
9.269069824,-0.031066388,0.078565806,0.209966481,-0.540841162,1.174412131,-0.151572451,watch,user3,lie
9.279068928,-0.033291012,0.084647715,0.195539236,-0.336117595,1.284099817,-0.160885781,watch,user3,lie
9.289067776,-0.025692999,0.083843857,0.167167842,-0.132946819,1.334539652,-0.132084638,watch,user3,lie
9.299066880,-0.005010843,0.085640967,0.142132521,0.075311050,1.369694710,-0.095683746,watch,user3,lie
9.309065728,0.008384049,0.072577477,0.128568113,0.254821032,1.425974131,-0.080999009,watch,user3,lie
9.319064832,-0.001121372,0.047339946,0.117990434,0.386751890,1.511169195,-0.105167195,watch,user3,lie
9.329063680,-0.024783224,0.025467068,0.119446278,0.417923123,1.602349997,-0.113683186,watch,user3,lie
9.339062784,-0.043822616,0.016244024,0.116463184,0.385432839,1.687989473,-0.088579699,watch,user3,lie
9.349061888,-0.045980126,0.005267769,0.113712549,0.349239975,1.757326484,-0.069112189,watch,user3,lie
9.359060992,-0.034954637,-0.010753155,0.112581491,0.304606467,1.808979750,-0.072374031,watch,user3,lie
9.369059584,-0.016100645,-0.015621930,0.108528793,0.239240810,1.853663445,-0.083048038,watch,user3,lie
9.379058688,0.000966847,-0.009697795,0.106294096,0.151517615,1.892202616,-0.098608628,watch,user3,lie
9.389057792,0.008231878,-0.002800107,0.102309883,0.051552583,1.928205013,-0.112831771,watch,user3,lie
9.399056896,0.011196136,-0.000852257,0.089619219,-0.015071448,1.958431363,-0.122601047,watch,user3,lie
9.409055744,0.018605292,-0.000654936,0.067560911,-0.046237398,1.969014406,-0.128767923,watch,user3,lie
9.419054848,0.028255865,0.003811806,0.043091536,-0.033505093,1.963914394,-0.130906180,watch,user3,lie
9.429053952,0.042414606,0.011403173,0.014824688,0.009771228,1.935311317,-0.138270155,watch,user3,lie
9.439052800,0.053260729,0.027231038,-0.018730283,0.087547511,1.900649428,-0.154208377,watch,user3,lie
9.449051648,0.059293121,0.037011802,-0.068719149,0.140860766,1.826964259,-0.162573695,watch,user3,lie
9.459050752,0.068506300,0.041046143,-0.128696620,0.175982803,1.739019752,-0.174683347,watch,user3,lie
9.469049856,0.075703144,0.033949047,-0.196863711,0.213046581,1.620982170,-0.183021113,watch,user3,lie
9.479048960,0.082083449,0.030778944,-0.262578011,0.280577689,1.472465158,-0.189451844,watch,user3,lie
9.489047808,0.086752988,0.038613379,-0.277758837,0.414369524,1.266309977,-0.223650098,watch,user3,lie
9.499046656,0.083579257,0.048482776,-0.278320014,0.600827277,1.134052277,-0.246974334,watch,user3,lie
9.509045760,0.090819195,0.033959091,-0.317839980,0.692076027,0.974462271,-0.174810991,watch,user3,lie
9.519044864,0.123335734,-0.032454997,-0.358697474,0.589330196,0.760632277,-0.062805355,watch,user3,lie
9.529043712,0.157309234,-0.124649972,-0.435951948,0.275185525,0.477281451,0.029826576,watch,user3,lie
9.539042816,0.177616224,-0.199586987,-0.541560948,-0.116111696,0.092033900,0.076477706,watch,user3,lie
9.549041920,0.183357909,-0.240380853,-0.588735580,-0.408628106,-0.224859104,0.108865671,watch,user3,lie
9.559041024,0.177853405,-0.216705948,-0.546295106,-0.509510815,-0.415212542,0.118487135,watch,user3,lie
9.569039616,0.149833679,-0.127596587,-0.429478288,-0.440048337,-0.557682574,0.099637009,watch,user3,lie
9.579038720,0.110783100,-0.023371577,-0.279699981,-0.348081946,-0.658789992,0.040316965,watch,user3,lie
9.589037824,0.071314350,0.055954695,-0.130893350,-0.280383319,-0.688609421,-0.037775971,watch,user3,lie
9.599036928,0.044593915,0.088045120,-0.024635255,-0.229309216,-0.645797253,-0.088080421,watch,user3,lie
9.609035776,0.034328409,0.084096670,0.040684819,-0.195845455,-0.585291505,-0.089519992,watch,user3,lie
9.619034880,0.034438118,0.054146647,0.089757919,-0.220876232,-0.546910524,-0.060229216,watch,user3,lie
9.629033728,0.033771485,0.014220327,0.131688774,-0.292870969,-0.519831717,-0.040734608,watch,user3,lie
9.639032832,0.013952769,-0.012243330,0.162079930,-0.374889404,-0.457173109,-0.045326699,watch,user3,lie
9.649031680,-0.017438330,-0.021303028,0.183853328,-0.428072602,-0.363470882,-0.061415184,watch,user3,lie
9.659030784,-0.048545361,-0.013441503,0.193640709,-0.435947031,-0.253023714,-0.083187327,watch,user3,lie
9.669029888,-0.071651220,0.000227332,0.200835049,-0.400669783,-0.150235996,-0.109063461,watch,user3,lie
9.679028992,-0.083409443,0.018197268,0.200686097,-0.308840275,-0.057977442,-0.117247887,watch,user3,lie
9.689027840,-0.083826169,0.039432049,0.189879954,-0.167065024,0.033885907,-0.111718103,watch,user3,lie
9.699026688,-0.080032393,0.058642089,0.173320174,0.020196216,0.114007376,-0.095912509,watch,user3,lie
9.709024768,-0.069773614,0.064231515,0.150157094,0.229209617,0.186069310,-0.080151260,watch,user3,lie
9.719023872,-0.057595186,0.054145455,0.117422760,0.406722367,0.251305044,-0.073040351,watch,user3,lie
9.729022976,-0.039393581,0.030252248,0.077955365,0.489461333,0.299898148,-0.073354535,watch,user3,lie
9.739021824,-0.021021947,-0.004884124,0.048863173,0.457426161,0.318842292,-0.065905675,watch,user3,lie
9.749020672,-0.002995998,-0.037645161,0.028927684,0.334149718,0.296721071,-0.057644881,watch,user3,lie
9.759019776,0.012342498,-0.057191610,0.009718657,0.170225486,0.252617270,-0.045185015,watch,user3,lie
9.769018880,0.022983067,-0.066495329,-0.009687185,0.023806885,0.211541742,-0.032263823,watch,user3,lie
9.779017728,0.031086579,-0.061164916,-0.033627033,-0.072585694,0.180614188,-0.014972454,watch,user3,lie
9.789016832,0.036390133,-0.051204592,-0.053677380,-0.093439624,0.147499725,0.004913437,watch,user3,lie
9.799015936,0.046021707,-0.039464176,-0.070827007,-0.071281321,0.110129990,0.031150365,watch,user3,lie
9.809014784,0.053824484,-0.029110938,-0.089492559,-0.050977562,0.067990884,0.056247730,watch,user3,lie
9.819013632,0.056325294,-0.024752438,-0.097891033,-0.053263083,0.017437957,0.064123228,watch,user3,lie
9.829012736,0.050943114,-0.025815248,-0.093528569,-0.083255656,-0.026103040,0.060768381,watch,user3,lie
9.839011840,0.037885807,-0.024797767,-0.083540797,-0.132089511,-0.060425598,0.047377206,watch,user3,lie
9.849010944,0.023199260,-0.014899045,-0.060834944,-0.168712139,-0.082441062,0.041222505,watch,user3,lie
9.859009792,0.011181369,-0.001797408,-0.033323944,-0.174351394,-0.092960812,0.028560244,watch,user3,lie
9.869008896,-0.002604172,0.009408265,-0.010038257,-0.154527962,-0.082506128,0.022182904,watch,user3,lie
9.879007744,-0.011316128,0.016524225,0.008940041,-0.121421941,-0.066201985,0.017220104,watch,user3,lie
9.889006848,-0.014808215,0.021153301,0.023703754,-0.082935005,-0.044944372,0.011461550,watch,user3,lie
9.899005696,-0.015062995,0.024859905,0.033179224,-0.048427626,-0.024698487,0.007367739,watch,user3,lie
9.909004800,-0.013309315,0.027237445,0.039772511,-0.018052768,-0.007939305,-0.002767053,watch,user3,lie
9.919003904,-0.011848532,0.030033439,0.044290185,0.016512666,0.009424238,-0.009751461,watch,user3,lie
9.929003008,-0.010267988,0.027892143,0.040750742,0.050785329,0.026653204,-0.015858620,watch,user3,lie
9.939001600,-0.007505402,0.026626021,0.032582760,0.074950315,0.036951650,-0.021060573,watch,user3,lie
9.949000704,-0.003549777,0.020860434,0.017920196,0.090207167,0.040383931,-0.025841014,watch,user3,lie
9.958999808,0.003021494,0.013279170,0.003153741,0.092120647,0.039665677,-0.029458651,watch,user3,lie
9.968998912,0.008601561,0.007071793,-0.008124709,0.086126275,0.030847149,-0.028444586,watch,user3,lie
9.978997760,0.012231521,0.000672817,-0.013471484,0.064399146,0.023274451,-0.021288939,watch,user3,lie
9.988996864,0.014355302,-0.006844908,-0.015858054,0.048226606,0.012645688,-0.013116031,watch,user3,lie
9.998995968,0.011985160,-0.014612138,-0.015595436,0.028386058,0.009081845,-0.003352083,watch,user3,lie
10.008994816,0.009870939,-0.020974398,-0.012285590,0.005258457,0.004666945,0.009362114,watch,user3,lie
10.018993664,0.008461878,-0.023783207,-0.008251667,-0.020288981,-0.000538736,0.018575585,watch,user3,lie
10.028992768,0.009616897,-0.022142500,-0.002399564,-0.039325789,0.001066085,0.025272237,watch,user3,lie
10.038991872,0.011006504,-0.016428709,0.003368735,-0.055542842,-0.005493813,0.022382708,watch,user3,lie
10.048990720,0.013023771,-0.008673310,0.009393752,-0.064102150,-0.010213112,0.021128094,watch,user3,lie
10.058989824,0.011809699,-0.002798587,0.012954712,-0.061483733,-0.009653049,0.016829485,watch,user3,lie
10.068988672,0.008817844,0.003255576,0.012867212,-0.053232238,-0.010527542,0.010340625,watch,user3,lie
10.078987776,0.003403597,0.006805152,0.008850515,-0.036424760,-0.006162888,0.005002586,watch,user3,lie
10.088987136,-0.001718841,0.009066850,0.004863441,-0.024237826,-0.000336247,-0.002130891,watch,user3,lie
10.098986240,-0.005825654,0.010328054,0.002161860,-0.016725847,0.003002558,-0.008719285,watch,user3,lie
10.108985344,-0.004829973,0.013072073,-0.002174795,-0.006667444,0.005054169,-0.012516420,watch,user3,lie
10.118984448,-0.001403563,0.011437386,-0.004928470,0.001195805,0.003155069,-0.013965978,watch,user3,lie
10.128983296,0.002882957,0.012614399,-0.006512463,0.015690459,-0.000269490,-0.014629706,watch,user3,lie
10.138982400,0.007343121,0.013529837,-0.008134842,0.028580958,-0.004589137,-0.013708252,watch,user3,lie
10.148980224,0.011242718,0.011950672,-0.006733000,0.034366056,-0.004841160,-0.013711980,watch,user3,lie
10.158979328,0.009613909,0.007671535,-0.004838347,0.034644090,-0.005044360,-0.012770019,watch,user3,lie
10.168978432,0.008891150,0.006217390,-0.001736701,0.033086095,-0.006750825,-0.010830905,watch,user3,lie
10.178977280,0.009775177,0.005802393,0.000934839,0.035313562,-0.006900494,-0.009128612,watch,user3,lie
10.188976384,0.008684643,0.005651981,0.001800179,0.039325658,-0.007024686,-0.007878326,watch,user3,lie
10.198975488,0.006494671,0.004479438,0.003466606,0.042734507,-0.001773200,-0.013825697,watch,user3,lie
10.208974336,0.002656959,0.003644466,0.005169213,0.046549659,-0.001734672,-0.013795070,watch,user3,lie
10.218973184,0.001682781,0.001429677,0.005113423,0.047300138,0.004382875,-0.014861667,watch,user3,lie
10.228972288,-0.000435442,-0.001802176,0.004502177,0.040964879,0.002751423,-0.015321927,watch,user3,lie
10.238971392,0.001684621,-0.004555017,0.003274739,0.031520776,0.000103175,-0.013866243,watch,user3,lie
10.248970496,0.004659861,-0.005233228,0.003324747,0.020715976,-0.001950211,-0.013288204,watch,user3,lie
10.258969344,0.002051577,-0.005210310,0.002110064,0.015075934,-0.000695330,-0.009689741,watch,user3,lie
10.268968192,0.005668506,-0.002684444,0.002479136,0.015755041,-0.000392528,-0.003610410,watch,user3,lie
10.278967296,0.005592912,-0.004151911,0.000059187,0.012788014,0.000569406,-0.003390167,watch,user3,lie
10.288966400,0.006074883,-0.002081841,0.000710726,0.012010148,0.000051333,-0.004445777,watch,user3,lie
10.298965248,0.005230673,-0.000774294,-0.000215590,0.006633492,-0.000070640,-0.005044189,watch,user3,lie
10.308964352,0.007023409,-0.000586987,0.001107991,0.003835176,-0.002640591,-0.005013230,watch,user3,lie
10.318963456,0.006522320,-0.000509769,0.003171623,-0.001753734,-0.004595351,-0.003436106,watch,user3,lie
10.328962560,0.007389754,-0.000494510,0.002463639,-0.001242185,-0.001317710,-0.002124033,watch,user3,lie
10.338961152,0.006918184,0.001888394,0.003831327,0.001689422,-0.000724624,-0.002060384,watch,user3,lie
10.348960256,0.005804896,0.003082305,0.004705727,0.003981960,-0.002635087,-0.002580100,watch,user3,lie
10.358959360,0.004703477,0.001220316,0.004918039,0.002148374,0.001224899,-0.002500205,watch,user3,lie
10.368958464,0.002505295,0.002741009,0.003958344,0.002830942,0.002438235,-0.003901161,watch,user3,lie
10.378957312,0.002969868,0.002285421,0.002698421,0.004077567,0.003197768,-0.004802641,watch,user3,lie
10.388956416,0.005112506,0.003356099,0.002537012,0.004824806,0.002683867,-0.003454082,watch,user3,lie
10.398955264,0.004283242,0.003503293,0.002084732,0.006152658,0.004726778,-0.003513205,watch,user3,lie
10.408954368,0.004242539,0.002877653,0.001877189,0.000849106,0.008726846,-0.003231908,watch,user3,lie
10.418953216,0.005676225,0.003540099,0.002497017,0.004863289,0.005361409,-0.003043889,watch,user3,lie
10.428952320,0.007590786,0.003586501,0.002164006,0.000812532,0.006069988,-0.001538271,watch,user3,lie
10.438951424,0.007418767,0.003795803,0.003341436,0.002082594,0.005255593,0.000153369,watch,user3,lie
10.448950528,0.005263560,0.004394710,0.001863003,0.001460169,0.006887667,0.000927350,watch,user3,lie
10.458949376,0.007278569,0.004610181,0.002563298,0.009628882,0.004403736,-0.000379197,watch,user3,lie
10.468948224,0.007275745,0.004903436,0.002778053,0.016031209,0.006478960,-0.003968738,watch,user3,lie
10.478947328,0.005975768,0.004063874,-0.000564814,0.021892028,0.002799537,-0.008229529,watch,user3,lie
10.488946432,0.003920138,0.005210221,-0.002617419,0.025814598,0.000057013,-0.011568600,watch,user3,lie
10.498945280,0.001156397,0.000933707,-0.007412016,0.031764101,-0.003108154,-0.015634183,watch,user3,lie
10.508944384,0.002492316,-0.000270337,-0.010182381,0.033019692,-0.006961037,-0.015604755,watch,user3,lie
10.518943488,0.001558058,-0.002626687,-0.009113610,0.030425774,-0.011137939,-0.014496880,watch,user3,lie
10.528941312,0.003152259,-0.005444199,-0.010201037,0.024279509,-0.014092805,-0.006997085,watch,user3,lie
10.538940416,0.003220603,-0.009215742,-0.006509244,0.012010326,-0.012268007,-0.001078476,watch,user3,lie
10.548939264,0.003874861,-0.007273018,-0.002165258,0.003174578,-0.016137490,0.001709587,watch,user3,lie
10.558938368,0.005602553,-0.004263073,0.001655817,-0.006604283,-0.014227206,0.006563464,watch,user3,lie
10.568937472,0.006724283,-0.001653969,0.006183028,-0.010367019,-0.011526849,0.010268787,watch,user3,lie
10.578936320,0.007514104,0.000581503,0.011063457,-0.005637777,-0.008933196,0.007826668,watch,user3,lie
10.588935168,0.005484149,0.004891306,0.011357069,0.003311953,-0.003821614,0.008237595,watch,user3,lie
10.598934272,0.006901622,0.006361514,0.011199057,0.009429234,0.000582722,0.004242586,watch,user3,lie
10.608933376,0.002911650,0.008852124,0.009632170,0.019150171,0.003886106,-0.001546394,watch,user3,lie
10.618932480,0.001267813,0.009401381,0.008635223,0.026006214,0.002693276,-0.005244459,watch,user3,lie
10.628931328,0.003181450,0.006435752,0.004834771,0.029148700,0.005423106,-0.006089813,watch,user3,lie
10.638930432,0.002436526,0.003694057,0.001301408,0.030397721,-0.000369802,-0.008220875,watch,user3,lie
10.648929280,0.003762238,0.002814144,-0.003908753,0.027704377,-0.000610374,-0.007687576,watch,user3,lie
10.658928384,0.004721463,0.000985950,-0.006440222,0.021306666,-0.003811760,-0.009228747,watch,user3,lie
10.668927232,0.006492116,-0.000676244,-0.003652215,0.017796930,-0.006104564,-0.006769652,watch,user3,lie
10.678926336,0.007004991,-0.000086755,-0.003752828,0.014409922,-0.007369566,-0.008798447,watch,user3,lie
10.688925440,0.005931973,-0.001077473,-0.002574980,0.009652717,-0.005933323,-0.007520929,watch,user3,lie
10.698924544,0.007147767,-0.001914471,0.003240168,0.005961310,-0.004598014,-0.004430330,watch,user3,lie
10.708923136,0.005483851,-0.000827581,0.005225241,0.001202508,-0.001781987,-0.003368795,watch,user3,lie
10.718922240,0.006101988,0.001429141,0.009263694,0.002149794,-0.002242448,-0.006932903,watch,user3,lie
10.728921344,0.005402513,0.001752585,0.009514034,0.006591680,-0.000067711,-0.000729868,watch,user3,lie
10.738920448,0.007291876,0.004382282,0.008687675,0.014517514,0.002828211,-0.000734928,watch,user3,lie
10.748919296,0.008197226,0.005569786,0.005258024,0.018935964,0.005381383,0.003658222,watch,user3,lie
10.758918400,0.008594684,0.002853662,0.003276885,0.022066243,0.000301670,-0.000817753,watch,user3,lie
10.768917504,0.006142326,0.000128448,0.003025472,0.016716486,-0.001758818,-0.004181592,watch,user3,lie
10.778916352,0.001683049,-0.001242727,0.001162529,0.004257952,0.001957091,-0.007919338,watch,user3,lie
10.788915200,-0.002490260,-0.002795011,0.000551999,-0.003645245,0.005672999,-0.007590437,watch,user3,lie
10.798914304,-0.000309020,-0.003675371,-0.001391947,-0.010092225,0.002653773,-0.007258342,watch,user3,lie
10.808913408,0.004775360,-0.001306206,-0.002979040,-0.008934815,-0.000750012,-0.003426319,watch,user3,lie
10.818912512,0.008535057,-0.002496600,-0.001704633,-0.006931186,-0.003680555,-0.003551953,watch,user3,lie
10.828911360,0.007808201,-0.000716746,0.000752091,-0.005198000,-0.003873634,-0.003705085,watch,user3,lie
10.838910208,0.009108126,-0.001544595,0.002761424,-0.004126344,-0.001155079,-0.000999580,watch,user3,lie
10.848909312,0.006970473,-0.001212776,0.003697336,-0.009463186,0.000710198,0.004446651,watch,user3,lie
10.858907392,0.005725905,0.001714975,0.004827499,-0.013552470,-0.000270377,0.007242171,watch,user3,lie
10.868906496,0.005311258,0.004011184,0.003685176,-0.010877725,-0.001713012,0.008169817,watch,user3,lie
10.878905344,0.007136904,0.006445140,0.002095163,-0.002021382,0.000129097,0.008404441,watch,user3,lie
10.888904192,0.004440635,0.008051604,0.000027001,0.010144027,-0.001375767,0.004701449,watch,user3,lie
10.898903296,0.002712905,0.008437008,-0.001067817,0.019891994,0.003176374,0.001443604,watch,user3,lie
10.908902400,0.001330361,0.006566674,-0.000425398,0.021499392,0.004512659,-0.003751291,watch,user3,lie
10.918901248,0.002261795,0.003404230,0.000950098,0.019703621,0.004087619,-0.005181408,watch,user3,lie
10.928900352,0.002270520,-0.000887960,0.001573145,0.016026506,0.004794866,-0.001859914,watch,user3,lie
10.938899456,0.003658973,-0.001856595,0.002335787,0.007990417,0.004313633,0.001418171,watch,user3,lie
10.948898560,0.002502218,-0.001491755,0.002213418,0.001878595,0.003742385,0.003385514,watch,user3,lie
10.958897152,0.005282030,-0.001412451,0.003339887,0.003528158,0.003763956,0.003683788,watch,user3,lie
10.968896256,0.006612547,-0.000378042,0.002964139,-0.000717276,0.006636619,0.002968729,watch,user3,lie
10.978895360,0.005976811,0.000039816,0.003842950,0.001196205,0.007798024,0.000151372,watch,user3,lie
10.988894464,0.004230335,-0.000718385,0.003275573,0.001348493,0.008579751,-0.003006139,watch,user3,lie
10.998893312,0.004049957,0.000341207,0.003150642,-0.001477653,0.009509460,0.000030397,watch,user3,lie
11.008892416,0.005134143,0.000259399,0.003318071,-0.002477138,0.007319809,-0.002015976,watch,user3,lie
11.018891264,0.007022694,0.001789391,0.003343880,-0.000415318,0.004744266,0.002494354,watch,user3,lie
11.028890368,0.007554382,0.004592866,0.001565158,0.003886663,0.003024574,-0.001317695,watch,user3,lie
11.038889216,0.007827803,0.005051970,0.000180602,0.005257392,0.000239440,-0.002811728,watch,user3,lie
11.048888320,0.005208321,0.003701091,0.001811743,0.006149108,0.002642766,-0.006279297,watch,user3,lie
11.058887424,-0.000671037,0.002813935,0.002314568,0.006027934,0.005792752,-0.006498475,watch,user3,lie
11.068886528,-0.000277773,0.002196372,0.002618074,0.001475260,0.007698510,-0.004459026,watch,user3,lie
11.078885376,0.001950562,0.002113879,0.001802862,-0.000256594,0.008170422,-0.008163484,watch,user3,lie
11.088884224,0.004575580,0.000194311,0.001096308,0.000679418,0.009847593,-0.003271789,watch,user3,lie
11.098883072,0.006621554,0.000884145,0.001127839,0.004903192,0.005965502,-0.006085153,watch,user3,lie
11.108882176,0.006081894,0.001708299,0.001124024,0.003506364,0.007150343,-0.004206958,watch,user3,lie
11.118880768,0.008313291,0.002939522,0.002282083,0.006303215,0.010357854,-0.001558977,watch,user3,lie
11.128879872,0.008199237,0.002986789,0.002578437,0.007874570,0.008358441,-0.001417164,watch,user3,lie
11.138878976,0.006132700,0.002845347,0.002166450,0.006558968,0.006799427,-0.002513853,watch,user3,lie
11.148878080,0.005964786,0.004214048,0.001729846,0.008001824,0.006999786,-0.003549490,watch,user3,lie
11.158876928,0.006478734,0.003686488,0.003803194,0.009960046,0.006948654,-0.007290166,watch,user3,lie
11.168874752,0.007185765,0.003066838,0.001717329,0.012712024,0.004843691,-0.008396376,watch,user3,lie
11.178873856,0.005692825,0.003513604,0.000696480,0.020712692,0.005627725,-0.012610296,watch,user3,lie
11.188872960,0.005244240,-0.000512391,0.000837624,0.021096809,0.004804364,-0.011009870,watch,user3,lie
11.198872064,0.005593821,-0.000236750,0.000030994,0.022744240,0.003149476,-0.010655936,watch,user3,lie
11.208870912,0.002705522,-0.001553804,-0.000327885,0.017044410,0.002140671,-0.009913913,watch,user3,lie
11.218870016,0.002642453,-0.003721893,0.000017643,0.011006758,0.001607240,-0.006321308,watch,user3,lie
11.228868864,0.000865512,-0.004413158,0.001006246,0.003681822,0.002682447,-0.006611726,watch,user3,lie
11.238867968,0.000601925,-0.002265871,0.000306249,-0.001228781,0.004429214,-0.005344328,watch,user3,lie
11.248866816,0.002984710,-0.001762092,-0.001712143,-0.000799257,0.001244162,-0.005186069,watch,user3,lie
11.258865920,0.002878532,-0.000842988,0.000247896,-0.003110881,0.000270511,-0.006800477,watch,user3,lie
11.268865024,0.005296491,-0.001553148,0.000089943,-0.002798359,-0.000472778,-0.010150001,watch,user3,lie
11.278864128,0.005169533,0.000214159,0.000431836,-0.003661223,-0.004827579,-0.010143078,watch,user3,lie
11.288862976,0.003147893,0.000008225,0.000999570,-0.002104561,-0.001192453,-0.010202000,watch,user3,lie
11.298861824,0.002423428,-0.000998288,0.002132654,-0.004232427,0.000691733,-0.009831289,watch,user3,lie
11.308860928,0.001378484,-0.003397375,0.004425764,-0.011108930,0.002830163,-0.008196040,watch,user3,lie
11.318860032,0.004879653,-0.001445889,0.004323542,-0.014169968,0.000235179,-0.010316449,watch,user3,lie
11.328858880,0.005077638,-0.000493467,0.003737569,-0.015497377,-0.002329534,-0.004873880,watch,user3,lie
11.338857984,0.005434394,-0.000627786,0.003131986,-0.011784931,-0.001075984,-0.001101779,watch,user3,lie
11.348857088,0.007185161,0.002633333,-0.000124454,-0.008330410,-0.001684249,-0.002819052,watch,user3,lie
11.358855936,0.006938443,0.002965361,0.000304937,-0.004632878,-0.001241633,-0.002893087,watch,user3,lie
11.368854784,0.004033804,0.005399764,-0.000160456,-0.002059909,0.001381936,-0.002532229,watch,user3,lie
11.378853888,0.004180886,0.005834371,-0.001218200,0.002294359,-0.001651937,-0.003690704,watch,user3,lie
11.388852992,0.004114099,0.005398065,0.001804233,0.005905961,0.000775090,-0.003328381,watch,user3,lie
11.398852096,0.006162256,0.004149199,0.001152813,0.005145895,0.004961047,-0.002846615,watch,user3,lie
11.408850944,0.007777743,0.003956586,0.002581775,0.008258331,0.004284870,-0.000782666,watch,user3,lie
11.418850048,0.005407639,0.004164308,0.002433479,0.009388576,0.004424687,-0.001153111,watch,user3,lie
11.428848896,0.005624689,0.003594875,0.003821909,0.015991086,0.005813525,0.001569971,watch,user3,lie
11.438848000,0.007223040,0.001677006,0.005540550,0.016089622,0.013307926,0.010513399,watch,user3,lie
11.448846848,0.005588107,-0.004002303,0.007537782,0.016733043,0.019944791,0.034947369,watch,user3,lie
11.458844928,0.001014411,-0.025882006,0.009283721,-0.015831560,0.036364242,0.092794694,watch,user3,lie
11.468844032,-0.010541908,-0.065422207,0.023685217,-0.087277509,0.061478388,0.170092136,watch,user3,lie
11.478842880,-0.025134288,-0.104835004,0.032232404,-0.214158505,0.097350895,0.241042748,watch,user3,lie
11.488841984,-0.029157259,-0.127849966,0.020688713,-0.410531461,0.116417527,0.306425214,watch,user3,lie
11.498840832,-0.008442312,-0.130025625,0.006905794,-0.642478943,0.072324641,0.359386951,watch,user3,lie
11.508839936,0.032106943,-0.124264151,0.003717721,-0.862519383,-0.017972320,0.398610473,watch,user3,lie
11.518839040,0.065454781,-0.131227136,-0.003096104,-1.048991442,-0.112888180,0.450664610,watch,user3,lie
11.528838144,0.074479662,-0.164307773,0.019165218,-1.166105986,-0.160302743,0.504900992,watch,user3,lie
11.538836736,0.044296689,-0.206921861,0.021570563,-1.256832361,-0.136861071,0.558586895,watch,user3,lie
11.548835840,-0.003545664,-0.228532150,0.017682791,-1.261445045,-0.089886986,0.614362657,watch,user3,lie
11.558834944,-0.037016824,-0.228921026,0.032007873,-1.187413692,-0.072555400,0.705708861,watch,user3,lie
11.568834048,-0.041034512,-0.203566313,0.035396993,-1.018553376,-0.097155109,0.830165923,watch,user3,lie
11.578832896,-0.016965441,-0.181806937,0.021926641,-0.745325625,-0.138816804,0.965567946,watch,user3,lie
11.588832000,0.010161780,-0.172513604,0.006572127,-0.465498924,-0.163061604,1.111005545,watch,user3,lie
11.598831104,0.038434520,-0.158358902,0.003090322,-0.213659242,-0.155394360,1.240744114,watch,user3,lie
11.608829952,0.062889084,-0.156586140,-0.003666341,-0.060756870,-0.145896018,1.350989223,watch,user3,lie
11.618828800,0.078175172,-0.173928916,-0.014323652,0.023768937,-0.175235525,1.457862616,watch,user3,lie
11.628827904,0.092795774,-0.202030554,-0.009190798,0.105437614,-0.226394951,1.550637245,watch,user3,lie
11.638827008,0.101253763,-0.225506634,-0.025498092,0.188099459,-0.223120064,1.646985650,watch,user3,lie
11.648826112,0.086416394,-0.224794984,-0.035444081,0.257766336,-0.159205079,1.757854223,watch,user3,lie
11.658824960,0.075420931,-0.213011757,-0.040367186,0.208145797,-0.103346072,1.885565758,watch,user3,lie
11.668823808,0.082435444,-0.206281155,-0.038005769,0.057429295,-0.100415081,1.994984150,watch,user3,lie
11.678822912,0.100675181,-0.214601249,-0.051129818,-0.148124933,-0.106341153,2.068842649,watch,user3,lie
11.688822016,0.127229109,-0.218102112,-0.032194257,-0.385424525,-0.095430806,2.119285107,watch,user3,lie
11.698820864,0.153578028,-0.211319327,0.023112655,-0.621117234,-0.085757941,2.157851458,watch,user3,lie
11.708819968,0.177376539,-0.184805021,0.099642694,-0.779698849,-0.079366088,2.175572634,watch,user3,lie
11.718818048,0.191772789,-0.142419815,0.146468520,-0.827752948,-0.043496232,2.155787468,watch,user3,lie
11.728816896,0.187605917,-0.104731008,0.162860334,-0.822926819,0.024754016,2.104241371,watch,user3,lie
11.738816000,0.165765345,-0.077696085,0.196938157,-0.780841947,0.109015107,2.045436859,watch,user3,lie
11.748814848,0.144231319,-0.064178966,0.219941735,-0.752540767,0.187361836,2.018392801,watch,user3,lie
11.758813952,0.124566510,-0.041725092,0.233256876,-0.737290204,0.270581096,1.986848593,watch,user3,lie
11.768813056,0.099539772,-0.008722089,0.233904004,-0.701155245,0.377971023,1.920998096,watch,user3,lie
11.778812160,0.064549565,0.016694754,0.198489308,-0.643467188,0.477162331,1.868923187,watch,user3,lie
11.788810752,0.031310380,0.024167407,0.180550456,-0.638640642,0.551952779,1.875004768,watch,user3,lie
11.798809856,0.016185910,0.034680039,0.170801044,-0.697827280,0.615736783,1.869434476,watch,user3,lie
11.808808960,0.008113414,0.060438152,0.130337298,-0.832302928,0.623775184,1.842919946,watch,user3,lie
11.818808064,0.002032667,0.089978337,0.116888642,-1.036876321,0.593437791,1.820730686,watch,user3,lie
11.828806912,0.009357408,0.126828104,0.086755812,-1.192976356,0.570814312,1.774933457,watch,user3,lie
11.838806016,0.020979568,0.156483546,0.062277496,-1.327944636,0.540859342,1.691922188,watch,user3,lie
11.848805120,0.028361201,0.168239892,0.021855891,-1.514508009,0.487401098,1.646258712,watch,user3,lie
11.858803968,0.032186180,0.173381686,-0.028787136,-1.664970517,0.434789836,1.645044327,watch,user3,lie
11.868802816,0.019177392,0.176932231,-0.074881315,-1.719536185,0.400187194,1.610583782,watch,user3,lie
11.878801920,-0.008387327,0.202954873,-0.149217010,-1.896692276,0.259078830,1.460167646,watch,user3,lie
11.888801024,-0.015560925,0.234856710,-0.217805982,-2.260211229,0.074449047,1.260555387,watch,user3,lie
11.898800128,-0.015590683,0.259941667,-0.204938114,-2.281841993,-0.086292967,1.109361887,watch,user3,lie
11.908798976,-0.019787937,0.314166665,-0.196875215,-1.934135675,-0.095089205,0.945166171,watch,user3,lie
11.918797824,-0.050016582,0.409557045,-0.182973385,-1.410998583,-0.078260161,0.724228740,watch,user3,lie
11.928796928,-0.068098232,0.448657423,-0.140310228,-0.835300863,-0.046617191,0.588895917,watch,user3,lie
11.938796032,-0.061049879,0.400611609,-0.091319859,-0.364676088,-0.020207424,0.575137258,watch,user3,lie
11.948794880,-0.051079601,0.288592517,-0.043497264,-0.035829190,0.006333019,0.590809643,watch,user3,lie
11.958793984,-0.053441934,0.174358323,0.018123329,0.159774661,0.043494236,0.604475915,watch,user3,lie
11.968793088,-0.052505657,0.118069664,0.035199523,0.269580424,0.056817677,0.607687950,watch,user3,lie
11.978790912,-0.028206103,0.080731705,0.020153046,0.293157399,0.053155564,0.594941795,watch,user3,lie
11.988790016,0.013395056,0.032813847,0.010601163,0.211802617,0.072362550,0.572717249,watch,user3,lie
11.998788864,0.030654043,-0.005780995,0.026291013,0.068305381,0.083094560,0.520106792,watch,user3,lie
12.008787968,0.044467688,-0.042646140,0.048042119,-0.097599655,0.073993377,0.471140534,watch,user3,lie
12.018787072,0.064638816,-0.058197021,0.061341524,-0.215640277,0.070418350,0.456698477,watch,user3,lie
12.028786176,0.082833022,-0.053173915,0.071721256,-0.204188064,0.090284824,0.427058816,watch,user3,lie
12.038784768,0.071989693,-0.015997604,0.076057673,-0.042856164,0.144321963,0.361324817,watch,user3,lie
12.048783872,0.042828031,0.014249146,0.078841567,0.135401815,0.141517729,0.303078026,watch,user3,lie
12.058782976,0.021757774,0.030154586,0.037933469,0.273887783,0.097905546,0.236153841,watch,user3,lie
12.068782080,0.002208509,0.050461918,-0.050035655,0.298246056,0.065769896,0.177502528,watch,user3,lie
12.078780928,-0.010805115,0.088385090,-0.114805400,0.316176832,0.018443655,0.153232604,watch,user3,lie
12.088780032,0.003355749,0.062151507,-0.149825752,0.245995119,-0.035106476,0.159393355,watch,user3,lie
12.098778624,0.010691553,0.046818078,-0.156418443,0.228343427,-0.050814867,0.171634048,watch,user3,lie
12.108777728,0.011332370,0.043111175,-0.087723136,0.324487090,-0.010861237,0.207605615,watch,user3,lie
12.118776576,-0.008893818,0.037659213,-0.039202273,0.461144000,0.029363148,0.221542746,watch,user3,lie
12.128775680,-0.030627236,0.061521053,-0.006525040,0.627729237,0.039210185,0.196015805,watch,user3,lie
12.138774784,-0.033852778,0.056075186,0.030008078,0.768530846,0.057755906,0.188519537,watch,user3,lie
12.148773632,-0.030280314,0.037629098,0.068428874,0.870260239,0.091385864,0.167010397,watch,user3,lie
12.158772480,-0.035129175,0.021076709,0.102824867,0.969311714,0.128742829,0.148971468,watch,user3,lie
12.168771584,-0.040779777,-0.006776325,0.093689680,0.982987940,0.162673965,0.168284178,watch,user3,lie
12.178770688,-0.023435436,-0.044812955,0.064177454,0.871473134,0.150952861,0.215759814,watch,user3,lie
12.188769792,0.006000102,-0.091215640,0.063371301,0.734341145,0.146091446,0.218869805,watch,user3,lie
12.198768640,-0.005128354,-0.073548496,0.050132334,0.674377978,0.152329370,0.209008113,watch,user3,lie
12.208767744,-0.007532619,-0.012803517,0.060190380,0.694868386,0.182712406,0.217404127,watch,user3,lie
12.218765568,0.011096925,0.019272298,0.068605781,0.728610337,0.208460644,0.240773365,watch,user3,lie
12.228764672,0.040820077,0.043086365,0.034089029,0.726753533,0.180701450,0.245342478,watch,user3,lie
12.238763776,0.076045558,0.060731530,0.021416962,0.700951457,0.182890832,0.218803018,watch,user3,lie
12.248762624,0.074979290,0.065696076,-0.002609313,0.699202836,0.173508778,0.187200487,watch,user3,lie
12.258761728,0.063238204,0.063762754,-0.002387643,0.675886571,0.182045281,0.173149914,watch,user3,lie
12.268760576,0.050674886,0.043827441,-0.011335790,0.603584230,0.162301853,0.138969645,watch,user3,lie
12.278759680,0.043223828,0.023277100,-0.037037790,0.492641181,0.112122037,0.076511592,watch,user3,lie
12.288758528,0.038682990,0.058766257,-0.067026019,0.490518212,0.085954875,0.001407585,watch,user3,lie
12.298757632,0.021696195,0.096750654,-0.071627319,0.476414382,0.069845416,-0.013868041,watch,user3,lie
12.308756736,0.025217563,0.062854752,-0.059714973,0.361151457,0.025463570,-0.019025121,watch,user3,lie
12.318755840,0.036842987,0.020425856,-0.033264458,0.299118698,-0.008917572,-0.025694475,watch,user3,lie
12.328754432,0.033383280,0.003468517,-0.018896699,0.244238317,-0.040903024,-0.072971441,watch,user3,lie
12.338753536,0.039782509,0.003792185,-0.031391680,0.204302892,-0.102472112,-0.120953344,watch,user3,lie
12.348752640,0.053155981,0.018934680,-0.034109294,0.218746230,-0.114163563,-0.151788682,watch,user3,lie
12.358751744,0.060565487,0.043104738,-0.044854641,0.247805849,-0.147907943,-0.192306027,watch,user3,lie
12.368750592,0.051275186,0.043121517,-0.030193269,0.286434919,-0.180791944,-0.236504644,watch,user3,lie
12.378749696,0.012256727,0.056664433,-0.021626472,0.358114988,-0.157557189,-0.268206120,watch,user3,lie
12.388748800,-0.024815194,0.078695588,0.001583338,0.426633060,-0.120352574,-0.264398068,watch,user3,lie
12.398747648,-0.022281960,0.075926416,0.009120226,0.447750062,-0.126911938,-0.252431661,watch,user3,lie
12.408746496,0.008142292,0.063289464,-0.008214653,0.424557507,-0.134743229,-0.247983873,watch,user3,lie
12.418745600,0.030965663,0.042847093,-0.012875438,0.438384622,-0.127237916,-0.243808031,watch,user3,lie
12.428744704,0.032785662,0.021445064,-0.007406712,0.487681091,-0.127731130,-0.214976653,watch,user3,lie
12.438743808,0.042571127,0.006362348,0.000252843,0.529700696,-0.138668463,-0.195347026,watch,user3,lie
12.448741632,0.056200869,0.023649201,0.004245937,0.542329609,-0.134057388,-0.271528035,watch,user3,lie
12.458740480,0.067955710,0.068069577,-0.004231632,0.597853065,-0.163248032,-0.329309821,watch,user3,lie
12.468739584,0.109063692,0.062355600,-0.035841227,0.599134624,-0.195121363,-0.377649575,watch,user3,lie
12.478738688,0.116355889,0.058803830,-0.046331048,0.566830993,-0.249066070,-0.425495923,watch,user3,lie
12.488737792,0.088962778,0.071748331,-0.037185073,0.630305111,-0.283196896,-0.487916827,watch,user3,lie
12.498736640,0.054680251,0.059068244,-0.050847411,0.646125078,-0.331387609,-0.527579844,watch,user3,lie
12.508735744,0.044834547,0.049656242,-0.060094953,0.611131608,-0.402096897,-0.586097062,watch,user3,lie
12.518734592,0.044108033,0.047190186,-0.074817479,0.470799029,-0.470591009,-0.672900140,watch,user3,lie
12.528733696,0.046612702,0.066296652,-0.069107413,0.393676341,-0.518497646,-0.764056742,watch,user3,lie
12.538732544,0.054251507,0.065462790,-0.058019936,0.398919851,-0.497064263,-0.754197180,watch,user3,lie
12.548731648,0.062416144,0.040835641,-0.034896433,0.455974370,-0.433239818,-0.671144605,watch,user3,lie
12.558730752,0.060284391,0.012410283,-0.021266103,0.552056670,-0.375716865,-0.592772245,watch,user3,lie
12.568729856,0.046720862,0.005695172,-0.004933298,0.612775385,-0.338645488,-0.563979864,watch,user3,lie
12.578728448,0.036333472,0.027636163,-0.005870402,0.689661086,-0.333187610,-0.566577017,watch,user3,lie
12.588727552,0.052629277,0.055002742,-0.022024810,0.723408282,-0.377578050,-0.590779006,watch,user3,lie
12.598726656,0.077469364,0.067496501,-0.022656858,0.716419578,-0.453059226,-0.648217797,watch,user3,lie
12.608725760,0.082735121,0.057840928,-0.034126401,0.668885529,-0.540783823,-0.743253529,watch,user3,lie
12.618724608,0.071869120,0.057211846,-0.044978976,0.636677027,-0.591420352,-0.849093139,watch,user3,lie
12.628723712,0.038976327,0.082708880,-0.022110760,0.694457769,-0.576736391,-0.990399718,watch,user3,lie
12.638722816,-0.003663033,0.109431267,-0.004675210,0.851348042,-0.526608825,-1.107395411,watch,user3,lie
12.648721664,-0.018231675,0.116890416,-0.000348985,1.011874318,-0.469498068,-1.153160214,watch,user3,lie
12.658720512,-0.004270688,0.118153065,-0.008641660,1.077476025,-0.456805170,-1.107580781,watch,user3,lie
12.668718592,0.019647539,0.109771878,-0.002374351,1.091836929,-0.463108331,-1.050171971,watch,user3,lie
12.678717696,0.023302421,0.073586941,0.022254109,0.976123571,-0.462855071,-0.980200350,watch,user3,lie
12.688716800,0.004603073,0.053384215,0.028457880,0.825194180,-0.461929679,-0.915725768,watch,user3,lie
12.698715648,-0.025085539,0.027987435,0.018051565,0.662499011,-0.455220401,-0.881450891,watch,user3,lie
12.708714496,-0.057733610,0.026472107,0.033006489,0.567162633,-0.427832454,-0.856849492,watch,user3,lie
12.718713600,-0.081149682,0.045375347,0.052394927,0.652852237,-0.370040268,-0.836186826,watch,user3,lie
12.728712704,-0.092066854,0.039328396,0.036939919,0.804697752,-0.307955384,-0.817973793,watch,user3,lie
12.738711808,-0.088573322,0.048908830,0.044260979,0.923200727,-0.250034302,-0.791413605,watch,user3,lie
12.748710656,-0.064673007,0.082652032,0.049224615,0.997911453,-0.225351691,-0.775668919,watch,user3,lie
12.758709504,-0.023624271,0.098514289,0.039517105,1.065620184,-0.248502567,-0.789951205,watch,user3,lie
12.768708608,0.009650469,0.052696884,0.050805271,1.078822136,-0.234968901,-0.783587635,watch,user3,lie
12.778707712,0.010881558,-0.011197835,0.087330639,0.973207295,-0.186454624,-0.744605660,watch,user3,lie
12.788706560,-0.007151157,-0.075196505,0.113191307,0.886857569,-0.143760785,-0.713160694,watch,user3,lie
12.798705664,-0.035117269,-0.106070906,0.101524711,0.861458957,-0.064749859,-0.670891523,watch,user3,lie
12.808704768,-0.030764073,-0.059982091,0.038871706,0.815239012,-0.017872540,-0.601484954,watch,user3,lie
12.818703872,0.022097707,-0.045213342,0.042280316,0.726973295,-0.035026226,-0.529682398,watch,user3,lie
12.828702464,0.055375069,-0.068173140,0.091409326,0.582479179,-0.073916279,-0.462871462,watch,user3,lie
12.838701568,0.063076377,-0.093739450,0.086267292,0.476242244,-0.066257559,-0.396757156,watch,user3,lie
12.848700672,0.031698614,-0.118770927,0.094177663,0.416062623,-0.015786130,-0.334603965,watch,user3,lie
12.858699776,-0.008480251,-0.119191349,0.061997652,0.399858624,0.017307639,-0.308502883,watch,user3,lie
12.868698624,-0.039056912,-0.099465132,0.058314145,0.398132831,0.063662000,-0.304466158,watch,user3,lie
12.878697728,-0.060931951,-0.058845878,0.109453857,0.424552172,0.110394359,-0.278513670,watch,user3,lie
12.888695552,-0.038005054,-0.032867074,0.109733105,0.467038780,0.139445171,-0.227736056,watch,user3,lie
12.898694656,-0.014720589,-0.048027039,0.113706291,0.519046843,0.198316753,-0.149820223,watch,user3,lie
12.908693760,-0.016674727,-0.063029557,0.086690903,0.546892524,0.235966578,-0.070023127,watch,user3,lie
12.918692608,-0.023448914,-0.088684142,0.063844442,0.542308152,0.237080574,0.011737786,watch,user3,lie
12.928691712,-0.023803517,-0.127356052,0.050665259,0.570144236,0.138009459,0.113058880,watch,user3,lie
12.938690560,0.005008861,-0.145189017,-0.053486407,0.534765780,0.064924076,0.140765876,watch,user3,lie
12.948689664,0.010737196,-0.108573973,-0.161224782,0.548543394,0.091258116,0.076296538,watch,user3,lie
12.958688512,-0.034199059,-0.070797741,-0.126774073,0.566676557,0.168618694,0.091148451,watch,user3,lie
12.968687616,-0.048780099,-0.056573033,-0.097326815,0.492713422,0.150911063,0.174646422,watch,user3,lie
12.978686720,-0.002922758,-0.091835648,-0.055130720,0.321831673,0.051731218,0.251793921,watch,user3,lie
12.988685824,0.029408619,-0.123821884,0.000948608,0.124015249,0.004951282,0.311632276,watch,user3,lie
12.998684672,0.042693153,-0.075659454,0.005173743,-0.032053713,0.026535403,0.310447723,watch,user3,lie
13.008683520,0.054149225,-0.012953192,0.056566775,-0.124936961,-0.007634462,0.256110847,watch,user3,lie
13.018682624,0.092740908,-0.014487296,0.137082040,-0.231401891,-0.036881562,0.273226440,watch,user3,lie
13.028681728,0.081874132,-0.046086192,0.155621111,-0.181925997,0.051357575,0.264992148,watch,user3,lie
13.038680576,-0.000398919,-0.029062897,0.160954416,-0.100960039,0.156566292,0.223013550,watch,user3,lie
13.048679680,-0.034893036,-0.025775164,0.178813279,-0.098120794,0.152406350,0.203867346,watch,user3,lie
13.058678784,-0.012834474,-0.081780612,0.235103548,-0.113700286,0.212989524,0.259657651,watch,user3,lie
13.068677632,-0.016123384,-0.132518739,0.285540462,-0.219659612,0.334581465,0.364309043,watch,user3,lie
13.078676480,-0.032767132,-0.141973943,0.274112463,-0.332685232,0.411849886,0.471331626,watch,user3,lie
13.088675584,-0.026130021,-0.156588674,0.251253963,-0.436418355,0.492101490,0.513317943,watch,user3,lie
13.098673408,-0.022996664,-0.179913104,0.183723569,-0.451446325,0.597084939,0.548606396,watch,user3,lie
13.108672512,-0.027948096,-0.186136693,0.120035410,-0.498267204,0.720983863,0.638567507,watch,user3,lie
13.118671360,-0.014836207,-0.107021242,-0.005913556,-0.646086454,0.656136990,0.670695841,watch,user3,lie
13.128670208,0.042003423,0.005070329,-0.151525080,-0.643428624,0.551069319,0.668426871,watch,user3,lie
13.138669312,0.086079970,-0.003438652,-0.128640890,-0.698568821,0.516175807,0.731334746,watch,user3,lie
13.148668416,0.095161930,-0.061859250,-0.144733846,-0.910253465,0.463169724,0.834863424,watch,user3,lie
13.158667520,0.089489505,-0.075748622,-0.121658206,-1.162552238,0.376089424,0.833178699,watch,user3,lie
13.168666368,0.056731448,-0.047357917,-0.096280754,-1.259412050,0.304672837,0.717119813,watch,user3,lie
13.178665472,0.014602408,0.011722893,-0.100586951,-1.184894204,0.273528516,0.597647429,watch,user3,lie
13.188664320,-0.001193210,0.097597301,-0.110275686,-1.047469974,0.206663623,0.484133810,watch,user3,lie
13.198663424,0.016836897,0.187359840,-0.127081275,-0.906155527,0.104903713,0.364273995,watch,user3,lie
13.208662272,0.031839594,0.251148403,-0.145000219,-0.775833368,0.021415565,0.211468473,watch,user3,lie
13.218661376,0.026181802,0.267308950,-0.174794793,-0.580281734,-0.022544969,0.059158567,watch,user3,lie
13.228660480,-0.001928195,0.212801635,-0.109537363,-0.318732709,-0.029285872,-0.048557580,watch,user3,lie
13.238659584,-0.035115689,0.172323376,-0.052848876,-0.126737699,-0.011039492,-0.097686507,watch,user3,lie
13.248658176,-0.056464344,0.160774678,-0.018489420,-0.056468334,0.003942921,-0.159588352,watch,user3,lie
13.258657280,-0.063273892,0.119216532,0.006020367,-0.022040321,-0.020857766,-0.228368759,watch,user3,lie
13.268656384,-0.053761587,0.054042578,-0.016004264,0.019457722,0.005834298,-0.244330212,watch,user3,lie
13.278655488,-0.033757687,0.023227572,-0.048554122,-0.030934611,0.023403971,-0.228491604,watch,user3,lie
13.288653568,-0.005546853,0.013168842,-0.064486504,-0.019994613,-0.033618569,-0.212102771,watch,user3,lie
13.298652416,0.028978035,-0.014850736,-0.107244194,-0.027932430,-0.136163041,-0.218384907,watch,user3,lie
13.308651264,0.041915640,-0.017919868,-0.127148867,-0.006319014,-0.216159880,-0.261897504,watch,user3,lie
13.318650368,0.036242053,0.000399083,-0.113691330,-0.010513226,-0.263240039,-0.340887368,watch,user3,lie
13.328649472,0.033681124,0.023091525,-0.092014551,-0.036693431,-0.323284745,-0.408774823,watch,user3,lie
13.338648320,0.054631591,0.045134723,-0.101918399,-0.055629838,-0.388564408,-0.471902907,watch,user3,lie
13.348647424,0.089037523,0.040958554,-0.090112090,-0.083416462,-0.418522567,-0.540494740,watch,user3,lie
13.358646528,0.102093920,0.018334240,-0.046734631,-0.074991547,-0.403756946,-0.563876510,watch,user3,lie
13.368645376,0.100576431,0.014581949,-0.016820252,-0.045070406,-0.374838471,-0.536362588,watch,user3,lie
13.378644224,0.094647467,0.019659847,-0.012904763,-0.004020173,-0.388668001,-0.524430037,watch,user3,lie
13.388643328,0.087498337,0.024477720,-0.018989027,0.045932382,-0.430201441,-0.562732160,watch,user3,lie
13.398642432,0.082561970,0.041877836,-0.013185084,0.107818387,-0.468517125,-0.627699971,watch,user3,lie
13.408641536,0.072851166,0.054338872,0.009144127,0.208803371,-0.473105848,-0.674572587,watch,user3,lie
13.418640384,0.052926570,0.058947235,-0.003086865,0.325330257,-0.451692969,-0.682040334,watch,user3,lie
13.428639232,0.025129080,0.065112203,-0.013944685,0.392225415,-0.429042876,-0.680028260,watch,user3,lie
13.438638336,-0.002539918,0.060681880,-0.004484951,0.430698246,-0.437547415,-0.694646657,watch,user3,lie
13.448637440,-0.036019579,0.056281656,-0.002182901,0.473991722,-0.430902094,-0.704581082,watch,user3,lie
13.458636288,-0.064274669,0.058920175,-0.017086506,0.497756183,-0.396230400,-0.691288471,watch,user3,lie
13.468635392,-0.078183785,0.066110909,-0.004334748,0.495527357,-0.371302128,-0.654808044,watch,user3,lie
13.478634496,-0.068574458,0.057168663,0.029323578,0.509446144,-0.348030627,-0.606256783,watch,user3,lie
13.488632320,-0.058193341,0.037762552,0.050424814,0.528086185,-0.299115926,-0.566094577,watch,user3,lie
13.498631424,-0.048201025,0.018945903,0.069645345,0.568353176,-0.224232376,-0.514265716,watch,user3,lie
13.508630272,-0.030407563,0.001354843,0.076967955,0.611799896,-0.139463335,-0.439042509,watch,user3,lie
13.518629376,-0.008104786,0.001368344,0.086763263,0.643247545,-0.088121586,-0.351319849,watch,user3,lie
13.528628480,0.007567123,0.006443620,0.082251668,0.587965190,-0.134440079,-0.299619108,watch,user3,lie
13.538627584,0.041183546,-0.010430664,0.044990897,0.527968943,-0.124908090,-0.259748399,watch,user3,lie
13.548626432,0.037360564,-0.045384556,0.064307630,0.446085721,-0.139651790,-0.235632718,watch,user3,lie
13.558625280,0.038693517,-0.098171532,0.088629901,0.268966883,-0.172808424,-0.181886926,watch,user3,lie
13.568624384,0.045336708,-0.123419702,0.080500841,0.085161187,-0.213150159,-0.121108145,watch,user3,lie
13.578623488,0.024144486,-0.121883005,0.090876222,0.006799806,-0.229601830,-0.079767630,watch,user3,lie
13.588622336,0.008803919,-0.093852073,0.092728734,0.046394397,-0.209931284,-0.059264820,watch,user3,lie
13.598621440,0.013229564,-0.058838457,0.062669873,0.125961393,-0.145822346,-0.063131198,watch,user3,lie
13.608620544,0.020352125,-0.021422446,0.035917401,0.166657776,-0.083682984,-0.070290968,watch,user3,lie
13.618619392,0.021044180,0.010828972,0.019625843,0.166893736,-0.067329839,-0.040766370,watch,user3,lie
13.628618240,0.020478666,0.021079063,0.009724915,0.164936304,-0.086369574,-0.029465642,watch,user3,lie
13.638617344,0.014653638,0.008952588,0.009655654,0.199470580,-0.082033411,-0.018563194,watch,user3,lie
13.648616448,-0.001568854,-0.023654342,0.021513700,0.214268714,-0.100411892,0.031216212,watch,user3,lie
13.658615552,0.003789008,-0.075708002,0.013332486,0.090639442,-0.181525916,0.087943144,watch,user3,lie
13.668614400,0.025961861,-0.130495280,-0.020735562,-0.127001986,-0.268285751,0.137184858,watch,user3,lie
13.678612480,0.028632432,-0.176886827,-0.047743797,-0.335082471,-0.268746465,0.120332107,watch,user3,lie
13.688611328,-0.037937552,-0.177326858,-0.041615546,-0.638927639,-0.273442596,0.151023239,watch,user3,lie
13.698610432,-0.020362839,-0.167438239,-0.060167849,-0.905196071,-0.311572433,0.179572850,watch,user3,lie
13.708609536,-0.000611067,-0.203745723,0.005505979,-1.303443313,-0.305271387,0.200213417,watch,user3,lie
13.718608384,-0.032988518,-0.154803306,0.035262525,-1.614138603,-0.336722791,0.206058264,watch,user3,lie
13.728607232,-0.046363860,-0.051946551,0.026827872,-1.603988886,-0.389113814,0.207321867,watch,user3,lie
13.738606336,-0.032616004,0.035383731,0.023957133,-1.304461241,-0.375273377,0.255416423,watch,user3,lie
13.748605440,0.004302844,0.074893564,0.019710898,-0.854239404,-0.294981211,0.334789604,watch,user3,lie
13.758604288,0.037845299,0.048810214,0.041262686,-0.474551439,-0.181762218,0.391010255,watch,user3,lie
13.768603392,0.050102428,-0.017584175,0.089402437,-0.335173875,-0.071420543,0.409672379,watch,user3,lie
13.778602496,0.035564288,-0.076426923,0.137625933,-0.430661529,0.020022554,0.407654762,watch,user3,lie
13.788601600,0.015857458,-0.103671283,0.180477858,-0.612511277,0.082981192,0.401183426,watch,user3,lie
13.798600192,0.001009122,-0.112800211,0.200439095,-0.791947603,0.136880651,0.404997081,watch,user3,lie
13.808599296,-0.008414343,-0.106525272,0.203847945,-0.935658753,0.185482353,0.428981662,watch,user3,lie
13.818598400,-0.012591407,-0.093538612,0.187593937,-1.044229150,0.206533581,0.455210626,watch,user3,lie
13.828597504,-0.009328231,-0.083915859,0.142738461,-1.118277192,0.205259696,0.483564109,watch,user3,lie
13.838596352,-0.000145808,-0.060782999,0.092646658,-1.110974789,0.206128418,0.482425869,watch,user3,lie
13.848595456,0.000492096,-0.041676700,0.048422992,-0.987806320,0.224426210,0.448882520,watch,user3,lie
13.858594304,-0.009292930,-0.033321083,0.008390188,-0.827462196,0.242233694,0.404792547,watch,user3,lie
13.868592384,-0.010802090,-0.025073439,-0.053296149,-0.712781489,0.207219958,0.372472674,watch,user3,lie
13.878591488,0.002637833,0.001303241,-0.131596029,-0.738208055,0.117533222,0.324639380,watch,user3,lie
13.888590336,0.031678900,0.040566459,-0.153162956,-0.868622839,0.016682062,0.219743922,watch,user3,lie
13.898589440,0.048728406,0.073322415,-0.158402741,-1.009724021,-0.057144225,0.136135310,watch,user3,lie
13.908588544,0.046312347,0.091073394,-0.144215465,-1.074952364,-0.116182774,0.104545422,watch,user3,lie
13.918587392,0.037156269,0.067050382,-0.149266124,-1.054805994,-0.183165267,0.112286434,watch,user3,lie
13.928586240,0.033339068,0.034048051,-0.166113257,-1.016697288,-0.231931746,0.135761663,watch,user3,lie
13.938585344,0.038479939,0.028940111,-0.164965987,-0.989360213,-0.257349223,0.108224578,watch,user3,lie
13.948584448,0.037391052,0.044674948,-0.151418924,-0.947167039,-0.289753765,0.026001945,watch,user3,lie
13.958583552,0.037969708,0.048380472,-0.138960063,-0.813111782,-0.347502559,-0.074891381,watch,user3,lie
13.968582400,0.034002244,0.020120621,-0.095380008,-0.650795698,-0.361283869,-0.116215847,watch,user3,lie
13.978581248,0.022010505,0.005289085,-0.018703282,-0.537196696,-0.306601435,-0.100429162,watch,user3,lie
13.988580352,0.005606040,0.018115208,0.021179199,-0.432686865,-0.254449725,-0.093899295,watch,user3,lie
13.998579456,-0.012267604,0.018886447,0.062524378,-0.248954549,-0.252128005,-0.115444534,watch,user3,lie
14.008578304,-0.023307472,-0.025688395,0.095926702,-0.092887640,-0.222960174,-0.133963227,watch,user3,lie
14.018577408,-0.028440893,-0.040085144,0.121132255,-0.062127594,-0.125496209,-0.112367116,watch,user3,lie
14.028576512,-0.034266159,-0.005516730,0.163944781,-0.100503124,-0.037727386,-0.115303516,watch,user3,lie
14.038575616,-0.039282575,0.029224508,0.169730127,-0.136566326,0.008112810,-0.169467151,watch,user3,lie
14.048574208,-0.043268070,0.061557598,0.152766705,-0.183784693,0.056545854,-0.234703824,watch,user3,lie
14.058573312,-0.043595433,0.084364668,0.135547996,-0.197652578,0.109606944,-0.252080142,watch,user3,lie
14.068571392,-0.038735867,0.069857739,0.116469443,-0.124839976,0.130416796,-0.177951321,watch,user3,lie
14.078570496,-0.022979647,0.012853257,0.096519411,-0.047328677,0.160631150,-0.049272705,watch,user3,lie
14.088569600,-0.005829364,-0.003945276,0.082788944,-0.051486447,0.220320672,0.055197310,watch,user3,lie
14.098569216,-0.003237888,0.063223466,0.070949674,-0.019308271,0.255057096,0.033905871,watch,user3,lie
14.108568320,-0.005131990,0.145822465,0.030052781,0.154148743,0.292240947,-0.060984954,watch,user3,lie
14.118567168,0.000098631,0.183485478,0.005565882,0.449181169,0.350483209,-0.099776827,watch,user3,lie
14.128566272,0.005053386,0.147247106,-0.005671144,0.769588590,0.412507713,-0.034775119,watch,user3,lie
14.138565120,-0.001216918,0.051966220,-0.019473016,0.935662806,0.470987797,0.086111352,watch,user3,lie
14.148564224,-0.012926608,-0.027121693,-0.012878478,0.885497212,0.483140945,0.157296985,watch,user3,lie
14.158563328,-0.021743938,-0.064504072,0.003758192,0.699613094,0.436614186,0.138802141,watch,user3,lie
14.168562176,-0.018580407,-0.087875910,0.016083598,0.488435537,0.376482487,0.096149936,watch,user3,lie
14.178561024,0.004630581,-0.094287701,0.007322133,0.302886993,0.338228583,0.071850456,watch,user3,lie
14.188560128,0.034029543,-0.075241424,-0.018184483,0.160979748,0.297878861,0.072880574,watch,user3,lie
14.198559232,0.050639048,-0.037643120,-0.038937449,0.083399467,0.242272854,0.065024249,watch,user3,lie
14.208558080,0.047165141,-0.008362189,-0.060717344,0.066093050,0.204992041,0.045754876,watch,user3,lie
14.218557184,0.034594983,0.011029288,-0.081843972,0.086836144,0.193220869,0.039021075,watch,user3,lie
14.228556288,0.024729803,0.015890233,-0.091547191,0.130462855,0.180224389,0.040276021,watch,user3,lie
14.238555392,0.019228414,0.008660436,-0.085158348,0.166804075,0.158903390,0.043543186,watch,user3,lie
14.248553984,0.017330647,0.004130334,-0.069655597,0.156622857,0.138196960,0.044207577,watch,user3,lie
14.258552320,0.014837414,0.007021502,-0.048178077,0.120750077,0.107315473,0.028089862,watch,user3,lie
14.268551168,0.009961322,0.005702153,-0.031597674,0.074433133,0.086835317,0.019204823,watch,user3,lie
14.278550272,0.007524386,0.007036448,-0.016003430,0.013268580,0.071664624,0.018351814,watch,user3,lie
14.288549376,0.006671637,0.009143338,-0.013657868,-0.044485796,0.049663447,0.011703232,watch,user3,lie
14.298548224,0.004768476,0.013510048,-0.014880538,-0.088098519,0.032527339,0.012002838,watch,user3,lie
14.308547072,-0.003163472,0.009607762,-0.016523540,-0.108287767,0.038919371,0.032047652,watch,user3,lie
14.318546176,-0.005529121,0.001869068,-0.011764109,-0.104998231,0.060661417,0.053931113,watch,user3,lie
14.328545280,-0.003667757,-0.006000414,-0.002304614,-0.083293065,0.072517276,0.072614186,watch,user3,lie
14.338544128,-0.000602826,-0.015142947,0.009467483,-0.051737007,0.076151423,0.083817571,watch,user3,lie
14.348543232,0.001644835,-0.027515277,0.016606212,-0.055698946,0.081973277,0.092271581,watch,user3,lie
14.358542080,0.006951913,-0.030076295,0.019435108,-0.084210217,0.074214153,0.084473312,watch,user3,lie
14.368541184,0.012785226,-0.026726276,0.025039911,-0.101740696,0.057956796,0.066940725,watch,user3,lie
14.378540032,0.014105007,-0.018507227,0.023279130,-0.113948628,0.061643410,0.062280722,watch,user3,lie
14.388539136,0.013224840,-0.006720319,0.017209351,-0.122905195,0.068369932,0.049296614,watch,user3,lie
14.398538240,0.008495003,-0.001401588,0.011376143,-0.140157685,0.071037889,0.041694887,watch,user3,lie
14.408537344,0.006328717,-0.000739798,0.010572851,-0.146096170,0.065612324,0.047576614,watch,user3,lie
14.418536192,0.005555376,-0.012466468,0.018210769,-0.139491796,0.066575855,0.067990273,watch,user3,lie
14.428535040,0.002133906,-0.022192411,0.011990547,-0.135294124,0.069284819,0.083291598,watch,user3,lie
14.438533120,0.003946066,-0.015538007,0.001048326,-0.127790943,0.067344978,0.076685622,watch,user3,lie
14.448532224,0.007113680,-0.001936249,-0.007742226,-0.124105386,0.065376103,0.071032263,watch,user3,lie
14.458531328,0.011188790,0.009529985,-0.016837060,-0.121877119,0.055406820,0.070955038,watch,user3,lie
14.468530176,0.012324885,0.006237559,-0.019939244,-0.129089624,0.048916433,0.083900861,watch,user3,lie
14.478529024,0.010817125,-0.001870222,-0.015061498,-0.154555038,0.047501493,0.100685164,watch,user3,lie
14.488528128,0.005317375,-0.010976180,-0.009845376,-0.177623555,0.043855805,0.099977635,watch,user3,lie
14.498527232,-0.000202835,-0.016405031,-0.007426679,-0.189361975,0.039930571,0.105602227,watch,user3,lie
14.508526080,0.002807677,-0.020710230,0.002604723,-0.192396253,0.038151313,0.114918701,watch,user3,lie
14.518525184,0.004247904,-0.030626379,0.006526232,-0.195221588,0.037362218,0.115620710,watch,user3,lie
14.528524288,0.004794404,-0.027179234,0.004893005,-0.211215228,0.033572007,0.106195919,watch,user3,lie
14.538523392,0.006241053,-0.016687959,-0.000878751,-0.221073449,0.022794727,0.086903714,watch,user3,lie
14.548522240,0.008249670,-0.007828310,-0.006322384,-0.230007142,0.017993048,0.079893403,watch,user3,lie
14.558521088,0.008890167,-0.003646083,-0.008755982,-0.231088653,0.013054483,0.084569916,watch,user3,lie
14.568520192,0.011146680,-0.004135296,-0.012340486,-0.219682336,0.001911550,0.093379386,watch,user3,lie
14.578519296,0.010296017,-0.000798143,-0.012635887,-0.187631458,0.000557865,0.093943179,watch,user3,lie
14.588518144,0.010115087,0.001999430,-0.010458767,-0.154981226,0.004917460,0.096848220,watch,user3,lie
14.598517248,0.009083390,0.006138779,-0.008371413,-0.133519351,0.012550347,0.085651226,watch,user3,lie
14.608516096,0.005245104,0.005572915,-0.002334774,-0.132372275,0.013603804,0.086600974,watch,user3,lie
14.618514176,0.004974514,-0.001178980,0.004376888,-0.154222190,0.010628786,0.089551754,watch,user3,lie
14.628513280,0.004821733,-0.003651917,0.011100829,-0.190265238,0.004473600,0.087469168,watch,user3,lie
14.638512128,0.003311843,-0.002518088,0.008580089,-0.228188649,0.002600599,0.078199767,watch,user3,lie
14.648511232,0.002310917,-0.001160204,0.006677628,-0.265241593,0.005443257,0.068867452,watch,user3,lie
14.658510080,-0.002182066,-0.002861291,0.006351113,-0.292514771,0.004530592,0.065912679,watch,user3,lie
14.668509184,-0.002513543,-0.004150376,0.003071785,-0.314688861,0.000738162,0.064878568,watch,user3,lie
14.678508288,0.002342686,-0.001870342,0.002463341,-0.312071264,-0.009436978,0.064843148,watch,user3,lie
14.688507136,0.005567968,0.000288449,0.000024140,-0.279083371,-0.019606438,0.072705068,watch,user3,lie
14.698506240,0.008036658,-0.003132243,-0.003350437,-0.233848795,-0.017113984,0.085013136,watch,user3,lie
14.708505344,0.009326711,-0.003703993,-0.006350577,-0.202571079,-0.010866918,0.085837848,watch,user3,lie
14.718504192,0.008942649,0.001498785,-0.005158007,-0.177678242,-0.016643047,0.073882654,watch,user3,lie
14.728503040,0.008773357,0.006536514,-0.004440784,-0.161549836,-0.015036185,0.071187332,watch,user3,lie
14.738502144,0.008100867,0.004879296,-0.004232585,-0.162992463,-0.010944239,0.067603253,watch,user3,lie
14.748501248,0.011638641,0.000999779,-0.000936687,-0.174138904,-0.012414748,0.064859331,watch,user3,lie
14.758500096,0.012744263,-0.003308598,0.002663314,-0.190890983,-0.018000195,0.057673320,watch,user3,lie
14.768499200,0.008090034,-0.005279563,0.010430634,-0.220327526,-0.016374424,0.047837734,watch,user3,lie
14.778498304,0.003578350,-0.006502967,0.013575852,-0.244319409,-0.009088015,0.042489309,watch,user3,lie
14.788497152,0.000070393,-0.008230008,0.013179541,-0.258599043,-0.002279644,0.047858775,watch,user3,lie
14.798496256,-0.002892405,-0.007700734,0.010303855,-0.250885189,-0.008408910,0.056932695,watch,user3,lie
14.808494336,-0.000474170,-0.003575686,0.005279779,-0.215324908,-0.004635742,0.069644958,watch,user3,lie
14.818493184,0.000918224,0.004157677,-0.000726700,-0.165146425,0.009853984,0.074210152,watch,user3,lie
14.828492288,0.001205161,0.003855648,-0.002665877,-0.122883402,0.019215262,0.073095620,watch,user3,lie
14.838491392,0.001948431,0.005756056,-0.001356840,-0.099222809,0.025692869,0.068630300,watch,user3,lie
14.848490240,0.001580134,0.003288399,-0.000533700,-0.094425932,0.027945902,0.065904282,watch,user3,lie
14.858489088,0.006017566,0.000675268,0.001546562,-0.110010482,0.028746182,0.064194538,watch,user3,lie
14.868488192,0.007302776,-0.003912300,0.006572425,-0.141564131,0.026628969,0.058556356,watch,user3,lie
14.878487296,0.007337004,-0.007357953,0.008898497,-0.179528296,0.022692019,0.059614696,watch,user3,lie
14.888486144,0.007937714,-0.011582751,0.011509180,-0.214887977,0.013537314,0.063158430,watch,user3,lie
14.898485248,0.007785335,-0.014421230,0.011093318,-0.240930229,0.014393786,0.064211443,watch,user3,lie
14.908484096,0.005452409,-0.013237391,0.008284628,-0.253237396,0.018219505,0.065217726,watch,user3,lie
14.918483200,0.003796428,-0.012706776,0.001968503,-0.263152093,0.020996649,0.069044150,watch,user3,lie
14.928482048,0.002351850,-0.012261297,-0.001838207,-0.274966478,0.017054994,0.065183565,watch,user3,lie
14.938481152,0.008028001,-0.014637376,-0.008431733,-0.282236904,-0.002118434,0.064712189,watch,user3,lie
14.948480256,0.008045077,-0.018634114,-0.020375490,-0.300292611,-0.018996926,0.076622844,watch,user3,lie
14.958479360,0.007503226,-0.024072653,-0.026112020,-0.332255602,-0.031310584,0.093917139,watch,user3,lie
14.968478208,0.007357150,-0.031391922,-0.021252811,-0.362210065,-0.031857330,0.111631691,watch,user3,lie
14.978476288,0.005860701,-0.030803755,-0.015534282,-0.373864323,-0.028254606,0.128364339,watch,user3,lie
14.988475136,0.008467913,-0.022501094,-0.010557532,-0.352598667,-0.028197171,0.148183390,watch,user3,lie
14.998474240,0.011972934,-0.021784056,-0.004046500,-0.328942895,-0.025798997,0.170142755,watch,user3,lie
15.008473344,0.014771342,-0.022741206,0.000129580,-0.293836415,-0.018650806,0.192338660,watch,user3,lie
15.018472192,0.012358651,-0.030365147,0.003170013,-0.295044690,-0.004776002,0.218326047,watch,user3,lie
15.028471040,0.010497481,-0.041451290,0.008961678,-0.317963630,-0.000736431,0.229164645,watch,user3,lie
15.038470144,0.015504181,-0.055330627,0.012482464,-0.384784758,0.000159457,0.245005399,watch,user3,lie
15.048469248,0.016897410,-0.067847230,0.011311591,-0.487124175,-0.013185110,0.255796671,watch,user3,lie
15.058468096,0.017059579,-0.072681718,0.015264332,-0.601922631,-0.021183649,0.262007147,watch,user3,lie
15.068467200,0.017742276,-0.069104269,0.018140376,-0.702488780,-0.019863786,0.264019638,watch,user3,lie
15.078466304,0.015706718,-0.059677523,0.019898057,-0.774501741,-0.013470335,0.265561074,watch,user3,lie
15.088465152,0.013302550,-0.049594987,0.025491118,-0.810064435,-0.002506900,0.273174435,watch,user3,lie
15.098464256,0.011272013,-0.049268030,0.035884917,-0.805763662,0.000632701,0.293924987,watch,user3,lie
15.108463104,0.006355792,-0.060616121,0.048181832,-0.758564353,0.013623688,0.320009589,watch,user3,lie
15.118462208,0.004265621,-0.060971223,0.040784180,-0.707818091,0.035536446,0.341228873,watch,user3,lie
15.128461312,0.004328072,-0.038139977,0.032850385,-0.658205330,0.057638109,0.339519590,watch,user3,lie
15.138460160,0.005413532,-0.012744248,0.026152134,-0.626688719,0.056339815,0.320449769,watch,user3,lie
15.148459008,0.006144330,0.004733436,0.019766510,-0.607535243,0.056968942,0.307200074,watch,user3,lie
15.158457088,0.005100012,0.013777025,0.013017416,-0.594620526,0.068263672,0.306119621,watch,user3,lie
15.168456192,0.003826410,0.012668349,0.005626917,-0.588865817,0.073673621,0.311996996,watch,user3,lie
15.178455296,-0.000689253,0.004330307,0.011602938,-0.571828246,0.072596900,0.308932245,watch,user3,lie
15.188454144,-0.000705332,-0.004226848,0.007105708,-0.576352119,0.064860068,0.301801562,watch,user3,lie
15.198452992,-0.000223935,0.001432285,0.000482738,-0.571889758,0.054911830,0.286798656,watch,user3,lie
15.208452096,0.001306742,0.013932586,-0.004952073,-0.546695948,0.029708914,0.260662049,watch,user3,lie
15.218451200,0.000087708,0.023720339,-0.016034365,-0.515363038,0.021263499,0.242557898,watch,user3,lie
15.228450304,-0.000183433,0.031672671,-0.018680453,-0.475883424,0.020934599,0.236027077,watch,user3,lie
15.238449152,0.000037208,0.037904814,-0.015824020,-0.428695649,0.018277563,0.216846988,watch,user3,lie
15.248448256,-0.001765117,0.047337577,-0.020818830,-0.386002690,0.022315802,0.193100378,watch,user3,lie
15.258447104,-0.002808899,0.054153085,-0.028645158,-0.347646266,0.023605306,0.171529844,watch,user3,lie
15.268446208,-0.002596125,0.054481745,-0.032533765,-0.313445330,0.018311562,0.146479085,watch,user3,lie
15.278445056,-0.001101524,0.051551268,-0.030662835,-0.282525212,0.015401527,0.128539234,watch,user3,lie
15.288444160,0.001310065,0.043208733,-0.025110781,-0.264758468,0.001029245,0.109834127,watch,user3,lie
15.298443264,0.002760082,0.031543940,-0.017675221,-0.264294803,-0.006661965,0.090231396,watch,user3,lie
15.308442112,0.005832836,0.025847226,-0.013208747,-0.275544912,-0.026062651,0.064633362,watch,user3,lie
15.318441216,0.006706297,0.026037425,-0.010098994,-0.273177356,-0.036034588,0.038534112,watch,user3,lie
15.328440064,0.008557528,0.030388340,-0.010550976,-0.233455881,-0.049110174,0.022416729,watch,user3,lie
15.338438144,0.007348344,0.032658726,-0.004633009,-0.132076263,-0.049339212,0.021505130,watch,user3,lie
15.348437248,0.007748932,0.026914120,-0.002275169,-0.030696791,-0.035157077,0.030369796,watch,user3,lie
15.358436352,0.008624926,0.022581965,0.000556111,0.009141436,-0.018757066,0.030291764,watch,user3,lie
15.368435200,0.005020976,0.022443354,0.001876175,-0.004907272,-0.021283606,0.009178622,watch,user3,lie
15.378434048,0.002323881,0.016798526,0.005576849,-0.037429262,-0.028376402,-0.012017211,watch,user3,lie
15.388433152,0.000458211,0.007605076,0.009018004,-0.040751334,-0.034078941,-0.019211542,watch,user3,lie
15.398432256,0.003032789,-0.003542185,0.008764327,-0.017889693,-0.020400679,-0.002822181,watch,user3,lie
15.408431104,0.005262390,-0.006470963,0.013172805,-0.002816380,-0.010803890,-0.003907419,watch,user3,lie
15.418430208,0.004086554,0.000525802,0.014657557,0.010410476,-0.006231508,-0.011912349,watch,user3,lie
15.428429312,-0.001256004,0.007720843,0.008326769,0.044580210,0.005675396,-0.009321160,watch,user3,lie
15.438428160,0.003707275,0.012609482,0.005879283,0.087650709,0.018403441,-0.006639090,watch,user3,lie
15.448427008,0.004735321,0.012470335,0.006760657,0.115677603,0.020834286,-0.006852609,watch,user3,lie
15.458426112,0.004513249,0.007110849,0.010372818,0.114609674,0.025775781,-0.009897933,watch,user3,lie
15.468425216,0.001018494,0.000726432,0.008717716,0.098911799,0.023263356,-0.010867524,watch,user3,lie
15.478424320,-0.001234457,-0.002953857,0.004776359,0.083911017,0.024807457,-0.009043525,watch,user3,lie
15.488423168,-0.001532882,-0.002981201,-0.001099765,0.081369288,0.030902101,-0.008740989,watch,user3,lie
15.498422272,0.000759318,-0.002033368,-0.003361821,0.088843986,0.035252906,-0.008902377,watch,user3,lie
15.508420096,0.004797027,0.000572741,-0.005810976,0.094284914,0.030179407,-0.010960069,watch,user3,lie
15.518419200,0.005567297,0.004467711,-0.003637552,0.099373415,0.021995779,-0.011771534,watch,user3,lie
15.528418304,0.007439628,0.000809908,-0.007127404,0.088551000,0.016515261,-0.011859085,watch,user3,lie
15.538417152,0.009263635,-0.005291477,-0.006264687,0.068823367,0.009968678,-0.010461991,watch,user3,lie
15.548416256,0.009216741,-0.015453741,-0.001451671,0.032982629,0.000771540,-0.009484744,watch,user3,lie
15.558415104,0.010796785,-0.018549934,-0.001586556,0.010428585,-0.007003027,-0.008521745,watch,user3,lie
15.568414208,0.012256488,-0.017315462,-0.000512183,-0.003272801,-0.011681756,-0.011305748,watch,user3,lie
15.578413056,0.013839141,-0.014687136,0.001728415,-0.011038313,-0.012828780,-0.008047103,watch,user3,lie
15.588412160,0.012913227,-0.010347515,0.001443446,-0.018446561,-0.017329255,-0.005479616,watch,user3,lie
15.598411264,0.008587793,-0.008053318,0.003438175,-0.024258643,-0.016309798,-0.004482528,watch,user3,lie
15.608410368,0.006451741,-0.007388353,0.006054819,-0.027510986,-0.015442230,-0.001067557,watch,user3,lie
15.618409216,0.003546894,-0.006781831,0.002749085,-0.026345320,-0.011852821,0.001225691,watch,user3,lie
15.628408064,0.002451912,-0.005464062,0.002421021,-0.030583562,-0.007851776,0.004273945,watch,user3,lie
15.638407168,0.003451824,-0.004008546,0.003679574,-0.023375982,-0.000796264,0.006655343,watch,user3,lie
15.648406272,0.001288399,-0.005411550,0.006065488,-0.019425407,-0.001885052,0.012534871,watch,user3,lie
15.658405120,0.001971394,-0.006125063,0.008069038,-0.024528289,-0.004740494,0.011401430,watch,user3,lie
15.668404224,0.005396873,-0.002584666,0.003012121,-0.026248958,-0.007496599,0.010614598,watch,user3,lie
15.678403328,0.004139289,0.003562346,-0.003672242,-0.016307643,-0.002576142,0.003233115,watch,user3,lie
15.688401152,0.004905567,0.006657869,-0.006617129,-0.000630369,0.002052077,0.002232099,watch,user3,lie
15.698400256,0.004153028,0.005488709,-0.006695628,0.007118631,0.003184985,-0.000775142,watch,user3,lie
15.708399104,0.004524857,0.000074193,-0.001046300,0.006542190,-0.000019064,0.001106181,watch,user3,lie
15.718398208,0.003658667,-0.003573567,-0.000110567,-0.001033971,-0.002801801,-0.002490950,watch,user3,lie
15.728397312,0.006162554,-0.002994239,-0.000634670,0.003798646,-0.006878923,-0.005225551,watch,user3,lie
15.738396160,0.008240908,-0.000386387,-0.000735641,0.014380183,-0.006568932,-0.005596529,watch,user3,lie
15.748395008,0.008246660,0.003863797,0.001857519,0.024398463,-0.002700157,-0.010431631,watch,user3,lie
15.758394112,0.006633088,0.002274185,0.003509760,0.031712566,-0.000009033,-0.005330346,watch,user3,lie
15.768393216,0.002812073,0.000244379,0.003890336,0.032227624,0.006670974,-0.005471094,watch,user3,lie
15.778392320,0.002377525,-0.002765089,0.004125535,0.031431071,0.009371686,-0.002847614,watch,user3,lie
15.788391168,0.003295913,-0.002382815,0.003583670,0.026659131,0.011694140,-0.003170789,watch,user3,lie
15.798390272,0.004441485,-0.003989309,0.003898382,0.029763047,0.012780176,-0.001093523,watch,user3,lie
15.808389120,0.006958291,-0.003607005,0.005834520,0.032827102,0.011733111,-0.002699276,watch,user3,lie
15.818388224,0.007811055,-0.003484890,0.004141688,0.033839904,0.010371703,-0.001300850,watch,user3,lie
15.828387072,0.009258568,-0.003347859,0.002031624,0.030739984,0.006674436,-0.004595846,watch,user3,lie
15.838386176,0.008267209,-0.000581875,0.001495898,0.032313108,0.016277263,-0.002986232,watch,user3,lie
15.848385280,0.008037895,0.001314193,-0.000626206,0.038653299,0.020885330,-0.005572694,watch,user3,lie
15.858383104,0.008236915,0.003514737,-0.003708661,0.048926175,0.016845580,-0.009172222,watch,user3,lie
15.868382208,0.007104367,0.003818721,-0.002998114,0.054387785,0.012726470,-0.012758701,watch,user3,lie
15.878381056,0.006449565,0.003249884,-0.001439631,0.051482279,0.023100814,-0.010365318,watch,user3,lie
15.888380160,0.001392588,-0.000337034,-0.001761794,0.051376816,0.026082754,-0.008010285,watch,user3,lie
15.898379264,0.000320658,-0.002436340,-0.000952184,0.045918401,0.017602451,-0.011374390,watch,user3,lie
15.908378368,0.003652364,-0.003569245,-0.001276314,0.036895078,0.019814473,-0.008549308,watch,user3,lie
15.918377216,0.003960371,-0.003219903,-0.004296720,0.027865101,0.021951927,-0.003933518,watch,user3,lie
15.928376064,0.001219720,-0.009665892,0.005185485,0.027507970,0.015964607,-0.002369177,watch,user3,lie
15.938375168,0.002448946,-0.019553378,0.009941995,0.010152282,0.011928054,0.007401894,watch,user3,lie
15.948374272,0.004964381,-0.021290287,0.005430460,-0.018033016,0.008776736,0.008693794,watch,user3,lie
15.958373120,0.005624369,-0.013426557,0.001689494,-0.028482994,0.003222713,0.003590511,watch,user3,lie
15.968372224,0.006170198,-0.004720762,-0.002118707,-0.021806229,0.002613737,0.003530257,watch,user3,lie
15.978371328,0.007908955,-0.001434922,-0.004996419,-0.016436230,0.007096636,0.006775052,watch,user3,lie
15.988370176,0.003635317,-0.001450941,-0.005929470,-0.019280041,0.008143435,0.006944563,watch,user3,lie
15.998369024,0.005121291,-0.004513264,-0.005113661,-0.027362734,0.009534937,0.005378091,watch,user3,lie
16.008368128,0.006041124,-0.007110253,-0.001906753,-0.035117373,0.000824892,0.000335729,watch,user3,lie
16.018367232,0.008802623,-0.009091273,-0.000476658,-0.043791290,-0.004988256,0.002660402,watch,user3,lie
16.028365312,0.012892842,-0.006282106,0.001718223,-0.038946599,-0.010331888,-0.001266895,watch,user3,lie
16.038364160,0.012282953,-0.002433419,0.001029432,-0.037048563,-0.007629313,0.004008295,watch,user3,lie
16.048363008,0.006781682,-0.001494318,0.003204286,-0.031260096,-0.005485912,0.006107398,watch,user3,lie
16.058362112,0.005378976,-0.002194121,0.007314742,-0.031095244,0.003019159,0.010286964,watch,user3,lie
16.068361216,0.003524572,-0.002969161,0.005778253,-0.031318016,0.008387825,0.010702216,watch,user3,lie
16.078360320,0.003991291,-0.004337996,0.004946530,-0.025816727,0.005992578,0.010104337,watch,user3,lie
16.088359168,0.004701942,-0.002952695,0.006652355,-0.020075396,0.001632273,0.006444221,watch,user3,lie
16.098357760,0.006308019,-0.001687497,0.005880952,-0.014301661,0.003055200,0.007555825,watch,user3,lie
16.108356864,0.006162137,0.000401422,0.002429843,-0.002603327,0.005178272,0.007277991,watch,user3,lie
16.118355968,0.004187822,0.003531218,0.000313222,0.008489005,0.010294737,0.002249676,watch,user3,lie
16.128354560,0.002426237,0.002606139,-0.000382304,0.014519512,0.010774817,-0.000024197,watch,user3,lie
16.138353664,0.003415763,0.000876054,-0.003012955,0.015767734,0.007070360,0.001467972,watch,user3,lie
16.148352768,0.005658776,0.001073450,-0.002880812,0.015255120,0.006620197,-0.003089296,watch,user3,lie
16.158351872,0.004475370,0.000645578,-0.002264023,0.017360350,0.004672094,-0.000967023,watch,user3,lie
16.168350720,0.006162390,-0.002180085,-0.001489997,0.019314842,0.006175449,-0.003396092,watch,user3,lie
16.178349824,0.005525902,-0.001657143,0.001241505,0.020594493,0.006893171,-0.002144939,watch,user3,lie
16.188347648,0.004479289,-0.001544639,0.001763046,0.019041426,0.007940414,-0.001611774,watch,user3,lie
16.198346752,0.005107686,-0.003370121,0.001567602,0.019502418,0.008328437,0.000281467,watch,user3,lie
16.208345856,0.007623881,-0.004670426,0.002238214,0.016584881,0.010675570,0.001946675,watch,user3,lie
16.218344704,0.007369906,-0.005626872,0.002415359,0.014876731,0.010595675,0.003192502,watch,user3,lie
16.228343808,0.005561233,-0.005280271,0.003643572,0.014588133,0.004026278,-0.001694665,watch,user3,lie
16.238342912,0.008137509,-0.006695405,0.002573431,0.016249413,0.001872845,-0.003132772,watch,user3,lie
16.248341760,0.008208200,-0.006562904,0.001555443,0.009294167,-0.004229522,-0.001174217,watch,user3,lie
16.258340608,0.005872533,-0.005357847,0.001835942,0.001499628,-0.000659555,-0.001262367,watch,user3,lie
16.268339712,-0.000447258,-0.005312711,0.002161741,-0.003168450,0.006264043,-0.000509758,watch,user3,lie
16.278338816,0.000319272,-0.003670007,-0.000535667,-0.000447232,0.011781581,0.005635486,watch,user3,lie
16.288337920,-0.000214115,-0.002687395,-0.000188828,0.005108699,0.013040101,0.003801833,watch,user3,lie
16.298336768,0.003832698,-0.001065850,-0.000396550,0.008114076,0.011474162,0.002562398,watch,user3,lie
16.308335872,0.007488072,-0.001622140,-0.002022803,0.012759207,0.003689654,0.001147660,watch,user3,lie
16.318334720,0.010922223,-0.001754165,-0.002083480,0.013714749,-0.000799636,-0.002147469,watch,user3,lie
16.328333824,0.012289271,-0.000767991,-0.000822306,0.013294413,-0.004199251,-0.003803156,watch,user3,lie
16.338332672,0.009399518,-0.004761577,0.002914310,0.006684180,-0.002462870,-0.003171188,watch,user3,lie
16.348331776,0.006781772,-0.005509138,0.004983664,-0.004164028,0.009508749,-0.003146021,watch,user3,lie
16.358329856,0.003730476,-0.005843982,0.004377186,-0.012254711,0.011933558,0.000597318,watch,user3,lie
16.368328704,0.004273728,-0.004450023,0.003365636,-0.007337007,0.001682163,-0.002663057,watch,user3,lie
16.378327808,0.003858358,-0.000475481,0.001233339,0.001110806,0.006477984,-0.002797813,watch,user3,lie
16.388326656,0.000915691,0.004229695,-0.000659645,0.016314393,0.009117976,-0.001365632,watch,user3,lie
16.398325760,0.000594839,0.003171384,-0.001512527,0.022556843,0.018704822,0.001114837,watch,user3,lie
16.408324864,0.001273453,0.001062229,-0.001417398,0.028760010,0.022095826,-0.002589154,watch,user3,lie
16.418323968,0.000107214,0.000839368,0.000439584,0.035514321,0.016715707,-0.001004573,watch,user3,lie
16.428322560,0.006304815,-0.001193568,0.000419319,0.034638807,0.020232946,-0.001521693,watch,user3,lie
16.438321664,0.007778525,0.000066340,0.003133416,0.029490650,0.018913880,0.000183796,watch,user3,lie
16.448320768,0.005468011,-0.004941031,0.006303370,0.034364853,0.017887054,0.004522884,watch,user3,lie
16.458319872,0.005438447,-0.010647431,0.009510815,0.032115281,0.009652028,0.004981746,watch,user3,lie
16.468318720,0.005120158,-0.008097738,0.003079176,0.028633911,0.013441883,0.002447216,watch,user3,lie
16.478317824,0.004818231,-0.001803398,-0.000027657,0.033999648,0.011265548,0.000492456,watch,user3,lie
16.488316928,0.004587069,0.002097696,-0.001764715,0.037379555,0.015014835,-0.000542049,watch,user3,lie
16.498315776,0.005573213,0.002850160,-0.000388801,0.043165538,0.015509650,-0.003377783,watch,user3,lie
16.508314624,0.005935341,-0.003423288,0.000308931,0.032263886,0.010333531,-0.005166762,watch,user3,lie
16.518313728,0.006721884,-0.007458061,-0.001405537,0.019598691,0.003783486,-0.008514089,watch,user3,lie
16.528311808,0.007973298,-0.004054159,-0.002060056,0.014497541,0.001983189,-0.010180762,watch,user3,lie
16.538310912,0.007531092,-0.001366764,-0.002323091,0.012562221,0.005866345,-0.009170890,watch,user3,lie
16.548309760,0.007419840,-0.001041144,-0.003345728,0.008113232,0.009961842,-0.009704987,watch,user3,lie
16.558308608,0.005621329,-0.005811736,0.000678658,0.008481548,0.006119433,-0.006079360,watch,user3,lie
16.568307712,0.005040735,-0.006895050,0.002476811,0.000398100,0.006432266,-0.002040876,watch,user3,lie
16.578306816,0.005391911,-0.006766766,0.001063406,-0.002945765,0.005519068,0.000900585,watch,user3,lie
16.588305920,0.006046250,-0.005627364,0.001764119,-0.007768217,0.004895090,0.001876767,watch,user3,lie
16.598304768,0.008721441,-0.006027550,0.005406260,-0.009503267,0.001970140,-0.000877474,watch,user3,lie
16.608303872,0.009683460,-0.007855639,0.006753802,-0.006639347,-0.000344857,0.001923838,watch,user3,lie
16.618302720,0.007754177,-0.007101208,0.005328536,-0.014701270,-0.003157955,0.000507037,watch,user3,lie
16.628301824,0.004748002,-0.005098864,0.001823604,-0.011726607,-0.003359378,-0.001865707,watch,user3,lie
16.638300672,0.003934160,-0.000036880,-0.000112057,-0.003500368,0.003107043,0.000754578,watch,user3,lie
16.648299776,0.002824992,0.002605900,-0.004967093,0.007111041,0.005464918,-0.000891056,watch,user3,lie
16.658298880,0.003205121,0.000607014,-0.003397465,0.005549630,0.012498858,-0.001171221,watch,user3,lie
16.668297984,0.002586186,-0.000513121,-0.001245379,0.007305452,0.005712325,-0.001646994,watch,user3,lie
16.678296576,0.002146631,-0.003202379,0.000015199,0.005249225,0.010115862,-0.000940991,watch,user3,lie
16.688294656,0.003785834,-0.003174990,-0.001182020,-0.000875202,0.008167670,0.002970061,watch,user3,lie
16.698293760,0.005509883,-0.004187942,0.000296593,-0.002779362,0.007369521,0.001644872,watch,user3,lie
16.708292864,0.008009166,-0.005005747,0.000745237,-0.004280941,0.004074836,0.002189089,watch,user3,lie
16.718291968,0.009243429,-0.002635151,0.003777146,-0.004733678,0.003494533,0.005041335,watch,user3,lie
16.728290560,0.007388264,-0.001222178,0.003947377,-0.001072631,0.005247693,0.003527727,watch,user3,lie
16.738289664,0.006731108,-0.001905635,0.003510058,-0.002243090,0.007963317,0.004316555,watch,user3,lie
16.748288768,0.006432056,-0.003743276,0.000544548,-0.002719086,0.009130493,0.004475280,watch,user3,lie
16.758287872,0.005856037,-0.001722917,0.000160158,-0.003583814,0.011041311,0.005596204,watch,user3,lie
16.768286720,0.006610617,-0.000711098,0.000957489,0.000455890,0.012984974,0.003089304,watch,user3,lie
16.778285824,0.005917221,-0.002848715,0.003259540,0.003217056,0.007365704,0.000849586,watch,user3,lie
16.788284928,0.005078301,-0.007197693,0.006087422,-0.000113005,0.004242437,0.006855747,watch,user3,lie
16.798283776,0.005564064,-0.008559242,0.005252600,-0.004890183,0.005107432,0.005159047,watch,user3,lie
16.808282624,0.002891481,-0.007300138,0.003364027,-0.001725904,0.003093728,0.000651114,watch,user3,lie
16.818281728,0.002807751,-0.002595454,-0.000672817,-0.000234534,0.004512394,0.001422365,watch,user3,lie
16.828280832,0.005732030,0.001383618,-0.002099156,0.009109832,0.006771820,0.002902350,watch,user3,lie
16.838279936,0.003908738,-0.002339467,-0.002387643,0.008653101,0.005505486,0.005461648,watch,user3,lie
16.848277760,0.003770992,-0.002268448,-0.001968861,0.004229900,0.006196488,0.004973291,watch,user3,lie
16.858276608,0.005132467,-0.004256293,0.000059187,0.001315337,0.003339715,0.002305603,watch,user3,lie
16.868275712,0.007286042,-0.005457655,-0.000944734,0.004886370,0.000787075,0.000927816,watch,user3,lie
16.878274816,0.007739484,-0.005470172,0.000798464,-0.001355015,0.005774643,-0.002707399,watch,user3,lie
16.888273920,0.006992519,-0.004322931,0.005696416,-0.009436511,0.000984415,-0.000480663,watch,user3,lie
16.898272768,0.006856769,-0.004849225,0.001238525,-0.010085257,-0.002770109,-0.000405562,watch,user3,lie
16.908271616,0.006841570,-0.003621280,0.000625908,-0.006391541,-0.001266312,0.002157198,watch,user3,lie
16.918270720,0.007588506,-0.001979604,0.001601279,0.001435490,-0.000349918,0.003108745,watch,user3,lie
16.928269824,0.007913038,0.001018763,0.001467288,0.001278896,-0.005450936,-0.001186134,watch,user3,lie
16.938268672,0.006438211,-0.000664145,0.000146091,-0.005361963,-0.009045672,-0.003823995,watch,user3,lie
16.948267776,0.004965201,-0.004154161,0.002093375,-0.014455104,-0.006796809,-0.001110967,watch,user3,lie
16.958266880,0.001218170,-0.006943896,0.002595127,-0.021408884,-0.003761871,0.000347114,watch,user3,lie
16.968265984,-0.001816362,-0.004572287,0.002367377,-0.021863708,0.009292590,0.005872841,watch,user3,lie
16.978264576,-0.002153113,-0.003083587,0.002035677,-0.015748024,0.016585391,0.001532953,watch,user3,lie
16.988263680,-0.000104725,0.000269860,-0.000426710,-0.005749231,0.013186220,0.004600315,watch,user3,lie
16.998262784,0.004602611,0.002017826,0.000202894,-0.001333709,0.011253031,0.005128154,watch,user3,lie
17.008260864,0.008874714,0.000680849,0.000554323,0.004643800,0.003879449,0.003852833,watch,user3,lie
17.018259968,0.010469481,-0.000082716,-0.000138700,0.001826175,-0.001361120,0.001905796,watch,user3,lie
17.028258560,0.013205603,-0.000926927,-0.001009643,0.000426551,-0.005740155,-0.000496043,watch,user3,lie
17.038257664,0.013267353,-0.003722250,-0.000961423,-0.004414543,-0.010251017,-0.002800210,watch,user3,lie
17.048256768,0.007386804,-0.005696625,0.001589894,-0.007978385,-0.011925880,-0.002514719,watch,user3,lie
17.058255872,0.007197157,-0.005076095,0.001005352,-0.010734756,-0.014524326,-0.000475803,watch,user3,lie
17.068254720,0.005387411,-0.003493473,-0.000374794,-0.009709174,-0.012538407,0.000762301,watch,user3,lie
17.078253824,0.002906010,-0.000368059,0.000407040,-0.003736236,-0.006253080,0.000809705,watch,user3,lie
17.088252928,0.001775250,-0.000351340,0.000567853,0.000455935,-0.001955981,0.001739414,watch,user3,lie
17.098251008,-0.000188947,-0.000451982,0.001470983,0.003591008,0.001790022,0.002987372,watch,user3,lie
17.108250112,-0.000076875,-0.002892002,0.001246393,-0.000669473,0.003798755,0.001143599,watch,user3,lie
17.118248960,0.003717467,-0.004636481,0.004208505,-0.004457819,0.002753464,0.004162026,watch,user3,lie
17.128248064,0.005310670,-0.006157458,0.003195405,-0.009810552,-0.000176989,0.005855863,watch,user3,lie
17.138247168,0.006592900,-0.004534811,0.002966404,-0.008141016,0.000450451,0.006233233,watch,user3,lie
17.148246016,0.007265270,-0.001144215,0.000669658,-0.004138062,0.001329383,0.004711968,watch,user3,lie
17.158244096,0.007610828,0.000738412,0.000691652,0.003365394,0.004980044,0.005131150,watch,user3,lie
17.168242944,0.006371081,0.002361208,0.001733661,0.009786053,0.004237200,0.003891915,watch,user3,lie
17.178242048,0.004957125,0.000273481,0.001380801,0.014263360,0.002777787,0.002086558,watch,user3,lie
17.188241152,0.005256683,-0.000535488,0.002293289,0.011442096,0.001269995,-0.000264215,watch,user3,lie
17.198240000,0.004860774,-0.002415568,0.001118779,0.001953253,-0.001281047,-0.006099999,watch,user3,lie
17.208238848,0.004758105,-0.005413756,0.002955973,-0.002610562,0.001347937,-0.005700059,watch,user3,lie
17.218237952,0.003564343,-0.006122574,0.003542483,-0.003552522,0.004558910,0.001208713,watch,user3,lie
17.228237056,0.003601491,-0.007649481,0.001052856,-0.002878432,0.013792001,0.005127621,watch,user3,lie
17.238236160,0.000703335,-0.005253226,-0.000152051,-0.009704114,0.020064011,0.007175326,watch,user3,lie
17.248235008,0.001834393,-0.003912449,0.002176464,-0.011595136,0.020564241,0.004598185,watch,user3,lie
17.258234112,0.005381659,-0.004969865,0.001558661,-0.015858591,0.017380700,0.006811006,watch,user3,lie
17.268232960,0.006962061,-0.005416557,0.003539622,-0.016311282,0.016115608,0.005596537,watch,user3,lie
17.278232064,0.008998916,-0.003557116,0.003965259,-0.010655528,0.008852636,0.007253290,watch,user3,lie
17.288230912,0.008831948,-0.000322819,0.000396013,0.000457444,0.002551064,0.004845326,watch,user3,lie
17.298230016,0.012562975,0.002924278,-0.001054645,0.012307179,-0.002691635,0.000891065,watch,user3,lie
17.308229120,0.011321425,0.004672289,-0.004537225,0.018412121,-0.000863996,-0.000889125,watch,user3,lie
17.318226944,0.010049000,0.004510120,-0.002915204,0.025054045,-0.005836917,-0.005941142,watch,user3,lie
17.328226048,0.006537080,0.003895551,-0.000489295,0.021177325,-0.004288111,-0.003584577,watch,user3,lie
17.338224896,0.005256176,0.000534102,0.001605451,0.022274282,-0.003657741,-0.005092459,watch,user3,lie
17.348224000,0.004511699,-0.002686277,0.004325747,0.021866685,-0.003387962,-0.004126997,watch,user3,lie
17.358223104,0.003688961,-0.002767697,0.002375901,0.016726516,0.003171669,-0.002722179,watch,user3,lie
17.368222208,0.001261100,-0.004249975,0.002701640,0.009633010,0.013616143,-0.003553219,watch,user3,lie
17.378221056,0.003600627,-0.005780607,0.001298726,0.009947530,0.005620801,-0.006120506,watch,user3,lie
17.388219904,0.003567889,-0.007916451,0.002273858,0.004940742,-0.001419176,-0.002409724,watch,user3,lie
17.398219008,0.003619015,-0.005353525,0.002623856,-0.001796256,0.000304954,-0.001339133,watch,user3,lie
17.408218112,0.002241254,-0.005962834,0.001383185,-0.006550709,0.000969768,0.003014470,watch,user3,lie
17.418216960,0.003420904,-0.005278870,0.001357913,-0.008046074,0.003280060,0.009528828,watch,user3,lie
17.428216064,0.005411968,-0.006135613,0.000810802,-0.010129064,0.002378047,0.005052120,watch,user3,lie
17.438215168,0.004810408,-0.004309416,0.000268042,-0.015088936,-0.000980997,0.005168234,watch,user3,lie
17.448214016,0.004944190,-0.004349679,-0.000886142,-0.009981304,-0.002174804,0.002051071,watch,user3,lie
17.458212864,0.006777719,-0.000362456,-0.002758026,-0.008648658,-0.005021989,0.000398313,watch,user3,lie
17.468210944,0.004967257,0.002549410,-0.001793027,-0.000407906,-0.002663760,0.001142867,watch,user3,lie
17.478210048,0.004836857,0.002824560,-0.000618875,0.002587085,-0.001429918,-0.000241711,watch,user3,lie
17.488209152,0.004807204,-0.000480816,0.001167834,0.002518464,-0.002133170,-0.001476486,watch,user3,lie
17.498208000,0.007279724,-0.002641350,0.003155410,0.002080108,-0.001361386,-0.000197636,watch,user3,lie
17.508206848,0.007037848,-0.003601626,0.003275156,-0.000463255,-0.004780263,-0.001980289,watch,user3,lie
17.518205952,0.008474678,-0.003322154,0.003545702,0.001547165,-0.005671890,-0.002001328,watch,user3,lie
17.528205056,0.006101981,-0.001924887,0.002353907,0.003864870,-0.004664327,-0.000153694,watch,user3,lie
17.538204160,0.004137963,-0.001135737,0.001363575,0.001236596,-0.000997154,-0.001641602,watch,user3,lie
17.548203008,0.005171284,-0.002541065,0.001249731,0.004805099,0.003703858,-0.001619963,watch,user3,lie
17.558202112,0.002937958,-0.001438737,-0.003016055,0.009649921,0.005379785,0.001514577,watch,user3,lie
17.568200960,0.003129497,0.000410378,-0.004430592,0.005793354,-0.000632212,0.001647935,watch,user3,lie
17.578200064,0.006384179,-0.002980813,-0.000314236,0.005993357,-0.001018105,-0.002740688,watch,user3,lie
17.588198912,0.009507254,-0.004266366,0.002003372,0.003746403,-0.001118950,-0.000024863,watch,user3,lie
17.598198016,0.008322805,-0.004980594,0.002412558,-0.006452704,-0.008960627,-0.002810530,watch,user3,lie
17.608197120,0.006927803,-0.005014241,0.005670846,-0.007738612,-0.005052971,-0.000968354,watch,user3,lie
17.618196224,0.005291015,-0.003415003,0.006529748,-0.005902096,0.008692669,0.003191237,watch,user3,lie
17.628194048,0.004361808,0.000192940,0.005153239,-0.002863562,0.010624791,0.002794093,watch,user3,lie
17.638192896,0.003163815,-0.000355467,0.000113368,-0.000021703,0.005174100,0.003304088,watch,user3,lie
17.648192000,0.005372092,-0.002060086,0.002444386,0.005124101,-0.000026077,0.002960208,watch,user3,lie
17.658191104,0.007138044,-0.003944263,0.002029598,0.003715023,0.000785920,0.002733573,watch,user3,lie
17.668190208,0.007135838,-0.000165835,-0.001439333,0.002844214,-0.003486411,-0.001810246,watch,user3,lie
17.678188800,0.008186236,0.000392780,-0.002499819,0.002514514,-0.000565456,-0.003065128,watch,user3,lie
17.688187904,0.004678383,-0.001900479,0.000591874,0.001856891,0.003762358,-0.000704235,watch,user3,lie
17.698187008,-0.000415102,-0.002459422,0.001291394,0.001802562,0.007581598,0.001797804,watch,user3,lie
17.708186112,-0.000713632,-0.001976207,0.000724137,-0.001943307,0.009411989,-0.001505115,watch,user3,lie
17.718184960,-0.000223637,-0.001815990,0.001955330,-0.000301735,0.005758930,-0.001158904,watch,user3,lie
17.728184064,0.001583487,-0.003899872,0.004378617,0.002578297,0.007676495,-0.003383176,watch,user3,lie
17.738183168,0.002571911,-0.003978029,0.003638685,0.007118188,0.010984940,-0.003014861,watch,user3,lie
17.748182016,0.003122181,-0.003596216,0.002933204,0.008407690,0.023100993,0.002206933,watch,user3,lie
17.758180864,0.003562033,-0.005486161,-0.000776052,-0.004075611,0.024249081,0.002725983,watch,user3,lie
17.768178944,0.007262260,-0.008044869,0.000329137,-0.027695587,0.012832109,0.002908609,watch,user3,lie
17.778178048,0.010718659,-0.009548321,0.002835870,-0.040045194,-0.007599130,0.003939785,watch,user3,lie
17.788177152,0.014580265,-0.008384362,0.003476858,-0.043720137,-0.015058290,0.004049041,watch,user3,lie
17.798176000,0.015275314,-0.003301114,-0.000839353,-0.029282873,-0.015251635,0.001782957,watch,user3,lie
17.808174848,0.010266021,0.002688572,-0.003768265,-0.018379983,-0.009085972,-0.000927608,watch,user3,lie
17.818173952,0.005139574,0.003980458,-0.001478493,-0.005350200,-0.004684833,-0.003173718,watch,user3,lie
17.828173056,0.003886253,0.003511041,-0.001619339,0.008128635,-0.003522186,0.000392188,watch,user3,lie
17.838172160,0.003995135,0.003445357,-0.000920057,0.009386712,-0.000108014,-0.001017157,watch,user3,lie
17.848171008,0.003788233,0.001009151,0.001186669,0.010219261,-0.003680999,-0.004653104,watch,user3,lie
17.858170112,0.003244311,0.000492781,0.003359616,0.015955977,-0.001391480,-0.005056040,watch,user3,lie
17.868168960,0.003376007,0.002389342,0.007361472,0.036659077,0.006879056,-0.004743718,watch,user3,lie
17.878168064,0.002703607,0.006412700,0.002191484,0.055825584,0.012394728,-0.002803872,watch,user3,lie
17.888166912,0.003433898,0.006995484,0.000187039,0.058637436,0.010977217,-0.004900445,watch,user3,lie
17.898166016,0.008095846,0.001733705,0.005179822,0.054268789,0.004301471,-0.006018973,watch,user3,lie
17.908165120,0.007735163,-0.001346439,0.003682315,0.047954921,0.004829132,-0.003712609,watch,user3,lie
17.918164224,0.004957274,-0.003404588,0.000592768,0.038432259,0.007482706,-0.006049000,watch,user3,lie
17.928162048,0.001591966,-0.007626370,0.000171840,0.027878372,0.006170921,-0.004127063,watch,user3,lie
17.938160896,0.002954394,-0.008427873,0.000112176,0.019026291,0.005084085,0.001849603,watch,user3,lie
17.948160000,0.004703388,-0.005542651,0.000378191,0.013606713,0.007856791,0.002037289,watch,user3,lie
17.958159104,0.004487529,-0.004266992,-0.001155555,0.018125830,0.006552109,0.000536864,watch,user3,lie
17.968158208,0.004238680,-0.004429460,-0.000144005,0.015733646,0.006526809,-0.002930106,watch,user3,lie
17.978156800,0.004747793,-0.006131560,-0.000924408,0.007836043,0.005315071,0.000888601,watch,user3,lie
17.988155904,0.004391119,-0.006107971,0.002292335,-0.001180134,0.003788369,-0.002250800,watch,user3,lie
17.998155008,0.003453657,-0.005928829,0.003118634,-0.005699252,0.004754830,-0.001000978,watch,user3,lie
18.008154112,0.006035000,-0.005527809,-0.000121891,-0.007588010,0.003117341,0.000599781,watch,user3,lie
18.018152960,0.005606532,-0.003031179,0.001888335,-0.002444647,0.003350900,0.001408583,watch,user3,lie
18.028152064,0.005079299,-0.000006422,0.001358628,0.002080641,0.000195232,0.001297596,watch,user3,lie
18.038151168,0.004226357,0.000056371,0.000043809,0.005166179,0.002285547,-0.000223868,watch,user3,lie
18.048150016,0.006098762,-0.000150919,0.001345575,0.011401083,-0.000487425,-0.001354646,watch,user3,lie
18.058148864,0.007576376,-0.000164837,0.002791762,0.014677570,-0.004368982,-0.001867837,watch,user3,lie
18.068146944,0.008906305,-0.000957757,-0.000442147,0.018882480,-0.001841732,-0.002918920,watch,user3,lie
18.078146048,0.005644754,-0.001129001,-0.000195205,0.023744080,-0.004275594,-0.002272038,watch,user3,lie
18.088145152,0.006213039,-0.002191871,-0.001650512,0.022367714,-0.005872869,-0.006839826,watch,user3,lie
18.098144256,0.006251246,-0.001172006,0.000806272,0.024984004,-0.008135225,-0.005657648,watch,user3,lie
18.108143104,0.005380899,-0.001827508,0.002905965,0.019560654,-0.006764851,-0.004770683,watch,user3,lie
18.118142208,0.005813494,-0.003878132,0.001186311,0.014892930,-0.005261230,-0.009399257,watch,user3,lie
18.128141312,0.003910303,-0.005851462,0.001447201,0.006487728,0.002407342,-0.005541801,watch,user3,lie
18.138140416,0.001006961,-0.007361576,0.002055466,-0.000177099,0.005615386,0.000954448,watch,user3,lie
18.148139008,-0.000710428,-0.007026449,0.001158178,-0.006669841,0.003871726,0.000887669,watch,user3,lie
18.158138112,0.001020029,-0.007658213,0.003543139,-0.015086229,0.005039255,0.006740232,watch,user3,lie
18.168137216,0.002335459,-0.005935878,0.003650308,-0.016514437,0.005227719,0.005924972,watch,user3,lie
18.178136320,0.004394278,-0.002311319,0.003208101,-0.013269376,0.005500160,0.004340391,watch,user3,lie
18.188135168,0.005975589,-0.000754222,0.000069916,-0.005263647,-0.000310857,0.002827449,watch,user3,lie
18.198134272,0.007515728,0.000321627,0.001202703,0.000882662,0.002283594,0.001589878,watch,user3,lie
18.208132096,0.007762462,0.002656981,0.000485480,0.009505223,0.001462186,-0.001530082,watch,user3,lie
18.218131200,0.006773278,0.003443405,-0.000634432,0.015073095,0.000840604,-0.002085617,watch,user3,lie
18.228130304,0.006289318,0.001949415,0.000904620,0.018148825,-0.002029839,-0.005384008,watch,user3,lie
18.238129152,0.005961031,-0.001396209,0.002012670,0.016649997,-0.004743334,-0.001176480,watch,user3,lie
18.248128256,0.006634966,-0.002149493,0.000824511,0.009389109,-0.002821508,-0.001192659,watch,user3,lie
18.258127104,0.005976498,-0.004603148,0.001596749,0.009864749,-0.004772274,-0.002709329,watch,user3,lie
18.268126208,0.004311219,-0.003945887,0.000476539,0.007523521,-0.004822785,-0.000498440,watch,user3,lie
18.278125056,0.004611790,-0.003095239,0.000858903,0.004326928,-0.007230283,-0.001644398,watch,user3,lie
18.288124160,0.004755601,-0.003739357,-0.000093281,-0.001238457,-0.005444012,-0.002565585,watch,user3,lie
18.298123264,0.002257705,-0.005177036,0.002459049,-0.001168682,-0.005273836,-0.001629750,watch,user3,lie
18.308122368,0.000896335,-0.006230459,0.002871513,0.001518048,0.005523418,0.002330437,watch,user3,lie
18.318121216,-0.000220701,-0.006287634,0.002334952,-0.005029334,0.014630363,0.004985075,watch,user3,lie
18.328120064,0.000864580,-0.007680655,0.000340462,-0.017199803,0.014602845,0.004249644,watch,user3,lie
18.338119168,0.002680987,-0.005975962,-0.000519276,-0.027868425,0.004438624,0.003466142,watch,user3,lie
18.348118272,0.010334715,-0.004634112,0.000075519,-0.025619296,-0.005619781,0.003403957,watch,user3,lie
18.358116352,0.011755034,-0.001058087,-0.001648307,-0.016273199,-0.006279712,0.006624784,watch,user3,lie
18.368115200,0.009404913,0.001431599,-0.000531256,-0.004459551,-0.006174251,-0.001730418,watch,user3,lie
18.378114048,0.006027892,0.001861513,-0.001391768,0.001750142,-0.002726522,-0.000408957,watch,user3,lie
18.388113152,0.005542755,0.000730649,-0.000502110,0.004554629,-0.001939114,0.002088954,watch,user3,lie
18.398112256,0.008038342,-0.001481161,0.004214704,0.003912807,-0.005187372,-0.001002177,watch,user3,lie
18.408111104,0.007124662,-0.001113683,0.006061852,0.003987109,-0.005481118,-0.000579533,watch,user3,lie
18.418110208,0.005574375,0.000142276,0.006235182,0.005594859,-0.003039799,-0.001971035,watch,user3,lie
18.428109312,0.005406260,0.000068784,0.002856314,0.007349083,-0.002533532,-0.001812577,watch,user3,lie
18.438108160,0.005508274,0.000633389,0.002344131,0.007480377,-0.008706738,-0.003338834,watch,user3,lie
18.448107008,0.004823878,-0.002297789,0.001998365,0.007557343,-0.003902929,-0.003008336,watch,user3,lie
18.458106112,0.004329532,-0.004413933,0.001024187,-0.000273949,0.000174371,-0.001018422,watch,user3,lie
18.468105216,0.000220120,-0.004767388,0.002120376,-0.007418144,0.004693755,-0.002886097,watch,user3,lie
18.478104320,-0.002344906,-0.006442577,0.000421405,-0.010301815,0.006441321,0.001794409,watch,user3,lie
18.488103168,0.001111329,-0.002680033,0.000483871,-0.004208769,0.011256317,0.003270599,watch,user3,lie
18.498102272,0.003421158,-0.000847653,-0.000494719,0.001557418,0.008502519,0.005316706,watch,user3,lie
18.508100096,0.005401194,0.000663161,-0.000685513,0.007108422,0.006924240,-0.000194040,watch,user3,lie
18.518099200,0.008123666,0.000082389,0.000434756,0.009663193,0.002940950,-0.000746913,watch,user3,lie
18.528098304,0.010268405,-0.001044646,0.000581563,0.002222010,-0.004762420,0.002355737,watch,user3,lie
18.538097152,0.009669557,-0.003737882,0.001306236,-0.001367132,-0.010222966,-0.002971384,watch,user3,lie
18.548096256,0.008293346,-0.005552575,0.000501752,-0.010345757,-0.011578425,-0.002738158,watch,user3,lie
18.558095104,0.007540390,-0.005928874,-0.001654923,-0.013074166,-0.012377639,-0.001579417,watch,user3,lie
18.568094208,0.005101204,-0.004132047,-0.000521004,-0.013029381,-0.011631512,-0.000919685,watch,user3,lie
18.578093056,0.003623471,-0.000349656,0.000544250,-0.010754775,-0.005433271,-0.000821681,watch,user3,lie
18.588092160,0.002636969,-0.000890106,0.001210868,-0.007225820,-0.000107215,0.000330136,watch,user3,lie
18.598091264,0.000775740,-0.001144081,0.002513528,-0.004948551,0.000090125,-0.001213432,watch,user3,lie
18.608090368,0.001696140,-0.002621382,0.002815366,-0.005009271,0.002917870,0.002871857,watch,user3,lie
18.618089216,0.002652720,-0.002696425,0.002734363,-0.006937133,0.002476851,0.001737084,watch,user3,lie
18.628088064,0.006141305,-0.003612354,0.003830791,-0.002381663,0.002229177,0.004067150,watch,user3,lie
18.638087168,0.005717695,-0.004112080,0.002838612,-0.002879408,0.000780151,0.003206417,watch,user3,lie
18.648085248,0.007083073,-0.001571953,0.002535939,0.002804399,-0.000951880,0.000530872,watch,user3,lie
18.658084352,0.006978408,0.000616238,-0.000461280,0.013693532,-0.001327918,0.000778812,watch,user3,lie
18.668083200,0.007645056,0.003270432,-0.000251412,0.017537097,-0.000624223,-0.001491266,watch,user3,lie
18.678082048,0.006630227,0.000920802,-0.000666320,0.016751463,-0.002072982,-0.001558644,watch,user3,lie
18.688081152,0.005038992,-0.000579178,0.001269817,0.017028209,0.000809801,-0.002226232,watch,user3,lie
18.698080256,0.003651768,-0.002698913,0.002183497,0.013706448,-0.000339886,-0.002568714,watch,user3,lie
18.708079104,0.005693927,-0.005137131,0.003019035,0.012575093,0.002429624,-0.004444445,watch,user3,lie
18.718078208,0.005614430,-0.004401863,0.001468956,0.006806952,-0.000013027,0.000882409,watch,user3,lie
18.728077312,0.004973710,-0.003152356,0.002086580,0.002868271,-0.000653785,0.002325244,watch,user3,lie
18.738076160,0.004310831,-0.004713222,0.003381073,-0.006451995,0.000600564,0.001252788,watch,user3,lie
18.748075008,0.003527835,-0.005903259,0.003109276,-0.010138786,-0.000063006,0.000252638,watch,user3,lie
18.758074112,0.003148720,-0.005753785,0.003120422,-0.014089053,0.000546325,0.001925370,watch,user3,lie
18.768073216,0.003994018,-0.004501209,0.002081096,-0.011741875,0.005040143,0.005698337,watch,user3,lie
18.778072320,0.003458813,-0.001794547,0.000491917,-0.003045856,0.007656699,0.005413379,watch,user3,lie
18.788070400,0.005995601,0.002338678,-0.001363397,-0.001040629,0.000019285,0.001238008,watch,user3,lie
18.798069248,0.009941056,0.003162310,0.000227571,0.007574697,-0.003466260,-0.001247787,watch,user3,lie
18.808068096,0.012061372,0.000850454,0.000115275,0.010377719,-0.009112516,-0.000806434,watch,user3,lie
18.818067200,0.010924533,-0.000435710,-0.000239015,0.012464039,-0.006100482,-0.004367347,watch,user3,lie
18.828066304,0.006107718,-0.002015829,0.000672698,0.005073279,-0.004810801,-0.003517332,watch,user3,lie
18.838065152,0.005152985,-0.003240049,0.003977537,0.003867666,-0.000406465,-0.000689588,watch,user3,lie
18.848064256,0.004329532,-0.003138795,0.003923059,-0.002629826,0.003755611,-0.003500954,watch,user3,lie
18.858063104,0.001661271,-0.002529949,0.002111554,-0.000675864,0.003743627,-0.001555249,watch,user3,lie
18.868062208,0.001942098,-0.001208380,0.000656903,0.004915664,0.003189246,-0.004160952,watch,user3,lie
18.878061056,0.000912204,-0.002332628,0.002571046,-0.000217579,0.001975111,-0.004859766,watch,user3,lie
18.888060160,0.002797052,-0.005089432,0.003450215,-0.007127861,0.000106726,-0.004656167,watch,user3,lie
18.898059264,0.002435967,-0.005597785,0.003356755,-0.011403299,-0.000708467,-0.002510724,watch,user3,lie
18.908058368,0.003397554,-0.006091312,0.001582563,-0.002671460,0.009984391,0.001267835,watch,user3,lie
18.918056960,0.001434788,-0.004481018,0.000216007,0.001217288,0.016077170,0.004334998,watch,user3,lie
18.928055296,0.003607616,-0.005585864,-0.000525653,-0.012816329,0.016336206,0.002664264,watch,user3,lie
18.938054144,0.006675288,-0.006186709,0.000323474,-0.030709308,0.001331159,-0.000064145,watch,user3,lie
18.948053248,0.009272069,-0.006745502,0.001482546,-0.032718666,-0.010780365,0.005243935,watch,user3,lie
18.958052352,0.011974409,-0.006932572,0.002618015,-0.029780131,-0.013228343,0.005825569,watch,user3,lie
18.968051200,0.008041859,-0.000837147,-0.001035929,-0.014840464,-0.010328959,0.001847273,watch,user3,lie
18.978050048,0.005393207,0.003982842,-0.002611041,0.003961720,-0.004225261,0.001840615,watch,user3,lie
18.988049152,0.003972992,0.005396128,-0.001530409,0.013773782,-0.000166426,0.001195198,watch,user3,lie
18.998048256,0.005960733,0.008046821,-0.000434875,0.019022074,-0.001652204,-0.001257041,watch,user3,lie
19.008047104,0.006102994,0.004647210,0.001369119,0.023944793,-0.002321456,-0.001768701,watch,user3,lie
19.018046208,0.005158454,-0.000929177,0.003848493,0.023183396,-0.001438085,-0.001041125,watch,user3,lie
19.028045312,0.003428578,-0.002938762,0.004753888,0.016152117,0.000652496,-0.000378265,watch,user3,lie
19.038044160,0.004691213,-0.003321916,0.004950702,0.016067429,0.000747837,-0.002276300,watch,user3,lie
19.048043008,0.006113410,-0.003119811,0.001988530,0.014029046,0.001294318,0.000439725,watch,user3,lie
19.058041088,0.006252065,-0.003172860,0.001682222,0.013801079,0.003645623,-0.001554183,watch,user3,lie
19.068040192,0.006083801,-0.003640547,0.001347840,0.005174701,-0.003110817,-0.002984900,watch,user3,lie
19.078039296,0.005461127,-0.006283537,0.000746906,-0.005933610,-0.004608579,-0.001046385,watch,user3,lie
19.088038144,0.006042197,-0.006187126,0.000999272,-0.015396931,-0.003920329,0.000978483,watch,user3,lie
19.098036224,0.003687948,-0.007878363,0.000644147,-0.020084893,-0.003748821,0.000705243,watch,user3,lie
19.108035328,0.002968654,-0.005741060,0.002332628,-0.018237637,-0.003801196,0.004772821,watch,user3,lie
19.118034176,0.005471706,-0.002579764,0.001264572,-0.011519013,-0.002374009,0.001419103,watch,user3,lie
19.128033280,0.007327855,0.001487270,0.000625789,-0.000287797,-0.001235241,0.002507337,watch,user3,lie
19.138032128,0.004731253,0.002366811,-0.000605524,0.006245203,0.001690774,0.000506504,watch,user3,lie
19.148031232,0.004547656,0.003673092,-0.001137733,0.011364953,0.000185378,0.001304653,watch,user3,lie
19.158030080,0.005156875,0.002743036,-0.000976682,0.012139400,-0.002457543,-0.000915890,watch,user3,lie
19.168029184,0.008711874,0.002285644,0.000809550,0.011854530,-0.003164523,-0.001328014,watch,user3,lie
19.178028288,0.006614730,-0.002193525,0.001590729,0.010193250,-0.001634005,-0.001189264,watch,user3,lie
19.188027136,0.003208533,-0.005355924,0.003528595,-0.000700720,0.004255132,0.000033993,watch,user3,lie
19.198025216,-0.002354175,-0.006969586,0.004432619,-0.007010548,0.010448580,0.001844143,watch,user3,lie
19.208024064,-0.003457546,-0.006484687,0.002544284,-0.007983357,0.012983020,0.005136676,watch,user3,lie
19.218023168,0.001981854,-0.003791302,0.002118111,0.002993661,0.013567319,0.000292120,watch,user3,lie
19.228022272,0.007546410,-0.000332803,0.002483189,0.008132541,0.009673689,0.001266903,watch,user3,lie
19.238021376,0.009888068,0.000113741,0.001777709,0.006581782,0.003149743,0.000025870,watch,user3,lie
19.248019968,0.011487097,-0.000345752,0.000356317,0.004653698,-0.000869323,-0.000420942,watch,user3,lie
19.258019072,0.010766044,-0.003601998,0.000961661,-0.002373851,-0.008110990,-0.000088579,watch,user3,lie
19.268018176,0.010967746,-0.005218521,0.002297223,-0.007289736,-0.012398502,-0.001360172,watch,user3,lie
19.278017280,0.008423090,-0.005144179,0.000611246,-0.012626978,-0.013215825,-0.001426218,watch,user3,lie
19.288016128,0.006705031,-0.002003476,-0.000292301,-0.009024164,-0.010045776,-0.000419144,watch,user3,lie
19.298015232,0.002937421,-0.000459075,0.000634551,0.000439379,-0.006348510,-0.001320358,watch,user3,lie
19.308014336,0.003402099,0.001723111,-0.000070632,0.000637873,-0.001813324,0.001760653,watch,user3,lie
19.318013184,0.000598699,0.001092389,0.001583457,0.001214181,0.001341722,0.000552910,watch,user3,lie
19.328011264,0.000172973,0.000981823,0.001686513,0.004149650,0.006307719,-0.000393777,watch,user3,lie
19.338010112,-0.000105634,-0.000654221,0.002382874,0.007486325,0.007617994,-0.000269940,watch,user3,lie
19.348009216,0.003256127,-0.001612321,0.002667069,0.009360703,0.006638661,0.001667043,watch,user3,lie
19.358008320,0.005958855,-0.001741126,0.001584470,0.010760993,0.007608851,0.003079584,watch,user3,lie
19.368007168,0.004184380,-0.001388311,0.000728250,0.012341622,0.005261718,0.003100024,watch,user3,lie
19.378006016,0.005125359,-0.001635879,-0.000042081,0.010075272,0.004773028,0.003536516,watch,user3,lie
19.388005120,0.006611526,-0.002445593,0.002248108,0.006543744,0.001635647,0.000906245,watch,user3,lie
19.398004224,0.005851358,-0.003078371,0.000837564,0.002055518,0.000268380,-0.000554233,watch,user3,lie
19.408003328,0.003742412,-0.002488673,-0.000714064,0.001446720,0.000576241,-0.001305244,watch,user3,lie
19.418002176,0.004023388,-0.003232449,-0.000251651,0.001983879,0.001079046,0.000223943,watch,user3,lie
19.428001024,0.003617153,-0.002168685,0.001450181,-0.001909574,0.003896493,-0.002038812,watch,user3,lie
19.438000128,0.005794317,-0.002820358,0.002646446,-0.003801483,-0.000104374,-0.000282191,watch,user3,lie
19.447999232,0.007063776,-0.003815174,0.003202081,-0.010072473,0.000215560,-0.000352698,watch,user3,lie
19.457998080,0.005911812,-0.003270343,0.002162039,-0.012290887,-0.000930930,0.000783673,watch,user3,lie
19.467997184,0.006939277,-0.001899123,0.003945589,-0.014265797,0.000643886,-0.000375468,watch,user3,lie
19.477995264,0.004479602,-0.003919557,0.004514039,-0.009917920,0.002022071,0.001873039,watch,user3,lie
19.487994112,0.004253700,-0.002490565,0.003158987,-0.007052271,0.003637900,0.002740164,watch,user3,lie
19.497993216,0.003728881,-0.000007316,0.000050783,0.003186518,0.003572919,0.002008327,watch,user3,lie
19.507992064,0.007211298,0.004643902,0.001384556,0.008809649,0.001390458,0.000949521,watch,user3,lie
19.517991168,0.010394976,0.005657613,-0.000271380,0.012673897,-0.000303579,0.001061374,watch,user3,lie
19.527990272,0.010062039,0.003000453,0.000626087,0.017790228,-0.003280993,-0.002692152,watch,user3,lie
19.537989376,0.006887093,0.000506550,0.000488818,0.021676579,-0.004643199,-0.001451652,watch,user3,lie
19.547987968,0.004821792,0.000033498,0.001495004,0.021028455,-0.003459069,-0.001062963,watch,user3,lie
19.557987072,0.005940035,-0.000861436,0.000817239,0.014812103,-0.006182418,-0.000433658,watch,user3,lie
19.567986176,0.005553603,-0.001702398,0.000592172,0.014884853,-0.003346772,-0.001535341,watch,user3,lie
19.577985280,0.003725842,-0.002255946,0.001814306,0.005429033,0.004195566,-0.003190496,watch,user3,lie
19.587984128,0.000964254,-0.003829360,0.000907719,-0.002863873,0.005173656,-0.005048716,watch,user3,lie
19.597983232,0.002749994,-0.005528212,-0.000225484,-0.005105722,0.001312339,-0.003475854,watch,user3,lie
19.607981056,0.002546206,-0.005160660,0.000805438,-0.001404993,0.001094759,0.001271897,watch,user3,lie
19.617980160,0.002448097,-0.004940838,0.002254069,-0.005286817,0.003997871,0.001634086,watch,user3,lie
19.627979264,0.002587214,-0.005255297,0.001483381,-0.011940991,0.005527058,0.002150740,watch,user3,lie
19.637978112,0.002171516,-0.004021823,0.002019107,-0.017710995,0.005714810,0.003859690,watch,user3,lie
19.647977216,0.006334603,-0.003719077,0.003551364,-0.019196153,0.004511683,0.007671606,watch,user3,lie
19.657976320,0.007892057,-0.004903644,0.003322482,-0.019854486,-0.001523306,0.005258515,watch,user3,lie
19.667975168,0.004736379,-0.001609847,0.002311647,-0.015560050,-0.001157033,0.005309382,watch,user3,lie
19.677974016,0.004986137,0.003438398,-0.001097739,0.004492488,0.002135700,0.002801749,watch,user3,lie
19.687973120,0.006767154,0.008301735,-0.001224875,0.018017041,0.004071374,0.000736002,watch,user3,lie
19.697972224,0.005705804,0.006463364,-0.000306904,0.020608030,0.006980078,-0.001688540,watch,user3,lie
19.707971328,0.004572064,0.001767799,0.001177371,0.027148265,0.002636640,-0.000728537,watch,user3,lie
19.717970176,0.005403593,-0.003782779,0.001677871,0.014560835,0.005265979,0.002489361,watch,user3,lie
19.727969024,0.007507935,-0.007136136,0.000829160,0.001944242,0.000214229,-0.003543964,watch,user3,lie
19.737967104,0.006462082,-0.009748235,0.002679050,-0.013357216,-0.002977303,-0.003833716,watch,user3,lie
19.747966208,0.005887195,-0.009177491,0.004815519,-0.019951468,-0.002959993,-0.001491865,watch,user3,lie
19.757965312,0.005161420,-0.004919752,0.004753232,-0.014809172,-0.002848939,0.002105000,watch,user3,lie
19.767964160,0.004809201,-0.003140435,0.001491904,-0.010842037,0.000339486,-0.001075880,watch,user3,lie
19.777963008,0.004442185,-0.001057252,0.000236690,-0.011859631,0.001367999,0.002045878,watch,user3,lie
19.787962112,0.006294876,-0.001416206,0.000188112,-0.008959538,-0.000832127,-0.000865623,watch,user3,lie
19.797961216,0.008541957,-0.002363682,0.001402676,-0.013440307,-0.003088890,-0.001659778,watch,user3,lie
19.807960064,0.007986858,-0.000685722,0.000778079,-0.015575008,-0.007317368,-0.002005589,watch,user3,lie
19.817959168,0.005265370,-0.000164419,0.001832664,-0.007400967,-0.008872654,-0.001628752,watch,user3,lie
19.827958272,0.002411097,0.002129257,0.001228809,0.002585443,-0.001809064,-0.001605050,watch,user3,lie
19.837957376,0.002739429,0.000737309,0.000977755,0.004529550,0.002972909,-0.001263100,watch,user3,lie
19.847955968,0.004184932,0.000975862,0.001249611,0.007022358,0.001608660,0.000616293,watch,user3,lie
19.857955072,0.003175750,0.000864476,0.002973318,0.004117115,0.003027592,0.001277556,watch,user3,lie
19.867953152,0.003932431,-0.002352327,0.003262162,0.007295421,-0.000331098,0.000856910,watch,user3,lie
19.877952256,0.007199407,0.000461221,0.001388788,0.010804402,-0.000090614,0.002022043,watch,user3,lie
19.887951360,0.006375387,0.001342446,0.000081360,0.012605053,-0.002471924,0.001048125,watch,user3,lie
19.897949952,0.005927384,-0.000519723,0.000464261,0.013094010,-0.003815223,-0.002540751,watch,user3,lie
19.907949056,0.003806666,-0.001233220,0.001822948,0.010245315,0.003627336,-0.001276016,watch,user3,lie
19.917948160,-0.000847772,-0.004414424,0.000699401,0.001804160,0.012399523,0.002738166,watch,user3,lie
19.927947264,-0.000176042,-0.005146667,0.002732337,-0.001250574,0.011383970,0.005702398,watch,user3,lie
19.937946112,0.002986640,-0.006592304,0.002730906,-0.001794924,0.009788737,0.003527128,watch,user3,lie
19.947945216,0.007494211,-0.004764497,0.002194285,-0.001161447,0.006068745,-0.000640852,watch,user3,lie
19.957944320,0.008658275,-0.002685979,-0.000761747,0.000028453,0.002614625,-0.001994004,watch,user3,lie
19.967943168,0.009617805,-0.000503764,-0.000352025,-0.000617097,-0.002039250,-0.000248169,watch,user3,lie
19.977942016,0.010360941,-0.000510156,0.000586569,-0.003091174,-0.006735468,-0.001446592,watch,user3,lie
19.987941120,0.010620952,-0.002331138,0.003037870,-0.009463985,-0.008934706,-0.005154710,watch,user3,lie
19.997939200,0.008900896,-0.003818810,0.002596974,-0.008928956,-0.011921707,-0.002295008,watch,user3,lie
20.007938304,0.005038217,-0.002405122,0.000265360,-0.006419326,-0.009517938,-0.004211219,watch,user3,lie
20.017937152,0.002594262,0.000520289,-0.000280917,0.000811955,-0.005425991,-0.002188282,watch,user3,lie
20.027936000,0.001036972,0.001945123,0.001070976,0.011668864,-0.000255730,-0.001207706,watch,user3,lie
20.037935104,-0.000031114,0.002810746,0.001479805,0.014244141,0.007134808,-0.001633812,watch,user3,lie
20.047934208,0.001834765,0.000746965,0.002474904,0.013310215,0.004773028,-0.001745465,watch,user3,lie
20.057933312,0.000652432,-0.002580643,0.001679480,0.009518938,0.006235370,-0.000381127,watch,user3,lie
20.067932160,0.003521547,-0.003913268,0.002389967,0.001887694,0.007392957,0.000320948,watch,user3,lie
20.077931008,0.004736423,-0.006168395,0.002235651,0.000681283,0.005231536,0.000948389,watch,user3,lie
20.087930112,0.004693925,-0.005549923,0.002012134,-0.001455061,0.003570966,0.002075239,watch,user3,lie
20.097929216,0.009316310,-0.002042517,0.001297176,0.000923142,0.002382664,0.001885089,watch,user3,lie
20.107929856,0.007935211,0.001341581,0.000567555,-0.001912414,0.004421491,0.001606390,watch,user3,lie
20.117928960,0.006065086,0.000197873,0.000912428,-0.002393914,-0.003500614,-0.002415250,watch,user3,lie
20.127926784,0.006495893,-0.002062157,0.002554774,0.003653060,-0.002096330,0.000907709,watch,user3,lie
20.137925632,0.007237002,-0.001042679,0.001482069,0.005931661,0.005233222,0.000107696,watch,user3,lie
20.147924736,0.004434556,-0.000339866,-0.000596523,0.004436517,-0.001536711,-0.005645731,watch,user3,lie
20.157923840,0.002308577,-0.002217323,0.002451360,0.007593695,-0.001144959,-0.000729003,watch,user3,lie
20.167922944,0.004600614,-0.001889199,0.002164423,0.002859615,0.006449133,0.003249427,watch,user3,lie
20.177921792,0.006023780,-0.003307104,0.004910111,-0.009157100,-0.003497508,-0.004741920,watch,user3,lie
20.187920640,0.003149748,-0.004484028,0.004000247,-0.015959125,-0.001779680,0.000683538,watch,user3,lie
20.197919744,0.004523084,-0.005569577,0.003770113,-0.012680241,0.003747444,0.005527828,watch,user3,lie
20.207918848,0.004942730,-0.002866566,0.005001605,-0.007585302,0.003417124,-0.001333074,watch,user3,lie
20.217917696,0.003124386,0.000605196,0.002975643,-0.000157214,0.004733524,0.002099474,watch,user3,lie
20.227916800,0.004610866,0.002453849,-0.001377344,0.013660110,0.009380918,0.006413329,watch,user3,lie
20.237915904,0.006327122,0.003394768,-0.002074301,0.016056420,0.004464457,0.000501111,watch,user3,lie
20.247914752,0.008664727,0.001686364,-0.000411212,0.017050579,-0.003480020,0.000981279,watch,user3,lie
20.257913600,0.008828983,-0.001183257,0.001275837,0.011095752,-0.002117279,-0.001814774,watch,user3,lie
20.267911680,0.008351624,-0.001737058,-0.000712454,0.002134303,-0.004389400,-0.001217560,watch,user3,lie
20.277910784,0.006869614,-0.004212290,0.000747859,-0.000816745,-0.008677622,-0.002874845,watch,user3,lie
20.287909888,0.006544620,-0.003653958,0.001162946,-0.004184224,-0.007508672,-0.000080789,watch,user3,lie
20.297908992,0.004889488,-0.002849668,0.002293289,-0.000599076,-0.005369621,-0.000978275,watch,user3,lie
20.307907584,0.004963994,-0.003559127,0.003246486,-0.000444302,-0.003818152,0.000724218,watch,user3,lie
20.317906688,0.002702460,-0.001861647,0.002769649,-0.001932743,0.001047976,0.001008377,watch,user3,lie
20.327905792,0.000714928,-0.001866907,0.000983655,-0.003921192,0.002054917,-0.001085733,watch,user3,lie
20.337904896,0.002197012,-0.002769068,0.002277017,-0.008403026,0.001122544,-0.000970152,watch,user3,lie
20.347903744,0.004146814,-0.001880288,0.002211571,-0.007376155,0.001259520,0.001843411,watch,user3,lie
20.357902848,0.004657879,-0.002222851,0.000868618,-0.003071955,0.001421706,-0.000032253,watch,user3,lie
20.367901696,0.003859192,-0.000520036,0.001559794,-0.002789837,0.000809001,-0.000900178,watch,user3,lie
20.377900800,0.003377348,0.000440121,0.000624776,0.002787089,0.002757903,0.000756042,watch,user3,lie
20.387899648,0.005199075,0.000654310,0.001587391,0.005246696,0.002602818,-0.002104459,watch,user3,lie
20.397897728,0.005098611,0.001635015,-0.000440121,0.003058376,0.002968204,0.000629276,watch,user3,lie
20.407896832,0.004804596,-0.000843734,0.000965476,0.005613590,0.006179887,0.002038355,watch,user3,lie
20.417895680,0.004803225,-0.001097918,0.002937078,0.005389618,0.002660254,0.000254835,watch,user3,lie
20.427894784,0.003633484,-0.001145303,0.001940727,0.004944249,0.004243947,0.001122493,watch,user3,lie
20.437893632,0.004109353,-0.003409266,0.002428830,0.003252343,0.005217599,0.000774684,watch,user3,lie
20.447892736,0.005365089,-0.002746731,0.001375258,0.001110007,0.001754335,0.000595187,watch,user3,lie
20.457891840,0.005611584,-0.001483798,0.001332819,-0.001562741,0.003367412,0.002626913,watch,user3,lie
20.467890944,0.004426047,-0.004316300,0.003162980,-0.004235889,-0.002387680,-0.000721812,watch,user3,lie
20.477889792,0.002996489,-0.002524614,0.001832128,-0.004036951,0.002304277,0.001660385,watch,user3,lie
20.487888640,0.004080757,-0.002659455,0.000994682,-0.010219391,0.000920588,0.001455056,watch,user3,lie
20.497887744,0.004457250,-0.001591653,-0.000289619,-0.004936212,-0.001417401,0.000717094,watch,user3,lie
20.507886848,0.005103827,-0.000841916,0.001008987,-0.003204447,-0.000983128,-0.000890524,watch,user3,lie
20.517885696,0.005030945,0.000338271,0.002306104,0.003110973,0.001189479,0.001547600,watch,user3,lie
20.527883776,0.005830511,0.001146734,0.001976669,0.006369218,-0.002400995,-0.000696446,watch,user3,lie
20.537882624,0.005329922,0.001556665,0.003458500,0.008711467,-0.003583705,-0.000939326,watch,user3,lie
20.547881728,0.005708203,-0.001255006,0.001802981,0.008805921,-0.000356309,-0.000070470,watch,user3,lie
20.557880832,0.004468307,-0.002234921,0.002006471,0.003417547,0.000338776,-0.001372756,watch,user3,lie
20.567879680,0.004417449,-0.001642540,0.001994073,0.005070439,-0.003500703,0.002047742,watch,user3,lie
20.577878784,0.004852340,-0.000940934,0.002315581,0.009604736,-0.004868237,-0.000397040,watch,user3,lie
20.587877888,0.005254433,-0.001115486,0.001328945,0.009926225,-0.002388389,-0.000515617,watch,user3,lie
20.597876736,0.002934635,-0.000812501,0.001694143,0.006263845,0.000455600,-0.000073532,watch,user3,lie
20.607875584,0.001511946,-0.000947863,0.001892209,0.004257997,0.002304810,-0.001794933,watch,user3,lie
20.617874688,0.001517385,-0.002316475,0.002178133,0.004099273,0.004543730,-0.000805835,watch,user3,lie
20.627873792,0.003437594,-0.003297716,0.003086567,-0.000228054,0.005025940,0.002577245,watch,user3,lie
20.637872896,0.003523126,-0.002809063,0.001072168,-0.003804413,0.001401910,0.000943928,watch,user3,lie
20.647871744,0.004586563,-0.003201962,0.000414133,-0.009387996,0.001043448,0.001099191,watch,user3,lie
20.657869824,0.004584312,-0.003310263,0.002603114,-0.010681493,0.002263975,0.000847522,watch,user3,lie
20.667868672,0.002641231,-0.004743963,0.001524985,-0.011635704,0.000341705,0.001267236,watch,user3,lie
20.677867776,0.001441106,-0.003672183,0.002154410,-0.014220835,0.006489613,0.001139937,watch,user3,lie
20.687866880,0.001640797,-0.002157003,0.003560245,-0.016287493,0.004533343,0.000008959,watch,user3,lie
20.697865728,0.001186833,-0.001263663,0.003117442,-0.008373376,0.007765888,0.006286562,watch,user3,lie
20.707864832,0.002724856,0.000319451,0.002566695,-0.004953389,0.005374192,0.005527362,watch,user3,lie
20.717863680,0.004716918,0.001726285,0.000395596,-0.000273150,0.002887865,0.001247928,watch,user3,lie
20.727862784,0.006488249,0.002460152,0.000230134,-0.000685274,-0.004857140,-0.003877259,watch,user3,lie
20.737861632,0.004684284,0.000797451,0.001746774,-0.008733346,-0.000152932,0.000901251,watch,user3,lie
20.747860736,0.000944555,-0.003552839,0.003627777,-0.018454062,0.005441659,-0.002078693,watch,user3,lie
20.757859840,-0.004456699,-0.007148087,0.002571821,-0.021667432,0.010208983,0.003308616,watch,user3,lie
20.767858944,-0.002276465,-0.004286170,-0.000083983,-0.022139877,0.014362715,0.004790931,watch,user3,lie
20.777857792,0.001838684,-0.003068998,-0.000253975,-0.021156373,0.012673207,0.002197811,watch,user3,lie
20.787855872,0.003119051,-0.002127036,0.000050962,-0.021607732,0.012813467,0.003072726,watch,user3,lie
20.797854720,0.007509142,-0.000706568,0.000949979,-0.020269228,0.010678144,0.001567774,watch,user3,lie
20.807853824,0.007531941,-0.001635030,0.003147125,-0.024835041,0.001531162,0.002417988,watch,user3,lie
20.817852928,0.010730058,-0.003909767,0.003434181,-0.031297732,-0.002443872,0.003232915,watch,user3,lie
20.827851776,0.010448337,-0.003536388,0.001998961,-0.033920504,-0.006667468,0.001289074,watch,user3,lie
20.837850624,0.008153141,-0.002414316,0.000086308,-0.029049847,-0.011615887,-0.000878739,watch,user3,lie
20.847849728,0.007158116,0.002417862,-0.001424015,-0.021883104,-0.013331052,-0.003641902,watch,user3,lie
20.857848832,0.005421549,0.004518181,-0.001653314,-0.011626472,-0.009651629,-0.001354779,watch,user3,lie
20.867847680,0.000012100,0.004652455,-0.001125455,-0.003236272,-0.004299297,0.000496784,watch,user3,lie
20.877846784,-0.000855029,0.005046830,-0.000655591,0.002745987,-0.000582322,0.000903182,watch,user3,lie
20.887845888,-0.001334265,0.002102375,-0.000860572,0.001699853,0.002178133,-0.001637274,watch,user3,lie
20.897844736,0.000000969,0.000468194,0.002018869,0.002920912,0.004781639,0.000412028,watch,user3,lie
20.907843584,0.001769483,-0.002710789,0.001811862,0.000456290,0.001896370,0.000927017,watch,user3,lie
20.917841920,0.002543703,-0.001542762,0.000918269,0.002016902,0.003562710,0.003267137,watch,user3,lie
20.927840768,0.003750816,-0.000212833,0.000943303,0.004297767,0.000931507,0.001830162,watch,user3,lie
20.937839872,0.004099905,0.000183031,0.001230896,0.007454944,0.000429767,0.002476245,watch,user3,lie
20.947838976,0.007504165,0.000262141,0.000679672,0.005768142,-0.000895510,-0.000854105,watch,user3,lie
20.957837824,0.007945329,0.000375971,0.001999140,0.005898637,-0.003891034,-0.002871716,watch,user3,lie
20.967836672,0.004810169,-0.001825765,0.002567768,0.006807574,-0.003980783,0.000779478,watch,user3,lie
20.977835776,0.004155204,-0.003242254,0.001370728,0.006765762,0.002183104,0.003835456,watch,user3,lie
20.987834880,0.001480609,-0.002541050,0.001020133,0.008555672,0.004532811,0.001842346,watch,user3,lie
20.997833728,0.000343502,-0.003098354,0.000790954,0.002819757,0.003079257,-0.000354230,watch,user3,lie
21.007832832,0.003730908,-0.003422990,0.003221273,-0.003740408,-0.000384183,-0.003641103,watch,user3,lie
21.017831680,0.007753342,-0.003544301,0.004613400,-0.010167948,-0.002144800,-0.002098334,watch,user3,lie
21.027830784,0.006181970,-0.003350616,0.003997087,-0.011229750,-0.002774104,0.000631406,watch,user3,lie
21.037829632,0.004404023,-0.002451181,0.001803279,-0.015694095,-0.002308673,0.000983743,watch,user3,lie
21.047827968,0.001962230,-0.002845824,0.002599180,-0.014606238,-0.002567443,-0.001992140,watch,user3,lie
21.057826816,0.001359969,-0.000762209,0.002644420,-0.009005344,0.000269357,0.001108312,watch,user3,lie
21.067825664,0.000662297,0.000773326,0.000488102,-0.004361324,0.003619080,0.001080216,watch,user3,lie
21.077824768,0.000160933,0.001240402,-0.000424445,0.000726645,0.003057420,0.000281800,watch,user3,lie
21.087823872,0.001965687,0.001641184,0.000574470,0.000212478,0.003545666,0.002120047,watch,user3,lie
21.097822720,0.004985884,0.001620770,0.002442837,0.003332370,0.002555769,-0.000505297,watch,user3,lie
21.107821824,0.004466847,-0.000839174,0.001857102,0.000614526,0.003178061,-0.001742602,watch,user3,lie
21.117820928,0.003338486,-0.002870247,0.001782477,-0.002969290,0.000465365,-0.000983601,watch,user3,lie
21.127819776,0.005769864,-0.002784342,0.000674188,-0.009572465,-0.000856362,-0.000734396,watch,user3,lie
21.137818624,0.003283903,-0.001022160,0.000817418,-0.005780656,0.000335935,-0.001741603,watch,user3,lie
21.147817728,0.001378775,-0.000807956,0.002225757,-0.005516426,-0.000685209,-0.000912495,watch,user3,lie
21.157816832,0.002584949,-0.002199218,0.001131058,-0.010526631,0.004718344,0.001384215,watch,user3,lie
21.167815680,0.000257894,-0.002462834,0.002602518,-0.013360456,0.007053848,0.000733272,watch,user3,lie
21.177814016,0.002509549,-0.003972590,0.000983894,-0.018185038,0.006362225,0.000203037,watch,user3,lie
21.187812608,0.002915561,-0.004952550,0.002012193,-0.026533516,0.005172058,0.002781110,watch,user3,lie
21.197811712,0.004887059,-0.003291979,0.002754331,-0.028810252,0.001752027,0.004994730,watch,user3,lie
21.207810816,0.005644247,-0.003032953,0.002216697,-0.022834651,-0.000488224,0.002111458,watch,user3,lie
21.217809920,0.005756244,-0.001102716,0.001371205,-0.021421578,0.000310991,0.002370850,watch,user3,lie
21.227808768,0.004982919,-0.000712365,0.001815617,-0.015409803,-0.001267110,0.002947757,watch,user3,lie
21.237807872,0.003703371,0.002194285,0.000668645,-0.011023843,-0.001705200,0.002180234,watch,user3,lie
21.247806720,0.005383968,0.002186745,0.002271175,-0.006635397,-0.001057697,0.001535882,watch,user3,lie
21.257805824,0.005247787,0.001085952,0.003510892,-0.013209411,0.001941822,-0.002661259,watch,user3,lie
21.267804672,0.003694847,-0.001443669,0.003675520,-0.010875549,0.000022748,0.000318352,watch,user3,lie
21.277803776,0.002994895,-0.003379568,0.000989020,-0.012190885,0.001624906,0.003510150,watch,user3,lie
21.287802880,0.004153460,-0.002070770,0.002378523,-0.013831480,-0.000131804,0.000670022,watch,user3,lie
21.297801728,0.005534470,-0.002865151,0.001727343,-0.020016938,0.000003218,0.000523548,watch,user3,lie
21.307799808,0.005618095,-0.001048073,0.002182841,-0.017129673,-0.004568099,0.001904331,watch,user3,lie
21.317798656,0.006120533,-0.000947431,0.003902733,-0.015160797,-0.006210203,0.001041999,watch,user3,lie
21.327797760,0.006229058,-0.001666844,0.001811206,-0.011870284,-0.005393767,-0.000127528,watch,user3,lie
21.337796864,0.005480170,0.000196949,-0.000268459,-0.005303995,-0.004214519,0.000098841,watch,user3,lie
21.347795968,0.003950447,0.003001720,0.000955343,-0.002626807,-0.007969665,0.001858791,watch,user3,lie
21.357794816,0.001534879,0.003177479,0.001179278,0.000433697,-0.004451895,0.001191403,watch,user3,lie
21.367793664,0.002498865,0.001783192,0.000507176,0.003141111,-0.005103393,-0.000861961,watch,user3,lie
21.377792768,0.002556339,0.002379149,0.001457632,0.006073518,-0.005904739,-0.000923480,watch,user3,lie
21.387791872,0.002547175,0.000655308,0.000127971,0.010299910,-0.004573602,-0.002352200,watch,user3,lie
21.397790720,0.002291620,0.001897141,0.001073241,0.013448299,-0.003868397,-0.003005739,watch,user3,lie
21.407789824,0.002651691,0.001226455,0.000117004,0.014026827,-0.002428337,-0.000721679,watch,user3,lie
21.417788928,0.002951562,0.001889884,-0.000146568,0.015715536,-0.002155629,-0.000906236,watch,user3,lie
21.427786752,0.003360644,0.000950009,0.000878274,0.010796235,-0.004022417,-0.002839159,watch,user3,lie
21.437785856,0.003787443,-0.000173405,0.001098931,0.008337338,-0.001130756,-0.000550172,watch,user3,lie
21.447784704,0.002425656,-0.001975805,0.002922952,0.005639378,0.000581479,0.002692760,watch,user3,lie
21.457783808,0.003183022,-0.003088817,0.002499342,0.000931975,-0.003042551,0.000887136,watch,user3,lie
21.467782912,0.004670724,-0.003279507,0.001362741,-0.003888258,-0.000829907,0.001496334,watch,user3,lie
21.477782016,0.005014554,-0.002321377,0.001836300,-0.006652086,-0.002859768,-0.000707964,watch,user3,lie
21.487780608,0.003434300,-0.003428578,0.001881540,-0.009787337,-0.002717201,-0.000458825,watch,user3,lie
21.497779712,0.003898069,-0.003645867,0.001004219,-0.014289944,-0.001398404,0.003226191,watch,user3,lie
21.507778816,0.005256101,-0.002886087,0.000671923,-0.015684774,-0.001906269,0.001153253,watch,user3,lie
21.517777920,0.001423791,-0.002010584,0.000910997,-0.022477698,-0.002597626,0.001537014,watch,user3,lie
21.527776768,0.005261272,-0.002156138,0.001207113,-0.021677151,-0.005106589,0.002218251,watch,user3,lie
21.537775872,0.005489796,-0.001708493,0.002618670,-0.018637154,-0.005633896,-0.000449438,watch,user3,lie
21.547774720,0.004701942,-0.000853941,0.001444697,-0.014916364,-0.004732327,-0.000006554,watch,user3,lie
21.557773824,0.003070056,0.001171395,0.003216147,-0.006200902,-0.001166887,0.001351658,watch,user3,lie
21.567771904,0.001386270,0.002343982,0.003152847,-0.000250158,-0.000995468,0.001348463,watch,user3,lie
21.577770752,0.002198398,0.002645537,0.002874792,0.009845885,0.000027985,0.001633154,watch,user3,lie
21.587769856,0.004304245,0.004601270,0.001688480,0.015665425,-0.000312899,0.001482020,watch,user3,lie
21.597768960,0.006401986,0.002310142,0.000310183,0.016495798,-0.003013611,0.000153902,watch,user3,lie
21.607767808,0.004743516,-0.000756502,0.000845313,0.010384865,-0.005439662,-0.006233357,watch,user3,lie
21.617766656,0.003071412,-0.002785236,0.001435280,0.004300075,0.000612372,-0.002934500,watch,user3,lie
21.627765760,0.000765279,-0.004021838,0.000957251,0.001404464,0.005335665,0.000417954,watch,user3,lie
21.637764864,-0.003422096,-0.000455067,0.001597464,0.004866307,0.009464630,0.000742327,watch,user3,lie
21.647763968,-0.000733644,-0.000781462,0.001180410,0.009022170,0.009400181,0.001034609,watch,user3,lie
21.657762816,0.003694132,0.001176283,0.001673818,0.012656320,0.008283785,-0.003060267,watch,user3,lie
21.667761664,0.008577630,0.001856744,0.001162231,0.021407733,0.003364127,-0.003338035,watch,user3,lie
21.677760768,0.009163722,0.000154242,0.002041161,0.012325289,-0.005102328,-0.002769184,watch,user3,lie
21.687758848,0.009640411,-0.001897484,0.000700891,0.001976911,-0.011031857,-0.002337552,watch,user3,lie
21.697757952,0.008770272,-0.004152521,0.001354575,-0.000380520,-0.016198656,-0.006218310,watch,user3,lie
21.707756800,0.006737828,-0.004160553,-0.000111282,-0.006176535,-0.018190876,-0.006134954,watch,user3,lie
21.717755648,0.004195571,-0.001526177,0.000799596,-0.003771967,-0.018151995,-0.003638773,watch,user3,lie
21.727754752,0.001166850,-0.000283003,0.000661194,-0.007065720,-0.010687776,-0.002376368,watch,user3,lie
21.737753856,0.000046536,0.000097811,0.000917375,-0.003362861,-0.006127379,-0.001654385,watch,user3,lie
21.747752704,-0.000595346,0.001151443,0.002594113,0.001625950,-0.000900482,-0.001736144,watch,user3,lie
21.757751808,-0.000735268,0.001434252,0.004694045,0.003820395,0.002984538,0.000218084,watch,user3,lie
21.767750912,0.000368699,-0.000191987,0.005396307,0.007553215,0.003272159,0.000797255,watch,user3,lie
21.777750016,0.000273004,-0.000320643,0.003384292,0.007587569,0.002690259,0.002161592,watch,user3,lie
21.787748608,0.002579227,0.000590116,0.002551913,0.012419254,0.000562836,0.000122809,watch,user3,lie
21.797747712,0.005474433,0.000144422,0.001507401,0.015416908,0.002445159,0.000426143,watch,user3,lie
21.807746816,0.004993513,0.002098829,-0.000481486,0.013118466,0.000212898,0.003242103,watch,user3,lie
21.817744896,0.003389329,0.001846716,-0.000957310,0.017431190,0.000564967,-0.000708164,watch,user3,lie
21.827744000,0.003445715,-0.001914948,-0.001257002,0.007220231,-0.002474233,0.001368370,watch,user3,lie
21.837742592,0.004472345,-0.002804831,0.000672340,0.006533402,-0.003931514,-0.000922482,watch,user3,lie
21.847741696,0.003709897,-0.001899362,0.001271546,0.003098989,-0.002901403,-0.000261085,watch,user3,lie
21.857740800,0.002211049,-0.003914967,0.002828479,0.000506934,-0.000548501,-0.000774543,watch,user3,lie
21.867739904,0.002425060,-0.003639832,0.001376331,-0.000995532,-0.002269080,-0.001030473,watch,user3,lie
21.877738752,0.002813175,-0.003239051,0.002072573,-0.005143406,-0.000598213,-0.000075463,watch,user3,lie
21.887737856,0.003524184,-0.002453610,0.005006552,-0.007033318,-0.001155613,-0.000242110,watch,user3,lie
21.897736704,0.005629078,-0.002281755,0.002450883,-0.013610527,-0.004563394,-0.000506296,watch,user3,lie
21.907735808,0.004528552,-0.002548128,0.003291249,-0.017022835,-0.003008374,0.000055232,watch,user3,lie
21.917734656,0.003383785,-0.001663208,0.002049387,-0.012191062,0.000705671,0.000380936,watch,user3,lie
21.927733760,0.002168000,0.001541793,-0.000032365,-0.003639208,0.001843018,0.002183896,watch,user3,lie
21.937731840,0.001574352,0.001985759,-0.000955760,0.003496998,0.002116791,0.001939152,watch,user3,lie
21.947730944,0.005019829,0.005459040,-0.001044929,0.011263619,0.000278855,0.000095245,watch,user3,lie
21.957729792,0.007826656,0.003258675,0.002010345,0.014148888,-0.004928957,-0.001323420,watch,user3,lie
21.967728640,0.006354064,0.000427172,0.003400743,0.015877014,-0.006399554,-0.000899312,watch,user3,lie
21.977727744,0.004981786,-0.000831664,0.002381384,0.014552889,-0.006437637,-0.001428482,watch,user3,lie
21.987726848,0.003669605,-0.001100779,0.001682222,0.016244574,-0.005716808,-0.002189148,watch,user3,lie
21.997725952,0.003931969,-0.000340670,0.003226757,0.017987080,-0.004689361,-0.002139613,watch,user3,lie
22.007724800,0.002441645,0.000312746,0.003888071,0.014692307,-0.001150996,-0.002850543,watch,user3,lie
22.017723648,0.002625793,-0.002099618,0.001744568,0.009892224,0.002288742,-0.002529366,watch,user3,lie
22.027722752,0.000833571,-0.002590001,0.002383471,0.001931015,0.003829825,-0.002317179,watch,user3,lie
22.037721856,0.001343951,-0.005006522,0.001810968,-0.002410736,0.004505203,0.000671154,watch,user3,lie
22.047720704,0.001357228,-0.005798414,0.001581788,-0.008877113,0.003637989,0.000747254,watch,user3,lie
22.057719808,0.003304735,-0.004114419,0.001783788,-0.010816161,0.002307207,0.000139254,watch,user3,lie
22.067717632,0.003412172,-0.003133148,0.001707375,-0.010033812,-0.000846597,0.002741562,watch,user3,lie
22.077716736,0.006026700,0.000167206,0.002212942,-0.005118150,0.000044763,0.003609220,watch,user3,lie
22.087715840,0.003658041,0.000109494,0.000209570,-0.004554270,0.002353013,0.002585767,watch,user3,lie
22.097714688,0.004175991,0.002547145,0.000577629,0.000509731,0.002338632,0.001142866,watch,user3,lie
22.107712768,0.002730861,0.001983240,0.002830327,0.005514654,0.000870343,-0.001647128,watch,user3,lie
22.117711872,0.000886485,0.003133506,0.001231790,0.010440703,0.002739349,0.001024556,watch,user3,lie
22.127710976,0.002603829,0.002802908,0.002805889,0.018357083,0.005621955,-0.000633196,watch,user3,lie
22.137710080,0.002684057,0.002261624,0.003015399,0.019242052,0.004827534,-0.001785812,watch,user3,lie
22.147708928,0.002756760,0.001019835,0.000217974,0.016245017,0.004185801,-0.001009900,watch,user3,lie
22.157708032,0.004334450,0.000337958,0.001286089,0.013012473,0.001651803,-0.000135850,watch,user3,lie
22.167706880,0.004512087,-0.001941830,0.002608776,0.013991096,0.001719092,0.002192152,watch,user3,lie
22.177705984,0.006383315,-0.002178475,0.002995193,0.008131609,0.001728680,0.001637682,watch,user3,lie
22.187704832,0.004281327,-0.002086937,0.003251314,0.003634151,0.001086681,0.003192435,watch,user3,lie
22.197702912,0.003865406,-0.002160832,0.001517773,0.002043445,0.001277097,-0.000244108,watch,user3,lie
22.207702016,0.003269270,-0.003048837,0.002448201,0.001660127,-0.001766187,0.001599465,watch,user3,lie
22.217700864,0.004323035,-0.003199443,0.001789629,-0.003409732,-0.000447656,0.001089736,watch,user3,lie
22.227699968,0.002538294,-0.000346348,0.002091765,-0.001240765,0.000052309,0.002190021,watch,user3,lie
22.237698816,0.004845366,-0.000024930,0.001208842,0.002419217,0.000120752,-0.000001494,watch,user3,lie
22.247697920,0.005171850,-0.000182584,0.000176966,0.004452097,-0.000130828,0.000115153,watch,user3,lie
22.257697024,0.003807709,0.000068069,-0.000273466,0.002272033,-0.001430185,-0.003082771,watch,user3,lie
22.267696128,0.003317595,-0.000449926,0.000810862,0.002267417,-0.004876669,-0.001221355,watch,user3,lie
22.277694976,0.003003463,-0.001111522,0.002142012,0.002033591,-0.002928567,0.000278538,watch,user3,lie
22.287693824,0.003328323,-0.000560686,0.001330376,0.000976893,-0.002301748,0.001134544,watch,user3,lie
22.297692928,0.003549531,0.000740796,0.001947761,0.005687493,-0.002924928,0.001898871,watch,user3,lie
22.307692032,0.004620999,-0.000155315,0.003359377,0.005390950,-0.002429047,-0.000189646,watch,user3,lie
22.317690112,0.002987146,-0.000614792,0.002855301,0.007042110,0.002430689,0.002810138,watch,user3,lie
22.327688960,0.004989013,0.002133772,0.001842260,0.012338161,0.000593996,0.002653411,watch,user3,lie
22.337687808,0.002755016,0.001300961,0.000569701,0.010302440,0.001204925,0.001397731,watch,user3,lie
22.347686912,0.001741439,-0.001214236,0.002862394,0.006097354,-0.000963776,-0.000468679,watch,user3,lie
22.357686016,0.001202628,-0.003665209,0.003486931,0.002544430,0.002619507,0.000982478,watch,user3,lie
22.367684864,0.000561863,-0.004298240,0.003848493,-0.001635268,0.007271783,0.001680026,watch,user3,lie
22.377683968,-0.001952305,-0.003895685,0.001166999,-0.003731442,0.008141838,0.000017415,watch,user3,lie
22.387683072,-0.000957787,-0.003594398,-0.001096904,-0.000666721,0.010301750,0.003907560,watch,user3,lie
22.397682176,0.003625154,-0.000587106,0.003028333,0.008150739,0.009338219,0.002149075,watch,user3,lie
22.407680768,0.006075770,-0.000705674,0.005401492,0.002956554,0.008130653,-0.001245723,watch,user3,lie
22.417679872,0.006858379,-0.001522645,-0.000173151,0.001802340,0.000679128,-0.000697644,watch,user3,lie
22.427678976,0.009821951,-0.000409901,0.001850605,-0.006099525,-0.004726822,0.001346865,watch,user3,lie
22.437678080,0.008868799,-0.004068077,0.003005266,-0.009513431,-0.008563639,-0.002005789,watch,user3,lie
22.447676160,0.007505596,-0.002410725,0.000743032,-0.011525937,-0.013288176,-0.004823613,watch,user3,lie
22.457674752,0.004907161,-0.001886070,0.000858128,-0.009970118,-0.011813849,-0.005081407,watch,user3,lie
22.467673856,0.002716452,0.001022011,-0.000925481,-0.005336085,-0.007342668,0.000620887,watch,user3,lie
22.477672960,-0.000305057,0.002981335,-0.000674605,0.003858478,-0.001663477,0.000604642,watch,user3,lie
22.487672064,-0.002500504,0.002672449,0.001684546,0.005121882,0.003267632,0.001300126,watch,user3,lie
22.497670912,-0.001256749,0.001570001,0.003075719,0.006234018,0.005843707,-0.000835995,watch,user3,lie
22.507670016,-0.000537381,-0.001600742,0.003949881,0.003631887,0.007742985,0.000805111,watch,user3,lie
22.517668864,0.003070176,-0.001897842,0.004516482,0.005882259,0.007862828,0.001412045,watch,user3,lie
22.527667968,0.002512977,-0.000921875,0.003530204,0.006380714,0.008092836,0.003235112,watch,user3,lie
22.537666816,0.004607961,0.001007020,0.000760555,0.012435677,0.003736437,0.004085460,watch,user3,lie
22.547665920,0.004306495,0.000031486,0.000714064,0.012878827,0.002422966,0.001753729,watch,user3,lie
22.557665024,0.004989490,-0.000417218,0.000006855,0.013690825,0.002403791,-0.001970435,watch,user3,lie
22.567664128,0.005283326,0.000506848,0.002563834,0.013466542,0.000894134,0.002064720,watch,user3,lie
22.577661952,0.002959266,-0.002012640,0.003164589,0.010255835,0.001782298,-0.000292710,watch,user3,lie
22.587660800,0.001539141,-0.001552135,0.001265466,0.012888236,0.004817237,-0.000003824,watch,user3,lie
22.597659904,0.002609223,-0.000870407,0.002441406,0.014657907,0.008936880,-0.000954040,watch,user3,lie
22.607659008,0.001195073,-0.000077516,0.003271282,0.015473989,0.008217117,-0.001464568,watch,user3,lie
22.617658112,0.001159862,0.000335440,0.003675878,0.019853290,0.006567555,-0.000206224,watch,user3,lie
22.627656960,0.003747031,0.000744060,0.003223538,0.016729712,0.002527184,-0.001795133,watch,user3,lie
22.637655808,0.006948143,-0.000319839,0.002304018,0.010653445,0.004653186,-0.001712042,watch,user3,lie
22.647654912,0.006076172,-0.001551330,0.002266526,0.008339247,0.001303018,-0.001812577,watch,user3,lie
22.657654016,0.002992749,-0.002298087,0.001870096,0.005614833,0.003550193,-0.002611525,watch,user3,lie
22.667652864,0.002103627,-0.003143206,0.001625299,0.005520469,0.003986863,-0.000421075,watch,user3,lie
22.677651968,-0.000619143,-0.001432478,0.000575483,0.007781492,0.006703287,-0.000746247,watch,user3,lie
22.687651072,0.001551285,0.001613408,-0.000927210,0.013102666,0.004788119,-0.000363551,watch,user3,lie
22.697648896,0.003375143,0.000515983,-0.000445426,0.012144460,0.003199544,0.000034326,watch,user3,lie
22.707648000,0.004533947,0.000932157,-0.000782669,0.008847333,-0.001598940,0.001383816,watch,user3,lie
22.717646848,0.005665988,-0.001449630,-0.000223696,0.004921035,-0.001985098,-0.000009816,watch,user3,lie
22.727645952,0.005121619,-0.003121674,-0.001362622,0.000270401,-0.002606236,-0.000692185,watch,user3,lie
22.737645056,0.004871368,-0.004641727,0.000829339,-0.002375449,-0.002417685,-0.003678653,watch,user3,lie
22.747644160,0.004328087,-0.002415940,0.002865314,-0.005483979,-0.003288893,-0.000659694,watch,user3,lie
22.757642752,0.004703760,-0.002751514,0.002932727,-0.005148687,-0.000504824,-0.001020020,watch,user3,lie
22.767641856,0.002723217,-0.001648232,0.002927601,-0.001767494,0.003940701,-0.001702921,watch,user3,lie
22.777640960,-0.000640735,-0.000729486,0.001997888,-0.003393088,0.003936173,-0.001958851,watch,user3,lie
22.787640064,0.000953376,-0.001003459,0.003193498,-0.005160716,0.006102833,0.000434266,watch,user3,lie
22.797638912,0.001102969,-0.001266032,0.001198590,-0.003114343,0.003347793,0.000731475,watch,user3,lie
22.807638016,0.005236387,-0.002081081,0.001169324,-0.002756903,-0.000043299,-0.000673543,watch,user3,lie
22.817635840,0.006870121,-0.000897497,0.001701832,-0.004768921,0.001027558,0.001428224,watch,user3,lie
22.827634944,0.005333006,0.001101121,0.001408637,-0.000991538,-0.003366303,0.000381003,watch,user3,lie
22.837634048,0.004969597,0.001560271,0.001777530,0.004608025,-0.002611563,0.000768226,watch,user3,lie
22.847632896,0.004972085,0.002656102,0.000291884,0.008512219,-0.003208910,0.004130334,watch,user3,lie
22.857632000,0.003521010,0.003927916,-0.000609100,0.014048931,-0.002363089,-0.000203961,watch,user3,lie
22.867630848,0.002186611,0.003652245,0.001554072,0.020091066,-0.000948330,-0.000037580,watch,user3,lie
22.877629952,0.000630111,0.003273696,0.003088236,0.024005646,0.003783841,-0.001127611,watch,user3,lie
22.887628800,0.001168817,-0.000090986,0.003423929,0.022337532,0.006350951,-0.000828539,watch,user3,lie
22.897627904,0.002407894,-0.001074821,0.002488017,0.014959777,0.005864125,-0.000806967,watch,user3,lie
22.907627008,0.002607271,-0.003743514,0.001434505,0.012674030,0.004651233,-0.000762292,watch,user3,lie
22.917626112,0.003333643,-0.004195794,0.003897727,0.009588225,0.003138024,0.001084344,watch,user3,lie
22.927624960,0.001255259,-0.005118400,0.003515363,0.004957343,0.001401199,-0.000502102,watch,user3,lie
22.937623808,0.002886429,-0.004144922,0.002243102,0.001127983,0.002059001,-0.002572443,watch,user3,lie
22.947621888,0.003628194,-0.003936917,0.002926946,0.009884946,0.002205031,-0.002810729,watch,user3,lie
22.957620992,0.000663593,0.001223370,0.003192008,0.024650842,0.010591058,-0.003987580,watch,user3,lie
22.967620096,-0.000617027,0.006316930,-0.002756476,0.027005298,0.015223449,-0.002686160,watch,user3,lie
22.977618944,0.004528612,0.005883649,0.003211975,0.031222679,0.003423249,-0.003137033,watch,user3,lie
22.987617792,0.007444501,0.001384094,0.007952154,0.033739366,0.001618691,0.000685801,watch,user3,lie
22.997616896,0.005932212,0.001794830,0.001863658,0.035580143,0.006376429,0.000994462,watch,user3,lie
23.007616000,0.002579704,0.000014096,-0.000200450,0.034230012,0.010023983,-0.002167776,watch,user3,lie
23.017614848,-0.000706464,-0.004932091,0.000683486,0.022430344,0.007273204,-0.003157406,watch,user3,lie
23.027613952,0.002316758,-0.005468056,0.001526475,0.014748232,0.001719092,-0.000841588,watch,user3,lie
23.037613056,0.004359797,-0.004008859,0.001426160,0.010711679,0.002215772,-0.000792586,watch,user3,lie
23.047612160,0.004458413,-0.001971081,0.000899136,0.009570515,0.005141787,-0.002635493,watch,user3,lie
23.057610752,0.003063396,-0.003084913,0.002529919,0.002530981,0.001499115,-0.001479681,watch,user3,lie
23.067608832,0.003552333,-0.004398346,0.002699792,-0.004354222,0.001234130,-0.002077894,watch,user3,lie
23.077607936,0.005560905,-0.003963605,0.001793802,-0.006825636,0.001344651,-0.000574806,watch,user3,lie
23.087607040,0.003219828,-0.002683446,0.002028584,-0.002593695,0.001289169,0.000351708,watch,user3,lie
23.097606144,0.004786849,-0.001125053,0.000882924,0.004082317,-0.000679439,-0.000253895,watch,user3,lie
23.107605504,0.005135596,0.002554074,0.001369357,0.011827632,-0.001528810,-0.001799527,watch,user3,lie
23.117604608,0.004579574,0.003546610,0.002524793,0.015812254,0.003514685,-0.000661026,watch,user3,lie
23.127603712,0.001542717,0.002149582,0.001960874,0.021092415,0.000597369,-0.001450253,watch,user3,lie
23.137602560,0.005035311,0.001664445,0.000300527,0.019275339,-0.001409057,-0.004067075,watch,user3,lie
23.147601408,0.004593968,0.000472963,0.001747251,0.019781474,-0.003533460,-0.003992441,watch,user3,lie
23.157600512,0.003839463,0.000540838,0.004584789,0.017160924,0.003345218,-0.005528818,watch,user3,lie
23.167599616,-0.001376435,-0.001851067,0.003350198,0.009940872,0.008029630,-0.004876144,watch,user3,lie
23.177598720,-0.005939141,-0.001404464,0.002616763,0.007681978,0.010220081,-0.003138431,watch,user3,lie
23.187596800,-0.002360672,-0.001207247,0.000784636,0.006981700,0.011625430,0.000464892,watch,user3,lie
23.197595392,0.001977190,-0.003475845,0.000292003,0.007766001,0.010509832,-0.002497076,watch,user3,lie
23.207594496,0.004780814,-0.002265900,0.000955641,0.005703738,0.008780996,-0.001124083,watch,user3,lie
23.217593600,0.006662413,-0.003492579,0.000678360,0.001006188,0.001376610,-0.001524622,watch,user3,lie
23.227592704,0.008994654,-0.004399627,0.001651645,-0.007255603,-0.002657281,-0.001600456,watch,user3,lie
23.237591552,0.006602302,-0.004976243,0.002514660,-0.012223197,-0.006446160,-0.001094189,watch,user3,lie
23.247590656,0.005581632,-0.004379541,0.001394868,-0.016349854,-0.008850018,-0.001961181,watch,user3,lie
23.257589504,0.007655084,-0.001087368,-0.000609875,-0.011808099,-0.010735800,-0.003977726,watch,user3,lie
23.267588608,0.006001219,0.000498593,-0.000363052,-0.004809889,-0.008179079,-0.002079359,watch,user3,lie
23.277587456,0.001214594,0.002333656,0.000464678,0.005969522,-0.005828572,-0.000104092,watch,user3,lie
23.287586560,0.000312373,0.005249441,0.003941655,0.012342511,0.000342416,-0.001902059,watch,user3,lie
23.297585664,0.000613645,0.004967213,0.004092693,0.015168391,0.006914564,0.000420218,watch,user3,lie
23.307584768,-0.001735270,0.002493173,0.003304899,0.016894430,0.007110751,-0.001518097,watch,user3,lie
23.317582592,0.002360344,0.000104293,0.003623605,0.023976574,0.006851359,0.000051836,watch,user3,lie
23.327581440,0.003104791,0.000552937,0.002542436,0.025657073,0.003794760,-0.001197786,watch,user3,lie
23.337580544,0.003858432,0.002718404,-0.000972986,0.030971410,0.006216905,-0.001650257,watch,user3,lie
23.347579648,0.004422814,0.002082855,0.002260506,0.032608721,0.006691747,-0.000948647,watch,user3,lie
23.357578752,0.004249290,-0.000818938,0.002184987,0.031241987,0.002989154,-0.003248819,watch,user3,lie
23.367577600,0.005590230,-0.000028536,0.001303077,0.026068443,0.004088152,-0.003833916,watch,user3,lie
23.377576448,0.006098196,-0.002898455,0.002483487,0.020197771,0.001142429,-0.003133504,watch,user3,lie
23.387575552,0.005745322,-0.004314691,0.003103971,0.013111986,-0.000044719,-0.003628985,watch,user3,lie
23.397574656,0.004408702,-0.005335078,0.002874017,0.007287387,-0.001067906,-0.000942655,watch,user3,lie
23.407573504,0.003083944,-0.005710289,0.003092945,0.001052483,0.001646744,-0.000841455,watch,user3,lie
23.417572608,0.002069443,-0.004461601,0.002971411,-0.003754257,0.003953840,0.001868045,watch,user3,lie
23.427571712,0.002582923,-0.005228475,0.005100250,-0.010960415,0.001587444,0.000319417,watch,user3,lie
23.437569536,0.003779009,-0.005803809,0.002405167,-0.019408228,-0.001723931,0.001921042,watch,user3,lie
23.447568640,0.004221335,-0.003139526,0.002769053,-0.015324270,-0.001492769,-0.001890341,watch,user3,lie
23.457567488,0.004726201,-0.000745267,0.001950622,-0.011891456,-0.001737779,-0.000719349,watch,user3,lie
23.467566592,0.003912121,0.000735819,0.001998007,-0.003972325,0.001137724,-0.001614637,watch,user3,lie
23.477565696,0.002434209,0.002792791,0.000035822,0.005458195,0.003586235,-0.000596511,watch,user3,lie
23.487564800,0.002430022,0.003198490,-0.001573086,0.012845626,0.006828722,0.001174358,watch,user3,lie
23.497563392,0.002109930,0.003973231,-0.000700474,0.018846260,0.003826008,0.000418287,watch,user3,lie
23.507562496,0.006470442,0.003079414,0.000096142,0.019404059,-0.002983429,0.000323279,watch,user3,lie
23.517561600,0.007302359,0.002122104,0.001038432,0.018912707,-0.003249745,-0.001983019,watch,user3,lie
23.527560704,0.007301152,-0.001255363,0.000943065,0.017278858,-0.002135212,-0.000000029,watch,user3,lie
23.537559552,0.005347222,-0.001587331,0.001988590,0.015454859,-0.003030833,-0.002627504,watch,user3,lie
23.547557376,0.003531337,-0.002439365,0.002187371,0.011521635,-0.005772024,-0.002439485,watch,user3,lie
23.557556480,0.004356101,-0.003501207,0.003096402,0.007998006,-0.002981564,-0.001246655,watch,user3,lie
23.567555584,0.001083985,-0.003576562,0.004504323,0.003475693,-0.003424448,-0.001910315,watch,user3,lie
23.577554688,0.001259014,-0.004705429,0.002237797,-0.007597730,-0.001682474,-0.002712192,watch,user3,lie
23.587553536,0.001808256,-0.005353525,0.000152707,-0.012920058,-0.009810708,-0.003685578,watch,user3,lie
23.597552640,0.004183307,-0.001218751,-0.008347511,-0.019143200,-0.017040925,-0.006222439,watch,user3,lie
23.607551744,0.008009002,0.008912817,-0.021581411,-0.023682380,-0.027142115,-0.021873303,watch,user3,lie
23.617550592,0.015108064,0.022043481,-0.026078045,-0.039589178,-0.026787914,-0.058493897,watch,user3,lie
23.627549440,0.014558166,0.029870600,-0.030637145,-0.033332698,-0.076083116,-0.099263035,watch,user3,lie
23.637548544,0.021515489,0.043051243,-0.052607477,0.002558989,-0.132478744,-0.140775055,watch,user3,lie
23.647547648,0.024211019,0.057050288,-0.072308898,0.030410150,-0.174307331,-0.192365557,watch,user3,lie
23.657546752,0.022371352,0.067073539,-0.091143668,0.061733715,-0.232830837,-0.255873948,watch,user3,lie
23.667545600,0.026361853,0.077222124,-0.110217929,0.095553860,-0.324112833,-0.327990830,watch,user3,lie
23.677543424,0.028859720,0.088018104,-0.103381574,0.174187958,-0.408998668,-0.406115174,watch,user3,lie
23.687542528,0.022682890,0.104221746,-0.117034853,0.318325222,-0.472952515,-0.491752595,watch,user3,lie
23.697541632,0.019555226,0.137102336,-0.150103450,0.542829454,-0.576046467,-0.583418310,watch,user3,lie
23.707540736,0.027059719,0.177645177,-0.174797058,0.803212225,-0.694901884,-0.682861328,watch,user3,lie
23.717539584,0.040142134,0.225801632,-0.204430521,1.059348941,-0.773773015,-0.811862767,watch,user3,lie
23.727538432,0.035840422,0.266726643,-0.192495167,1.288246632,-0.789347887,-0.953692973,watch,user3,lie
23.737537536,0.022025079,0.280409187,-0.166428089,1.453951955,-0.785054326,-1.057787895,watch,user3,lie
23.747536640,0.011467502,0.263069093,-0.144046962,1.543603659,-0.828959763,-1.110422254,watch,user3,lie
23.757535488,0.024206936,0.225133121,-0.146053910,1.544772744,-0.946466684,-1.118275166,watch,user3,lie
23.767534592,0.048720717,0.195004195,-0.142067671,1.491908073,-1.083815932,-1.129190087,watch,user3,lie
23.777533696,0.070098817,0.170384049,-0.127975523,1.401925206,-1.162337303,-1.155120850,watch,user3,lie
23.787532800,0.075141460,0.158102319,-0.109200120,1.296207666,-1.197910786,-1.191620827,watch,user3,lie
23.797530624,0.073006630,0.151678056,-0.076977849,1.206276178,-1.242874622,-1.230500817,watch,user3,lie
23.807529472,0.071839631,0.144007489,-0.069381833,1.169180155,-1.298917055,-1.242875218,watch,user3,lie
23.817528576,0.072185099,0.140911549,-0.047705054,1.174692869,-1.325195789,-1.236012578,watch,user3,lie
23.827527680,0.066397458,0.140004843,-0.039592206,1.195088625,-1.328492165,-1.227233648,watch,user3,lie
23.837526784,0.062262952,0.138278842,-0.041054130,1.200614214,-1.354182601,-1.239999533,watch,user3,lie
23.847525376,0.070210457,0.125783816,-0.030211091,1.171181321,-1.388483644,-1.245417714,watch,user3,lie
23.857524480,0.089495599,0.090454973,-0.010654628,1.076110125,-1.411901355,-1.229521275,watch,user3,lie
23.867523584,0.098499954,0.042729832,0.018101931,0.903732061,-1.426707268,-1.190191746,watch,user3,lie
23.877522688,0.084884405,-0.007184006,0.050496101,0.666262209,-1.423253179,-1.150000453,watch,user3,lie
23.887521536,0.064617842,-0.041738674,0.075301766,0.428897738,-1.403662682,-1.122498035,watch,user3,lie
23.897520640,0.047699779,-0.054793537,0.080807567,0.285500079,-1.397900105,-1.111771584,watch,user3,lie
23.907518464,0.055748194,-0.040758044,0.050437689,0.239685252,-1.402609229,-1.108623981,watch,user3,lie
23.917517568,0.082749873,-0.006622583,0.029118359,0.281090230,-1.392433763,-1.120721102,watch,user3,lie
23.927516672,0.099104345,0.020549104,0.028764307,0.389068782,-1.360266328,-1.134082913,watch,user3,lie
23.937515520,0.091310620,0.020182237,0.023136497,0.492913961,-1.312290788,-1.122685075,watch,user3,lie
23.947514624,0.079303443,0.017541334,0.030195534,0.568579197,-1.259090424,-1.100084424,watch,user3,lie
23.957513728,0.075266510,0.006711781,0.038576722,0.589667201,-1.213257432,-1.077187061,watch,user3,lie
23.967512576,0.075120240,-0.015302926,0.054255784,0.558993936,-1.173272729,-1.043070793,watch,user3,lie
23.977511424,0.075685859,-0.045091972,0.068003297,0.464802176,-1.138838887,-0.991369784,watch,user3,lie
23.987510528,0.076842815,-0.075008795,0.081464767,0.323911548,-1.117432475,-0.925303042,watch,user3,lie
23.997509632,0.075700670,-0.101122171,0.094578564,0.178955421,-1.088324189,-0.862111032,watch,user3,lie
24.007508736,0.067642689,-0.118033215,0.104732454,0.046428178,-1.051207781,-0.813632011,watch,user3,lie
24.017507584,0.059289664,-0.116697848,0.103072762,-0.047770228,-1.003561974,-0.776823401,watch,user3,lie
24.027505408,0.055936635,-0.096031785,0.088867784,-0.075613797,-0.967980146,-0.765665352,watch,user3,lie
24.037504512,0.056255698,-0.067902908,0.065654635,-0.030187195,-0.935572922,-0.755102992,watch,user3,lie
24.047503616,0.061160028,-0.044326514,0.050439954,0.049875949,-0.893462479,-0.749965668,watch,user3,lie
24.057502720,0.059107006,-0.040297240,0.055505097,0.125556871,-0.839652002,-0.730984211,watch,user3,lie
24.067501568,0.045572639,-0.052865013,0.065643191,0.151615724,-0.783966780,-0.688492835,watch,user3,lie
24.077500416,0.033099353,-0.071505114,0.084749103,0.102276124,-0.728860915,-0.628953338,watch,user3,lie
24.087499520,0.022395968,-0.091212153,0.105966687,0.007840925,-0.676111341,-0.573518991,watch,user3,lie
24.097498624,0.018855453,-0.108872831,0.116258740,-0.116502605,-0.624504864,-0.518197715,watch,user3,lie
24.107497728,0.020266950,-0.118087113,0.120621979,-0.233331397,-0.581190050,-0.463452041,watch,user3,lie
24.117496832,0.024720490,-0.118462235,0.121966124,-0.310756147,-0.538944006,-0.412563294,watch,user3,lie
24.127495936,0.024972975,-0.114483118,0.114898384,-0.346167803,-0.488657206,-0.360655814,watch,user3,lie
24.137495040,0.021688759,-0.105337948,0.110602856,-0.335708767,-0.431938529,-0.315818578,watch,user3,lie
24.147493120,0.019353926,-0.095629007,0.106438398,-0.293451846,-0.367908925,-0.269643635,watch,user3,lie
24.157491712,0.014306426,-0.090557456,0.101497531,-0.229058743,-0.302077204,-0.225043401,watch,user3,lie
24.167490816,0.008406639,-0.082397908,0.089330733,-0.159398034,-0.246467188,-0.185573429,watch,user3,lie
24.177489920,0.011454761,-0.074093372,0.082580566,-0.091345757,-0.198891670,-0.149299845,watch,user3,lie
24.187489024,0.017161250,-0.074977726,0.081780791,-0.045979340,-0.153482929,-0.114587799,watch,user3,lie
24.197487872,0.016358972,-0.084925801,0.089422584,-0.030593727,-0.109077908,-0.067648515,watch,user3,lie
24.207486976,0.009032011,-0.095573992,0.098454952,-0.040922973,-0.059288420,-0.022975719,watch,user3,lie
24.217486080,0.002787590,-0.100728691,0.104847312,-0.080536969,-0.003889614,0.032636944,watch,user3,lie
24.227484928,0.001290977,-0.102665961,0.101862013,-0.132270455,0.047015116,0.078503631,watch,user3,lie
24.237483776,0.005526245,-0.101318330,0.097182214,-0.176542312,0.085110299,0.114687465,watch,user3,lie
24.247482880,0.012718201,-0.097266391,0.091340184,-0.206470519,0.117045596,0.150921568,watch,user3,lie
24.257481984,0.017889857,-0.088406637,0.085317433,-0.219974354,0.152463779,0.188883334,watch,user3,lie
24.267480064,0.018097520,-0.080964893,0.078074574,-0.226848766,0.183843806,0.215990722,watch,user3,lie
24.277478912,0.014096081,-0.072741568,0.075011849,-0.230552688,0.219492346,0.242299825,watch,user3,lie
24.287477760,0.006577194,-0.068464398,0.074760914,-0.245095372,0.256999701,0.273748517,watch,user3,lie
24.297476864,0.003747404,-0.069185019,0.076777816,-0.277238131,0.291851670,0.310391486,watch,user3,lie
24.307475968,0.005032063,-0.067695826,0.079329312,-0.334817261,0.321855098,0.341686547,watch,user3,lie
24.317475072,0.004767716,-0.068348750,0.079223990,-0.410603911,0.352759749,0.370505661,watch,user3,lie
24.327473920,0.001310408,-0.069363952,0.078401148,-0.490399718,0.379929423,0.398123890,watch,user3,lie
24.337472768,0.002564549,-0.073545083,0.076924622,-0.572745979,0.403436065,0.435725331,watch,user3,lie
24.347471872,0.003438234,-0.080546647,0.083929121,-0.655547023,0.433515131,0.476251274,watch,user3,lie
24.357470976,0.000384033,-0.088645354,0.094292641,-0.757984698,0.477533191,0.525092304,watch,user3,lie
24.367469824,-0.000727355,-0.098144338,0.107174873,-0.873081207,0.522071898,0.577282488,watch,user3,lie
24.377468928,0.000176311,-0.106966078,0.119144738,-0.985213339,0.567256153,0.635104001,watch,user3,lie
24.387467008,0.006240785,-0.113865271,0.129618227,-1.083639979,0.617790699,0.695217967,watch,user3,lie
24.397465856,0.015922666,-0.120602682,0.132549465,-1.161297321,0.658837199,0.763389289,watch,user3,lie
24.407464960,0.022191584,-0.132001027,0.133884132,-1.209264398,0.695604265,0.844504058,watch,user3,lie
24.417463808,0.026056290,-0.142079592,0.137839198,-1.229189634,0.741911292,0.924763739,watch,user3,lie
24.427462912,0.028732896,-0.145744681,0.140504956,-1.232620120,0.794995129,0.998736620,watch,user3,lie
24.437462016,0.025972426,-0.145410374,0.141644359,-1.222586155,0.853914380,1.070759773,watch,user3,lie
24.447461120,0.028556824,-0.146634728,0.142890513,-1.197625756,0.918270588,1.144487739,watch,user3,lie
24.457459712,0.033907562,-0.145937860,0.151158094,-1.163483977,0.992901385,1.222116947,watch,user3,lie
24.467458816,0.039055198,-0.141591728,0.165092468,-1.129630923,1.073916435,1.296035528,watch,user3,lie
24.477457920,0.048010439,-0.135474116,0.166887522,-1.070634961,1.150124192,1.372469068,watch,user3,lie
24.487457024,0.056523442,-0.138302922,0.155295253,-0.997256577,1.216912150,1.456995487,watch,user3,lie
24.497455872,0.067928404,-0.144692421,0.151568890,-0.920531213,1.292492390,1.554167867,watch,user3,lie
24.507453696,0.075508356,-0.148715317,0.157284081,-0.861537039,1.384202838,1.667520761,watch,user3,lie
24.517452800,0.078590631,-0.150946826,0.175832391,-0.818518996,1.473754883,1.786779046,watch,user3,lie
24.527451904,0.079406857,-0.153876245,0.190491080,-0.779102087,1.554339290,1.906821966,watch,user3,lie
24.537451008,0.087058127,-0.166102678,0.218273401,-0.749567091,1.643743634,2.026740789,watch,user3,lie
24.547449856,0.097513348,-0.181508541,0.218784750,-0.731895208,1.714749694,2.134079695,watch,user3,lie
24.557448960,0.115337551,-0.184027016,0.194422841,-0.710610151,1.766836047,2.231405973,watch,user3,lie
24.567448064,0.138674825,-0.184391528,0.151120901,-0.707443237,1.793195486,2.302788734,watch,user3,lie
24.577446912,0.152974814,-0.181093454,0.106633544,-0.702481210,1.809503675,2.368429899,watch,user3,lie
24.587445760,0.157253563,-0.170815289,0.093176425,-0.685889542,1.832378626,2.451808691,watch,user3,lie
24.597444864,0.153248847,-0.144117475,0.082037210,-0.617064416,1.858056545,2.530417204,watch,user3,lie
24.607443968,0.149591953,-0.105615288,0.034995973,-0.536504328,1.869949102,2.592658281,watch,user3,lie
24.617442048,0.151608959,-0.071502224,-0.032866001,-0.501889110,1.862214208,2.626502514,watch,user3,lie
24.627440896,0.157582730,-0.033099174,-0.079298198,-0.563739300,1.820054054,2.627472401,watch,user3,lie
24.637439744,0.163395852,-0.001564324,-0.115654767,-0.824524820,1.695909977,2.637833595,watch,user3,lie
24.647438848,0.169625670,0.021678522,-0.157989860,-1.265980721,1.480417132,2.619944572,watch,user3,lie
24.657437952,0.175104290,0.036741421,-0.222960591,-1.970967054,1.023522496,2.477822065,watch,user3,lie
24.667437056,0.158859640,0.060131043,-0.299958110,-2.567639828,0.709120631,2.361931324,watch,user3,lie
24.677435904,0.135002851,0.100037575,-0.409830272,-2.976154804,0.496936440,2.215190172,watch,user3,lie
24.687434752,0.105377920,0.176715523,-0.508705616,-3.399200916,0.203279287,1.963668108,watch,user3,lie
24.697433856,0.098151438,0.319401681,-0.510532975,-3.753442764,-0.106737427,1.586084366,watch,user3,lie
24.707432960,0.098159440,0.470866114,-0.570378065,-4.167087555,-0.666876495,1.090772986,watch,user3,lie
24.717431808,0.054188870,0.768691421,-0.686829388,-4.651679039,-0.498715699,0.328304887,watch,user3,lie
24.727430912,-0.038039088,1.157694340,-0.346517622,-3.665999413,-0.290818512,-0.428956568,watch,user3,lie
24.737428992,-0.012060173,1.083555937,-0.018888950,-1.610451341,-0.395702064,-0.540335298,watch,user3,lie
24.747427840,0.140336990,0.618534327,-0.209115922,-0.128811240,-0.443739533,-0.480387807,watch,user3,lie
24.757426944,0.124530926,0.210461974,-0.073403299,0.440189630,-0.341635257,-0.333392769,watch,user3,lie
24.767425792,0.044947788,0.019133568,0.022606730,0.370884478,-0.262704730,-0.274128586,watch,user3,lie
24.777424896,-0.027137861,-0.046483248,0.113700867,0.037743252,-0.312021434,-0.383571744,watch,user3,lie
24.787424000,-0.060666129,-0.103632003,0.243746877,-0.271582633,-0.346992463,-0.456960052,watch,user3,lie
24.797423104,-0.049897507,-0.144706458,0.286286414,-0.412036955,-0.265588939,-0.319822431,watch,user3,lie
24.807421696,-0.019756153,-0.155572593,0.247121572,-0.438678563,-0.111680612,-0.034168120,watch,user3,lie
24.817420800,0.000659287,-0.146727622,0.204529405,-0.458549738,0.000529015,0.192193389,watch,user3,lie
24.827419904,-0.005218431,-0.134099424,0.190509856,-0.464971453,0.022245051,0.259715766,watch,user3,lie
24.837419008,-0.028613448,-0.126923382,0.173273444,-0.386697143,0.006219213,0.246239096,watch,user3,lie
24.847417088,-0.048854068,-0.112913728,0.149814844,-0.181221217,0.040912211,0.254936188,watch,user3,lie
24.857415680,-0.059280619,-0.069474638,0.106012642,0.124411397,0.156105906,0.319227040,watch,user3,lie
24.867414784,-0.049654394,0.010789812,0.043392658,0.462554485,0.240507692,0.362004519,watch,user3,lie
24.877413888,-0.028442726,0.099679589,-0.010167420,0.698741734,0.226858199,0.324401498,watch,user3,lie
24.887412992,-0.007409453,0.158835292,-0.038370609,0.827106178,0.182968065,0.233473584,watch,user3,lie
24.897411840,0.006043032,0.173154980,-0.050430954,0.945004582,0.152326003,0.134021550,watch,user3,lie
24.907410944,0.012275532,0.151631385,-0.072521389,0.992732823,0.143393308,0.031924348,watch,user3,lie
24.917410048,0.011252746,0.133486301,-0.077912033,0.999284208,0.122091755,-0.052988678,watch,user3,lie
24.927408896,0.012128249,0.114896804,-0.072694421,0.961389959,0.111882076,-0.113468997,watch,user3,lie
24.937407744,0.018495888,0.091431439,-0.054968655,0.896276474,0.078281239,-0.160097227,watch,user3,lie
24.947406848,0.023180082,0.061774939,-0.026577592,0.840100884,0.042489160,-0.196943790,watch,user3,lie
24.957405952,0.028654858,0.039653659,-0.002627313,0.781729996,0.003305005,-0.229019701,watch,user3,lie
24.967404032,0.029337004,0.020956844,0.001784682,0.698451102,-0.013252223,-0.242966071,watch,user3,lie
24.977402880,0.022144824,-0.000870645,-0.005549967,0.547601938,-0.003617971,-0.222562000,watch,user3,lie
24.987401728,0.015929252,-0.024437934,-0.008326650,0.361399204,0.004063828,-0.177009955,watch,user3,lie
24.997400832,0.010230780,-0.048311889,-0.007742763,0.183114961,-0.011424851,-0.145886123,watch,user3,lie
25.007399936,0.005367860,-0.071199179,-0.004547477,0.043642286,-0.042907141,-0.140367389,watch,user3,lie
25.017399040,-0.002402812,-0.083515912,0.003152609,-0.050148387,-0.055994179,-0.138505578,watch,user3,lie
25.027397888,-0.006083757,-0.078337103,0.005715072,-0.086791486,-0.051647905,-0.124049075,watch,user3,lie
25.037396992,-0.003724113,-0.064291954,0.004917979,-0.075385429,-0.035884388,-0.103613041,watch,user3,lie
25.047395840,0.001142189,-0.049895763,0.007402778,-0.040638108,-0.021380812,-0.079936475,watch,user3,lie
25.057394944,0.006991148,-0.042374343,0.015605032,-0.001284840,-0.012198232,-0.061893556,watch,user3,lie
25.067393792,0.009540185,-0.039710104,0.025491357,0.026781548,-0.018490484,-0.038645558,watch,user3,lie
25.077392896,0.010248482,-0.043119282,0.025427759,0.024333037,-0.009752652,-0.018172774,watch,user3,lie
25.087390976,0.005830064,-0.045335680,0.022029221,0.010796590,0.002614003,0.012671491,watch,user3,lie
25.097389824,0.006704852,-0.039038420,0.020376444,-0.001063532,0.001934631,0.038791511,watch,user3,lie
25.107388928,0.006099820,-0.026442975,0.010256648,-0.025284760,-0.003148722,0.041299075,watch,user3,lie
25.117387776,0.001867935,-0.012269408,0.001671135,-0.062832937,-0.001116997,0.024801057,watch,user3,lie
25.127386624,-0.000779212,-0.004183471,-0.009229004,-0.090775445,0.004985016,0.004952385,watch,user3,lie
25.137385728,-0.003110111,-0.003011763,-0.017174721,-0.122449748,0.005770648,0.000182397,watch,user3,lie
25.147384832,-0.002040297,-0.000111610,-0.019240856,-0.134534329,0.002954532,0.010561203,watch,user3,lie
25.157383680,0.000879839,0.002574205,-0.007175207,-0.121307746,-0.001782166,0.007763285,watch,user3,lie
25.167382784,0.005004808,0.010711342,-0.000394046,-0.082165621,-0.008701146,-0.005951928,watch,user3,lie
25.177381888,0.008101344,0.015627354,-0.000599265,-0.038257018,-0.012047408,-0.015896171,watch,user3,lie
25.187380736,0.008084372,0.021421254,-0.000877202,-0.000180072,-0.007373294,-0.025298927,watch,user3,lie
25.197378816,0.006145880,0.020330936,-0.001190543,0.014693948,-0.006048372,-0.030044947,watch,user3,lie
25.207377920,0.005707875,0.013689339,-0.001827061,0.010394585,-0.007566463,-0.032887008,watch,user3,lie
25.217376768,0.005586922,0.006076366,-0.002598763,0.000120110,-0.014665386,-0.040123880,watch,user3,lie
25.227375872,0.002283841,-0.000433892,-0.007338941,0.004292307,-0.009076385,-0.038478181,watch,user3,lie
25.237374976,0.001786724,-0.002229840,-0.008987546,0.008671343,-0.008600479,-0.048584342,watch,user3,lie
25.247373824,0.001120105,-0.000532299,-0.012586832,-0.000311899,-0.006633468,-0.079513028,watch,user3,lie
25.257372672,0.001790419,0.007395506,-0.023479104,-0.009863858,-0.017588913,-0.107240796,watch,user3,lie
25.267371776,0.002587453,0.010631561,-0.029525459,-0.004518584,-0.015196152,-0.114450440,watch,user3,lie
25.277370880,0.003636122,0.005690426,-0.013226628,0.018332403,-0.000230253,-0.089672923,watch,user3,lie
25.287369728,0.004389748,-0.001272351,0.010879993,0.040044446,0.002054296,-0.058997970,watch,user3,lie
25.297368832,0.004006654,0.000747800,0.031408310,0.077475712,-0.006852647,-0.052358974,watch,user3,lie
25.307366656,0.003476277,0.005059540,0.040109396,0.131369889,-0.008906033,-0.059375536,watch,user3,lie
25.317365760,0.002344936,0.004617065,0.037810981,0.165720135,0.002252346,-0.053025495,watch,user3,lie
25.327364864,0.003667772,0.004715770,0.030220389,0.186048448,0.017093876,-0.034748558,watch,user3,lie
25.337363968,0.003462210,0.005084902,0.017536640,0.173960879,0.023545917,-0.021301456,watch,user3,lie
25.347362816,0.000473693,0.001079500,0.012323737,0.125561520,0.020511245,-0.010992825,watch,user3,lie
25.357361664,-0.001357496,-0.003666341,0.007128775,0.086116910,0.026555555,-0.007663075,watch,user3,lie
25.367360768,-0.003394216,-0.007193238,-0.001426518,0.066593766,0.028762871,-0.015534514,watch,user3,lie
25.377359872,-0.000929624,-0.005267471,-0.005003095,0.069677174,0.025772408,-0.023055281,watch,user3,lie
25.387358720,0.003296539,-0.004082084,-0.005362689,0.080711760,0.019403901,-0.024233263,watch,user3,lie
25.397357824,0.010216281,-0.003336132,-0.008663714,0.094261125,0.011960100,-0.022101404,watch,user3,lie
25.407356928,0.009807691,-0.004494071,-0.005141437,0.094305821,0.008759869,-0.017549194,watch,user3,lie
25.417355776,0.011849105,-0.010309339,-0.003448665,0.072193861,0.005995242,-0.009086468,watch,user3,lie
25.427353856,0.010083839,-0.017050862,-0.002623141,0.031725708,0.001831566,-0.005847931,watch,user3,lie
25.437352704,0.008187771,-0.026489705,-0.000678062,-0.021219533,-0.001935475,0.000520486,watch,user3,lie
25.447351808,0.007173866,-0.031178892,0.001458585,-0.068369694,-0.012231878,0.000215088,watch,user3,lie
25.457350912,0.007568255,-0.030796170,0.003023326,-0.087370284,-0.022131644,0.002430039,watch,user3,lie
25.467349760,0.006716475,-0.017352551,-0.001463830,-0.084457621,-0.018148001,0.011334118,watch,user3,lie
25.477348608,0.005271941,-0.009494036,-0.002344310,-0.071402811,-0.010517778,0.017707862,watch,user3,lie
25.487347712,0.002920672,-0.005669445,-0.001026154,-0.057338476,-0.008343129,0.016784675,watch,user3,lie
25.497346816,0.002774775,-0.002874523,0.002237141,-0.051555689,-0.011827343,0.017525833,watch,user3,lie
25.507345920,0.002684966,-0.001191109,0.005758941,-0.051463500,-0.014651714,0.016377812,watch,user3,lie
25.517344768,0.003515825,-0.000680983,0.003885090,-0.045473516,-0.012323845,0.018196484,watch,user3,lie
25.527343872,0.002949372,-0.000637084,0.002367258,-0.037346482,-0.010128601,0.018557010,watch,user3,lie
25.537341696,0.003879189,0.000102282,0.001702785,-0.025691157,-0.008228702,0.014053339,watch,user3,lie
25.547340800,0.002409518,0.004911959,-0.000232756,-0.014068457,-0.007538944,0.008793396,watch,user3,lie
25.557339904,0.000902101,0.006498903,0.002392888,0.000944847,-0.002740726,0.008667429,watch,user3,lie
25.567338752,-0.001152486,0.004754931,0.001534760,0.005931793,0.003643848,0.006638899,watch,user3,lie
25.577337856,-0.000042871,0.002030075,0.000677705,0.004262790,0.006234305,0.003500097,watch,user3,lie
25.587336960,0.001621813,-0.000535071,0.000014246,0.003047901,0.002970512,-0.000328930,watch,user3,lie
25.597335808,0.006715775,-0.001080245,-0.000607371,0.006173919,-0.001515584,0.001139271,watch,user3,lie
25.607334656,0.010203466,-0.000102818,-0.002283752,0.010144648,-0.003742695,-0.000702771,watch,user3,lie
25.617333760,0.012140632,-0.000737607,-0.001608670,0.008291621,-0.004521670,-0.001968039,watch,user3,lie
25.627332864,0.010691360,-0.002692848,-0.001162589,0.000173773,-0.006087076,-0.003461406,watch,user3,lie
25.637331968,0.010004327,-0.007013381,0.001788318,-0.006969358,-0.013176145,-0.002060051,watch,user3,lie
25.647329792,0.008814380,-0.007784277,0.002291143,-0.012851216,-0.008883396,0.003405022,watch,user3,lie
25.657328640,0.006673977,-0.006912857,0.002217889,-0.014966032,-0.009145452,0.005566444,watch,user3,lie
25.667327744,0.004611567,-0.005260706,0.002231419,-0.014598116,-0.004133381,0.005881163,watch,user3,lie
25.677326848,0.003677428,-0.003985047,0.001382589,-0.010243582,-0.002346933,0.004322947,watch,user3,lie
25.687325952,-0.000260770,-0.002949327,0.002208352,-0.006840816,-0.002071385,0.006261129,watch,user3,lie
25.697324800,0.001355261,-0.002696335,0.003005505,-0.006870909,-0.000454846,0.005580692,watch,user3,lie
25.707323648,-0.000093371,-0.002852201,0.004691243,-0.003776050,0.002455989,0.006613732,watch,user3,lie
25.717322752,0.002609193,-0.000222594,0.002745926,-0.002331019,-0.000701988,0.000710569,watch,user3,lie
25.727321856,0.003865048,-0.000057220,-0.001536489,0.003648887,-0.002683467,0.000423414,watch,user3,lie
25.737320704,0.004896790,0.000993878,-0.001601458,0.008210883,0.001345363,-0.000951577,watch,user3,lie
25.747319808,0.003811866,0.001192033,-0.003747165,0.006995726,-0.000735454,0.001965450,watch,user3,lie
25.757318912,0.005960107,-0.001607358,-0.001169741,0.001591906,-0.004845777,-0.000469744,watch,user3,lie
25.767316736,0.000961944,-0.003725588,-0.000388205,-0.004592398,-0.002298641,0.000795124,watch,user3,lie
25.777315840,0.001585454,-0.006006569,0.000162721,-0.012982687,-0.002830474,-0.001329279,watch,user3,lie
25.787314688,0.002894193,-0.008327544,0.000850677,-0.020837637,-0.001196447,0.001447798,watch,user3,lie
25.797313792,0.002417609,-0.006109565,0.001123607,-0.017119331,-0.001720025,-0.002028159,watch,user3,lie
25.807312896,0.004184797,-0.004703462,0.002217233,-0.010370170,-0.002131039,-0.001494462,watch,user3,lie
25.817312000,0.005035684,-0.002934754,0.001908779,-0.004473399,-0.001386953,0.000727413,watch,user3,lie
25.827310592,0.006546795,-0.001516759,0.001718640,-0.005523395,-0.001480074,0.002787368,watch,user3,lie
25.837309696,0.007315010,-0.001810998,0.001703739,-0.008087220,-0.003538431,0.005676898,watch,user3,lie
25.847308800,0.006165802,-0.003215730,0.002361715,-0.008785900,-0.002585819,0.001877699,watch,user3,lie
25.857307904,0.003445029,-0.002764672,0.002311826,-0.004375705,-0.001617494,0.004047909,watch,user3,lie
25.867305984,0.003756359,-0.002204239,0.001082599,-0.000044740,-0.000754629,0.000111291,watch,user3,lie
25.877304576,0.004682153,-0.000426173,-0.000607252,0.003657853,0.000293857,0.005305254,watch,user3,lie
25.887303680,0.005494505,-0.000386029,-0.000317276,0.007096483,0.000236955,0.004670556,watch,user3,lie
25.897302784,0.008052304,-0.001684099,-0.000758469,0.008026459,-0.003344730,0.005704395,watch,user3,lie
25.907301888,0.006316870,-0.001114130,-0.000396729,0.005149002,-0.003143574,0.006363927,watch,user3,lie
25.917300736,0.005675524,-0.001656473,0.000589669,0.007202299,-0.005813925,0.003816081,watch,user3,lie
25.927299840,0.005870983,-0.002235442,0.001535058,0.006743392,-0.001753581,0.003123859,watch,user3,lie
25.937298944,0.004125342,-0.001378983,0.000248075,0.007597201,0.001359122,0.004633871,watch,user3,lie
25.947297792,0.002182469,-0.003166199,0.001084149,0.011248484,0.001440437,0.004183930,watch,user3,lie
25.957296640,0.003134325,-0.003331721,0.001717448,0.009764304,0.001888114,0.005005515,watch,user3,lie
25.967295744,0.000492975,-0.001709938,0.002037942,0.008143505,-0.000981708,0.000390657,watch,user3,lie
25.977294848,0.000581652,-0.004069775,-0.001625180,0.003472320,0.001182377,-0.000190978,watch,user3,lie
25.987292928,0.002100036,-0.004093170,-0.001056075,-0.003088866,-0.000558620,0.000762367,watch,user3,lie
25.997291776,0.001608223,-0.004506946,-0.000922978,-0.008397877,0.000156438,0.003338177,watch,user3,lie
26.007290624,0.003783643,-0.006806791,-0.000858784,-0.015127197,0.001136304,0.004515893,watch,user3,lie
26.017289728,0.006201938,-0.006842345,-0.000101030,-0.018378118,-0.001951365,0.003560085,watch,user3,lie
26.027288832,0.006932139,-0.004189551,0.000555873,-0.019877743,-0.002193446,0.003634520,watch,user3,lie
26.037287936,0.004151434,-0.002733350,0.001682997,-0.016697396,-0.003786282,0.005254787,watch,user3,lie
26.047286784,0.002155721,-0.002962738,0.001281381,-0.013348338,-0.002759901,0.001927766,watch,user3,lie
26.057285888,0.003847778,-0.001326531,0.001422167,-0.007550371,0.000266516,0.001708588,watch,user3,lie
26.067284736,0.003793076,0.000933081,0.002324462,-0.000415318,0.000413700,0.001801000,watch,user3,lie
26.077283840,0.004077077,-0.000401080,0.001178801,0.004722985,0.001774309,0.001409782,watch,user3,lie
26.087282688,0.003307164,-0.000241697,-0.000583529,0.003306716,0.002804419,0.002429240,watch,user3,lie
26.097280768,0.004634142,-0.002008796,0.001234591,0.004390622,-0.000465676,0.000251040,watch,user3,lie
26.107280128,0.005547598,-0.004305601,0.001161277,0.000000135,-0.001448649,-0.000278396,watch,user3,lie
26.117279232,0.004773974,-0.005079150,0.002315223,-0.004476106,-0.003891300,0.001842545,watch,user3,lie
26.127278336,0.005319193,-0.006294549,0.001271904,-0.004714460,-0.002020163,0.002967997,watch,user3,lie
26.137277184,0.002391085,-0.005441934,0.000865102,-0.005787447,-0.003968798,0.002956812,watch,user3,lie
26.147276032,0.004125804,-0.003012747,0.000645578,-0.006668687,-0.003116853,0.005340874,watch,user3,lie
26.157275136,0.004385531,-0.001580238,-0.000025213,-0.005681453,-0.003160795,0.004635136,watch,user3,lie
26.167274240,0.003852472,-0.001351982,0.000342071,-0.004993381,-0.004757183,0.004381204,watch,user3,lie
26.177273088,0.003456771,-0.001659185,-0.000741661,-0.005340391,-0.003554499,0.003237909,watch,user3,lie
26.187272192,0.003086075,-0.000927925,0.000044703,-0.005577634,-0.001468800,0.002378973,watch,user3,lie
26.197271296,0.002959073,-0.000591576,0.002223074,-0.003329393,0.000993825,0.001566709,watch,user3,lie
26.207269120,0.001048431,-0.001406014,0.002093256,-0.003944317,0.001328318,0.002652746,watch,user3,lie
26.217268224,0.002484441,-0.001516819,0.000957072,-0.005364581,-0.001374790,0.002205601,watch,user3,lie
26.227267072,0.003647476,-0.001957566,-0.001210928,-0.008948087,0.000725556,0.003021128,watch,user3,lie
26.237266176,0.004123062,-0.002387673,-0.000697196,-0.008507066,-0.002935226,-0.000817020,watch,user3,lie
26.247265280,0.004032016,-0.003770947,-0.000931799,-0.010053387,-0.003336919,0.003245099,watch,user3,lie
26.257264384,0.004710749,-0.001329690,0.001395762,-0.011602282,-0.001029556,0.002555607,watch,user3,lie
26.267262976,0.003863990,-0.002972275,0.002383232,-0.009104502,0.002235213,0.006045813,watch,user3,lie
26.277262080,0.003253803,-0.002132922,0.001331985,-0.005658639,-0.001544079,0.004762702,watch,user3,lie
26.287261184,0.004742354,-0.002352953,0.003395498,-0.001441390,-0.003604833,0.001548199,watch,user3,lie
26.297260288,0.004385814,-0.000216216,0.004171669,0.003419412,-0.004097518,0.001747404,watch,user3,lie
26.307259136,0.005537674,0.000798792,-0.000237703,0.006872999,-0.000090792,0.003748104,watch,user3,lie
26.317256960,0.007763639,0.000148654,-0.000209451,0.008603522,-0.001052992,0.002842629,watch,user3,lie
26.327256064,0.005777940,-0.001792759,0.001471937,0.005388686,-0.006257607,0.001917247,watch,user3,lie
26.337255168,0.000878677,-0.003983200,0.001800597,0.000440267,-0.005309789,0.000288191,watch,user3,lie
26.347254272,-0.000499308,-0.006215811,0.001893759,-0.010308607,0.002657768,0.001506055,watch,user3,lie
26.357253120,-0.002695695,-0.006525278,0.002122045,-0.012068955,0.007621102,0.005751667,watch,user3,lie
26.367252224,-0.000501767,-0.006186873,0.002863526,-0.008042345,0.007046036,0.004542592,watch,user3,lie
26.377251328,0.002399012,-0.005503863,0.000607252,-0.003920038,-0.000647570,0.005487747,watch,user3,lie
26.387250176,0.006845877,-0.003286451,0.000660717,-0.007128260,-0.001507415,0.003236178,watch,user3,lie
26.397249024,0.008585066,-0.002459168,-0.002220094,-0.005800407,-0.004986037,0.004684937,watch,user3,lie
26.407248128,0.009167492,-0.000988692,-0.001778722,-0.007447795,-0.005823957,0.001247662,watch,user3,lie
26.417247232,0.006537452,-0.001322389,-0.000591815,-0.014319549,-0.005727816,0.002273778,watch,user3,lie
26.427245312,0.004687846,-0.003638715,0.000697970,-0.015539499,-0.006048284,0.001348263,watch,user3,lie
26.437244160,0.006271556,-0.002485782,0.000642657,-0.014307787,-0.006860281,0.003178121,watch,user3,lie
26.447243008,0.008271769,-0.000885367,0.002045810,-0.009358435,-0.009470179,0.003888586,watch,user3,lie
26.457242112,0.006858617,0.002309412,0.000820279,0.003058287,-0.006482911,0.004988205,watch,user3,lie
26.467241216,0.004981175,0.003273278,0.000138342,0.013898862,-0.000373442,0.003006414,watch,user3,lie
26.477240320,0.002413511,0.003202349,-0.000531018,0.022041211,0.001550159,0.000840465,watch,user3,lie
26.487239168,-0.000780344,0.000503361,0.001195312,0.018895883,0.002435128,0.001065968,watch,user3,lie
26.497238272,0.002062187,-0.000369251,0.000736654,0.015425785,0.002072672,-0.000378531,watch,user3,lie
26.507237120,0.002494946,-0.002454281,0.000165939,0.011844722,0.001355837,0.000544388,watch,user3,lie
26.517236224,0.003143236,-0.004154652,-0.000339329,0.008872634,-0.000156306,-0.000943520,watch,user3,lie
26.527235072,0.004435048,-0.003799856,-0.001022398,0.006999943,0.000900082,0.002950487,watch,user3,lie
26.537233152,0.005065575,-0.003735751,0.000269771,-0.000897661,-0.001187836,0.000135260,watch,user3,lie
26.547232256,0.005723879,-0.004687935,0.001243770,-0.004519826,-0.000574244,0.001067499,watch,user3,lie
26.557231104,0.004633784,-0.004443079,0.002617538,-0.008500719,-0.001516471,0.001596136,watch,user3,lie
26.567230208,0.003358901,-0.004211962,0.002062440,-0.005781366,-0.000157992,-0.001338401,watch,user3,lie
26.577229056,0.002450958,-0.003730178,0.002753556,-0.005502267,0.000699279,-0.003500089,watch,user3,lie
26.587228160,0.003216401,-0.001982480,0.001280904,-0.004853831,0.001518556,-0.001427417,watch,user3,lie
26.597227264,0.003371552,-0.000466585,0.001225889,-0.005483935,-0.000706515,0.000907376,watch,user3,lie
26.607226368,0.006862417,-0.000319958,0.000817239,-0.002733511,0.004206397,0.002126838,watch,user3,lie
26.617224960,0.005449221,-0.000535131,-0.000677288,-0.003335386,0.008608602,0.001839217,watch,user3,lie
26.627224064,0.002648830,0.000516087,-0.001508653,-0.001097753,0.011527870,0.001057113,watch,user3,lie
26.637223168,0.004499614,0.000950873,-0.000797272,0.002275407,0.008733415,-0.004698777,watch,user3,lie
26.647221248,0.002592340,0.001151413,0.001152337,0.006750183,0.010893239,-0.005244792,watch,user3,lie
26.657220352,0.001646280,0.000141352,0.003522754,0.016172981,0.008636476,-0.004737460,watch,user3,lie
26.667218944,0.002450153,-0.002773881,0.003457665,0.017224617,0.011221696,-0.002849212,watch,user3,lie
26.677218048,0.002313435,-0.003568828,0.003455579,0.013756382,0.010429671,-0.000909365,watch,user3,lie
26.687217152,0.005127087,-0.002478600,0.001661599,0.015031016,0.009064180,-0.003364068,watch,user3,lie
26.697216256,0.006425738,-0.003986269,0.002076566,0.009603760,0.007758698,-0.001910514,watch,user3,lie
26.707215104,0.007703125,-0.003616899,0.001043677,0.010421217,0.002702687,-0.002481563,watch,user3,lie
26.717214208,0.008001834,-0.003430754,0.000573993,0.006695189,0.001016373,-0.002707931,watch,user3,lie
26.727213312,0.004256755,-0.001019180,-0.000822008,0.005490996,0.001507016,-0.002542815,watch,user3,lie
26.737212160,0.004444137,-0.001256973,-0.000879049,0.007991703,0.002273740,-0.002621112,watch,user3,lie
26.747210240,0.003103137,-0.001837492,-0.000886798,0.006983298,0.004572581,-0.004036116,watch,user3,lie
26.757209088,0.000441998,-0.003598839,0.000300467,-0.001782230,0.003249789,-0.003242228,watch,user3,lie
26.767208192,0.001508236,-0.003120422,0.002208233,-0.001460920,0.003596266,-0.001286203,watch,user3,lie
26.777207296,0.002922684,-0.004127651,0.000901520,-0.001230290,0.004598946,-0.001724825,watch,user3,lie
26.787206144,0.001623973,-0.004867136,0.000371635,-0.001654221,0.003784729,-0.000311020,watch,user3,lie
26.797204992,0.002871990,-0.003419936,0.000187993,-0.005150419,0.002337301,-0.000965092,watch,user3,lie
26.807204096,0.003799245,-0.002733499,-0.001273215,-0.003608271,0.001708706,-0.000318743,watch,user3,lie
26.817203200,0.005189970,-0.002978563,0.001819551,-0.007581441,-0.000681481,0.002538829,watch,user3,lie
26.827202304,0.005667150,-0.002828568,0.003156364,-0.007889657,-0.002730872,0.002891565,watch,user3,lie
26.837201152,0.003676295,-0.001234561,0.002487838,-0.000442660,-0.003950600,0.003773071,watch,user3,lie
26.847200256,0.004468530,0.000057638,-0.000269651,0.006484621,0.000798616,0.000791729,watch,user3,lie
26.857199104,0.003303289,0.000106692,0.000747204,0.013293525,0.000850281,0.001167234,watch,user3,lie
26.867197184,0.003592238,-0.000126004,0.002284348,0.013725179,0.000447699,-0.001691469,watch,user3,lie
26.877196288,0.002499446,-0.001394510,0.001738071,0.011655637,0.002752931,-0.000750574,watch,user3,lie
26.887195136,0.003598675,-0.003360033,0.002431571,0.010837469,0.001112780,0.000472016,watch,user3,lie
26.897194240,0.004801035,-0.003634274,0.003446639,0.003833622,-0.000511749,-0.000864092,watch,user3,lie
26.907193088,0.005044386,-0.005819440,0.001623809,-0.000580434,-0.003667594,-0.001990942,watch,user3,lie
26.917192192,0.005731791,-0.005480081,0.003356099,-0.004643353,-0.005744327,0.000473548,watch,user3,lie
26.927191040,0.004699856,-0.006106734,0.001123726,-0.008057525,-0.007083099,0.003120730,watch,user3,lie
26.937190144,0.002909094,-0.003571302,0.001070380,-0.009845039,-0.002401261,0.005018232,watch,user3,lie
26.947189248,0.004202008,-0.002184689,0.002133369,-0.010974219,-0.002679562,0.001673967,watch,user3,lie
26.957188352,0.001692802,-0.000150740,0.000054121,-0.011887417,-0.001875553,0.000245181,watch,user3,lie
26.967186176,0.002339512,0.001219481,0.000869274,-0.002013748,-0.000628928,0.000399245,watch,user3,lie
26.977185024,0.003486067,0.002419204,0.001768947,0.000684034,0.001296271,-0.000861495,watch,user3,lie
26.987184128,0.002158210,0.002753526,0.000525951,0.006405436,0.001468578,-0.000099764,watch,user3,lie
26.997183232,0.002050877,0.002098620,0.002365768,0.008686434,0.002714671,-0.001047317,watch,user3,lie
27.007182336,0.002325192,0.001663655,0.000649929,0.012075485,0.001016284,-0.004487189,watch,user3,lie
27.017181184,0.004866466,-0.001971781,0.000727892,0.007789659,0.001548117,-0.003335372,watch,user3,lie
27.027180032,0.004860759,-0.003232270,0.002781928,0.006406990,0.000262255,-0.002625307,watch,user3,lie
27.037179136,0.005269080,-0.003269792,0.005079210,0.005338796,-0.001012334,0.000070345,watch,user3,lie
27.047178240,0.003789917,-0.002802610,0.001448691,0.006778324,-0.002612805,-0.001457644,watch,user3,lie
27.057177088,0.002159938,-0.004175901,0.000251710,0.004563106,0.002121230,0.000377807,watch,user3,lie
27.067176192,0.000688583,-0.003937900,0.000770211,0.001475304,0.002303923,-0.000919485,watch,user3,lie
27.077174016,-0.000090316,-0.003931403,-0.000238538,-0.001970027,0.001692994,-0.000230792,watch,user3,lie
27.087173120,0.001714393,-0.003495038,-0.001670778,-0.007127904,0.001161693,0.000689663,watch,user3,lie
27.097172224,0.005330116,-0.002388477,-0.000879049,-0.009088790,-0.002924395,0.003031647,watch,user3,lie
27.107170816,0.004847363,-0.003233910,-0.000570416,-0.009945262,-0.004523091,0.000304304,watch,user3,lie
27.117169664,0.004766032,-0.000421464,-0.000165761,-0.006912988,-0.002688439,-0.000732199,watch,user3,lie
27.127168768,0.004584029,-0.002856761,0.000746012,-0.000353666,-0.000136510,-0.001618166,watch,user3,lie
27.137167616,0.002796143,-0.002205461,0.002490878,-0.002009087,-0.002241205,0.000990933,watch,user3,lie
27.147166720,0.004511595,-0.000929058,0.001982987,0.002591746,-0.001065864,0.000948389,watch,user3,lie
27.157165568,0.005723998,0.001106262,0.003157139,0.010888823,0.000158125,0.002414459,watch,user3,lie
27.167164672,0.004446566,0.001651734,0.002643883,0.016412620,0.002144311,0.003039836,watch,user3,lie
27.177163776,0.003676429,0.003466189,-0.001139104,0.015852291,0.002380800,-0.000304295,watch,user3,lie
27.187161600,0.006810352,0.000749290,0.001213312,0.011881739,-0.004656782,-0.003706950,watch,user3,lie
27.197160704,0.006205261,-0.003286272,0.000698268,0.005362853,-0.003148900,-0.004079259,watch,user3,lie
27.207159552,0.000732630,-0.006334811,0.000276446,-0.002054405,0.000928844,-0.002156457,watch,user3,lie
27.217158656,-0.002992883,-0.006080538,0.000140369,-0.009056121,0.012588430,0.003910224,watch,user3,lie
27.227157760,-0.002378374,-0.005702078,0.004877448,-0.010217393,0.012133827,0.004495387,watch,user3,lie
27.237156864,0.001410425,-0.005133510,0.004653037,-0.000728817,0.006061288,0.001139804,watch,user3,lie
27.247155456,0.004918784,-0.002927601,-0.001654983,0.001676062,0.006354413,-0.000825143,watch,user3,lie
27.257154560,0.008006677,-0.001933604,-0.001640379,0.002448911,0.003577801,0.000545586,watch,user3,lie
27.267153664,0.011363357,-0.001057506,0.001359046,-0.004884946,-0.003589741,-0.000590452,watch,user3,lie
27.277152768,0.010987148,-0.002176940,0.001462400,-0.013096537,-0.009072658,-0.005024082,watch,user3,lie
27.287150848,0.008512795,-0.002630025,0.002054572,-0.018006384,-0.011702441,-0.002282558,watch,user3,lie
27.297149696,0.005303517,-0.002715528,0.003233075,-0.014987691,-0.013027897,-0.002830637,watch,user3,lie
27.307148544,0.003819421,-0.001207203,0.001570225,-0.006580358,-0.007618217,-0.000980272,watch,user3,lie
27.317147648,-0.000003919,0.003964454,0.001278698,0.006585511,-0.003531063,-0.002018372,watch,user3,lie
27.327146752,-0.001949713,0.003745198,0.003372550,0.011859857,0.004080340,-0.000203095,watch,user3,lie
27.337145600,0.001239136,0.000147879,0.002201021,0.013979200,0.003261950,0.002022242,watch,user3,lie
27.347144704,0.000042811,-0.001368821,0.001254618,0.012454230,0.003151784,-0.000836861,watch,user3,lie
27.357143808,0.001201063,-0.001523316,0.000996888,0.007873859,0.002985870,0.000206299,watch,user3,lie
27.367142656,0.003577650,-0.003422141,0.001752377,0.008103690,0.004037019,0.002174375,watch,user3,lie
27.377141504,0.005539879,-0.004182458,-0.001562953,0.005723889,-0.001445364,0.002546419,watch,user3,lie
27.387140608,0.006881043,-0.002219081,-0.000881732,0.001430607,-0.004004130,0.002096345,watch,user3,lie
27.397138688,0.006460011,-0.002372384,-0.001032352,-0.001030686,-0.006903513,0.002201273,watch,user3,lie
27.407137792,0.004421219,-0.003277004,0.000133097,-0.004337667,-0.006101368,0.001721838,watch,user3,lie
27.417136640,0.002810925,-0.003804684,0.002634227,-0.006039160,-0.003863515,-0.001880088,watch,user3,lie
27.427135488,0.002798259,-0.002079070,0.002969444,-0.009008496,-0.001515050,0.002050738,watch,user3,lie
27.437134592,0.002109200,-0.001483440,0.001216948,-0.005463562,0.002344137,-0.000582063,watch,user3,lie
27.447133696,0.002717882,-0.001445800,0.001907229,0.002002122,0.001772000,-0.002593082,watch,user3,lie
27.457132800,0.004333958,-0.001549840,0.000811696,0.002585620,0.000627907,0.002982512,watch,user3,lie
27.467131648,0.002650231,-0.002142370,0.002044082,-0.000842800,-0.001109006,0.002255269,watch,user3,lie
27.477130752,0.005606949,-0.001690269,0.000592411,-0.002306740,-0.000737496,0.003797239,watch,user3,lie
27.487129600,0.006956309,-0.003287673,0.000344634,-0.003962294,-0.000976647,0.001984758,watch,user3,lie
27.497128704,0.002458602,-0.001598209,0.002150655,-0.004880552,-0.001750829,0.001638281,watch,user3,lie
27.507126784,0.003766254,0.000054270,0.001978457,0.002945902,-0.000093455,0.000169348,watch,user3,lie
27.517125632,0.001932442,0.000638068,0.000923872,0.011397177,0.003795026,0.001747803,watch,user3,lie
27.527124736,0.001870334,0.002952635,-0.000414610,0.012564662,0.007459359,0.003151622,watch,user3,lie
27.537123584,0.004310220,0.001093954,-0.001047552,0.012680776,0.001232355,-0.001901193,watch,user3,lie
27.547122688,0.004375830,-0.001595676,-0.000012696,0.003087005,0.000342859,-0.000248435,watch,user3,lie
27.557121536,0.006560400,-0.003421485,0.000998914,-0.002568218,-0.003240157,0.000351841,watch,user3,lie
27.567120640,0.006636009,-0.003533393,0.000358939,-0.006882183,-0.002388390,0.000344917,watch,user3,lie
27.577119744,0.004770532,-0.002893806,0.000803173,-0.006649157,0.002454569,-0.002258856,watch,user3,lie
27.587118848,0.001922756,0.000076383,0.000525951,-0.004199049,0.002478271,-0.001490401,watch,user3,lie
27.597117440,0.000659049,0.000864476,0.000151932,0.001456706,0.001108075,-0.001099182,watch,user3,lie
27.607115520,0.000446320,0.000331730,0.002252519,0.005476926,0.001427033,0.000132530,watch,user3,lie
27.617114624,0.000841767,-0.001316845,0.002052426,0.004594887,0.003503765,-0.000961763,watch,user3,lie
27.627113728,0.002292663,-0.003629088,0.004045606,0.002260271,0.002621105,0.001744541,watch,user3,lie
27.637112832,0.001182169,-0.003261179,0.004441798,-0.001756575,-0.000315829,0.000606040,watch,user3,lie
27.647111680,0.003077358,-0.004442960,0.003268778,-0.006677164,-0.000116358,0.000570819,watch,user3,lie
27.657110528,0.004778787,-0.004464060,0.001613736,-0.013368357,-0.003050629,0.002796157,watch,user3,lie
27.667109632,0.006052598,-0.003376335,0.000946522,-0.012983619,-0.002265884,0.002040751,watch,user3,lie
27.677108736,0.003963798,-0.000837892,0.000016630,-0.011491184,-0.004985238,-0.000249834,watch,user3,lie
27.687107584,0.003956899,-0.000517011,-0.001947224,-0.010243981,-0.002955732,-0.002037148,watch,user3,lie
27.697106688,0.005468771,0.001247555,0.003043652,-0.004356264,-0.005420221,0.002639097,watch,user3,lie
27.707105792,0.003770739,0.000798017,0.003651381,0.002173940,-0.004523268,-0.000559692,watch,user3,lie
27.717103616,0.001534745,0.001310736,-0.002004862,0.006697319,0.003575138,0.001696804,watch,user3,lie
27.727102720,0.000350699,-0.001575828,0.002009213,0.002769822,-0.000301093,0.001012438,watch,user3,lie
27.737101568,0.001596734,-0.003282040,0.003745139,-0.000369512,-0.000199360,0.003097693,watch,user3,lie
27.747100672,0.002601162,-0.002723157,0.002176106,-0.003008216,0.000544284,0.003242236,watch,user3,lie
27.757099776,0.003932044,-0.002761751,0.002530694,-0.003266277,-0.002514091,-0.000634527,watch,user3,lie
27.767098624,0.003831610,-0.001670212,0.000101030,-0.005429030,-0.003843274,0.002817063,watch,user3,lie
27.777097472,0.003147051,-0.001178473,0.000136852,-0.004455645,0.000075833,0.001805594,watch,user3,lie
27.787096576,0.002517357,-0.001018375,0.001218855,-0.005826950,-0.001500403,0.000948789,watch,user3,lie
27.797095680,0.002665028,-0.001681566,0.000414014,-0.004533453,-0.003087647,-0.000083719,watch,user3,lie
27.807094784,0.005167231,-0.001425207,0.002361715,-0.002544604,-0.003410954,0.001474097,watch,user3,lie
27.817092864,0.005693763,0.000154674,0.001426399,0.000333207,-0.000112896,0.000286327,watch,user3,lie
27.827091456,0.003808394,-0.001540840,0.002369702,0.002924064,-0.001171770,0.000726748,watch,user3,lie
27.837090560,0.002940297,-0.001637816,0.001281917,0.004158439,-0.003586457,-0.002014711,watch,user3,lie
27.847089664,0.002146348,-0.001129121,0.002042472,0.004255067,-0.003469455,0.000198443,watch,user3,lie
27.857088768,0.002364203,-0.000436902,-0.000398517,0.001608418,0.002521059,0.003054151,watch,user3,lie
27.867087616,0.003709555,-0.000937134,-0.000512242,-0.002275048,0.001502222,0.001847938,watch,user3,lie
27.877086720,0.003662422,-0.002854973,-0.000333905,-0.007482593,-0.000480235,0.004207499,watch,user3,lie
27.887085568,0.004396439,-0.002324611,-0.001349330,-0.005046245,-0.002809879,-0.000610559,watch,user3,lie
27.897084672,0.005336076,-0.002019823,0.000883281,-0.002517307,-0.003612556,0.000473880,watch,user3,lie
27.907083520,0.003941834,-0.001362771,0.001678884,-0.001706685,-0.003605011,-0.000034717,watch,user3,lie
27.917081600,0.002934843,-0.000604212,0.002876639,0.004025769,-0.000983927,-0.000939393,watch,user3,lie
27.927080704,0.000530496,-0.001651406,0.002872646,0.003378177,-0.001366535,-0.001513970,watch,user3,lie
27.937079552,0.003866211,-0.000913441,0.002465844,0.002261247,0.000797817,0.002231234,watch,user3,lie
27.947078656,0.003260434,0.001638204,0.002189636,0.008904147,-0.000822008,0.001775434,watch,user3,lie
27.957077504,0.003772244,0.000824571,0.002006769,0.006168548,0.000213430,-0.000889059,watch,user3,lie
27.967076608,0.005665421,0.001392215,0.001102924,0.006463982,-0.001849899,-0.002282736,watch,user3,lie
27.977075712,0.004625335,-0.000670761,0.000317216,-0.002289030,-0.002858171,-0.001397501,watch,user3,lie
27.987074816,0.002434164,-0.003221422,0.000478148,-0.004792091,-0.000794843,0.000551600,watch,user3,lie
27.997073664,-0.002594158,-0.005428731,0.001457691,-0.011911253,0.007372539,0.000812323,watch,user3,lie
28.007072512,-0.002593070,-0.005009443,0.004590631,-0.008538182,0.009114690,0.002810759,watch,user3,lie
28.017071616,-0.001489565,-0.003717214,0.002711594,-0.004506689,0.008317607,0.002652301,watch,user3,lie
28.027069696,0.004578650,-0.001025379,0.002183676,0.005115357,0.003177617,-0.001141438,watch,user3,lie
28.037068800,0.008116528,0.001579434,-0.001067460,0.006745744,-0.001543901,-0.001214941,watch,user3,lie
28.047067648,0.009651333,0.000067294,-0.001607716,0.002137943,-0.003523428,-0.002687137,watch,user3,lie
28.057066496,0.009445891,0.000131398,-0.000327289,-0.008920034,-0.006803644,-0.002652250,watch,user3,lie
28.067065600,0.007797167,-0.003063798,0.003388286,-0.012751968,-0.011416152,-0.000238094,watch,user3,lie
28.077064704,0.004167825,-0.003794670,0.003384769,-0.010298930,-0.010461142,-0.000095082,watch,user3,lie
28.087063552,0.000906259,-0.001018912,0.002167702,-0.001335130,-0.006350019,-0.001889853,watch,user3,lie
28.097062656,-0.000751719,0.000493705,0.003436685,0.006074583,-0.000827955,-0.000222448,watch,user3,lie
28.107061760,-0.002414167,0.001264572,0.002487004,0.011829541,0.003682641,0.000739153,watch,user3,lie
28.117061120,-0.000341564,0.002101719,0.001758754,0.009410858,0.004898108,0.001651552,watch,user3,lie
28.127058944,-0.000616908,-0.000494033,0.000496328,0.008782352,0.004412081,0.001041821,watch,user3,lie
28.137057792,0.003517225,-0.001384854,-0.000362396,0.001311653,0.002659454,0.001387500,watch,user3,lie
28.147056896,0.004755527,-0.001857877,0.001068294,0.002377450,0.000202688,0.000285617,watch,user3,lie
28.157056000,0.004494980,-0.002346903,0.001251280,-0.002868178,-0.000830352,-0.000418789,watch,user3,lie
28.167055104,0.005617484,-0.002627760,-0.001092434,-0.004357107,-0.001520199,0.002594244,watch,user3,lie
28.177053696,0.003925756,-0.003498167,0.001194119,-0.005603999,-0.003467236,-0.002015954,watch,user3,lie
28.187052800,0.003489822,-0.004172236,0.001457691,-0.005909908,0.000384582,-0.000348016,watch,user3,lie
28.197051904,0.003011346,-0.003659368,0.003245950,-0.012332919,-0.003679668,-0.000647888,watch,user3,lie
28.207051008,0.002273902,-0.003666043,0.002379477,-0.013291081,0.000869455,0.001586837,watch,user3,lie
28.217049856,0.001695365,-0.000963330,0.002756059,-0.004929287,-0.000954277,0.000972979,watch,user3,lie
28.227048960,0.003244430,0.001262218,0.002496719,0.002110335,-0.000716901,-0.000978985,watch,user3,lie
28.237046784,0.001865700,0.002132028,0.000972509,0.009416983,0.004386248,0.000279891,watch,user3,lie
28.247045888,0.003422573,0.001584619,0.000652075,0.014416225,-0.000493640,-0.002311165,watch,user3,lie
28.257044992,0.005219117,0.002141178,0.001268029,0.013803964,-0.000986324,-0.002869097,watch,user3,lie
28.267043840,0.004986256,0.000806361,0.001594305,0.014145470,0.000284892,-0.000214458,watch,user3,lie
28.277042944,0.003177747,-0.001361281,0.004397035,0.010110515,-0.001343365,-0.002166289,watch,user3,lie
28.287042048,0.002187192,-0.000959128,0.003778517,0.012249788,0.002323098,-0.000322383,watch,user3,lie
28.297040896,-0.000513300,0.000198632,0.003086686,0.021202803,0.005976422,-0.002506441,watch,user3,lie
28.307039744,0.000848755,0.000006586,-0.000332475,0.026633698,0.007511912,-0.005588651,watch,user3,lie
28.317038848,0.004730612,-0.000975907,0.000010252,0.024280263,0.007356117,0.000325697,watch,user3,lie
28.327037952,0.006245673,-0.002088070,0.002932489,0.018191567,-0.001381626,-0.001319470,watch,user3,lie
28.337036032,0.006908387,-0.002571702,0.003248215,0.010468134,-0.002039161,-0.002848924,watch,user3,lie
28.347034880,0.006059408,-0.003382474,0.000448942,0.009076809,-0.002755373,-0.003180354,watch,user3,lie
28.357033728,0.003384978,-0.004055172,0.002921522,0.006791284,-0.000906340,-0.003316708,watch,user3,lie
28.367032832,0.003611043,-0.001150846,0.001323760,0.006606417,-0.003393910,-0.001630195,watch,user3,lie
28.377031936,0.002102524,-0.002203345,0.001942575,0.005434359,-0.001553134,-0.001672006,watch,user3,lie
28.387031040,0.000352800,-0.002291411,-0.000422537,0.005720116,-0.001694015,-0.001963623,watch,user3,lie
28.397029888,0.001031637,-0.002543747,-0.000291169,0.001647078,-0.000167225,-0.002833145,watch,user3,lie
28.407028736,0.002349779,-0.003850251,0.000736296,-0.008247409,-0.000229720,-0.001230121,watch,user3,lie
28.417027840,0.002258882,-0.006184936,0.000803113,-0.017217733,0.000434739,-0.000688168,watch,user3,lie
28.427026944,0.004788056,-0.006362051,0.002146542,-0.022012001,-0.003790543,0.000895148,watch,user3,lie
28.437025024,0.006027743,-0.005793214,0.000028253,-0.026308212,-0.007004446,0.002815553,watch,user3,lie
28.447023872,0.005482674,-0.005267888,0.001802802,-0.026348425,-0.008208994,0.003451383,watch,user3,lie
28.457022976,0.004935041,-0.002101988,0.003142715,-0.022825330,-0.003537277,0.005630115,watch,user3,lie
28.467021824,0.002447218,0.000774771,0.001750290,-0.015064390,-0.003161949,0.001778718,watch,user3,lie
28.477020928,0.002587929,0.003936619,0.002124846,-0.001591193,-0.001847946,-0.000079370,watch,user3,lie
28.487019776,0.003568694,0.004158050,0.002483666,0.006738775,-0.003493513,0.000614584,watch,user3,lie
28.497018880,0.001699403,0.004266500,0.003106356,0.013500541,0.001521486,-0.000466127,watch,user3,lie
28.507017984,0.000190213,0.002104372,0.002336264,0.017620586,0.004870411,-0.002261697,watch,user3,lie
28.517017088,0.000910759,-0.000280470,0.001388133,0.010926197,0.002672770,-0.000813204,watch,user3,lie
28.527015680,0.002730414,-0.003909439,0.000903606,0.003450038,0.000531589,0.000588085,watch,user3,lie
28.537014784,0.005634561,-0.005793184,0.002351522,-0.003214522,-0.000274817,0.002558026,watch,user3,lie
28.547012864,0.003156632,-0.006815374,0.001154482,-0.009856668,-0.003510646,0.001426515,watch,user3,lie
28.557011968,0.005415753,-0.005480289,0.000492334,-0.011659362,-0.003002249,0.000719446,watch,user3,lie
28.567011072,0.004884943,-0.002205670,0.001572490,-0.007554277,-0.004019221,-0.000706677,watch,user3,lie
28.577009920,0.003641322,-0.001268744,0.001082778,-0.005323080,-0.004608845,-0.000436899,watch,user3,lie
28.587008768,0.003171355,0.000111908,0.000878632,-0.002924416,0.000941805,0.000423369,watch,user3,lie
28.597007872,0.002292752,-0.000286907,0.002021074,-0.001251684,0.000221952,0.000236148,watch,user3,lie
28.607006976,0.002791241,0.001700312,0.001662135,0.004043745,0.001280825,-0.002253241,watch,user3,lie
28.617005824,0.002824053,-0.000467032,0.001065552,0.007192933,-0.001614031,-0.001780797,watch,user3,lie
28.627004928,0.004802004,-0.000422865,0.001870334,0.005340483,-0.001124898,-0.002047046,watch,user3,lie
28.637004032,0.002810210,0.000126302,0.000891745,0.000997932,-0.000426617,-0.000229172,watch,user3,lie
28.647001856,0.004295960,-0.003389478,0.001230776,-0.000131780,-0.002768600,0.000622773,watch,user3,lie
28.657000960,0.003002837,-0.002655715,0.000076771,-0.001735270,-0.002080173,0.001170319,watch,user3,lie
28.667000064,0.001676306,-0.001717001,0.000804067,-0.004930797,-0.002543563,0.000558324,watch,user3,lie
28.676998912,0.003530145,-0.001488119,0.001940906,-0.004010408,-0.001851674,0.001178575,watch,user3,lie
28.686998016,0.003292397,-0.001765043,0.001290739,0.001332958,-0.001093472,-0.000635571,watch,user3,lie
28.696996864,0.001826674,-0.000293404,0.001797616,0.001993156,-0.000622359,-0.001725869,watch,user3,lie
28.706995968,0.000891402,-0.000802666,0.001136303,0.001719116,0.002412846,0.001093620,watch,user3,lie
28.716994816,0.003751814,-0.001774877,0.003486216,0.003001429,0.000276192,-0.000905882,watch,user3,lie
28.726993920,0.003474832,-0.002386302,-0.000393748,-0.002367282,-0.001556773,0.000828968,watch,user3,lie
28.736993024,0.002704963,-0.004557639,-0.001786590,-0.004344413,0.000318625,0.000504861,watch,user3,lie
28.746991872,0.003554538,-0.003417850,0.000631809,-0.008446924,-0.000980642,-0.000276377,watch,user3,lie
28.756989952,0.003615230,-0.002236396,0.002050877,-0.008440799,-0.003104779,0.001773725,watch,user3,lie
28.766988800,0.003789142,-0.000299573,0.002442181,-0.003922746,-0.001031242,0.001097282,watch,user3,lie
28.776987904,0.004044831,0.000177979,0.002440929,-0.000619361,0.000241748,0.001605146,watch,user3,lie
28.786987008,0.002439708,-0.000363886,0.003917813,0.000710844,-0.001316645,0.001640233,watch,user3,lie
28.796986112,0.001394317,0.000738651,0.003503263,0.002090361,-0.001019436,0.002646376,watch,user3,lie
28.806984960,0.003648862,0.000093937,0.003150940,0.006261981,0.000149071,0.001544027,watch,user3,lie
28.816983808,0.005125895,0.002002627,0.000259161,0.010495874,-0.001990780,-0.000348948,watch,user3,lie
28.826982912,0.005244002,0.001695991,0.000146449,0.009245964,-0.004832195,-0.002403843,watch,user3,lie
28.836982016,0.004150912,0.000470161,0.002684891,0.001360344,-0.004709956,-0.003379626,watch,user3,lie
28.846980096,0.001149341,-0.004336268,0.002407134,-0.002408606,-0.000593419,-0.000223180,watch,user3,lie
28.856978944,-0.002833918,-0.005835831,0.002557158,-0.013569647,0.005693772,0.004068504,watch,user3,lie
28.866977792,-0.003233120,-0.005628169,0.002999783,-0.015048456,0.009959001,0.004981369,watch,user3,lie
28.876976896,0.000673369,-0.003887624,0.003079057,-0.010329868,0.005640419,0.003772294,watch,user3,lie
28.886976000,0.006407857,-0.002780557,0.000781119,-0.004008145,0.002851734,-0.000533638,watch,user3,lie
28.896974848,0.008182794,0.000859797,-0.001134872,-0.003135693,0.000284980,-0.002277210,watch,user3,lie
28.906973952,0.009769142,0.000678599,-0.000784516,-0.003133518,-0.003094660,-0.001710289,watch,user3,lie
28.916973056,0.009188712,-0.000420839,0.001260042,-0.014692969,-0.007835086,-0.002570224,watch,user3,lie
28.926971904,0.005711630,-0.002843738,0.002214670,-0.018433956,-0.009355662,-0.002733143,watch,user3,lie
28.936970752,0.005288109,-0.003657699,0.002582788,-0.015937509,-0.007989728,-0.001169601,watch,user3,lie
28.946969856,0.004511729,-0.000338167,0.002345622,-0.006081549,-0.008265631,-0.003247999,watch,user3,lie
28.956967936,0.002643362,0.001920551,0.003708184,0.004322889,-0.004859182,-0.002477280,watch,user3,lie
28.966967040,-0.000500619,0.002554834,0.002477944,0.008369872,-0.001752959,-0.000799555,watch,user3,lie
28.976966144,-0.002773657,0.002104610,0.004030585,0.011094552,0.002260957,0.002818882,watch,user3,lie
28.986964736,-0.003264084,0.002257407,0.001676261,0.007075132,0.001724685,0.000356923,watch,user3,lie
28.996963840,0.000061572,-0.001298636,0.001788437,0.006898033,0.005009960,0.001050410,watch,user3,lie
29.006962944,0.003033549,-0.001578182,0.001858950,0.002149705,0.000610774,-0.000557607,watch,user3,lie
29.016962048,0.003077194,-0.000456691,0.002559125,0.002439990,-0.000303223,0.001788106,watch,user3,lie
29.026960896,0.004018068,-0.002555072,-0.000305295,-0.001178092,-0.002708768,0.000088210,watch,user3,lie
29.036960000,0.005747870,-0.000462323,-0.000543594,-0.001757063,-0.001937516,0.000446139,watch,user3,lie
29.046958848,0.004785746,-0.002826035,0.000630558,-0.005647453,-0.001736093,0.000305857,watch,user3,lie
29.056956928,0.003790975,-0.002871692,0.000536442,-0.007546287,-0.003016540,-0.000534371,watch,user3,lie
29.066956032,0.002669275,-0.001445115,0.002094388,-0.004492885,-0.002738950,-0.000766865,watch,user3,lie
29.076954880,0.001357585,-0.000981361,0.003239989,0.000980711,-0.000610819,-0.001249163,watch,user3,lie
29.086953984,0.001354516,-0.000799417,0.003211796,0.000971745,0.002587194,0.000592013,watch,user3,lie
29.096952832,0.002651677,-0.001418233,0.001617610,0.002504660,0.002110755,0.002015473,watch,user3,lie
29.106951936,0.003867567,-0.000886530,0.001194000,0.002621262,-0.000098249,0.003229808,watch,user3,lie
29.116950272,0.005641431,-0.002535790,0.001713991,-0.001168948,0.000869810,0.002534190,watch,user3,lie
29.126949376,0.005555138,-0.002048135,0.000752389,-0.005086903,-0.001015619,-0.000048543,watch,user3,lie
29.136948480,0.005157217,-0.001117766,0.002002060,-0.003963314,-0.000965019,0.001961344,watch,user3,lie
29.146947584,0.003619298,0.001325309,0.002958775,0.000338046,0.001258810,-0.000711937,watch,user3,lie
29.156945408,0.002017006,0.000743687,0.002064109,0.011329976,0.002089183,-0.002350580,watch,user3,lie
29.166944512,0.002448902,0.001310974,0.000855923,0.014807576,0.006760279,0.000177093,watch,user3,lie
29.176943360,0.001773342,0.000046432,0.001237154,0.011651997,0.004666502,-0.001062609,watch,user3,lie
29.186942464,0.002266034,-0.002477109,0.002278447,0.006989024,-0.000316450,0.000253326,watch,user3,lie
29.196941568,0.004154652,-0.003539264,0.002812624,-0.004219954,-0.003265369,-0.000443091,watch,user3,lie
29.206940416,0.005697668,-0.004409134,-0.000371218,-0.003794026,-0.005965992,-0.000836706,watch,user3,lie
29.216939520,0.005419225,-0.003450900,-0.000660300,-0.007770658,-0.004189664,-0.001767747,watch,user3,lie
29.226938368,0.003798440,-0.002873003,0.001327038,-0.001826527,-0.005134730,-0.001070731,watch,user3,lie
29.236937472,0.003194332,-0.001594037,0.000656605,0.000529838,-0.005166954,0.001185499,watch,user3,lie
29.246936320,0.001859471,0.000125617,0.003351569,-0.000611327,-0.001905647,0.000775771,watch,user3,lie
29.256934400,0.000143245,-0.000776768,0.002983093,0.001457416,-0.001808442,-0.000191222,watch,user3,lie
29.266933504,-0.000305668,-0.001850992,0.002550781,0.004025458,-0.000222707,-0.000406339,watch,user3,lie
29.276932352,-0.000274330,-0.002174795,0.002003729,0.001165490,0.004043144,-0.000271583,watch,user3,lie
29.286931456,0.001263186,-0.001879066,0.001400590,0.000748527,0.002323097,-0.001421669,watch,user3,lie
29.296930560,0.003184259,-0.002959400,0.002131462,0.000222553,0.000048225,0.000444408,watch,user3,lie
29.306929408,0.003726974,-0.003443480,0.001534581,-0.007687168,0.001187792,-0.000106267,watch,user3,lie
29.316928512,0.003291190,-0.005047441,-0.001257956,-0.009942600,-0.003420809,0.000080686,watch,user3,lie
29.326927616,0.004384220,-0.004314035,0.001137495,-0.012955079,-0.003482239,0.000503463,watch,user3,lie
29.336926464,0.004972219,-0.002125770,0.001842022,-0.013598232,-0.002869978,0.002786058,watch,user3,lie
29.346925312,0.004690647,0.000381976,0.000592053,-0.008527795,-0.005069039,-0.001122863,watch,user3,lie
29.356923392,0.002640441,0.001977384,0.002225637,-0.000823803,0.000987522,0.000037477,watch,user3,lie
29.366922496,0.004133373,0.001832098,0.003803551,0.002919980,0.000788229,0.003612770,watch,user3,lie
29.376921600,0.003990516,0.000451893,0.001126051,-0.012191328,0.001242565,0.001099279,watch,user3,lie
29.386920448,0.003272802,-0.004734099,-0.001766384,-0.038054928,-0.006444029,0.012264249,watch,user3,lie
29.396919296,0.007623285,-0.017480701,0.002303183,-0.068466634,-0.019277269,0.014478933,watch,user3,lie
29.406918400,0.006019637,-0.023022950,0.008433759,-0.075040594,-0.016930580,0.010844718,watch,user3,lie
29.416917504,-0.001946598,-0.008217692,-0.008792460,-0.065386109,-0.000861865,0.004032617,watch,user3,lie
29.426916608,-0.002864942,0.001239926,-0.004957378,-0.039681055,0.003554543,-0.005798375,watch,user3,lie
29.436915456,0.001857743,0.005562097,0.008564115,-0.021835478,-0.006850427,-0.002911508,watch,user3,lie
29.446914560,0.008610636,0.012780190,0.006459177,-0.012476375,-0.010255989,0.007342527,watch,user3,lie
29.456913408,0.008018598,0.010717899,0.001235664,-0.000649810,-0.003991968,0.002763222,watch,user3,lie
29.466911488,0.001789883,0.001953542,-0.000272393,-0.001992353,-0.000109256,-0.005336183,watch,user3,lie
29.476910592,0.001181602,-0.003999621,0.002198875,-0.007438784,0.000502472,0.000624504,watch,user3,lie
29.486909440,0.001502499,-0.002557486,0.004643559,-0.010497602,-0.002560341,0.002185516,watch,user3,lie
29.496908544,0.003463492,-0.000638247,0.001476884,-0.011950889,-0.001815189,0.005308871,watch,user3,lie
29.506907392,0.002224669,0.000027835,-0.000331640,-0.005303328,-0.001552423,0.001794630,watch,user3,lie
29.516906496,0.004437566,-0.002141565,-0.001079261,-0.008914309,-0.002647249,-0.000269586,watch,user3,lie
29.526905344,0.003614888,-0.002359480,0.000215054,-0.016168848,-0.002893680,-0.000342556,watch,user3,lie
29.536904448,0.001975328,-0.006182820,0.001798153,-0.024282701,-0.002146397,0.000701935,watch,user3,lie
29.546903552,0.002909511,-0.006052822,0.000797212,-0.026222769,-0.002585642,0.003510971,watch,user3,lie
29.556901376,0.001949266,-0.003530502,0.002190590,-0.024193173,-0.002715603,0.002446239,watch,user3,lie
29.566900480,0.002360448,0.001237571,0.001157999,-0.016504940,-0.001245716,0.001482907,watch,user3,lie
29.576899328,0.003897369,0.003097266,0.001439929,-0.008124238,-0.002083546,-0.001213543,watch,user3,lie
29.586898432,0.004058823,0.001511574,0.001523972,-0.002649533,-0.000468428,0.000149396,watch,user3,lie
29.596897536,0.004319057,0.001111239,0.002247214,-0.001761102,0.000518539,0.001335568,watch,user3,lie
29.606896640,0.002784938,0.001298040,0.002784312,0.001430962,0.002040802,0.000574170,watch,user3,lie
29.616895488,0.002459615,0.000014305,0.001115441,0.000280477,-0.001472973,-0.000088158,watch,user3,lie
29.626894336,0.002807543,-0.001973897,0.002038956,0.001054081,0.001397738,0.001791035,watch,user3,lie
29.636893440,0.002474278,-0.002656519,0.001096904,-0.000674577,0.001900276,0.001842434,watch,user3,lie
29.646892544,0.005059570,-0.001537323,0.001291871,-0.000974582,-0.001427610,0.000179357,watch,user3,lie
29.656891392,0.004115000,-0.001500368,0.001882493,0.001819340,-0.003424715,0.002169004,watch,user3,lie
29.666889472,0.004229322,-0.002015620,0.001732826,0.002139763,0.001692994,0.001507275,watch,user3,lie
29.676888320,0.003322333,-0.003049403,0.003169417,0.005740090,-0.000647925,-0.000096214,watch,user3,lie
29.686887424,0.005295679,-0.000718862,0.003722668,0.005394989,-0.003635548,-0.000633307,watch,user3,lie
29.696886528,0.004702732,-0.000269383,0.002844930,0.008049628,-0.002466952,0.000812789,watch,user3,lie
29.706885376,0.004757985,0.001460224,0.001691699,0.013842402,-0.001123655,0.000301795,watch,user3,lie
29.716884480,0.005672321,0.000609696,0.000333190,0.009102508,-0.003547131,0.000039208,watch,user3,lie
29.726883584,0.005318046,0.001050711,0.000794351,0.006414713,-0.005515207,0.001263929,watch,user3,lie
29.736882688,0.001614094,-0.001592547,0.001243651,0.002206653,-0.003294397,-0.000405607,watch,user3,lie
29.746881280,-0.001280591,-0.003979951,0.001837134,-0.002842124,0.003276864,0.000110048,watch,user3,lie
29.756880384,-0.004038066,-0.005470663,0.002246320,-0.008503205,0.008196522,0.001294888,watch,user3,lie
29.766878464,-0.003360942,-0.004980981,0.002615273,-0.005576036,0.007944942,0.003863640,watch,user3,lie
29.776877568,-0.000345081,-0.003381729,0.002612114,0.000551631,0.009065600,0.000210316,watch,user3,lie
29.786876672,0.005852476,-0.001121014,-0.000480533,0.003581376,0.002402371,0.001838106,watch,user3,lie
29.796875264,0.006946728,0.001543581,-0.000819564,0.007133234,-0.001564940,-0.000793629,watch,user3,lie
29.806874368,0.008568287,-0.000406891,-0.000066400,-0.002329421,-0.004063695,-0.001008946,watch,user3,lie
29.816873472,0.007518753,-0.002310812,0.000600159,-0.011951421,-0.004986215,-0.001204422,watch,user3,lie
29.826872576,0.005295590,-0.003027737,0.001764417,-0.009918987,-0.007428688,-0.003331888,watch,user3,lie
29.836871424,0.005195484,-0.004016757,0.002684653,-0.005617182,-0.007232413,-0.000504410,watch,user3,lie
29.846870528,0.003700003,0.000404507,0.003863394,0.003046170,-0.005571844,-0.002006699,watch,user3,lie
29.856869376,0.002263695,0.003692061,0.002202570,0.012831423,0.000237043,-0.000588033,watch,user3,lie
29.866867456,0.000259861,0.002298236,0.001935780,0.018877996,0.001041584,-0.002645525,watch,user3,lie
29.876866560,-0.000529513,0.001542240,0.001009226,0.015339986,0.007181236,-0.000968000,watch,user3,lie
29.886865408,-0.002484500,-0.001230597,0.000996053,0.010820869,0.007366325,-0.000325246,watch,user3,lie
29.896864512,-0.000067919,-0.003331453,0.000832379,0.006033571,0.006331687,0.002876406,watch,user3,lie
29.906863616,0.002499536,-0.001989335,-0.000228345,0.006009202,0.004486649,0.003970766,watch,user3,lie
29.916862464,0.005286187,-0.001260787,-0.000134230,0.008200452,0.001241321,0.001851688,watch,user3,lie
29.926861312,0.006802619,-0.002625376,0.001057804,0.009507575,-0.002243780,-0.000149078,watch,user3,lie
29.936860416,0.006809011,-0.001585931,0.000428319,0.006581028,-0.003574295,-0.001910226,watch,user3,lie
29.946859520,0.004174232,-0.004222214,0.001029193,-0.000502049,-0.000689826,0.001556743,watch,user3,lie
29.956858624,0.000166014,-0.004030257,0.001877427,0.000840717,-0.002120742,-0.002215890,watch,user3,lie
29.966856448,0.001745090,-0.002608746,0.002968788,-0.002430355,-0.000655648,0.000108916,watch,user3,lie
29.976855296,0.000832841,-0.002124816,0.002347887,0.003866157,0.002325761,0.001577916,watch,user3,lie
29.986854400,0.002292290,0.000901252,0.001155317,0.002945236,0.002244268,-0.000544491,watch,user3,lie
29.996853504,0.001585871,-0.000152260,0.002851129,0.002553219,0.004401695,-0.000608939,watch,user3,lie
30.006852608,0.003144175,-0.001166642,0.002385736,0.003476758,0.002043021,-0.000283967,watch,user3,lie
30.016851456,0.004582241,-0.001145899,0.001369596,0.005626995,0.001166575,0.000469974,watch,user3,lie
30.026850304,0.005487099,-0.002197921,0.002515376,0.001622000,0.000188396,-0.002672756,watch,user3,lie
30.036849408,0.005718619,-0.001253843,0.002572715,-0.001869404,-0.001841465,-0.000270052,watch,user3,lie
30.046848512,0.003635138,-0.000954807,0.002285957,0.001241700,-0.001853982,0.000997480,watch,user3,lie
30.056847360,0.004491150,-0.001772195,0.001713932,0.005262008,0.000752454,-0.000472053,watch,user3,lie
30.066845440,0.002891198,-0.001127779,0.001029670,0.007885311,0.002309693,-0.000200943,watch,user3,lie
30.076844288,0.004044786,-0.001016259,-0.000293612,0.008330857,0.003296660,-0.001681927,watch,user3,lie
30.086843392,0.004765898,-0.001185387,0.000782311,0.001795727,-0.000605669,-0.001212278,watch,user3,lie
30.096842496,0.006006107,-0.002137780,0.001495123,0.002060711,-0.004081361,0.000669778,watch,user3,lie
30.106841344,0.006760418,-0.001333088,0.000886619,-0.000774401,-0.004685011,0.001223848,watch,user3,lie
30.116840448,0.005358100,-0.000091583,0.000795066,0.000192060,-0.002868468,-0.001394572,watch,user3,lie
30.126839552,0.002153307,0.000881076,0.003290176,0.002869691,-0.004978136,-0.003232019,watch,user3,lie
30.136838656,0.003526747,0.001043737,0.003881395,0.006460697,-0.003222314,-0.002226943,watch,user3,lie
30.146837248,0.003025085,-0.000186026,0.003778279,0.009128297,0.000189639,-0.001327859,watch,user3,lie
30.156836352,0.001462176,-0.002038062,0.002171516,0.010519799,0.003089022,-0.000810141,watch,user3,lie
30.166834432,0.000581890,-0.002485573,0.002114892,0.006241031,0.004452827,-0.000342956,watch,user3,lie
30.176833536,0.000304446,-0.002803355,0.000169277,0.004768036,0.003870660,-0.001148296,watch,user3,lie
30.186832640,0.001369327,-0.003376871,-0.000445604,-0.001894438,0.002924528,-0.000508272,watch,user3,lie
30.196831232,0.003586441,-0.004496932,0.000352144,-0.006223939,0.000186798,-0.000574851,watch,user3,lie
30.206830336,0.004246175,-0.003447443,0.000639617,-0.007090488,-0.004855987,0.000635223,watch,user3,lie
30.216829440,0.003882080,-0.001746327,0.001703322,-0.008719542,-0.003701773,-0.000938439,watch,user3,lie
30.226828544,0.004047230,0.000083596,0.002074003,-0.004415253,-0.002815383,0.000136280,watch,user3,lie
30.236827392,0.002782151,0.000189334,0.001567304,0.000110523,-0.000962090,-0.001059746,watch,user3,lie
30.246826496,0.003382906,0.002051741,0.001977444,0.012143661,-0.000560573,-0.001061344,watch,user3,lie
30.256824320,0.000797853,0.002685606,0.002734482,0.016921904,0.003229371,-0.002860309,watch,user3,lie
30.266823424,0.002861932,0.002792716,0.001870334,0.014783786,0.002875970,-0.003190608,watch,user3,lie
30.276822528,0.002485290,0.000223190,0.000850499,0.015824016,0.001850120,-0.002616696,watch,user3,lie
30.286821376,0.004052401,-0.002259076,0.000294030,0.008280036,-0.001101905,-0.002678016,watch,user3,lie
30.296820480,0.004214749,-0.005089432,0.000944376,-0.003244527,-0.000966616,-0.000585836,watch,user3,lie
30.306819584,0.005074784,-0.005477250,0.000125170,-0.007626848,-0.000947798,-0.000499417,watch,user3,lie
30.316818432,0.002215505,-0.006194353,0.001344204,-0.012323066,-0.004750258,-0.000036027,watch,user3,lie
30.326817280,0.002131447,-0.004516214,0.002564013,-0.013228319,-0.002630294,0.000378561,watch,user3,lie
30.336816384,0.002537459,-0.002250344,0.001773179,-0.010131063,-0.001992999,-0.001052356,watch,user3,lie
30.346815488,0.002924219,0.000218868,0.001335561,-0.006994747,-0.002119588,-0.002177008,watch,user3,lie
30.356813568,0.002402946,0.000349551,0.001542270,-0.004142767,-0.000160567,-0.000435834,watch,user3,lie
30.366812416,0.002171382,0.002061963,0.001135528,0.000723716,-0.001075540,-0.002243055,watch,user3,lie
30.376811264,0.002831995,0.001594245,0.001347780,0.003800466,-0.000968747,-0.002073944,watch,user3,lie
30.386810368,0.002377674,0.000981539,0.002451301,0.005558019,0.000340463,-0.002183067,watch,user3,lie
30.396809472,0.003036901,0.000874251,0.003212154,0.005322329,0.000972963,-0.000278108,watch,user3,lie
30.406808576,0.001542404,-0.000069588,0.001204789,0.008012876,0.003059373,-0.001861557,watch,user3,lie
30.416807424,0.001389861,-0.000852317,0.000471115,0.005252776,0.003295595,-0.003378227,watch,user3,lie
30.426806528,0.000647977,-0.001652330,0.002490222,0.002234261,0.002088296,-0.001309217,watch,user3,lie
30.436805376,0.001062050,-0.004845798,0.002385795,-0.002872617,0.002647826,0.001481509,watch,user3,lie
30.446804480,0.002086699,-0.004326373,-0.000443697,-0.009551692,0.001655532,0.002564417,watch,user3,lie
30.456802560,0.002614379,-0.003818065,-0.000763595,-0.011377555,0.000463767,0.001256539,watch,user3,lie
30.466801408,0.006230459,-0.003558904,0.000228584,-0.013000441,-0.004372622,-0.001932264,watch,user3,lie
30.476800512,0.007605970,-0.001553863,0.001759887,-0.007824321,-0.003887660,-0.001961825,watch,user3,lie
30.486799360,0.003755316,-0.000700355,0.003592789,-0.003306002,-0.002231707,-0.001694710,watch,user3,lie
30.496798464,0.002913877,-0.000299990,0.002753258,0.005786829,0.000968880,0.001829451,watch,user3,lie
30.506797312,0.002951667,0.001749218,0.003601730,0.009009564,0.000347742,0.001791035,watch,user3,lie
30.516796416,0.002274737,0.002431214,0.004055321,0.014856534,-0.000145475,0.000762789,watch,user3,lie
30.526795520,0.002333820,0.001880437,0.003382444,0.015926505,0.002300017,0.001958282,watch,user3,lie
30.536794624,0.002706692,-0.001227885,0.000747383,0.015576830,0.004304312,0.000305524,watch,user3,lie
30.546793216,0.005203679,0.000012457,-0.001734912,0.011611606,0.001314203,0.000584823,watch,user3,lie
30.556791552,0.005817518,-0.003306627,-0.000672579,0.001148579,-0.003725562,-0.003531093,watch,user3,lie
30.566790400,0.003349304,-0.004060388,0.000769436,-0.009525016,-0.003437053,-0.001749305,watch,user3,lie
30.576789504,0.002561018,-0.007278800,0.001568675,-0.016455360,-0.002006138,-0.000576449,watch,user3,lie
30.586788608,-0.003233269,-0.007135332,0.002094090,-0.019911565,0.000422577,0.000958265,watch,user3,lie
30.596787456,-0.002665445,-0.006956130,0.002434075,-0.020490004,0.008819258,0.004315978,watch,user3,lie
30.606786304,-0.001632527,-0.003846377,0.002700269,-0.009873535,0.007866023,0.000509455,watch,user3,lie
30.616785408,0.004324615,0.001860529,0.000787795,-0.004628439,0.004064361,-0.002355041,watch,user3,lie
30.626784512,0.007065862,0.003063619,-0.002179980,-0.001050482,-0.001016950,-0.003214975,watch,user3,lie
30.636783360,0.009243622,0.003331184,-0.000633538,-0.003669967,-0.007939039,-0.004367059,watch,user3,lie
30.646782464,0.010636613,-0.000539362,0.000649810,-0.008786033,-0.011265326,-0.003409053,watch,user3,lie
30.656780288,0.007447749,-0.001761645,0.002096593,-0.015888950,-0.011858413,-0.005693513,watch,user3,lie
30.666779392,0.004220247,-0.004370719,0.002076507,-0.016083006,-0.007865978,-0.001963889,watch,user3,lie
30.676778496,0.001684651,-0.003549665,0.003205061,-0.012589471,-0.005322926,0.000050526,watch,user3,lie
30.686777600,-0.000136375,-0.001263350,0.001080215,-0.002383572,-0.001769737,-0.000933312,watch,user3,lie
30.696776448,-0.001411334,0.001723409,0.002134979,0.003780048,0.005185108,0.001161264,watch,user3,lie
30.706775552,-0.001535982,0.003044099,0.002885640,0.006536775,0.003680777,0.001373118,watch,user3,lie
30.716774400,-0.000792429,0.002357125,-0.000419140,0.008237470,0.005908245,0.001297218,watch,user3,lie
30.726773504,0.001203656,-0.000707090,0.000023782,0.004898221,0.005572509,-0.002785541,watch,user3,lie
30.736772352,0.004829794,-0.001549095,0.000698864,-0.000201467,0.003086980,0.001068852,watch,user3,lie
30.746771456,0.005787298,-0.002196610,0.001725852,0.000903568,-0.000168645,-0.000660471,watch,user3,lie
30.756769536,0.006525218,-0.004215807,0.001593232,-0.005302662,-0.003492004,0.002617347,watch,user3,lie
30.766768384,0.007199377,-0.004525810,0.003000557,-0.006441386,-0.006003986,0.001969201,watch,user3,lie
30.776767488,0.004725680,-0.005193293,0.002974272,-0.008173240,-0.005919830,0.002198765,watch,user3,lie
30.786766336,0.003386557,-0.003154427,0.004256427,-0.003379594,-0.000952680,0.001558874,watch,user3,lie
30.796765440,0.002928123,0.000064313,0.001645148,0.000088641,0.000397277,0.001217989,watch,user3,lie
30.806764544,0.002338529,0.000466645,-0.000235379,0.003073467,0.000528926,-0.002370554,watch,user3,lie
30.816763648,0.004285574,0.001610577,0.001160502,0.005593350,0.001163557,-0.001656028,watch,user3,lie
30.826762496,0.002980545,0.000844747,-0.000488937,0.003713913,0.000038194,-0.002783810,watch,user3,lie
30.836761344,0.003096685,-0.002111167,0.000556529,-0.002910700,-0.002234814,-0.000554477,watch,user3,lie
30.846759424,0.004423708,-0.005156130,0.002091944,-0.008257174,-0.004361792,-0.002742664,watch,user3,lie
30.856758528,0.003086239,-0.002723098,0.003594279,-0.010292361,-0.004523712,-0.000886973,watch,user3,lie
30.866757632,0.003620967,-0.002710611,0.004004419,-0.010108736,-0.002001699,-0.000492226,watch,user3,lie
30.876756480,0.002599657,-0.001206726,0.001631737,0.000913821,0.000981575,0.002676669,watch,user3,lie
30.886755328,0.001703069,0.002126545,0.000740767,0.009039037,0.004879022,0.002281856,watch,user3,lie
30.896754432,0.001986340,0.004563808,-0.000981629,0.010599649,0.002990308,0.000378761,watch,user3,lie
30.906753536,0.002683938,0.001696080,0.000680685,0.010028712,-0.001803204,-0.001535187,watch,user3,lie
30.916752384,0.006036893,0.000788033,0.000203252,0.004706917,-0.005768385,-0.004004736,watch,user3,lie
30.926751488,0.009035915,-0.001885742,0.003434479,0.000973653,-0.007229573,-0.000437631,watch,user3,lie
30.936750592,0.004966587,-0.002832592,0.001510799,0.000413857,-0.002837488,-0.004390828,watch,user3,lie
30.946748416,0.002658069,-0.003814578,0.001816511,0.000679596,-0.001623796,-0.002255838,watch,user3,lie
30.956747520,0.002289340,-0.002797574,0.002056122,-0.001055187,-0.000033889,-0.000436633,watch,user3,lie
30.966746368,0.000761509,-0.002107918,0.002149403,0.000589892,0.001350600,0.000090340,watch,user3,lie
30.976745472,0.000474155,-0.000925928,0.001537144,-0.000385358,0.002145553,0.000100727,watch,user3,lie
30.986744576,0.000297800,-0.002712578,0.000795662,-0.002943147,0.004453892,0.000896080,watch,user3,lie
30.996743680,0.000450075,-0.002914816,0.000588179,-0.004767945,0.003847491,0.002567213,watch,user3,lie
31.006742272,0.002171040,-0.001161784,0.000893712,-0.003325266,0.004471381,-0.000627182,watch,user3,lie
31.016741376,0.003430441,0.000276029,0.000451505,0.000711820,0.002266017,0.000490281,watch,user3,lie
31.026740480,0.005891398,0.000655174,0.003300011,0.002016769,0.000983705,0.000192007,watch,user3,lie
31.036739584,0.004730076,0.002115250,0.005639195,0.008087444,-0.001956158,0.002133451,watch,user3,lie
31.046737664,0.004558668,0.000861108,0.004415572,0.011690035,0.000229232,-0.000106334,watch,user3,lie
31.056736256,0.004316628,0.000547260,0.003647804,0.014908998,0.002202901,-0.000012857,watch,user3,lie
31.066735360,0.002045631,0.000151545,0.001711369,0.016182523,0.003124088,0.000109515,watch,user3,lie
31.076734464,0.003130451,0.000995576,0.000462890,0.021356246,0.003154980,-0.000620990,watch,user3,lie
31.086733568,0.004407063,0.000261098,0.001569152,0.020850644,0.004291351,-0.002319887,watch,user3,lie
31.096732416,0.004137844,-0.003175855,0.000599146,0.010800406,0.000808735,-0.003270103,watch,user3,lie
31.106731520,0.004732326,-0.004879266,-0.000357687,-0.000382162,0.000001442,-0.001564015,watch,user3,lie
31.116730112,0.006114095,-0.006905615,0.000871837,-0.007573762,-0.003888105,-0.000621256,watch,user3,lie
31.126729216,0.005071685,-0.007151157,0.002250552,-0.014458344,-0.004960736,-0.001108814,watch,user3,lie
31.136728064,0.005825266,-0.006723255,-0.000081062,-0.016563041,-0.004433963,0.000045932,watch,user3,lie
31.146726144,0.005462080,-0.002498418,0.000922680,-0.011748179,-0.002987068,-0.001184115,watch,user3,lie
31.156724992,0.003706738,0.001059711,0.000669241,-0.005137680,-0.002096507,-0.001319404,watch,user3,lie
31.166724096,0.002885208,0.003560275,-0.000684500,0.002193159,-0.002188032,-0.003431890,watch,user3,lie
31.176723200,0.002017021,0.002654433,0.003055215,0.005964461,-0.000678285,-0.001441177,watch,user3,lie
31.186722048,0.001382232,0.001463145,0.003115773,0.007320277,-0.001874577,-0.006437933,watch,user3,lie
31.196721152,0.003015757,0.001996100,0.002082646,0.013527839,0.003690630,-0.000079902,watch,user3,lie
31.206720256,0.001988426,0.000619084,0.002408981,0.014328652,0.003255736,-0.000831713,watch,user3,lie
31.216719360,0.001585573,-0.000361383,-0.000206470,0.008558647,0.002369170,-0.000171249,watch,user3,lie
31.226717952,0.002316952,-0.003644258,0.000510812,0.003759098,0.000393903,-0.001306022,watch,user3,lie
31.236716032,0.002935275,-0.003688335,0.000421166,-0.002459649,-0.001761925,-0.001128921,watch,user3,lie
31.246715136,0.004620537,-0.003881156,0.000431418,-0.006952669,-0.001506262,0.001794431,watch,user3,lie
31.256714240,0.002886146,-0.003543496,0.000130951,-0.010406522,0.000528126,0.000807197,watch,user3,lie
31.266713344,0.003587246,-0.002778649,0.002125740,-0.008827001,0.003193684,0.001552882,watch,user3,lie
31.276711936,0.003458813,-0.002531499,0.002664387,-0.009039921,-0.001692950,0.002158285,watch,user3,lie
31.286711040,0.005224109,-0.001838416,0.002797246,-0.006272852,-0.003329018,0.000126360,watch,user3,lie
31.296710144,0.005106136,-0.000637382,0.003128469,-0.001930568,-0.002367350,0.001827853,watch,user3,lie
31.306709248,0.005971849,0.001108259,0.002923250,0.005743597,-0.001331913,-0.000987508,watch,user3,lie
31.316708096,0.003592506,0.002730906,0.003328204,0.010494675,0.001114466,0.001749690,watch,user3,lie
31.326707200,0.002992138,0.002801567,0.001004159,0.011495225,-0.000328168,-0.001063940,watch,user3,lie
31.336705024,0.002661929,0.001262486,0.000656068,0.008854701,-0.002030993,-0.004170251,watch,user3,lie
31.346704128,0.001868904,-0.001287341,0.000625730,0.006688797,-0.001082731,-0.001259483,watch,user3,lie
31.356703232,-0.000388965,-0.003212214,0.002055049,0.001176586,0.003277397,0.000967186,watch,user3,lie
31.366702080,-0.002456978,-0.003866732,0.001848221,-0.001345916,0.010036677,0.001615866,watch,user3,lie
31.376701184,0.000847593,-0.004492879,0.004282355,0.001003791,0.006857395,0.003142390,watch,user3,lie
31.386700288,0.004719645,-0.002665907,0.003392041,0.008223976,0.005510191,0.001834511,watch,user3,lie
31.396699136,0.008169398,0.000184208,0.000905752,0.011794742,0.000552450,-0.001696574,watch,user3,lie
31.406697984,0.009067476,0.001374066,-0.001357675,0.011275914,0.000105661,-0.005204024,watch,user3,lie
31.416697088,0.008846879,0.000057578,-0.001466811,0.002625701,-0.003256846,-0.005365411,watch,user3,lie
31.426696192,0.006779999,-0.004135281,0.000200629,-0.009375835,-0.007812183,-0.003371236,watch,user3,lie
31.436694272,0.006680816,-0.006231010,0.000698566,-0.017863328,-0.006470749,-0.006481542,watch,user3,lie
31.446693120,0.004730627,-0.005429566,0.001065254,-0.018579984,-0.007389273,-0.003333686,watch,user3,lie
31.456692224,0.003523499,-0.002112538,0.000508070,-0.014557014,-0.008610600,-0.000683841,watch,user3,lie
31.466691072,-0.000365809,0.002873570,0.002980232,-0.004910512,-0.003013966,-0.001217272,watch,user3,lie
31.476690176,-0.000153989,0.003885806,0.004630923,0.005437200,0.001965080,0.002400366,watch,user3,lie
31.486689280,-0.001084059,0.004018456,0.002772093,0.014715564,0.006678786,0.001130172,watch,user3,lie
31.496688128,-0.001028314,0.003952384,0.000810623,0.018682342,0.008269758,0.001485704,watch,user3,lie
31.506686976,0.001560941,0.004559755,0.001959682,0.020061815,0.005115866,0.000533690,watch,user3,lie
31.516686080,0.004625753,0.001564085,0.000625014,0.024016609,0.004914797,-0.001158482,watch,user3,lie
31.526685184,0.003936008,0.000689685,0.000279963,0.021194458,0.001757087,0.000082950,watch,user3,lie
31.536683264,0.004785702,-0.002341717,-0.000010490,0.014123233,-0.000674912,0.000380159,watch,user3,lie
31.546682112,0.005011827,-0.005030155,0.000602305,0.004061766,-0.001585891,-0.001024858,watch,user3,lie
31.556681216,0.002943307,-0.007270962,0.000223994,-0.007775452,0.001202439,0.001253742,watch,user3,lie
31.566680064,0.003215551,-0.008203566,0.001515448,-0.016490558,-0.000311479,0.000364246,watch,user3,lie
31.576679168,0.003828853,-0.005486876,0.002602398,-0.018427474,0.000306374,0.003517163,watch,user3,lie
31.586678272,0.002108648,-0.004328579,0.002693892,-0.018117484,0.003338649,0.002980802,watch,user3,lie
31.596677120,0.003525794,-0.002462864,0.001222134,-0.014833805,0.002534907,-0.002165756,watch,user3,lie
31.606676224,0.003623441,-0.000521213,0.001009822,-0.015043708,0.000381298,0.002142506,watch,user3,lie
31.616675328,0.005064294,0.000026405,0.001005292,-0.012535276,0.001131510,0.002538784,watch,user3,lie
31.626673152,0.006571159,0.001199216,0.001859128,-0.008484741,-0.002022738,0.001500484,watch,user3,lie
31.636672256,0.006766275,-0.000145853,0.002724886,-0.008751057,-0.006299241,-0.000701684,watch,user3,lie
31.646671104,0.005208373,0.000897378,0.003479421,-0.002878653,-0.001759351,-0.004134698,watch,user3,lie
31.656670208,0.002826035,0.002442926,0.003410339,0.006996082,0.002847385,-0.001331188,watch,user3,lie
31.666669312,0.000533238,0.001122892,0.000599921,0.011322210,0.003980649,-0.001741848,watch,user3,lie
31.676668160,-0.000981003,0.000170469,0.000340044,0.012456982,0.004653363,0.001167123,watch,user3,lie
31.686667008,0.002345860,-0.002045065,-0.002235174,0.004306644,0.002546004,0.000626102,watch,user3,lie
31.696666112,0.006381378,-0.005501390,-0.000129461,-0.005288459,-0.001655133,0.000846878,watch,user3,lie
31.706665216,0.009123534,-0.005829930,0.000299215,-0.016759759,-0.005577703,-0.000040887,watch,user3,lie
31.716664320,0.006748468,-0.006776333,-0.000698984,-0.020853037,-0.008233141,0.000375099,watch,user3,lie
31.726662400,0.006251574,-0.003990054,0.000603914,-0.018403195,-0.009036349,-0.000547686,watch,user3,lie
31.736660992,0.003754392,-0.002092808,0.002529979,-0.017917968,-0.007650441,0.000719179,watch,user3,lie
31.746660096,0.004512802,-0.000048965,0.004278183,-0.010977903,-0.006522859,-0.001950839,watch,user3,lie
31.756659200,0.003716618,0.002663463,0.003658295,-0.004388178,-0.005334557,-0.000380373,watch,user3,lie
31.766658304,0.000866517,0.001171172,0.002296329,0.001782899,0.000208547,-0.001691181,watch,user3,lie
31.776657152,0.000758380,0.001682609,0.001323044,0.005303598,0.001841598,-0.000977720,watch,user3,lie
31.786656256,0.002286509,0.001477838,0.000671804,0.007927878,0.001328673,-0.001728599,watch,user3,lie
31.796655104,0.005049616,0.000276446,0.001254439,0.005343279,0.001252506,-0.001299031,watch,user3,lie
31.806654208,0.004525512,-0.000938505,0.001158476,-0.002984825,-0.000447922,-0.000242754,watch,user3,lie
31.816653056,0.006156117,-0.003330827,0.002203524,-0.002547268,-0.003198967,0.001555412,watch,user3,lie
31.826651136,0.006079510,-0.003289491,0.001533926,-0.005095291,-0.005434069,0.002758761,watch,user3,lie
31.836650240,0.003658518,-0.002587289,0.003177822,-0.004319246,-0.004112343,0.002144370,watch,user3,lie
31.846649088,0.003847986,-0.000168383,0.001340508,-0.002192978,0.000916504,-0.000858211,watch,user3,lie
31.856648192,0.002469197,0.000175714,0.001238585,0.003853196,0.001589752,-0.000686437,watch,user3,lie
31.866647040,0.001719505,0.000545382,0.003164232,0.008628066,0.001034838,-0.002173147,watch,user3,lie
31.876646144,0.004169121,0.001506597,0.002382517,0.006615249,0.004469250,0.001265260,watch,user3,lie
31.886645248,0.000652820,-0.000884086,0.001987159,0.009625509,0.004425929,-0.001271800,watch,user3,lie
31.896644352,0.002962708,-0.001242965,0.000807822,0.003722879,0.001887138,-0.000855548,watch,user3,lie
31.906643200,0.004539877,-0.003061652,0.000359893,-0.003758961,0.000771984,-0.001797841,watch,user3,lie
31.916641024,0.005390406,-0.005114555,0.000227928,-0.008833082,-0.001548162,-0.000260664,watch,user3,lie
31.926640128,0.005633861,-0.003323138,0.001301169,-0.008988966,-0.000872607,0.001748025,watch,user3,lie
31.936639232,0.004704848,-0.002484560,0.001081049,-0.005892242,-0.001979417,-0.001096231,watch,user3,lie
31.946638336,0.004965514,0.000055164,0.002024233,-0.002241137,0.000485250,0.001885311,watch,user3,lie
31.956637184,0.003352091,-0.000171572,0.001585245,0.000179144,-0.001217309,0.000817383,watch,user3,lie
31.966636032,0.003612772,0.002171487,0.000665605,0.004452274,0.000409438,-0.001450165,watch,user3,lie
31.976635136,0.002729639,0.002019107,0.002360106,0.007802265,0.002515732,-0.000818996,watch,user3,lie
31.986634240,0.003443971,0.000751227,0.001724243,0.011038583,-0.000991739,-0.000331171,watch,user3,lie
31.996633088,0.004066214,0.000198364,0.000713170,0.007262753,0.000164605,-0.002373816,watch,user3,lie
32.006632192,0.003820449,-0.000751466,0.001518250,0.006884007,0.000457375,-0.001237512,watch,user3,lie
32.016630016,0.004217356,-0.003867507,0.001950443,0.002298842,-0.001063556,-0.001179188,watch,user3,lie
32.026629120,0.004607454,-0.003424913,0.002165198,-0.002982517,0.001994907,0.001029038,watch,user3,lie
32.036628224,0.004207924,-0.003220022,0.002558887,-0.005458191,-0.002113818,0.001070850,watch,user3,lie
32.046627072,0.002018303,-0.001926392,0.003251433,-0.004667232,-0.002601443,0.001730781,watch,user3,lie
32.056626176,0.003375217,0.000355005,-0.000225365,0.001044449,-0.001992111,-0.000998693,watch,user3,lie
32.066625280,0.002999455,0.000460774,-0.001869857,0.002161157,-0.001373015,-0.004741034,watch,user3,lie
32.076624384,0.003795162,0.003694624,-0.002240717,0.011578361,-0.005619159,-0.007629764,watch,user3,lie
32.086622976,0.002518862,0.008955777,-0.005375326,0.034924384,-0.005667273,-0.014197186,watch,user3,lie
32.096622080,0.004557550,0.013816953,-0.005230069,0.067826144,-0.010993595,-0.024416268,watch,user3,lie
32.106621184,0.001948163,0.017508715,-0.003113925,0.092499577,-0.006191206,-0.038356919,watch,user3,lie
32.116620544,0.001295000,0.017886221,-0.004839480,0.124058299,-0.008907629,-0.049015153,watch,user3,lie
32.126619392,0.006018803,0.017984867,-0.006276727,0.145892754,-0.011555346,-0.053713370,watch,user3,lie
32.136618496,0.006312668,0.019522816,-0.003956199,0.156544074,-0.008485785,-0.058323033,watch,user3,lie
32.146617600,0.003573835,0.014162660,0.002057850,0.145779446,-0.006857528,-0.065440267,watch,user3,lie
32.156616448,0.000069916,0.007314950,0.007211924,0.134929985,-0.012880534,-0.070071772,watch,user3,lie
32.166615552,0.001094609,0.003695875,0.002078414,0.134929627,-0.012699528,-0.066388614,watch,user3,lie
32.176614656,0.004827529,0.001519978,0.002653420,0.131806806,-0.019695919,-0.066127628,watch,user3,lie
32.186613504,0.003949329,-0.002603114,0.004859686,0.155406192,-0.035531696,-0.080815032,watch,user3,lie
32.196612352,0.002432927,0.013038039,-0.018429220,0.190108240,-0.051661398,-0.080438994,watch,user3,lie
32.206610688,0.007202357,0.017809421,-0.019841969,0.211418509,-0.055743311,-0.078415520,watch,user3,lie
32.216609536,0.006739870,0.007092983,-0.008071899,0.232737109,-0.068834081,-0.081557252,watch,user3,lie
32.226608640,0.007716402,-0.001130074,-0.024445295,0.248957589,-0.083788969,-0.093394130,watch,user3,lie
32.236607488,0.006566614,0.004517823,-0.028135538,0.251766950,-0.082365513,-0.116863243,watch,user3,lie
32.246606592,0.002090886,0.025446355,-0.011306286,0.265942186,-0.075141512,-0.142808095,watch,user3,lie
32.256605440,0.001633301,0.043066770,-0.004596353,0.311248153,-0.075243250,-0.165378928,watch,user3,lie
32.266604544,0.007262766,0.051948071,-0.008687735,0.365950912,-0.082370840,-0.177912951,watch,user3,lie
32.276603648,0.012211934,0.050805032,-0.004066885,0.420533717,-0.076014675,-0.187539741,watch,user3,lie
32.286602496,0.012312114,0.047573030,-0.000737071,0.465304464,-0.065722175,-0.194740206,watch,user3,lie
32.296601600,0.008567974,0.043106496,0.001353383,0.496123344,-0.060239263,-0.209096506,watch,user3,lie
32.306599424,0.005620822,0.039083809,0.009529769,0.507906735,-0.056961179,-0.219576702,watch,user3,lie
32.316598528,0.006298363,0.040106863,0.016526520,0.514515936,-0.054798689,-0.226708919,watch,user3,lie
32.326597632,0.004815534,0.038608015,0.020802736,0.519510865,-0.039520223,-0.230005115,watch,user3,lie
32.336596736,0.001756355,0.034542471,0.019055307,0.535980344,-0.036459185,-0.233383864,watch,user3,lie
32.346595584,0.001275405,0.029722452,0.011434436,0.568055928,-0.057113957,-0.248334855,watch,user3,lie
32.356594432,0.002512142,0.044789284,-0.007857025,0.623929858,-0.084520273,-0.287030309,watch,user3,lie
32.366593536,0.003177792,0.070353389,-0.025491059,0.715873301,-0.113009349,-0.332438886,watch,user3,lie
32.376592640,0.008474633,0.087228417,-0.043661773,0.809409916,-0.130212322,-0.373545021,watch,user3,lie
32.386591488,0.015178412,0.088530272,-0.045354784,0.887783170,-0.149103448,-0.410866112,watch,user3,lie
32.396589568,0.014552817,0.086852670,-0.041990340,0.953033030,-0.193462655,-0.460572153,watch,user3,lie
32.406588416,0.013110265,0.094314694,-0.053891480,1.012001276,-0.227996215,-0.519244671,watch,user3,lie
32.416587520,0.010064721,0.113733917,-0.060016990,1.081567049,-0.246087596,-0.569767773,watch,user3,lie
32.426586624,0.015729308,0.132621467,-0.035878360,1.168854713,-0.281490505,-0.631450772,watch,user3,lie
32.436585472,0.023334056,0.151348531,-0.032938719,1.305188417,-0.335831761,-0.692249715,watch,user3,lie
32.446584576,0.031227112,0.162506044,-0.041759849,1.458604813,-0.365984440,-0.727558911,watch,user3,lie
32.456583680,0.029580012,0.163039967,-0.042618275,1.602054358,-0.359385401,-0.743773520,watch,user3,lie
32.466582528,0.021142542,0.155227602,-0.043465912,1.686812162,-0.353868306,-0.762818933,watch,user3,lie
32.476581376,0.016449437,0.130382642,-0.041872203,1.656448960,-0.389798880,-0.784568727,watch,user3,lie
32.486580480,0.022648513,0.088821858,-0.030533791,1.512609243,-0.443909496,-0.798951089,watch,user3,lie
32.496578560,0.028792709,0.042944193,-0.016378164,1.285889745,-0.490756363,-0.808020771,watch,user3,lie
32.506577664,0.025525525,0.016567647,-0.003818154,1.055760264,-0.519266427,-0.815934002,watch,user3,lie
32.516576768,0.018841371,0.013728455,-0.002016604,0.897224247,-0.544579804,-0.839204431,watch,user3,lie
32.526575360,0.014634684,0.035512060,0.004630029,0.842654228,-0.557773888,-0.863182485,watch,user3,lie
32.536574464,0.017545849,0.066321120,0.004945159,0.887699246,-0.551922977,-0.876180828,watch,user3,lie
32.546573568,0.024035186,0.089094043,0.000352442,0.998363733,-0.534116983,-0.879286230,watch,user3,lie
32.556572672,0.030936837,0.092082322,-0.000034750,1.106476903,-0.520253897,-0.876332521,watch,user3,lie
32.566571520,0.036673546,0.074787557,0.004956663,1.166044235,-0.513774037,-0.868529975,watch,user3,lie
32.576570624,0.041050702,0.049063176,0.012837887,1.172104001,-0.511025965,-0.852809072,watch,user3,lie
32.586569472,0.037569165,0.024292313,0.031482637,1.137996674,-0.500937700,-0.834973693,watch,user3,lie
32.596567552,0.030785680,0.001272678,0.053471029,1.072128177,-0.481977105,-0.816235721,watch,user3,lie
32.606566656,0.023481995,-0.014186364,0.070442200,1.009370089,-0.459005028,-0.795594811,watch,user3,lie
32.616565504,0.020273358,-0.019257126,0.076650441,0.965329289,-0.443692118,-0.779254675,watch,user3,lie
32.626564608,0.024912983,-0.017336495,0.078167915,0.956394494,-0.417149335,-0.755381823,watch,user3,lie
32.636563456,0.027388275,-0.020250421,0.076208353,0.948081434,-0.381394804,-0.727576315,watch,user3,lie
32.646562560,0.027762860,-0.024385564,0.073644459,0.913934588,-0.355300188,-0.706420362,watch,user3,lie
32.656561408,0.029104263,-0.035181105,0.068271697,0.852608919,-0.338955045,-0.668131828,watch,user3,lie
32.666560512,0.031958103,-0.055020478,0.065302134,0.765166044,-0.320869863,-0.608773172,watch,user3,lie
32.676559616,0.030699581,-0.076746866,0.069336891,0.674412191,-0.292441696,-0.543895900,watch,user3,lie
32.686557696,0.019185066,-0.086739257,0.065431058,0.581851244,-0.265510291,-0.499157280,watch,user3,lie
32.696556544,0.009872735,-0.084826380,0.068476617,0.524314702,-0.239129022,-0.475143284,watch,user3,lie
32.706555392,0.006712466,-0.078439385,0.066052318,0.517056227,-0.211246446,-0.458342284,watch,user3,lie
32.716554496,0.011904806,-0.069176242,0.047640204,0.547026157,-0.196959123,-0.437134981,watch,user3,lie
32.726553600,0.024888426,-0.052936107,0.028434098,0.590873659,-0.192312598,-0.421557844,watch,user3,lie
32.736552704,0.034868330,-0.037960403,0.018782854,0.607453704,-0.179048732,-0.418359905,watch,user3,lie
32.746551552,0.035277218,-0.035421275,0.020686030,0.582637429,-0.165958405,-0.403323293,watch,user3,lie
32.756550400,0.029120296,-0.047921509,0.023903966,0.526416242,-0.156668767,-0.371889472,watch,user3,lie
32.766549504,0.020971060,-0.069689505,0.025439322,0.429829955,-0.148126334,-0.314806432,watch,user3,lie
32.776548608,0.014977276,-0.087854080,0.028908074,0.316696227,-0.142827168,-0.260731995,watch,user3,lie
32.786546688,0.005180508,-0.093783662,0.029994845,0.215946585,-0.139831126,-0.223586157,watch,user3,lie
32.796545536,0.000029832,-0.086407244,0.027597189,0.147095621,-0.130393669,-0.201833189,watch,user3,lie
32.806544384,0.003307253,-0.072365902,0.023967326,0.120379455,-0.118486151,-0.191229358,watch,user3,lie
32.816543488,0.011182100,-0.054146625,0.017690539,0.127252281,-0.109280132,-0.176016584,watch,user3,lie
32.826542592,0.017854810,-0.036887415,0.022458553,0.145860851,-0.097679935,-0.155140981,watch,user3,lie
32.836541440,0.018070310,-0.024859600,0.028663278,0.156695381,-0.078705177,-0.136899933,watch,user3,lie
32.846540544,0.012099296,-0.024742208,0.028427064,0.138716385,-0.062876679,-0.119861290,watch,user3,lie
32.856539648,0.009675175,-0.031422406,0.030454516,0.100729585,-0.051272489,-0.097392201,watch,user3,lie
32.866538752,0.005961031,-0.037520215,0.030852675,0.055681817,-0.040951937,-0.072165877,watch,user3,lie
32.876537344,0.003425092,-0.039089136,0.031910598,0.006861813,-0.024397196,-0.054028954,watch,user3,lie
32.886535424,0.003369212,-0.038652584,0.034003317,-0.037385542,-0.009785764,-0.040878929,watch,user3,lie
32.896534528,0.001569182,-0.034622990,0.035194397,-0.066830248,-0.000878288,-0.025064548,watch,user3,lie
32.906533632,0.004983783,-0.029207923,0.028819501,-0.086299643,0.003451390,-0.006578082,watch,user3,lie
32.916532736,0.007613987,-0.025466695,0.023276687,-0.085592575,0.010588395,0.007589136,watch,user3,lie
32.926531328,0.007128030,-0.022588253,0.016710639,-0.071893409,0.016781842,0.018257426,watch,user3,lie
32.936530432,0.003864408,-0.018363833,0.004933178,-0.038622003,0.019789882,0.022533664,watch,user3,lie
32.946529536,0.005114257,-0.013227627,-0.002111495,-0.008235292,0.020678226,0.019007571,watch,user3,lie
32.956528640,0.007960141,-0.007378742,-0.003258526,0.012425512,0.023192516,0.018351102,watch,user3,lie
32.966527488,0.006967306,-0.007459752,-0.001399040,0.014655643,0.027911371,0.020594018,watch,user3,lie
32.976525312,0.003118277,-0.008122355,0.003373623,0.002502840,0.031989735,0.028785635,watch,user3,lie
32.986524416,0.002998233,-0.009079814,0.006643713,-0.032894790,0.033649594,0.033018529,watch,user3,lie
32.996523520,0.002929568,-0.011050053,0.012643218,-0.066715330,0.036253102,0.038255636,watch,user3,lie
33.006522624,0.005753011,-0.007562973,0.011521399,-0.088318631,0.034788094,0.041882195,watch,user3,lie
33.016521472,0.004559427,-0.003440052,0.012303293,-0.092486478,0.034944955,0.045585323,watch,user3,lie
33.026520576,0.002360404,0.000890471,0.004905403,-0.084891714,0.034888584,0.046471685,watch,user3,lie
33.036519680,0.003023028,0.001536779,-0.000095248,-0.069505304,0.037170649,0.050005969,watch,user3,lie
33.046518528,0.000558496,0.005484737,-0.001082301,-0.055196542,0.043652784,0.046741799,watch,user3,lie
33.056517376,-0.002118737,0.007412247,-0.002087653,-0.040083636,0.046592381,0.043598738,watch,user3,lie
33.066516480,-0.002397895,0.007932283,0.001163781,-0.037277728,0.047527950,0.040142354,watch,user3,lie
33.076514560,-0.001062483,0.009094454,0.002794743,-0.037164278,0.047212631,0.037254687,watch,user3,lie
33.086513664,0.001202792,0.010509178,0.004782021,-0.030073302,0.048098043,0.026175870,watch,user3,lie
33.096512512,0.002393752,0.017014988,0.005847335,-0.016398769,0.052341521,0.014173802,watch,user3,lie
33.106511360,0.000719398,0.021809258,0.001790762,0.011336812,0.057392299,-0.005589383,watch,user3,lie
33.116509696,0.000943154,0.030061647,0.002289534,0.033136915,0.063906655,-0.023231229,watch,user3,lie
33.126508800,0.004846483,0.030020632,0.009972453,0.043463767,0.067667745,-0.028460743,watch,user3,lie
33.136507904,0.003280103,0.021655291,0.014211535,0.039801124,0.065501533,-0.025565887,watch,user3,lie
33.146507008,0.002340108,0.014317885,0.011992335,0.031872094,0.065343075,-0.018038463,watch,user3,lie
33.156505856,0.000369430,0.010226250,0.006943941,0.031226275,0.059185050,-0.019637957,watch,user3,lie
33.166503936,-0.002277881,0.012859441,-0.001680911,0.041973419,0.053787708,-0.031932507,watch,user3,lie
33.176502784,-0.002664864,0.020766012,-0.011392295,0.068134181,0.049563136,-0.046383351,watch,user3,lie
33.186501888,-0.003491372,0.024078809,-0.015674353,0.090316534,0.052076183,-0.059564669,watch,user3,lie
33.196500992,-0.002751172,0.022384122,-0.014536500,0.092083015,0.043013446,-0.060505830,watch,user3,lie
33.206499840,-0.000570923,0.013190925,-0.017405033,0.071276225,0.029422626,-0.051200278,watch,user3,lie
33.216498944,0.006205291,0.003316924,-0.015895426,0.043081868,0.018295139,-0.041777212,watch,user3,lie
33.226498048,0.009126514,-0.005711511,-0.011824667,0.020824855,0.009223436,-0.035701346,watch,user3,lie
33.236496896,0.008943260,-0.009899043,-0.015347600,0.011157315,0.000563103,-0.036296297,watch,user3,lie
33.246495744,0.010134161,-0.005811408,-0.016973555,0.015634043,-0.006229999,-0.041003499,watch,user3,lie
33.256494848,0.015114337,0.000082716,-0.015243411,0.038104467,-0.009379453,-0.049759176,watch,user3,lie
33.266492928,0.012541771,0.002332814,-0.014755368,0.049056452,-0.013341172,-0.052069332,watch,user3,lie
33.276492032,0.007392853,0.002614543,-0.009764552,0.047154423,-0.014071144,-0.048283115,watch,user3,lie
33.286490880,0.003606349,0.000097208,-0.008541703,0.037412487,-0.020330993,-0.049457170,watch,user3,lie
33.296489728,0.003730655,-0.003300428,-0.006065607,0.017584721,-0.024257559,-0.040902298,watch,user3,lie
33.306488832,0.002468437,-0.008733571,0.002166867,-0.008658113,-0.024568528,-0.037602976,watch,user3,lie
33.316487936,0.000730425,-0.009034954,0.003494680,-0.027196109,-0.024945099,-0.032279316,watch,user3,lie
33.326487040,-0.000760049,-0.005097352,0.008059382,-0.025306998,-0.020436101,-0.034752928,watch,user3,lie
33.336485888,-0.001258194,-0.001939610,0.011331558,-0.000519892,-0.009486246,-0.036317270,watch,user3,lie
33.346484992,0.000762522,0.005011640,0.014667869,0.028077265,0.005334511,-0.040262144,watch,user3,lie
33.356483840,0.000751734,0.010890462,0.019147575,0.054975990,0.024714869,-0.044216137,watch,user3,lie
33.366481920,0.000206858,0.011434898,0.023358643,0.058739658,0.044736870,-0.047585037,watch,user3,lie
33.376481024,0.000303388,0.008579545,0.032030761,0.039559573,0.059935793,-0.046592742,watch,user3,lie
33.386479872,-0.002291441,0.004960865,0.037752807,0.004472869,0.079105407,-0.045759041,watch,user3,lie
33.396478976,-0.005102426,0.000815190,0.044605315,-0.034387711,0.099708952,-0.046151593,watch,user3,lie
33.406477824,-0.005526274,-0.003342800,0.047040343,-0.065147892,0.116549715,-0.042310711,watch,user3,lie
33.416476928,-0.002012908,-0.005886830,0.044159651,-0.078419216,0.124876626,-0.031299073,watch,user3,lie
33.426475776,0.000834674,-0.004683249,0.041771531,-0.063234180,0.133529842,-0.018840475,watch,user3,lie
33.436474880,0.002170742,-0.001339339,0.033348560,-0.021373820,0.150966361,-0.006661838,watch,user3,lie
33.446473984,0.002330750,0.006514855,0.022999406,0.032618131,0.167716399,-0.007546407,watch,user3,lie
33.456473088,-0.000107586,0.010382429,0.011809528,0.089162901,0.180356026,-0.016412336,watch,user3,lie
33.466470912,0.000448406,0.012299180,0.005604863,0.128089130,0.183230907,-0.026187934,watch,user3,lie
33.476469760,0.002505273,0.007528394,0.001143217,0.148433819,0.179578915,-0.030508647,watch,user3,lie
33.486468864,0.004011393,0.000993438,-0.004525006,0.133779824,0.173017338,-0.028276054,watch,user3,lie
33.496467968,0.006058365,-0.004753657,-0.005087197,0.102713242,0.157199219,-0.019183489,watch,user3,lie
33.506467072,0.006154925,-0.013775088,-0.011108279,0.060683366,0.140602946,-0.004698356,watch,user3,lie
33.516465920,0.009277701,-0.024664283,-0.017792523,0.013271376,0.122265212,0.017230378,watch,user3,lie
33.526464768,0.012140244,-0.029669397,-0.025404453,-0.024638323,0.103030272,0.036017183,watch,user3,lie
33.536463872,0.010144651,-0.025366433,-0.034257770,-0.027091093,0.081766255,0.036964469,watch,user3,lie
33.546462976,0.008963019,-0.019090496,-0.041355908,-0.006664470,0.063130967,0.030751981,watch,user3,lie
33.556461056,0.012921095,-0.011484802,-0.046512723,0.019171389,0.043362588,0.024477307,watch,user3,lie
33.566459904,0.014340580,-0.002744898,-0.044951439,0.036248464,0.023010267,0.016069306,watch,user3,lie
33.576458752,0.013309032,0.003383823,-0.042090893,0.035234865,0.002872774,0.009356277,watch,user3,lie
33.586457856,0.010265470,0.002151079,-0.039180815,0.010797256,-0.015467795,0.003614635,watch,user3,lie
33.596456960,0.008687645,-0.003225796,-0.029456973,-0.032574721,-0.029680286,0.010815823,watch,user3,lie
33.606455808,0.005666107,-0.009096473,-0.018799245,-0.081330493,-0.040086143,0.019565305,watch,user3,lie
33.616454912,0.001802295,-0.009418547,-0.012365222,-0.118319668,-0.052552931,0.021987982,watch,user3,lie
33.626454016,0.002674907,-0.005227134,-0.006378949,-0.134702548,-0.058205135,0.019506317,watch,user3,lie
33.636452864,0.000980407,0.002991781,-0.003426433,-0.121163301,-0.057226956,0.014684663,watch,user3,lie
33.646451712,0.004126430,0.013295621,-0.002327740,-0.087977611,-0.054400638,0.006592847,watch,user3,lie
33.656449792,0.003154933,0.021007814,0.000494480,-0.044859171,-0.045626588,-0.000533505,watch,user3,lie
33.666448896,0.001680553,0.024531119,0.005003333,-0.003453009,-0.034307085,-0.008134499,watch,user3,lie
33.676448000,-0.001180679,0.025747396,0.014121652,0.020312775,-0.021152668,-0.013885063,watch,user3,lie
33.686447104,-0.004570872,0.020779729,0.020121276,0.024253009,-0.009660505,-0.018623093,watch,user3,lie
33.696445696,-0.003309250,0.016834877,0.026161849,0.011574233,0.001898944,-0.019620180,watch,user3,lie
33.706444800,-0.002025753,0.009099282,0.030099332,-0.002053651,0.012156820,-0.021501772,watch,user3,lie
33.716443904,-0.001275063,0.004822440,0.032147050,-0.011368056,0.024257956,-0.019706268,watch,user3,lie
33.726443008,-0.001238585,-0.000333823,0.027275324,-0.007546687,0.034211788,-0.019102661,watch,user3,lie
33.736441856,0.000837922,-0.001769677,0.022506893,0.003341914,0.047148891,-0.020072851,watch,user3,lie
33.746440960,0.002713233,0.000693686,0.018027365,0.016783776,0.054466017,-0.021677008,watch,user3,lie
33.756438784,0.004738152,0.000515074,0.012063503,0.029409822,0.056068707,-0.013352231,watch,user3,lie
33.766437888,0.006868929,-0.003535941,0.005439162,0.028358405,0.053710476,-0.004759276,watch,user3,lie
33.776436992,0.008419424,-0.005377211,0.004947782,0.026704583,0.055323552,0.001684242,watch,user3,lie
33.786435840,0.006437123,-0.009239867,0.002207994,0.025196169,0.060943890,0.004537287,watch,user3,lie
33.796434944,0.003017247,-0.013327539,-0.001536548,0.015367240,0.063284010,0.010731000,watch,user3,lie
33.806433792,0.002667338,-0.017522052,-0.002760231,-0.006629671,0.059276748,0.020960202,watch,user3,lie
33.816432896,0.003948450,-0.019734286,-0.001267970,-0.033036515,0.053244423,0.027886285,watch,user3,lie
33.826431744,0.005542934,-0.020091295,0.002331793,-0.056358881,0.046542313,0.033184908,watch,user3,lie
33.836430848,0.009050906,-0.018620722,0.004323065,-0.065929480,0.045812875,0.040752813,watch,user3,lie
33.846429952,0.007689863,-0.019882642,0.003744781,-0.063268140,0.048062623,0.054359104,watch,user3,lie
33.856428032,0.005698621,-0.018167898,-0.000515163,-0.056709573,0.046851680,0.063980311,watch,user3,lie
33.866426880,0.009047896,-0.012741730,-0.004227579,-0.046171043,0.044175737,0.063304730,watch,user3,lie
33.876425984,0.009305298,-0.006973766,-0.003342390,-0.043235976,0.046261258,0.059909999,watch,user3,lie
33.886424832,0.007382482,-0.005789317,-0.000443995,-0.038103797,0.049982764,0.058855917,watch,user3,lie
33.896423936,0.004299641,-0.004904903,0.003751338,-0.043247692,0.052858442,0.063675709,watch,user3,lie
33.906423040,0.002742410,-0.004980862,0.008066654,-0.048304990,0.053550776,0.072352618,watch,user3,lie
33.916421888,0.000717849,-0.004038751,0.009425759,-0.056656398,0.051091611,0.078651525,watch,user3,lie
33.926420736,0.001454890,-0.000051036,0.003612101,-0.055070661,0.051921278,0.076891050,watch,user3,lie
33.936419840,0.006827205,0.004884675,0.003365517,-0.043921072,0.054506674,0.073344514,watch,user3,lie
33.946417920,0.005491704,0.004382819,0.004245877,-0.026288994,0.059694868,0.072367400,watch,user3,lie
33.956417024,0.003700584,-0.002056092,0.005841434,-0.026032798,0.062333792,0.073819883,watch,user3,lie
33.966416128,0.000563711,-0.005006902,0.007280111,-0.035534602,0.063438296,0.076984920,watch,user3,lie
33.976414720,-0.001808733,-0.007585779,0.005955637,-0.054025196,0.062076885,0.077281326,watch,user3,lie
33.986413824,-0.002487332,-0.004314214,0.009665549,-0.072288886,0.059974320,0.075952552,watch,user3,lie
33.996412928,-0.001866698,-0.004429720,0.010787547,-0.080210194,0.065186925,0.074475825,watch,user3,lie
34.006412032,0.003082454,0.000322752,0.005140722,-0.068654954,0.054547243,0.075167514,watch,user3,lie
34.016410880,0.009314120,0.007400736,-0.001523495,-0.050691407,0.050627600,0.073993064,watch,user3,lie
34.026409984,0.010252178,0.014146313,-0.005250931,-0.021015935,0.056154728,0.066986211,watch,user3,lie
34.036409088,0.007084787,0.019062907,-0.007677674,0.002912035,0.060811795,0.063031688,watch,user3,lie
34.046406912,0.006448507,0.014786243,-0.008575737,0.009112140,0.060574774,0.063064046,watch,user3,lie
34.056406016,0.008619487,0.006884001,-0.009027600,-0.003649727,0.052253995,0.069748580,watch,user3,lie
34.066404864,0.007791251,-0.001539193,-0.009449720,-0.029193571,0.042955302,0.072981991,watch,user3,lie
34.076403968,0.004593939,-0.004728183,-0.008978784,-0.049831737,0.031222746,0.071314588,watch,user3,lie
34.086403072,0.002678126,0.002879605,-0.008745372,-0.052434489,0.029046234,0.060100481,watch,user3,lie
34.096401920,0.003374696,0.008333303,-0.009551466,-0.037329573,0.024983846,0.049523469,watch,user3,lie
34.106400768,0.001487315,0.011040024,-0.012953103,-0.020932268,0.019878920,0.043997210,watch,user3,lie
34.116400384,0.001573801,0.014181197,-0.014780343,-0.013458371,0.013368292,0.042087190,watch,user3,lie
34.126399488,0.003520727,0.015082695,-0.010820568,-0.017374285,0.004551098,0.034931146,watch,user3,lie
34.136397312,0.003613085,0.009616546,-0.007726252,-0.019253410,0.000257550,0.030343316,watch,user3,lie
34.146396160,0.004160941,0.009300284,-0.008121908,-0.023582645,-0.003968887,0.029633850,watch,user3,lie
34.156395264,0.005615741,0.009284399,-0.007779181,-0.023180507,-0.008832619,0.026100369,watch,user3,lie
34.166394368,0.005295366,0.008851402,-0.008767009,-0.024320118,-0.014611056,0.021591572,watch,user3,lie
34.176393472,0.005070865,0.009904251,-0.009296179,-0.025959026,-0.019456677,0.018666355,watch,user3,lie
34.186392064,0.003632635,0.008510143,-0.006256461,-0.030130381,-0.017842714,0.009748826,watch,user3,lie
34.196391168,0.001339644,0.008443698,-0.002624571,-0.036336612,-0.016553476,0.004518911,watch,user3,lie
34.206390272,-0.001617581,0.009913169,0.003813505,-0.038733855,-0.011778163,-0.003810991,watch,user3,lie
34.216389376,-0.000590384,0.009950541,0.007879496,-0.039410565,-0.009013802,-0.008622258,watch,user3,lie
34.226388224,0.003114283,0.011837021,0.009901345,-0.029597349,-0.008301406,-0.012601287,watch,user3,lie
34.236386304,0.005064309,0.010663375,0.010044098,-0.012910249,-0.002525542,-0.015141143,watch,user3,lie
34.246385152,0.004478604,0.012436785,0.008867562,0.011770553,0.003128437,-0.015399536,watch,user3,lie
34.256384256,0.001092434,0.009996809,0.007866204,0.022423729,0.010936026,-0.018069088,watch,user3,lie
34.266383360,0.001956820,0.007055596,0.009111524,0.017743180,0.017795887,-0.016427318,watch,user3,lie
34.276382208,0.001069546,0.004750587,0.012573838,0.008050338,0.020374890,-0.017166344,watch,user3,lie
34.286381312,0.001748651,0.002412967,0.011577845,0.005812928,0.021000378,-0.018126413,watch,user3,lie
34.296380416,0.001837403,0.000576101,0.007373512,0.001614454,0.026218044,-0.014520760,watch,user3,lie
34.306379264,0.003927946,-0.000474721,0.004540682,0.007892058,0.022637689,-0.012334571,watch,user3,lie
34.316378112,0.007050365,-0.000255533,0.003169358,0.013595483,0.026544280,-0.010847196,watch,user3,lie
34.326377216,0.006410211,0.000222564,-0.000016689,0.020307535,0.028597401,-0.008835045,watch,user3,lie
34.336375296,0.005116701,-0.001588926,0.001421213,0.022295319,0.030499164,-0.007833961,watch,user3,lie
34.346374400,0.003366500,-0.002052270,0.004861653,0.020076685,0.028180527,-0.006031468,watch,user3,lie
34.356373248,0.006769180,-0.004843064,0.004076064,0.014821203,0.028635127,-0.001397035,watch,user3,lie
34.366372352,0.006404310,-0.008862086,-0.000720918,0.011634554,0.019840661,0.003612504,watch,user3,lie
34.376371200,0.004721522,-0.008380242,-0.001347423,0.006457901,0.017516254,0.005909214,watch,user3,lie
34.386370304,0.004358083,-0.007475741,-0.003896534,-0.001880190,0.018331181,0.004756198,watch,user3,lie
34.396369408,0.004824877,-0.006201953,-0.006072223,-0.011157045,0.013371842,0.006135982,watch,user3,lie
34.406368256,0.006108493,-0.003514759,-0.004427373,-0.017415162,0.007796692,0.010910964,watch,user3,lie
34.416367104,0.003964305,-0.003183126,-0.002363861,-0.022362517,0.003557739,0.012864126,watch,user3,lie
34.426366208,0.003099024,-0.003118612,0.000317574,-0.015778963,0.001448072,0.016308459,watch,user3,lie
34.436364288,0.003347039,-0.001520954,-0.001767039,-0.008851014,0.001669114,0.021042228,watch,user3,lie
34.446363392,0.005991876,0.003447860,-0.007215321,0.005987764,-0.004596861,0.016695682,watch,user3,lie
34.456362240,0.007383287,0.008133531,-0.009699225,0.021214386,-0.007364684,0.014966226,watch,user3,lie
34.466361344,0.006638438,0.005931273,-0.006211996,0.022269445,-0.002647515,0.015997268,watch,user3,lie
34.476360192,0.006145597,-0.000176415,-0.003283858,0.005236931,-0.000551341,0.022327602,watch,user3,lie
34.486359296,0.004701585,-0.004998669,0.000703454,-0.026177851,-0.001016595,0.025786849,watch,user3,lie
34.496358400,0.004725188,-0.006037802,0.009474337,-0.044478025,-0.005641707,0.025931459,watch,user3,lie
34.506357248,0.003756523,-0.002581634,0.008220732,-0.038436115,-0.005192698,0.023334878,watch,user3,lie
34.516356352,0.007326841,0.004012398,0.002227306,-0.015081258,0.002324340,0.022016346,watch,user3,lie
34.526354176,0.010052472,0.005862430,0.001879454,0.002558722,0.005716142,0.019037334,watch,user3,lie
34.536353280,0.009327620,0.003412716,0.004203618,0.009446455,0.011448064,0.021385442,watch,user3,lie
34.546352384,0.004618913,-0.003281295,0.008254290,-0.009432293,0.014927750,0.024487427,watch,user3,lie
34.556351232,0.002044797,-0.007837355,0.014258742,-0.036561385,0.018510234,0.027840346,watch,user3,lie
34.566350336,-0.001318485,-0.011776365,0.016066670,-0.060807865,0.026570559,0.034752980,watch,user3,lie
34.576349440,-0.001461565,-0.009899616,0.017094016,-0.075328752,0.029131187,0.042273480,watch,user3,lie
34.586348288,0.002673715,-0.005618528,0.018575788,-0.068424463,0.030998774,0.044165324,watch,user3,lie
34.596347136,0.005618930,-0.003319070,0.015056491,-0.054873236,0.041106269,0.049882598,watch,user3,lie
34.606346240,0.003414214,-0.003566116,0.013714850,-0.051984195,0.052977487,0.058232471,watch,user3,lie
34.616345344,-0.000421554,-0.008302465,0.014660895,-0.064401977,0.061913192,0.067817725,watch,user3,lie
34.626343424,-0.002331316,-0.017767467,0.018027127,-0.085145876,0.067375869,0.082684152,watch,user3,lie
34.636342272,-0.001192570,-0.026633874,0.021338940,-0.115093917,0.072471827,0.098928638,watch,user3,lie
34.646341120,0.001576304,-0.031854890,0.026272357,-0.138034165,0.088041022,0.121932156,watch,user3,lie
34.656340224,0.000620484,-0.033938847,0.033323705,-0.144667834,0.108350284,0.138841361,watch,user3,lie
34.666339328,-0.003201932,-0.034197427,0.043888450,-0.134972334,0.135932907,0.161494881,watch,user3,lie
34.676338432,-0.008576781,-0.034729220,0.051992476,-0.118964329,0.170037612,0.205923066,watch,user3,lie
34.686337280,-0.010121971,-0.044138812,0.060479164,-0.107310742,0.212010637,0.262754321,watch,user3,lie
34.696336384,-0.004536927,-0.054850839,0.060375631,-0.101617433,0.245254338,0.319069266,watch,user3,lie
34.706335232,0.004090428,-0.070264161,0.058285534,-0.119386800,0.277502745,0.368925840,watch,user3,lie
34.716334336,0.006286263,-0.088271379,0.066842198,-0.166628078,0.308907002,0.425961673,watch,user3,lie
34.726332416,0.008757502,-0.091746099,0.077082157,-0.197912052,0.338050961,0.466073692,watch,user3,lie
34.736331264,0.011438519,-0.091489196,0.075763822,-0.201070562,0.381805629,0.501904607,watch,user3,lie
34.746330368,0.007148981,-0.092929445,0.078051925,-0.182305887,0.415013820,0.545959830,watch,user3,lie
34.756329216,0.008049518,-0.091757081,0.091706336,-0.161667719,0.429803938,0.589016736,watch,user3,lie
34.766328320,0.011267424,-0.098621264,0.085025072,-0.171487018,0.441875428,0.633179963,watch,user3,lie
34.776327168,0.013704300,-0.102952152,0.062617660,-0.212445110,0.447283506,0.675165236,watch,user3,lie
34.786326272,0.017017365,-0.112179622,0.031644642,-0.285005003,0.439212203,0.718651831,watch,user3,lie
34.796325376,0.026081443,-0.120703109,0.010219574,-0.371457607,0.421226799,0.760165453,watch,user3,lie
34.806324480,0.032354444,-0.114988983,-0.006548166,-0.453482449,0.412829846,0.791254759,watch,user3,lie
34.816322304,0.034529909,-0.096254103,-0.025061369,-0.525792599,0.399827242,0.806281149,watch,user3,lie
34.826321152,0.034665182,-0.077667743,-0.037893713,-0.573428035,0.375310957,0.801842034,watch,user3,lie
34.836320256,0.037511230,-0.057569738,-0.045027256,-0.600091875,0.346888632,0.807214677,watch,user3,lie
34.846319360,0.038702473,-0.032875624,-0.040606499,-0.606908739,0.332353115,0.796203315,watch,user3,lie
34.856318464,0.031838387,-0.004047299,-0.033966780,-0.582073450,0.331715286,0.766510129,watch,user3,lie
34.866317312,0.022293508,0.014132652,-0.025668740,-0.545669734,0.324624807,0.741522729,watch,user3,lie
34.876316160,0.017470658,0.022785733,-0.022828877,-0.528730690,0.310531110,0.726852715,watch,user3,lie
34.886315264,0.017631903,0.026254762,-0.019958675,-0.542546928,0.296292394,0.713485181,watch,user3,lie
34.896314368,0.013262704,0.029386232,-0.015944541,-0.567223549,0.285629898,0.695054471,watch,user3,lie
34.906313216,0.008916453,0.039448582,-0.009950399,-0.600428581,0.271925092,0.663396001,watch,user3,lie
34.916311296,0.007125646,0.052849106,-0.006630957,-0.627148092,0.251351655,0.628781319,watch,user3,lie
34.926310144,0.008038193,0.067048028,-0.007272005,-0.632286608,0.234688967,0.607589662,watch,user3,lie
34.936309248,0.006895810,0.084586717,-0.013956904,-0.619453371,0.223647505,0.580717623,watch,user3,lie
34.946308352,0.003422543,0.095775180,-0.026284933,-0.580454350,0.207513347,0.545562565,watch,user3,lie
34.956307200,0.006363243,0.101215765,-0.038178444,-0.556929290,0.180546984,0.508779287,watch,user3,lie
34.966306304,0.005401209,0.101873793,-0.043157339,-0.533618450,0.157577038,0.465322256,watch,user3,lie
34.976305408,0.003419951,0.097983859,-0.042226374,-0.501482606,0.137121037,0.424980164,watch,user3,lie
34.986304512,0.001971841,0.088630617,-0.038382113,-0.475086957,0.119047500,0.391218632,watch,user3,lie
34.996303104,-0.002608523,0.083945252,-0.032301068,-0.437001079,0.100886337,0.347709507,watch,user3,lie
35.006302208,-0.006515831,0.083343238,-0.033248544,-0.381573021,0.086031847,0.294830352,watch,user3,lie
35.016300288,-0.006520495,0.086198270,-0.032597840,-0.311267167,0.071181260,0.238670424,watch,user3,lie
35.026299392,-0.007141382,0.094671085,-0.025463462,-0.226818144,0.064228453,0.181481704,watch,user3,lie
35.036298496,-0.006210387,0.101089731,-0.026324570,-0.146161109,0.051610664,0.128179327,watch,user3,lie
35.046297088,-0.001804277,0.101640224,-0.026725590,-0.074513339,0.048794195,0.086510383,watch,user3,lie
35.056296192,-0.001739249,0.090442002,-0.022594452,-0.013885941,0.033169426,0.051916722,watch,user3,lie
35.066295296,-0.004141659,0.082789794,-0.024590492,0.068562858,0.026067842,0.009069388,watch,user3,lie
35.076294400,-0.007016242,0.084157072,-0.030106306,0.159572139,0.031296425,-0.031916130,watch,user3,lie
35.086293248,-0.004472435,0.079806194,-0.026701033,0.225755766,0.035013754,-0.063163400,watch,user3,lie
35.096292352,0.002956271,0.070684634,-0.014805913,0.264247477,0.039164290,-0.089972638,watch,user3,lie
35.106291200,0.006598964,0.057081684,-0.008216441,0.277305037,0.034979314,-0.111656435,watch,user3,lie
35.116287744,0.008107215,0.044737235,-0.003668845,0.292022705,0.007698688,-0.127676144,watch,user3,lie
35.126286848,0.008519277,0.032268725,-0.008266032,0.313389063,0.003496397,-0.127125069,watch,user3,lie
35.136285952,0.004088759,0.023521259,-0.011637151,0.318334281,0.007613911,-0.137058929,watch,user3,lie
35.146284800,0.002732664,0.021375030,-0.006905496,0.311483711,0.002870199,-0.151635736,watch,user3,lie
35.156283648,0.002996832,0.018859051,0.000090718,0.299061924,-0.000511482,-0.159057170,watch,user3,lie
35.166282752,0.002237514,0.021959633,0.006520927,0.291499406,0.004710621,-0.167378142,watch,user3,lie
35.176281856,-0.000133857,0.021558985,0.009838402,0.308808625,0.008242772,-0.171487138,watch,user3,lie
35.186280960,0.001729399,0.017686926,0.014150798,0.342387617,0.012151226,-0.170702577,watch,user3,lie
35.196279808,0.002648696,0.014000036,0.011701107,0.377379686,0.026474239,-0.164816186,watch,user3,lie
35.206278656,0.002413109,0.006738808,0.012337446,0.381014824,0.034145121,-0.159701049,watch,user3,lie
35.216276736,0.000656635,-0.000329938,0.017086148,0.372658879,0.036621593,-0.152819440,watch,user3,lie
35.226275840,0.001234993,-0.007626243,0.019473612,0.350636959,0.046949245,-0.137196869,watch,user3,lie
35.236274944,0.002267286,-0.014863990,0.019016445,0.330297887,0.057073250,-0.127670497,watch,user3,lie
35.246273792,0.003000766,-0.021433853,0.015999436,0.309416652,0.059442218,-0.109343804,watch,user3,lie
35.256272640,0.004767507,-0.022776697,0.016122818,0.290687174,0.059397746,-0.098008856,watch,user3,lie
35.266271744,0.003858998,-0.025901988,0.014602184,0.276305258,0.066119120,-0.080901183,watch,user3,lie
35.276270848,0.004859775,-0.024630256,0.017594755,0.260045350,0.069819584,-0.063265458,watch,user3,lie
35.286269696,0.003395826,-0.017258562,0.013299286,0.263401300,0.066758543,-0.052270271,watch,user3,lie
35.296268800,0.006639451,-0.016675700,0.002540827,0.246991724,0.070520259,-0.038922507,watch,user3,lie
35.306267904,0.008662492,-0.028103616,0.000497878,0.202718675,0.072019890,-0.023092743,watch,user3,lie
35.316265728,0.010536358,-0.041274831,0.000671446,0.136127397,0.061874308,-0.008397420,watch,user3,lie
35.326264832,0.009208888,-0.050972417,-0.000113785,0.067147747,0.051026810,0.007341129,watch,user3,lie
35.336263680,0.009587184,-0.052650627,0.000259280,0.011508186,0.048596676,0.019216431,watch,user3,lie
35.346262784,0.009878948,-0.047032621,0.002397537,-0.024500236,0.042665459,0.025216933,watch,user3,lie
35.356261888,0.009379596,-0.037437961,0.000055671,-0.059465144,0.032838129,0.031193331,watch,user3,lie
35.366260992,0.014359385,-0.032710716,-0.002527535,-0.097267427,0.022949636,0.042216357,watch,user3,lie
35.376259584,0.016180158,-0.032610491,-0.005166173,-0.141041011,0.019354368,0.058428880,watch,user3,lie
35.386258688,0.013877094,-0.035150629,-0.004107296,-0.193107709,0.014986340,0.065934002,watch,user3,lie
35.396257792,0.007529363,-0.035132289,-0.000057220,-0.229062244,0.005934255,0.071229436,watch,user3,lie
35.406255872,0.005615160,-0.024018317,0.000972569,-0.221627817,0.006780430,0.078980230,watch,user3,lie
35.416254976,0.005925596,-0.010995124,-0.000677645,-0.184111342,0.011131769,0.078093395,watch,user3,lie
35.426253568,0.006580457,-0.000814382,-0.001607001,-0.147088379,0.013974516,0.072829060,watch,user3,lie
35.436252672,0.007258475,0.004765198,-0.002876222,-0.151136920,0.019092046,0.073070876,watch,user3,lie
35.446251776,0.005793363,0.004157238,0.003094614,-0.173094422,0.014723662,0.069006093,watch,user3,lie
35.456250880,0.002357110,-0.001073435,0.008632123,-0.197030634,0.014932987,0.070121162,watch,user3,lie
35.466249728,-0.003387645,0.000058010,0.005757511,-0.200606376,0.018840466,0.069717027,watch,user3,lie
35.476248832,-0.000837699,0.003190357,0.000785828,-0.183140561,0.022120681,0.068626992,watch,user3,lie
35.486247936,0.002334505,0.005752910,0.003896475,-0.168161049,0.024566706,0.061538257,watch,user3,lie
35.496246784,0.001209319,0.007572379,0.004894733,-0.155563220,0.026435712,0.056283839,watch,user3,lie
35.506244864,0.003393397,0.011132289,0.001881421,-0.137580276,0.021986458,0.052222185,watch,user3,lie
35.516243712,0.006514505,0.010602515,0.001059830,-0.110777691,0.026266959,0.047842082,watch,user3,lie
35.526242816,0.007213190,0.012370072,0.000328660,-0.091876172,0.024622988,0.042161692,watch,user3,lie
35.536241920,0.008109808,0.012881778,-0.002031088,-0.086583138,0.023121499,0.033176988,watch,user3,lie
35.546240768,0.006881833,0.010590117,-0.002018273,-0.082231089,0.017806537,0.024298009,watch,user3,lie
35.556239616,0.005616859,0.008992877,-0.003382266,-0.074768111,0.013061850,0.029024586,watch,user3,lie
35.566238720,0.007923648,0.008693498,-0.006334305,-0.058674764,0.007379730,0.025680389,watch,user3,lie
35.576237824,0.006084278,0.011969462,-0.008600712,-0.039776973,0.001125562,0.017734315,watch,user3,lie
35.586236928,0.003163934,0.009369861,-0.009156466,-0.035992175,0.001320950,0.014213350,watch,user3,lie
35.596234752,0.003354356,0.003730074,-0.009485304,-0.045797937,0.001336662,0.013879123,watch,user3,lie
35.606233600,0.001585439,-0.002756327,-0.007974267,-0.061295804,0.000355287,0.014928741,watch,user3,lie
35.616232704,0.001801357,-0.007267848,-0.005008996,-0.067274593,-0.002670064,0.010902042,watch,user3,lie
35.626231808,0.003736854,-0.004869506,-0.000305772,-0.061962392,0.001145181,0.007629017,watch,user3,lie
35.636230912,0.006246656,-0.001082025,0.002586365,-0.054249078,-0.000331009,0.001491762,watch,user3,lie
35.646229760,0.010527879,0.001818992,0.005447030,-0.049175978,-0.003939947,0.005174448,watch,user3,lie
35.656228864,0.011972830,0.000953749,0.007786810,-0.051191192,-0.006163952,0.009944170,watch,user3,lie
35.666227712,0.010487676,-0.002224304,0.006110191,-0.050390158,-0.007198503,0.011830153,watch,user3,lie
35.676226816,0.009389892,-0.004613295,0.003527999,-0.055461884,-0.007892257,0.014527936,watch,user3,lie
35.686225664,0.006247371,-0.004444659,0.002578855,-0.060630102,-0.005724798,0.016371641,watch,user3,lie
35.696223744,0.002823025,-0.002325706,0.000958025,-0.057062265,-0.003289337,0.019167162,watch,user3,lie
35.706222848,0.003460869,-0.000680752,0.001283050,-0.056174897,-0.000139616,0.020381432,watch,user3,lie
35.716221696,0.001977652,0.000785522,-0.001302719,-0.052795347,0.002300372,0.021019790,watch,user3,lie
35.726220800,0.002791211,-0.000352554,0.000705719,-0.054961786,0.001388949,0.021814810,watch,user3,lie
35.736219648,0.003627643,-0.003581293,-0.000033021,-0.051736966,0.001109051,0.022687262,watch,user3,lie
35.746218752,0.003543869,-0.002915271,0.001075327,-0.056068771,0.001317399,0.020768855,watch,user3,lie
35.756217856,0.004537970,-0.000819281,0.000473917,-0.054804571,0.001119526,0.017212203,watch,user3,lie
35.766216960,0.005406886,-0.001417555,0.003655076,-0.062539630,0.002962522,0.017873732,watch,user3,lie
35.776215552,0.007016987,-0.002253167,0.003515422,-0.069088876,-0.001550736,0.019025549,watch,user3,lie
35.786214656,0.007385284,-0.002254657,0.001288593,-0.079950839,-0.004350785,0.022804707,watch,user3,lie
35.796212736,0.006624371,-0.003218614,0.002535403,-0.081095204,-0.002468729,0.023121623,watch,user3,lie
35.806211840,0.007205710,-0.004062340,0.002225399,-0.086098664,-0.000819077,0.024942959,watch,user3,lie
35.816210944,0.005177334,-0.005047865,0.002418458,-0.095656484,0.003068605,0.026915828,watch,user3,lie
35.826209792,0.003639489,-0.008522443,0.004909873,-0.109668307,0.003174865,0.026676612,watch,user3,lie
35.836208640,0.001515269,-0.006469205,0.007587612,-0.116305433,0.003650239,0.029044962,watch,user3,lie
35.846207744,0.001880601,-0.005446173,0.006102502,-0.114167854,0.005148800,0.032289688,watch,user3,lie
35.856206848,0.003552720,-0.005655922,0.003643334,-0.112818696,0.007598909,0.034485463,watch,user3,lie
35.866205696,0.003419250,-0.005941004,0.004131258,-0.112748511,0.007908101,0.035802998,watch,user3,lie
35.876204800,0.007069871,-0.005864069,0.003319085,-0.118918523,0.009425570,0.039940484,watch,user3,lie
35.886202624,0.006246343,-0.005180158,0.002693653,-0.126799718,0.006098394,0.037894513,watch,user3,lie
35.896201728,0.003856435,-0.001704969,0.003592670,-0.121208139,0.008020930,0.036813002,watch,user3,lie
35.906200832,0.002509505,-0.000309937,0.002439499,-0.114210322,0.009988829,0.035617776,watch,user3,lie
35.916199680,0.006976619,0.001508109,-0.000068188,-0.103878595,0.006975729,0.033969812,watch,user3,lie
35.926198784,0.006826684,0.000725798,-0.000204027,-0.093415208,0.007444001,0.033002950,watch,user3,lie
35.936197888,0.006240204,0.003113575,-0.001129985,-0.089297161,0.002476673,0.027254784,watch,user3,lie
35.946196736,0.007572964,0.007168405,-0.000926137,-0.076596193,0.001741196,0.022440588,watch,user3,lie
35.956195840,0.007350281,0.008528955,-0.001289606,-0.059715483,0.000427193,0.021209408,watch,user3,lie
35.966194688,0.006727248,0.008991033,-0.000788212,-0.052801427,0.002021184,0.018879607,watch,user3,lie
35.976193792,0.006060421,0.007447593,-0.001795352,-0.048719868,-0.000533587,0.015602855,watch,user3,lie
35.986192896,0.004343882,0.005621411,-0.002572358,-0.045241248,-0.000780995,0.012211186,watch,user3,lie
35.996190720,0.001792714,0.004981153,-0.001622438,-0.044551224,0.001081887,0.006043837,watch,user3,lie
36.006189824,0.001543164,0.003115483,0.000901818,-0.042357665,0.004114872,0.004744747,watch,user3,lie
36.016188672,0.001169160,0.001453333,0.000151753,-0.042224240,0.004157216,0.005132503,watch,user3,lie
36.026187776,0.004788414,0.002508029,0.002165616,-0.036393337,0.002430867,0.005404545,watch,user3,lie
36.036186880,0.005064011,0.001560852,0.005848587,-0.031276342,0.003470831,0.005204275,watch,user3,lie
36.046185728,0.005136594,-0.001727477,0.005076349,-0.029825449,0.002084390,0.008041874,watch,user3,lie
36.056184832,0.005733669,0.000290960,0.005418062,-0.027876813,0.001937916,0.006358489,watch,user3,lie
36.066183680,0.007000819,0.001365840,0.002559960,-0.026793439,0.004533166,0.011106772,watch,user3,lie
36.076182784,0.005441904,-0.000996999,0.000070691,-0.032774635,0.006577408,0.009284372,watch,user3,lie
36.086180864,0.004224166,-0.003596127,0.002816677,-0.047076739,0.005368333,0.014225135,watch,user3,lie
36.096179968,0.004413590,-0.004008874,0.003645480,-0.056777038,0.005804026,0.015252583,watch,user3,lie
36.106178816,0.004815727,-0.005963869,0.001488507,-0.075860895,0.010771177,0.018867290,watch,user3,lie
36.116179456,0.004322693,-0.010613851,0.004336774,-0.106662750,0.017020017,0.022733668,watch,user3,lie
36.126178304,0.003436267,-0.015046760,0.004230917,-0.138895258,0.016815221,0.032762464,watch,user3,lie
36.136177408,0.004496574,-0.020324655,0.007783353,-0.162399516,0.013011960,0.037598234,watch,user3,lie
36.146176512,0.006414071,-0.021790609,0.006054699,-0.177803904,0.010008447,0.044792831,watch,user3,lie
36.156175616,0.007633492,-0.017440826,0.005337477,-0.178970903,0.014019966,0.049651500,watch,user3,lie
36.166174464,0.008375257,-0.013304994,0.006095946,-0.161906704,0.014825573,0.049781729,watch,user3,lie
36.176173568,0.006993964,-0.009867370,0.000343323,-0.151780024,0.020377731,0.052152209,watch,user3,lie
36.186171392,0.009605199,-0.006411523,0.002239048,-0.151230261,0.015100234,0.052474849,watch,user3,lie
36.196170496,0.007476002,-0.001113288,0.004775763,-0.149800420,0.007065743,0.047314975,watch,user3,lie
36.206169600,0.006867632,0.003041863,0.001999259,-0.137808502,0.005500160,0.042403642,watch,user3,lie
36.216168448,0.004908994,0.006015137,-0.003717661,-0.113745518,0.008232030,0.040858742,watch,user3,lie
36.226167552,0.005487755,0.010163702,-0.005025506,-0.093367010,0.010764697,0.032893628,watch,user3,lie
36.236166400,0.004660577,0.011265807,-0.006046951,-0.090162426,0.007367302,0.027947605,watch,user3,lie
36.246165504,0.003227383,0.012854710,-0.003650844,-0.080204383,0.003013122,0.018801311,watch,user3,lie
36.256164352,0.003364280,0.014372736,-0.003358901,-0.073141679,0.001108429,0.013454482,watch,user3,lie
36.266163456,0.003680736,0.010335743,-0.003785431,-0.055683944,0.000372510,0.009261069,watch,user3,lie
36.276161536,0.002830192,0.010305591,-0.003339410,-0.038057014,0.001309676,0.012243276,watch,user3,lie
36.286160384,0.004517213,0.011408895,-0.001358986,-0.018837336,-0.000961557,0.007031071,watch,user3,lie
36.296159488,0.006356686,0.010664083,0.000335813,-0.000272972,-0.003465194,0.002288514,watch,user3,lie
36.306158336,0.003359318,0.012632445,0.001166940,0.017986549,-0.002589458,-0.000314726,watch,user3,lie
36.316157440,0.006082684,0.007580146,0.000535548,0.023144292,0.002379468,-0.002460169,watch,user3,lie
36.326156544,0.004965261,0.001598597,0.003858805,0.019494962,0.003143528,0.000800073,watch,user3,lie
36.336155648,0.003333613,-0.001629457,0.004247606,0.011749690,0.004162720,0.001382772,watch,user3,lie
36.346154496,0.002274573,-0.003373265,0.003612816,0.009348318,0.004998687,0.000444274,watch,user3,lie
36.356153344,0.002940863,-0.005713478,0.002579808,0.001761239,0.005991247,0.001484505,watch,user3,lie
36.366152448,0.005598977,-0.004945755,0.004398584,-0.012366565,0.005040765,0.004711191,watch,user3,lie
36.376150528,0.008586243,-0.005795091,0.003048837,-0.025502073,-0.001349757,0.006024929,watch,user3,lie
36.386149632,0.008231506,-0.006567314,0.001541793,-0.036528625,-0.004831573,0.006501901,watch,user3,lie
36.396148480,0.005618870,-0.009917811,0.003634751,-0.059783615,0.000858004,0.008127761,watch,user3,lie
36.406147328,0.002313748,-0.009971179,0.002535522,-0.077375658,0.005412010,0.009386904,watch,user3,lie
36.416146432,0.001357168,-0.009017013,0.002477765,-0.087239653,0.010285417,0.013147687,watch,user3,lie
36.426145536,0.003403232,-0.009440310,0.005236626,-0.098858796,0.012325486,0.017383244,watch,user3,lie
36.436144384,0.004906893,-0.009203255,0.003835738,-0.101206377,0.010321991,0.020139083,watch,user3,lie
36.446143488,0.008410767,-0.005214088,0.003915429,-0.096775897,0.009174878,0.021186836,watch,user3,lie
36.456142592,0.009506121,-0.003546298,0.005790830,-0.095597982,0.005049375,0.024539223,watch,user3,lie
36.466141440,0.011244103,-0.003478721,0.002550244,-0.090587199,0.000070774,0.030009292,watch,user3,lie
36.476139520,0.011905268,-0.004085839,0.002837956,-0.085772738,0.003761915,0.031011971,watch,user3,lie
36.486138368,0.009102583,-0.003257513,0.001052380,-0.091413312,0.001254548,0.023930758,watch,user3,lie
36.496137472,0.008459106,-0.002868846,-0.001096666,-0.099643543,0.001055344,0.024625311,watch,user3,lie
36.506136576,0.005958885,0.000023231,0.001936615,-0.097892337,0.002178310,0.024064183,watch,user3,lie
36.516135424,0.004335195,-0.000012219,0.001114666,-0.094323970,0.005775442,0.027100187,watch,user3,lie
36.526134272,0.000440061,0.000827879,0.000055790,-0.094624020,0.006097773,0.026981410,watch,user3,lie
36.536133376,0.000595003,0.001136377,0.001333892,-0.088823386,0.008669854,0.023294795,watch,user3,lie
36.546132480,0.001042992,0.000735104,0.000041664,-0.083134525,0.009568760,0.020429235,watch,user3,lie
36.556131584,0.003145650,0.001245648,-0.000220180,-0.077927507,0.008672340,0.021691838,watch,user3,lie
36.566130432,0.004160076,0.001639709,0.000715435,-0.071462728,0.009644482,0.018668951,watch,user3,lie
36.576128256,0.005763322,0.001204520,0.001624048,-0.072636649,0.008411172,0.020355532,watch,user3,lie
36.586127360,0.005365551,0.002976760,0.000728667,-0.071399793,0.008096209,0.017143626,watch,user3,lie
36.596126464,0.006274462,0.003724694,-0.000331044,-0.060581762,0.005048754,0.014787528,watch,user3,lie
36.606125568,0.005268514,0.003879771,-0.000372529,-0.047617853,0.002003341,0.012973249,watch,user3,lie
36.616124416,0.007383019,0.003851846,0.000288427,-0.036465332,0.002279510,0.012151131,watch,user3,lie
36.626123520,0.005497739,0.004490808,-0.000862241,-0.027285816,0.004597792,0.009888709,watch,user3,lie
36.636122368,0.002928481,0.001976058,0.000511825,-0.031039275,0.006543498,0.009142491,watch,user3,lie
36.646121472,0.004048005,0.001150399,0.001648247,-0.037814401,0.004857273,0.005200680,watch,user3,lie
36.656120320,0.004900947,0.001732796,0.003051817,-0.038286842,0.004592288,0.007662773,watch,user3,lie
36.666118400,0.007638007,0.001899138,0.002023041,-0.028904572,0.005355106,0.008629566,watch,user3,lie
36.676117504,0.008779839,0.001271278,0.000997186,-0.028592451,0.001321482,0.005314197,watch,user3,lie
36.686116352,0.008326620,-0.001938462,0.002770305,-0.034881242,0.001668759,0.007154441,watch,user3,lie
36.696115456,0.005121455,-0.001941338,0.002846718,-0.035368066,0.004443772,0.008801873,watch,user3,lie
36.706114304,0.003104538,-0.002232268,0.001369476,-0.035116132,0.002380089,0.008161383,watch,user3,lie
36.716113408,0.005333483,-0.001728788,0.002419174,-0.035463672,0.007906947,0.009426118,watch,user3,lie
36.726112512,0.004477233,0.000198245,0.001399457,-0.033965509,0.003026971,0.005178975,watch,user3,lie
36.736111616,0.007856935,-0.000719428,0.000888884,-0.034866191,0.002654927,0.008039477,watch,user3,lie
36.746110464,0.009320468,-0.000499055,0.000846624,-0.036656238,0.001291389,0.009004007,watch,user3,lie
36.756109312,0.007242545,-0.001495183,-0.000485301,-0.049377624,0.001720690,0.011111367,watch,user3,lie
36.766107392,0.005979583,-0.005154490,0.000991940,-0.061410762,0.002143423,0.011220423,watch,user3,lie
36.776106496,0.003731802,-0.006223947,0.001657784,-0.071211725,0.005322705,0.015536607,watch,user3,lie
36.786105600,0.004769355,-0.005991086,0.002007246,-0.083124757,0.008641358,0.017624926,watch,user3,lie
36.796104448,0.003354266,-0.007916734,0.003259301,-0.097287446,0.010150572,0.018583663,watch,user3,lie
36.806103296,0.002670705,-0.010239348,0.005042672,-0.117441051,0.006201637,0.020328233,watch,user3,lie
36.816102400,0.003366143,-0.012250632,0.005192101,-0.122755386,0.004165650,0.023481149,watch,user3,lie
36.826101504,0.003923312,-0.009033516,0.002030432,-0.114543222,0.005325634,0.022687463,watch,user3,lie
36.836100352,0.004186198,-0.004025847,0.000828147,-0.097992204,0.007958435,0.023716774,watch,user3,lie
36.846099456,0.005530298,0.000104293,-0.000055432,-0.075178906,0.008276949,0.023091262,watch,user3,lie
36.856097280,0.006168455,0.004464492,-0.001502872,-0.062368833,0.007884133,0.022528803,watch,user3,lie
36.866096384,0.007577866,0.005914688,-0.000790536,-0.059325773,0.004037463,0.015638608,watch,user3,lie
36.876095488,0.006620765,0.008155748,-0.000322878,-0.063486159,-0.001981281,0.015894804,watch,user3,lie
36.886094336,0.005831242,0.009644181,-0.001123190,-0.051094521,-0.002592388,0.010310355,watch,user3,lie
36.896093440,0.003802225,0.009268671,0.000218689,-0.030957825,0.003666307,0.010163082,watch,user3,lie
36.906092544,0.005247891,0.010679871,-0.000230551,-0.012532257,0.006549001,0.006607695,watch,user3,lie
36.916091648,0.003676146,0.010670856,-0.002474427,-0.005850386,0.007303208,0.000444607,watch,user3,lie
36.926090240,0.004379109,0.007533729,0.001328766,-0.003998602,0.009447674,0.002352763,watch,user3,lie
36.936089344,0.003716871,0.001024485,0.003960669,-0.003218029,0.007130458,0.001824657,watch,user3,lie
36.946088448,0.005393490,-0.002284452,0.002497017,-0.009056077,0.005755735,0.005597225,watch,user3,lie
36.956086528,0.006857142,-0.004124120,0.003005207,-0.012224440,0.001775374,0.005527982,watch,user3,lie
36.966085632,0.006864160,-0.005895689,0.002420068,-0.020357911,0.000785832,0.005204275,watch,user3,lie
36.976084480,0.008394539,-0.005283356,0.003176630,-0.026426990,-0.000286889,0.006395774,watch,user3,lie
36.986083328,0.007969558,-0.002491221,-0.000684857,-0.030335223,-0.002073249,0.005607012,watch,user3,lie
36.996082432,0.007339567,-0.002381653,-0.001457274,-0.036985401,-0.002437836,0.005796895,watch,user3,lie
37.006081536,0.005648598,-0.002106890,-0.000786662,-0.036575455,-0.002337612,0.003420291,watch,user3,lie
37.016080384,0.005294919,-0.001195431,0.001638770,-0.039157920,-0.001175941,0.003331074,watch,user3,lie
37.026079488,0.004612118,-0.002116889,0.001758695,-0.043591328,0.000293147,0.006458225,watch,user3,lie
37.036078336,0.003132865,-0.002041876,0.002665818,-0.048035078,0.004123572,0.007122151,watch,user3,lie
37.046077440,0.004424974,-0.003325358,0.004819870,-0.056764878,0.006481180,0.008845682,watch,user3,lie
37.056075520,0.002157345,-0.004758030,0.005133927,-0.056738514,0.002078708,0.011053976,watch,user3,lie
37.066074368,0.006164983,-0.003686458,0.001536012,-0.053341519,0.000611573,0.012343545,watch,user3,lie
37.076073472,0.004976600,-0.000515103,0.001157522,-0.046098255,0.001478165,0.010893187,watch,user3,lie
37.086072576,0.005473763,0.003031135,-0.002064228,-0.038887475,0.001158852,0.010457894,watch,user3,lie
37.096071424,0.006331876,0.004093722,0.000421882,-0.031085746,0.006083836,0.006057286,watch,user3,lie
37.106070528,0.004942611,0.003756985,-0.001754761,-0.027767980,0.002781516,0.006007618,watch,user3,lie
37.116069376,0.004118130,0.005521446,0.000452042,-0.023385748,0.004026278,0.004856333,watch,user3,lie
37.126066688,0.007149503,0.005056009,0.001494467,-0.016450921,-0.000350805,0.001600153,watch,user3,lie
37.136065792,0.006817400,0.002388895,0.002918661,-0.016352383,-0.000734300,0.003600720,watch,user3,lie
37.146063872,0.008396670,0.001059353,0.003148556,-0.019195043,-0.000798749,0.001510671,watch,user3,lie
37.156062720,0.004512548,-0.000179559,0.003408849,-0.020022754,0.001643104,0.004098464,watch,user3,lie
37.166061824,0.004982159,-0.002396688,0.003029704,-0.023800803,0.002276314,0.005740436,watch,user3,lie
37.176060672,0.004765704,-0.002898365,0.001962245,-0.035287816,0.002494960,0.007622492,watch,user3,lie
37.186059776,0.005513951,-0.005483955,0.000572145,-0.047946885,0.004399387,0.007677886,watch,user3,lie
37.196058880,0.004485294,-0.007855996,0.003762901,-0.072526798,0.007918488,0.009541566,watch,user3,lie
37.206057984,0.003765911,-0.009498432,0.004939914,-0.098641485,0.017300270,0.013737509,watch,user3,lie
37.216056832,0.001250312,-0.014075577,0.006868601,-0.138625115,0.024550462,0.021420995,watch,user3,lie
37.226055680,0.001990452,-0.020712376,0.009072363,-0.182202563,0.030372931,0.029983392,watch,user3,lie
37.236054784,0.003641337,-0.025568038,0.007765710,-0.228264332,0.026593106,0.035572566,watch,user3,lie
37.246052864,0.005346566,-0.029667735,0.005959749,-0.261877298,0.015697049,0.039535288,watch,user3,lie
37.256051968,0.011073366,-0.028798178,0.003641009,-0.282194555,0.007607430,0.044671990,watch,user3,lie
37.266050816,0.012047157,-0.021719843,0.003524482,-0.277282774,0.002021805,0.047661655,watch,user3,lie
37.276049664,0.012843445,-0.012278616,-0.000307083,-0.251901776,-0.001687978,0.051085945,watch,user3,lie
37.286048768,0.012558371,-0.001978889,-0.002610028,-0.206318811,-0.006449800,0.047168236,watch,user3,lie
37.296047872,0.011321574,0.009175777,-0.005726874,-0.149873912,-0.005824489,0.037402425,watch,user3,lie
37.306046720,0.009001404,0.020283714,-0.004231513,-0.103529632,-0.003172690,0.026573015,watch,user3,lie
37.316045824,0.007228136,0.029513702,-0.002063751,-0.072755471,-0.004186822,0.019475957,watch,user3,lie
37.326044928,0.001281679,0.032880962,-0.000852883,-0.047451802,-0.001656908,0.006504364,watch,user3,lie
37.336042752,-0.001861691,0.029951483,-0.000840902,-0.018813768,0.000490931,0.000059248,watch,user3,lie
37.346041856,-0.003426760,0.023496330,-0.001655579,0.021460818,0.005819384,-0.000593693,watch,user3,lie
37.356040960,-0.000576615,0.020973012,-0.004011393,0.057411361,0.012866374,0.000430027,watch,user3,lie
37.366039808,0.002317250,0.019661203,0.000807941,0.078019835,0.013245875,-0.003142804,watch,user3,lie
37.376038912,0.004460871,0.012349084,0.002781987,0.087506816,0.012443198,-0.006045916,watch,user3,lie
37.386038016,0.006914228,0.004831970,0.005091965,0.082313426,0.010553330,-0.003810791,watch,user3,lie
37.396036864,0.007035777,-0.003604040,0.003488779,0.066555239,0.009950656,-0.000997161,watch,user3,lie
37.406035712,0.006278545,-0.007827267,0.001303375,0.046222623,0.008816772,-0.002061494,watch,user3,lie
37.416034816,0.007745042,-0.014210641,0.002730548,0.017200826,0.003125064,0.000683160,watch,user3,lie
37.426032896,0.007463366,-0.016779497,0.002958298,-0.007231191,0.000544284,0.000382622,watch,user3,lie
37.436032000,0.008332536,-0.014540225,0.002547860,-0.022862880,-0.000531633,0.002723008,watch,user3,lie
37.446030848,0.007533193,-0.011619613,-0.000777960,-0.037704900,-0.001743461,0.002826938,watch,user3,lie
37.456029696,0.007503554,-0.010389060,-0.000819147,-0.050758384,-0.004958962,0.003323351,watch,user3,lie
37.466028800,0.006804898,-0.008233100,0.000353694,-0.059273176,-0.004291307,0.004412118,watch,user3,lie
37.476027904,0.007148877,-0.004643515,-0.000034451,-0.058880895,-0.002221231,0.007698726,watch,user3,lie
37.486027008,0.005197406,-0.003105760,0.000980616,-0.060478300,-0.004211323,0.006141642,watch,user3,lie
37.496025856,0.005646229,0.001323268,0.003130972,-0.052763388,-0.001759084,0.003863041,watch,user3,lie
37.506024704,0.003762871,0.005099058,0.004650533,-0.039768450,0.002922131,0.004947946,watch,user3,lie
37.516023808,0.001581624,0.007226199,0.002525210,-0.021775601,0.007679602,0.001960412,watch,user3,lie
37.526021888,0.003533438,0.005591661,0.002578139,-0.019417461,0.011281172,0.002911161,watch,user3,lie
37.536020992,0.003373891,0.002995878,0.004050612,-0.025101179,0.011429776,0.004144470,watch,user3,lie
37.546019840,0.005567580,-0.002041221,0.003841102,-0.041277532,0.009927576,0.008513852,watch,user3,lie
37.556018688,0.006040022,-0.008068293,0.003028333,-0.064513609,0.011469547,0.011285404,watch,user3,lie
37.566017792,0.009564996,-0.012675449,0.004286230,-0.090679795,0.006675768,0.015285339,watch,user3,lie
37.576016896,0.010414004,-0.014599681,0.006890059,-0.110145636,-0.001743550,0.020147473,watch,user3,lie
37.586015744,0.010919288,-0.013168633,0.002976239,-0.123484425,-0.000470913,0.023738345,watch,user3,lie
37.596014848,0.009079799,-0.014988512,-0.000125587,-0.141492993,0.002537659,0.022042446,watch,user3,lie
37.606013952,0.005066320,-0.014511004,0.002357900,-0.167437240,0.003079080,0.025994841,watch,user3,lie
37.616013056,0.006171510,-0.013743758,0.004002392,-0.194388151,0.008219513,0.030491855,watch,user3,lie
37.626010880,0.004338264,-0.015263364,0.002068818,-0.224031061,0.014990157,0.034268416,watch,user3,lie
37.636009728,0.002512351,-0.016722694,0.004329622,-0.262615472,0.018840022,0.038754776,watch,user3,lie
37.646008832,0.003175631,-0.019254342,0.007289648,-0.319261312,0.025304047,0.047638219,watch,user3,lie
37.656007936,0.003610194,-0.025138959,0.003734231,-0.377157629,0.027638573,0.056609076,watch,user3,lie
37.666007040,0.006432205,-0.032605946,0.001592338,-0.417743713,0.013265582,0.066337407,watch,user3,lie
37.676005632,0.009734035,-0.033046052,-0.004747868,-0.407088131,-0.005874024,0.070732422,watch,user3,lie
37.686004736,0.010854632,-0.020838618,0.002037227,-0.348020554,-0.018216176,0.059780698,watch,user3,lie
37.696003840,0.010786340,0.002134115,-0.004706621,-0.253460228,-0.009800320,0.057358023,watch,user3,lie
37.706002944,0.006989136,0.027905270,-0.009572148,-0.131938457,-0.005088125,0.045307420,watch,user3,lie
37.716001024,0.006982163,0.041502088,-0.005587637,-0.030689334,0.004028141,0.030907976,watch,user3,lie
37.725999616,0.007224128,0.051276147,-0.000147939,0.028783536,0.002408762,0.013283774,watch,user3,lie
37.735998720,0.003831297,0.057518288,0.003346086,0.066722929,-0.003342866,-0.004978055,watch,user3,lie
37.745997824,0.001606524,0.056060404,0.001371145,0.111183688,0.000204819,-0.015167309,watch,user3,lie
37.755996928,-0.000387982,0.044613570,-0.003211319,0.176875085,0.011002073,-0.010437535,watch,user3,lie
37.765995776,0.000154242,0.035986319,-0.006011307,0.219032258,0.020313550,-0.009663554,watch,user3,lie
37.775994880,0.004834875,0.030048579,-0.005797863,0.245221794,0.013777353,-0.019141210,watch,user3,lie
37.785993984,0.007073805,0.020386755,-0.000157714,0.253443569,0.013447210,-0.024846900,watch,user3,lie
37.795992832,0.008311212,0.008205652,0.000652969,0.241485730,0.012938013,-0.023801077,watch,user3,lie
37.805990912,0.008398414,-0.004391909,0.002661884,0.210669309,0.008405136,-0.018805919,watch,user3,lie
37.815989760,0.007405356,-0.017141283,0.005359530,0.164887711,0.008734569,-0.014258306,watch,user3,lie
37.825988864,0.007213578,-0.025144026,0.006516993,0.115482874,0.004623181,-0.013938326,watch,user3,lie
37.835987968,0.007221520,-0.030007958,0.005929768,0.064764835,0.001452688,-0.005918217,watch,user3,lie
37.845986816,0.007942230,-0.029752150,0.004189074,0.023318816,-0.002534242,-0.000480908,watch,user3,lie
37.855985664,0.010217249,-0.025292277,-0.001112282,-0.009485467,-0.004225350,-0.000856147,watch,user3,lie
37.865984768,0.009492040,-0.020860016,-0.000118315,-0.037258465,-0.007603391,0.001732645,watch,user3,lie
37.875983872,0.009295225,-0.017503485,0.001654685,-0.062201362,-0.011251922,0.000926773,watch,user3,lie
37.885982976,0.008624643,-0.011097908,0.000538409,-0.072180808,-0.011624409,0.002618879,watch,user3,lie
37.895981824,0.006782308,-0.004930913,-0.000923932,-0.071541652,-0.009376168,0.002978405,watch,user3,lie
37.905979648,0.005106866,-0.000271916,0.000426412,-0.069860525,-0.005297538,0.001427580,watch,user3,lie
37.915978752,0.003888607,0.003758982,0.001107216,-0.059439313,-0.002658346,0.003704849,watch,user3,lie
37.925977856,0.001904830,0.005958289,0.004015803,-0.047851589,0.004295346,0.005357807,watch,user3,lie
37.935976960,0.004044607,0.006592795,0.001648784,-0.034929130,0.006687397,0.004819316,watch,user3,lie
37.945975808,0.003617287,0.006764710,0.002327263,-0.027176626,0.008682282,0.006350433,watch,user3,lie
37.955974912,0.005781293,0.004424393,0.001867890,-0.024271917,0.003730400,0.005995167,watch,user3,lie
37.965973760,0.006856963,0.002241477,0.000328600,-0.022183731,0.005086482,0.003152110,watch,user3,lie
37.975972864,0.008418441,0.000542670,0.002381206,-0.017691778,0.002481111,0.003458906,watch,user3,lie
37.985971712,0.007342368,-0.000473350,0.001052678,-0.015485082,0.000390264,0.003386202,watch,user3,lie
37.995969792,0.007745266,-0.000198945,0.000026464,-0.013133510,-0.002618043,0.003145186,watch,user3,lie
38.005968896,0.008498088,-0.000704706,0.001321912,-0.007632618,-0.006125693,0.001447487,watch,user3,lie
38.015967744,0.006651670,0.003952011,0.001937389,0.007039269,-0.004163209,0.000665850,watch,user3,lie
38.025966848,0.007436603,0.005916491,0.000995100,0.011106049,-0.001173811,-0.001135313,watch,user3,lie
38.035965696,0.006530553,0.005853385,0.000129819,0.013314875,-0.005609039,-0.004901023,watch,user3,lie
38.045964800,0.006621167,0.003717065,-0.000643313,0.015419039,-0.004932863,-0.001570607,watch,user3,lie
38.055963904,0.003653497,0.000652507,0.000640452,0.014510102,0.000171352,-0.000412931,watch,user3,lie
38.065963008,0.002759963,-0.003382489,0.001020432,0.004884106,0.004786078,-0.002008563,watch,user3,lie
38.075961600,-0.000597998,-0.005711734,0.002701700,-0.014895458,0.011015744,0.000684425,watch,user3,lie
38.085959680,0.001049042,-0.007231936,0.004484236,-0.015730981,0.007426247,0.001304941,watch,user3,lie
38.095958784,0.006338477,-0.007569149,0.003834784,-0.017678283,0.008232119,0.004881833,watch,user3,lie
38.105957888,0.010117784,-0.001497284,0.002700448,-0.012441932,0.006899651,0.003363631,watch,user3,lie
38.115956992,0.011139378,0.002239510,-0.000382841,-0.009258922,0.002507033,0.000198731,watch,user3,lie
38.125956352,0.010431334,0.001510486,-0.000968993,-0.011347861,-0.003720591,-0.002190191,watch,user3,lie
38.135955456,0.011076018,-0.000762507,0.002136350,-0.015811319,-0.005484669,0.000185082,watch,user3,lie
38.145954560,0.011127859,0.000200644,-0.000910163,-0.014111956,-0.007417859,0.001590033,watch,user3,lie
38.155953408,0.009836376,0.000872552,-0.001533210,-0.014118880,-0.008618678,-0.001944781,watch,user3,lie
38.165952512,0.009160936,-0.000202611,0.000942051,-0.017067267,-0.008569408,-0.000081367,watch,user3,lie
38.175951360,0.004540265,-0.000801578,0.002088487,-0.014629941,-0.008108949,-0.001844646,watch,user3,lie
38.185949440,0.002981856,-0.001425162,0.000346005,-0.011399837,-0.003299457,0.001267591,watch,user3,lie
38.195948544,0.002973467,-0.001018912,0.003905952,-0.012172686,0.002393050,-0.000003270,watch,user3,lie
38.205947392,0.002187550,0.001132384,0.005213678,-0.009416137,0.001870449,-0.000923525,watch,user3,lie
38.215946496,0.002489895,0.001595005,0.004470944,-0.003572096,0.004218824,0.002185449,watch,user3,lie
38.225945344,0.005284533,0.000755295,0.003008723,-0.002939729,0.005423639,0.001388298,watch,user3,lie
38.235944448,0.007615224,0.001227498,-0.000444710,0.002770621,0.005548807,0.001981651,watch,user3,lie
38.245943552,0.006012455,0.001974538,-0.001951337,-0.004809623,0.000484184,0.002133984,watch,user3,lie
38.255942400,0.008090228,-0.000899315,-0.000251532,-0.006990752,-0.002096685,-0.002357171,watch,user3,lie
38.265941504,0.007269666,-0.001324728,0.000064731,-0.010803111,-0.001044914,0.000473569,watch,user3,lie
38.275939328,0.005263850,-0.001717895,-0.000058532,-0.018362228,-0.000375395,-0.001122730,watch,user3,lie
38.285938432,0.006982461,-0.003782466,0.003199577,-0.027994392,-0.001431782,-0.000523718,watch,user3,lie
38.295937536,0.008174062,-0.005120486,0.004872501,-0.031226672,0.000076632,0.000389746,watch,user3,lie
38.305936384,0.007147446,-0.002528772,0.002610385,-0.032951824,-0.000095763,0.001227643,watch,user3,lie
38.315935488,0.006771266,-0.003188714,0.002255142,-0.035515383,-0.000079784,0.001682777,watch,user3,lie
38.325934592,0.005164757,-0.001845673,0.002847552,-0.040118881,-0.000962445,0.000375099,watch,user3,lie
38.335933440,0.005028993,-0.003784776,0.001332819,-0.043498430,-0.001920383,0.004501667,watch,user3,lie
38.345932288,0.009031504,-0.002766326,0.002181947,-0.041050937,-0.003776429,0.005461670,watch,user3,lie
38.355931392,0.007915884,0.000941202,0.003264427,-0.033024702,-0.005234510,0.001807547,watch,user3,lie
38.365929472,0.007222921,0.006630838,0.000032663,-0.016278038,-0.004921144,0.001885977,watch,user3,lie
38.375928576,0.006185144,0.009073913,-0.001112163,0.001094028,0.000663504,-0.000673587,watch,user3,lie
38.385927680,0.003906801,0.010094538,-0.000139415,0.018014643,0.003625028,-0.001817615,watch,user3,lie
38.395926272,0.004553542,0.010914922,-0.000502110,0.035708953,0.001560013,-0.001816283,watch,user3,lie
38.405925376,0.006406009,0.007111132,0.001731575,0.040461496,0.000264385,-0.002204772,watch,user3,lie
38.415924480,0.008270115,0.008655578,0.002669632,0.047348164,-0.001402753,-0.001288645,watch,user3,lie
38.425923584,0.009686202,0.004564196,0.002987683,0.053439703,-0.004210169,-0.002476015,watch,user3,lie
38.435922432,0.007315069,0.002853289,-0.000898600,0.055104710,-0.003594713,-0.003476564,watch,user3,lie
38.445921536,0.007928491,0.003247648,0.000590086,0.056810863,-0.003720414,-0.001852902,watch,user3,lie
38.455920384,0.009117410,-0.000697568,0.002315223,0.051434472,-0.002625322,-0.003754132,watch,user3,lie
38.465918464,0.006636903,-0.003306657,0.002971113,0.043751389,-0.003051694,-0.003172298,watch,user3,lie
38.475917568,0.003554881,-0.002382234,0.001415789,0.036381889,-0.001579233,-0.003397069,watch,user3,lie
38.485916416,0.003404185,-0.003049448,-0.000252962,0.031461075,0.001234308,-0.002624885,watch,user3,lie
38.495915520,0.003042921,-0.004837513,0.000594974,0.019093892,0.002662295,-0.002614765,watch,user3,lie
38.505914624,0.005177036,-0.005165204,0.002949774,0.015921000,0.001078780,-0.004467660,watch,user3,lie
38.515913472,0.007632062,-0.003734320,0.002182484,0.009819698,0.000200203,-0.000454542,watch,user3,lie
38.525912320,0.007849559,-0.003949791,0.002140343,0.010446916,-0.002495538,-0.000813736,watch,user3,lie
38.535911424,0.006700993,-0.000701830,0.000071824,0.012815799,-0.003524051,-0.001133315,watch,user3,lie
38.545910528,0.006869525,0.002385139,0.000580728,0.023091383,-0.001686824,-0.003352062,watch,user3,lie
38.555908608,0.007096887,0.004950762,0.000157535,0.031569291,-0.006113531,-0.005164609,watch,user3,lie
38.565907456,0.007040977,0.006166041,0.002367258,0.044246517,-0.003817974,-0.004293555,watch,user3,lie
38.575906304,0.006640419,0.008362889,0.000518918,0.059355959,-0.000934570,-0.006572955,watch,user3,lie
38.585905408,0.005132422,0.006555453,0.000002801,0.070575990,0.001647099,-0.008421656,watch,user3,lie
38.595904512,0.003924310,0.006774336,0.001460850,0.084879294,-0.003013966,-0.009369208,watch,user3,lie
38.605903616,0.005115435,0.008713484,0.004576445,0.098402955,-0.002209425,-0.012565334,watch,user3,lie
38.615902464,0.006678566,0.008096039,0.000994325,0.116567850,-0.000611795,-0.012441764,watch,user3,lie
38.625901312,0.007706091,0.007935524,-0.000954449,0.130509540,-0.000030249,-0.012806150,watch,user3,lie
38.635900416,0.007606894,0.008578345,0.000998318,0.142699093,-0.003124043,-0.017198235,watch,user3,lie
38.645899520,0.005495414,0.007532597,0.001182020,0.162140533,-0.000992626,-0.018667234,watch,user3,lie
38.655897600,0.006755710,0.007772237,-0.001930773,0.172785193,-0.001497829,-0.020422524,watch,user3,lie
38.665896448,0.007416382,0.009071887,0.001221836,0.177038297,-0.004075857,-0.024222922,watch,user3,lie
38.675895552,0.007607639,0.009380907,0.001274645,0.179651126,-0.006863920,-0.024792040,watch,user3,lie
38.685894400,0.008520246,0.007709548,0.000830412,0.188703477,-0.010089274,-0.026550792,watch,user3,lie
38.695893504,0.007343695,0.006614268,-0.000960708,0.196566194,-0.008766482,-0.025915096,watch,user3,lie
38.705892352,0.006217077,0.006161809,0.000029624,0.197887301,-0.005317778,-0.028124053,watch,user3,lie
38.715891456,0.006170064,0.003399581,0.000926793,0.192568704,-0.007171072,-0.030474827,watch,user3,lie
38.725890560,0.008108944,0.000360221,0.003040254,0.181310594,-0.007608896,-0.029665025,watch,user3,lie
38.735889664,0.006980956,-0.002094135,0.003017008,0.173640683,-0.011653705,-0.026492933,watch,user3,lie
38.745887488,0.007236525,-0.001367360,0.000342131,0.175153360,-0.014975466,-0.027191615,watch,user3,lie
38.755886336,0.005826801,0.002278596,-0.009505272,0.186310664,-0.020184075,-0.035563260,watch,user3,lie
38.765885440,0.008115232,0.011880845,-0.011021614,0.205175623,-0.024577316,-0.050308384,watch,user3,lie
38.775884544,0.009220868,0.021244824,-0.007310688,0.237298936,-0.030189395,-0.064540848,watch,user3,lie
38.785883648,0.008443892,0.024921060,-0.010137379,0.266528457,-0.034490932,-0.073538341,watch,user3,lie
38.795882240,0.010641143,0.024662450,-0.013461888,0.280267954,-0.044919074,-0.078020975,watch,user3,lie
38.805881344,0.009348333,0.026512384,-0.021460116,0.297998607,-0.060250621,-0.094816528,watch,user3,lie
38.815880448,0.011965215,0.037022769,-0.032074869,0.313893169,-0.079715930,-0.135785803,watch,user3,lie
38.825879552,0.012917459,0.055088669,-0.038236737,0.319244027,-0.109706946,-0.201339588,watch,user3,lie
38.835877632,0.015255690,0.070767865,-0.045003653,0.348259985,-0.143154919,-0.249890611,watch,user3,lie
38.845876224,0.021675184,0.066919878,-0.046796083,0.383035451,-0.155579716,-0.264616698,watch,user3,lie
38.855875328,0.019901469,0.059736446,-0.037374139,0.416206717,-0.164854720,-0.279278725,watch,user3,lie
38.865874432,0.008717269,0.054554820,-0.041527450,0.455714345,-0.171647996,-0.295087516,watch,user3,lie
38.875873536,0.002096444,0.048355952,-0.032422006,0.492324293,-0.184981644,-0.313103527,watch,user3,lie
38.885872384,-0.000563487,0.043596596,-0.024080038,0.520722091,-0.190326869,-0.326021999,watch,user3,lie
38.895871488,0.004796565,0.046111286,-0.013614774,0.541179419,-0.198163748,-0.341000408,watch,user3,lie
38.905870592,0.008571863,0.047289141,0.000611305,0.566070139,-0.209724009,-0.357100010,watch,user3,lie
38.915869440,0.008236721,0.045824654,0.003624201,0.600461662,-0.223367915,-0.370623291,watch,user3,lie
38.925867520,0.008733317,0.047456726,-0.000190556,0.632233441,-0.229029253,-0.386675477,watch,user3,lie
38.935866368,0.011929214,0.049613573,0.003706992,0.656942785,-0.228321120,-0.403005183,watch,user3,lie
38.945865472,0.011874974,0.048790433,0.009349227,0.676363587,-0.223868310,-0.405719757,watch,user3,lie
38.955864576,0.013218328,0.048134744,0.007611334,0.691689312,-0.216763005,-0.406462520,watch,user3,lie
38.965863424,0.012885004,0.045435660,0.006285548,0.690235496,-0.220854148,-0.405981004,watch,user3,lie
38.975862272,0.012613133,0.038516656,0.006623209,0.679678082,-0.226660118,-0.408137560,watch,user3,lie
38.985861376,0.016318560,0.036370829,0.007366836,0.671618700,-0.225098252,-0.405923426,watch,user3,lie
38.995860480,0.015186980,0.032402821,0.011427879,0.654838383,-0.216949508,-0.407730103,watch,user3,lie
39.005859584,0.012941584,0.026479412,0.015859425,0.639888346,-0.208232448,-0.403848886,watch,user3,lie
39.015858432,0.010978639,0.019450989,0.019067287,0.634784400,-0.211363256,-0.396830648,watch,user3,lie
39.025856256,0.012373909,0.012406640,0.017644048,0.628277004,-0.208748311,-0.378001958,watch,user3,lie
39.035855360,0.009997621,0.006248122,0.015216231,0.621302962,-0.201207563,-0.365998298,watch,user3,lie
39.045854464,0.008223310,-0.000189908,0.012189925,0.613967478,-0.195355192,-0.359777480,watch,user3,lie
39.055853568,0.007106483,-0.005359219,0.010427475,0.605838716,-0.189308479,-0.356030673,watch,user3,lie
39.065852416,0.008968741,-0.009469429,0.011071265,0.595934927,-0.185971096,-0.347773135,watch,user3,lie
39.075851520,0.009988755,-0.013287112,0.011303782,0.583595693,-0.186733022,-0.338582307,watch,user3,lie
39.085850368,0.013221607,-0.011731203,0.006484747,0.569831610,-0.194737956,-0.339263171,watch,user3,lie
39.095849472,0.016440317,-0.006946160,-0.005838811,0.556028485,-0.203032091,-0.344222516,watch,user3,lie
39.105848320,0.025476292,-0.001103897,-0.009591281,0.539720833,-0.204817578,-0.354326129,watch,user3,lie
39.115846400,0.028084606,-0.003176257,-0.002391219,0.506804705,-0.202533111,-0.355387390,watch,user3,lie
39.125844736,0.023261264,-0.010947078,0.003118694,0.464472979,-0.199695438,-0.339982063,watch,user3,lie
39.135843840,0.017836884,-0.022790881,0.006888390,0.404570520,-0.199083164,-0.316882610,watch,user3,lie
39.145842688,0.012305856,-0.028123561,0.011321545,0.352626771,-0.203625724,-0.297028810,watch,user3,lie
39.155841792,0.009306908,-0.028252099,0.014905572,0.321180701,-0.201218486,-0.278167754,watch,user3,lie
39.165840640,0.007450506,-0.023816302,0.013246477,0.312427610,-0.192883953,-0.269662559,watch,user3,lie
39.175839744,0.010667369,-0.014828790,0.009018183,0.311191082,-0.194409937,-0.260837138,watch,user3,lie
39.185838848,0.012859806,-0.006308053,0.004665136,0.317305177,-0.195935935,-0.258259714,watch,user3,lie
39.195837952,0.014423370,0.001151167,0.006565571,0.315921396,-0.193975851,-0.254309446,watch,user3,lie
39.205835776,0.009189025,-0.000759039,0.007051051,0.302976847,-0.184700400,-0.247293949,watch,user3,lie
39.215834624,0.005448759,-0.004438855,0.007158697,0.277293056,-0.177736238,-0.241679475,watch,user3,lie
39.225833728,0.003748119,-0.010314234,0.005658031,0.245997220,-0.181027904,-0.239204615,watch,user3,lie
39.235832832,0.004709154,-0.010298438,0.002182424,0.219836190,-0.190697312,-0.242270976,watch,user3,lie
39.245831936,0.009192497,-0.000489779,-0.000816226,0.210525677,-0.189873964,-0.247380763,watch,user3,lie
39.255830784,0.013925642,0.006147668,0.004103780,0.216544434,-0.185417697,-0.253928959,watch,user3,lie
39.265829632,0.013741374,0.007741414,0.005763531,0.218900517,-0.175851882,-0.255707562,watch,user3,lie
39.275828736,0.013735533,0.004240215,0.004167914,0.209174126,-0.173463821,-0.246528700,watch,user3,lie
39.285827840,0.013634562,-0.001586407,0.006768942,0.181089357,-0.170136988,-0.232528791,watch,user3,lie
39.295825920,0.012646824,-0.007129952,0.009454310,0.142718002,-0.167382225,-0.213590249,watch,user3,lie
39.305824768,0.011777997,-0.011321634,0.012967288,0.103978865,-0.165095359,-0.199160710,watch,user3,lie
39.315823616,0.006937802,-0.008016683,0.010250509,0.087593772,-0.164471924,-0.195058390,watch,user3,lie
39.325822720,0.004932672,-0.001065396,0.004877985,0.099923760,-0.163203627,-0.198739529,watch,user3,lie
39.335821824,0.005786538,0.006972797,0.003383040,0.133441240,-0.156196594,-0.206362024,watch,user3,lie
39.345820672,0.002958208,0.007456459,0.003982484,0.170368508,-0.144433945,-0.206455320,watch,user3,lie
39.355819776,0.003543496,0.005832702,0.006971598,0.186689958,-0.139478341,-0.205808163,watch,user3,lie
39.365818880,0.003840089,0.005026415,0.010379016,0.189271927,-0.138052568,-0.205463216,watch,user3,lie
39.375817984,0.007525146,0.001053117,0.010885596,0.173102275,-0.131348327,-0.200471923,watch,user3,lie
39.385815808,0.011485219,-0.004281357,0.014150083,0.146646574,-0.123314895,-0.189129710,watch,user3,lie
39.395814656,0.009620219,-0.011099517,0.017027140,0.106050670,-0.117531843,-0.176792890,watch,user3,lie
39.405813760,0.008329988,-0.015702240,0.016750455,0.070297822,-0.112715960,-0.167255044,watch,user3,lie
39.415812864,0.009212852,-0.017995179,0.018756270,0.034183763,-0.102108054,-0.147665888,watch,user3,lie
39.425811968,0.008162022,-0.016337387,0.015699744,0.013585052,-0.095980220,-0.136412516,watch,user3,lie
39.435810560,0.007278174,-0.010819793,0.017160714,0.006439792,-0.087565161,-0.131722152,watch,user3,lie
39.445809664,0.007916778,-0.011021331,0.016081452,0.014956003,-0.081097044,-0.129790634,watch,user3,lie
39.455808768,0.009003431,-0.009018198,0.014996469,0.032888398,-0.071349345,-0.125151396,watch,user3,lie
39.465807872,0.009292871,-0.009215906,0.018465221,0.057747498,-0.057273388,-0.116994135,watch,user3,lie
39.475806720,0.007029355,-0.011017464,0.019790173,0.070601508,-0.040856600,-0.109217443,watch,user3,lie
39.485804800,0.004313141,-0.013041250,0.022224188,0.067257777,-0.033589367,-0.098810539,watch,user3,lie
39.495803648,0.003914118,-0.014911301,0.020768464,0.053781655,-0.021824583,-0.089829296,watch,user3,lie
39.505802752,0.006503522,-0.020345174,0.020390689,0.039287262,-0.016029011,-0.079251021,watch,user3,lie
39.515801856,0.007958770,-0.023627914,0.020389020,0.016591806,-0.006399288,-0.064261682,watch,user3,lie
39.525800704,0.009056538,-0.027658746,0.019684434,-0.006185101,-0.002953512,-0.048202891,watch,user3,lie
39.535799808,0.007499546,-0.030157372,0.019710779,-0.010314066,0.003425558,-0.033694256,watch,user3,lie
39.545798912,0.005054593,-0.027237892,0.017891228,-0.001422481,0.010099527,-0.021974482,watch,user3,lie
39.555797760,0.004395008,-0.021907583,0.016022265,0.033049475,0.020381993,-0.012948230,watch,user3,lie
39.565796608,0.004547566,-0.013074055,0.010949433,0.071973301,0.030204529,-0.007273100,watch,user3,lie
39.575794944,0.005639583,-0.010122277,0.010049701,0.091565646,0.037605453,-0.001413880,watch,user3,lie
39.585793792,0.006084472,-0.012579754,0.007021546,0.085680149,0.042706829,0.009503616,watch,user3,lie
39.595792896,0.008373916,-0.019672118,0.011357963,0.042910319,0.047223818,0.022629272,watch,user3,lie
39.605791744,0.004814267,-0.027218737,0.014124513,-0.007095015,0.048430670,0.033392772,watch,user3,lie
39.615790848,0.001672864,-0.031598262,0.013235390,-0.053083811,0.041744538,0.039423499,watch,user3,lie
39.625789696,0.004988551,-0.030285165,0.009074748,-0.076465569,0.037427820,0.047991551,watch,user3,lie
39.635788800,0.011351585,-0.019398533,0.004407227,-0.073260717,0.033543866,0.052504014,watch,user3,lie
39.645787904,0.014640510,-0.007893331,-0.002124906,-0.048728567,0.038179811,0.052686173,watch,user3,lie
39.655786752,0.014945269,0.000565447,-0.006516337,-0.020157108,0.039950278,0.054070484,watch,user3,lie
39.665784832,0.009329170,0.002816580,-0.009093881,-0.010129909,0.039024029,0.054728620,watch,user3,lie
39.675783680,0.007918775,-0.000590414,-0.012111306,-0.025091015,0.030017219,0.058695398,watch,user3,lie
39.685782784,0.006709456,-0.001365505,-0.009192944,-0.055819366,0.020701749,0.057149697,watch,user3,lie
39.695781888,0.002358317,-0.001161247,-0.007745445,-0.076419182,0.013038503,0.052413266,watch,user3,lie
39.705780992,0.001095593,0.001998529,-0.005181730,-0.088918284,0.008718235,0.044959746,watch,user3,lie
39.715779840,0.004071057,0.003101610,-0.005826116,-0.089156903,0.004561041,0.045162946,watch,user3,lie
39.725778688,0.005689293,0.006573156,-0.006769001,-0.082484581,-0.001114511,0.044007864,watch,user3,lie
39.735777792,0.005937427,0.012207635,-0.007812500,-0.073006123,-0.004630683,0.031693675,watch,user3,lie
39.745776896,0.006061226,0.017394081,-0.006783187,-0.053818088,-0.004088374,0.020881439,watch,user3,lie
39.755774976,0.005398065,0.017549932,-0.006591856,-0.041254360,-0.004065738,0.013721264,watch,user3,lie
39.765773824,0.004962623,0.015929140,-0.006191611,-0.039305903,-0.005771669,0.013350286,watch,user3,lie
39.775772672,0.008968830,0.016548023,-0.002957165,-0.049919665,-0.004357531,0.012951877,watch,user3,lie
39.785771776,0.008742183,0.013704732,-0.001098573,-0.063263789,-0.005274280,0.014706368,watch,user3,lie
39.795770880,0.008812964,0.011545159,-0.000356793,-0.075208597,-0.006556858,0.017687777,watch,user3,lie
39.805769728,0.007347643,0.007922448,-0.000207424,-0.070954330,-0.005417025,0.015791673,watch,user3,lie
39.815768832,0.002094179,0.008341208,0.001054049,-0.054174818,-0.003018316,0.006388051,watch,user3,lie
39.825767936,0.000154316,0.011966214,0.004361808,-0.028148901,0.003605143,-0.001234050,watch,user3,lie
39.835766784,0.001162469,0.012847044,0.004927456,-0.005230269,0.007472852,-0.007450933,watch,user3,lie
39.845764864,0.004043967,0.011135682,0.004899383,0.007186630,0.008691159,-0.011788690,watch,user3,lie
39.855763712,0.004078150,0.008387126,0.007456839,0.013464234,0.009478923,-0.013675272,watch,user3,lie
39.865762816,0.004178256,0.006351046,0.005599618,0.013375640,0.014189344,-0.012174315,watch,user3,lie
39.875761920,0.006061167,0.002833158,0.004048049,0.001017773,0.014684159,-0.008342293,watch,user3,lie
39.885761024,0.005599678,-0.000448644,0.004696846,-0.020073175,0.016621165,-0.004717531,watch,user3,lie
39.895759616,0.005389661,-0.004682079,0.005699813,-0.028605413,0.018314935,-0.001871943,watch,user3,lie
39.905758720,0.004264206,-0.003055051,0.003262699,-0.020408113,0.022167288,-0.002165956,watch,user3,lie
39.915757824,0.003036201,-0.002641648,0.004592717,-0.002265860,0.027327161,-0.003283419,watch,user3,lie
39.925756928,0.004547536,-0.000097863,0.003668785,0.016965225,0.027970847,-0.001674536,watch,user3,lie
39.935755008,0.009947568,0.000623323,0.002680361,0.028013883,0.027145799,-0.004287364,watch,user3,lie
39.945753600,0.009911805,0.002578720,0.006527960,0.028773371,0.031170191,-0.005600235,watch,user3,lie
39.955752704,0.008178532,0.003503487,0.007413566,0.021064319,0.032512955,-0.006037527,watch,user3,lie
39.965751808,0.006307811,0.001041621,0.004771113,0.011591588,0.034003261,-0.003503995,watch,user3,lie
39.975750912,0.005561411,-0.002841152,0.005352914,-0.004967149,0.037233677,0.000630296,watch,user3,lie
39.985749760,0.004397213,-0.001859568,0.003451645,-0.022285020,0.038641691,0.004017638,watch,user3,lie
39.995748864,0.004544795,-0.005371876,0.003164828,-0.036687661,0.032531336,0.008985498,watch,user3,lie
40.005747712,0.004813373,-0.005882241,0.001538813,-0.051871762,0.031832166,0.013642035,watch,user3,lie
40.015746816,0.008976728,-0.008225903,-0.000925064,-0.054604698,0.026718896,0.017469797,watch,user3,lie
40.025744896,0.007639825,-0.005457632,-0.003907382,-0.055590954,0.028766511,0.020811398,watch,user3,lie
40.035743744,0.007396460,-0.003998585,-0.003034353,-0.055152066,0.026927600,0.018102963,watch,user3,lie
40.045742848,0.006039649,-0.005341910,-0.005176723,-0.055262633,0.021236513,0.015585676,watch,user3,lie
40.055741696,0.010122150,-0.003255054,-0.008360445,-0.056121234,0.011450993,0.016914060,watch,user3,lie
40.065740800,0.011338383,0.001090266,-0.010119736,-0.044283707,0.006240696,0.015948066,watch,user3,lie
40.075739648,0.012894541,0.005081579,-0.009850621,-0.031750605,0.005746147,0.012709396,watch,user3,lie
40.085738752,0.008432418,0.005471177,-0.009165883,-0.024655543,0.006455347,0.009457477,watch,user3,lie
40.095737856,0.007096946,0.003445178,-0.006219089,-0.043371975,0.003809763,0.013120122,watch,user3,lie
40.105736960,0.006195933,-0.001965217,-0.001246214,-0.075031765,-0.002010576,0.019439338,watch,user3,lie
40.115735808,0.002936304,-0.004442468,0.001101315,-0.096139714,-0.005462832,0.020215916,watch,user3,lie
40.125735168,-0.000941545,-0.003824964,0.002956808,-0.095675297,-0.006822286,0.013860881,watch,user3,lie
40.135734272,0.000177264,0.003311321,0.001418352,-0.074580401,-0.005699764,0.009000345,watch,user3,lie
40.145733120,0.005142003,0.009080917,-0.002682924,-0.052865569,-0.001818917,0.002566881,watch,user3,lie
40.155732224,0.008849233,0.011725456,-0.002830327,-0.038800348,-0.001731832,-0.001294437,watch,user3,lie
40.165731072,0.007634401,0.008903041,-0.000455916,-0.056857333,0.003101717,0.001406741,watch,user3,lie
40.175730176,0.004633516,0.002560660,0.000803292,-0.090825155,0.000203932,0.005929854,watch,user3,lie
40.185729024,0.002949893,-0.002783872,0.003189266,-0.122964673,-0.009792333,0.007950194,watch,user3,lie
40.195728128,0.006323844,-0.003368668,0.008034170,-0.128910705,-0.010712721,0.007985348,watch,user3,lie
40.205727232,0.006474465,-0.000357412,0.004928052,-0.106311440,-0.004343948,0.005082702,watch,user3,lie
40.215725056,0.004146904,-0.001989715,0.003317654,-0.083670311,0.003141132,0.001268523,watch,user3,lie
40.225724160,0.006554663,-0.005576335,0.002526879,-0.091412291,0.010933097,0.001842967,watch,user3,lie
40.235723264,0.010125548,-0.014658354,0.006469309,-0.134689987,0.013885744,0.006989259,watch,user3,lie
40.245722112,0.007954895,-0.026556432,0.013007998,-0.224184841,0.020042973,0.014978543,watch,user3,lie
40.255721216,0.007777423,-0.038298510,0.017106354,-0.348556072,0.024964228,0.023065764,watch,user3,lie
40.265720320,0.005778074,-0.046054125,0.021480381,-0.487091780,0.029971858,0.032276705,watch,user3,lie
40.275719168,0.004473329,-0.046867795,0.021666765,-0.632448673,0.041245021,0.040699486,watch,user3,lie
40.285718016,0.004957169,-0.051324882,0.026679277,-0.782455504,0.052648142,0.051633362,watch,user3,lie
40.295717120,0.009415746,-0.068098471,0.034665346,-0.943888068,0.059327617,0.072252616,watch,user3,lie
40.305715200,0.006904513,-0.086666182,0.035615623,-1.125771999,0.065376811,0.095149145,watch,user3,lie
40.315714304,0.005397737,-0.090607271,0.040018618,-1.305110097,0.073915973,0.101345792,watch,user3,lie
40.325713152,0.005229652,-0.092154108,0.043329775,-1.447803736,0.063928314,0.093598187,watch,user3,lie
40.335712000,0.005533397,-0.095638216,0.051699281,-1.530678630,0.034647658,0.084788717,watch,user3,lie
40.345711104,0.008324623,-0.092512250,0.060598791,-1.545159936,0.011939151,0.078364432,watch,user3,lie
40.355710208,0.008492798,-0.066173784,0.041286230,-1.488993883,-0.011684686,0.076715142,watch,user3,lie
40.365709312,0.010071009,-0.009151891,0.016173542,-1.368125200,-0.020803528,0.065150768,watch,user3,lie
40.375708160,0.008845150,0.039433632,-0.014143765,-1.217521071,-0.018693505,0.054680280,watch,user3,lie
40.385707264,0.008857876,0.053044483,-0.034409881,-1.073124886,-0.012939391,0.054116625,watch,user3,lie
40.395705088,0.004627079,0.028614417,-0.036885142,-0.982973397,-0.017944802,0.074369162,watch,user3,lie
40.405704192,0.003330022,-0.016682550,-0.027296782,-1.011047482,-0.028699266,0.097676218,watch,user3,lie
40.415703296,0.001646370,-0.036310591,-0.022865951,-1.138426423,-0.050307892,0.105278745,watch,user3,lie
40.425702144,0.004482120,-0.024633341,-0.025330842,-1.247481108,-0.092254721,0.082306653,watch,user3,lie
40.435701248,0.010605663,-0.011643820,-0.025367618,-1.250965595,-0.139674693,0.039572503,watch,user3,lie
40.445700096,0.014840633,-0.007654235,-0.037144244,-1.169764876,-0.157054931,0.007460239,watch,user3,lie
40.455699200,0.020297438,0.005952388,-0.042712986,-1.057925940,-0.143080518,0.001951491,watch,user3,lie
40.465698048,0.021100581,0.017295167,-0.024888337,-0.983439088,-0.113545097,0.017309142,watch,user3,lie
40.475697152,0.019378603,0.032197148,0.006804526,-0.983356774,-0.091423817,0.025841111,watch,user3,lie
40.485695232,0.011855215,0.051441818,0.027324557,-1.031950474,-0.080632150,0.018257292,watch,user3,lie
40.495694336,0.006248176,0.047129408,0.020739675,-1.081200600,-0.090848565,0.005270388,watch,user3,lie
40.505693184,0.003215700,0.019538775,0.019014895,-1.093911052,-0.106755897,0.003069219,watch,user3,lie
40.515692032,0.003004074,-0.022571340,0.015206456,-1.091104865,-0.112626836,0.023002714,watch,user3,lie
40.525691136,0.003387213,-0.046085149,-0.003894031,-1.076616406,-0.113401636,0.053693850,watch,user3,lie
40.535690240,0.005060494,-0.039900780,-0.019669533,-0.999633670,-0.127888173,0.064409874,watch,user3,lie
40.545689344,0.004880995,-0.025269881,-0.025841653,-0.818801641,-0.154757321,0.045369469,watch,user3,lie
40.555688192,0.004894137,-0.012785554,-0.035189629,-0.587011516,-0.158298269,0.019755455,watch,user3,lie
40.565687040,0.004634351,0.014982954,-0.044104040,-0.400787979,-0.122113630,0.012466982,watch,user3,lie
40.575685120,0.007219732,0.046926752,-0.034582138,-0.285504252,-0.080545954,0.003118488,watch,user3,lie
40.585684224,0.009463042,0.062347367,-0.018824399,-0.232389286,-0.065926448,-0.013618015,watch,user3,lie
40.595683328,0.014502287,0.053459257,-0.002758145,-0.239254117,-0.071640790,-0.031356532,watch,user3,lie
40.605682176,0.018806845,0.025884569,0.016806662,-0.291081876,-0.071706124,-0.028843507,watch,user3,lie
40.615681024,0.015736461,-0.001926720,0.033617914,-0.368481576,-0.069019258,-0.005046032,watch,user3,lie
40.625680128,0.010693043,-0.014072478,0.049321473,-0.454322308,-0.056314651,0.022899117,watch,user3,lie
40.635679232,0.006441772,-0.001276135,0.046126068,-0.484817624,-0.047542732,0.033319533,watch,user3,lie
40.645678080,0.002245605,0.011363059,0.022684455,-0.439035475,-0.041753374,0.021787446,watch,user3,lie
40.655677184,-0.001497447,0.016253710,0.005729079,-0.341313183,-0.031848278,0.014157490,watch,user3,lie
40.665675008,-0.003078669,0.014522612,-0.000690818,-0.223857462,-0.015716001,0.019469565,watch,user3,lie
40.675674112,-0.005774856,0.015759856,-0.005353093,-0.124565758,-0.002180219,0.032315854,watch,user3,lie
40.685673216,-0.005454123,0.017041624,-0.008643031,-0.050086692,0.005956980,0.035266437,watch,user3,lie
40.695672064,-0.004540861,0.022735924,-0.008832455,-0.007055334,0.011065456,0.023530418,watch,user3,lie
40.705671168,0.000239938,0.022982746,-0.003553748,0.024429489,0.014992820,0.006361885,watch,user3,lie
40.715670272,0.006396443,0.018119305,0.001901686,0.053553551,0.022774842,-0.001445971,watch,user3,lie
40.725669376,0.012231529,0.014087468,0.004065335,0.071349107,0.023600601,0.009086899,watch,user3,lie
40.735667968,0.014718622,0.011785358,0.005283237,0.073721983,0.026233669,0.019247124,watch,user3,lie
40.745667072,0.015247494,0.010797560,0.007659554,0.056428526,0.026427723,0.017501088,watch,user3,lie
40.755665152,0.009735167,0.009371430,0.002686262,0.049159426,0.022562411,0.013365200,watch,user3,lie
40.765664256,0.007085443,0.005293727,0.003420830,0.041826766,0.025382254,0.012471709,watch,user3,lie
40.775663360,0.001623899,0.003930181,0.001237452,0.031817276,0.031747475,0.019176483,watch,user3,lie
40.785661952,0.000616640,0.002665639,-0.002793789,0.031808354,0.032952558,0.023726428,watch,user3,lie
40.795661056,-0.001419038,-0.005278796,0.003715158,0.042158995,0.032697957,0.026659632,watch,user3,lie
40.805660160,-0.001015693,-0.018493056,0.010520041,0.046368785,0.035663389,0.030457633,watch,user3,lie
40.815659264,0.002035141,-0.021531016,0.011812270,0.041666709,0.039143339,0.038642861,watch,user3,lie
40.825658112,0.003411651,-0.016464651,0.008298993,0.038788635,0.033907834,0.040809739,watch,user3,lie
40.835657216,0.011236578,-0.007718772,0.002002954,0.037689280,0.029867284,0.036904745,watch,user3,lie
40.845655040,0.012050182,0.002399623,-0.005741298,0.047827799,0.029031318,0.035266835,watch,user3,lie
40.855654144,0.013218492,0.006969482,-0.007870913,0.064952455,0.031332824,0.038114287,watch,user3,lie
40.865653248,0.012639523,0.007694125,-0.009729266,0.074619196,0.035613589,0.045044366,watch,user3,lie
40.875652096,0.010004699,0.006168693,-0.004809082,0.074900962,0.036992840,0.047248129,watch,user3,lie
40.885651200,0.007911116,-0.000881732,0.003015995,0.075940885,0.034852277,0.047144733,watch,user3,lie
40.895650304,0.006482124,-0.009015918,0.004712343,0.086443596,0.030271376,0.045839254,watch,user3,lie
40.905649152,0.004858077,-0.013976544,0.006583393,0.089789808,0.027433867,0.048161596,watch,user3,lie
40.915648000,0.005585015,-0.014098853,0.008074582,0.102145806,0.026902033,0.048232969,watch,user3,lie
40.925647104,0.004583359,-0.008603394,0.002013683,0.117632806,0.025325352,0.050630480,watch,user3,lie
40.935645184,0.004191905,0.003214568,-0.002267897,0.132458359,0.023907218,0.047152925,watch,user3,lie
40.945644288,0.004613191,0.015481502,-0.004858673,0.147021323,0.028800778,0.041290909,watch,user3,lie
40.955643136,0.001814127,0.020937383,-0.001876652,0.160581067,0.037735149,0.039533753,watch,user3,lie
40.965641984,0.002483070,0.016481906,0.000260711,0.166799769,0.048949543,0.045674805,watch,user3,lie
40.975641088,0.002435625,0.007421643,0.006248891,0.161054805,0.055194657,0.053886659,watch,user3,lie
40.985640192,0.001664519,-0.002627432,0.016835511,0.141624376,0.054652702,0.060881186,watch,user3,lie
40.995639296,0.004663527,-0.007688552,0.016090691,0.108660839,0.060043208,0.062764041,watch,user3,lie
41.005638144,0.006299525,-0.009085089,0.013377368,0.058994923,0.062238097,0.065220542,watch,user3,lie
41.015637248,0.007535666,-0.011996984,0.011715293,0.013484430,0.060742728,0.066448793,watch,user3,lie
41.025635072,0.007884353,-0.012717932,0.013808608,-0.018349534,0.052175611,0.074258573,watch,user3,lie
41.035634176,0.009499192,-0.013919801,0.012718081,-0.025519829,0.043946706,0.080484249,watch,user3,lie
41.045633280,0.006460845,-0.009929389,0.001227796,-0.012733548,0.039688222,0.087274648,watch,user3,lie
41.055632128,0.003065467,-0.003497899,-0.012283444,0.006991421,0.039353464,0.078095526,watch,user3,lie
41.065631232,0.006665647,0.007530779,-0.022521675,0.028354278,0.037061192,0.066435203,watch,user3,lie
41.075630080,0.009642601,0.014826775,-0.021120906,0.050217230,0.034409218,0.054182537,watch,user3,lie
41.085629184,0.008627892,0.017722547,-0.019902647,0.076247372,0.023964833,0.049038175,watch,user3,lie
41.095628032,0.011907369,0.016043723,-0.016148806,0.099711418,0.018285908,0.050252575,watch,user3,lie
41.105627136,0.009443641,0.012862593,-0.012602746,0.117182992,0.014684159,0.053969949,watch,user3,lie
41.115625216,0.007407367,0.010313898,-0.009561300,0.135191292,0.011006600,0.049069736,watch,user3,lie
41.125623552,0.006808817,0.006218195,-0.006704688,0.148864537,0.008780109,0.042537868,watch,user3,lie
41.135622656,0.004753530,0.006172925,-0.003265023,0.145886853,0.010986538,0.039461914,watch,user3,lie
41.145621760,0.005837739,0.008045912,0.001965225,0.136248127,0.016462442,0.038781676,watch,user3,lie
41.155620608,0.006086618,0.010879591,0.007136583,0.105232678,0.015967892,0.033532053,watch,user3,lie
41.165619712,0.005301803,0.006441265,0.010546386,0.057816561,0.019301105,0.029836982,watch,user3,lie
41.175618816,0.003006041,-0.000218526,0.015296340,-0.000058987,0.021612462,0.028473711,watch,user3,lie
41.185617920,0.002103060,-0.003432319,0.015676022,-0.040657148,0.018718937,0.033341635,watch,user3,lie
41.195616512,0.003194600,-0.006935418,0.012927055,-0.055273641,0.015405167,0.032413259,watch,user3,lie
41.205614592,0.003564477,-0.004910499,0.006402910,-0.041003313,0.015263930,0.031941678,watch,user3,lie
41.215613696,0.004240721,0.000581920,-0.002187252,-0.003776317,0.020635527,0.028400209,watch,user3,lie
41.225612800,0.003877401,0.006504178,-0.003214717,0.040737268,0.022857578,0.023256045,watch,user3,lie
41.235611904,0.006062090,0.006480187,-0.002367139,0.083325468,0.029684858,0.024660330,watch,user3,lie
41.245610496,0.005231649,0.005459532,-0.002952874,0.111066595,0.035012957,0.028200671,watch,user3,lie
41.255609600,0.008051097,0.005101070,-0.000983357,0.123346701,0.033701081,0.033128317,watch,user3,lie
41.265608704,0.010313869,0.002286181,0.003581822,0.129012719,0.033923455,0.038052704,watch,user3,lie
41.275607808,0.008867055,0.000095755,0.005280972,0.124037921,0.035026804,0.038635403,watch,user3,lie
41.285606656,0.007636517,-0.001143277,0.007021368,0.122346111,0.036474854,0.037139770,watch,user3,lie
41.295604480,0.007748812,0.000413373,0.006544828,0.119669631,0.038451985,0.038813300,watch,user3,lie
41.305603584,0.005199730,-0.003687114,0.007805109,0.115288466,0.039870117,0.038898524,watch,user3,lie
41.315602688,0.003418922,-0.007315636,0.007960379,0.108655065,0.045529868,0.044475183,watch,user3,lie
41.325601792,0.005425185,-0.006519005,0.005729318,0.097484306,0.044842504,0.048607677,watch,user3,lie
41.335600640,0.006673396,-0.006528467,0.002485573,0.090538248,0.044163931,0.055497538,watch,user3,lie
41.345599744,0.007639706,-0.005995780,0.003871381,0.078350820,0.045216147,0.059390951,watch,user3,lie
41.355598848,0.009838969,-0.003531501,0.003202498,0.074577920,0.041046970,0.063826174,watch,user3,lie
41.365597696,0.010560393,-0.002565935,0.001024425,0.069790624,0.042538606,0.064734451,watch,user3,lie
41.375596544,0.007447034,-0.001606241,0.000737011,0.063807562,0.040544428,0.061393775,watch,user3,lie
41.385594624,0.005270392,0.000025988,0.002365828,0.071208268,0.036978636,0.051728301,watch,user3,lie
41.395593728,0.001822323,0.000842929,-0.001542211,0.087494291,0.032436881,0.049492311,watch,user3,lie
41.405592832,0.005032748,0.002309188,-0.003397465,0.099661388,0.037694402,0.047976173,watch,user3,lie
41.415591680,0.005394012,0.008962497,-0.004685640,0.106041528,0.041215900,0.050243586,watch,user3,lie
41.425590528,0.007505715,0.015698507,-0.005396426,0.112951316,0.038076121,0.041219532,watch,user3,lie
41.435589632,0.009084135,0.015922591,-0.007470846,0.110515587,0.034231052,0.034357101,watch,user3,lie
41.445588736,0.011805296,0.009821221,-0.003777564,0.097665302,0.028673301,0.033255614,watch,user3,lie
41.455587840,0.013256818,0.003308699,0.000850320,0.070612915,0.025171777,0.035396531,watch,user3,lie
41.465586688,0.011347532,0.002473250,0.002286673,0.037462421,0.024034875,0.038014151,watch,user3,lie
41.475584512,0.009085029,0.000126407,0.002468407,0.009730127,0.018344231,0.032075569,watch,user3,lie
41.485583616,0.005549610,-0.000552744,0.000287712,-0.006535928,0.016707985,0.029126387,watch,user3,lie
41.495582720,0.004994512,0.001725048,-0.000407398,-0.009049952,0.015879208,0.027346596,watch,user3,lie
41.505581824,0.002369583,0.005228966,-0.000290215,-0.003514306,0.017168446,0.023434412,watch,user3,lie
41.515580672,0.004460454,0.011994094,-0.003890514,0.010127471,0.014913812,0.017925663,watch,user3,lie
41.525579776,0.003266096,0.012606114,-0.005180001,0.030229498,0.015199393,0.009241428,watch,user3,lie
41.535578624,0.002428174,0.012956336,-0.004866362,0.049680695,0.016430572,0.006253494,watch,user3,lie
41.545577728,0.005637959,0.009764671,-0.004375875,0.061816853,0.015847074,0.004177227,watch,user3,lie
41.555576576,0.006291077,0.007404730,-0.002836525,0.060899395,0.015073958,0.004134617,watch,user3,lie
41.565574656,0.008195803,0.006722614,-0.002381504,0.052214693,0.010685334,0.001833712,watch,user3,lie
41.575573760,0.009475917,0.005510584,-0.000694990,0.048414629,0.001700362,-0.008552883,watch,user3,lie
41.585572608,0.009645820,0.007245094,0.002626121,0.042400148,-0.000819521,-0.010013226,watch,user3,lie
41.595571712,0.007415727,0.008175567,0.003065586,0.040601715,-0.001660281,-0.011852939,watch,user3,lie
41.605570560,0.004866451,0.011877507,-0.002211571,0.044574659,-0.001968764,-0.014837342,watch,user3,lie
41.615569664,0.003561184,0.010812804,-0.007348061,0.051900215,-0.002529360,-0.021984201,watch,user3,lie
41.625568768,0.002966329,0.010464668,-0.009214520,0.049115662,-0.001467380,-0.024885915,watch,user3,lie
41.635567872,0.007022545,0.007065952,-0.008997917,0.045343295,-0.006150282,-0.027432166,watch,user3,lie
41.645566720,0.008802474,0.006667122,-0.004536629,0.038229413,-0.011956950,-0.030939082,watch,user3,lie
41.655564544,0.010634035,0.003591835,0.000855267,0.039234757,-0.014733828,-0.033623546,watch,user3,lie
41.665563648,0.008855373,0.002833709,-0.000027478,0.044562809,-0.018902473,-0.035992764,watch,user3,lie
41.675562752,0.008401275,0.002379358,0.000687540,0.052202620,-0.012542845,-0.037143249,watch,user3,lie
41.685561856,0.005000114,0.003224358,0.000952959,0.057864945,-0.009456330,-0.036818475,watch,user3,lie
41.695560704,0.003504336,0.004529774,0.005190074,0.063382208,-0.006169191,-0.035621919,watch,user3,lie
41.705559552,0.005383909,0.005270496,0.004412472,0.074531004,-0.005160385,-0.035500478,watch,user3,lie
41.715558656,0.008868188,0.002506092,0.001154721,0.076604806,-0.000505446,-0.032560080,watch,user3,lie
41.725557760,0.009826809,0.001250654,0.004372716,0.069595635,0.001670090,-0.029905042,watch,user3,lie
41.735555840,0.009355456,-0.001797721,0.005910158,0.062142774,-0.000887077,-0.028993975,watch,user3,lie
41.745554688,0.008467019,-0.005081683,0.005658567,0.057366889,0.001525303,-0.027682301,watch,user3,lie
41.755553536,0.007818788,-0.004007757,0.004868507,0.055521585,0.001035281,-0.025074001,watch,user3,lie
41.765552640,0.008376300,-0.001309007,0.002607226,0.064894222,0.002559586,-0.022908719,watch,user3,lie
41.775551744,0.008238435,-0.001339048,0.001547992,0.081531256,0.002641079,-0.020839976,watch,user3,lie
41.785550592,0.005420029,-0.001564384,0.003087223,0.091879673,0.006286858,-0.022058105,watch,user3,lie
41.795549696,0.004264653,-0.000490516,0.002545357,0.107154772,0.009767077,-0.020074850,watch,user3,lie
41.805548800,0.003914952,-0.000248790,0.001225173,0.111679532,0.013683433,-0.016349019,watch,user3,lie
41.815547648,0.005881965,0.001119047,-0.000790834,0.108441122,0.013722314,-0.019369312,watch,user3,lie
41.825545728,0.006856501,0.000365898,0.001721978,0.100496605,0.012674982,-0.016583044,watch,user3,lie
41.835544832,0.010179669,-0.002209947,0.002733290,0.098925605,0.005782721,-0.011307057,watch,user3,lie
41.845543680,0.011945456,-0.004149616,0.000894725,0.087230422,0.004098893,-0.006126942,watch,user3,lie
41.855542784,0.010520428,-0.003112197,0.000298798,0.079150923,0.002049324,-0.003978570,watch,user3,lie
41.865541888,0.006880552,-0.003259674,0.003730714,0.073998421,0.004624247,-0.005390312,watch,user3,lie
41.875540736,0.006154448,-0.005864769,0.007598400,0.066351153,0.004921189,-0.009569078,watch,user3,lie
41.885539584,0.005510420,-0.003581896,0.001698732,0.055704143,0.006980256,-0.008201345,watch,user3,lie
41.895538688,0.005867392,-0.001583844,0.000935912,0.039471913,0.003434789,-0.010501783,watch,user3,lie
41.905537792,0.006997854,-0.001064405,0.000299573,0.032326248,0.004644131,-0.010545527,watch,user3,lie
41.915535872,0.007935107,0.001598403,0.000717998,0.027496874,0.003422806,-0.007147066,watch,user3,lie
41.925534720,0.008945167,0.002265379,-0.000173569,0.029668992,0.005053104,-0.005142039,watch,user3,lie
41.935533568,0.008414775,0.002974153,0.001098514,0.040614318,0.004396102,-0.003888222,watch,user3,lie
41.945532672,0.008370489,-0.000189304,0.000767171,0.050775118,0.009058676,-0.002733276,watch,user3,lie
41.955531776,0.006168157,-0.000395000,0.002646804,0.059234917,0.013356751,0.000659325,watch,user3,lie
41.965530880,0.007252276,-0.001992017,0.006633103,0.060322907,0.012766151,0.006288848,watch,user3,lie
41.975529728,0.009476840,-0.000370756,0.006367743,0.072440557,0.009162627,0.006758363,watch,user3,lie
41.985528576,0.009447932,-0.001328334,0.003776193,0.090331316,0.006260226,0.003711174,watch,user3,lie
41.995527680,0.008043796,-0.000117630,0.002219141,0.113847293,0.010314357,0.002634724,watch,user3,lie
42.005525760,0.007330388,0.005009770,-0.001769066,0.144233704,0.012250475,0.005509607,watch,user3,lie
42.015524864,0.006057829,0.009335354,-0.004921019,0.163551733,0.013348496,0.002570010,watch,user3,lie
42.025523712,0.006152064,0.012778938,-0.005509079,0.177806571,0.012059792,-0.001526332,watch,user3,lie
42.035522816,0.005706519,0.011859506,-0.002882183,0.179830581,0.012215853,-0.004810808,watch,user3,lie
42.045521664,0.005365595,0.009717911,-0.002840102,0.172751591,0.014351796,-0.003180088,watch,user3,lie
42.055520768,0.007205173,0.004921526,0.000915647,0.145681620,0.011688104,-0.006362565,watch,user3,lie
42.065519616,0.006610930,0.001421586,0.004980505,0.115012519,0.009551715,-0.007470640,watch,user3,lie
42.075518720,0.005598813,0.001745895,0.006007493,0.092143953,0.007033430,-0.010273085,watch,user3,lie
42.085517824,0.004507899,-0.001303628,0.005644143,0.069048084,0.006152190,-0.010687939,watch,user3,lie
42.095515648,0.005217448,-0.001089588,0.005915523,0.051480278,0.009570624,-0.008342492,watch,user3,lie
42.105514752,0.005959392,-0.002163053,0.005454540,0.041578650,0.011571190,-0.009378063,watch,user3,lie
42.115513600,0.005716681,0.001261204,0.004502475,0.037619062,0.008848907,-0.009441180,watch,user3,lie
42.125512448,0.005911678,0.001623407,0.004131317,0.046191067,0.012170224,-0.010072349,watch,user3,lie
42.135511552,0.006787196,0.003653362,-0.000485778,0.059617657,0.009983502,-0.009590583,watch,user3,lie
42.145510656,0.007929891,0.003930464,-0.001458526,0.075726584,0.010712143,-0.009100561,watch,user3,lie
42.155509504,0.007298768,0.004650921,0.001195431,0.089068227,0.013001930,-0.007154057,watch,user3,lie
42.165508608,0.007602677,0.003610998,0.000662923,0.093932442,0.009636316,-0.008375316,watch,user3,lie
42.175507456,0.002043128,0.000909582,0.000319958,0.095080532,0.013541308,-0.005543044,watch,user3,lie
42.185505536,0.000744030,-0.003248319,0.003045857,0.089082025,0.014079001,-0.005118803,watch,user3,lie
42.195504640,0.003837064,-0.003288448,0.001010954,0.082278445,0.014178337,-0.001090772,watch,user3,lie
42.205503488,0.009128451,-0.000982106,0.001388788,0.076784305,0.012913424,-0.005034314,watch,user3,lie
42.215502592,0.010727212,-0.000189185,0.001729906,0.085667014,0.011247883,-0.003409253,watch,user3,lie
42.225501440,0.012666911,0.000493407,-0.001271307,0.096898273,0.010384131,-0.004146283,watch,user3,lie
42.235500544,0.012904480,0.000698566,-0.001716018,0.108720042,0.012058993,0.000287348,watch,user3,lie
42.245499392,0.014500156,0.001848474,-0.001298845,0.117550865,0.012072752,0.002856300,watch,user3,lie
42.255498496,0.014447644,0.001689568,0.001081049,0.127568349,0.009048999,0.001728185,watch,user3,lie
42.265496576,0.011253417,0.000973344,0.001026273,0.132371545,0.009269154,-0.000038557,watch,user3,lie
42.275495680,0.008027986,0.001304641,-0.002594769,0.129469484,0.010689951,-0.002971230,watch,user3,lie
42.285494528,0.006173491,0.006300554,-0.000416875,0.114171229,0.012994384,0.001130571,watch,user3,lie
42.295493376,0.002949759,0.006753102,0.002677679,0.098174684,0.011200745,0.001220320,watch,user3,lie
42.305492480,0.003150702,0.004208490,0.003725410,0.081880838,0.010101836,0.000843216,watch,user3,lie
42.315491584,0.001228958,0.001712590,0.002402723,0.067596711,0.012711201,0.000814454,watch,user3,lie
42.325490688,0.002661809,0.001217470,0.003030956,0.059797596,0.011221251,0.000781764,watch,user3,lie
42.335489536,0.003156528,-0.001112744,0.001993299,0.052375633,0.009606310,-0.001459286,watch,user3,lie
42.345488384,0.006591707,-0.001474619,0.002253890,0.047880974,0.008562706,-0.007004454,watch,user3,lie
42.355486464,0.007818833,0.001670942,0.002920747,0.047925450,0.008866040,-0.006953854,watch,user3,lie
42.365485568,0.009970307,0.003925472,-0.000347376,0.054886688,0.006283573,-0.009594377,watch,user3,lie
42.375484672,0.007990092,0.004783973,0.000853717,0.062396001,0.009961132,-0.011327030,watch,user3,lie
42.385483520,0.006578594,0.004787266,0.000886977,0.066938825,0.008816239,-0.013816686,watch,user3,lie
42.395482368,0.005798012,0.002960071,0.001979232,0.074229226,0.011489520,-0.011036878,watch,user3,lie
42.405481472,0.004563406,0.001162887,0.002720237,0.068626955,0.011957260,-0.012034699,watch,user3,lie
42.415480576,0.008854404,0.000131369,0.001725852,0.064601317,0.012673916,-0.007864987,watch,user3,lie
42.425479424,0.009662896,0.000706077,0.001672089,0.066783205,0.008953303,-0.006501116,watch,user3,lie
42.435478528,0.008639932,0.000239342,0.000852287,0.069445565,0.013796262,-0.004550084,watch,user3,lie
42.445476608,0.009686381,0.000156417,0.001704812,0.077309921,0.011805993,-0.003056251,watch,user3,lie
42.455475456,0.011126772,-0.000117406,-0.000592113,0.090907224,0.010486662,-0.003625102,watch,user3,lie
42.465474560,0.008039042,-0.000023276,0.000627041,0.108626612,0.008691337,-0.004756879,watch,user3,lie
42.475473408,0.006188750,0.003159374,0.000190556,0.136556789,0.009851410,-0.005024527,watch,user3,lie
42.485472512,0.007331893,0.004353896,-0.002457798,0.163801536,0.011195596,-0.004783378,watch,user3,lie
42.495471616,0.008056939,0.008461639,-0.004240334,0.201425612,0.016191687,0.000156786,watch,user3,lie
42.505470720,0.010822758,0.015222967,-0.004174173,0.235883951,0.021457110,-0.000035028,watch,user3,lie
42.515469312,0.012945041,0.021116942,0.000020325,0.261156529,0.026704337,-0.000299746,watch,user3,lie
42.525468416,0.013967857,0.020962879,0.003206849,0.270095438,0.028908903,0.001118387,watch,user3,lie
42.535466496,0.010606319,0.015664190,0.007962704,0.260411114,0.028006623,-0.002740267,watch,user3,lie
42.545465600,0.005793646,0.011920854,0.009758890,0.239794046,0.031545874,-0.005494308,watch,user3,lie
42.555464704,0.003142700,0.006081671,0.011414587,0.211521402,0.033271339,-0.010413965,watch,user3,lie
42.565463552,-0.000092626,0.002426937,0.013111770,0.179216191,0.033359222,-0.014436804,watch,user3,lie
42.575462400,-0.003610790,0.001479030,0.013676167,0.160162076,0.035896949,-0.015182490,watch,user3,lie
42.585461504,-0.002169669,0.001972780,0.011137605,0.142195851,0.038948130,-0.017714621,watch,user3,lie
42.595460608,-0.002174795,0.001186699,0.008473039,0.123418167,0.041947648,-0.021533063,watch,user3,lie
42.605459456,-0.002140045,0.002251685,0.004923403,0.116714142,0.043863881,-0.021240583,watch,user3,lie
42.615458560,0.000188828,-0.002691597,0.002583027,0.106482811,0.042985838,-0.021708500,watch,user3,lie
42.625456384,0.005097881,-0.003677636,0.001068413,0.104319036,0.040966276,-0.017311154,watch,user3,lie
42.635455488,0.008081898,-0.005203947,-0.001726091,0.101801015,0.034249518,-0.013547575,watch,user3,lie
42.645454592,0.011822581,-0.006877139,-0.003312349,0.101003848,0.030571867,-0.007770779,watch,user3,lie
42.655453440,0.014627650,-0.009120882,-0.004701436,0.102553271,0.026343301,-0.004263395,watch,user3,lie
42.665452544,0.014182448,-0.007918909,-0.004211247,0.101233639,0.019298531,-0.001894846,watch,user3,lie
42.675451648,0.012643903,-0.008129939,-0.006971002,0.098537453,0.014815365,-0.002509238,watch,user3,lie
42.685450496,0.012316644,-0.005572960,-0.007997394,0.084055357,0.010841839,-0.003840285,watch,user3,lie
42.695449600,0.011201560,-0.003040135,-0.003416479,0.069167487,0.008749660,-0.002861307,watch,user3,lie
42.705448448,0.010578692,-0.003971308,-0.002646923,0.053849075,0.008523647,-0.001654629,watch,user3,lie
42.715446528,0.008926675,-0.008159637,-0.004771352,0.029239334,0.007948404,0.005217125,watch,user3,lie
42.725445632,0.009258598,-0.011521041,-0.004284143,-0.003917287,0.004924119,0.012963861,watch,user3,lie
42.735444480,0.008086801,-0.016253754,-0.001000047,-0.032314572,-0.006887801,0.016018242,watch,user3,lie
42.745443584,0.010860428,-0.017303586,0.000679195,-0.049946874,-0.014410343,0.016595546,watch,user3,lie
42.755442432,0.012935102,-0.014682397,0.000729024,-0.052587930,-0.015024466,0.019513041,watch,user3,lie
42.765441536,0.011761084,-0.007760763,0.000896335,-0.046250407,-0.009795351,0.021731719,watch,user3,lie
42.775440640,0.008835495,-0.000014424,0.001618207,-0.037611645,-0.004862112,0.020246740,watch,user3,lie
42.785439488,0.006494403,0.004460275,-0.000505447,-0.030401137,-0.000753919,0.025124587,watch,user3,lie
42.795437568,0.006974831,0.005253017,0.002219200,-0.026520912,0.003867464,0.023205513,watch,user3,lie
42.805436416,0.004902869,-0.000157610,0.007686734,-0.027473878,0.004292949,0.023442002,watch,user3,lie
42.815435520,0.006496891,-0.001861110,0.007347286,-0.025698613,0.008253070,0.026288122,watch,user3,lie
42.825434624,0.004682034,-0.000636503,0.005889893,-0.016816529,0.008102512,0.023916576,watch,user3,lie
42.835433728,0.006125718,0.002153665,0.004174769,-0.010286724,0.009780836,0.018780671,watch,user3,lie
42.845432576,0.006483361,0.003322035,0.006725073,-0.005401821,0.011784066,0.018055690,watch,user3,lie
42.855431424,0.003640205,0.004161939,0.005809844,-0.003551190,0.016622763,0.023945538,watch,user3,lie
42.865430528,0.002124533,0.001632646,0.005356550,-0.003434056,0.017368805,0.021506149,watch,user3,lie
42.875429632,0.002124563,0.002123117,0.002144039,0.000648038,0.015264108,0.023251852,watch,user3,lie
42.885427712,0.005775154,0.000366688,-0.000819921,-0.001120923,0.018331448,0.021527454,watch,user3,lie
42.895426560,0.007371485,0.001535535,-0.002847850,-0.008474443,0.011068475,0.017649094,watch,user3,lie
42.905425408,0.008684725,0.003175810,-0.003306627,-0.009941890,0.009909822,0.015164165,watch,user3,lie
42.915424512,0.009697691,0.003909215,-0.001755059,-0.011080923,0.007101785,0.014834465,watch,user3,lie
42.925423616,0.008291364,0.001004234,-0.000648677,-0.010988956,0.011505676,0.018725609,watch,user3,lie
42.935422464,0.009110868,0.000052571,-0.000543356,-0.010853134,0.010383687,0.020513657,watch,user3,lie
42.945421568,0.010421738,0.001343042,0.001216590,-0.011593049,0.007639477,0.017939178,watch,user3,lie
42.955420672,0.011416748,0.001366794,-0.000078022,-0.009825509,0.005308945,0.016097870,watch,user3,lie
42.965419776,0.011843771,0.002005368,0.000002384,-0.007521697,0.006174916,0.014672279,watch,user3,lie
42.975417600,0.011583149,0.003832340,0.000191629,-0.005377852,0.004343993,0.016955141,watch,user3,lie
42.985416448,0.007221743,0.003945962,0.001478016,-0.007729602,0.005436777,0.013203147,watch,user3,lie
42.995415552,0.003701001,0.000213414,0.002382040,-0.013477769,0.007664777,0.012714190,watch,user3,lie
43.005414656,-0.000628427,-0.002441332,0.005636394,-0.020440869,0.013979664,0.012350002,watch,user3,lie
43.015413760,-0.001772553,-0.003585592,0.006621063,-0.023190051,0.016047344,0.015346859,watch,user3,lie
43.025412352,0.001183569,-0.004529938,0.008112133,-0.024545776,0.017651187,0.012617917,watch,user3,lie
43.035411456,0.006165877,-0.001667142,0.005755961,-0.018685756,0.013603449,0.013406212,watch,user3,lie
43.045410560,0.010172635,0.002306446,0.003116250,-0.006984049,0.013441972,0.010148034,watch,user3,lie
43.055409664,0.010744765,0.003961176,0.002158582,0.004899241,0.016572785,0.011034068,watch,user3,lie
43.065407744,0.010505334,0.003694594,-0.000759840,0.016466726,0.020416170,0.014267745,watch,user3,lie
43.075406336,0.009958014,0.001938611,-0.001236796,0.014518891,0.022240436,0.017726125,watch,user3,lie
43.085405440,0.009931207,-0.001097500,0.000198066,0.002145222,0.020894118,0.019208973,watch,user3,lie
43.095404544,0.010906756,-0.004016697,0.004938126,-0.003250342,0.014570975,0.016702939,watch,user3,lie
43.105403648,0.007590473,-0.003529564,0.001852870,-0.007868174,0.013249338,0.016877644,watch,user3,lie
43.115402496,0.006313637,0.000238165,-0.000288785,-0.006914230,0.015367083,0.019307777,watch,user3,lie
43.125401600,0.004219785,0.002061009,-0.003369629,-0.004099180,0.017440708,0.017854225,watch,user3,lie
43.135400704,0.003447145,0.000782207,-0.003748238,-0.001148398,0.014417222,0.014606233,watch,user3,lie
43.145399808,0.004568666,0.001890793,-0.003020048,-0.005760593,0.012961006,0.012853673,watch,user3,lie
43.155397632,0.006409958,0.001345947,-0.002837360,-0.011916757,0.007448795,0.011475753,watch,user3,lie
43.165396480,0.006410688,0.001008019,-0.004131377,-0.013944664,0.005733808,0.012970053,watch,user3,lie
43.175395584,0.007600695,-0.000060245,-0.003902793,-0.011461799,0.003903949,0.012384690,watch,user3,lie
43.185394688,0.010896206,0.003213450,-0.003155351,-0.006542231,-0.000485827,0.011677754,watch,user3,lie
43.195393792,0.011590809,0.003737852,-0.002791286,-0.002362666,-0.000587826,0.006821480,watch,user3,lie
43.205392384,0.009087950,0.004292622,-0.002060592,-0.001252661,0.000155995,0.006121068,watch,user3,lie
43.215391488,0.008869186,0.005934387,-0.002962589,-0.004255108,-0.000731903,0.000325764,watch,user3,lie
43.225390592,0.007190704,0.006409064,0.000950754,-0.005856911,-0.001044737,-0.002423950,watch,user3,lie
43.235388672,0.005944818,0.005120829,0.003263652,0.000351184,-0.000563503,-0.002434603,watch,user3,lie
43.245387776,0.005867139,0.006492108,0.003400087,0.014708241,0.002995102,-0.000873524,watch,user3,lie
43.255386368,0.003787711,0.005492881,-0.000669658,0.030783881,0.008576288,0.000001324,watch,user3,lie
43.265385472,0.007870302,0.006102845,0.000603437,0.040262870,0.014420861,0.002604431,watch,user3,lie
43.275384576,0.008469045,0.007548958,0.004727304,0.044976134,0.016715707,0.002814288,watch,user3,lie
43.285383680,0.010607526,0.006743714,0.004549801,0.044794992,0.015195930,0.003642331,watch,user3,lie
43.295382528,0.010134548,0.002904102,0.004737020,0.042158727,0.016156798,0.001710208,watch,user3,lie
43.305381632,0.009460166,-0.000519231,0.005454779,0.037496645,0.019765560,0.004633760,watch,user3,lie
43.315380736,0.007585675,-0.004601151,0.004594564,0.026448786,0.019485662,0.006653235,watch,user3,lie
43.325378560,0.006577164,-0.007609710,0.005247712,0.021733304,0.016779801,0.005120319,watch,user3,lie
43.335377664,0.004372925,-0.005842090,0.003422439,0.021086689,0.018732430,0.006378929,watch,user3,lie
43.345376512,0.006147593,-0.003380716,0.002057076,0.027292343,0.016708784,0.004586289,watch,user3,lie
43.355375616,0.009153038,-0.001439169,0.000015914,0.031798944,0.018857954,0.005579648,watch,user3,lie
43.365374720,0.009307355,0.001646370,0.001127183,0.031749722,0.019839240,0.001970199,watch,user3,lie
43.375373568,0.008569911,0.001027748,0.000973582,0.027931014,0.024676871,0.002043436,watch,user3,lie
43.385372416,0.007234409,-0.002023980,0.001358747,0.016933445,0.020143995,0.006386852,watch,user3,lie
43.395371520,0.006931663,-0.007038265,0.001050711,0.007016099,0.017420381,0.013562739,watch,user3,lie
43.405370624,0.009400383,-0.005971938,-0.000409484,-0.003915378,0.012670366,0.016381830,watch,user3,lie
43.415368704,0.009419590,-0.005718797,0.000618637,-0.005623263,0.010823997,0.011557778,watch,user3,lie
43.425367552,0.005613163,-0.002780780,0.000579953,0.002745410,0.008984907,0.008242077,watch,user3,lie
43.435366400,0.005744994,-0.001367375,-0.004839122,0.005598987,0.009304485,0.010549173,watch,user3,lie
43.445365504,0.005079225,0.000787795,-0.007347286,0.001963550,0.007791455,0.009449620,watch,user3,lie
43.455364608,0.006730065,0.000772297,-0.006000817,-0.012648681,0.001070702,0.009897564,watch,user3,lie
43.465363712,0.008871347,-0.000668213,-0.004068971,-0.026284644,0.000117379,0.011700458,watch,user3,lie
43.475362560,0.008472919,-0.002836287,-0.002400279,-0.031336658,-0.002111154,0.010363551,watch,user3,lie
43.485361664,0.008376196,-0.002886325,-0.001784503,-0.032797761,-0.002196731,0.015385074,watch,user3,lie
43.495360512,0.009291366,0.000399977,-0.000724137,-0.027284484,-0.003545356,0.013198086,watch,user3,lie
43.505358592,0.008846790,0.002090216,-0.001199126,-0.018463338,-0.001391036,0.011712109,watch,user3,lie
43.515357696,0.008056194,0.003225997,0.000629961,-0.017186619,0.002817025,0.007535740,watch,user3,lie
43.525356544,0.008267805,0.001843184,0.002866149,-0.013916790,0.006350773,0.010499039,watch,user3,lie
43.535355648,0.007066652,0.001206413,0.005298853,-0.010910082,0.011533018,0.009831917,watch,user3,lie
43.545354496,0.004862666,0.003725216,0.008277476,0.000242349,0.021120576,0.011358840,watch,user3,lie
43.555353600,0.007113516,0.005743608,0.009309530,0.015124626,0.029911935,0.012436622,watch,user3,lie
43.565352448,0.006068572,0.004271731,0.009394944,0.030894933,0.030624598,0.015452586,watch,user3,lie
43.575351552,0.005553141,0.004026398,0.008615136,0.041236524,0.032204118,0.018461691,watch,user3,lie
43.585349632,0.008973971,0.002605677,0.007511377,0.044071633,0.034246940,0.021007674,watch,user3,lie
43.595348480,0.007434532,0.002652988,0.008368373,0.043089725,0.037390802,0.017831320,watch,user3,lie
43.605347584,0.006679043,0.003335461,0.008217931,0.046025243,0.035373636,0.017226383,watch,user3,lie
43.615346432,0.004096210,0.001713082,0.004962683,0.043330122,0.040917806,0.015018622,watch,user3,lie
43.625345536,0.003865927,0.002170235,0.002055466,0.041572921,0.041550394,0.017936183,watch,user3,lie
43.635344640,0.004598320,-0.000654429,0.001111805,0.037782710,0.036794521,0.018231262,watch,user3,lie
43.645343744,0.006274074,-0.001760304,-0.000230134,0.033652682,0.030647414,0.014378066,watch,user3,lie
43.655342336,0.008051351,-0.002000898,-0.004473984,0.031609505,0.027340567,0.014642518,watch,user3,lie
43.665341440,0.010894910,-0.000815138,-0.005608916,0.023131374,0.019961657,0.013737244,watch,user3,lie
43.675339520,0.011323556,-0.000282705,-0.003772736,0.017246589,0.017968280,0.014554568,watch,user3,lie
43.685338624,0.009861514,-0.001467675,-0.004257321,0.006533890,0.011287209,0.011949530,watch,user3,lie
43.695337728,0.007158384,-0.003885269,-0.004667938,-0.004004771,0.011638213,0.010572942,watch,user3,lie
43.705336576,0.005933821,-0.004710048,-0.004875422,-0.014975086,0.003961297,0.010536390,watch,user3,lie
43.715335424,0.009595215,-0.003066853,-0.004866362,-0.023753399,-0.001362895,0.008758730,watch,user3,lie
43.725334528,0.009776741,-0.000133529,-0.004266083,-0.024718083,-0.006875461,0.005288232,watch,user3,lie
43.735333632,0.009431124,0.005035058,-0.006261528,-0.014145600,-0.010095755,0.007599589,watch,user3,lie
43.745332480,0.010508642,0.005295470,-0.007531583,-0.006034766,-0.008898754,0.004054655,watch,user3,lie
43.755331584,0.008816391,0.002482206,-0.003574610,-0.006983650,-0.006110689,0.005826989,watch,user3,lie
43.765329408,0.006699249,0.001368552,-0.002469182,-0.009312451,-0.007142399,0.008982768,watch,user3,lie
43.775328512,0.007680714,0.000025019,-0.002335191,-0.019068409,-0.009389307,0.006438651,watch,user3,lie
43.785327616,0.009031832,0.000336379,-0.002332807,-0.020808296,-0.013077963,0.007025678,watch,user3,lie
43.795326464,0.010261387,0.000040472,-0.003339291,-0.018082818,-0.012580218,0.014341914,watch,user3,lie
43.805325568,0.010680780,0.002686501,-0.003243744,-0.014185281,-0.010627323,0.016061118,watch,user3,lie
43.815324672,0.007399380,0.003591210,-0.000456870,-0.010500000,-0.009618784,0.013987580,watch,user3,lie
43.825323520,0.006937772,0.002398387,0.001338065,-0.003668325,-0.003346773,0.012398405,watch,user3,lie
43.835322624,0.007967785,0.000609145,0.004798472,-0.002178819,0.001072743,0.012951011,watch,user3,lie
43.845321472,0.005876541,-0.004800335,0.009118915,-0.003008305,0.000841137,0.013753689,watch,user3,lie
43.855319552,0.005895585,-0.009834975,0.010197937,-0.010400708,0.001261916,0.018103695,watch,user3,lie
43.865318656,0.008305192,-0.010134801,0.009784877,-0.017495856,-0.002711343,0.022166681,watch,user3,lie
43.875317760,0.009514019,-0.008311465,0.008840322,-0.023160134,-0.000563237,0.021609813,watch,user3,lie
43.885316608,0.007723421,-0.003719345,0.008640230,-0.025864573,0.001109494,0.016803607,watch,user3,lie
43.895315456,0.003118291,0.001799271,0.004170179,-0.027045686,0.004449365,0.012743618,watch,user3,lie
43.905314560,0.001251072,0.006188035,0.002137363,-0.027512360,0.006115883,0.013549890,watch,user3,lie
43.915313664,-0.001079366,0.007906064,0.003219962,-0.025747750,0.011877632,0.013494230,watch,user3,lie
43.925312512,0.002535105,0.006776765,0.001631558,-0.012138065,0.007320697,0.009794899,watch,user3,lie
43.935310592,0.005257562,0.003273949,-0.000570416,0.000367074,0.007693007,0.002900774,watch,user3,lie
43.945309440,0.009591609,0.002758265,-0.001451969,0.004813266,0.005725374,0.003615634,watch,user3,lie
43.955308544,0.013737679,0.003829122,-0.001507819,0.007703329,0.001542347,0.002322136,watch,user3,lie
43.965307648,0.017057091,0.004948437,-0.000451982,-0.001905357,-0.001906979,-0.002967302,watch,user3,lie
43.975306752,0.014505774,0.006754756,0.001802504,-0.009293765,-0.005744328,-0.007970582,watch,user3,lie
43.985305600,0.010593668,0.007220924,-0.002133608,-0.014008093,-0.007772857,-0.010258105,watch,user3,lie
43.995304448,0.007111818,0.007291451,-0.001156986,-0.009010404,-0.006077223,-0.010419225,watch,user3,lie
44.005303552,0.005323127,0.007045776,0.000471532,0.003814580,-0.003176241,-0.012515400,watch,user3,lie
44.015301632,0.000715792,0.007366121,0.000265658,0.019023627,-0.002823106,-0.011063711,watch,user3,lie
44.025300736,0.001984432,0.007166922,-0.002848685,0.027267175,-0.000149026,-0.013578000,watch,user3,lie
44.035299584,0.002057925,0.004375115,0.001703799,0.021496903,0.001324767,-0.012189162,watch,user3,lie
44.045298688,0.003087297,0.000965536,0.002933502,0.014598785,-0.001876619,-0.010082602,watch,user3,lie
44.055297536,0.005613074,-0.001095593,0.000745058,0.007024755,-0.003200210,-0.008063127,watch,user3,lie
44.065296640,0.007552102,-0.004863188,-0.000400484,-0.000493083,-0.000667544,-0.005574137,watch,user3,lie
44.075295488,0.008226439,-0.007375509,0.000673711,-0.004119243,-0.003713667,-0.001142104,watch,user3,lie
44.085294592,0.010443717,-0.006605908,0.000703871,-0.004964131,-0.004228190,0.000958797,watch,user3,lie
44.095293696,0.012469843,-0.005793720,0.001254261,-0.004516986,-0.004414345,-0.001093168,watch,user3,lie
44.105291520,0.012293190,-0.002711460,-0.001978159,-0.000228897,-0.001890734,0.000724506,watch,user3,lie
44.115290624,0.010818943,-0.001587152,0.000859857,-0.007320629,-0.003692096,-0.003445206,watch,user3,lie
44.125290496,0.009118900,-0.002147719,0.002929211,-0.011062725,-0.003905770,-0.000339960,watch,user3,lie
44.135289600,0.008533344,-0.002592862,0.003194332,-0.016587719,-0.003829338,0.002852371,watch,user3,lie
44.145288448,0.006573707,-0.003279254,0.001485944,-0.017357239,-0.003086582,0.002399568,watch,user3,lie
44.155287296,0.008721769,-0.003481820,0.001133740,-0.018898411,-0.003706832,0.007346656,watch,user3,lie
44.165286400,0.008295447,-0.002057105,0.002114415,-0.018177580,-0.000682635,0.011272421,watch,user3,lie
44.175285504,0.007863268,0.003345504,0.003224075,-0.009101795,-0.002020341,0.006780201,watch,user3,lie
44.185284608,0.008570820,0.004917473,0.001747489,-0.006375739,-0.001151174,0.004576635,watch,user3,lie
44.195282432,0.007616222,0.002919376,-0.000280321,-0.001126382,0.002700023,0.002940655,watch,user3,lie
44.205281280,0.007444993,0.001734838,0.001252174,-0.000606888,0.001067683,0.000383355,watch,user3,lie
44.215280384,0.006209061,0.003824800,0.001949489,-0.000344301,0.004470670,-0.001001489,watch,user3,lie
44.225279488,0.006244093,0.004856914,-0.000360250,0.001542150,0.001610701,-0.004819197,watch,user3,lie
44.235278592,0.008486420,0.005955189,-0.000336587,0.008615505,-0.000626087,-0.006110298,watch,user3,lie
44.245277440,0.009938225,0.008360818,0.000613213,0.013130629,0.001905247,-0.005124395,watch,user3,lie
44.255276544,0.008856505,0.009305373,-0.000413835,0.016934421,0.002974772,-0.011707463,watch,user3,lie
44.265275392,0.009110034,0.006472841,0.000151396,0.024013592,0.000495991,-0.012590900,watch,user3,lie
44.275273472,0.006752431,0.004806519,0.000674188,0.024181636,0.002814806,-0.013516082,watch,user3,lie
44.285272576,0.006200373,0.001027226,0.002060890,0.020460134,-0.003832977,-0.012975328,watch,user3,lie
44.295271424,0.007459268,0.000519186,0.000598013,0.013811288,-0.004258550,-0.014041391,watch,user3,lie
44.305270528,0.005452678,0.002987146,-0.002616167,0.009096339,-0.004320691,-0.020537905,watch,user3,lie
44.315269376,0.003445789,0.004295155,-0.005273402,0.012065496,-0.007950846,-0.025297508,watch,user3,lie
44.325268480,0.006503344,0.005805418,-0.001732707,0.015901648,-0.006190496,-0.026983090,watch,user3,lie
44.335267328,0.006042540,0.002957895,-0.001223028,0.020258313,-0.005780103,-0.027333295,watch,user3,lie
44.345266432,0.007397071,0.003558606,-0.001069784,0.023296490,-0.004548479,-0.022535011,watch,user3,lie
44.355265536,0.007113785,0.003558964,0.000330031,0.020495377,-0.007048921,-0.021635927,watch,user3,lie
44.365263360,0.009246215,0.000341460,0.000794470,0.020017518,-0.008526266,-0.019695949,watch,user3,lie
44.375262464,0.009591714,-0.001126185,0.002748311,0.014284266,-0.008249031,-0.018119624,watch,user3,lie
44.385261312,0.009200573,-0.003087282,0.000090122,0.011955420,-0.009997841,-0.016524255,watch,user3,lie
44.395260416,0.009984180,-0.002554864,-0.000763118,0.008547905,-0.010766428,-0.012827256,watch,user3,lie
44.405259520,0.008783311,-0.001943976,0.001830518,0.008552744,-0.010477032,-0.016163997,watch,user3,lie
44.415258624,0.007675946,-0.001504168,0.001346648,0.011508586,-0.010959330,-0.017946450,watch,user3,lie
44.425257472,0.007120728,-0.001942575,0.001508951,0.007755793,-0.007607209,-0.012997964,watch,user3,lie
44.435256320,0.007506058,-0.004090011,0.002387762,0.007012238,-0.006067635,-0.014524754,watch,user3,lie
44.445255424,0.007776290,-0.005524740,0.002430201,0.002355479,-0.006775592,-0.008516863,watch,user3,lie
44.455253504,0.009293288,-0.007251352,0.004553795,-0.004610552,-0.005209121,-0.009124597,watch,user3,lie
44.465252608,0.009220660,-0.005918548,0.005187213,-0.010774305,-0.007379332,-0.004575185,watch,user3,lie
44.475251456,0.011723921,-0.005884036,0.002599061,-0.012127724,-0.005959600,-0.003237745,watch,user3,lie
44.485250304,0.010168955,-0.004918233,0.002865791,-0.008186512,-0.003025063,-0.000171115,watch,user3,lie
44.495249408,0.007684693,-0.003051430,0.002472579,-0.000014601,-0.001367778,0.003534141,watch,user3,lie
44.505248512,0.009027064,-0.001789749,0.001962960,0.008026458,0.000589557,0.002183518,watch,user3,lie
44.515247360,0.006979510,0.000033841,0.002510071,0.008483456,0.002699314,0.006616883,watch,user3,lie
44.525246464,0.007263944,-0.001409337,0.000598967,-0.003482792,0.001333112,0.003710109,watch,user3,lie
44.535245568,0.006836548,-0.002793372,0.003530025,-0.015637726,0.002207694,0.002311417,watch,user3,lie
44.545243392,0.004978716,-0.002659500,0.005710900,-0.019869179,0.000523688,0.003292059,watch,user3,lie
44.555242496,0.003636107,-0.002441108,0.002430201,-0.024698554,-0.000693376,0.005131238,watch,user3,lie
44.565241344,0.004187018,0.000925153,-0.000687659,-0.010528451,0.002295578,0.009249084,watch,user3,lie
44.575240448,0.008239239,0.000912562,-0.000364661,-0.005458325,0.001736048,0.008227762,watch,user3,lie
44.585239552,0.009548768,0.000924349,-0.001530647,-0.000076387,0.003734839,0.008244740,watch,user3,lie
44.595238656,0.009485275,0.003098890,-0.000852466,0.000652787,0.002058645,0.002931734,watch,user3,lie
44.605237248,0.008566186,0.002155572,0.001395404,-0.000086240,-0.001047932,0.004410587,watch,user3,lie
44.615236352,0.006743535,-0.000409797,0.002541184,-0.001364291,-0.002744100,0.003333604,watch,user3,lie
44.625234432,0.008838192,-0.001325682,-0.000199795,-0.014129533,-0.001862238,0.004585690,watch,user3,lie
44.635233536,0.008258447,0.004497141,-0.000453472,-0.020043083,-0.004176259,-0.000575783,watch,user3,lie
44.645232640,0.006754726,0.004595399,0.001679242,-0.012946468,-0.008162921,-0.006715301,watch,user3,lie
44.655231232,0.007820711,0.006515935,-0.000006318,-0.000152642,-0.007989816,-0.005138443,watch,user3,lie
44.665230336,0.009407401,0.007019252,-0.002740204,0.010769869,-0.002868469,-0.002559172,watch,user3,lie
44.675229440,0.008127376,0.004748330,-0.000947952,0.009200202,-0.002568863,-0.006964573,watch,user3,lie
44.685228544,0.004891172,-0.000490427,0.001417816,-0.001086257,-0.003763558,-0.008784311,watch,user3,lie
44.695227392,0.002520695,-0.002477497,0.003036380,-0.011265924,-0.002737175,-0.009858630,watch,user3,lie
44.705226496,0.001932219,-0.003621742,0.005574286,-0.022815388,-0.001536889,-0.007632560,watch,user3,lie
44.715224320,0.005296454,-0.003688022,0.008554876,-0.019284569,0.000985391,-0.006917235,watch,user3,lie
44.725223424,0.007969722,-0.001635790,0.004061520,-0.007590629,0.007730646,-0.005928137,watch,user3,lie
44.735222528,0.009235799,0.002781019,0.003923893,0.004721431,0.008906698,-0.006642930,watch,user3,lie
44.745221376,0.011859685,0.003208563,0.002597928,0.012397060,0.008641980,-0.002691265,watch,user3,lie
44.755220480,0.014254183,0.001985952,0.002653182,0.016102051,0.009834277,0.001551151,watch,user3,lie
44.765219584,0.013138890,0.000557497,0.004286885,0.012885352,0.010003653,0.003293990,watch,user3,lie
44.775218432,0.011696488,-0.003066048,0.004735708,0.007175534,0.009047046,0.004573373,watch,user3,lie
44.785217280,0.007800773,-0.005283773,0.002560914,-0.001323012,0.007357004,0.005769731,watch,user3,lie
44.795215616,0.004850700,-0.006083161,-0.000297546,-0.012569807,0.008882729,0.006397438,watch,user3,lie
44.805214464,0.003387481,-0.005199805,-0.001263440,-0.015595248,0.000543485,0.003279942,watch,user3,lie
44.815213568,0.004240319,-0.002378941,-0.005165637,-0.021645151,-0.002493584,0.004239213,watch,user3,lie
44.825212416,0.004409835,0.000666097,-0.007646203,-0.024450213,-0.006223164,-0.000235497,watch,user3,lie
44.835211520,0.006111383,0.006293625,-0.008990109,-0.018431736,-0.010530295,-0.008441762,watch,user3,lie
44.845210368,0.007775888,0.006032303,-0.009377778,-0.021299604,-0.014634671,-0.012797628,watch,user3,lie
44.855209472,0.009782895,0.008352473,-0.007549703,-0.020644734,-0.018196648,-0.014255175,watch,user3,lie
44.865208576,0.009706855,0.008350566,-0.005398989,-0.020984421,-0.025489982,-0.013140044,watch,user3,lie
44.875207424,0.009464994,0.007000089,-0.006933630,-0.020149520,-0.025714219,-0.023461126,watch,user3,lie
44.885205504,0.008291990,0.009246364,-0.006593108,-0.012294038,-0.030605825,-0.029033322,watch,user3,lie
44.895204352,0.008320287,0.011836082,-0.004263997,-0.005251841,-0.030921942,-0.035608936,watch,user3,lie
44.905203456,0.007210031,0.014249593,-0.000839114,0.008813201,-0.031249952,-0.043748885,watch,user3,lie
44.915202560,0.005154207,0.014947414,-0.001861513,0.027529897,-0.031384442,-0.050364178,watch,user3,lie
44.925201664,0.006599233,0.015895754,-0.002870381,0.030030293,-0.030536938,-0.052323133,watch,user3,lie
44.935200512,0.004889831,0.014574721,-0.000973165,0.032231133,-0.027771510,-0.060301699,watch,user3,lie
44.945199360,0.003502354,0.010000899,0.000972450,0.028007401,-0.027510609,-0.061391793,watch,user3,lie
44.955198464,0.006849080,0.008405834,0.003828764,0.027502999,-0.028522342,-0.060380060,watch,user3,lie
44.965197568,0.006960854,0.006258741,0.004836500,0.032463092,-0.029319339,-0.059653353,watch,user3,lie
44.975195648,0.009238139,0.006396472,0.000715554,0.048606906,-0.028881781,-0.065520823,watch,user3,lie
44.985194496,0.008386016,0.008722469,0.001166284,0.062817402,-0.024079572,-0.069259442,watch,user3,lie
44.995193344,0.005897745,0.012129456,0.001186788,0.079984665,-0.019418772,-0.079521134,watch,user3,lie
45.005192448,0.005312935,0.013464496,-0.003792524,0.093501724,-0.023943305,-0.083669007,watch,user3,lie
45.015191552,0.008602738,0.012971781,-0.008218586,0.096874885,-0.027709279,-0.088241383,watch,user3,lie
45.025190400,0.013639346,0.014743373,-0.006512403,0.094229698,-0.037225552,-0.095551968,watch,user3,lie
45.035189504,0.014191732,0.015335478,-0.004407704,0.099157877,-0.039860487,-0.105446137,watch,user3,lie
45.045188608,0.010142311,0.013350658,-0.006286442,0.104831658,-0.040684290,-0.115422606,watch,user3,lie
45.055186432,0.005582005,0.011982560,-0.009308934,0.101185523,-0.040004119,-0.112859316,watch,user3,lie
45.065185536,0.007006869,0.009864591,-0.006394744,0.091812082,-0.047449697,-0.110251814,watch,user3,lie
45.075184384,0.008242235,0.008807868,-0.003225207,0.082970120,-0.055991255,-0.111131720,watch,user3,lie
45.085183488,0.010005087,0.008353449,-0.004715860,0.079733886,-0.059189264,-0.115471937,watch,user3,lie
45.095182592,0.009731725,0.008150756,-0.007708371,0.081882529,-0.060008455,-0.120213166,watch,user3,lie
45.105181440,0.008432433,0.008256584,-0.005095899,0.087481692,-0.060185552,-0.123285323,watch,user3,lie
45.115180288,0.006731585,0.007736892,-0.002372026,0.093378730,-0.058045708,-0.126804963,watch,user3,lie
45.125179392,0.005031630,0.004881524,0.001775861,0.094569251,-0.054977387,-0.125339285,watch,user3,lie
45.135178496,0.004137665,0.001538284,0.005267024,0.083674259,-0.055580862,-0.120804988,watch,user3,lie
45.145176576,0.006362215,0.001785919,0.005250931,0.077779755,-0.054928117,-0.119063616,watch,user3,lie
45.155175680,0.008020610,-0.001281999,0.008052945,0.067897558,-0.053361114,-0.117241748,watch,user3,lie
45.165174528,0.009537652,-0.002192140,0.008245170,0.065819897,-0.049691010,-0.111202955,watch,user3,lie
45.175173632,0.011670679,-0.000643447,0.008807123,0.066249192,-0.046391089,-0.110714272,watch,user3,lie
45.185172480,0.010508627,-0.000454515,0.007193148,0.066757686,-0.043217845,-0.109754466,watch,user3,lie
45.195171584,0.007625133,-0.001477703,0.006095052,0.068806723,-0.040474787,-0.113212049,watch,user3,lie
45.205170432,0.006370366,-0.002874605,0.006931722,0.070878163,-0.036482532,-0.110207535,watch,user3,lie
45.215169536,0.005205944,-0.005737178,0.008111000,0.068905562,-0.032582331,-0.102803148,watch,user3,lie
45.225167616,0.005920202,-0.008213386,0.008719385,0.073836096,-0.030489266,-0.095951706,watch,user3,lie
45.235166464,0.006195962,-0.008401975,0.007194877,0.074324518,-0.029702302,-0.089135610,watch,user3,lie
45.245165568,0.008583695,-0.006153360,0.006212234,0.082494438,-0.025384519,-0.086588629,watch,user3,lie
45.255164416,0.008541793,-0.005189143,0.005424678,0.085207663,-0.024716333,-0.081476428,watch,user3,lie
45.265163520,0.011332154,-0.007612787,0.003570855,0.085955478,-0.024734177,-0.075139962,watch,user3,lie
45.275162624,0.011382699,-0.009641260,0.003304064,0.078113534,-0.023626033,-0.069921762,watch,user3,lie
45.285161728,0.009252444,-0.010614686,0.001640856,0.069698162,-0.021722317,-0.066291943,watch,user3,lie
45.295160576,0.010097399,-0.009429209,0.004319727,0.056824181,-0.020128150,-0.061279077,watch,user3,lie
45.305159424,0.009413972,-0.010113582,0.007132471,0.049615227,-0.017736809,-0.055754151,watch,user3,lie
45.315157504,0.010598734,-0.012136824,0.006398320,0.043957606,-0.017824693,-0.048283450,watch,user3,lie
45.325156608,0.009813488,-0.009299099,0.004196823,0.039194543,-0.019624989,-0.041378140,watch,user3,lie
45.335155712,0.010293260,-0.007485904,0.002585828,0.036119923,-0.015780717,-0.041551244,watch,user3,lie
45.345154560,0.008268818,-0.007613614,0.004565418,0.034209635,-0.013494658,-0.037683669,watch,user3,lie
45.355153408,0.008256808,-0.008324087,0.004624903,0.032280974,-0.012353227,-0.028202284,watch,user3,lie
45.365152512,0.007146612,-0.011468969,0.003314555,0.021770012,-0.006665249,-0.018231008,watch,user3,lie
45.375151616,0.006865144,-0.012680061,0.002042055,0.011369836,-0.011408871,-0.014381676,watch,user3,lie
45.385150464,0.009786382,-0.012680694,0.001754045,0.001388707,-0.015590301,-0.013608627,watch,user3,lie
45.395148544,0.009166360,-0.009034745,0.002177656,0.002120544,-0.013266694,-0.010539601,watch,user3,lie
45.405147392,0.009788841,-0.004250214,0.003124714,0.006674549,-0.011348152,-0.008722260,watch,user3,lie
45.415146496,0.010782301,-0.003015779,0.001156390,0.014794794,-0.008278858,-0.006924892,watch,user3,lie
45.425145600,0.008759290,-0.001862377,-0.000400722,0.018826509,-0.003223557,-0.007859462,watch,user3,lie
45.435144448,0.008096993,0.001225315,0.003238440,0.015336703,-0.004690426,-0.007016039,watch,user3,lie
45.445143552,0.007121742,0.000822775,0.001836598,0.014333800,-0.008318006,-0.005254557,watch,user3,lie
45.455142656,0.010621101,0.001064800,0.000390291,0.014982280,-0.014378029,-0.008343558,watch,user3,lie
45.465141760,0.009552568,0.002134852,0.001200438,0.025217384,-0.015661761,-0.013767951,watch,user3,lie
45.475140352,0.005302086,0.004852802,-0.000206649,0.033353075,-0.010870468,-0.016847098,watch,user3,lie
45.485138432,-0.000114560,0.005384281,-0.002852738,0.037691899,-0.007334856,-0.021993391,watch,user3,lie
45.495137536,-0.000270814,0.010009363,-0.005006433,0.037212528,-0.011044373,-0.027756205,watch,user3,lie
45.505136640,0.004932642,0.014766306,-0.004417062,0.043248806,-0.023242626,-0.036550429,watch,user3,lie
45.515135744,0.009757906,0.016998492,-0.005067945,0.059637632,-0.029624093,-0.049205240,watch,user3,lie
45.525134336,0.010113776,0.019390158,-0.010360360,0.076346435,-0.029036600,-0.055286363,watch,user3,lie
45.535133440,0.008991092,0.019975185,-0.011762381,0.083289027,-0.025606181,-0.056441378,watch,user3,lie
45.545132544,0.008330494,0.018532492,-0.007730246,0.084511645,-0.030121218,-0.060603432,watch,user3,lie
45.555131648,0.010817915,0.015782371,-0.004490197,0.073948488,-0.030486070,-0.062148601,watch,user3,lie
45.565130496,0.009226441,0.012704149,-0.001353920,0.055695888,-0.030673113,-0.062247004,watch,user3,lie
45.575128320,0.008155823,0.007905856,0.002944469,0.036269195,-0.029457115,-0.062213983,watch,user3,lie
45.585127424,0.007586479,0.003664531,0.005395591,0.018598098,-0.028131748,-0.064411953,watch,user3,lie
45.595126528,0.004836708,0.002143949,0.008068919,0.009788893,-0.024390539,-0.067538500,watch,user3,lie
45.605125632,0.003607094,0.001604393,0.008339822,0.007105538,-0.019184148,-0.064547844,watch,user3,lie
45.615124480,0.001375228,-0.000572488,0.010242581,0.000765083,-0.011278287,-0.057620425,watch,user3,lie
45.625123584,0.003329039,-0.003856607,0.012753129,0.004726535,-0.006800182,-0.048281386,watch,user3,lie
45.635122432,0.005061656,-0.008090854,0.013033092,0.003793098,-0.000582500,-0.039197609,watch,user3,lie
45.645121536,0.008031398,-0.012573302,0.011900783,0.002461162,0.007374670,-0.028744703,watch,user3,lie
45.655119616,0.008838773,-0.018382728,0.011920691,0.008520653,0.015176134,-0.018872632,watch,user3,lie
45.665118464,0.009231865,-0.020218827,0.012462676,0.007939462,0.019703951,-0.009601102,watch,user3,lie
45.675117568,0.010339737,-0.023765832,0.013010621,0.002979324,0.024006288,0.002697376,watch,user3,lie
45.685116672,0.011020124,-0.022847250,0.012808621,0.006717559,0.030711152,0.009327115,watch,user3,lie
45.695115520,0.014334708,-0.020425431,0.009582698,0.014015952,0.031494386,0.017310740,watch,user3,lie
45.705114368,0.012676686,-0.019528635,0.007691681,0.022536159,0.030572223,0.023318497,watch,user3,lie
45.715113472,0.012366831,-0.018810980,0.005688071,0.013632146,0.035203729,0.033984989,watch,user3,lie
45.725112576,0.010768592,-0.018188909,0.003682196,-0.000949105,0.037478954,0.044828448,watch,user3,lie
45.735111680,0.009483784,-0.018074155,0.002326906,-0.018675903,0.031837579,0.051030952,watch,user3,lie
45.745109504,0.008828431,-0.019109853,-0.003772318,-0.037429705,0.026842199,0.056723859,watch,user3,lie
45.755108352,0.006672323,-0.015811965,-0.003606081,-0.052581761,0.023413647,0.060335636,watch,user3,lie
45.765107456,0.010072380,-0.011150092,-0.004834592,-0.057789218,0.015130505,0.055915989,watch,user3,lie
45.775106560,0.009735882,-0.007273853,-0.005395234,-0.060150642,0.011575717,0.060479317,watch,user3,lie
45.785105664,0.007802755,0.000035226,-0.007244885,-0.055142790,0.009180648,0.058136333,watch,user3,lie
45.795104512,0.006438971,0.004001372,-0.005925238,-0.054218940,0.008943894,0.055299003,watch,user3,lie
45.805103360,0.006055921,0.008855440,-0.005280793,-0.048994929,0.005535402,0.049757563,watch,user3,lie
45.815102464,0.006743610,0.012459949,-0.005855203,-0.042714927,0.005158032,0.045819283,watch,user3,lie
45.825101568,0.007963315,0.012419164,-0.004047453,-0.044207714,0.002585064,0.042364493,watch,user3,lie
45.835099648,0.009827256,0.012474149,-0.002291501,-0.038530655,0.001883055,0.036849886,watch,user3,lie
45.845098496,0.008121267,0.012523413,-0.003073096,-0.040138096,0.000913841,0.026323942,watch,user3,lie
45.855097600,0.007010669,0.015157819,-0.001944363,-0.034859713,-0.000046494,0.017772531,watch,user3,lie
45.865096448,0.004977569,0.019055061,0.000593960,-0.026899166,0.000445214,0.008202728,watch,user3,lie
45.875095552,0.003685132,0.018703975,0.000455081,-0.014029442,0.000741357,-0.000588366,watch,user3,lie
45.885094400,0.003307164,0.020893715,-0.000632703,0.004727690,0.002533753,-0.005507957,watch,user3,lie
45.895093504,0.000209779,0.019800611,-0.000613093,0.017278636,0.005109829,-0.011895016,watch,user3,lie
45.905092608,-0.001063049,0.019769572,-0.000936866,0.028371943,0.009095161,-0.020218592,watch,user3,lie
45.915090432,0.000297174,0.016711839,0.001506865,0.034617323,0.009018995,-0.022299321,watch,user3,lie
45.925089536,0.002970502,0.011803389,0.003286481,0.038148765,0.009129604,-0.025391649,watch,user3,lie
45.935088640,0.004501939,0.007883891,0.000179648,0.036566846,0.005403842,-0.023748480,watch,user3,lie
45.945087488,0.006719872,0.003322765,-0.001225114,0.032860477,0.005811661,-0.022988347,watch,user3,lie
45.955086592,0.010710329,0.001152903,-0.001171589,0.025731465,0.006361604,-0.022993675,watch,user3,lie
45.965085696,0.010724083,0.000067450,-0.000481546,0.024857460,0.003209663,-0.022354981,watch,user3,lie
45.975084544,0.009755954,0.000234447,-0.000466764,0.025132298,0.002631225,-0.020567201,watch,user3,lie
45.985083392,0.010284215,-0.002274834,-0.000803828,0.026089037,0.003365192,-0.017587457,watch,user3,lie
45.995082496,0.010032207,-0.005259410,-0.001233459,0.023347845,0.003067717,-0.013290713,watch,user3,lie
46.005080576,0.009276882,-0.009813763,-0.000139892,0.018566405,0.001743860,-0.010928489,watch,user3,lie
46.015079680,0.008352160,-0.012181334,0.001613855,0.005598676,0.002986491,-0.007008316,watch,user3,lie
46.025078528,0.010007963,-0.011941493,0.002763808,0.000639249,-0.000113517,-0.001371469,watch,user3,lie
46.035077376,0.010337129,-0.011014491,0.000819325,-0.010357742,-0.000506334,0.003248583,watch,user3,lie
46.045076480,0.010206997,-0.010501489,-0.000761509,-0.015574386,-0.002499621,0.009261003,watch,user3,lie
46.055075584,0.011432543,-0.008964464,0.000255644,-0.024197968,-0.002687108,0.012397141,watch,user3,lie
46.065074688,0.009588093,-0.007920951,0.000643432,-0.025614770,-0.001046334,0.017730786,watch,user3,lie
46.075073536,0.011164203,-0.004615143,0.003308296,-0.021296453,-0.000686274,0.019774761,watch,user3,lie
46.085072640,0.009256884,-0.002958395,0.003098249,-0.018951941,0.003842164,0.019251252,watch,user3,lie
46.095070464,0.007761657,-0.002918378,0.003947556,-0.023165328,0.004897042,0.020033687,watch,user3,lie
46.105069568,0.008428752,-0.000297345,0.005623519,-0.017179562,0.006057826,0.019676492,watch,user3,lie
46.115068672,0.005400524,0.001319252,0.003335774,-0.014633580,0.006365953,0.015059103,watch,user3,lie
46.125067520,0.004912883,0.003555857,0.005160749,-0.014221145,0.008467631,0.016239416,watch,user3,lie
46.135066368,0.006728575,0.004647091,0.002396822,-0.009361409,0.009524107,0.019103644,watch,user3,lie
46.145065472,0.006114900,0.003949374,-0.000329435,-0.011160596,0.010923776,0.021249289,watch,user3,lie
46.155064576,0.005419135,0.004289836,0.000423670,-0.007508870,0.010722175,0.016084088,watch,user3,lie
46.165063424,0.004395753,0.004179984,0.002776146,-0.007885841,0.011108600,0.015517833,watch,user3,lie
46.175061248,0.003371924,0.003702931,0.001500905,-0.008650701,0.010787155,0.009453815,watch,user3,lie
46.185060352,0.006559625,0.005266607,-0.000523567,-0.005311851,0.007655723,0.009689039,watch,user3,lie
46.195059456,0.008842543,0.004569739,0.001720309,-0.002453746,0.006800848,0.007612040,watch,user3,lie
46.205058560,0.010988548,0.005299084,0.000567317,0.000350296,0.009853363,0.008159186,watch,user3,lie
46.215057408,0.010395885,0.007729463,0.000087082,0.000440577,0.009495701,0.002099962,watch,user3,lie
46.225056512,0.008997366,0.009598978,-0.000087082,0.004526976,0.005324569,0.003600453,watch,user3,lie
46.235055616,0.009774074,0.006211080,-0.002433121,0.013704229,0.002364465,0.001502948,watch,user3,lie
46.245054464,0.008749396,0.007579409,-0.001882613,0.014598652,0.000523156,-0.002760174,watch,user3,lie
46.255053312,0.005457953,0.004022136,-0.001453042,0.014357369,0.003929871,-0.002287996,watch,user3,lie
46.265051392,0.000278324,-0.000970870,-0.000718355,0.008522206,0.003728625,-0.008966538,watch,user3,lie
46.275050496,-0.000687748,-0.001113608,0.000398040,-0.007392579,0.007569969,-0.004711073,watch,user3,lie
46.285049600,0.001604766,-0.002001598,0.002733529,-0.017733278,0.001264491,-0.004750754,watch,user3,lie
46.295048448,0.007096961,-0.001809552,0.001755416,-0.019146351,-0.001913726,-0.005319871,watch,user3,lie
46.305047296,0.009384811,-0.002003826,-0.000873744,-0.015753129,-0.002906729,-0.004754748,watch,user3,lie
46.315046400,0.011119559,-0.001482062,0.000212789,-0.004699146,-0.001031864,-0.005304957,watch,user3,lie
46.325045504,0.011216298,0.000859126,0.001024663,0.003875966,0.001571642,0.000317242,watch,user3,lie
46.335044608,0.011681035,0.003307819,0.001035511,0.008471251,0.002053941,0.003508774,watch,user3,lie
46.345043456,0.013695955,-0.000402622,-0.000160933,0.006192383,0.000754318,0.005057535,watch,user3,lie
46.355041280,0.010912448,-0.004407547,0.000638843,-0.003091662,0.001659793,0.006964891,watch,user3,lie
46.365040384,0.009279400,-0.006804682,0.001932800,-0.011905217,-0.000210368,0.009962145,watch,user3,lie
46.375039488,0.007633433,-0.005485125,0.002179623,-0.019104274,0.000094564,0.011918770,watch,user3,lie
46.385038592,0.004523650,-0.001633152,0.001215398,-0.015276867,-0.003852861,0.009269059,watch,user3,lie
46.395037440,0.002755299,-0.001047365,-0.000275970,-0.011994787,0.001252418,0.007479148,watch,user3,lie
46.405036544,0.002406910,0.000030756,0.000670612,-0.015568128,0.007620924,0.009487837,watch,user3,lie
46.415035392,0.004612193,0.000660837,0.001463890,-0.017733278,0.005260830,0.011127278,watch,user3,lie
46.425034496,0.006292984,-0.000225067,0.005957782,-0.026641106,0.005656221,0.011723028,watch,user3,lie
46.435032576,0.006335855,-0.000266954,0.005998969,-0.024057575,0.004951282,0.017033370,watch,user3,lie
46.445031424,0.007993102,-0.002227060,0.004190266,-0.018573593,0.009967878,0.021886850,watch,user3,lie
46.455030528,0.008584976,-0.004672416,0.004390657,-0.015695782,0.012869925,0.025021125,watch,user3,lie
46.465029376,0.008777127,-0.003039651,0.005834460,-0.017767720,0.017378125,0.022864230,watch,user3,lie
46.475028480,0.007381797,0.003024004,0.010594666,-0.008648259,0.023770509,0.012057388,watch,user3,lie
46.485027328,0.003295332,0.007393703,0.000533462,0.006365533,0.022781767,0.010615219,watch,user3,lie
46.495026432,0.008069843,0.003926598,0.003466249,0.007479268,0.026048668,0.012906337,watch,user3,lie
46.505025536,0.011160851,-0.001794584,0.014155328,-0.005021300,0.027950341,0.019664574,watch,user3,lie
46.515024640,0.010610744,-0.001114182,0.008736968,-0.009407260,0.024168918,0.019822765,watch,user3,lie
46.525022464,0.005846307,-0.000024714,0.000981629,-0.012685566,0.028909788,0.019477820,watch,user3,lie
46.535021312,0.006151885,-0.001842394,0.001030803,-0.008024503,0.029982511,0.020743353,watch,user3,lie
46.545020416,0.008545622,-0.001720414,0.000229955,-0.008096319,0.029998844,0.030279202,watch,user3,lie
46.555019520,0.008077219,-0.001081832,-0.001724005,-0.010095553,0.028780449,0.032407600,watch,user3,lie
46.565018624,0.008028686,-0.002383724,-0.002495408,-0.011654834,0.025992384,0.026903113,watch,user3,lie
46.575017472,0.005891696,-0.005493335,0.001357675,-0.019043509,0.028072314,0.029604090,watch,user3,lie
46.585016320,0.006097242,-0.006803572,-0.000525832,-0.027080130,0.030397253,0.036367189,watch,user3,lie
46.595015424,0.007483572,-0.004460178,0.001914382,-0.035272013,0.028600952,0.037623402,watch,user3,lie
46.605014528,0.009346157,-0.006009199,0.002819300,-0.037442755,0.026656045,0.039585620,watch,user3,lie
46.615012608,0.011663988,-0.006771035,0.004081070,-0.035193715,0.024695160,0.042625882,watch,user3,lie
46.625011456,0.011997983,-0.003660351,0.000101507,-0.027598914,0.026057633,0.046045914,watch,user3,lie
46.635010304,0.010011792,-0.003307864,-0.001644075,-0.021849770,0.024910519,0.047396272,watch,user3,lie
46.645009408,0.008345798,-0.000888199,-0.000119328,-0.021743553,0.023873042,0.046236798,watch,user3,lie
46.655008512,0.008957475,-0.003001966,-0.000428438,-0.025261857,0.023785956,0.046569958,watch,user3,lie
46.665007360,0.007743120,-0.004274949,0.000248492,-0.037539028,0.023781162,0.045933198,watch,user3,lie
46.675006464,0.006474078,-0.004077941,-0.000252843,-0.050074261,0.020911606,0.046250381,watch,user3,lie
46.685005568,0.003756702,-0.002803065,-0.000881732,-0.055154998,0.018141298,0.043129619,watch,user3,lie
46.695003392,0.002881393,-0.001098089,-0.000299692,-0.054334477,0.016480284,0.043704599,watch,user3,lie
46.705002496,0.005440667,0.002139919,-0.000752270,-0.048686668,0.019362003,0.045392841,watch,user3,lie
46.715001344,0.006074414,0.003224999,-0.001469433,-0.044133194,0.017784346,0.045051690,watch,user3,lie
46.725000448,0.006108880,0.006063297,-0.001483321,-0.040502064,0.017586118,0.041756429,watch,user3,lie
46.734999552,0.008139625,0.005724579,-0.002109766,-0.038500696,0.016202871,0.041099425,watch,user3,lie
46.744998400,0.007040203,0.003761396,-0.001504540,-0.043213163,0.014586600,0.038585402,watch,user3,lie
46.754997248,0.009343654,0.004765004,-0.002832234,-0.046523735,0.008031760,0.038413629,watch,user3,lie
46.764996352,0.010176197,0.004442506,-0.001040339,-0.040614095,0.008321335,0.032367319,watch,user3,lie
46.774995456,0.009031445,0.006474800,-0.000573158,-0.034146871,0.008223331,0.025599428,watch,user3,lie
46.784993536,0.007647827,0.007793762,-0.003053367,-0.029985106,0.010522615,0.022503171,watch,user3,lie
46.794992640,0.006880686,0.009392850,-0.002384424,-0.029962203,0.011670970,0.020228032,watch,user3,lie
46.804991488,0.005921200,0.006873980,0.001399696,-0.029509732,0.010228336,0.016586026,watch,user3,lie
46.814990336,0.006752774,0.006988905,0.002353311,-0.031051436,0.008970525,0.015747929,watch,user3,lie
46.824989440,0.007806391,0.005562849,0.000992477,-0.023664981,0.010235971,0.014688258,watch,user3,lie
46.834988544,0.007010013,0.006008737,0.001280308,-0.015739946,0.007046036,0.012190746,watch,user3,lie
46.844987392,0.009620696,0.006685205,-0.000330985,-0.003021399,0.006529472,0.010132388,watch,user3,lie
46.854986496,0.008670926,0.009758160,-0.001468182,0.005915903,0.009404087,0.005847895,watch,user3,lie
46.864985344,0.006849423,0.009381317,-0.001956046,0.011682313,0.006797386,0.001179041,watch,user3,lie
46.874983424,0.004584879,0.007400535,0.001126587,0.009378945,0.008521250,0.000731630,watch,user3,lie
46.884982528,0.005989358,0.005374320,0.000008106,0.002445893,0.007542893,-0.000654346,watch,user3,lie
46.894981632,0.006109610,0.000230186,0.000083327,-0.007061325,0.006812122,-0.002418957,watch,user3,lie
46.904980480,0.007254004,-0.000274636,0.001795948,-0.009251820,0.002198817,-0.001502629,watch,user3,lie
46.914979328,0.007245645,-0.001640491,-0.000557005,-0.006306364,0.003361819,0.000252926,watch,user3,lie
46.924978432,0.008505449,-0.000482842,-0.000873327,-0.000920431,0.004468451,0.002166474,watch,user3,lie
46.934977536,0.009334996,-0.000024170,-0.001121163,0.007587037,0.002740593,0.002463417,watch,user3,lie
46.944976384,0.007220238,-0.000002809,-0.000579357,0.008164721,0.000160167,0.000313513,watch,user3,lie
46.954974464,0.008043095,-0.000012226,-0.000352502,0.006063220,0.003522408,0.001368125,watch,user3,lie
46.964973568,0.008721292,-0.002847224,0.000756562,-0.006549244,0.003219340,0.006824676,watch,user3,lie
46.974972416,0.008794546,-0.004164748,0.002675593,-0.013697967,-0.000578860,0.006720546,watch,user3,lie
46.984971520,0.006935731,-0.003986932,0.004018366,-0.016538450,-0.000815971,0.007299318,watch,user3,lie
46.994970368,0.007115781,-0.002158873,0.005133927,-0.014596207,0.003271982,0.005957617,watch,user3,lie
47.004969472,0.007780418,0.000365607,0.002738953,-0.003578710,0.003610735,0.003810310,watch,user3,lie
47.014968576,0.008636355,0.002347425,0.002034605,0.003762294,0.004424597,0.006617282,watch,user3,lie
47.024967680,0.008399919,0.000690959,0.004390538,0.000543508,0.006692990,0.005630714,watch,user3,lie
47.034966272,0.006724000,-0.001409575,0.003175855,-0.008292594,0.007032010,0.004270105,watch,user3,lie
47.044964352,0.003309041,-0.002866663,0.000775874,-0.021300271,0.011072026,0.007588937,watch,user3,lie
47.054963456,0.000250354,-0.003761217,0.004426062,-0.027200771,0.011223294,0.009211068,watch,user3,lie
47.064962560,0.001876384,-0.003140442,0.003744900,-0.030650187,0.011196839,0.012466650,watch,user3,lie
47.074961664,0.006300002,-0.002423428,0.002683461,-0.026718030,0.012717770,0.008606398,watch,user3,lie
47.084960256,0.006841838,-0.000345491,0.000592709,-0.016834417,0.012648084,0.007748593,watch,user3,lie
47.094959360,0.011269063,0.001826055,-0.001614153,-0.007749842,0.012101604,0.010403764,watch,user3,lie
47.104958464,0.013544828,0.002295397,-0.001267672,-0.001021853,0.010099617,0.015422291,watch,user3,lie
47.114957568,0.013854533,0.000284955,-0.002082705,-0.001699894,0.009691620,0.015491267,watch,user3,lie
47.124955648,0.013185367,-0.001621433,0.000788152,-0.007577402,0.008173442,0.015881021,watch,user3,lie
47.134953984,0.010149479,-0.006934106,0.000461578,-0.020268429,0.010756175,0.017065063,watch,user3,lie
47.144952832,0.006247714,-0.007225364,0.000840306,-0.031298801,0.009247938,0.021634648,watch,user3,lie
47.154951936,0.005975172,-0.004659846,0.000622630,-0.036930852,0.004375418,0.023374490,watch,user3,lie
47.164951040,0.006049365,-0.000702024,0.000458121,-0.034465075,0.006000568,0.018634398,watch,user3,lie
47.174949888,0.002695456,0.003085092,0.000594318,-0.026951499,0.008411528,0.020035751,watch,user3,lie
47.184948736,0.002669945,0.004149370,-0.001275778,-0.015466440,0.012027745,0.018893521,watch,user3,lie
47.194947840,0.004610851,0.004283920,-0.001105487,-0.011838415,0.012650658,0.018768087,watch,user3,lie
47.204946944,0.006608546,0.003340803,-0.001551330,-0.014129089,0.008035578,0.020067312,watch,user3,lie
47.214945024,0.008065060,0.001433924,0.000539541,-0.017912375,0.003620056,0.018824413,watch,user3,lie
47.224943872,0.008993283,0.001623735,0.000745833,-0.020525513,0.003370075,0.016966393,watch,user3,lie
47.234942720,0.008383229,-0.001100197,0.000049531,-0.020111391,0.005745348,0.017525123,watch,user3,lie
47.244941824,0.007784352,-0.000734143,-0.003545940,-0.019779872,0.003556052,0.015618368,watch,user3,lie
47.254940928,0.007136270,0.006697148,-0.001375020,-0.015018141,0.000972786,0.012541884,watch,user3,lie
47.264940032,0.005930856,0.010556057,0.005076110,0.002120588,0.014191475,-0.008667598,watch,user3,lie
47.274938880,-0.000942424,0.017650969,0.002778113,0.024641342,0.015695095,-0.011035414,watch,user3,lie
47.284937984,0.004909858,0.016173914,-0.006418824,0.038809448,0.010606416,-0.007422570,watch,user3,lie
47.294937088,0.013240367,0.007118426,0.004364789,0.027852405,0.005179693,0.000389547,watch,user3,lie
47.304934912,0.010471418,0.006539449,0.008763552,0.016757099,0.005928929,-0.001395371,watch,user3,lie
47.314934016,0.007231027,0.007582918,0.003076732,0.015396491,0.010483201,-0.009575270,watch,user3,lie
47.324932864,0.002805561,0.002861984,-0.004175544,0.016922792,0.012009103,-0.020307476,watch,user3,lie
47.334931968,0.005330861,0.001964457,-0.004884601,0.017760357,0.007290248,-0.013550504,watch,user3,lie
47.344931072,0.010751277,0.002079122,0.000464797,0.013919102,0.001435910,-0.012843834,watch,user3,lie
47.354929920,0.007408038,0.004781067,-0.000498652,0.017829688,-0.003640341,-0.020793904,watch,user3,lie
47.364928768,0.004650354,0.003759243,-0.005276620,0.033680867,0.004526420,-0.023349272,watch,user3,lie
47.374927872,0.005762503,0.003543936,-0.005563259,0.036019921,0.005730434,-0.016912678,watch,user3,lie
47.384926976,0.012736380,0.000007272,-0.000241458,0.023276161,-0.000227057,-0.008175912,watch,user3,lie
47.394925056,0.015098602,-0.002887838,0.002057552,0.006915033,-0.005547787,-0.013863359,watch,user3,lie
47.404923904,0.013093293,-0.006052852,0.003017724,-0.004520093,-0.009614078,-0.017064013,watch,user3,lie
47.414922752,0.009838879,-0.008155465,0.002049208,-0.005334221,-0.006517089,-0.008924859,watch,user3,lie
47.424921856,0.008804187,-0.008361652,-0.000011742,-0.002692010,-0.006594764,-0.008993835,watch,user3,lie
47.434920960,0.007877827,-0.004241854,-0.000210345,-0.004146895,-0.004063695,-0.004412399,watch,user3,lie
47.444920064,0.005837530,-0.002654031,0.003144860,-0.008535785,-0.006466400,-0.005746509,watch,user3,lie
47.454918912,0.004263341,-0.001476511,0.004663885,-0.010352594,-0.004563571,-0.006792067,watch,user3,lie
47.464918016,0.002375677,-0.001722112,0.003367305,-0.009988450,0.000913841,-0.001864686,watch,user3,lie
47.474915840,0.006028712,-0.002767481,0.002627969,-0.007744737,0.000020884,0.003212098,watch,user3,lie
47.484914944,0.008658379,-0.005605862,0.004086971,-0.006314398,0.001244695,0.010173934,watch,user3,lie
47.494914048,0.008065775,-0.006589785,0.003770471,-0.012240730,-0.003462442,0.006600237,watch,user3,lie
47.504912896,0.007540599,-0.004058711,0.000782728,-0.006751822,-0.001270128,0.006754635,watch,user3,lie
47.514912000,0.008923277,-0.001737088,0.001523852,-0.008503649,-0.001558016,0.007889673,watch,user3,lie
47.524910848,0.006554544,0.003154963,0.000296712,-0.004371888,-0.000271443,0.006681331,watch,user3,lie
47.534909952,0.007707000,0.005313367,0.001208127,-0.002966005,-0.001768405,0.006139911,watch,user3,lie
47.544908800,0.006615222,0.004586279,0.000533998,0.001708464,-0.002139295,0.001972729,watch,user3,lie
47.554907904,0.005666912,0.002695151,0.002029598,0.004347923,-0.000225548,-0.000223047,watch,user3,lie
47.564905984,0.005005479,0.002127029,-0.000331283,0.000836279,-0.000707847,0.002714153,watch,user3,lie
47.574904832,0.007961258,0.005561076,-0.000896752,-0.002700399,-0.003497242,-0.003010045,watch,user3,lie
47.584903936,0.008470580,0.005603179,0.001186192,0.000674802,-0.005644104,-0.007494275,watch,user3,lie
47.594902784,0.007407576,0.004487157,-0.002069533,0.001809841,-0.001515671,-0.007807463,watch,user3,lie
47.604901888,0.007421628,0.006010406,-0.001066506,0.001597232,-0.002508587,-0.008246885,watch,user3,lie
47.614900992,0.005767256,0.004659258,0.002305508,0.007193333,-0.001906180,-0.010366761,watch,user3,lie
47.624900096,0.006387472,0.003510065,0.001793385,0.013414211,-0.000864618,-0.009564883,watch,user3,lie
47.634898944,0.005958766,0.004393123,0.002140403,0.014227274,0.000479213,-0.007113710,watch,user3,lie
47.644897792,0.008169174,0.003671780,0.002736747,0.015563250,0.001861927,-0.005010678,watch,user3,lie
47.654895872,0.010308176,0.003380515,0.003004372,0.015667113,0.001733030,-0.006279408,watch,user3,lie
47.664894976,0.010526747,-0.000221133,0.002966762,0.014871847,0.002778942,-0.008716799,watch,user3,lie
47.674894080,0.009171575,-0.003311515,0.003526807,0.018831169,0.005283113,-0.009690185,watch,user3,lie
47.684892928,0.007524863,-0.003222451,0.001572132,0.009575486,0.006159825,-0.006956650,watch,user3,lie
47.694891776,0.007608041,-0.003309980,0.002175391,0.009112096,0.006333463,-0.002541662,watch,user3,lie
47.704890880,0.008415282,-0.000765838,0.002915442,0.006664651,0.005948636,-0.004954486,watch,user3,lie
47.714889984,0.007030338,0.000540294,0.003032148,0.008076925,0.007865047,-0.001386649,watch,user3,lie
47.724888832,0.008849010,-0.000183731,0.002908111,0.014436509,0.006326627,-0.000926388,watch,user3,lie
47.734886912,0.007759541,0.001546808,-0.000064611,0.020732488,0.004776934,-0.000314926,watch,user3,lie
47.744885760,0.008374959,0.000890419,-0.003955126,0.019265620,0.000016800,0.001898560,watch,user3,lie
47.754884864,0.008364424,0.000020251,-0.001492858,0.007540521,0.000207482,-0.002179805,watch,user3,lie
47.764883968,0.006625786,-0.000014558,0.000023603,-0.002117966,-0.002016257,-0.001699370,watch,user3,lie
47.774882816,0.001370415,-0.003978059,-0.000474989,-0.010389213,-0.004951859,-0.002032798,watch,user3,lie
47.784881920,0.000053421,-0.002606973,-0.002142489,-0.016563307,-0.001891177,-0.001557957,watch,user3,lie
47.794881024,0.004237756,-0.001555905,-0.001569569,-0.022396162,-0.000551074,-0.001396569,watch,user3,lie
47.804880128,0.008584738,0.000180572,-0.000255346,-0.016557314,-0.005525327,-0.005182718,watch,user3,lie
47.814878720,0.009742707,0.001731202,0.000378072,-0.006654616,-0.005947171,-0.006512701,watch,user3,lie
47.824876800,0.011412159,0.002821155,-0.000011623,0.002166616,-0.004881197,-0.002859443,watch,user3,lie
47.834875904,0.013765544,0.002274930,0.001239896,0.010196846,-0.004250827,-0.002015221,watch,user3,lie
47.844875008,0.012586206,0.001936346,0.001163065,0.006473348,-0.005620224,-0.003170567,watch,user3,lie
47.854874112,0.011145279,0.001155846,0.002390504,-0.002135055,-0.005266557,-0.005850506,watch,user3,lie
47.864872704,0.006848842,0.001462162,0.002714038,-0.003363171,-0.001143451,-0.003920313,watch,user3,lie
47.874871808,0.005879343,0.001762085,0.002435446,-0.001128513,-0.001359966,-0.002280872,watch,user3,lie
47.884870912,0.004381761,0.000956535,0.002943158,0.008286694,-0.000728264,-0.001351096,watch,user3,lie
47.894870016,0.003061369,0.002592295,0.002760589,0.012248412,0.004384739,-0.004637703,watch,user3,lie
47.904868864,0.000619128,0.002633512,0.001141846,0.014202328,0.008252004,-0.002644659,watch,user3,lie
47.914866688,0.003324911,0.002914183,-0.000846744,0.009346854,0.005449826,-0.004133899,watch,user3,lie
47.924865792,0.007459030,0.001280576,0.001150966,0.003562468,0.000386624,-0.002435335,watch,user3,lie
47.934864896,0.008743495,0.001325674,0.000869334,0.004073528,0.000467851,-0.002309900,watch,user3,lie
47.944864000,0.008772910,-0.000009641,0.001432002,0.009170463,0.005407659,0.001682312,watch,user3,lie
47.954862848,0.008022159,0.000590667,0.001805127,0.013423266,0.004775159,0.002392577,watch,user3,lie
47.964861952,0.008450329,0.002707221,0.001007736,0.018575108,0.002063351,0.000780365,watch,user3,lie
47.974861056,0.008147314,0.002569370,0.000972986,0.017494395,0.004702809,-0.006350514,watch,user3,lie
47.984859904,0.008776456,0.002317481,0.001591563,0.015752599,0.004556513,-0.004636771,watch,user3,lie
47.994857984,0.005791172,0.001781374,-0.000631094,0.009699235,0.003061414,-0.006127874,watch,user3,lie
48.004856832,0.004526570,0.000830323,-0.000772893,0.001952942,0.002028818,-0.004563068,watch,user3,lie
48.014855936,0.004214913,-0.000331573,-0.001178205,0.000153710,-0.000382142,-0.005082117,watch,user3,lie
48.024855040,0.006400660,-0.002793439,0.000001013,0.000163475,-0.001188103,-0.001201626,watch,user3,lie
48.034853888,0.007816464,-0.001500107,-0.000954628,0.004971013,0.001027914,-0.000185363,watch,user3,lie
48.044852736,0.009482741,0.000764973,-0.001085043,0.007829206,-0.002899361,-0.001501364,watch,user3,lie
48.054851840,0.010156170,0.003058977,-0.000132501,0.010706220,-0.003378731,-0.003215641,watch,user3,lie
48.064850944,0.010264188,0.003982402,-0.001140475,0.010083040,0.001363294,-0.003328692,watch,user3,lie
48.074850048,0.007912025,0.002482407,-0.001601696,0.006267263,0.007019848,0.001545691,watch,user3,lie
48.084847872,0.005227745,-0.002236940,0.001672983,-0.000101953,0.005021678,-0.002629346,watch,user3,lie
48.094846720,0.004753366,-0.004532471,0.002677619,-0.005974756,0.006242205,-0.003404326,watch,user3,lie
48.104845824,0.006373584,-0.001498543,0.000653446,-0.005780079,0.001097244,-0.005953770,watch,user3,lie
48.114844928,0.009084478,0.004019998,-0.000314057,-0.003933443,-0.005051728,-0.008355942,watch,user3,lie
48.124844032,0.010903165,0.009399451,-0.004063785,0.008968463,-0.008402961,-0.014983950,watch,user3,lie
48.134842880,0.008739665,0.010212675,-0.002562582,0.025837725,-0.005985344,-0.018622894,watch,user3,lie
48.144841472,0.008224234,0.008920588,-0.003028989,0.038929783,-0.004194545,-0.016843170,watch,user3,lie
48.154840576,0.005913034,0.008303024,-0.001200676,0.030873450,-0.004579639,-0.016894303,watch,user3,lie
48.164839680,0.004703566,0.007931828,-0.003097832,0.020508870,-0.011749491,-0.021515420,watch,user3,lie
48.174837760,0.002465487,0.005386382,-0.000441015,0.010636002,-0.013706114,-0.029087054,watch,user3,lie
48.184836864,0.004719630,0.004108436,-0.000057697,0.004309529,-0.015843034,-0.037320148,watch,user3,lie
48.194835456,0.004692569,0.007502414,0.000201941,0.006960173,-0.016402032,-0.039696220,watch,user3,lie
48.204834560,0.004367292,0.009093992,0.000759602,0.018701207,-0.014042117,-0.042517774,watch,user3,lie
48.214833664,0.005698651,0.008960105,0.001127601,0.027993774,-0.016212326,-0.043383833,watch,user3,lie
48.224832768,0.006077543,0.011045054,0.002272189,0.032802023,-0.014142073,-0.043766797,watch,user3,lie
48.234831616,0.005115345,0.009048373,0.000476718,0.040125716,-0.012490115,-0.044448566,watch,user3,lie
48.244830720,0.005869940,0.005829282,0.000715733,0.036196224,-0.011276246,-0.041276742,watch,user3,lie
48.254828544,0.006449863,0.002636649,0.000701189,0.033726674,-0.016138114,-0.037850585,watch,user3,lie
48.264827648,0.008454680,-0.001445897,0.001310050,0.031508837,-0.014022853,-0.038121227,watch,user3,lie
48.274826752,0.006998166,-0.001711845,0.003492177,0.029710935,-0.010625990,-0.039859738,watch,user3,lie
48.284825600,0.006505638,-0.004266337,0.002551436,0.026609153,-0.009082688,-0.038484082,watch,user3,lie
48.294824704,0.005290672,-0.006046377,0.003073812,0.019999987,-0.006385972,-0.033803310,watch,user3,lie
48.304823808,0.007589340,-0.006196886,0.004568994,0.016060505,-0.005942023,-0.030156178,watch,user3,lie
48.314822656,0.010510504,-0.007927313,0.003182352,0.018890381,-0.008050448,-0.025003228,watch,user3,lie
48.324821504,0.009744808,-0.008206494,0.003504932,0.019577211,-0.005414185,-0.023153929,watch,user3,lie
48.334820608,0.009902805,-0.007802859,0.002137244,0.019546850,-0.003923880,-0.016802823,watch,user3,lie
48.344818688,0.010531709,-0.008322865,0.001657963,0.017423376,-0.004324419,-0.013313616,watch,user3,lie
48.354817792,0.008681640,-0.010645501,0.002869368,0.012506118,-0.001246604,-0.008799824,watch,user3,lie
48.364816640,0.008404762,-0.008669920,0.002936959,0.005761396,-0.002021850,-0.002444456,watch,user3,lie
48.374815488,0.007864743,-0.007687554,0.003489077,0.001010316,-0.001732631,0.001584640,watch,user3,lie
48.384814592,0.009028122,-0.007231221,0.002835631,-0.001633715,0.001111448,0.006001560,watch,user3,lie
48.394813696,0.007347271,-0.007286653,0.003170192,-0.006864962,-0.000264607,0.005275581,watch,user3,lie
48.404812800,0.006847322,-0.007408559,0.004557848,-0.008347499,0.002699669,0.006543712,watch,user3,lie
48.414811648,0.006945908,-0.005702935,0.006073773,-0.008308616,0.005711970,0.010632464,watch,user3,lie
48.424810752,0.006963357,-0.001658954,0.004334867,-0.005052059,0.005376856,0.007801590,watch,user3,lie
48.434808576,0.007597044,-0.000064924,0.002347767,-0.000533740,0.010235260,0.010702038,watch,user3,lie
48.444807680,0.006808504,0.003185138,0.004243135,0.004346990,0.014039408,0.008810729,watch,user3,lie
48.454806784,0.003856197,0.005138665,0.009927690,0.014927997,0.022948481,0.000688886,watch,user3,lie
48.464805632,-0.003810346,0.010085486,0.002943158,0.046487875,0.022861218,-0.007730165,watch,user3,lie
48.474804736,0.002078786,0.014142446,-0.003844261,0.058868643,0.026527327,-0.006321619,watch,user3,lie
48.484803584,0.008097336,0.009694703,0.006155491,0.048659414,0.024998140,0.003815304,watch,user3,lie
48.494802688,0.012833178,0.009843387,0.008092642,0.031110516,0.018614808,0.007964775,watch,user3,lie
48.504801536,0.007824779,0.008970864,0.003071189,0.019646985,0.013148847,-0.004373983,watch,user3,lie
48.514799616,0.003422067,0.006483421,-0.003669739,0.017105795,0.015920399,-0.012441763,watch,user3,lie
48.524798720,0.004229665,0.000872396,-0.004983366,0.030596128,0.017439287,-0.006216491,watch,user3,lie
48.534797568,0.009009019,0.000612780,-0.006261528,0.035996486,0.011226401,-0.002923759,watch,user3,lie
48.544796672,0.011685446,0.005402379,-0.007431209,0.040962573,0.004402671,-0.014102777,watch,user3,lie
48.554795520,0.007637456,0.007086746,-0.005251288,0.042522918,0.004870056,-0.027311791,watch,user3,lie
48.564794624,0.001658097,0.005514733,-0.001767874,0.039190058,0.006803866,-0.025844522,watch,user3,lie
48.574793728,0.001040369,0.001770362,0.000280023,0.024645738,0.008803367,-0.018861447,watch,user3,lie
48.584792832,0.003962412,-0.002075016,0.002366364,0.007153385,0.001548206,-0.014871364,watch,user3,lie
48.594791680,0.008618206,-0.004725307,0.002635062,-0.006483863,-0.003824455,-0.014217293,watch,user3,lie
48.604789504,0.010635585,-0.007469781,0.001718819,-0.006882627,-0.004290331,-0.015996285,watch,user3,lie
48.614788608,0.009447575,-0.006180868,-0.000976801,0.000666635,-0.001516382,-0.008721327,watch,user3,lie
48.624787712,0.010504439,-0.002946198,-0.002633810,0.011147727,-0.000476595,-0.002490662,watch,user3,lie
48.634786816,0.011250868,-0.002905540,0.002832174,0.014249245,0.004054241,0.001380775,watch,user3,lie
48.644785664,0.011942655,-0.003682166,0.003340423,0.009551651,0.003808520,0.000768714,watch,user3,lie
48.654784512,0.010108128,-0.007080533,0.004850984,0.001375746,0.005559282,0.004779168,watch,user3,lie
48.664783616,0.009341717,-0.008735485,0.005644977,-0.005807776,0.007334101,0.008742218,watch,user3,lie
48.674782720,0.008018956,-0.007463261,0.006892443,-0.009822758,0.008942651,0.012949481,watch,user3,lie
48.684781568,0.005349204,-0.006418847,0.007017851,-0.007544778,0.014016416,0.015940078,watch,user3,lie
48.694779648,0.004614145,-0.004361436,0.003675699,-0.001467711,0.013572467,0.017970473,watch,user3,lie
48.704778496,0.003313884,-0.002179906,0.001640320,0.005998417,0.017085798,0.016021103,watch,user3,lie
48.714777600,0.006301776,0.001150943,0.002584457,0.000415899,0.016767817,0.014336388,watch,user3,lie
48.724776704,0.007107601,0.003268763,0.002227902,-0.004199670,0.016427021,0.016771782,watch,user3,lie
48.734775552,0.006193519,-0.000804633,0.004619479,-0.005774131,0.019680338,0.021082107,watch,user3,lie
48.744774656,0.005469278,-0.001076899,-0.002880991,-0.007318898,0.016004378,0.025670402,watch,user3,lie
48.754773760,0.010024205,0.001741551,-0.004597604,-0.008005194,0.008966175,0.022664227,watch,user3,lie
48.764772864,0.010598600,0.002807215,0.000312686,0.002154854,0.004495881,0.014068075,watch,user3,lie
48.774771456,0.007591501,0.004627854,-0.004325271,0.010070035,0.002917959,0.004499869,watch,user3,lie
48.784769536,0.006653115,0.007422306,-0.007047296,0.015118500,0.006157872,0.000064108,watch,user3,lie
48.794768640,0.006461143,0.008329704,-0.006798267,0.006657105,0.001609725,0.001737905,watch,user3,lie
48.804767744,0.006702930,0.007851720,-0.002687812,-0.005366889,-0.008320492,-0.004113992,watch,user3,lie
48.814766848,0.008243486,0.008352436,-0.002732396,-0.013345986,-0.010917874,-0.005800040,watch,user3,lie
48.824765440,0.005425781,0.007061146,-0.006181657,-0.006757149,-0.009750699,-0.011575637,watch,user3,lie
48.834764544,0.006263301,0.005534038,-0.004976153,-0.000859312,-0.013069264,-0.010073347,watch,user3,lie
48.844763648,0.007495001,0.006069109,-0.004006803,0.007445002,-0.013636074,-0.011818983,watch,user3,lie
48.854762752,0.009027109,0.007915549,-0.001082659,0.008619456,-0.014444876,-0.018771697,watch,user3,lie
48.864760832,0.007307395,0.006156825,0.001630664,0.008464504,-0.010648893,-0.021722946,watch,user3,lie
48.874759680,0.005957916,0.004987262,0.003586888,0.007902045,-0.007165480,-0.020613473,watch,user3,lie
48.884758528,0.003082827,0.003481887,0.006561160,0.009262431,-0.000845886,-0.016410140,watch,user3,lie
48.894757632,0.004155040,0.001781590,0.007760286,0.012943186,-0.001232311,-0.015838359,watch,user3,lie
48.904756736,0.007330209,0.001191787,0.006072819,0.025658449,0.001910751,-0.014381610,watch,user3,lie
48.914755584,0.008625358,0.000399061,0.004569352,0.034956343,0.005753693,-0.014359506,watch,user3,lie
48.924754688,0.010169417,0.000100635,0.002868235,0.038510419,0.012482524,-0.009790054,watch,user3,lie
48.934753792,0.009954557,-0.001079299,0.003370106,0.033001404,0.011700355,-0.005362282,watch,user3,lie
48.944752640,0.012319267,-0.003127605,0.003620565,0.025036246,0.009511058,-0.002109764,watch,user3,lie
48.954751488,0.010173708,-0.005606912,0.003966630,0.018925888,0.008109436,0.000121167,watch,user3,lie
48.964749568,0.010138303,-0.009623438,0.002029121,0.014250620,0.006613716,0.001155405,watch,user3,lie
48.974748672,0.006245777,-0.009309411,-0.001013696,0.009298206,0.006096530,0.001181770,watch,user3,lie
48.984747776,0.004563525,-0.007491469,-0.002202868,-0.000094940,0.003478998,0.004860528,watch,user3,lie
48.994746624,0.005096376,-0.006194897,-0.001591384,-0.006265751,-0.001176740,0.003449319,watch,user3,lie
49.004745728,0.005665839,-0.005847245,-0.003600121,-0.009660127,-0.001967610,0.005400218,watch,user3,lie
49.014744576,0.006105885,-0.004264869,-0.004161239,-0.010812211,-0.004650212,0.006113945,watch,user3,lie
49.024743680,0.007237718,-0.004326873,-0.003572941,-0.016227793,-0.002695896,0.012135818,watch,user3,lie
49.034742784,0.008570269,-0.002700932,-0.003034294,-0.017913308,-0.008216895,0.013198419,watch,user3,lie
49.044740608,0.009840921,-0.002124734,-0.000643849,-0.022110760,-0.009688470,0.014064679,watch,user3,lie
49.054739712,0.008327708,-0.000202656,0.001258016,-0.018744525,-0.008642913,0.015571495,watch,user3,lie
49.064738560,0.009173706,0.000366040,-0.000177801,-0.018718649,-0.007234722,0.011651522,watch,user3,lie
49.074737664,0.006913692,0.002200276,0.002480507,-0.017676020,-0.003930005,0.008661058,watch,user3,lie
49.084736768,0.007214576,0.002711795,0.004073143,-0.014346447,-0.004145632,0.005696161,watch,user3,lie
49.094735616,0.006430894,0.002092801,0.005035222,-0.013515807,-0.000969546,0.006415215,watch,user3,lie
49.104734720,0.004972264,0.002914242,0.003733933,-0.009710860,0.003348059,0.007613637,watch,user3,lie
49.114733568,0.004126072,0.004744262,0.006228805,-0.007553167,0.005797635,0.007173150,watch,user3,lie
49.124732672,0.005327001,0.003943712,0.006167054,-0.002221519,0.010868027,0.004949145,watch,user3,lie
49.134731008,0.006002784,0.002413653,0.004849911,0.004868082,0.010751114,0.006753703,watch,user3,lie
49.144729856,0.009232625,0.001603410,0.003109455,0.007437234,0.011089070,0.009773727,watch,user3,lie
49.154728960,0.009492323,0.003663220,0.001832128,0.007333637,0.010436861,0.007463968,watch,user3,lie
49.164728064,0.006584331,0.002074875,0.001988947,0.012471141,0.010167349,0.006154492,watch,user3,lie
49.174727168,0.005785778,0.002716430,0.001297891,0.008153091,0.014176738,0.007321222,watch,user3,lie
49.184726016,0.005687281,0.000936247,0.000055432,0.009668963,0.011500262,0.008323370,watch,user3,lie
49.194724864,0.006060898,-0.000765100,-0.000387192,0.003501038,0.012505161,0.006972414,watch,user3,lie
49.204723968,0.006366730,-0.001347758,-0.000069857,0.005391438,0.009518514,0.005871863,watch,user3,lie
49.214723072,0.005745262,-0.000808649,0.004133224,0.008678578,0.017253667,0.000721310,watch,user3,lie
49.224721152,0.001951262,0.001764208,0.004056454,0.020261196,0.019301903,-0.001143569,watch,user3,lie
49.234720000,0.005031466,0.001202874,-0.000607789,0.020283567,0.019227069,0.005807282,watch,user3,lie
49.244719104,0.009650990,-0.000064515,0.006177962,0.008662244,0.016574470,0.015576955,watch,user3,lie
49.254717952,0.011392921,-0.000301793,0.006675184,-0.003442090,0.015236499,0.018549308,watch,user3,lie
49.264717056,0.006548703,-0.003441706,0.004340827,-0.008599523,0.017327791,0.020036485,watch,user3,lie
49.274715904,0.003431410,-0.009830453,0.003419161,-0.010354014,0.024091687,0.023181146,watch,user3,lie
49.284715008,0.004659340,-0.013910942,0.003268182,-0.013296052,0.022856601,0.033801097,watch,user3,lie
49.294714112,0.008114830,-0.014912367,0.005250275,-0.014165041,0.023829455,0.039098658,watch,user3,lie
49.304713216,0.009654805,-0.008614287,0.002148509,-0.012789120,0.022507727,0.037620142,watch,user3,lie
49.314711040,0.009606794,-0.005741440,0.001381457,-0.006562116,0.021760978,0.033085309,watch,user3,lie
49.324709888,0.010089442,-0.005733065,0.003112793,-0.004259148,0.025667302,0.041131184,watch,user3,lie
49.334708992,0.010807917,-0.007358514,0.006496727,-0.015986910,0.028877210,0.050437335,watch,user3,lie
49.344708096,0.008617610,-0.009871334,0.006556273,-0.027315242,0.028120961,0.053510420,watch,user3,lie
49.354707200,0.007401034,-0.011131123,0.003977537,-0.044425257,0.027904179,0.057562422,watch,user3,lie
49.364706048,0.005980343,-0.011213519,0.002958655,-0.053220920,0.024106601,0.060883984,watch,user3,lie
49.374704896,0.006376296,-0.011227995,-0.001904726,-0.058736593,0.020862073,0.063547939,watch,user3,lie
49.384704000,0.008365750,-0.008891635,0.000657320,-0.050892919,0.019540612,0.064225785,watch,user3,lie
49.394702080,0.008123860,-0.004020698,-0.002445340,-0.046094969,0.018321149,0.063502207,watch,user3,lie
49.404701184,0.005920187,0.002186924,-0.005877316,-0.037782617,0.018901808,0.058446992,watch,user3,lie
49.414700032,0.007505655,0.004659481,-0.005691707,-0.036663026,0.014491346,0.053289779,watch,user3,lie
49.424698880,0.007566378,0.004616395,-0.002918184,-0.038635809,0.012109239,0.050868567,watch,user3,lie
49.434697984,0.006712377,0.003244460,-0.002625167,-0.044425789,0.011703106,0.049237378,watch,user3,lie
49.444697088,0.005730763,0.003020287,-0.005385220,-0.059749838,0.006095998,0.047824506,watch,user3,lie
49.454695936,0.008764505,0.007954091,-0.004660547,-0.061280888,-0.000847662,0.041323997,watch,user3,lie
49.464695040,0.008663878,0.009682022,-0.002710223,-0.055976938,-0.003936663,0.030699184,watch,user3,lie
49.474694144,0.007705584,0.014589690,-0.002860963,-0.041829161,-0.003311619,0.024169112,watch,user3,lie
49.484691968,0.006542474,0.018256500,-0.004651845,-0.022223545,-0.002172230,0.017924998,watch,user3,lie
49.494691072,0.006815195,0.021199092,-0.007552803,-0.004006458,-0.001524016,0.012862594,watch,user3,lie
49.504690176,0.004169956,0.020664804,-0.004172742,0.003162727,-0.003937018,0.002746511,watch,user3,lie
49.514689024,0.004306152,0.017739512,-0.000056565,0.009616898,-0.003411576,-0.006775622,watch,user3,lie
49.524688128,-0.000537679,0.013767168,0.002438486,0.004369894,-0.006001944,-0.012870733,watch,user3,lie
49.534686976,-0.003572315,0.010458201,0.000773728,0.003992524,0.000816280,-0.018248986,watch,user3,lie
49.544686080,-0.002609923,0.010627635,0.002807319,0.004577620,-0.000267359,-0.020590171,watch,user3,lie
49.554684928,0.002399713,0.011680678,0.005242825,0.014356481,-0.000292393,-0.023590488,watch,user3,lie
49.564684032,0.007048622,0.011606783,0.000899553,0.028263330,-0.000893113,-0.025908504,watch,user3,lie
49.574683136,0.012082651,0.011028364,-0.001503050,0.047762461,0.002759678,-0.028032109,watch,user3,lie
49.584681216,0.011959001,0.008741714,0.000165403,0.053391896,0.001135061,-0.026626425,watch,user3,lie
49.594680064,0.014019549,0.006332621,-0.000798583,0.053746898,0.001870360,-0.026806988,watch,user3,lie
49.604678912,0.013229564,-0.000410445,0.001176715,0.042766597,0.000446013,-0.026431881,watch,user3,lie
49.614678016,0.011390790,-0.007549845,0.003343701,0.030661462,-0.001184641,-0.022267494,watch,user3,lie
49.624677120,0.009097114,-0.010498144,0.002445996,0.012665684,-0.001172390,-0.017842919,watch,user3,lie
49.634676224,0.006577760,-0.011698186,0.002494633,0.003912141,-0.002295445,-0.014533410,watch,user3,lie
49.644675072,0.003820077,-0.011152603,0.001409411,0.001223103,-0.001020235,-0.008147616,watch,user3,lie
49.654673920,0.003018409,-0.010677479,-0.000268996,0.000119489,0.000692976,-0.003368041,watch,user3,lie
49.664672000,0.004371077,-0.009278491,0.000427067,0.003674809,0.003685038,0.001838306,watch,user3,lie
49.674671104,0.003941864,-0.008643791,0.002197444,0.001560792,0.005982547,0.006343576,watch,user3,lie
49.684670208,0.008118346,-0.010928325,0.004407942,-0.008140350,0.007830869,0.015361904,watch,user3,lie
49.694669056,0.009580627,-0.013481230,0.005886376,-0.025561951,0.004782083,0.025894441,watch,user3,lie
49.704667904,0.008884937,-0.013317585,0.006966114,-0.034229163,0.001475413,0.025744971,watch,user3,lie
49.714667008,0.009902984,-0.013522834,0.005627334,-0.040088117,0.006191872,0.030163422,watch,user3,lie
49.724666112,0.009500340,-0.010321207,0.004549026,-0.036714025,0.008518143,0.034606174,watch,user3,lie
49.734664960,0.006565198,-0.006757200,0.003913045,-0.034728907,0.012874542,0.040791895,watch,user3,lie
49.744664064,0.005147904,-0.006985456,0.005224466,-0.036751043,0.016088178,0.043670774,watch,user3,lie
49.754661888,0.006977648,-0.007973835,0.005749166,-0.045826297,0.021274418,0.050064757,watch,user3,lie
49.764660992,0.003753826,-0.011101626,0.010186195,-0.050891586,0.022213627,0.054764770,watch,user3,lie
49.774660096,0.006896764,-0.013176583,0.009217560,-0.056021098,0.022808842,0.061829872,watch,user3,lie
49.784658944,0.006448224,-0.010108076,0.006366849,-0.055754028,0.022732232,0.066686079,watch,user3,lie
49.794658048,0.008146018,-0.006996185,0.006329238,-0.051747039,0.025129078,0.069121800,watch,user3,lie
49.804657152,0.008698821,-0.005784608,0.005166054,-0.045046791,0.025299519,0.065875813,watch,user3,lie
49.814656256,0.005888164,-0.003283955,-0.000644386,-0.039582785,0.028124334,0.065227069,watch,user3,lie
49.824654848,0.007291898,0.000277273,0.000158727,-0.035118837,0.023963235,0.060746897,watch,user3,lie
49.834653952,0.007141441,0.000718817,-0.001317203,-0.036946565,0.025137156,0.056785177,watch,user3,lie
49.844652032,0.006885037,0.003732368,-0.001648247,-0.034438223,0.025301650,0.054069154,watch,user3,lie
49.854651136,0.007851556,0.005083784,-0.000620365,-0.034112517,0.026029225,0.052202277,watch,user3,lie
49.864650240,0.010628268,0.009252280,-0.002556026,-0.030079914,0.016448680,0.052016590,watch,user3,lie
49.874648832,0.010871559,0.012564085,-0.004858851,-0.031707637,0.013938120,0.047946215,watch,user3,lie
49.884647936,0.010616943,0.014927827,-0.005245984,-0.036030348,0.013337044,0.040292751,watch,user3,lie
49.894647040,0.008289456,0.014182590,-0.003748298,-0.033291288,0.008046142,0.032599412,watch,user3,lie
49.904646144,0.003790215,0.012022428,-0.006105244,-0.025890008,-0.000614636,0.027863516,watch,user3,lie
49.914644992,0.004699931,0.012113802,-0.009241641,-0.017064026,-0.003597376,0.021653024,watch,user3,lie
49.924644096,0.006031692,0.013994746,-0.011050999,-0.012885924,-0.004790206,0.008871914,watch,user3,lie
49.934641920,0.000942692,0.015277408,-0.009281158,-0.013347451,-0.007594781,-0.002834543,watch,user3,lie
49.944641024,0.002234772,0.016213231,-0.005687535,-0.013895752,-0.012656208,-0.010694530,watch,user3,lie
49.954640128,0.004272118,0.018066131,-0.004816413,-0.007956370,-0.014703913,-0.016768401,watch,user3,lie
49.964638976,0.005680487,0.017513208,-0.003471255,0.000658024,-0.018726883,-0.023837563,watch,user3,lie
49.974638080,0.007412344,0.016894720,-0.003582239,0.013292593,-0.019828899,-0.024270060,watch,user3,lie
49.984637184,0.007249802,0.014957145,-0.001952291,0.026671650,-0.015495137,-0.026237404,watch,user3,lie
49.994636032,0.006831706,0.010693543,0.000026643,0.034080565,-0.015527095,-0.032988783,watch,user3,lie
50.004634880,0.005581781,0.008291088,0.001264453,0.036861256,-0.015634332,-0.036186174,watch,user3,lie
50.014633984,0.003547356,0.007948384,0.000014484,0.037017051,-0.016564041,-0.042332482,watch,user3,lie
50.024632064,0.006447241,0.005514741,0.003233790,0.036911856,-0.017023969,-0.046105117,watch,user3,lie
50.034631168,0.007044464,0.006313704,0.004717648,0.042376131,-0.015551241,-0.046826836,watch,user3,lie
50.044630016,0.006463200,0.006018512,0.005058110,0.051434342,-0.009636359,-0.046211645,watch,user3,lie
50.054628864,0.005396992,0.005889535,0.001967549,0.056640554,-0.005237084,-0.047178373,watch,user3,lie
50.064627968,0.009549275,0.002574667,0.002728939,0.058901403,-0.006148063,-0.046005383,watch,user3,lie
50.074627072,0.009631336,-0.000040621,0.005477726,0.051617391,-0.005495322,-0.042147264,watch,user3,lie
50.084626176,0.009753570,-0.004919976,0.006370902,0.043558396,-0.003815134,-0.035881378,watch,user3,lie
50.094625024,0.009286344,-0.006294325,0.005667567,0.032498557,-0.001897125,-0.031779841,watch,user3,lie
50.104624128,0.007685065,-0.008082964,0.006032109,0.027764034,-0.000564301,-0.024167396,watch,user3,lie
50.114621952,0.008495927,-0.011493370,0.004860222,0.026765615,0.004287445,-0.017873548,watch,user3,lie
50.124621056,0.008325621,-0.011912107,0.005495667,0.023993840,0.006404569,-0.007837890,watch,user3,lie
50.134620160,0.008934632,-0.013002075,0.006772518,0.018627837,0.008377439,-0.003856198,watch,user3,lie
50.144619008,0.010199115,-0.013501763,0.006627083,0.012318187,0.009374171,0.007080473,watch,user3,lie
50.154618112,0.010330185,-0.015901022,0.003713787,0.008650748,0.009652472,0.009571593,watch,user3,lie
50.164617216,0.012002647,-0.014652453,0.000015974,0.002547404,0.009784121,0.015265564,watch,user3,lie
50.174616064,0.011290044,-0.013014458,0.000855863,-0.005356326,0.004939831,0.017886648,watch,user3,lie
50.184614912,0.008531004,-0.011836246,0.001299620,-0.013684208,0.002891149,0.014901243,watch,user3,lie
50.194614016,0.007396683,-0.008863464,0.000322700,-0.024120605,0.001333733,0.016862929,watch,user3,lie
50.204612096,0.006512105,-0.006217942,-0.001218557,-0.036863208,-0.001627880,0.018663758,watch,user3,lie
50.214611200,0.004271552,-0.002520122,-0.003701091,-0.036535908,-0.001921094,0.021157010,watch,user3,lie
50.224610048,0.005991548,-0.000550695,-0.004907966,-0.039452333,-0.006610388,0.017852293,watch,user3,lie
50.234608896,0.007152632,0.003497951,-0.006168723,-0.033672743,-0.009469026,0.017232308,watch,user3,lie
50.244608000,0.008935422,0.007577717,-0.007507503,-0.027764829,-0.016617393,0.015280278,watch,user3,lie
50.254607104,0.009056389,0.008732222,-0.003474236,-0.016621897,-0.016291689,0.006358689,watch,user3,lie
50.264606208,0.007337794,0.010468267,-0.001550138,-0.012688319,-0.012683016,0.000126626,watch,user3,lie
50.274605056,0.005977005,0.013732493,-0.002626717,-0.010042202,-0.012733883,-0.004322717,watch,user3,lie
50.284604160,0.004259855,0.013361432,0.000345707,-0.003355093,-0.012421051,-0.012149614,watch,user3,lie
50.294601984,0.004964307,0.011504240,0.001358151,0.001851120,-0.010496384,-0.015112648,watch,user3,lie
50.304601088,0.007137790,0.012297466,0.005115509,0.010827261,-0.007538322,-0.019618781,watch,user3,lie
50.314600192,0.006430849,0.014657080,0.003996551,0.029569788,-0.005497808,-0.024364535,watch,user3,lie
50.324599040,0.006338879,0.014472231,0.002113044,0.038847089,-0.005342900,-0.028731853,watch,user3,lie
50.334598144,0.007688031,0.011161104,0.002192616,0.043991517,-0.001969740,-0.033136189,watch,user3,lie
50.344596992,0.005329520,0.009007782,0.004399359,0.043550674,-0.002168502,-0.037383132,watch,user3,lie
50.354596096,0.002868518,0.006683245,0.002772987,0.040119193,-0.001289925,-0.038065434,watch,user3,lie
50.364594944,0.002954334,0.007282190,0.000917554,0.037294202,-0.000889562,-0.041352175,watch,user3,lie
50.374593024,0.004192278,0.006022379,0.000722051,0.037887819,-0.002789994,-0.046024159,watch,user3,lie
50.384592128,0.007415205,0.005687639,0.001383126,0.039492995,-0.001226896,-0.051113859,watch,user3,lie
50.394590976,0.009452060,0.004849561,-0.000075340,0.045863807,-0.002561140,-0.048905566,watch,user3,lie
50.404590080,0.012809098,0.004510053,-0.001108170,0.052948523,-0.007341603,-0.047301810,watch,user3,lie
50.414588928,0.015028268,0.004700981,-0.005153656,0.055314742,-0.014481006,-0.047715932,watch,user3,lie
50.424588032,0.014875486,0.004039064,-0.008066058,0.056105837,-0.018171348,-0.047152605,watch,user3,lie
50.434587136,0.013644442,0.000309438,-0.009938002,0.054319657,-0.023744013,-0.049490061,watch,user3,lie
50.444586240,0.012773156,0.000938199,-0.008206248,0.044400845,-0.026179474,-0.050681628,watch,user3,lie
50.454585088,0.008460805,-0.000884339,-0.004327476,0.035931457,-0.032062929,-0.051453680,watch,user3,lie
50.464583168,0.004869491,-0.000718430,-0.002962947,0.026066400,-0.028418304,-0.049023274,watch,user3,lie
50.474582016,0.004877985,0.000146225,-0.002079129,0.023170479,-0.030494770,-0.049493857,watch,user3,lie
50.484581120,0.004169166,0.000545874,-0.000633121,0.021486606,-0.031046934,-0.051328443,watch,user3,lie
50.494580224,0.003930986,0.002675012,0.003072798,0.029182609,-0.032885049,-0.056060348,watch,user3,lie
50.504579072,0.005510509,0.002964884,0.002484500,0.039930064,-0.030218422,-0.054224230,watch,user3,lie
50.514577920,0.007031068,0.003160849,-0.001323819,0.046970394,-0.027596541,-0.054018103,watch,user3,lie
50.524577024,0.008502543,0.004680887,-0.000534952,0.051822145,-0.028389897,-0.057420954,watch,user3,lie
50.534576128,0.008636609,0.007938959,0.003180981,0.052366495,-0.031137746,-0.061516631,watch,user3,lie
50.544574976,0.009607777,0.007625364,0.002489805,0.052315891,-0.029165145,-0.061835542,watch,user3,lie
50.554573056,0.009882823,0.009990476,-0.000337362,0.057747677,-0.030035466,-0.063891776,watch,user3,lie
50.564571904,0.007924110,0.011738755,0.001281619,0.062524721,-0.029079124,-0.069307908,watch,user3,lie
50.574571008,0.007506460,0.011887409,0.003961325,0.071611159,-0.027724907,-0.075371660,watch,user3,lie
50.584570112,0.005584359,0.011595614,0.001285553,0.079828076,-0.022148777,-0.082617320,watch,user3,lie
50.594569216,0.003004834,0.010148197,-0.001250505,0.079448842,-0.025211412,-0.085115105,watch,user3,lie
50.604568064,0.006302714,0.008368537,0.000480950,0.079231128,-0.026654050,-0.082329236,watch,user3,lie
50.614567168,0.008193716,0.006781772,0.000512898,0.071051762,-0.028164063,-0.085279748,watch,user3,lie
50.624566016,0.006561160,0.005381905,0.001577556,0.070534222,-0.026830703,-0.087796703,watch,user3,lie
50.634565120,0.008944467,0.005392000,-0.000439942,0.075720727,-0.027543366,-0.091714747,watch,user3,lie
50.644563200,0.009119824,0.006932460,0.000913322,0.078239456,-0.029157864,-0.089601800,watch,user3,lie
50.654562048,0.008226454,0.003752030,0.000533223,0.093539581,-0.028230285,-0.089385018,watch,user3,lie
50.664561152,0.009054869,0.002337031,0.000988483,0.099478476,-0.027070832,-0.089996144,watch,user3,lie
50.674560256,0.008752793,0.000739813,-0.000979781,0.103441261,-0.029108949,-0.089045398,watch,user3,lie
50.684559104,0.008749127,0.001257308,0.000579894,0.109889664,-0.024743939,-0.084315754,watch,user3,lie
50.694557952,0.008732975,-0.000384957,0.001993716,0.111546680,-0.024576427,-0.079724997,watch,user3,lie
50.704557056,0.008431792,-0.002916969,0.001132071,0.104085296,-0.025730109,-0.073904656,watch,user3,lie
50.714556160,0.010254845,-0.003615618,0.004841268,0.099640749,-0.025577510,-0.070052393,watch,user3,lie
50.724555008,0.010693967,-0.002738334,0.005523503,0.099641465,-0.026958715,-0.067133568,watch,user3,lie
50.734553088,0.010748908,-0.007138789,0.004807234,0.106800839,-0.021869680,-0.066314913,watch,user3,lie
50.744551936,0.008912653,-0.006914511,0.003419816,0.106199585,-0.017941162,-0.058674973,watch,user3,lie
50.754551040,0.004607931,-0.004250698,0.001743674,0.106950864,-0.017686563,-0.057560172,watch,user3,lie
50.764550144,0.005059972,-0.007169604,0.002091825,0.106041797,-0.020366769,-0.057036795,watch,user3,lie
50.774549248,0.007620901,-0.006170169,0.000741124,0.109520420,-0.022456285,-0.054943550,watch,user3,lie
50.784548096,0.007324323,-0.003522620,0.002935052,0.124449126,-0.018127229,-0.055780318,watch,user3,lie
50.794546944,0.008251682,-0.002902985,0.003051639,0.132063359,-0.015490699,-0.052506760,watch,user3,lie
50.804546048,0.010570273,-0.000782151,0.002519011,0.122537807,-0.011252632,-0.043609601,watch,user3,lie
50.814545152,0.007120267,-0.001446579,0.004882157,0.103804871,-0.012591403,-0.041355237,watch,user3,lie
50.824543232,0.006696135,-0.003350988,0.008556724,0.082102902,-0.012109105,-0.037039652,watch,user3,lie
50.834542080,0.007714167,-0.007971823,0.012082577,0.051122352,-0.008340200,-0.030281879,watch,user3,lie
50.844541184,0.008213460,-0.013351418,0.010410070,0.027378008,-0.007182523,-0.022638541,watch,user3,lie
50.854540032,0.009097114,-0.012190841,0.010010779,0.004178146,-0.004464767,-0.017807566,watch,user3,lie
50.864539136,0.007370025,-0.012070976,0.010487437,-0.003030543,-0.006081483,-0.015715986,watch,user3,lie
50.874537984,0.006771475,-0.011224363,0.006785810,0.002208960,-0.000388977,-0.011848810,watch,user3,lie
50.884537088,0.007570475,-0.007670503,0.002182662,0.014454087,0.002032014,-0.011186882,watch,user3,lie
50.894536192,0.008652821,-0.004979599,0.001284301,0.025364259,0.000515876,-0.009929869,watch,user3,lie
50.904535296,0.011381298,-0.002675179,0.002633631,0.028832093,0.006798007,-0.005925874,watch,user3,lie
50.914533120,0.010638669,-0.002226487,0.001585364,0.030582855,0.008729065,0.000405792,watch,user3,lie
50.924531968,0.009797737,-0.004576597,0.001618028,0.016548397,0.005947127,0.003818566,watch,user3,lie
50.934531072,0.011962920,-0.007740114,0.001817882,0.004058171,0.004052022,0.008282823,watch,user3,lie
50.944530176,0.007468328,-0.008276116,0.000999629,0.000474133,0.001137103,0.009940442,watch,user3,lie
50.954529280,0.007514656,-0.008251283,-0.000175655,-0.006298818,0.000586361,0.012596145,watch,user3,lie
50.964527872,0.009249866,-0.004409485,-0.001770914,-0.009011337,-0.005393057,0.012041675,watch,user3,lie
50.974526976,0.008154139,-0.001790989,-0.001972616,-0.009737047,-0.005649253,0.008238681,watch,user3,lie
50.984526080,0.007858038,0.003478169,-0.004229605,-0.002470746,-0.003504343,0.006517147,watch,user3,lie
50.994525184,0.007126495,0.005817149,-0.004269361,0.001238771,-0.002734956,0.004181555,watch,user3,lie
51.004523264,0.004113421,0.006581202,-0.001022160,0.005018196,-0.003185829,-0.000113791,watch,user3,lie
51.014522112,0.004469693,0.006504793,-0.002614260,0.005337509,-0.005592261,0.000041205,watch,user3,lie
51.024520960,0.004579440,0.005988486,0.000322521,0.005161430,-0.004326372,-0.003440812,watch,user3,lie
51.034520064,0.005626932,0.005902361,-0.000420630,0.012520809,-0.009034308,-0.009432125,watch,user3,lie
51.044519168,0.005469039,0.007442471,0.000239491,0.017118890,-0.008125105,-0.009267742,watch,user3,lie
51.054518016,0.006759331,0.010529727,0.000618517,0.029079413,-0.004552208,-0.009781465,watch,user3,lie
51.064517120,0.005548686,0.010831267,0.000484705,0.042331301,0.002166947,-0.007892884,watch,user3,lie
51.074516224,0.004708484,0.007865213,0.001917005,0.044392321,0.001904360,-0.010319024,watch,user3,lie
51.084515072,0.005582303,0.005439803,0.007316411,0.042565484,0.000157681,-0.012144754,watch,user3,lie
51.094513152,0.007354587,0.001580819,0.005948186,0.039257038,-0.003717219,-0.016070521,watch,user3,lie
51.104512000,0.007158652,0.001012303,0.002285898,0.037445512,-0.001895527,-0.016811611,watch,user3,lie
51.114511104,0.007584706,0.002304062,0.001627386,0.043870389,-0.004656959,-0.018227881,watch,user3,lie
51.124510208,0.008520842,0.005142089,-0.003773868,0.054972794,-0.004782305,-0.021337586,watch,user3,lie
51.134508032,0.008661345,0.008313149,-0.007203639,0.067502700,-0.006404437,-0.025819154,watch,user3,lie
51.144507136,0.010225028,0.011557188,-0.006923795,0.091398135,-0.010326385,-0.030846203,watch,user3,lie
51.154505984,0.007006854,0.010171015,-0.005816638,0.107088678,-0.011178596,-0.033151701,watch,user3,lie
51.164505088,0.006821439,0.009422038,-0.008891046,0.113560118,-0.017642800,-0.037128132,watch,user3,lie
51.174503936,0.007286251,0.012423474,-0.010267675,0.123559490,-0.023519330,-0.038852531,watch,user3,lie
51.184502016,0.009525895,0.011779793,-0.011030376,0.129529536,-0.027501909,-0.047410931,watch,user3,lie
51.194501120,0.008667931,0.013271697,-0.010062397,0.140795499,-0.031434603,-0.054660589,watch,user3,lie
51.204499968,0.006853253,0.017646976,-0.010013819,0.157747373,-0.036262199,-0.060346104,watch,user3,lie
51.214499072,0.007945403,0.020833112,-0.007937312,0.169080988,-0.036743965,-0.067752361,watch,user3,lie
51.224498176,0.008169681,0.022195734,-0.004523873,0.177655876,-0.040477540,-0.076503173,watch,user3,lie
51.234497024,0.008700028,0.021665562,-0.004759431,0.175847590,-0.037372559,-0.081117362,watch,user3,lie
51.244495872,0.006850719,0.017882392,0.000600219,0.172734678,-0.040114377,-0.087277986,watch,user3,lie
51.254494976,0.004975915,0.013113488,0.003759801,0.166815802,-0.038439248,-0.088638864,watch,user3,lie
51.264494080,0.004796937,0.012792371,0.003145456,0.166250765,-0.037991215,-0.089704663,watch,user3,lie
51.274492160,0.006085560,0.012147721,0.002999127,0.162336186,-0.039685782,-0.091573402,watch,user3,lie
51.284491008,0.005240902,0.012793774,0.003485441,0.162235215,-0.040736843,-0.097290747,watch,user3,lie
51.294489856,0.002917930,0.010293651,0.003079712,0.166184142,-0.040964011,-0.104197919,watch,user3,lie
51.304488960,-0.001490086,0.010791428,-0.000125289,0.172276109,-0.035767384,-0.108460702,watch,user3,lie
51.314488064,-0.001732588,0.007915109,0.003650963,0.166491196,-0.031659193,-0.112511106,watch,user3,lie
51.324487168,0.001191735,0.003934883,0.007928133,0.165800408,-0.036949117,-0.120811045,watch,user3,lie
51.334486016,0.001768559,-0.001128042,0.004854202,0.171636999,-0.048660900,-0.125712588,watch,user3,lie
51.344484864,0.006167889,0.001191692,-0.003254771,0.196938410,-0.059116296,-0.128183931,watch,user3,lie
51.354483968,0.006223843,0.006947886,-0.018008471,0.259412169,-0.071898937,-0.124321289,watch,user3,lie
51.364482048,0.015335292,0.021109771,-0.037903190,0.352982402,-0.085704587,-0.127091840,watch,user3,lie
51.374481152,0.027136430,0.033708401,-0.050000548,0.461912602,-0.092970222,-0.130924389,watch,user3,lie
51.384480000,0.038259298,0.043118108,-0.060177982,0.573521614,-0.106141865,-0.141197741,watch,user3,lie
51.394478848,0.041767970,0.045352835,-0.064271271,0.643846393,-0.131897286,-0.156213179,watch,user3,lie
51.404477952,0.035880387,0.047125414,-0.076534152,0.686577797,-0.171301335,-0.188735232,watch,user3,lie
51.414477056,0.031196803,0.059484977,-0.089163244,0.740326524,-0.225164026,-0.226965979,watch,user3,lie
51.424475904,0.033510238,0.069254451,-0.096260786,0.827235579,-0.293475449,-0.270533949,watch,user3,lie
51.434475008,0.032877088,0.076395646,-0.102696538,0.908731759,-0.351080149,-0.296074480,watch,user3,lie
51.444474112,0.023242325,0.085477501,-0.098618150,0.934248090,-0.384612024,-0.312775433,watch,user3,lie
51.454471936,0.009818077,0.094396755,-0.070065856,0.878916085,-0.406383902,-0.329998344,watch,user3,lie
51.464471040,-0.009737790,0.093885504,-0.037940204,0.761462688,-0.425141603,-0.349058062,watch,user3,lie
51.474470144,-0.026250303,0.084092885,-0.007138133,0.604809165,-0.431985140,-0.354220062,watch,user3,lie
51.484468992,-0.027848363,0.071594343,0.014716148,0.444476515,-0.429774702,-0.342189759,watch,user3,lie
51.494468096,0.002431452,0.062584206,0.016513050,0.322874993,-0.458859086,-0.308244854,watch,user3,lie
51.504467200,0.063237429,0.051528901,0.004413486,0.252720773,-0.529705465,-0.270088822,watch,user3,lie
51.514466048,0.122221172,0.044030905,0.010276973,0.237741545,-0.585845172,-0.246412784,watch,user3,lie
51.524464896,0.134722620,0.040390640,0.020820320,0.287934065,-0.579859257,-0.264858365,watch,user3,lie
51.534464000,0.089217693,0.038382992,0.004122376,0.395367295,-0.528558791,-0.299859762,watch,user3,lie
51.544462080,0.038495898,0.034348890,-0.018160284,0.533099174,-0.464462012,-0.312466651,watch,user3,lie
51.554461184,0.029536605,0.022727847,-0.031505525,0.660728753,-0.424116999,-0.300856054,watch,user3,lie
51.564460032,0.055313766,0.015345484,-0.030881286,0.722591996,-0.423541218,-0.302619934,watch,user3,lie
51.574458880,0.081873626,0.014112115,-0.019571304,0.724459648,-0.457323134,-0.347088069,watch,user3,lie
51.584457984,0.083234280,0.009132475,-0.009360254,0.692608356,-0.510920763,-0.424484044,watch,user3,lie
51.594457088,0.067596346,-0.008282557,0.004063129,0.636034548,-0.542705595,-0.475930452,watch,user3,lie
51.604456192,0.045568496,-0.026379183,0.033843696,0.557455480,-0.546639085,-0.500778735,watch,user3,lie
51.614455040,0.010697484,-0.040512249,0.055520892,0.464556664,-0.532656968,-0.504690647,watch,user3,lie
51.624454144,-0.027449042,-0.056967020,0.059910655,0.365065366,-0.504374206,-0.492774159,watch,user3,lie
51.634451968,-0.056262046,-0.061545402,0.051686049,0.289153278,-0.474286884,-0.471055269,watch,user3,lie
51.644451072,-0.069285989,-0.050052002,0.041557848,0.253472507,-0.442981929,-0.446013689,watch,user3,lie
51.654450176,-0.068954796,-0.030846506,0.036944449,0.277394623,-0.415320188,-0.426850140,watch,user3,lie
51.664449024,-0.061738908,-0.008667767,0.022032201,0.347756505,-0.388426453,-0.424762219,watch,user3,lie
51.674448128,-0.052922010,0.019274488,0.015897572,0.423857123,-0.363036662,-0.437285721,watch,user3,lie
51.684446976,-0.043191403,0.038509548,0.032196760,0.493928611,-0.331837475,-0.460742056,watch,user3,lie
51.694446080,-0.045093060,0.043167099,0.052544415,0.536433220,-0.280089051,-0.470707595,watch,user3,lie
51.704444928,-0.051760018,0.040688425,0.072831929,0.545409441,-0.222825781,-0.477421165,watch,user3,lie
51.714443008,-0.057832986,0.040195614,0.081350684,0.525498271,-0.176786125,-0.487950236,watch,user3,lie
51.724442112,-0.050044447,0.052469775,0.081934392,0.483682364,-0.145360813,-0.491798222,watch,user3,lie
51.734440960,-0.020568162,0.067956716,0.073406160,0.440326631,-0.109565534,-0.482825518,watch,user3,lie
51.744440064,0.030234307,0.075923607,0.085641384,0.400189608,-0.080816977,-0.482367456,watch,user3,lie
51.754438912,0.061975420,0.073216587,0.097583115,0.359074920,-0.047001485,-0.500197351,watch,user3,lie
51.764438016,0.051215500,0.066257849,0.090442359,0.315624475,-0.004008657,-0.547771752,watch,user3,lie
51.774437120,0.019967258,0.060102090,0.075656176,0.294568360,0.050493732,-0.596831262,watch,user3,lie
51.784436224,-0.004255205,0.056953222,0.068669021,0.304660529,0.100163288,-0.629595101,watch,user3,lie
51.794435072,-0.012561709,0.053639486,0.059417009,0.349852771,0.130755812,-0.648000717,watch,user3,lie
51.804433920,-0.016916662,0.057121158,0.038694084,0.401117027,0.141162381,-0.659698308,watch,user3,lie
51.814432000,-0.012942761,0.068804502,0.021113694,0.455138713,0.146098822,-0.678203285,watch,user3,lie
51.824431104,-0.008676589,0.075651526,0.025218606,0.508943319,0.171324641,-0.687152863,watch,user3,lie
51.834430208,-0.012868643,0.067663103,0.019189179,0.550623119,0.197540522,-0.682380199,watch,user3,lie
51.844429056,-0.015339196,0.054577202,0.011182666,0.563652337,0.205179274,-0.657884181,watch,user3,lie
51.854427904,-0.004785925,0.032340407,0.010214686,0.527901828,0.205602452,-0.627715647,watch,user3,lie
51.864427008,0.005488008,0.009679854,0.011101365,0.462913722,0.195037514,-0.601473987,watch,user3,lie
51.874426112,0.010423034,-0.008101881,0.009681523,0.398874819,0.188215822,-0.575643182,watch,user3,lie
51.884424960,0.015467554,-0.023381650,0.007351458,0.365032345,0.186529160,-0.558181822,watch,user3,lie
51.894424064,0.016718298,-0.032548934,-0.004312098,0.378924698,0.190812588,-0.552751601,watch,user3,lie
51.904421888,0.017043144,-0.031479865,-0.025411665,0.419034630,0.189644963,-0.532433987,watch,user3,lie
51.914420992,0.029558539,-0.023353785,-0.034527957,0.475886732,0.189023912,-0.506473243,watch,user3,lie
51.924420096,0.045615435,-0.015567899,-0.033539116,0.528425813,0.183526441,-0.499852568,watch,user3,lie
51.934418944,0.050814748,-0.019307107,-0.025272012,0.541744769,0.180037707,-0.489664644,watch,user3,lie
51.944418048,0.039843172,-0.028912276,-0.017958999,0.496672004,0.174278602,-0.481230199,watch,user3,lie
51.954417152,0.023324728,-0.042245001,-0.002725244,0.399318010,0.168235093,-0.460746229,watch,user3,lie
51.964416256,0.012826383,-0.051317900,0.017931104,0.277969390,0.170066729,-0.436979920,watch,user3,lie
51.974414848,0.007999361,-0.058731169,0.032392204,0.145105615,0.178501502,-0.409583718,watch,user3,lie
51.984412928,0.009311736,-0.061584204,0.041924179,0.032247465,0.181445971,-0.382806242,watch,user3,lie
51.994412032,0.017162234,-0.062274694,0.043439686,-0.041148454,0.185061485,-0.373524845,watch,user3,lie
52.004411136,0.020335197,-0.062868059,0.040971458,-0.095968567,0.182192728,-0.343650311,watch,user3,lie
52.014410240,0.017516404,-0.060819238,0.041366041,-0.160762727,0.201603442,-0.290337831,watch,user3,lie
52.024408832,0.006336629,-0.057096720,0.042887092,-0.203938425,0.234439433,-0.258343816,watch,user3,lie
52.034407936,-0.007891327,-0.058879405,0.045309901,-0.251380533,0.257236600,-0.242267117,watch,user3,lie
52.044407040,-0.017149597,-0.061805695,0.048873007,-0.277003169,0.277489603,-0.214223221,watch,user3,lie
52.054406144,-0.015284926,-0.066063643,0.050599754,-0.256290168,0.298093408,-0.173338637,watch,user3,lie
52.064404992,-0.010188699,-0.072636425,0.050312817,-0.209194794,0.321159035,-0.124744602,watch,user3,lie
52.074402816,-0.003080547,-0.073829293,0.043694735,-0.143436566,0.350111872,-0.080957972,watch,user3,lie
52.084401920,-0.000364423,-0.067119181,0.039963603,-0.077381603,0.379940510,-0.052488182,watch,user3,lie
52.094401024,0.006903619,-0.058062285,0.041889012,-0.021313809,0.404993415,-0.032589044,watch,user3,lie
52.104400128,0.008714855,-0.053786159,0.044782043,0.002619931,0.426000863,-0.006140125,watch,user3,lie
52.114398976,0.010461599,-0.056593359,0.052455604,-0.008797573,0.451873749,0.026877746,watch,user3,lie
52.124398080,0.006540537,-0.062553018,0.055332541,-0.047152419,0.474364936,0.059528366,watch,user3,lie
52.134397440,0.003501683,-0.069660008,0.051820278,-0.093809135,0.491159350,0.087500080,watch,user3,lie
52.144396288,0.004108861,-0.068867892,0.049239397,-0.120648302,0.498228639,0.114976183,watch,user3,lie
52.154395136,0.011157766,-0.065080076,0.042644382,-0.117491119,0.500962913,0.134691566,watch,user3,lie
52.164394240,0.014133155,-0.061333150,0.030336320,-0.111235090,0.495984375,0.154919475,watch,user3,lie
52.174392320,0.014478177,-0.061937064,0.016472816,-0.117780872,0.499091744,0.189832449,watch,user3,lie
52.184391424,0.012607977,-0.062615842,0.017816842,-0.151049092,0.503117442,0.224633172,watch,user3,lie
52.194390272,0.006726339,-0.066580296,0.015966058,-0.207531810,0.507388592,0.252578795,watch,user3,lie
52.204389120,0.002967849,-0.069840312,0.010509253,-0.264541805,0.500508070,0.277464420,watch,user3,lie
52.214388224,0.003340840,-0.070589721,0.005972028,-0.319486558,0.486475319,0.297522306,watch,user3,lie
52.224387328,0.010428399,-0.074245900,-0.008816600,-0.366501540,0.451643646,0.327918231,watch,user3,lie
52.234386432,0.024674043,-0.072737902,-0.029918909,-0.406483829,0.407177389,0.380058378,watch,user3,lie
52.244385280,0.043904945,-0.071945488,-0.038668692,-0.436582029,0.374935478,0.443253934,watch,user3,lie
52.254384384,0.050526336,-0.067527384,-0.044026434,-0.465428054,0.351242661,0.479495019,watch,user3,lie
52.264382208,0.045656860,-0.058229744,-0.053285182,-0.491995901,0.320710033,0.499904126,watch,user3,lie
52.274381312,0.041848466,-0.048396140,-0.060707748,-0.506132185,0.295666754,0.511581242,watch,user3,lie
52.284380416,0.040567920,-0.046024412,-0.061891794,-0.518359601,0.277197719,0.533836365,watch,user3,lie
52.294379264,0.041956216,-0.048155338,-0.056894600,-0.552960992,0.243920177,0.559747636,watch,user3,lie
52.304378368,0.040605232,-0.046929598,-0.049580991,-0.595918298,0.218393609,0.584874868,watch,user3,lie
52.314377216,0.035594925,-0.042511642,-0.039720476,-0.643688262,0.196035579,0.596448123,watch,user3,lie
52.324376320,0.031689301,-0.038706660,-0.029255748,-0.694141090,0.174990833,0.600097656,watch,user3,lie
52.334375168,0.028423056,-0.041057765,-0.023015976,-0.753235042,0.146067843,0.609123409,watch,user3,lie
52.344374272,0.027221724,-0.043292433,-0.018072069,-0.806209207,0.123465948,0.626501620,watch,user3,lie
52.354372352,0.025570139,-0.043973789,-0.009612858,-0.856754959,0.106620125,0.644509912,watch,user3,lie
52.364371200,0.020546392,-0.039659038,-0.003277957,-0.900670350,0.098193966,0.642385364,watch,user3,lie
52.374370304,0.015655190,-0.036340743,0.003247976,-0.920969248,0.092351519,0.623374641,watch,user3,lie
52.384369152,0.012107432,-0.029421598,0.001268923,-0.922438562,0.085334808,0.614556372,watch,user3,lie
52.394368256,0.013938725,-0.022243187,-0.000001132,-0.904222548,0.065867364,0.618933499,watch,user3,lie
52.404367360,0.016327396,-0.017336056,0.009613991,-0.850029945,0.056395032,0.618876994,watch,user3,lie
52.414366464,0.013911918,-0.010261655,0.008217990,-0.781960845,0.056269065,0.607402980,watch,user3,lie
52.424365312,0.009097457,0.000092536,0.008971751,-0.731081486,0.068693332,0.594695807,watch,user3,lie
52.434363136,0.005549714,0.007847294,0.014270127,-0.698508084,0.076758452,0.586868525,watch,user3,lie
52.444362240,0.005506411,0.006535858,0.020380735,-0.690432668,0.081869498,0.578958631,watch,user3,lie
52.454361344,0.004820779,0.004741520,0.023409486,-0.695129693,0.095014066,0.570184052,watch,user3,lie
52.464360448,0.003678977,0.003018707,0.027295828,-0.697593212,0.104291186,0.578172028,watch,user3,lie
52.474359296,0.007561266,0.002488315,0.026403606,-0.673343301,0.114173114,0.608367741,watch,user3,lie
52.484358144,0.016755879,0.012083009,0.009208739,-0.630395234,0.122153983,0.630249500,watch,user3,lie
52.494357248,0.028695688,0.016638190,-0.007185042,-0.592535734,0.128685117,0.655319452,watch,user3,lie
52.504356352,0.041440889,0.019090123,-0.011539936,-0.564189017,0.125853822,0.665715039,watch,user3,lie
52.514355200,0.049037054,0.016595088,-0.010342062,-0.553860247,0.113984644,0.657272816,watch,user3,lie
52.524353280,0.046231240,0.010282025,-0.004016519,-0.555704534,0.106223576,0.640635908,watch,user3,lie
52.534352128,0.033649072,0.008905888,0.003902793,-0.553226173,0.113665782,0.616624594,watch,user3,lie
52.544351232,0.021705061,0.011807270,0.004535198,-0.546816766,0.120341964,0.588774621,watch,user3,lie
52.554350336,0.013592929,0.015522651,0.007000983,-0.539007306,0.113243572,0.564809918,watch,user3,lie
52.564349184,0.012209713,0.019363858,0.008959770,-0.530512691,0.096671440,0.534962952,watch,user3,lie
52.574348288,0.013152182,0.020198673,0.008884490,-0.518334866,0.076188006,0.500897944,watch,user3,lie
52.584347392,0.007127285,0.025170658,0.007790327,-0.494274318,0.077505022,0.464191377,watch,user3,lie
52.594346496,0.001871064,0.031963330,0.009727120,-0.472179145,0.080200672,0.431961805,watch,user3,lie
52.604345088,0.000514582,0.038482808,0.007316232,-0.451484859,0.075060949,0.406916738,watch,user3,lie
52.614343168,-0.000269786,0.043239735,0.003670871,-0.438359201,0.069956198,0.386466056,watch,user3,lie
52.624342272,0.001801342,0.047201682,-0.000148177,-0.417750627,0.063697860,0.363554299,watch,user3,lie
52.634341376,0.000889540,0.046977643,-0.003935635,-0.414545506,0.054240715,0.348029137,watch,user3,lie
52.644340480,-0.000628874,0.045733783,-0.010463953,-0.410332352,0.058992766,0.332201511,watch,user3,lie
52.654339072,-0.008471355,0.049862217,-0.012838840,-0.400413424,0.062428512,0.316687793,watch,user3,lie
52.664338176,-0.019858152,0.048453718,-0.016269743,-0.392237008,0.061360676,0.298290342,watch,user3,lie
52.674337280,-0.024055570,0.045477256,-0.014409184,-0.396223217,0.048591349,0.277353913,watch,user3,lie
52.684336384,-0.030093461,0.036101300,-0.005482614,-0.401756287,0.050114233,0.268594563,watch,user3,lie
52.694335232,-0.032420889,0.033550315,0.003343344,-0.397694141,0.052716672,0.257577598,watch,user3,lie
52.704333312,-0.030375823,0.038891163,0.011294901,-0.372889757,0.053769246,0.225516543,watch,user3,lie
52.714332160,-0.026734322,0.047662120,0.013939500,-0.339676410,0.053709321,0.195007622,watch,user3,lie
52.724331264,-0.017925501,0.056112316,0.010421038,-0.307920188,0.053348377,0.164717376,watch,user3,lie
52.734330368,-0.011058107,0.053437296,0.000318706,-0.285857230,0.055872787,0.136044458,watch,user3,lie
52.744329216,-0.003375158,0.044452246,-0.005416989,-0.261792809,0.046988036,0.112807170,watch,user3,lie
52.754328320,0.007004276,0.038126193,-0.010022879,-0.223613471,0.031130778,0.091887504,watch,user3,lie
52.764327168,0.015550137,0.038263395,-0.013985217,-0.161216617,0.013800167,0.069910496,watch,user3,lie
52.774326272,0.022823095,0.045935445,-0.018435359,-0.080473311,0.012405736,0.053384256,watch,user3,lie
52.784325120,0.023147330,0.052793633,-0.022702277,-0.002809900,0.016058972,0.030696854,watch,user3,lie
52.794323200,0.023009837,0.054709915,-0.024926722,0.043499008,0.017809734,0.022156095,watch,user3,lie
52.804322304,0.026731715,0.053321660,-0.021237850,0.066766508,0.018486444,0.006357690,watch,user3,lie
52.814321408,0.031323656,0.041437905,-0.017221332,0.053214487,0.011093775,-0.002415295,watch,user3,lie
52.824320256,0.037360370,0.026810722,-0.008035183,0.038506202,-0.001402488,-0.016748693,watch,user3,lie
52.834319360,0.039870992,0.017505459,-0.003425002,0.034840629,-0.018248845,-0.037644923,watch,user3,lie
52.844318208,0.032086268,0.012765158,0.001009822,0.043056082,-0.023849474,-0.059218723,watch,user3,lie
52.854317312,0.018704534,0.013404743,0.002139628,0.048579477,-0.012549682,-0.070751809,watch,user3,lie
52.864316416,0.005378038,0.012411796,0.003720343,0.047663219,-0.001295161,-0.066589087,watch,user3,lie
52.874315264,-0.002262399,0.006884765,0.004951715,0.036714163,0.005943576,-0.066396005,watch,user3,lie
52.884313344,-0.004983932,0.001848700,0.008206069,0.023286460,0.010815651,-0.065135196,watch,user3,lie
52.894312192,-0.005156219,0.001198519,0.010841787,0.016201653,0.017518295,-0.061392128,watch,user3,lie
52.904311296,-0.008340687,-0.001729996,0.013657391,0.014357103,0.023463359,-0.064260021,watch,user3,lie
52.914310400,-0.015277937,-0.005666813,0.015970290,0.004842428,0.037009794,-0.057840738,watch,user3,lie
52.924309248,-0.023522496,-0.009670168,0.014289737,-0.006805529,0.058935244,-0.039907809,watch,user3,lie
52.934308096,-0.019788682,-0.010970944,0.010978758,-0.020613221,0.063621342,-0.025916358,watch,user3,lie
52.944307200,-0.004435867,-0.007941647,0.013588309,-0.023832804,0.053875148,-0.028252218,watch,user3,lie
52.954306304,0.013680324,-0.005596117,0.016394913,-0.008674092,0.045882735,-0.030264502,watch,user3,lie
52.964305408,0.024640501,-0.002455688,0.014013648,0.017123727,0.035458501,-0.034686219,watch,user3,lie
52.974303488,0.022848025,0.002580617,0.007719457,0.046262972,0.037395954,-0.024377119,watch,user3,lie
52.984302336,0.015967071,-0.000136116,-0.000560045,0.053841308,0.046492953,-0.005027989,watch,user3,lie
52.994301184,0.009086177,-0.001932946,-0.006628990,0.052573107,0.052809440,0.005219589,watch,user3,lie
53.004300288,0.007812023,-0.005325851,-0.013356268,0.043427192,0.046297390,0.007183137,watch,user3,lie
53.014299392,0.013288632,-0.004674627,-0.018398941,0.033368967,0.028009996,-0.001139241,watch,user3,lie
53.024298240,0.023303375,-0.007463841,-0.018651664,0.034324642,0.015623102,-0.004420988,watch,user3,lie
53.034297344,0.026193246,-0.007582624,-0.019397140,0.024635263,0.000341617,-0.001539181,watch,user3,lie
53.044296448,0.023199350,-0.008406602,-0.015192389,0.007277356,-0.012196635,-0.006935877,watch,user3,lie
53.054295296,0.014714390,-0.008113551,-0.008597851,-0.024891499,-0.017539468,-0.012851025,watch,user3,lie
53.064293376,0.003773883,-0.009499595,-0.004614413,-0.045480974,-0.012552077,-0.012309404,watch,user3,lie
53.074292224,0.000276089,-0.007989642,-0.005402386,-0.059214097,-0.012977917,-0.010730948,watch,user3,lie
53.084291328,0.002891630,-0.005400885,-0.002811551,-0.075148232,-0.020254117,-0.010370490,watch,user3,lie
53.094290432,0.006222889,-0.004032657,-0.000968158,-0.085442953,-0.021761732,-0.008480711,watch,user3,lie
53.104289280,0.006324083,-0.004005025,-0.000375509,-0.088257514,-0.021305267,-0.001610221,watch,user3,lie
53.114288128,0.001506791,-0.004785154,0.000006139,-0.090312146,-0.019944657,0.005013593,watch,user3,lie
53.124287232,-0.003048420,-0.004432119,0.002303779,-0.082180001,-0.029676203,-0.001113675,watch,user3,lie
53.134287360,-0.003432915,-0.002720804,0.002990127,-0.075584680,-0.028283369,0.003914640,watch,user3,lie
53.144286464,0.000657767,0.001120133,0.004017353,-0.061256476,-0.024290495,0.007629550,watch,user3,lie
53.154284288,0.007012844,0.002162155,0.004631996,-0.038821209,-0.018283201,0.009991773,watch,user3,lie
53.164283392,0.012029469,0.002797211,0.001320839,-0.026945328,-0.028714625,0.009309271,watch,user3,lie
53.174282496,0.014890552,-0.001676132,-0.001594245,-0.037562020,-0.030112786,0.015700061,watch,user3,lie
53.184281344,0.015782088,-0.007659850,0.000937521,-0.063597128,-0.030167557,0.028983841,watch,user3,lie
53.194280448,0.017176449,-0.012432893,0.003162980,-0.083215572,-0.031022433,0.033424929,watch,user3,lie
53.204279296,0.016413167,-0.012061834,0.000980377,-0.098172419,-0.038144257,0.036948159,watch,user3,lie
53.214278400,0.018891081,-0.012846049,-0.000040293,-0.106595196,-0.042166695,0.039485883,watch,user3,lie
53.224277504,0.023498148,-0.011040416,-0.003216267,-0.107942402,-0.042054489,0.040829714,watch,user3,lie
53.234276352,0.025433362,-0.012421180,-0.004447401,-0.122861430,-0.045187164,0.037681859,watch,user3,lie
53.244274432,0.022416204,-0.012826320,-0.002168179,-0.136968315,-0.053152680,0.037742510,watch,user3,lie
53.254273280,0.017387703,-0.014749650,-0.000192285,-0.141692773,-0.056250472,0.041648570,watch,user3,lie
53.264272384,0.015507117,-0.013238939,0.001660764,-0.137120262,-0.051059701,0.047501996,watch,user3,lie
53.274271488,0.012339011,-0.009473039,0.003369510,-0.128182948,-0.047247916,0.053512752,watch,user3,lie
53.284270336,0.010883600,-0.005306827,0.006032050,-0.125556678,-0.042710423,0.054413766,watch,user3,lie
53.294269440,0.012311772,-0.002882125,0.009554148,-0.117279045,-0.041500550,0.056604482,watch,user3,lie
53.304268544,0.010269716,-0.000987103,0.008600950,-0.108767666,-0.032934316,0.056921400,watch,user3,lie
53.314267392,0.010491833,0.001184219,0.008254111,-0.097303025,-0.028334770,0.057000231,watch,user3,lie
53.324265472,0.011246294,0.004597835,0.008625150,-0.077413030,-0.018667318,0.055994220,watch,user3,lie
53.334264320,0.006473422,0.009050567,0.008460522,-0.059278768,-0.008553163,0.056240827,watch,user3,lie
53.344263424,0.005422100,0.013188507,0.007363975,-0.041852195,-0.004645064,0.055153858,watch,user3,lie
53.354262528,0.004989564,0.012090746,0.005855858,-0.022993820,0.002791014,0.048890904,watch,user3,lie
53.364261632,0.003953263,0.013168052,0.005194128,-0.004905186,0.011880828,0.047207117,watch,user3,lie
53.374260224,0.001513422,0.013409976,0.003627896,0.008300364,0.008339622,0.040939368,watch,user3,lie
53.384259328,0.001675904,0.013211608,0.003370166,0.013755716,0.006785135,0.035059042,watch,user3,lie
53.394258432,0.002178431,0.013145566,0.003160357,0.024519682,0.007737482,0.021158675,watch,user3,lie
53.404257536,0.000309289,0.015501872,-0.001753509,0.035354219,0.012109326,0.010823079,watch,user3,lie
53.414255616,0.000046417,0.020167496,-0.003942609,0.041959926,0.015265971,0.002405094,watch,user3,lie
53.424254208,0.005923107,0.021985032,-0.003963590,0.047396146,0.010068458,-0.009426665,watch,user3,lie
53.434253312,0.006285638,0.020368248,-0.003580749,0.053442854,0.008463371,-0.016962079,watch,user3,lie
53.444252416,0.006609902,0.016387474,-0.006309450,0.066273965,0.007072401,-0.023795219,watch,user3,lie
53.454251520,0.008156419,0.017865434,-0.006030679,0.080779940,0.005040143,-0.032406017,watch,user3,lie
53.464250368,0.005791560,0.018578060,-0.006235421,0.093725562,0.007524073,-0.038560580,watch,user3,lie
53.474249472,0.002688065,0.018141771,-0.006073475,0.097354122,0.006718733,-0.041347578,watch,user3,lie
53.484248576,0.006402552,0.012726841,-0.006085932,0.092774726,-0.000072416,-0.043364391,watch,user3,lie
53.494247424,0.005836621,0.006897546,-0.000276029,0.084309071,0.002287677,-0.045952450,watch,user3,lie
53.504245504,0.003081530,0.003239295,0.000361681,0.071927629,0.003954283,-0.052631728,watch,user3,lie
53.514244352,0.001496300,-0.000401458,0.002846181,0.062076330,0.003749753,-0.053899925,watch,user3,lie
53.524243456,0.004435346,-0.001469761,0.004786432,0.052931748,-0.000061053,-0.056576136,watch,user3,lie
53.534242560,0.008045226,-0.001856364,0.005504847,0.050698690,0.003638078,-0.053808577,watch,user3,lie
53.544241408,0.004849583,-0.001850700,0.004491091,0.049721662,0.006467242,-0.047262527,watch,user3,lie
53.554240256,0.004136965,-0.004191831,0.003449202,0.048684895,0.007952753,-0.041355636,watch,user3,lie
53.564239360,0.006583512,-0.007244265,0.005182385,0.036152281,0.006135235,-0.036180250,watch,user3,lie
53.574238464,0.005376786,-0.007887151,0.006322563,0.032964744,0.013216314,-0.029169744,watch,user3,lie
53.584237568,0.005055442,-0.006967971,0.006139934,0.031535290,0.013385158,-0.023639757,watch,user3,lie
53.594235392,0.010407209,-0.009077568,0.002511621,0.033957701,0.016095724,-0.018218892,watch,user3,lie
53.604234240,0.012551114,-0.008691609,0.002481580,0.028348951,0.009998150,-0.015060849,watch,user3,lie
53.614233344,0.014634043,-0.009681648,0.001742542,0.022010362,0.009059918,-0.006702252,watch,user3,lie
53.624232448,0.011714056,-0.010210475,0.003516376,0.014829193,0.010560520,-0.002106634,watch,user3,lie
53.634231552,0.009985209,-0.011440890,0.003015220,0.010115931,0.008348765,0.004233020,watch,user3,lie
53.644230400,0.008231238,-0.008645903,0.000939846,0.001377699,0.007751152,0.011807117,watch,user3,lie
53.654229504,0.006918460,-0.006255014,0.000141025,-0.010133814,0.004656026,0.013282509,watch,user3,lie
53.664228352,0.004222810,-0.006202286,0.000599980,-0.023363600,-0.001226097,0.016236354,watch,user3,lie
53.674227456,0.003895253,-0.006933166,-0.002953827,-0.030603670,0.006151658,0.021768006,watch,user3,lie
53.684225536,0.004122689,-0.007688627,-0.002933979,-0.035425365,-0.000173261,0.022509497,watch,user3,lie
53.694224384,0.006292105,-0.008716183,-0.001751423,-0.034691133,-0.004290774,0.022587793,watch,user3,lie
53.704223488,0.006977588,-0.005947238,-0.002987444,-0.028395021,-0.008850904,0.019320428,watch,user3,lie
53.714222336,0.008396506,0.000083864,-0.003036380,-0.014238988,-0.010201126,0.016071904,watch,user3,lie
53.724221440,0.008704334,0.003120447,-0.003163099,-0.005178781,-0.010602199,0.017779456,watch,user3,lie
53.734220288,0.011655778,0.001684643,-0.001504302,-0.004385958,-0.013600119,0.018851912,watch,user3,lie
53.744219392,0.013630524,0.000069302,-0.003193498,-0.010983674,-0.012850439,0.022748116,watch,user3,lie
53.754218496,0.012026832,-0.001430683,0.000164449,-0.021469604,-0.013561238,0.021629056,watch,user3,lie
53.764217600,0.012954041,-0.001581637,0.004985929,-0.023781538,-0.014008028,0.024835700,watch,user3,lie
53.774215424,0.013900697,-0.001101561,0.004803956,-0.025566656,-0.013622934,0.022748848,watch,user3,lie
53.784214272,0.014696985,0.001945328,0.003770649,-0.019482354,-0.008340644,0.019911716,watch,user3,lie
53.794213376,0.013986513,0.004444856,0.001082361,-0.017321197,-0.006660721,0.011785878,watch,user3,lie
53.804212480,0.010349929,0.003984898,-0.000476837,-0.020132298,-0.008789387,0.010730402,watch,user3,lie
53.814211584,0.009688273,0.001555854,0.002067864,-0.025461018,-0.009595793,0.009611874,watch,user3,lie
53.824210432,0.006296411,0.000588065,0.003514349,-0.037056729,-0.005114134,0.007477416,watch,user3,lie
53.834209280,0.006314322,0.002049545,0.006326675,-0.043036327,0.003365637,0.009945102,watch,user3,lie
53.844208384,0.011300027,0.006117454,0.009822488,-0.044200040,0.008700036,0.005576186,watch,user3,lie
53.854207488,0.018799737,0.008993061,0.011933446,-0.038475573,0.006113574,-0.003340876,watch,user3,lie
53.864205568,0.020173267,0.006793655,0.012959003,-0.028313838,0.004469250,-0.010960979,watch,user3,lie
53.874204416,0.014635399,0.006508226,0.009941995,-0.008098848,0.008511662,-0.009409156,watch,user3,lie
53.884203264,0.007860526,0.007107429,0.003557086,0.011944368,0.016993564,0.000186480,watch,user3,lie
53.894202368,0.005136609,0.010692682,0.001235664,0.031840313,0.021961691,0.002363615,watch,user3,lie
53.904201472,0.005835965,0.010358647,-0.000866055,0.041534126,0.022576261,0.000874375,watch,user3,lie
53.914200320,0.008916423,0.009711644,-0.002322316,0.051652275,0.023474544,0.003014758,watch,user3,lie
53.924199424,0.009833634,0.008379620,0.001626074,0.051517610,0.024137493,0.000468243,watch,user3,lie
53.934198528,0.008865058,0.004527172,0.003988504,0.047295701,0.025093036,-0.000670791,watch,user3,lie
53.944196352,0.006106079,-0.000781842,0.003634274,0.041229062,0.022879593,0.000279625,watch,user3,lie
53.954195456,0.002201766,-0.001636323,0.000056148,0.038875096,0.021618322,0.004854935,watch,user3,lie
53.964194304,0.001535445,0.000113100,-0.001923561,0.040709171,0.022009894,0.005682979,watch,user3,lie
53.974193408,0.006596148,0.003752312,-0.004120171,0.044097245,0.019308917,0.004529830,watch,user3,lie
53.984192512,0.009709895,0.004260739,-0.005407989,0.040561855,0.014295604,0.002775805,watch,user3,lie
53.994191616,0.008919373,0.002816694,-0.004401743,0.033743896,0.009884344,-0.000879117,watch,user3,lie
54.004190208,0.006519645,-0.000012230,-0.001555502,0.022205794,0.009878930,-0.001971612,watch,user3,lie
54.014189312,0.004134953,-0.004814625,0.000281274,0.012328396,0.009428589,-0.000492759,watch,user3,lie
54.024188416,0.000779688,-0.006590860,-0.000405371,0.000958473,0.004787675,0.003331407,watch,user3,lie
54.034186496,0.001219288,-0.004846670,-0.003934145,-0.005032041,0.005064644,0.003604115,watch,user3,lie
54.044185600,0.000440970,-0.003765220,-0.005725980,-0.010138742,0.005257102,0.007466631,watch,user3,lie
54.054184192,0.002676710,-0.002037672,-0.005062878,-0.011185630,0.004230986,0.008886095,watch,user3,lie
54.064183296,0.005277127,-0.001912458,-0.003762722,-0.021826200,0.002610541,0.009281308,watch,user3,lie
54.074182400,0.006791309,-0.002655353,-0.002503335,-0.034605913,-0.006379492,0.009796363,watch,user3,lie
54.084181504,0.011710152,-0.004963288,-0.000192583,-0.044720776,-0.009386111,0.006684461,watch,user3,lie
54.094180352,0.011029512,-0.006528106,-0.000068665,-0.053061530,-0.012139820,0.010545244,watch,user3,lie
54.104179456,0.009787947,-0.005627228,-0.001918495,-0.058994476,-0.013791335,0.011320824,watch,user3,lie
54.114178304,0.007708460,-0.004482409,-0.003074408,-0.064378053,-0.016391113,0.015117426,watch,user3,lie
54.124176384,0.008785814,-0.004452469,-0.002722979,-0.065153964,-0.019033767,0.016905673,watch,user3,lie
54.134175488,0.013645604,-0.002853230,-0.003580451,-0.062984295,-0.020185053,0.019782420,watch,user3,lie
54.144173824,0.016382635,-0.002653256,-0.003530502,-0.060302533,-0.026415695,0.015431812,watch,user3,lie
54.154172672,0.018263876,-0.003108168,-0.000519454,-0.066375338,-0.033272270,0.013751358,watch,user3,lie
54.164171776,0.018409401,-0.006252047,0.000127017,-0.074948363,-0.041228641,0.015731351,watch,user3,lie
54.174170880,0.014906332,-0.008737735,-0.001050830,-0.084089391,-0.039111163,0.023130145,watch,user3,lie
54.184169984,0.013296351,-0.010531772,-0.000551760,-0.098284841,-0.038172133,0.027036604,watch,user3,lie
54.194168576,0.010785401,-0.009740315,-0.002336740,-0.106065005,-0.044515248,0.030460099,watch,user3,lie
54.204167680,0.013270006,-0.010948429,-0.002208650,-0.121842198,-0.044723861,0.042846058,watch,user3,lie
54.214165760,0.016929895,-0.015100438,0.002670169,-0.137112215,-0.046544932,0.048737239,watch,user3,lie
54.224164864,0.015588313,-0.012268420,0.005405664,-0.146481887,-0.045305762,0.047456324,watch,user3,lie
54.234163968,0.008899227,-0.009604044,0.003337741,-0.147980183,-0.043177366,0.046301313,watch,user3,lie
54.244162560,0.010225236,-0.010715641,0.003303051,-0.137621015,-0.037907504,0.051852938,watch,user3,lie
54.254161664,0.008192629,-0.010154907,0.002345741,-0.123340085,-0.038781550,0.057089776,watch,user3,lie
54.264160768,0.009537727,-0.004354019,0.003577590,-0.113584392,-0.030838408,0.056185100,watch,user3,lie
54.274159872,0.006285429,-0.001839425,0.005253494,-0.095406458,-0.025037777,0.056606147,watch,user3,lie
54.284158720,0.003916427,-0.000004094,0.005531251,-0.076209061,-0.016084760,0.059881035,watch,user3,lie
54.294157824,0.004112527,-0.000144441,0.006423652,-0.063212298,-0.011411978,0.060248818,watch,user3,lie
54.304155648,0.004831553,0.000719294,0.008544981,-0.058044437,-0.008737633,0.058072485,watch,user3,lie
54.314154752,0.003036305,0.002406646,0.008097827,-0.049250677,-0.004618520,0.060964812,watch,user3,lie
54.324153856,0.000628769,0.003453147,0.004524589,-0.047755539,-0.006786955,0.060539301,watch,user3,lie
54.334152704,-0.001250088,0.005278517,0.003460169,-0.038162299,-0.002209780,0.059452731,watch,user3,lie
54.344151808,-0.002599746,0.006421059,0.000532746,-0.029236181,0.002833980,0.057721149,watch,user3,lie
54.354150912,0.000390083,0.009128120,-0.002536178,-0.010833471,0.005777040,0.055994887,watch,user3,lie
54.364149760,0.002423570,0.008322082,-0.002072215,-0.003466813,0.003083874,0.050533939,watch,user3,lie
54.374148608,0.007492885,0.009378865,-0.002710462,-0.000795928,-0.000470381,0.044920526,watch,user3,lie
54.384146688,0.009710938,0.007725269,-0.002397001,-0.010097551,-0.006788730,0.041589979,watch,user3,lie
54.394145792,0.012602657,0.005017709,-0.003297448,-0.023499908,-0.015777165,0.036219712,watch,user3,lie
54.404144896,0.011326998,0.002591245,-0.001965106,-0.033690095,-0.013022924,0.036234695,watch,user3,lie
54.414143744,0.009987965,0.003077544,-0.002055943,-0.043405037,-0.015646936,0.032995757,watch,user3,lie
54.424142592,0.010734156,0.003275976,-0.003379107,-0.048655372,-0.019557433,0.032280169,watch,user3,lie
54.434141696,0.011889219,-0.000657193,-0.001852810,-0.060285665,-0.019590989,0.033124659,watch,user3,lie
54.444140800,0.013460085,0.000471752,0.001295984,-0.062167719,-0.023628607,0.030995192,watch,user3,lie
54.454139904,0.013341799,0.001783431,0.001057446,-0.056992400,-0.020436808,0.025250753,watch,user3,lie
54.464138752,0.011275932,0.004965089,-0.001020968,-0.044944305,-0.020572543,0.021092961,watch,user3,lie
54.474136832,0.015379146,0.008104023,0.000143647,-0.031546209,-0.017757848,0.019570433,watch,user3,lie
54.484135680,0.016544595,0.008711651,0.003846705,-0.018775107,-0.018713744,0.007356110,watch,user3,lie
54.494134784,0.010643825,0.005547758,0.005563676,-0.020009482,-0.012566902,0.005730516,watch,user3,lie
54.504133888,0.006579429,0.003744777,0.007486105,-0.021389045,-0.009629880,0.008390281,watch,user3,lie
54.514132736,0.002415389,0.003338791,0.008300900,-0.022535801,-0.003773855,0.005341761,watch,user3,lie
54.524131840,0.001287371,0.007179730,0.007926047,-0.016689098,0.003619879,0.006853238,watch,user3,lie
54.534130688,0.000655368,0.010165103,0.005490243,-0.008133425,0.006877990,0.007700923,watch,user3,lie
54.544129792,0.003853530,0.011686713,0.003401577,0.005676175,0.010233484,0.006312284,watch,user3,lie
54.554128640,0.005873352,0.008353770,0.001306713,0.010753226,0.011963474,0.003623024,watch,user3,lie
54.564126976,0.008779302,0.007400725,-0.000284672,0.016014388,0.007154427,-0.000538965,watch,user3,lie
54.574125824,0.011018082,0.002697907,-0.000635028,0.010774353,0.002051810,-0.002699587,watch,user3,lie
54.584124672,0.009601265,-0.001385491,-0.001880288,0.004428217,-0.001443944,-0.001609822,watch,user3,lie
54.594123776,0.008476257,-0.002656020,-0.003223240,0.000764506,-0.001908133,-0.001220201,watch,user3,lie
54.604122880,0.005571038,-0.001542483,-0.004254043,-0.001673662,-0.008017335,0.000326896,watch,user3,lie
54.614121728,0.006528884,-0.003464833,-0.009442091,-0.014299176,-0.021026876,0.007455112,watch,user3,lie
54.624120832,0.010031074,-0.007711545,-0.015726864,-0.040862743,-0.043977734,0.026968427,watch,user3,lie
54.634119936,0.014857799,-0.021326169,-0.015478551,-0.076068670,-0.062192958,0.050782681,watch,user3,lie
54.644118784,0.016397476,-0.032026257,-0.019146800,-0.109923124,-0.067893542,0.069477007,watch,user3,lie
54.654116864,0.018737242,-0.031053707,-0.020950735,-0.129862219,-0.077364005,0.077106163,watch,user3,lie
54.664115712,0.021241769,-0.025864735,-0.022235930,-0.127111256,-0.089491069,0.086651064,watch,user3,lie
54.674114816,0.026383445,-0.022885978,-0.020643294,-0.119246677,-0.100486994,0.088680133,watch,user3,lie
54.684113920,0.027166784,-0.024450295,-0.017288446,-0.121098235,-0.098517314,0.088533320,watch,user3,lie
54.694113024,0.021009117,-0.026552405,-0.009874940,-0.129420355,-0.094694078,0.093638070,watch,user3,lie
54.704111616,0.016355351,-0.028419375,-0.002101004,-0.141192630,-0.094192788,0.100801639,watch,user3,lie
54.714110720,0.012390122,-0.026584737,0.006284714,-0.147518963,-0.088186294,0.106623039,watch,user3,lie
54.724109824,0.011791945,-0.017153978,0.012868404,-0.138178870,-0.073890716,0.111244492,watch,user3,lie
54.734108928,0.010478899,-0.010868393,0.018005192,-0.118477069,-0.061198354,0.115715146,watch,user3,lie
54.744107008,0.010603920,-0.005500354,0.021083295,-0.097964063,-0.054447774,0.120545715,watch,user3,lie
54.754105600,0.008729339,-0.003510267,0.023082614,-0.091221206,-0.052352931,0.123499423,watch,user3,lie
54.764104704,0.005453318,-0.002675101,0.025315762,-0.083137311,-0.036183815,0.135432452,watch,user3,lie
54.774103808,0.002351046,-0.003492571,0.025976717,-0.058363527,-0.014438040,0.147942379,watch,user3,lie
54.784102912,0.007766351,0.003733143,0.015884817,-0.004048136,0.000506377,0.160073817,watch,user3,lie
54.794101760,0.025708795,0.016222753,0.000154734,0.088630669,0.005382625,0.165960997,watch,user3,lie
54.804100864,0.054786846,0.029731698,-0.009014785,0.203900859,-0.000373886,0.167144045,watch,user3,lie
54.814099712,0.072618887,0.037698954,-0.013300002,0.317215174,0.009867832,0.175156161,watch,user3,lie
54.824098816,0.073912621,0.042367645,-0.014950335,0.428512841,0.046871834,0.202290848,watch,user3,lie
54.834096896,0.069862530,0.051675461,-0.017150402,0.563135624,0.084279396,0.236217394,watch,user3,lie
54.844095744,0.074532896,0.073518388,-0.029830039,0.743822336,0.130323499,0.271815121,watch,user3,lie
54.854094848,0.087828636,0.093555480,-0.041126728,0.945454001,0.140389174,0.295694619,watch,user3,lie
54.864093952,0.098879695,0.099313945,-0.041154385,1.118096709,0.132828817,0.303977042,watch,user3,lie
54.874092800,0.090330228,0.086765327,-0.033506513,1.247987866,0.121074431,0.276370198,watch,user3,lie
54.884091648,0.057191610,0.058539294,-0.022563636,1.282006264,0.077909470,0.215055242,watch,user3,lie
54.894090752,0.004256800,0.027598182,-0.007676482,1.253025770,0.093041554,0.161157668,watch,user3,lie
54.904089856,-0.046029478,0.009965914,0.003054261,1.174596429,0.111621179,0.141535163,watch,user3,lie
54.914087936,-0.076175883,0.001654560,0.013039529,1.038084030,0.087300666,0.113503516,watch,user3,lie
54.924086784,-0.087337032,-0.005465159,0.021167457,0.882198155,0.070576273,0.081110090,watch,user3,lie
54.934085632,-0.088971451,-0.009723734,0.017637908,0.728345513,0.070401303,0.054341063,watch,user3,lie
54.944084736,-0.080653563,-0.012146018,0.022815824,0.575716376,0.048206076,0.037817214,watch,user3,lie
54.954083840,-0.060153097,-0.005615182,0.034158170,0.443348765,0.008853080,0.019209439,watch,user3,lie
54.964082944,-0.029487833,-0.002892233,0.043167174,0.349054694,-0.035028271,0.006964558,watch,user3,lie
54.974081792,-0.007959589,-0.006880671,0.041490495,0.259857446,-0.075082749,0.008520643,watch,user3,lie
54.984080640,0.003517285,-0.011939827,0.032708168,0.165121138,-0.104701176,-0.001996513,watch,user3,lie
54.994079744,-0.000637889,-0.017098781,0.031961024,0.079357497,-0.110326841,-0.019335024,watch,user3,lie
55.004077824,-0.017657742,-0.020960312,0.026422262,0.014740154,-0.091237836,-0.024048684,watch,user3,lie
55.014076928,-0.024715319,-0.019140929,0.007365167,-0.019417016,-0.076665014,-0.008445490,watch,user3,lie
55.024075776,-0.016102359,-0.013718717,-0.007117629,-0.032666378,-0.087714203,0.014076530,watch,user3,lie
55.034074880,0.000474483,-0.008905433,-0.013629496,-0.055117358,-0.110457063,0.037541907,watch,user3,lie
55.044073728,0.007157788,-0.005879376,0.003030658,-0.096820772,-0.123380765,0.035878632,watch,user3,lie
55.054072832,-0.005126551,-0.002493139,0.024076939,-0.124902211,-0.109203167,0.010458226,watch,user3,lie
55.064071680,-0.015282303,-0.005306806,0.026489675,-0.160411030,-0.081707977,-0.004600884,watch,user3,lie
55.074070784,-0.014816433,-0.015407052,0.041895092,-0.237986773,-0.066964716,-0.019809399,watch,user3,lie
55.084069888,-0.017873675,-0.027496643,0.058272183,-0.333157271,-0.065546229,-0.055682778,watch,user3,lie
55.094067712,-0.034140661,-0.038330089,0.058886051,-0.441361785,-0.092976518,-0.099921875,watch,user3,lie
55.104066816,-0.056500211,-0.036547247,0.056007862,-0.548933744,-0.146923736,-0.151046112,watch,user3,lie
55.114065664,-0.072069675,-0.022243276,0.052659392,-0.677556694,-0.248052746,-0.196845025,watch,user3,lie
55.124064768,-0.075542212,-0.007707385,0.064822197,-0.743150532,-0.293954164,-0.251152545,watch,user3,lie
55.134063872,-0.078498334,-0.004791625,0.072306395,-0.817195714,-0.296066076,-0.278105319,watch,user3,lie
55.144062208,-0.075480491,-0.000081407,0.082801580,-0.949539959,-0.305604458,-0.279048681,watch,user3,lie
55.154061312,-0.072751060,0.011193998,0.115333557,-1.078763247,-0.247306541,-0.247162402,watch,user3,lie
55.164060160,-0.069513068,0.027684728,0.148157716,-1.174233913,-0.100152858,-0.182583407,watch,user3,lie
55.174059264,-0.054732844,0.070872769,0.146189332,-1.094179869,0.070023403,-0.096737996,watch,user3,lie
55.184057088,0.000723973,0.145897046,0.102760792,-0.813219249,0.202500492,-0.027193945,watch,user3,lie
55.194056192,0.085034445,0.215961948,0.040593207,-0.369785905,0.227644995,-0.031861134,watch,user3,lie
55.204055296,0.155400291,0.246203259,-0.031494737,0.143642575,0.205109224,-0.070603266,watch,user3,lie
55.214054144,0.184624299,0.228119031,-0.096368015,0.616387427,0.155111045,-0.104681611,watch,user3,lie
55.224053248,0.175277606,0.166990280,-0.122764289,0.962528706,0.109453194,-0.114402480,watch,user3,lie
55.234052096,0.136772037,0.105210513,-0.097713292,1.144300580,0.099103883,-0.118527189,watch,user3,lie
55.244051200,0.077308431,0.069118574,-0.067957461,1.191629529,0.124928907,-0.152550071,watch,user3,lie
55.254050048,0.017891854,0.052571155,-0.066403151,1.171230793,0.166514426,-0.216590837,watch,user3,lie
55.264049152,-0.006915063,0.029979518,-0.084535301,1.161417603,0.182023719,-0.255373120,watch,user3,lie
55.274047232,0.013925284,-0.011524968,-0.100120902,1.115719914,0.124203019,-0.247228906,watch,user3,lie
55.284046080,0.059921086,-0.066532910,-0.103772998,0.947884977,0.032506831,-0.178525344,watch,user3,lie
55.294045184,0.092881233,-0.121451706,-0.046360433,0.637843490,-0.032233816,-0.095471472,watch,user3,lie
55.304044032,0.092088774,-0.164446220,0.054608285,0.224473670,-0.007782888,-0.040656555,watch,user3,lie
55.314043136,0.051581010,-0.183778316,0.140975058,-0.138948217,0.064677462,-0.008698358,watch,user3,lie
55.324042240,0.004051730,-0.190245524,0.161479354,-0.372384757,0.153207242,0.041811820,watch,user3,lie
55.334041344,-0.014974326,-0.175955519,0.131995618,-0.497320831,0.222641170,0.108393505,watch,user3,lie
55.344040192,-0.012639031,-0.137092739,0.107755423,-0.512417018,0.236609802,0.174465939,watch,user3,lie
55.354039040,-0.002594918,-0.092535034,0.106729984,-0.454461575,0.257492453,0.203865901,watch,user3,lie
55.364037120,-0.006233364,-0.039168429,0.105214179,-0.355503052,0.340735495,0.226459429,watch,user3,lie
55.374036224,-0.007948682,0.045080867,0.072773755,-0.156386763,0.386127740,0.223158702,watch,user3,lie
55.384035328,0.001200706,0.127999067,0.023887813,0.156560585,0.399885178,0.177241147,watch,user3,lie
55.394034176,0.008027792,0.186203972,-0.013041675,0.547442019,0.432781070,0.145658985,watch,user3,lie
55.404033024,-0.002874106,0.207557604,-0.035983622,0.902242780,0.433964521,0.105662644,watch,user3,lie
55.414032128,-0.033951983,0.200309098,-0.037160158,1.169425845,0.505451202,0.035881691,watch,user3,lie
55.424031232,-0.073101908,0.159284800,-0.028345883,1.374024987,0.557377338,-0.031416453,watch,user3,lie
55.434030080,-0.113640502,0.090988107,-0.030012727,1.411247492,0.744461238,-0.036045827,watch,user3,lie
55.444028160,-0.138797805,0.031754702,-0.057160258,1.311259627,0.888636589,0.008168906,watch,user3,lie
55.454027008,-0.129083559,-0.025852747,-0.083920598,1.204106331,0.991797566,0.026849916,watch,user3,lie
55.464026112,-0.091364592,-0.090587683,-0.097582579,0.994063437,0.996009111,0.066825360,watch,user3,lie
55.474025216,-0.039594114,-0.131570831,-0.064257860,0.714585483,0.917539895,0.156367496,watch,user3,lie
55.484024064,0.017143920,-0.160549045,0.025002599,0.427365124,0.842585742,0.196987748,watch,user3,lie
55.494023168,0.019687809,-0.175805598,0.115279138,0.202740297,0.864566147,0.241817012,watch,user3,lie
55.504022272,-0.028401248,-0.140078500,0.124532461,0.086645462,1.015164256,0.301553190,watch,user3,lie
55.514021376,-0.070210576,-0.092225075,0.061096787,0.007126932,1.182741761,0.282669246,watch,user3,lie
55.524019968,-0.080500588,-0.051246926,-0.009147048,-0.053167257,1.308107376,0.244045079,watch,user3,lie
55.534018048,-0.041279878,-0.028224215,-0.074861228,-0.072776116,1.285823703,0.180001915,watch,user3,lie
55.544017152,0.019854978,-0.028438076,-0.115981162,-0.073741861,1.117083430,0.158946306,watch,user3,lie
55.554016256,0.068559110,-0.016629577,-0.115976036,-0.064958490,0.933080435,0.100578330,watch,user3,lie
55.564015360,0.076975279,0.027285889,-0.087551773,0.082016043,0.817954063,0.074015163,watch,user3,lie
55.574013952,0.055366732,0.102348328,-0.089102030,0.270336956,0.774835646,0.051588953,watch,user3,lie
55.584013056,0.027532041,0.148005620,-0.096633315,0.374605387,0.749195874,0.018620482,watch,user3,lie
55.594012160,0.010501018,0.114785001,-0.025585353,0.398361862,0.795786560,0.002325665,watch,user3,lie
55.604011264,-0.014333125,0.037842780,-0.001168668,0.353113770,0.886065125,-0.014526153,watch,user3,lie
55.614010112,-0.036544967,-0.038534358,-0.040866494,0.254606634,0.959515393,-0.020062333,watch,user3,lie
55.624007936,-0.023670120,-0.094454527,-0.069628000,0.129651919,0.942065001,-0.014586074,watch,user3,lie
55.634007040,0.011529831,-0.114608198,-0.069499850,0.048506461,0.889401555,0.004758063,watch,user3,lie
55.644006144,0.029450648,-0.097769901,-0.059340715,-0.001494786,0.845423698,0.014570413,watch,user3,lie
55.654005248,0.018872593,-0.046941847,-0.063991964,-0.001880146,0.839101076,0.008762325,watch,user3,lie
55.664004096,0.000668716,-0.004338652,-0.068846822,0.008968685,0.854053557,0.027580887,watch,user3,lie
55.674003200,0.008485407,0.013389066,-0.070755363,0.011191892,0.850925684,0.057184853,watch,user3,lie
55.684002304,0.028958276,0.024457708,-0.085327983,0.014094471,0.814668357,0.093312092,watch,user3,lie
55.694001152,0.045107298,0.034921795,-0.079573750,-0.346918851,0.962586462,0.397302628,watch,user3,lie
55.703999232,0.069233537,0.014984339,-0.070908368,-0.793237805,0.958681524,0.638397455,watch,user3,lie
55.713998080,0.132644087,-0.075343624,-0.013815105,-1.401567459,0.997871041,0.563025177,watch,user3,lie
55.723997184,0.092537709,-0.094601393,-0.051837325,-2.066731215,0.968198895,0.468376845,watch,user3,lie
55.733996288,0.098948434,-0.031005502,-0.052758396,-2.753120899,0.828051627,0.292754441,watch,user3,lie
55.743995136,0.102197416,0.012946248,-0.073445022,-3.489909172,0.588580549,0.088296764,watch,user3,lie
55.753993984,0.100502297,0.046913404,-0.092484295,-4.075362206,0.150221035,-0.050632361,watch,user3,lie
55.763993088,0.119475737,0.046446647,-0.152744591,-4.415831566,-0.400654554,-0.054181751,watch,user3,lie
55.773992192,0.135068476,0.105094090,-0.181892216,-4.665426254,-0.939069271,-0.011199932,watch,user3,lie
55.783991296,0.062498361,0.250077844,-0.171838641,-4.462205887,-1.068596959,0.007708379,watch,user3,lie
55.793989120,-0.088358574,0.408424735,-0.275789082,-3.799977303,-1.028168559,-0.170329273,watch,user3,lie
55.803988224,-0.241853446,0.539341927,-0.400178075,-2.865017176,-0.929341972,-0.490018785,watch,user3,lie
55.813987072,-0.331689000,0.636708915,-0.455311894,-1.855883479,-0.905190051,-0.788646758,watch,user3,lie
55.823986176,-0.354681373,0.670319557,-0.458673835,-0.833597124,-0.824686050,-0.986019909,watch,user3,lie
55.833985280,-0.370213121,0.606823325,-0.478093445,-0.014850317,-0.886493742,-1.098313570,watch,user3,lie
55.843984128,-0.359471500,0.480920017,-0.433581829,0.475485861,-0.946999311,-1.197719216,watch,user3,lie
55.853982976,-0.350027502,0.350799412,-0.345806479,0.585015059,-1.013938904,-1.310714245,watch,user3,lie
55.863982080,-0.348919988,0.253146112,-0.272892952,0.437480867,-1.153658271,-1.432337523,watch,user3,lie
55.873981184,-0.339257568,0.188074678,-0.193033040,0.178043202,-1.291514635,-1.519991279,watch,user3,lie
55.883979264,-0.335903078,0.137662664,-0.108394742,-0.062789477,-1.340002894,-1.575126171,watch,user3,lie
55.893978112,-0.339692414,0.095311046,-0.034844160,-0.217595577,-1.299820304,-1.598245859,watch,user3,lie
55.903977216,-0.345862716,0.064779326,0.017319798,-0.315338939,-1.247342706,-1.624443293,watch,user3,lie
55.913976064,-0.328974843,0.035605565,0.050036550,-0.399257809,-1.215709686,-1.662867427,watch,user3,lie
55.923975168,-0.285170943,0.005347311,0.079996407,-0.451694220,-1.193549275,-1.681768298,watch,user3,lie
55.933974272,-0.222332537,-0.022661686,0.098191857,-0.455742747,-1.166366100,-1.664974928,watch,user3,lie
55.943973120,-0.156798482,-0.037486702,0.104294121,-0.390627354,-1.142778158,-1.632451296,watch,user3,lie
55.953972224,-0.094478942,-0.047849059,0.095947921,-0.260493338,-1.125051022,-1.585586905,watch,user3,lie
55.963971328,-0.039087802,-0.063864216,0.074396193,-0.099572748,-1.094971776,-1.502481699,watch,user3,lie
55.973969152,0.013175324,-0.077186540,0.087529719,0.019049769,-1.036394954,-1.392797828,watch,user3,lie
55.983968256,0.050403774,-0.090250030,0.127041936,0.078797124,-0.973254323,-1.272160649,watch,user3,lie
55.993967104,0.076028824,-0.123361394,0.157646298,0.097373739,-0.927679360,-1.149270892,watch,user3,lie
56.003966208,0.097650886,-0.188455418,0.169043720,0.081311941,-0.880525708,-0.993331373,watch,user3,lie
56.013965312,0.125842601,-0.270883143,0.164531708,0.027177339,-0.833701491,-0.809316814,watch,user3,lie
56.023964160,0.155918136,-0.341835022,0.151534677,-0.093647569,-0.786395013,-0.621032417,watch,user3,lie
56.033963008,0.194266170,-0.381386429,0.109633207,-0.254891843,-0.777565062,-0.449507594,watch,user3,lie
56.043962112,0.242559984,-0.371265590,0.067504585,-0.418433011,-0.775200069,-0.329494089,watch,user3,lie
56.053960192,0.284404337,-0.335059166,0.083431542,-0.571085691,-0.736080348,-0.229924083,watch,user3,lie
56.063959296,0.295268178,-0.290395558,0.108577609,-0.683886290,-0.676205337,-0.166392654,watch,user3,lie
56.073958400,0.266911030,-0.243344098,0.121367812,-0.792536318,-0.599009097,-0.155856118,watch,user3,lie
56.083956992,0.212710917,-0.185470685,0.141351163,-0.885140836,-0.511658907,-0.211186543,watch,user3,lie
56.093956096,0.154002488,-0.124340877,0.157578290,-0.902569354,-0.399985373,-0.324294209,watch,user3,lie
56.103955200,0.108523577,-0.073767960,0.156216919,-0.813629389,-0.252491266,-0.462346733,watch,user3,lie
56.113954304,0.085838705,-0.041367829,0.130937099,-0.596775413,-0.089779839,-0.590125501,watch,user3,lie
56.123953152,0.087529510,-0.026868254,0.097767353,-0.299005210,0.072426371,-0.683133185,watch,user3,lie
56.133952256,0.100573629,-0.030047029,0.087904036,0.017296832,0.227288127,-0.735488236,watch,user3,lie
56.143950336,0.095783114,-0.046002269,0.096983135,0.290920645,0.366112858,-0.767334998,watch,user3,lie
56.153949440,0.071992368,-0.066005364,0.108163476,0.477896124,0.473158896,-0.780590355,watch,user3,lie
56.163948544,0.050022095,-0.073618844,0.115657985,0.573572874,0.535377264,-0.787683308,watch,user3,lie
56.173947392,0.046840906,-0.076769471,0.102138996,0.620673239,0.563351095,-0.771805286,watch,user3,lie
56.183946496,0.067719340,-0.082328498,0.100418568,0.602677345,0.580059588,-0.718527019,watch,user3,lie
56.193945600,0.086796999,-0.080887079,0.128480077,0.517289698,0.594076097,-0.672148347,watch,user3,lie
56.203944448,0.079109147,-0.069697857,0.151130259,0.390336335,0.601258516,-0.658649504,watch,user3,lie
56.213943296,0.044218287,-0.053958446,0.148097813,0.284370482,0.592348635,-0.649718344,watch,user3,lie
56.223942400,0.018108979,-0.035163254,0.109363496,0.213402823,0.574757695,-0.631071687,watch,user3,lie
56.233940480,0.023183241,-0.014853835,0.073366344,0.193948701,0.545543611,-0.591644347,watch,user3,lie
56.243939584,0.058293834,0.001769394,0.052934647,0.200613037,0.501353979,-0.570291698,watch,user3,lie
56.253938432,0.097977489,0.014439359,0.055872440,0.196022809,0.456211507,-0.563693464,watch,user3,lie
56.263937280,0.119710058,0.037875637,0.065832734,0.165003955,0.430847466,-0.585141182,watch,user3,lie
56.273936384,0.117264882,0.067494318,0.090112388,0.123995006,0.436331451,-0.620861590,watch,user3,lie
56.283935488,0.098772243,0.094252303,0.115130365,0.130920157,0.458145142,-0.640748084,watch,user3,lie
56.293934592,0.083397493,0.113653570,0.115908265,0.189805835,0.489192009,-0.633862972,watch,user3,lie
56.303933440,0.081678808,0.125614747,0.113286674,0.251741916,0.517967463,-0.624588370,watch,user3,lie
56.313931264,0.102485627,0.118959129,0.120842636,0.258875459,0.534868658,-0.639789701,watch,user3,lie
56.323930368,0.130958617,0.091691762,0.135702312,0.268024355,0.637066960,-0.618245840,watch,user3,lie
56.333929472,0.157735303,0.063456714,0.134644449,0.630032361,1.214803338,-0.379376829,watch,user3,lie
56.343928576,0.223178655,0.060123935,0.041508436,1.262142301,1.831586838,0.114343211,watch,user3,lie
56.353927424,0.326882362,0.111065790,-0.027238727,2.176545143,2.448051453,0.799208641,watch,user3,lie
56.363926528,0.435092419,0.171716392,-0.113683939,2.670796871,2.164522171,0.959255517,watch,user3,lie
56.373925632,0.483466208,0.213860765,-0.148602664,2.367522240,1.053269982,0.477342725,watch,user3,lie
56.383924480,0.389652610,0.174006760,-0.035172403,2.097173452,0.683571398,0.302047014,watch,user3,lie
56.393923328,0.307353199,0.106169760,-0.154643357,1.799745321,0.423233837,0.242692068,watch,user3,lie
56.403921408,0.224952206,0.034209292,-0.203083694,1.438819408,0.330772191,0.226323605,watch,user3,lie
56.413920512,0.172318637,-0.015209019,-0.153766751,1.116699696,0.270863831,0.199784413,watch,user3,lie
56.423919616,0.151840806,-0.061477147,-0.063459814,0.821929693,0.102057680,0.119708620,watch,user3,lie
56.433918464,0.142238110,-0.101491123,0.027625084,0.769625723,0.290175408,0.195741326,watch,user3,lie
56.443917312,0.138136387,-0.097110316,0.033111930,0.669627011,0.143310577,0.216958866,watch,user3,lie
56.453916416,0.139967978,-0.044979163,0.023351312,0.430947304,-0.105485126,-0.059527848,watch,user3,lie
56.463915520,0.099023953,-0.007772913,0.045179009,0.744952917,0.179197386,0.119259402,watch,user3,lie
56.473914624,0.064520366,0.013006190,0.012331605,1.030014992,0.235145062,0.277106822,watch,user3,lie
56.483913472,0.110561684,0.103075080,-0.083946347,1.189297915,0.128808245,0.193150938,watch,user3,lie
56.493911296,0.112592466,0.079972655,0.018212974,1.284772754,0.080667615,0.168111369,watch,user3,lie
56.503910400,0.113037199,0.011421379,0.013661802,1.252969265,0.079682693,0.139552161,watch,user3,lie
56.513909504,0.074711159,-0.034010254,0.042603254,1.188066959,0.115679570,0.033487778,watch,user3,lie
56.523908608,0.041203506,-0.064197041,0.046787858,1.104669929,0.154189244,0.145879105,watch,user3,lie
56.533907456,0.064892374,-0.080300331,0.032424569,0.971029103,0.124201775,0.102484494,watch,user3,lie
56.543906560,0.050806008,-0.114834838,0.020431936,0.783430696,0.103339374,0.084637851,watch,user3,lie
56.553905408,0.049149379,-0.102106795,-0.007222295,0.630890965,0.075228371,0.070983827,watch,user3,lie
56.563904512,0.051896222,-0.070045725,-0.042566001,0.519739389,0.015695807,0.046512034,watch,user3,lie
56.573903360,0.055345461,-0.043212019,-0.059556782,0.401112109,-0.065291189,0.013853423,watch,user3,lie
56.583901440,0.051526003,-0.036867298,-0.046310186,0.279970884,-0.124089517,-0.028200885,watch,user3,lie
56.593900544,0.031697072,-0.038088471,-0.029236972,0.183110937,-0.151614890,-0.067361072,watch,user3,lie
56.603899392,0.008995421,-0.025244981,-0.015577435,0.138324052,-0.156517848,-0.097981900,watch,user3,lie
56.613898496,-0.007564500,-0.009981759,-0.012996852,0.124371223,-0.158008426,-0.115630135,watch,user3,lie
56.623897344,-0.013329990,0.006379016,-0.018371582,0.137723237,-0.159432426,-0.124676764,watch,user3,lie
56.633896448,-0.014159791,0.029794656,-0.027274072,0.169921115,-0.157545313,-0.131639585,watch,user3,lie
56.643895552,-0.014565445,0.048178196,-0.028764129,0.209004834,-0.155155033,-0.131963104,watch,user3,lie
56.653894656,-0.013299853,0.049835280,-0.021068811,0.232144773,-0.148229748,-0.127864763,watch,user3,lie
56.663893248,-0.013276599,0.041730955,-0.007959366,0.240474388,-0.135931626,-0.125606328,watch,user3,lie
56.673891328,-0.014570840,0.032143205,0.002767146,0.255051494,-0.110040911,-0.124131210,watch,user3,lie
56.683890432,-0.013028823,0.027192846,0.009170294,0.292113304,-0.086444408,-0.115587197,watch,user3,lie
56.693889536,-0.012029171,0.025238112,0.019621789,0.346804231,-0.065512225,-0.113210320,watch,user3,lie
56.703888640,-0.008429550,0.026584178,0.025613666,0.406363010,-0.059077412,-0.100384139,watch,user3,lie
56.713887232,-0.001233980,0.018623024,0.024351895,0.436028481,-0.059863843,-0.095008284,watch,user3,lie
56.723886336,0.006074250,0.003385797,0.020776093,0.436755419,-0.067290954,-0.090802878,watch,user3,lie
56.733885440,0.012424424,0.003630534,0.017828763,0.434550613,-0.077720426,-0.084577739,watch,user3,lie
56.743884544,0.019036122,0.009129688,0.013906002,0.440104604,-0.085843243,-0.077305377,watch,user3,lie
56.753882624,0.021003164,0.004648954,0.017812490,0.424123764,-0.080422111,-0.042751931,watch,user3,lie
56.763881472,0.024272382,0.000738814,0.023191929,0.399423152,-0.072417364,-0.033229332,watch,user3,lie
56.773880320,0.023117445,-0.010510027,0.025057137,0.356377959,-0.077572711,-0.041942395,watch,user3,lie
56.783879424,0.024089776,-0.020502388,0.022437692,0.287846178,-0.085181102,-0.015663989,watch,user3,lie
56.793878528,0.031213418,-0.035060078,0.014933109,0.205197617,-0.088288210,0.004168838,watch,user3,lie
56.803877376,0.026997454,-0.043806523,0.013901949,0.140155762,-0.093976989,0.005000810,watch,user3,lie
56.813876480,0.021562822,-0.034473792,0.008356333,0.108830877,-0.099687338,0.014241179,watch,user3,lie
56.823875584,0.020665847,-0.024813667,-0.006987512,0.082940422,-0.112699807,0.021923335,watch,user3,lie
56.833873408,0.022639044,-0.019735217,-0.018103540,0.065970764,-0.136756137,0.024809670,watch,user3,lie
56.843872512,0.019787073,-0.013895214,-0.018724084,0.060645238,-0.150857046,0.031907260,watch,user3,lie
56.853871360,0.012679957,-0.007711589,-0.010262549,0.069098115,-0.156379372,0.033565078,watch,user3,lie
56.863870464,0.007608533,-0.002977982,-0.007744372,0.094645284,-0.153966814,0.034381069,watch,user3,lie
56.873869568,0.004365146,-0.001332179,-0.002103984,0.112770222,-0.167456269,0.046000440,watch,user3,lie
56.883868416,0.011699744,-0.003415704,0.004203439,0.120487712,-0.168435603,0.059556063,watch,user3,lie
56.893867264,0.010741659,-0.012828767,0.003825128,0.118485816,-0.161747068,0.058455911,watch,user3,lie
56.903866368,0.002242669,-0.016290933,0.003067493,0.105661891,-0.151852354,0.056248818,watch,user3,lie
56.913865472,-0.000321850,-0.015059784,0.011507034,0.094755985,-0.148598507,0.056874126,watch,user3,lie
56.923863552,0.001857325,-0.018793657,0.020163000,0.074733138,-0.135079235,0.062431544,watch,user3,lie
56.933862656,0.002386689,-0.023557082,0.027741671,0.059512641,-0.111462057,0.067136556,watch,user3,lie
56.943861248,-0.000114098,-0.025585830,0.025116980,0.040639661,-0.100914694,0.068473123,watch,user3,lie
56.953860352,0.002070025,-0.023887068,0.019807577,0.014496208,-0.098803878,0.075458594,watch,user3,lie
56.963859456,0.005347572,-0.022533119,0.015980244,-0.019601839,-0.091563538,0.076079786,watch,user3,lie
56.973858560,0.005711816,-0.020869598,0.015644908,-0.053475387,-0.089544334,0.074474692,watch,user3,lie
56.983857408,0.006887928,-0.014953434,0.014215112,-0.074225225,-0.090293035,0.071759731,watch,user3,lie
56.993856512,0.007591419,-0.007638365,0.011046588,-0.072429985,-0.087744392,0.071143210,watch,user3,lie
57.003855360,0.008923970,0.001675099,0.011948645,-0.064087547,-0.076998442,0.072190233,watch,user3,lie
57.013853440,0.011275865,0.007853508,0.009526253,-0.046435852,-0.068399899,0.073864035,watch,user3,lie
57.023852544,0.012073576,0.009046614,0.009034693,-0.031604573,-0.062357720,0.073572479,watch,user3,lie
57.033851392,0.016736291,0.008314073,0.005968809,-0.023911500,-0.071759470,0.072055280,watch,user3,lie
57.043850496,0.020235553,0.001283884,0.001780987,-0.023871066,-0.085221395,0.065565489,watch,user3,lie
57.053849344,0.020773314,-0.003873274,0.004076421,-0.028722811,-0.085966013,0.069720291,watch,user3,lie
57.063848448,0.020400837,-0.009774551,0.004994214,-0.029226016,-0.093664154,0.065247707,watch,user3,lie
57.073847296,0.013683863,-0.013687059,0.001884997,-0.025369758,-0.087637685,0.059083287,watch,user3,lie
57.083846400,0.008498460,-0.012164712,0.001142144,-0.019879919,-0.094785079,0.062416237,watch,user3,lie
57.093844480,0.007885039,-0.008333743,-0.000459075,-0.026043272,-0.111897483,0.057169538,watch,user3,lie
57.103843584,0.007386535,-0.004926726,-0.000362158,-0.037286341,-0.115979314,0.053374667,watch,user3,lie
57.113842432,0.005454198,-0.011268884,0.005028546,-0.051196031,-0.119170316,0.048672322,watch,user3,lie
57.123841280,0.001405239,-0.014028683,0.006350756,-0.072831109,-0.109117761,0.045258153,watch,user3,lie
57.133840384,0.000110775,-0.012793928,0.002733469,-0.092618391,-0.102175698,0.042778481,watch,user3,lie
57.143840512,-0.003305763,-0.007651746,-0.003284156,-0.104564004,-0.090917721,0.034903113,watch,user3,lie
57.153839104,-0.003103495,-0.001650497,-0.008487761,-0.103827901,-0.085830547,0.036291953,watch,user3,lie
57.163838208,-0.000090793,0.001563758,-0.011005819,-0.102461703,-0.081463233,0.034369420,watch,user3,lie
57.173837312,0.002029270,0.001341537,-0.008976340,-0.101243041,-0.075391233,0.030582668,watch,user3,lie
57.183835392,0.002691850,0.000288755,-0.003547013,-0.098089725,-0.076578200,0.032094348,watch,user3,lie
57.193834496,0.000808612,0.000066936,-0.000536203,-0.102062359,-0.079723388,0.034005698,watch,user3,lie
57.203833344,-0.004042894,-0.002793700,0.001935542,-0.106189728,-0.075472191,0.043873508,watch,user3,lie
57.213832192,-0.008271217,-0.006041452,-0.001336515,-0.111678235,-0.059349678,0.054043587,watch,user3,lie
57.223831296,-0.012985200,-0.006701440,-0.005286634,-0.115544394,-0.043168221,0.066040002,watch,user3,lie
57.233830400,-0.012941480,-0.005290866,-0.009103358,-0.112785362,-0.028652929,0.078003719,watch,user3,lie
57.243829248,-0.004555553,-0.000083968,-0.008007586,-0.099698007,-0.036123451,0.093252771,watch,user3,lie
57.253828352,0.004971236,0.009961918,-0.001876056,-0.085318536,-0.044853557,0.106664449,watch,user3,lie
57.263827456,0.008491531,0.014099285,0.007032752,-0.071198143,-0.035985585,0.116748184,watch,user3,lie
57.273825280,0.003619954,0.015063733,0.014896393,-0.056382183,-0.015736509,0.121265166,watch,user3,lie
57.283824384,-0.004260793,0.018309981,0.016832650,-0.041413397,0.003729956,0.113619432,watch,user3,lie
57.293823488,-0.007439211,0.023553550,0.014644444,-0.028745271,0.012147943,0.103351347,watch,user3,lie
57.303822336,-0.005423203,0.021828011,0.016625762,-0.018469110,0.012072664,0.097325549,watch,user3,lie
57.313821440,0.002153501,0.021365047,0.017499387,-0.001870159,0.013881216,0.086544536,watch,user3,lie
57.323820288,0.009205699,0.022128999,0.014513373,0.019014528,0.014256367,0.077840932,watch,user3,lie
57.333819392,0.011834264,0.020865962,0.005828738,0.041712914,0.010183861,0.066642076,watch,user3,lie
57.343818240,0.013528481,0.019992560,-0.003011763,0.049799517,0.001106654,0.057804637,watch,user3,lie
57.353816320,0.016485736,0.014077887,-0.009181321,0.057970893,-0.011270386,0.054926291,watch,user3,lie
57.363815424,0.017913386,0.003985748,-0.016630709,0.062968850,-0.022647411,0.059601869,watch,user3,lie
57.373814272,0.019830689,-0.004151389,-0.018389404,0.055183362,-0.032678206,0.059350468,watch,user3,lie
57.383813376,0.019147158,-0.013022974,-0.016651094,0.036597919,-0.032050945,0.054214496,watch,user3,lie
57.393812224,0.016891420,-0.021513030,-0.013427079,0.014512055,-0.029629599,0.053832598,watch,user3,lie
57.403811328,0.015735388,-0.024661303,-0.016198754,-0.016177326,-0.031519290,0.041914552,watch,user3,lie
57.413810432,0.016174123,-0.020351097,-0.016768038,-0.049877767,-0.048545677,0.029599564,watch,user3,lie
57.423809536,0.021366179,-0.021477386,-0.007280409,-0.084480971,-0.064953230,0.027371097,watch,user3,lie
57.433808384,0.023408771,-0.022326767,0.003411114,-0.110075280,-0.074445270,0.023535080,watch,user3,lie
57.443806208,0.018530250,-0.019270316,0.011443377,-0.131492808,-0.068397500,0.017778058,watch,user3,lie
57.453805312,0.012360737,-0.011271656,0.019344568,-0.143340945,-0.058596004,0.012568115,watch,user3,lie
57.463804416,0.012585357,-0.002712458,0.020610213,-0.141382337,-0.053863566,0.010203161,watch,user3,lie
57.473803520,0.013982624,0.003329113,0.017733097,-0.133019745,-0.050778292,0.009600222,watch,user3,lie
57.483802368,0.014768958,0.007818833,0.016785026,-0.116000682,-0.038728289,0.005829652,watch,user3,lie
57.493801216,0.011316285,0.014317095,0.012379050,-0.088963732,-0.036200948,0.005142557,watch,user3,lie
57.503800320,0.015160650,0.018967107,0.004493773,-0.061625190,-0.039904874,0.012950611,watch,user3,lie
57.513799424,0.017637491,0.023018613,-0.000117242,-0.042636320,-0.054373559,0.012819052,watch,user3,lie
57.523798272,0.015859500,0.018505275,-0.007035673,-0.043278676,-0.061310299,0.013902159,watch,user3,lie
57.533796352,0.012904763,0.006948516,-0.008116305,-0.063993536,-0.063723117,0.019757120,watch,user3,lie
57.543795200,0.009185508,-0.004090264,-0.002965391,-0.085950054,-0.061725568,0.025493700,watch,user3,lie
57.553794304,0.008355990,-0.009475738,-0.001681685,-0.103942908,-0.070744902,0.032128967,watch,user3,lie
57.563793408,0.012047872,-0.013270006,-0.000335455,-0.128138557,-0.082454994,0.041332386,watch,user3,lie
57.573792256,0.017699465,-0.014139205,-0.002186596,-0.139382422,-0.091760874,0.053876139,watch,user3,lie
57.583791360,0.016339883,-0.006828144,-0.008381307,-0.134987473,-0.084351607,0.050729152,watch,user3,lie
57.593790464,0.013939455,0.006998986,-0.012465656,-0.128539950,-0.147579849,0.052034099,watch,user3,lie
57.603789312,0.036140218,0.010526672,-0.009160936,-0.131039917,-0.144415125,0.081253171,watch,user3,lie
57.613787392,0.028771982,0.003520668,-0.004013777,-0.137618721,-0.089645617,0.056696694,watch,user3,lie
57.623786240,-0.011762381,0.000253633,0.004489124,-0.136235833,-0.067265838,0.064213470,watch,user3,lie
57.633785344,0.005712420,-0.000581220,0.006115556,-0.126579210,-0.070872821,0.068820998,watch,user3,lie
57.643784448,0.018532306,-0.001861081,-0.003593087,-0.124249600,-0.097360618,0.072948702,watch,user3,lie
57.653783552,0.027181268,0.002017319,-0.007531941,-0.114489377,-0.106819630,0.068936646,watch,user3,lie
57.663782144,0.018936560,0.002220482,-0.005803943,-0.111290209,-0.098017447,0.066492930,watch,user3,lie
57.673781248,0.006507546,0.000416949,-0.002175331,-0.120895699,-0.087793306,0.066740073,watch,user3,lie
57.683780352,0.003718197,-0.002014831,0.001314104,-0.121913567,-0.066478163,0.062935613,watch,user3,lie
57.693779456,0.003536209,-0.002390236,0.006668508,-0.122047521,-0.065009959,0.059389085,watch,user3,lie
57.703777536,0.004434273,0.002295554,0.007832408,-0.116434470,-0.054766197,0.054219890,watch,user3,lie
57.713776128,0.006068215,0.008313611,0.003127158,-0.099986516,-0.036923818,0.050681081,watch,user3,lie
57.723775232,0.002490267,0.009404585,0.001204550,-0.080533586,-0.024061019,0.042891536,watch,user3,lie
57.733774336,-0.002854317,0.010359809,-0.000753820,-0.064665675,-0.022115845,0.042040922,watch,user3,lie
57.743773440,0.000036076,0.010916278,0.004487932,-0.062397067,-0.016359422,0.037227321,watch,user3,lie
57.753772288,0.000673801,0.005672172,0.008081675,-0.061495319,-0.000219067,0.030736133,watch,user3,lie
57.763771392,-0.005631924,0.001779705,0.001755834,-0.052317265,0.007177064,0.028473245,watch,user3,lie
57.773770240,-0.003104001,0.006099597,-0.007048309,-0.038765505,0.012055974,0.025743505,watch,user3,lie
57.783768320,0.002469718,0.011386260,-0.008992910,-0.031957887,0.011230306,0.017267928,watch,user3,lie
57.793767424,0.006986246,0.010087773,-0.010391772,-0.029942673,0.002265839,0.012012181,watch,user3,lie
57.803766272,0.009661883,0.003615454,-0.009083390,-0.031346779,-0.001642704,0.012832833,watch,user3,lie
57.813765376,0.012246579,0.000205874,0.000416100,-0.036207315,-0.005054746,0.008916123,watch,user3,lie
57.823764480,0.011492655,0.000193596,0.005954981,-0.038459595,0.000404556,0.003954720,watch,user3,lie
57.833763328,0.006798491,0.001148432,0.007516325,-0.036176465,0.005147380,-0.001443774,watch,user3,lie
57.843762176,0.004592195,-0.002403393,0.006073952,-0.033545353,0.006818957,0.001923794,watch,user3,lie
57.853761280,0.002426922,0.002013281,0.001014173,-0.024910318,0.009222194,0.001403412,watch,user3,lie
57.863760384,0.006646290,0.009402886,-0.001285970,-0.017211653,-0.001009937,0.001176910,watch,user3,lie
57.873758464,0.013894364,0.011719272,-0.001137018,-0.010373987,-0.004629173,-0.001684656,watch,user3,lie
57.883757312,0.014114842,0.010420635,-0.002126396,-0.012687697,-0.011237363,-0.001743046,watch,user3,lie
57.893756160,0.012220845,0.004431471,-0.003849804,-0.021061474,-0.013835543,-0.005394773,watch,user3,lie
57.903755264,0.013495788,0.002957985,-0.003604531,-0.031277847,-0.019883139,-0.012507477,watch,user3,lie
57.913754368,0.014479145,0.003536984,-0.004560828,-0.032137785,-0.022410212,-0.012106405,watch,user3,lie
57.923753472,0.014910966,0.002928823,-0.005210161,-0.032923725,-0.019847099,-0.009039176,watch,user3,lie
57.933752320,0.017554298,0.001661465,-0.005770862,-0.039106786,-0.018260386,0.000494409,watch,user3,lie
57.943751168,0.018171802,-0.001106426,-0.006452501,-0.044030707,-0.038988300,0.005662672,watch,user3,lie
57.953750272,0.022283733,-0.002823368,-0.004979551,-0.050001513,-0.042288490,0.016967790,watch,user3,lie
57.963748352,0.019621372,-0.002425954,-0.004135907,-0.053034455,-0.053637017,0.018646048,watch,user3,lie
57.973747456,0.016846091,-0.005467772,-0.001789153,-0.052866939,-0.063033454,0.018494515,watch,user3,lie
57.983746304,0.020623863,-0.008489199,0.003791451,-0.048395626,-0.051270001,0.012712725,watch,user3,lie
57.993745408,0.012639761,-0.005718358,0.005378544,-0.038335267,-0.028947653,0.015253115,watch,user3,lie
58.003744256,0.007120952,-0.002184249,0.007732987,-0.030370153,-0.001117618,0.020318514,watch,user3,lie
58.013743360,0.003276333,-0.003492296,0.011993885,-0.033492178,0.011965428,0.017996503,watch,user3,lie
58.023742208,0.004285023,-0.006434761,0.013046205,-0.040569928,0.020182345,0.016628638,watch,user3,lie
58.033741312,0.006003320,-0.004815169,0.011881530,-0.033938922,0.026062869,0.013829389,watch,user3,lie
58.043739392,0.003550783,-0.003176779,0.005167127,-0.031375144,0.032901958,0.012341814,watch,user3,lie
58.053738240,0.003061056,-0.001864500,0.001300335,-0.033731773,0.037215747,0.012118641,watch,user3,lie
58.063737344,0.004163921,-0.002102792,0.000988305,-0.046884108,0.038338356,0.012344676,watch,user3,lie
58.073736192,0.008186668,-0.006503597,0.000784874,-0.062733106,0.018523905,0.009189097,watch,user3,lie
58.083735296,0.013194636,-0.008317627,-0.001268804,-0.088415615,-0.015435039,0.013422524,watch,user3,lie
58.093734400,0.017281517,-0.009520866,-0.002285123,-0.111906290,-0.089095682,0.009519927,watch,user3,lie
58.103733504,0.033576980,-0.009929858,-0.003550828,-0.146079317,-0.103390455,0.032838102,watch,user3,lie
58.113732096,0.029624224,-0.016393036,0.003554881,-0.185737506,-0.106628060,0.034954783,watch,user3,lie
58.123731200,0.010762349,-0.031350948,-0.001665890,-0.249157861,-0.118690148,0.043820977,watch,user3,lie
58.133729280,0.022829741,-0.035712712,0.008195102,-0.317991257,-0.150701076,0.064591236,watch,user3,lie
58.143728128,0.027135760,-0.036327384,0.005858481,-0.372100413,-0.176839471,0.047213644,watch,user3,lie
58.153727232,0.034652933,-0.035810612,0.010782301,-0.432435930,-0.209171042,0.064395033,watch,user3,lie
58.163726080,0.046361864,-0.033661865,0.013706148,-0.459193736,-0.211329088,0.054873493,watch,user3,lie
58.173724928,0.033544943,-0.029617332,0.008427501,-0.449901700,-0.181029245,0.049932264,watch,user3,lie
58.183724032,0.023010895,-0.023762494,0.006305277,-0.423754811,-0.156760827,0.054344792,watch,user3,lie
58.193723136,0.027717635,-0.016947918,0.008244336,-0.408820063,-0.152847052,0.055277962,watch,user3,lie
58.203722240,0.034555525,-0.011077642,0.010935426,-0.391877353,-0.148122251,0.056142624,watch,user3,lie
58.213720064,0.037610769,-0.004305340,0.011872768,-0.370156884,-0.145974144,0.055328496,watch,user3,lie
58.223718912,0.035145372,0.002164908,0.007324576,-0.331300825,-0.152645886,0.044545755,watch,user3,lie
58.233718016,0.029302627,0.010306537,0.000628650,-0.282185763,-0.156516790,0.045331385,watch,user3,lie
58.243717120,0.026512593,0.023050874,-0.001698315,-0.228913426,-0.146234691,0.051218238,watch,user3,lie
58.253716224,0.014795005,0.031878360,-0.001015604,-0.175423563,-0.139582917,0.046197381,watch,user3,lie
58.263715072,0.000911385,0.034086406,0.000045717,-0.123249672,-0.108484201,0.052098680,watch,user3,lie
58.273714176,-0.013102829,0.032882333,-0.003397465,-0.082305171,-0.073901989,0.052456077,watch,user3,lie
58.283713024,-0.024099886,0.028008662,-0.001581013,-0.031598803,-0.043106612,0.054885481,watch,user3,lie
58.293712128,-0.028406203,0.024472374,-0.002897441,0.001332781,-0.012988925,0.053473204,watch,user3,lie
58.303710208,-0.034455627,0.024404939,-0.006608546,0.020276600,0.017083045,0.037757959,watch,user3,lie
58.313709056,-0.039985210,0.022349216,-0.008233964,0.022359192,0.048416734,0.021278851,watch,user3,lie
58.323708160,-0.039333507,0.020538963,-0.009065807,0.028208913,0.064924695,0.021747433,watch,user3,lie
58.333707008,-0.030722022,0.018630669,-0.012460887,0.024336677,0.064276211,0.022806838,watch,user3,lie
58.343706112,-0.020774037,0.016618140,-0.007940292,0.021918174,0.051918790,0.020463124,watch,user3,lie
58.353704960,-0.014835715,0.015591592,-0.007528067,0.018195873,0.041612890,0.017560277,watch,user3,lie
58.363704064,-0.012547016,0.013946645,-0.003687859,0.016624162,0.041786350,0.012007453,watch,user3,lie
58.373703168,-0.014443859,0.011496767,-0.003463387,0.022265004,0.043670803,0.001766268,watch,user3,lie
58.383702272,-0.011408538,0.011610083,-0.007698357,0.026261922,0.040293027,-0.003008580,watch,user3,lie
58.393700096,-0.005844027,0.014727175,-0.005802691,0.028946919,0.041815557,-0.010259036,watch,user3,lie
58.403698944,-0.002072066,0.018786244,-0.003569603,0.037604101,0.033154070,-0.020177247,watch,user3,lie
58.413698048,0.001481459,0.020493992,0.000628710,0.045652706,0.029315654,-0.029510029,watch,user3,lie
58.423697152,0.003563941,0.020133302,0.001616001,0.050860163,0.029622361,-0.034874033,watch,user3,lie
58.433696256,0.003408402,0.016207874,0.002938151,0.062456097,0.035654422,-0.033338722,watch,user3,lie
58.443695104,0.006112337,0.013625197,0.004454195,0.065382026,0.056846704,-0.011475236,watch,user3,lie
58.453693952,0.011095062,0.002399527,0.008298635,0.048780415,0.049238052,-0.011856867,watch,user3,lie
58.463693056,0.012748316,-0.005477905,0.008217573,0.041317437,0.043636892,-0.011697876,watch,user3,lie
58.473691136,0.011971518,0.002003819,0.006982863,0.052020948,0.036606681,-0.010417694,watch,user3,lie
58.483690240,0.015758455,0.007698193,0.003327787,0.063789859,0.029400699,-0.007795746,watch,user3,lie
58.493689088,0.014689252,0.004615538,0.000799000,0.072546065,0.025394239,-0.003861991,watch,user3,lie
58.503687936,0.014173925,0.001897916,0.001358330,0.074511208,0.022495123,-0.000053537,watch,user3,lie
58.513687040,0.015193045,-0.002210088,0.007983625,0.071510360,0.018797323,0.004962793,watch,user3,lie
58.523686144,0.015898988,-0.003697038,0.010264754,0.067719884,0.022279672,0.007688006,watch,user3,lie
58.533684992,0.013102517,-0.003888592,0.010134399,0.067643188,0.020893231,0.006008617,watch,user3,lie
58.543684096,0.015722558,-0.003385924,0.001531482,0.070636086,0.018715475,0.013120255,watch,user3,lie
58.553683200,0.014346957,-0.003108658,-0.002064764,0.070474163,0.021640958,0.017034570,watch,user3,lie
58.563681024,0.014661789,-0.005725816,-0.002757967,0.067698531,0.022027826,0.016884234,watch,user3,lie
58.573680128,0.016172111,-0.007546104,-0.000279129,0.055855189,0.019187830,0.015446393,watch,user3,lie
58.583678976,0.019937441,-0.007864386,0.003970027,0.041535459,0.010290565,0.011013162,watch,user3,lie
58.593678080,0.022754058,-0.007673167,0.005310476,0.034508176,0.001156455,0.009306875,watch,user3,lie
58.603677184,0.023789331,-0.002039619,0.002051651,0.025346370,-0.004022860,0.004765387,watch,user3,lie
58.613676288,0.023310125,-0.000241630,-0.000937879,0.025284320,-0.008438914,0.002104889,watch,user3,lie
58.623674880,0.019444704,-0.000794783,-0.003555477,0.017470516,-0.014120324,0.004389082,watch,user3,lie
58.633673984,0.019537732,0.000291750,-0.006129682,0.009019506,-0.021470649,0.004453797,watch,user3,lie
58.643672064,0.021464825,-0.003104404,-0.011110365,0.002712076,-0.026437709,0.002362017,watch,user3,lie
58.653671168,0.021866694,-0.004217356,-0.013368964,0.000298453,-0.034934793,0.008223368,watch,user3,lie
58.663670272,0.019435734,-0.002643965,-0.010480702,-0.002109444,-0.041670728,0.004801539,watch,user3,lie
58.673668864,0.013992369,-0.000172950,-0.005428493,-0.001610634,-0.039922360,0.000827304,watch,user3,lie
58.683667968,0.008098066,-0.001057677,0.000562906,0.000194057,-0.030766945,-0.000948692,watch,user3,lie
58.693667072,0.002724946,0.001871608,0.004895627,0.003925146,-0.019590456,-0.002874690,watch,user3,lie
58.703666176,-0.003840163,0.003969617,0.003060937,0.018229872,0.001349002,-0.006146250,watch,user3,lie
58.713665024,-0.007241234,0.007851981,0.002164543,0.030323552,0.020691276,-0.004789103,watch,user3,lie
58.723664128,-0.004914090,0.009529226,-0.000088692,0.039277099,0.026136106,-0.007214311,watch,user3,lie
58.733661952,-0.005165607,0.008289963,-0.003502369,0.041806038,0.023641523,-0.006500318,watch,user3,lie
58.743661056,-0.000426218,0.006135203,-0.005525708,0.037873656,0.015765669,-0.003718180,watch,user3,lie
58.753660160,0.006953746,0.001737103,-0.004155993,0.025371715,0.002914319,-0.004354675,watch,user3,lie
58.763659008,0.007999390,-0.003056422,-0.000826895,0.014012934,0.000467939,-0.005386450,watch,user3,lie
58.773658112,0.008858651,-0.002373077,0.001531482,-0.000682389,0.001396317,-0.003127291,watch,user3,lie
58.783657216,0.009231672,0.000192650,0.005061328,-0.007786371,0.000447965,-0.005549169,watch,user3,lie
58.793656064,0.007963166,-0.000271834,0.006431878,-0.013979819,-0.000698525,-0.005702834,watch,user3,lie
58.803654912,0.010515109,0.001257710,0.008886874,-0.021280298,0.000581301,-0.002819363,watch,user3,lie
58.813654016,0.015397027,0.001385339,0.008124948,-0.026040964,-0.002214752,-0.002565031,watch,user3,lie
58.823652096,0.019610867,0.004097551,0.004568934,-0.027388614,-0.006248997,-0.004489698,watch,user3,lie
58.833651200,0.019079179,0.006234214,-0.002123177,-0.030166557,-0.010694877,-0.001462482,watch,user3,lie
58.843650048,0.016418248,0.006813489,-0.001876235,-0.036230486,-0.014531339,-0.000624385,watch,user3,lie
58.853648896,0.019730225,0.003831081,0.000108123,-0.044355791,-0.019422235,0.001655014,watch,user3,lie
58.863648000,0.018429399,-0.001216188,0.002681196,-0.064976111,-0.016707674,0.002263413,watch,user3,lie
58.873647104,0.014377072,-0.008140020,0.003301799,-0.082234994,-0.015886888,0.000629031,watch,user3,lie
58.883646208,0.012157857,-0.008239016,-0.000406027,-0.088997386,-0.020936863,0.001396687,watch,user3,lie
58.893645056,0.013816774,-0.003850013,-0.001532018,-0.088568084,-0.028890660,0.001570858,watch,user3,lie
58.903643136,0.012278542,0.002153188,-0.002078354,-0.071768768,-0.032252014,0.000410652,watch,user3,lie
58.913641984,0.011140764,0.004643776,-0.003489614,-0.035169479,-0.032861877,0.000845014,watch,user3,lie
58.923641088,0.010567412,0.009420954,-0.001859486,-0.006110044,-0.035763036,0.008210518,watch,user3,lie
58.933640192,0.008366287,0.014366582,-0.000840664,0.015555036,-0.030303024,0.005356675,watch,user3,lie
58.943639040,0.007858455,0.010592960,-0.002834558,0.019802690,-0.031890888,0.004575170,watch,user3,lie
58.953638144,0.007625714,0.005328044,-0.002822876,0.010791885,-0.026900925,0.002010546,watch,user3,lie
58.963636992,0.009558365,0.000405468,0.002710879,-0.002587614,-0.023393717,0.000105654,watch,user3,lie
58.973636096,0.007719636,-0.006043859,0.006169021,-0.017675487,-0.020349458,-0.000913006,watch,user3,lie
58.983634944,0.007136732,-0.010357670,0.005898714,-0.025868658,-0.023971446,0.000890287,watch,user3,lie
58.993633280,0.007041857,-0.013252802,0.004794836,-0.032820571,-0.020848889,0.002998446,watch,user3,lie
59.003632128,0.008698776,-0.011669531,0.000902951,-0.035189856,-0.021095231,0.001361866,watch,user3,lie
59.013630976,0.008461714,-0.006638765,-0.000965357,-0.033114988,-0.013753695,0.002313414,watch,user3,lie
59.023630080,0.005163521,-0.000954568,0.001155674,-0.030321863,-0.011183746,0.000807663,watch,user3,lie
59.033629184,0.004021749,0.000468060,0.002443314,-0.020678556,-0.003324757,-0.000282635,watch,user3,lie
59.043628032,0.005616888,0.002036519,0.005022764,-0.018662233,0.003150364,0.002475667,watch,user3,lie
59.053627136,0.005405128,0.004346818,0.006293297,-0.012112987,0.006331510,0.000437550,watch,user3,lie
59.063626240,0.003735974,0.004520372,0.004372656,-0.004440198,0.007438675,0.001695960,watch,user3,lie
59.073625088,0.006131470,0.005992658,0.002796292,0.004497637,0.005339305,-0.001065738,watch,user3,lie
59.083623168,0.007760599,0.007876016,0.002588689,0.006991421,0.004836500,0.000679432,watch,user3,lie
59.093622016,0.006959125,0.005582556,0.001326561,0.007822061,0.004712131,0.000538550,watch,user3,lie
59.103621120,0.010241434,0.002720170,0.002199411,0.002545540,0.002189318,-0.001292772,watch,user3,lie
59.113620224,0.011444002,-0.001074597,0.002019584,-0.001555728,0.000376771,0.000563451,watch,user3,lie
59.123619072,0.011644363,-0.000241816,-0.000279188,-0.007366036,0.001914124,-0.001995581,watch,user3,lie
59.133617920,0.011353225,0.003017247,0.000795901,-0.005940978,0.000948729,-0.001210214,watch,user3,lie
59.143616512,0.012339845,0.004567631,0.005011022,-0.001450223,-0.002740016,-0.002537201,watch,user3,lie
59.153615616,0.012445986,0.004599601,0.003695726,0.003248392,-0.003216722,-0.002984612,watch,user3,lie
59.163613696,0.014267936,0.003224812,-0.000251472,0.009937188,-0.007504944,-0.005227127,watch,user3,lie
59.173612800,0.012406498,0.006284073,0.001383126,0.020589299,-0.013668298,-0.004844430,watch,user3,lie
59.183611648,0.011521235,0.005467452,-0.001491070,0.020065589,-0.012552965,-0.004796160,watch,user3,lie
59.193610496,0.009809852,0.003790110,-0.003551841,0.021123130,-0.008406425,-0.002912773,watch,user3,lie
59.203609600,0.005087420,0.000494599,-0.002270877,0.017065760,-0.000925515,-0.001296434,watch,user3,lie
59.213608704,0.004764885,-0.001173481,-0.000920951,0.006724439,-0.000504469,0.000561920,watch,user3,lie
59.223607552,0.007491142,-0.001573496,-0.000278831,-0.005389482,-0.005850233,-0.001087376,watch,user3,lie
59.233606656,0.010543644,0.000590041,-0.002288997,-0.019917026,-0.006899251,-0.002026939,watch,user3,lie
59.243605760,0.011203498,0.003008813,-0.000551283,-0.019589014,-0.006354991,-0.003905000,watch,user3,lie
59.253603584,0.011131614,0.005139731,-0.002286017,-0.015993746,-0.011591831,-0.006300514,watch,user3,lie
59.263602688,0.013839513,0.008732721,-0.002513945,-0.007073931,-0.016995829,-0.003515247,watch,user3,lie
59.273601536,0.016360283,0.010970332,-0.001175106,0.000262012,-0.025012210,-0.004627916,watch,user3,lie
59.283600640,0.013199002,0.007160127,-0.003862143,-0.003294417,-0.027256101,-0.005280190,watch,user3,lie
59.293599744,0.011345446,0.000234202,-0.005210400,-0.009174678,-0.028938685,-0.000693162,watch,user3,lie
59.303598848,0.010889530,-0.004607052,-0.002234161,-0.020867508,-0.030208036,-0.002145184,watch,user3,lie
59.313597440,0.011232093,-0.005022623,-0.001528203,-0.019280264,-0.027934231,0.003942270,watch,user3,lie
59.323596544,0.010977194,-0.004594013,-0.002456129,-0.016872454,-0.029869106,0.003570293,watch,user3,lie
59.333595648,0.008505434,-0.001984686,-0.001476824,-0.012622849,-0.025935084,0.006155423,watch,user3,lie
59.343593728,0.006620586,-0.002810165,0.002743781,-0.004237310,-0.021637896,0.007123948,watch,user3,lie
59.353592832,0.007232696,-0.005629487,0.006572247,-0.003013321,-0.017499343,0.012377300,watch,user3,lie
59.363591680,0.007534355,-0.007656209,0.005114079,-0.002366705,-0.012764243,0.011242793,watch,user3,lie
59.373590528,0.007192701,-0.007369712,0.005398095,0.009248406,-0.007661359,0.013877992,watch,user3,lie
59.383589632,0.008115917,-0.006938517,0.004666448,0.016717507,-0.000462303,0.017247155,watch,user3,lie
59.393588736,0.005397379,-0.007564731,0.005809844,0.010643370,0.008644643,0.018560626,watch,user3,lie
59.403587584,0.007502720,-0.009484731,0.004576981,-0.003592825,0.011961077,0.021717537,watch,user3,lie
59.413586688,0.010200649,-0.012437068,0.005968750,-0.029885948,0.011455609,0.023421429,watch,user3,lie
59.423584512,0.014473245,-0.015906230,0.005271256,-0.053176887,0.007825987,0.019678354,watch,user3,lie
59.433583616,0.015968725,-0.013809822,0.000732362,-0.071221672,0.002357186,0.020916458,watch,user3,lie
59.443582720,0.018611491,-0.008430071,-0.003459573,-0.080480061,-0.002985559,0.017143959,watch,user3,lie
59.453581568,0.018833295,-0.004022524,-0.002267957,-0.087102011,-0.007857813,0.018626008,watch,user3,lie
59.463580672,0.021286830,-0.003448024,-0.006192386,-0.100702465,-0.011750111,0.017258674,watch,user3,lie
59.473579776,0.019704178,-0.001310535,-0.003316343,-0.117838308,-0.019204564,0.015185669,watch,user3,lie
59.483578624,0.016619086,-0.001745805,-0.002331853,-0.130006209,-0.023434643,0.009105140,watch,user3,lie
59.493577728,0.013274714,-0.003775612,-0.002562225,-0.121651329,-0.027910881,0.004422771,watch,user3,lie
59.503576576,0.010425165,0.002433788,-0.003488600,-0.089935787,-0.033237383,0.006821680,watch,user3,lie
59.513574656,0.009674743,0.013425622,-0.005329609,-0.065088496,-0.039296072,0.011291795,watch,user3,lie
59.523573760,0.006155506,0.025067508,-0.003888786,-0.042647593,-0.034151733,0.012283224,watch,user3,lie
59.533572608,0.004617974,0.025557831,0.002102435,-0.025508022,-0.021337137,0.007399253,watch,user3,lie
59.543571712,0.002952412,0.020150833,0.004710734,-0.018860638,-0.010289279,0.010507229,watch,user3,lie
59.553570560,0.001443520,0.013052762,0.006246388,-0.010039183,-0.005595723,0.012534427,watch,user3,lie
59.563569664,0.003481790,0.007293236,0.004254162,-0.012434387,-0.011205229,0.014476736,watch,user3,lie
59.573568768,0.007158592,0.005515631,-0.000791609,-0.021379411,-0.022955094,0.019998001,watch,user3,lie
59.583567616,0.012016296,-0.000119276,-0.002353668,-0.028299946,-0.024619482,0.022166148,watch,user3,lie
59.593566720,0.009400398,-0.001716163,-0.002667844,-0.025504693,-0.014568712,0.020250537,watch,user3,lie
59.603564544,0.006372839,-0.001746356,-0.000221193,-0.013364717,-0.008755742,0.018193845,watch,user3,lie
59.613563648,0.007682472,-0.000271134,-0.001165688,-0.003926740,-0.008541357,0.020435426,watch,user3,lie
59.623562752,0.009813279,0.002980404,0.002594650,-0.007140777,-0.016938038,0.015893338,watch,user3,lie
59.633561856,0.009545311,0.002467424,0.002038538,-0.010256675,-0.023075026,0.013530049,watch,user3,lie
59.643560704,0.006831557,0.000948731,0.002756476,-0.016982354,-0.026732080,0.013122785,watch,user3,lie
59.653559552,0.003231525,0.000509959,0.005192697,-0.014695499,-0.018926088,0.011893470,watch,user3,lie
59.663558656,0.001808554,0.000456102,0.003978312,-0.013007766,-0.009300269,0.009990375,watch,user3,lie
59.673557760,0.002766654,-0.001148641,0.002459049,-0.007948025,-0.002739838,0.009174382,watch,user3,lie
59.683555840,0.003346115,-0.004742861,0.004020870,0.023522327,0.070146531,-0.006148181,watch,user3,lie
59.693554688,0.007510126,-0.000858497,0.034117520,-0.041949090,-0.030765168,0.012222038,watch,user3,lie
59.703553536,0.014138192,-0.009688716,-0.007596374,0.012049607,-0.037733950,0.000523304,watch,user3,lie
59.713552640,0.005201474,0.005357243,-0.053431273,-0.025330789,0.008993339,-0.012465465,watch,user3,lie
59.723551744,0.002670228,0.017210029,0.036375403,0.007316327,0.033030588,0.008123233,watch,user3,lie
59.733550592,-0.001198485,-0.002901509,-0.007672012,-0.005128359,0.033080123,0.003488001,watch,user3,lie
59.743549696,0.006778315,-0.007713255,0.006997347,-0.023146063,0.003992722,0.001306073,watch,user3,lie
59.753548800,0.020912677,0.001482215,0.002396524,-0.019050920,-0.021917172,0.001368658,watch,user3,lie
59.763547904,0.026637360,0.010920707,-0.009141982,-0.010586729,-0.031435840,0.000536486,watch,user3,lie
59.773545728,0.017207712,0.014571708,-0.008906662,-0.007039932,-0.027331643,0.001868866,watch,user3,lie
59.783544576,0.011916205,0.010157812,-0.004042804,-0.012455780,-0.026052974,0.000096199,watch,user3,lie
59.793543680,0.011406943,0.002950821,0.001791716,-0.016041726,-0.022265425,-0.002009829,watch,user3,lie
59.803542784,0.010690823,0.002646603,0.003246903,-0.019532198,-0.029556360,-0.002902720,watch,user3,lie
59.813541888,0.012098387,0.003667846,-0.001097322,-0.019371610,-0.034819033,-0.001762088,watch,user3,lie
59.823540480,0.013099745,0.002180349,0.001161337,-0.021949816,-0.036543697,-0.002158766,watch,user3,lie
59.833539584,0.008227512,0.000343323,0.000771761,-0.020876562,-0.031628035,-0.002159298,watch,user3,lie
59.843538688,0.005340487,-0.002483167,-0.003494442,-0.015900269,-0.023282576,-0.000262196,watch,user3,lie
59.853537792,0.005215362,-0.000755623,-0.003115535,-0.010371280,-0.016403362,0.002712822,watch,user3,lie
59.863535872,0.004530638,0.002947882,-0.002669275,-0.008130230,-0.012678134,0.000874575,watch,user3,lie
59.873534464,0.007753849,0.003370877,-0.002186537,-0.010856774,-0.014013975,0.000324366,watch,user3,lie
59.883533568,0.011184245,0.001012828,0.000392199,-0.012925296,-0.007511778,0.001638170,watch,user3,lie
59.893532672,0.009731844,0.000804476,0.002432942,-0.014565537,-0.006479271,0.001123647,watch,user3,lie
59.903531776,0.009333223,-0.001067787,0.003532410,-0.020204868,-0.004707559,-0.000683574,watch,user3,lie
59.913530624,0.008826420,-0.001948114,0.007730365,-0.019626696,-0.003786371,-0.003219170,watch,user3,lie
59.923529728,0.008008197,-0.000971589,0.004820824,-0.015916025,-0.003954594,-0.002212761,watch,user3,lie
59.933528576,0.007137984,-0.000486374,-0.002322018,-0.013868054,-0.008506203,-0.004297750,watch,user3,lie
59.943526656,0.010636464,0.002872001,-0.004721403,-0.010311803,-0.003874965,0.000229557,watch,user3,lie
59.953525760,0.011112258,0.001226000,-0.003222406,-0.015525740,-0.002490122,0.001547023,watch,user3,lie
59.963524608,0.008813381,-0.002041120,-0.000924587,-0.020465059,-0.004320069,-0.001471604,watch,user3,lie
59.973523712,0.009349525,-0.002670512,0.003875673,-0.024958877,-0.006961126,-0.006368358,watch,user3,lie
59.983522816,0.008326188,-0.000437941,0.002638519,-0.020316944,-0.009607065,-0.008664601,watch,user3,lie
59.993521664,0.009645700,0.003415018,-0.000625253,-0.011121580,-0.012915244,-0.007390013,watch,user3,lie
60.003520512,0.010661393,0.006418321,-0.002092302,-0.005827927,-0.011604615,-0.006432340,watch,user3,lie
60.013519616,0.008976772,0.007377960,0.000585854,0.001822003,-0.000384716,-0.002017085,watch,user3,lie
60.023518720,0.008298829,0.004748810,-0.000581920,0.002150193,0.002902513,-0.004308735,watch,user3,lie
60.033516800,0.004999384,0.003078833,-0.001396894,0.002182950,0.004606670,-0.000789368,watch,user3,lie
60.043515648,0.008329257,0.002067875,-0.003852487,0.001409657,-0.004143324,-0.000079503,watch,user3,lie
60.053514496,0.012126058,0.001710642,-0.004609644,-0.000740313,-0.006989710,-0.000160196,watch,user3,lie
60.063513600,0.010175645,0.002210852,-0.001339674,-0.008964643,-0.007860919,-0.001229256,watch,user3,lie
60.073512704,0.010020465,0.002453703,0.000928283,-0.012849928,-0.008765861,-0.001575467,watch,user3,lie
60.083511808,0.009639829,0.000392314,0.000585556,-0.017924182,-0.013392571,-0.000283101,watch,user3,lie
60.093510656,0.008897021,0.002179418,0.004664481,-0.021086153,-0.013862886,0.001402680,watch,user3,lie
60.103509504,0.008630186,0.002032556,0.003279805,-0.011270674,-0.009792243,0.002547106,watch,user3,lie
60.113508608,0.007690787,0.001351006,-0.001578867,-0.001400200,-0.005492836,0.005676587,watch,user3,lie
60.123506688,0.005799830,0.004907325,-0.003211021,0.000548435,-0.001182510,0.002381458,watch,user3,lie
60.133505792,0.008798823,0.004952081,-0.001778483,0.003774855,0.001598363,0.003770030,watch,user3,lie
60.143503104,0.010774910,0.003987342,-0.001738250,0.002790284,-0.002179598,0.000111379,watch,user3,lie
60.153502208,0.012881026,-0.000128634,0.000655532,-0.005991756,-0.009503823,0.001364663,watch,user3,lie
60.163501056,0.012862191,-0.002911996,0.004840851,-0.010365332,-0.012214920,0.000670310,watch,user3,lie
60.173500160,0.012564644,-0.001311339,0.004122317,-0.003334853,-0.010575480,-0.002067686,watch,user3,lie
60.183499264,0.009204835,0.003603168,0.000007033,-0.000860244,-0.006520817,0.000606528,watch,user3,lie
60.193498368,0.006842241,0.005294673,-0.003536582,0.001033530,-0.002127400,0.000978837,watch,user3,lie
60.203496960,0.009212181,0.002596918,-0.001616776,-0.000871873,-0.006643500,-0.003123363,watch,user3,lie
60.213495040,0.011520237,0.002144136,-0.000723958,-0.005193118,-0.010924532,-0.003219769,watch,user3,lie
60.223494144,0.012506098,0.003300831,0.000692606,-0.004340241,-0.015962966,-0.005005352,watch,user3,lie
60.233493248,0.013701186,0.002464291,0.001922667,-0.004894977,-0.013915794,0.000127625,watch,user3,lie
60.243492352,0.010146737,-0.002201550,0.000958622,-0.005357258,-0.014050638,-0.002067419,watch,user3,lie
60.253490944,0.007342800,-0.002767045,0.003498912,0.000341108,-0.014342520,-0.001900173,watch,user3,lie
60.263490048,0.007085130,-0.000388891,-0.000652432,0.005602627,-0.005345386,0.001746227,watch,user3,lie
60.273489152,0.007512078,0.001331761,-0.002500951,0.006597318,0.000056304,0.004859996,watch,user3,lie
60.283488256,0.006672993,-0.003862027,-0.004970968,0.003528380,-0.001383046,0.003827887,watch,user3,lie
60.293487104,0.005227894,-0.004282985,0.000143468,-0.002838440,-0.000098870,0.001910411,watch,user3,lie
60.303485184,0.006499305,-0.003344320,0.005399048,-0.004607134,-0.000093632,-0.000431040,watch,user3,lie
60.313484032,0.004740283,-0.003203232,0.007605851,-0.004664924,0.004558643,-0.001650768,watch,user3,lie
60.323483136,0.005049542,-0.001334734,0.008950531,-0.007082187,0.007440006,-0.001397235,watch,user3,lie
60.333482240,0.004411116,0.002040420,0.007279396,0.001432738,0.013012937,-0.000328775,watch,user3,lie
60.343481088,0.002617642,0.005511925,-0.000244379,0.005375992,0.013954276,0.000284685,watch,user3,lie
60.353480192,0.006248206,0.006395686,-0.003409207,0.002027865,0.006537372,0.004397671,watch,user3,lie
60.363479296,0.009827673,0.000970878,-0.000652909,0.004856986,0.001046910,-0.000191156,watch,user3,lie
60.373478144,0.011295855,0.000162866,-0.004377604,-0.002487213,-0.001985631,0.001100744,watch,user3,lie
60.383476992,0.012647331,0.002685349,-0.004672766,-0.007325511,-0.005698876,0.000683892,watch,user3,lie
60.393475072,0.011923283,0.003996719,-0.001813769,-0.011874457,-0.010291497,-0.003088475,watch,user3,lie
60.403474176,0.012748525,0.001227524,0.000762701,-0.011829671,-0.013461813,-0.001115938,watch,user3,lie
60.413473280,0.012108341,0.000251014,0.003973424,-0.007645579,-0.013414675,-0.002243254,watch,user3,lie
60.423472128,0.011248872,0.001694199,0.004485607,-0.002000742,-0.009390106,-0.004364862,watch,user3,lie
60.433470976,0.009822071,0.001603328,0.002610385,-0.001061712,-0.006374609,-0.003364578,watch,user3,lie
60.443470080,0.011026591,0.000915434,0.001315296,0.002773240,-0.008365322,0.003585473,watch,user3,lie
60.453469184,0.011160761,-0.002055835,-0.002295732,0.001997728,-0.016334832,0.006307757,watch,user3,lie
60.463468288,0.012342557,-0.001917820,-0.002137423,0.007178330,-0.010756752,0.008389749,watch,user3,lie
60.473466368,0.008723482,0.000476919,-0.002437115,0.011893457,0.002671971,0.010052361,watch,user3,lie
60.483464960,0.006021619,0.002489191,-0.001644075,0.010104124,0.010117017,0.007325083,watch,user3,lie
60.493464064,0.006631181,0.003368229,0.003277719,0.003286698,0.008281299,0.004501867,watch,user3,lie
60.503463168,0.010731965,0.004050687,0.003905952,-0.005502622,-0.009273016,0.003006368,watch,user3,lie
60.513462272,0.015496001,0.002987519,0.001646698,-0.009865146,-0.031074449,0.001788505,watch,user3,lie
60.523461120,0.016505048,0.001746368,-0.000243187,-0.011450792,-0.034308325,0.002931401,watch,user3,lie
60.533460224,0.009032816,0.001750920,0.000365853,-0.010690725,-0.021909982,0.003663770,watch,user3,lie
60.543459072,0.001153946,-0.000482105,0.002385318,-0.009938294,-0.013348630,0.003432874,watch,user3,lie
60.553458176,0.002002358,-0.002766110,0.004233301,-0.005765653,-0.005707487,0.004776439,watch,user3,lie
60.563456256,0.005508691,0.000147082,0.000079632,0.000554694,0.000454268,0.003649455,watch,user3,lie
60.573455104,0.005530506,0.002160035,-0.003342867,0.006144668,0.006430136,0.005268391,watch,user3,lie
60.583454208,0.007090077,0.002744015,-0.003411949,0.005273371,0.001611501,0.003170087,watch,user3,lie
60.593453056,0.012954935,0.000592407,-0.002776265,0.002270125,-0.005432295,0.006976010,watch,user3,lie
60.603452160,0.013103515,0.000350017,0.000720322,0.002437948,-0.007523763,0.003078807,watch,user3,lie
60.613451008,0.012788802,0.003381781,0.002365708,0.000853101,-0.010299576,0.001812474,watch,user3,lie
60.623450112,0.008199647,0.003181051,0.003307760,-0.005415980,-0.010399178,0.003099047,watch,user3,lie
60.633449216,0.008536935,0.002375800,0.004706085,-0.004401582,-0.012598151,0.001291293,watch,user3,lie
60.643448320,0.007698461,0.000528153,0.001432419,-0.005400002,-0.016175307,-0.000902087,watch,user3,lie
60.653446144,0.008912936,0.000813425,0.000639498,-0.000027074,-0.018523151,0.002516081,watch,user3,lie
60.663444992,0.010117501,0.003000114,-0.002174020,0.004828579,-0.014533825,0.003755249,watch,user3,lie
60.673444096,0.007749110,-0.001289830,-0.000430644,0.001630921,-0.011810210,0.000372769,watch,user3,lie
60.683443200,0.005937815,-0.001312360,0.003506303,0.001471398,-0.005665498,-0.000732710,watch,user3,lie
60.693442304,0.006908208,0.000326611,0.004651666,0.000558999,0.001992954,-0.002206237,watch,user3,lie
60.703441152,0.005248606,0.002259172,0.005414248,0.002852203,0.008314056,-0.004764802,watch,user3,lie
60.713440000,0.004553318,0.005823199,0.003043473,0.007932182,0.012270182,-0.005489714,watch,user3,lie
60.723439104,0.005578294,0.006504893,0.001556933,0.010199198,0.008355069,-0.006899924,watch,user3,lie
60.733438208,0.005955115,0.006368704,0.001876056,0.012525735,0.007205116,-0.006442127,watch,user3,lie
60.743436288,0.008365110,0.002060071,0.000742674,0.005930595,0.002577252,-0.005163544,watch,user3,lie
60.753435136,0.010476872,-0.004471451,0.003798068,-0.005141231,-0.001538130,-0.006394989,watch,user3,lie
60.763433984,0.010271370,-0.006700374,0.002989292,-0.003486786,-0.003588676,-0.002697457,watch,user3,lie
60.773433088,0.012863949,-0.004133787,-0.002167225,-0.002329643,0.000943758,-0.001857229,watch,user3,lie
60.783432192,0.009422630,-0.000502408,-0.003681719,0.004127502,0.005918720,-0.000861407,watch,user3,lie
60.793431040,0.007930547,0.002600320,-0.004889667,0.010217353,0.007734197,0.002335718,watch,user3,lie
60.803430144,0.010866344,0.003760315,-0.000978231,0.007586238,0.000433230,0.002440114,watch,user3,lie
60.813429248,0.011808202,0.002792757,0.001833916,0.008830733,0.005804559,0.007118755,watch,user3,lie
60.823428352,0.011298254,0.001406573,-0.001771510,0.007442383,0.005794794,0.012623842,watch,user3,lie
60.833426176,0.009805620,0.002930697,-0.001904428,0.032481957,0.037634216,0.005769664,watch,user3,lie
60.843425280,0.010501653,0.007658344,0.010059118,-0.016601700,-0.008528484,0.016662126,watch,user3,lie
60.853424128,0.017222196,0.004459199,0.003719211,0.010645634,-0.049031436,0.006292576,watch,user3,lie
60.863423232,0.021806985,-0.000405036,-0.026734591,-0.011042841,-0.022448383,0.005802088,watch,user3,lie
60.873422336,0.009190813,0.008191925,0.021246731,0.001303308,-0.006075270,0.012039478,watch,user3,lie
60.883421184,-0.003194153,-0.008092772,-0.007623732,-0.009323504,0.016464660,0.010001893,watch,user3,lie
60.893420032,-0.003099576,-0.010102771,-0.001306415,-0.020183075,0.028483240,0.013701557,watch,user3,lie
60.903419136,0.001312941,-0.004778419,-0.002953947,-0.006861722,0.003278906,0.012306526,watch,user3,lie
60.913418240,0.015259847,0.010244206,-0.008843660,0.005572045,-0.026254220,0.001586504,watch,user3,lie
60.923416320,0.023824006,0.018067941,-0.005000114,0.011237121,-0.012887813,0.005287100,watch,user3,lie
60.933415168,0.008710295,0.003785759,0.005130172,0.000624424,0.010748274,0.000367975,watch,user3,lie
