Time,Acc_X,Acc_Y,Acc_Z,Gyro_X,Gyro_Y,Gyro_Z,Device,Subject,Activity
0.0023379999911412597,1.504072265625,9.187594299316407,3.296594696044922,0.04131123423576355,0.007079725153744221,-0.05269451066851616,phone,user1,stand
0.02233800000976771,1.417552185058594,9.175469512939454,3.259322204589844,0.012573415413498878,-0.0021411613561213017,-0.014224808663129807,phone,user1,stand
0.04233799991197884,1.4221925354003906,9.07517807006836,3.3090188598632815,0.006861159112304449,-0.02977650612592697,0.01373908668756485,phone,user1,stand
0.06233799993060529,1.538650360107422,8.938212890625,3.2949481201171875,0.0073457201942801476,-0.05448814481496811,0.015591107308864594,phone,user1,stand
0.08233799994923174,1.4277310180664062,8.997938690185547,3.273542633056641,0.008576133288443089,-0.06218058988451958,0.011115745641291142,phone,user1,stand
0.1023369999602437,1.4953903198242189,9.08715316772461,3.224744110107422,-0.006940696854144335,-0.029377492144703865,0.002825653413310647,phone,user1,stand
0.12233699997887015,1.5253280639648439,9.132808227539064,3.289409637451172,-0.019845809787511826,-0.019401997327804565,0.010239175520837307,phone,user1,stand
0.1423369999974966,1.456022186279297,9.030570831298828,3.4625994873046877,-0.012787721119821072,-0.07967576384544373,0.019981740042567253,phone,user1,stand
0.16233699989970773,1.464404754638672,9.063652038574219,3.3693434143066407,-0.006401571445167065,-0.15183037519454956,0.007246361579746008,phone,user1,stand
0.18233699991833419,1.4638059997558595,9.109307098388673,3.0876292419433597,-0.02455359883606434,-0.29959437251091003,-0.011070799082517624,phone,user1,stand
0.20233699993696064,1.3665083312988282,9.42245590209961,3.3139585876464843,-0.0015349145978689194,-0.09028371423482895,-0.004951069131493568,phone,user1,stand
0.2223369999555871,1.4168037414550783,8.987161102294923,3.3784744262695314,-0.006456066854298115,-0.03264164552092552,0.003992755431681871,phone,user1,stand
0.24233599996659905,1.5364050292968752,8.962462463378907,3.417243804931641,0.006429116241633892,-0.04554576054215431,-0.01981787011027336,phone,user1,stand
0.2623359999852255,1.5614030456542969,9.056766357421875,3.4051190185546876,0.007377211004495621,-0.0788460299372673,-0.021899914368987083,phone,user1,stand
0.28233600000385195,1.6592994689941407,9.101672973632812,3.389850769042969,0.023526431992650032,-0.08171830326318741,-0.036736175417900085,phone,user1,stand
0.3023359999060631,1.563798065185547,9.221573638916016,3.3388069152832034,0.017372066155076027,-0.040918655693531036,-0.011829003691673279,phone,user1,stand
0.32233599992468953,1.6313076782226563,9.088949432373047,3.390748901367188,0.01453405898064375,-0.02918856218457222,0.010039053857326508,phone,user1,stand
0.342335999943316,1.5657440185546876,9.13699951171875,3.3473391723632813,0.007334113121032715,-0.010892756283283234,0.01465701311826706,phone,user1,stand
0.36233599996194243,1.6239729309082032,8.988358612060548,3.363954620361328,0.006345469504594803,-0.029634634032845497,0.011839592829346657,phone,user1,stand
0.3823359999805689,1.5605049133300781,8.932375030517578,3.4862503051757816,0.01744014397263527,-0.0754697173833847,0.004533747211098671,phone,user1,stand
0.40233499999158084,1.5191908264160157,8.835077362060547,3.736080780029297,0.05445808172225952,-0.20921553671360016,-0.015234631486237049,phone,user1,stand
0.4223350000102073,1.7128880310058594,8.935518493652344,3.5736685180664063,0.07429754734039307,-0.25925785303115845,-0.04065590351819992,phone,user1,stand
0.4423349999124184,1.4042298889160156,9.028325500488283,3.413800964355469,0.0962676927447319,-0.3472738265991211,-0.07359074056148529,phone,user1,stand
0.4623349999310449,1.2816348266601563,9.175469512939454,3.4781671142578126,0.12458492815494537,-0.5219058990478516,-0.05191752687096596,phone,user1,stand
0.48233499994967133,1.829645233154297,9.273365936279298,2.8801606750488284,0.12588414549827576,-0.5104192495346069,-0.12420950829982758,phone,user1,stand
0.5023349999682978,1.4609619140625,9.310937805175781,2.9630882263183596,0.06841763108968735,-0.43172988295555115,-0.10647400468587875,phone,user1,stand
0.5223349999869242,1.550775146484375,9.008416900634765,2.9485684204101563,0.048969563096761703,-0.4424130618572235,-0.08925975114107132,phone,user1,stand
0.5423339999979362,1.440454559326172,9.255403289794922,3.2721954345703126,0.045800045132637024,-0.4491688311100006,-0.05831937864422798,phone,user1,stand
0.5623339999001473,1.3656101989746094,9.413923645019532,3.0130842590332034,0.0732254832983017,-0.4001724421977997,0.020454633980989456,phone,user1,stand
0.5823339999187738,1.7163308715820313,9.186247100830078,2.8912376403808597,0.07124598324298859,-0.34079715609550476,0.05579805746674538,phone,user1,stand
0.6023339999374002,1.9582278442382814,8.993597717285157,2.881058807373047,0.05859952047467232,-0.33074307441711426,0.022227009758353233,phone,user1,stand
0.6223339999560267,1.7726138305664063,9.155411224365235,2.657124481201172,0.022991258651018143,-0.20652002096176147,-0.03926388546824455,phone,user1,stand
0.6423339999746531,1.591490478515625,9.342522125244141,2.7617568969726562,0.0009420835413038731,-0.06143278256058693,-0.020190753042697906,phone,user1,stand
0.6623339999932796,1.6443305969238282,9.213340759277344,2.997366943359375,0.0018705601105466485,-0.093290314078331,-0.002720441436395049,phone,user1,stand
0.682334000011906,1.5299684143066408,9.150022430419922,3.197500762939453,0.02145511470735073,-0.15255701541900635,0.00687023950740695,phone,user1,stand
0.7023329999065027,1.6290623474121095,9.02158950805664,3.3913476562500002,0.06437531113624573,-0.30615437030792236,0.026010779663920403,phone,user1,stand
0.7223329999251291,1.9339782714843752,8.918453979492188,3.2287857055664064,0.07274284213781357,-0.4769619107246399,0.0035236915573477745,phone,user1,stand
0.7423329999437556,2.032323760986328,9.089847564697266,2.887944488525391,0.04377145320177078,-0.5284326672554016,-0.0823119580745697,phone,user1,stand
0.762332999962382,1.6904347229003907,9.332193603515625,2.793790283203125,0.0050460477359592915,-0.4482879936695099,-0.03866661712527275,phone,user1,stand
0.7823329999810085,1.767374725341797,9.165440368652344,3.006647644042969,0.008791634812951088,-0.4814474284648895,-0.005362039431929588,phone,user1,stand
0.8023329999996349,1.439257049560547,9.069040832519532,2.9124934387207033,0.01696353778243065,-0.5049275755882263,0.046021513640880585,phone,user1,stand
0.822332999901846,1.7380357360839844,9.06993896484375,2.918031921386719,0.03639698773622513,-0.4552537798881531,0.05249590054154396,phone,user1,stand
0.842331999912858,2.3595433044433594,9.35779037475586,2.710862731933594,0.04220855236053467,-0.33654260635375977,-0.03241696208715439,phone,user1,stand
0.8623319999314845,2.508483581542969,9.570498046875,2.502496032714844,0.005459923297166824,-0.16801173985004425,-0.16421158611774445,phone,user1,stand
0.8823319999501109,1.7580940246582033,9.263336791992188,2.6497897338867187,-0.0403507836163044,-0.042446356266736984,-0.11996534466743469,phone,user1,stand
0.9023319999687374,1.9791842651367189,9.047485656738282,2.9723689270019533,-0.09711884707212448,-0.22581006586551666,-0.11269348114728928,phone,user1,stand
0.9223319999873638,1.6592994689941407,9.391919403076173,3.0328431701660157,-0.13030646741390228,-0.41580647230148315,-0.07578539103269577,phone,user1,stand
0.9423320000059903,1.2355307006835938,9.343569946289064,3.2715966796875002,-0.03792109340429306,-0.37605899572372437,0.03538292273879051,phone,user1,stand
0.9623322082916275,1.431024169921875,9.214987335205079,2.841241607666016,0.014991097152233124,-0.2378682792186737,0.07249373197555542,phone,user1,stand
0.9823312083026394,1.879790954589844,9.229656829833985,2.8924351501464844,0.01047271303832531,-0.16239501535892487,0.05255715176463127,phone,user1,stand
1.0023312083212659,1.9667601013183595,9.245074768066408,2.9096493530273437,0.009452488273382187,-0.17796988785266876,0.037984948605298996,phone,user1,stand
1.0223312083398923,1.9850221252441407,9.00093246459961,2.745440826416016,0.020164377987384796,-0.17435844242572784,0.030001632869243622,phone,user1,stand
1.0423312082421035,1.9053877258300782,9.015601959228515,2.4069946289062503,-0.03224705532193184,-0.11797188967466354,0.03379598259925842,phone,user1,stand
1.06233120826073,1.9796333312988281,9.195976867675782,2.660717010498047,-0.06336548924446106,-0.07586339861154556,0.0306719858199358,phone,user1,stand
1.0823312082793564,1.9767892456054688,9.276509399414063,2.9618907165527344,-0.03604305908083916,-0.07890287041664124,0.04375582933425903,phone,user1,stand
1.1023312082979828,1.9809805297851564,9.216184844970703,3.1210098266601562,0.046735744923353195,-0.08027404546737671,0.05782539024949074,phone,user1,stand
1.1223312083166093,2.0053797912597657,9.110953674316407,3.1490016174316406,0.1342642456293106,-0.05399492383003235,0.06839147210121155,phone,user1,stand
1.1423302083276212,2.123334503173828,9.06844207763672,3.0886770629882814,0.1964721828699112,-0.07631679624319077,0.056508198380470276,phone,user1,stand
1.1623302083462477,2.247576141357422,9.167685699462892,2.900069274902344,0.20655155181884766,-0.1508357673883438,0.014245138503611088,phone,user1,stand
1.1823302082484588,2.274969177246094,8.973389739990235,2.468816070556641,0.15238799154758453,-0.13175007700920105,-0.0211854949593544,phone,user1,stand
1.2023302082670853,2.30640380859375,8.988059234619142,2.405497741699219,0.11655979603528976,-0.08955620229244232,-0.06952573359012604,phone,user1,stand
1.2223302082857117,2.082319793701172,8.916208648681641,2.421215057373047,0.11578003317117691,0.022471299394965172,-0.12155616283416748,phone,user1,stand
1.2423302083043382,2.0880079650878907,9.031468963623047,2.5795857238769533,0.13657882809638977,0.12365934997797012,-0.17038390040397644,phone,user1,stand
1.2623292083153501,1.8658699035644533,9.28114974975586,2.7798692321777345,0.15889929234981537,0.13943754136562347,-0.1934124231338501,phone,user1,stand
1.2823292083339766,1.78189453125,9.347162475585938,2.988535308837891,0.15463489294052124,-0.10569014400243759,-0.16108162701129913,phone,user1,stand
1.3023292082361877,1.919458465576172,9.372310180664064,2.6405090332031254,0.1223047524690628,-0.2550487518310547,-0.14683346450328827,phone,user1,stand
1.3223292082548141,1.9908599853515625,9.419013061523438,2.391127624511719,0.07156337797641754,-0.26689964532852173,-0.1468247026205063,phone,user1,stand
1.3423292082734406,1.8672171020507813,9.577383728027344,2.439177703857422,0.05734364688396454,-0.20682425796985626,-0.12152599543333054,phone,user1,stand
1.362329208292067,1.7667759704589845,9.583071899414064,2.575394439697266,0.09119921922683716,-0.1134287416934967,-0.1041121631860733,phone,user1,stand
1.3823292083106935,1.9131715393066406,9.526190185546875,2.4791445922851563,0.11377434432506561,-0.011471396312117577,-0.08427339792251587,phone,user1,stand
1.4023282083217055,2.0511845397949218,9.480984191894532,2.4993525695800782,0.11063770949840546,0.03540920093655586,-0.059761155396699905,phone,user1,stand
1.422328208340332,2.083068237304688,9.456884307861328,2.5334815979003906,0.09969747811555862,0.044033557176589966,-0.039869651198387146,phone,user1,stand
1.442328208242543,2.032323760986328,9.388027496337891,2.5903633117675784,0.11159145832061768,0.015973247587680817,-0.02169882133603096,phone,user1,stand
1.4623282082611695,1.9610719299316408,9.338779907226563,2.463127899169922,0.12506289780139923,-0.0023244444746524096,-0.015116150490939617,phone,user1,stand
1.482328208279796,1.9736457824707032,9.252559204101564,2.362686767578125,0.14861373603343964,0.025054242461919785,-0.01116622518748045,phone,user1,stand
1.5023282082984224,1.9755917358398438,9.285191345214844,2.2147943115234376,0.16509513556957245,0.048760369420051575,-0.0026374217122793198,phone,user1,stand
1.5223272083094344,2.0014878845214845,9.28114974975586,2.13875244140625,0.168061763048172,0.07699647545814514,-0.003570814849808812,phone,user1,stand
1.5423272083280608,1.9206559753417969,9.251511383056641,2.126477966308594,0.1689670979976654,0.0865611806511879,-0.019457586109638214,phone,user1,stand
1.5623272083466873,1.8001565551757814,9.149723052978516,2.049987030029297,0.15494252741336823,0.1051066666841507,-0.052972275763750076,phone,user1,stand
1.5823272082488984,1.7534536743164064,9.228758697509766,2.2073098754882814,0.1586802452802658,0.11114633083343506,-0.1003788411617279,phone,user1,stand
1.6023272082675248,1.7995578002929689,9.314380645751953,2.3135888671875002,0.18239885568618774,0.10558675229549408,-0.13529856503009796,phone,user1,stand
1.6223272082861513,1.807042236328125,9.422755279541017,2.3128404235839843,0.21333275735378265,0.08139373362064362,-0.14590193331241608,phone,user1,stand
1.6423272083047777,1.756597137451172,9.543404388427735,2.117197265625,0.22992107272148132,0.096431665122509,-0.15707291662693024,phone,user1,stand
1.6623262083157897,1.6946260070800783,9.633067932128906,2.042801971435547,0.2552465796470642,0.10711505264043808,-0.15713396668434143,phone,user1,stand
1.6823262083344162,1.6528628540039063,9.539512481689453,1.9502943420410157,0.2944819927215576,0.12472490221261978,-0.13896040618419647,phone,user1,stand
1.7023262082366273,1.6211288452148438,9.451794891357423,1.9284397888183595,0.3247959613800049,0.1293710619211197,-0.12695194780826569,phone,user1,stand
1.7223262082552537,1.4340179443359375,9.320517883300782,1.7630337524414064,0.34323012828826904,0.1296803504228592,-0.10678694397211075,phone,user1,stand
1.7423262082738802,1.3680052185058595,9.185498657226564,1.7295034790039063,0.35897186398506165,0.13965149223804474,-0.10050555318593979,phone,user1,stand
1.7623262082925066,1.3753399658203125,9.142388305664063,1.6839981079101562,0.3765130043029785,0.14420850574970245,-0.1287022829055786,phone,user1,stand
1.7823252083035186,1.3998889160156252,9.155411224365235,1.5849041748046875,0.3900620639324188,0.1098395511507988,-0.18254445493221283,phone,user1,stand
1.802325208322145,1.3825250244140626,9.096134490966797,1.4504837036132814,0.401474267244339,0.08486037701368332,-0.23761002719402313,phone,user1,stand
1.8223252083407715,1.4037808227539064,9.197473754882813,1.3766871643066407,0.39689958095550537,0.12619823217391968,-0.2696870267391205,phone,user1,stand
1.8423252082429826,1.526675262451172,9.356143798828125,1.434467010498047,0.37707191705703735,0.17366568744182587,-0.2680153250694275,phone,user1,stand
1.862325208261609,1.4813195800781251,9.520502014160156,1.4793736267089845,0.37330368161201477,0.21106573939323425,-0.25628167390823364,phone,user1,stand
1.8823252082802355,1.513502655029297,9.639654235839844,1.430724792480469,0.370653361082077,0.2048073559999466,-0.20267818868160248,phone,user1,stand
1.9023242082912475,1.3995895385742188,9.69593719482422,1.2493020629882814,0.3757625222206116,0.2591596245765686,-0.1309853196144104,phone,user1,stand
1.922324208309874,1.4540762329101564,9.669891357421875,1.1629316711425781,0.333351731300354,0.19246038794517517,-0.09779445081949234,phone,user1,stand
1.9423242083285004,1.3054353332519533,9.804910583496094,1.1958631896972658,0.34082093834877014,0.29210200905799866,-0.07974873483181,phone,user1,stand
1.9623241249937564,1.3184582519531252,9.790989532470704,1.4109658813476562,0.28929033875465393,0.28724122047424316,-0.08427858352661133,phone,user1,stand
1.9823241250123829,1.2311897277832031,9.944270782470703,1.6777111816406252,0.2464861124753952,0.32794252038002014,-0.07300326973199844,phone,user1,stand
2.002324124914594,1.221310272216797,9.873318328857422,1.6756155395507812,0.1949254870414734,0.225729301571846,-0.036502450704574585,phone,user1,stand
2.022323124925606,1.1561956787109375,9.885892181396486,1.5160473632812501,0.18910306692123413,0.16545827686786652,0.016263987869024277,phone,user1,stand
2.0423231249442324,1.1671229553222657,9.830357666015626,1.3067825317382813,0.18518862128257751,0.13109077513217926,0.02283298969268799,phone,user1,stand
2.062323124962859,1.1970606994628907,9.784403228759766,1.1371852111816407,0.18314716219902039,0.12816019356250763,-0.0021855016238987446,phone,user1,stand
2.0823231249814853,1.0955717468261719,9.787846069335938,1.0015672302246095,0.22375880181789398,0.16690075397491455,-0.023210015147924423,phone,user1,stand
2.1023231250001118,1.0171348571777343,9.646240539550782,0.8096662902832031,0.23960751295089722,0.16198071837425232,-0.04459723085165024,phone,user1,stand
2.1223221250111237,0.8955876159667969,9.564061431884767,0.6707551574707031,0.2575727701187134,0.22723551094532013,-0.046163104474544525,phone,user1,stand
2.142322124913335,0.8196954345703126,9.62992446899414,0.6794371032714844,0.262113094329834,0.26025620102882385,-0.028421899303793907,phone,user1,stand
2.1623221249319613,0.8038284301757813,9.804012451171875,0.89813232421875,0.273012638092041,0.2914375960826874,-0.015597636811435223,phone,user1,stand
2.1823221249505877,0.839454345703125,9.745633850097656,1.086291046142578,0.27577662467956543,0.34575390815734863,-0.048730961978435516,phone,user1,stand
2.202322124969214,0.9060658264160156,10.435249786376954,1.3142669677734375,0.2561749517917633,0.27346062660217285,-0.04376345872879028,phone,user1,stand
2.2223221249878407,1.2518467712402344,10.177186431884767,1.016685791015625,0.2862144410610199,0.08252639323472977,0.00037006783531978726,phone,user1,stand
2.2423211249988526,1.1463162231445314,10.036928100585937,0.7114704895019531,0.31124937534332275,0.01177177019417286,0.07635396718978882,phone,user1,stand
2.2623211249010637,0.9548643493652345,9.946815490722656,0.6219566345214844,0.28714829683303833,0.007722067181020975,0.08118931204080582,phone,user1,stand
2.28232112491969,0.7267387390136719,9.826465759277344,0.3641926574707031,0.24628709256649017,0.055378470569849014,0.008323904126882553,phone,user1,stand
2.3023211249383166,0.688568115234375,9.827812957763673,0.12558883666992188,0.24645516276359558,0.10201120376586914,-0.0554189458489418,phone,user1,stand
2.322321124956943,0.8387059020996094,9.836195526123047,0.3047662353515625,0.27928170561790466,0.16581562161445618,-0.050216879695653915,phone,user1,stand
2.342320124967955,1.1846365356445314,9.71419921875,0.4293072509765625,0.2823399603366852,0.12642033398151398,0.03037777729332447,phone,user1,stand
2.3623201249865815,1.3642630004882814,9.672136688232422,0.26000930786132814,0.28427547216415405,0.08211039751768112,0.11350617557764053,phone,user1,stand
2.382320125005208,1.2364288330078126,9.70312225341797,-0.05014572143554688,0.30968475341796875,0.09304378181695938,0.15328703820705414,phone,user1,stand
2.402320124907419,0.9931846618652345,9.586065673828125,-0.08397537231445312,0.31421327590942383,0.1770731806755066,0.10929833352565765,phone,user1,stand
2.4223201249260455,0.8060737609863282,9.615554351806642,0.16660354614257813,0.2813666760921478,0.2785167992115021,-0.0062662758864462376,phone,user1,stand
2.4423191249370575,0.8631051635742188,9.86119354248047,0.2881507873535156,0.22637753188610077,0.2758215665817261,-0.039043597877025604,phone,user1,stand
2.462319124955684,1.1972103881835938,10.093211059570313,0.28919860839843753,0.2188701629638672,0.15093781054019928,0.00854040589183569,phone,user1,stand
2.4823191249743104,1.3835728454589844,9.831854553222657,-0.0056881713867187505,0.24326227605342865,0.047558896243572235,0.059292543679475784,phone,user1,stand
2.502319124992937,1.3936019897460938,9.585616607666017,-0.2977308654785156,0.2812245488166809,0.027820641174912453,0.11868254095315933,phone,user1,stand
2.5223191250115633,1.2701087951660157,9.619146881103516,-0.8271798706054688,0.33676743507385254,0.08760904520750046,0.17353497445583344,phone,user1,stand
2.5423191249137744,1.165027313232422,9.621541900634766,-0.8219407653808594,0.278201162815094,0.2396223396062851,0.10251995921134949,phone,user1,stand
2.5623181249247864,0.5243595886230469,9.791139221191406,-0.13711486816406251,0.21406130492687225,0.39208662509918213,0.009896471165120602,phone,user1,stand
2.582318124943413,0.808319091796875,9.683363342285157,0.015867004394531252,0.1944926679134369,0.3443838357925415,-0.007128584664314985,phone,user1,stand
2.6023181249620393,1.4076727294921876,9.426946563720703,-0.30566436767578126,0.20419692993164062,0.2238263189792633,0.013400864787399769,phone,user1,stand
2.6223181249806657,1.5082635498046877,9.23280029296875,-0.7204518127441406,0.23611602187156677,0.2166772484779358,0.057755522429943085,phone,user1,stand
2.642318124999292,1.5599061584472658,9.227112121582032,-0.8620573425292969,0.29073286056518555,0.28893449902534485,0.09000926464796066,phone,user1,stand
2.662317125010304,1.5390994262695312,9.536219329833985,-0.7306306457519531,0.3367973268032074,0.36333292722702026,0.13599015772342682,phone,user1,stand
2.6823171249125153,1.4449452209472657,10.148296508789063,-0.2939886474609375,0.3127668499946594,0.37853115797042847,0.14863412082195282,phone,user1,stand
2.7023171249311417,1.1358380126953125,10.804082794189453,0.16076568603515626,0.16926871240139008,0.35570237040519714,0.03341558203101158,phone,user1,stand
2.722317124949768,0.5224136352539063,10.210117950439454,-0.039966888427734375,0.031858690083026886,0.3474988639354706,-0.026125434786081314,phone,user1,stand
2.74231612496078,1.3844709777832032,9.603878631591797,-0.6316864013671876,0.05176941677927971,0.17008022964000702,0.0008186339400708675,phone,user1,stand
2.7623161249794066,1.520538024902344,9.476792907714843,-1.1885284423828126,0.1281331181526184,0.169083371758461,0.057495806366205215,phone,user1,stand
2.782316124998033,1.5512242126464844,9.375453643798828,-0.9571096801757814,0.2111404687166214,0.18870827555656433,0.09767641872167587,phone,user1,stand
2.802316124900244,1.4729370117187501,9.300908660888672,-0.5351371765136719,0.25368574261665344,0.20797181129455566,0.12296503037214279,phone,user1,stand
2.8223161249188706,1.4521302795410156,9.279802551269531,-0.5548960876464843,0.24176813662052155,0.24457038938999176,0.13790543377399445,phone,user1,stand
2.8423151249298826,1.5160473632812501,9.348509674072266,-0.8312214660644531,0.24226130545139313,0.21968811750411987,0.13662980496883392,phone,user1,stand
2.862315124948509,1.5263758850097657,9.391769714355469,-0.9957293701171875,0.31099534034729004,0.2072831392288208,0.14216925203800201,phone,user1,stand
2.8823151249671355,1.6066090393066408,9.414372711181642,-0.9487271118164063,0.3746841847896576,0.23940560221672058,0.17122438549995422,phone,user1,stand
2.902315124985762,1.7375866699218752,9.618099060058594,-0.669407958984375,0.3743650019168854,0.2403309941291809,0.18723715841770172,phone,user1,stand
2.9223151250043884,1.7797988891601564,9.761500854492189,-0.6770420837402344,0.3192843496799469,0.20826798677444458,0.1789025515317917,phone,user1,stand
2.9423141250154004,1.7010626220703127,9.677974548339844,-0.8779243469238281,0.26796919107437134,0.1855469048023224,0.16756734251976013,phone,user1,stand
2.9623143333010375,1.6007711791992187,9.692194976806642,-1.1084449768066407,0.25246164202690125,0.16580478847026825,0.15672504901885986,phone,user1,stand
2.982314333319664,1.5533198547363283,9.883347473144532,-1.0809022521972658,0.2418317198753357,0.150482177734375,0.14023713767528534,phone,user1,stand
3.0023143333382905,1.714833984375,9.955647125244141,-1.036893768310547,0.20503641664981842,0.12258289754390717,0.10328418016433716,phone,user1,stand
3.022313333232887,1.8473085021972657,9.738448791503906,-1.2263996887207032,0.16799913346767426,0.14614588022232056,0.07080504298210144,phone,user1,stand
3.0423133332515135,1.9010467529296875,9.607022094726563,-1.3275892639160156,0.16199074685573578,0.18957194685935974,0.062401603907346725,phone,user1,stand
3.06231333327014,1.9857705688476563,9.68261489868164,-1.3551319885253907,0.1713407188653946,0.18908461928367615,0.067766934633255,phone,user1,stand
3.0823133332887664,1.9956500244140627,9.601483612060548,-1.3931529235839843,0.1751953810453415,0.1607721894979477,0.0986543819308281,phone,user1,stand
3.102313333307393,1.96152099609375,9.429341583251954,-1.4551240539550783,0.1929800659418106,0.13756920397281647,0.12178564816713333,phone,user1,stand
3.122312333318405,1.9017951965332032,9.34626434326172,-1.4218931579589844,0.1810055375099182,0.1367226392030716,0.12891601026058197,phone,user1,stand
3.1423123333370313,1.84656005859375,9.376202087402344,-1.518292694091797,0.1535453051328659,0.1590992659330368,0.12075819820165634,phone,user1,stand
3.1623123332392424,1.8761984252929689,9.375303955078126,-1.57831787109375,0.16360615193843842,0.17285245656967163,0.112113356590271,phone,user1,stand
3.182312333257869,1.9016455078125,9.520502014160156,-1.6582516479492189,0.18440201878547668,0.18496735394001007,0.12989631295204163,phone,user1,stand
3.202311333268881,1.9496955871582031,9.548493804931642,-1.5476316833496095,0.18752004206180573,0.1865924894809723,0.147630974650383,phone,user1,stand
3.2223113332875073,2.0550764465332034,9.402996368408203,-1.5620018005371095,0.16354703903198242,0.17100085318088531,0.16533492505550385,phone,user1,stand
3.2423113333061337,2.1243823242187503,9.21169418334961,-1.7069004821777345,0.13680480420589447,0.1851532757282257,0.18160231411457062,phone,user1,stand
3.26231133332476,2.16270263671875,9.335935821533203,-1.7679734802246094,0.12392713129520416,0.21550104022026062,0.19869832694530487,phone,user1,stand
3.2823113333433867,2.2206321716308595,9.691147155761719,-1.8009049987792969,0.12037365883588791,0.23627477884292603,0.24056541919708252,phone,user1,stand
3.3023103332379833,2.295775909423828,9.98094451904297,-1.6652870178222656,0.1120932549238205,0.20870904624462128,0.29186299443244934,phone,user1,stand
3.3223103332566097,2.412682800292969,9.937983856201173,-1.6374449157714845,0.09431709349155426,0.14469246566295624,0.28804656863212585,phone,user1,stand
3.342310333275236,2.4105871582031253,9.477840728759766,-1.82021484375,0.026308676227927208,0.12041182070970535,0.21661214530467987,phone,user1,stand
3.3623103332938626,2.3799009704589844,9.20540725708008,-1.9131715393066406,-0.04542960599064827,0.12924335896968842,0.16681018471717834,phone,user1,stand
3.3823093333048746,2.511926422119141,9.210646362304688,-1.93278076171875,-0.07055269926786423,0.07905571162700653,0.17554055154323578,phone,user1,stand
3.402309333323501,2.6198519897460937,9.278006286621094,-1.9211050415039064,-0.04491510987281799,-0.033174119889736176,0.21455101668834686,phone,user1,stand
3.4223093333421275,2.6147625732421877,9.409283294677735,-2.0435504150390624,0.005320117808878422,-0.10666485130786896,0.2552584111690521,phone,user1,stand
3.4423093332443386,2.4755520629882812,9.535321197509766,-1.932631072998047,0.06226612627506256,-0.16960500180721283,0.2834864854812622,phone,user1,stand
3.4623083332553506,2.370919647216797,9.445507965087891,-1.8061441040039063,0.11992976814508438,-0.24076113104820251,0.26780518889427185,phone,user1,stand
3.482308333273977,2.468067626953125,9.37365737915039,-1.8809884643554688,0.14066559076309204,-0.24437305331230164,0.20522695779800415,phone,user1,stand
3.5023083332926035,2.6400599670410156,9.245823211669922,-1.8050962829589845,0.14335541427135468,-0.17440669238567352,0.14574159681797028,phone,user1,stand
3.52230833331123,2.8982730102539063,8.976383514404297,-1.7242643737792969,0.15142428874969482,-0.11877131462097168,0.09972704201936722,phone,user1,stand
3.542307333322242,3.1448103332519532,8.97309036254883,-1.7431251525878908,0.15473602712154388,-0.11985693126916885,0.09154579043388367,phone,user1,stand
3.5623073333408684,3.308569793701172,9.104217681884766,-1.8384768676757814,0.1474040001630783,-0.11692886054515839,0.09510359913110733,phone,user1,stand
3.5823073332430795,3.3587155151367187,9.26004364013672,-1.7729132080078125,0.16565987467765808,-0.09395594149827957,0.08072216063737869,phone,user1,stand
3.602307333261706,3.1400202941894535,9.359137573242188,-1.7800982666015626,0.1774807870388031,-0.06655547022819519,0.07978656142950058,phone,user1,stand
3.622306333272718,2.7502308654785157,9.437574462890625,-1.572030944824219,0.14281408488750458,-0.12688866257667542,0.09495068341493607,phone,user1,stand
3.6423063332913443,2.5066873168945314,9.363179168701173,-1.5167958068847658,0.09292622655630112,-0.19759677350521088,0.095235176384449,phone,user1,stand
3.662306333309971,2.4662713623046875,9.389225006103516,-1.763632507324219,-0.012474285438656807,-0.1579972505569458,0.029536858201026917,phone,user1,stand
3.6823063333285972,2.435884552001953,9.464817810058594,-1.7202227783203126,-0.09346293658018112,-0.12978686392307281,-0.008878994733095169,phone,user1,stand
3.702305333339609,2.3941213989257815,9.298663330078126,-1.6302598571777345,-0.11788521707057953,-0.18156775832176208,-0.016070783138275146,phone,user1,stand
3.7223053332418203,2.4794439697265624,8.987610168457032,-1.9767892456054688,-0.17317722737789154,-0.26531246304512024,-0.03542530536651611,phone,user1,stand
3.742305333260447,2.455942840576172,9.189839630126954,-2.2864952087402344,-0.26084819436073303,-0.2569354176521301,-0.030152712017297745,phone,user1,stand
3.7623053332790732,2.4676185607910157,9.350006561279297,-2.1544697570800784,-0.26104599237442017,-0.24716393649578094,0.013204800896346569,phone,user1,stand
3.782304333290085,2.5039929199218753,9.413624267578125,-2.0576211547851564,-0.1878521591424942,-0.334452748298645,0.031517393887043,phone,user1,stand
3.8023043333087116,2.349214782714844,9.185199279785158,-2.066602478027344,-0.10863722115755081,-0.42310118675231934,0.025162415578961372,phone,user1,stand
3.822304333327338,2.1740789794921875,8.928183746337892,-2.182910614013672,-0.048589784651994705,-0.390961229801178,-0.015951132401823997,phone,user1,stand
3.8423043333459646,2.232158203125,8.965456237792969,-2.226320343017578,0.0179884172976017,-0.26125088334083557,-0.05855923891067505,phone,user1,stand
3.862303333240561,2.3581961059570316,9.047036590576173,-2.305056610107422,0.059375666081905365,-0.1501244753599167,-0.07552818953990936,phone,user1,stand
3.8823033332591876,2.3935226440429687,8.943751373291017,-2.282154235839844,0.08419819176197052,-0.11728309839963913,-0.052536170929670334,phone,user1,stand
3.902303333277814,2.4758514404296874,8.946894836425782,-2.182910614013672,0.09808090329170227,-0.15192171931266785,-0.021953439339995384,phone,user1,stand
3.9223033332964405,2.5607249450683596,9.046138458251953,-2.076631622314453,0.12419451028108597,-0.20249968767166138,0.010647454299032688,phone,user1,stand
3.9423023333074525,2.5867707824707034,9.147477722167968,-2.036964111328125,0.15576153993606567,-0.22122423350811005,0.04900696873664856,phone,user1,stand
3.9623024999164045,2.4875271606445315,9.053922271728515,-2.5102798461914064,0.110886350274086,-0.1724393367767334,0.09463723748922348,phone,user1,stand
3.982302499935031,2.6171575927734376,8.28003158569336,-3.8184095764160157,-0.28404971957206726,0.11364130675792694,0.14085061848163605,phone,user1,stand
4.002301499946043,2.7557693481445313,9.468560028076173,-1.4362632751464846,-0.34641367197036743,0.2814570665359497,0.19791528582572937,phone,user1,stand
4.022301499964669,3.447031860351563,10.997630310058595,1.0367440795898437,0.13956978917121887,-0.16735734045505524,0.1744544953107834,phone,user1,stand
4.042301499983296,3.4485287475585937,10.951226806640626,-1.9392173767089844,0.07415959239006042,-0.2197701334953308,0.018605457618832588,phone,user1,stand
4.062301500001922,2.416425018310547,9.233848114013673,-2.0707937622070314,-0.23586136102676392,0.046032778918743134,0.06748397648334503,phone,user1,stand
4.082300500012934,2.7961853027343753,9.05990982055664,-1.6030165100097657,-0.23562246561050415,-0.09379036724567413,0.0529915913939476,phone,user1,stand
4.102300499915145,2.5873695373535157,9.112749938964845,-1.913321228027344,-0.15744099020957947,-0.13881054520606995,0.063991978764534,phone,user1,stand
4.122300499933772,2.448757781982422,9.034313049316406,-1.8648220825195314,-0.09736941009759903,-0.13010281324386597,0.03797696530818939,phone,user1,stand
4.142300499952398,2.531236267089844,9.199569396972656,-1.7965640258789064,-0.10362835228443146,-0.07982026040554047,0.018868034705519676,phone,user1,stand
4.16229949996341,2.6720933532714843,9.20690414428711,-1.7869839477539062,-0.1124393418431282,-0.0631062388420105,0.01034573558717966,phone,user1,stand
4.182299499982037,2.6526338195800783,9.279203796386719,-1.7167799377441406,-0.07590412348508835,-0.07872997969388962,0.011843365617096424,phone,user1,stand
4.202299500000663,2.628533935546875,9.357490997314454,-1.6396902465820313,-0.020655328407883644,-0.09927695989608765,-0.0017976777162402868,phone,user1,stand
4.222298500011675,2.577939147949219,9.292077026367188,-1.6646882629394533,-0.022586626932024956,-0.06381823122501373,-0.015675075352191925,phone,user1,stand
4.242298499913886,2.554438018798828,9.248667297363282,-1.6181350708007813,-0.05152314901351929,-0.036332398653030396,-0.01885342411696911,phone,user1,stand
4.262298499932513,2.5339306640625003,9.267827453613283,-1.6422349548339845,-0.06275484710931778,-0.039913028478622437,-0.02355531044304371,phone,user1,stand
4.282298499951139,2.6488916015625,9.321116638183595,-1.602118377685547,-0.034898046404123306,-0.022165363654494286,-0.027539324015378952,phone,user1,stand
4.302297499962151,2.7298731994628906,9.389225006103516,-1.5346087646484377,0.008975081145763397,-0.018884357064962387,-0.025880327448248863,phone,user1,stand
4.3222974999807775,2.714604949951172,9.320068817138672,-1.5417938232421875,0.004459445830434561,-0.037721116095781326,-0.011465348303318024,phone,user1,stand
4.342297499999404,2.701731719970703,9.289981384277345,-1.49209716796875,-0.01992815174162388,-0.05244497209787369,-0.003390312660485506,phone,user1,stand
4.362296500010416,2.685565338134766,9.374405822753907,-1.5712825012207032,-0.04153691232204437,-0.03494904190301895,-0.0027405666187405586,phone,user1,stand
4.382296499912627,2.708168334960938,9.433981933593751,-1.6113990783691408,-0.04644938185811043,-0.004787888843566179,-0.0038730755914002657,phone,user1,stand
4.4022964999312535,2.6577232360839846,9.364676055908204,-1.6310083007812501,-0.025455117225646973,-0.01204291358590126,-0.0004977210192009807,phone,user1,stand
4.42229649994988,2.578537902832031,9.2783056640625,-1.7160314941406252,-0.011136367917060852,-0.03822731971740723,0.006859929766505957,phone,user1,stand
4.442295499960892,2.4938140869140626,9.245523834228516,-1.7211209106445313,-0.003153514117002487,-0.013666571117937565,-0.0028612089809030294,phone,user1,stand
4.462295499979518,2.4968078613281253,9.260642395019532,-1.6724720764160157,0.007181200198829174,0.02271421253681183,-0.01959344930946827,phone,user1,stand
4.482295499998145,2.6134153747558595,9.263336791992188,-1.6073574829101562,0.019117755815386772,-0.007084694691002369,-0.016569962725043297,phone,user1,stand
4.502294500009157,2.702629852294922,9.313482513427735,-1.591490478515625,0.013589510694146156,-0.04946233332157135,0.0018721622182056308,phone,user1,stand
4.522294499911368,2.717898101806641,9.310788116455079,-1.593735809326172,-0.002530286554247141,-0.05565484240651131,0.008994386531412601,phone,user1,stand
4.542294499929994,2.678380279541016,9.360335083007813,-1.6844471740722657,-0.017886094748973846,-0.033957187086343765,0.012439380399882793,phone,user1,stand
4.562293499941006,2.644850006103516,9.399104461669923,-1.7729132080078125,-0.017836323007941246,-0.009793747216463089,0.015195158310234547,phone,user1,stand
4.582293499959633,2.535128173828125,9.401948547363281,-1.7263600158691408,-0.003804977750405669,-0.030950304120779037,0.009879887104034424,phone,user1,stand
4.602293499978259,2.4939637756347657,9.219477996826173,-1.7498611450195314,-0.0025651699397712946,-0.02480430342257023,0.001927555538713932,phone,user1,stand
4.622293499996886,2.626138916015625,9.210945739746094,-1.7765057373046875,-0.01373934093862772,4.3633917812258005e-05,-0.0048902034759521484,phone,user1,stand
4.642292500007898,2.6708958435058596,9.283694458007814,-1.7275575256347657,0.00558420829474926,-0.00666768616065383,0.00039610499516129494,phone,user1,stand
4.662292499910109,2.640359344482422,9.325756988525391,-1.7571958923339845,0.005123667884618044,-0.023228706791996956,0.0074880365282297134,phone,user1,stand
4.682292499928735,2.585124206542969,9.311087493896485,-1.7021104431152345,-0.00397725822404027,-0.017290616407990456,0.011781984008848667,phone,user1,stand
4.702291499939747,2.5674609375,9.305399322509766,-1.7175283813476563,-0.013297266326844692,-0.014814573340117931,0.008643710985779762,phone,user1,stand
4.722291499958374,2.5727000427246094,9.309141540527344,-1.7556990051269532,-0.01716691441833973,-0.007543015293776989,0.001071348786354065,phone,user1,stand
4.742291499977,2.6156607055664063,9.300459594726563,-1.766177215576172,-0.0034258076921105385,-0.0039847176522016525,-0.0025634700432419777,phone,user1,stand
4.762290499988012,2.6288333129882813,9.330397338867188,-1.7926721191406252,-0.00288839777931571,-0.011825500056147575,0.0009297355427406728,phone,user1,stand
4.7822905000066385,2.57464599609375,9.32096694946289,-1.6820521545410156,-0.0016122369561344385,-0.020418792963027954,0.011437170207500458,phone,user1,stand
4.80229049990885,2.5328828430175783,9.33668426513672,-1.6811540222167969,-0.01128297671675682,-0.043628185987472534,0.010850077494978905,phone,user1,stand
4.822290499927476,2.542313232421875,9.274563446044922,-1.773362274169922,-0.027437204495072365,-0.02825808711349964,0.008637722581624985,phone,user1,stand
4.842289499938488,2.585573272705078,9.236991577148437,-1.7702188110351564,-0.019512441009283066,-0.013546201400458813,0.005059365648776293,phone,user1,stand
4.8622894999571145,2.5283921813964847,9.284293212890626,-1.7714163208007814,-0.0008154732640832663,-0.04104852303862572,0.0066176485270261765,phone,user1,stand
4.882289499975741,2.5011488342285157,9.321266326904297,-1.7241146850585938,-0.0006285596173256636,-0.04749169200658798,0.005475478246808052,phone,user1,stand
4.902288499986753,2.5767416381835937,9.391021270751954,-1.7241146850585938,-0.013165163807570934,-0.04048115387558937,-0.0004350010713096708,phone,user1,stand
4.922288500005379,2.758463745117188,9.359886016845703,-1.7155824279785157,-0.025376703590154648,-0.002556287217885256,0.003942097071558237,phone,user1,stand
4.9422884999075904,2.7595115661621095,9.31902099609375,-1.716929626464844,-0.035974133759737015,-0.021828142926096916,0.018571045249700546,phone,user1,stand
4.962287583271973,2.5846751403808597,9.305848388671876,-1.723216552734375,-0.031734008342027664,-0.04522698372602463,0.029000118374824524,phone,user1,stand
4.982287583290599,2.475402374267578,9.35344940185547,-1.6914825439453125,-0.032570771872997284,-0.056294284760951996,0.030221443623304367,phone,user1,stand
5.002287583309226,2.5143214416503907,9.320667572021485,-1.6664845275878908,-0.04038051515817642,-0.06958325952291489,0.028669819235801697,phone,user1,stand
5.022286583320238,2.55548583984375,9.28354476928711,-1.6494200134277344,-0.04606117308139801,-0.10666273534297943,0.035387977957725525,phone,user1,stand
5.042286583338864,2.5499473571777345,9.26962371826172,-1.7371376037597657,-0.061604004353284836,-0.11727603524923325,0.03795172646641731,phone,user1,stand
5.062286583241075,2.475402374267578,9.27680877685547,-1.7549505615234375,-0.06455905735492706,-0.11217784136533737,0.02292744629085064,phone,user1,stand
5.082285583252087,2.5357269287109374,9.308542785644532,-1.7979112243652344,-0.059670623391866684,-0.10634288936853409,0.008175527676939964,phone,user1,stand
5.102285583270714,2.684667205810547,9.279353485107423,-1.7431251525878908,-0.04420575872063637,-0.10811007767915726,0.007149938959628344,phone,user1,stand
5.12228558328934,2.7562184143066406,9.270372161865234,-1.696871337890625,-0.027294067665934563,-0.13964764773845673,0.022895818576216698,phone,user1,stand
5.142284583300352,2.66565673828125,9.287436676025392,-1.6621435546875,-0.03418249264359474,-0.1703358292579651,0.03442131355404854,phone,user1,stand
5.1622845833189785,2.5366250610351564,9.319619750976562,-1.6203804016113281,-0.049400944262742996,-0.1485031396150589,0.030277101323008537,phone,user1,stand
5.182284583337605,2.6194029235839844,9.295220489501954,-1.639241180419922,-0.06855452805757523,-0.135746031999588,0.01789599470794201,phone,user1,stand
5.202284583239816,2.772235107421875,9.25285858154297,-1.7069004821777345,-0.057628780603408813,-0.14077144861221313,0.01290103979408741,phone,user1,stand
5.222283583250828,2.8334577941894534,9.32515823364258,-1.7333953857421875,-0.0293998084962368,-0.1386488527059555,0.01820245571434498,phone,user1,stand
5.2422835832694545,2.7640022277832035,9.33863021850586,-1.588796081542969,-0.020478658378124237,-0.15294817090034485,0.026753855869174004,phone,user1,stand
5.2622825832804665,2.674039306640625,9.295370178222656,-1.5308665466308595,-0.03169854357838631,-0.15929585695266724,0.025614695623517036,phone,user1,stand
5.282282583299093,2.645149383544922,9.279203796386719,-1.572330322265625,-0.050857432186603546,-0.14244279265403748,0.020219534635543823,phone,user1,stand
5.302282583317719,2.671644287109375,9.270222473144532,-1.61663818359375,-0.05227435752749443,-0.12579073011875153,0.010828276164829731,phone,user1,stand
5.322282583336346,2.7472370910644535,9.297016754150391,-1.6563056945800783,-0.028358425945043564,-0.09765417128801346,0.00042153484537266195,phone,user1,stand
5.342281583347358,2.808160400390625,9.330696716308594,-1.6578025817871094,-0.011543922126293182,-0.08142251521348953,-0.004283073358237743,phone,user1,stand
5.362281583249569,2.8207342529296877,9.329798583984376,-1.6051121520996094,-0.00958067923784256,-0.06860044598579407,-0.006332721561193466,phone,user1,stand
5.382281583268195,2.827170867919922,9.246272277832032,-1.5612533569335938,-0.011853687465190887,-0.056671880185604095,-0.007511969655752182,phone,user1,stand
5.402280583279207,2.805316314697266,9.155860290527345,-1.623673553466797,-0.019286535680294037,-0.042638327926397324,-0.006753827910870314,phone,user1,stand
5.422280583297834,2.7771748352050785,9.217831420898438,-1.682351531982422,-0.010137028992176056,-0.021229838952422142,-0.007983005605638027,phone,user1,stand
5.44228058331646,2.771336975097656,9.29551986694336,-1.689536590576172,0.008980626240372658,-0.013283412903547287,-0.009417923167347908,phone,user1,stand
5.472279583336785,2.724334716796875,9.348060607910156,-1.589095458984375,0.008645937778055668,-0.009751335717737675,-0.006385989021509886,phone,user1,stand
5.492279583238997,2.7776239013671877,9.286538543701173,-1.603465576171875,-0.006228453945368528,0.003049993421882391,-0.008780301548540592,phone,user1,stand
5.5122785832500085,2.79498779296875,9.247320098876953,-1.6477734375000002,0.00033485889434814453,0.002664238214492798,-0.009933577850461006,phone,user1,stand
5.532278583268635,2.7598109436035156,9.260492706298828,-1.6343014526367188,0.010327781550586224,0.005544622428715229,-0.007002773229032755,phone,user1,stand
5.552278583287261,2.7283763122558593,9.332193603515625,-1.640438690185547,0.010451017878949642,0.01814131624996662,-0.002629480790346861,phone,user1,stand
5.572277583298273,2.7199937438964845,9.354197845458986,-1.6121475219726564,0.0034528071992099285,0.036865729838609695,0.004431977868080139,phone,user1,stand
5.5922775833169,2.6438021850585938,9.32231414794922,-1.6389418029785157,0.005240054335445166,0.034928012639284134,0.004695098381489515,phone,user1,stand
5.612277583335526,2.5069866943359376,9.3262060546875,-1.6880397033691408,-0.0007276944816112518,0.042375292629003525,0.005242039915174246,phone,user1,stand
5.632276583346538,2.5234524536132814,9.325607299804688,-1.648821258544922,-0.005170285701751709,0.053897980600595474,-0.0024057752452790737,phone,user1,stand
5.652276583248749,2.5988955688476563,9.296417999267579,-1.6389418029785157,0.008929090574383736,0.06185595691204071,-0.014767183922231197,phone,user1,stand
5.672276583267376,2.6262886047363283,9.323212280273438,-1.653461608886719,0.009824467822909355,0.04185395687818527,-0.008072501979768276,phone,user1,stand
5.692275583278388,2.5274940490722657,9.36542449951172,-1.6341517639160157,0.006244227290153503,0.025098862126469612,0.004403617233037949,phone,user1,stand
5.712275583297014,2.462828521728516,9.378746795654298,-1.6446299743652344,0.005301865749061108,0.01561629120260477,0.004641667008399963,phone,user1,stand
5.732274583308026,2.463127899169922,9.366771697998047,-1.6353492736816406,0.00041187205351889133,0.03138389438390732,-0.005182637833058834,phone,user1,stand
5.752274583326653,2.5179139709472658,9.341174926757812,-1.6649876403808594,-0.0013591169845312834,0.02912456914782524,-0.01012501586228609,phone,user1,stand
5.772274583345279,2.5500970458984376,9.314979400634765,-1.6660354614257813,0.0021489374339580536,0.012444907799363136,-0.009025589562952518,phone,user1,stand
5.792273583239876,2.5471032714843753,9.27396469116211,-1.6625926208496093,0.006369677372276783,-0.006677608005702496,-0.006263755261898041,phone,user1,stand
5.812273583258502,2.5429119873046875,9.358688507080078,-1.6399896240234375,0.0028155266772955656,-0.012214631773531437,-0.004477442242205143,phone,user1,stand
5.832273583277129,2.5975483703613285,9.387428741455079,-1.6199313354492189,-0.00030320859514176846,-0.0040672412142157555,-0.008516943082213402,phone,user1,stand
5.852272583288141,2.658621368408203,9.357341308593751,-1.6075071716308595,0.0016510190907865763,-0.0017758572939783335,-0.00983414240181446,phone,user1,stand
5.872272583306767,2.6673033142089846,9.29117889404297,-1.6241226196289062,-0.00011896388605237007,-0.01923699676990509,0.0005600513541139662,phone,user1,stand
5.8922725833253935,2.587818603515625,9.288185119628906,-1.6347505187988283,-0.013223870657384396,-0.0388517752289772,0.013956221751868725,phone,user1,stand
5.9122715833364055,2.5680596923828127,9.293723602294923,-1.6606466674804687,-0.021499978378415108,-0.029516661539673805,0.011501430533826351,phone,user1,stand
5.932271583238617,2.623594207763672,9.289682006835937,-1.6784596252441406,-0.012421069666743279,-0.005862781312316656,-0.0022726613096892834,phone,user1,stand
5.952271583257243,2.6604176330566407,9.306896209716797,-1.6657360839843751,-0.0029885899275541306,-0.009132086299359798,-0.003092395141720772,phone,user1,stand
5.972270249971189,2.6002427673339845,9.342671813964845,-1.6497193908691408,-0.005129898898303509,-0.028615398332476616,0.0012449348578229547,phone,user1,stand
5.992270249989815,2.6110203552246096,9.320817260742189,-1.65974853515625,-0.006822035647928715,-0.02838686667382717,0.002402556361630559,phone,user1,stand
6.0122702500084415,2.5932073974609375,9.31902099609375,-1.6615447998046875,-0.010286623612046242,-0.02622906304895878,-0.00015627709217369556,phone,user1,stand
6.032269249903038,2.578388214111328,9.311386871337891,-1.6757652282714846,-0.007937056943774223,-0.02899300493299961,-0.0032011785078793764,phone,user1,stand
6.052269249921665,2.660717010498047,9.244925079345704,-1.683399353027344,-0.0052433134987950325,-0.034539300948381424,-0.00860535353422165,phone,user1,stand
6.0722682499326766,2.774480438232422,9.25240951538086,-1.6802558898925781,-0.00951366126537323,-0.03292953595519066,-0.00453048013150692,phone,user1,stand
6.092268249951303,2.7297235107421876,9.293424224853515,-1.6678317260742188,-0.010311413556337357,-0.03932442143559456,0.0056104701943695545,phone,user1,stand
6.1122682499699295,2.628084869384766,9.302555236816406,-1.65974853515625,-0.0011475116480141878,-0.037523891776800156,0.009455597028136253,phone,user1,stand
6.132267249980941,2.624791717529297,9.307794342041015,-1.6432827758789064,-0.006385615095496178,-0.012027936987578869,0.008457094430923462,phone,user1,stand
6.152267249999568,2.6438021850585938,9.292077026367188,-1.6820521545410156,-0.011525990441441536,-0.009997446089982986,-0.0009036423871293664,phone,user1,stand
6.172267249901779,2.6696983337402345,9.310937805175781,-1.6528628540039063,-0.004934120923280716,-0.003626126330345869,-0.004754689056426287,phone,user1,stand
6.192266249912791,2.667902069091797,9.303603057861329,-1.6100518798828125,0.0003512271214276552,-0.012456410564482212,-0.003102589165791869,phone,user1,stand
6.212266249931417,2.6708958435058596,9.335935821533203,-1.623673553466797,-0.00030458602122962475,-0.01237376406788826,0.0025742000434547663,phone,user1,stand
6.232266249950044,2.655926971435547,9.356742553710937,-1.636846160888672,-0.011022571474313736,-0.0033662838395684958,0.005854197312146425,phone,user1,stand
6.252265249961056,2.6228457641601564,9.393116912841798,-1.6350498962402344,-0.015408599749207497,0.02752433717250824,-0.00024675638996995986,phone,user1,stand
6.272265249979682,2.6496400451660156,9.316775665283204,-1.5992742919921876,-0.011376701295375824,0.05227787047624588,-0.009400766342878342,phone,user1,stand
6.292264249990694,2.7167005920410157,9.256451110839844,-1.6262182617187502,-0.006733433809131384,0.03508036583662033,-0.010597732849419117,phone,user1,stand
6.312264250009321,2.6791287231445313,9.301657104492188,-1.6399896240234375,-0.011880294419825077,0.017976179718971252,-0.0014465240528807044,phone,user1,stand
6.332264249911532,2.554438018798828,9.336085510253907,-1.616488494873047,-0.006578807719051838,0.024285024031996727,0.0009586584055796266,phone,user1,stand
6.352263249922544,2.538271636962891,9.332193603515625,-1.6139437866210937,-0.0033199109602719545,0.03933817893266678,-0.005546028260141611,phone,user1,stand
6.37226324994117,2.5680596923828127,9.297465820312501,-1.64537841796875,-0.0033993904944509268,0.042213521897792816,-0.011427337303757668,phone,user1,stand
6.392263249959797,2.557581481933594,9.281000061035156,-1.6425343322753907,0.0009604706428945065,0.023509075865149498,-0.009584163315594196,phone,user1,stand
6.412262249970809,2.5246499633789066,9.276659088134766,-1.6480728149414063,0.0061547718942165375,0.004787127487361431,-0.005191119387745857,phone,user1,stand
6.432262249989435,2.5001010131835937,9.340127105712892,-1.6697776794433594,0.00714827049523592,-0.0024782565888017416,-0.007462987210601568,phone,user1,stand
6.4522622500080615,2.5197102355957033,9.349856872558595,-1.5913407897949219,0.006970602087676525,-0.002602126682177186,-0.012386051937937737,phone,user1,stand
6.472261249902658,2.5475523376464846,9.345665588378907,-1.6054115295410156,0.009642952121794224,-0.0008672497933730483,-0.01733384281396866,phone,user1,stand
6.492261249921285,2.647544403076172,9.298962707519532,-1.6218772888183595,0.0038257064297795296,-0.003949809353798628,-0.01664234697818756,phone,user1,stand
6.512260249932297,2.621648254394531,9.342372436523439,-1.6163388061523438,0.005778408609330654,-0.014594389125704765,-0.010902008973062038,phone,user1,stand
6.532260249950923,2.5942552185058596,9.339678039550781,-1.6143928527832032,0.009801514446735382,-0.014392429031431675,-0.010755172930657864,phone,user1,stand
6.5522602499695495,2.6207501220703127,9.295370178222656,-1.6115487670898438,0.0010104118846356869,0.007752740755677223,-0.017281420528888702,phone,user1,stand
6.572259249980561,2.681074676513672,9.270970916748047,-1.6468753051757814,-0.004405763000249863,0.026128599420189857,-0.021541276946663857,phone,user1,stand
6.592259249999188,2.7198440551757814,9.296867065429687,-1.6546591186523438,0.0001242517028003931,0.030901458114385605,-0.02423565834760666,phone,user1,stand
6.612259249901399,2.741399230957031,9.32426010131836,-1.6191828918457032,0.019498882815241814,0.029459182173013687,-0.02387443743646145,phone,user1,stand
6.632258249912411,2.7334657287597657,9.306746520996095,-1.6072077941894531,0.02245541289448738,0.03763158991932869,-0.022678978741168976,phone,user1,stand
6.652258249931037,2.7168502807617188,9.28354476928711,-1.620081024169922,0.016736531630158424,0.059203557670116425,-0.023520521819591522,phone,user1,stand
6.672257249942049,2.7140061950683596,9.330097961425782,-1.633553009033203,0.015598660334944725,0.07519944757223129,-0.02282094955444336,phone,user1,stand
6.692257249960676,2.710862731933594,9.35060531616211,-1.6176860046386718,0.02598036453127861,0.08465059846639633,-0.019929515197873116,phone,user1,stand
6.712257249979302,2.665507049560547,9.30749496459961,-1.6542100524902346,0.031078780069947243,0.09216081351041794,-0.016717201098799706,phone,user1,stand
6.732256249990314,2.5668621826171876,9.29072982788086,-1.6443305969238282,0.029242774471640587,0.0852583721280098,-0.013177387416362762,phone,user1,stand
6.752256250008941,2.512076110839844,9.29507080078125,-1.6191828918457032,0.021155960857868195,0.08977960795164108,-0.01766074076294899,phone,user1,stand
6.772256249911152,2.554438018798828,9.305998077392578,-1.616488494873047,0.019508225843310356,0.1126188412308693,-0.025074398145079613,phone,user1,stand
6.792255249922164,2.698139190673828,9.325607299804688,-1.6627423095703127,0.028005817905068398,0.12088843435049057,-0.03574840724468231,phone,user1,stand
6.81225524994079,2.708318023681641,9.309141540527344,-1.6506175231933595,0.038518380373716354,0.11160971224308014,-0.029916083440184593,phone,user1,stand
6.832254249951802,2.622097320556641,9.290580139160157,-1.631906433105469,0.03645985946059227,0.11780949681997299,-0.022323017939925194,phone,user1,stand
6.852254249970429,2.594704284667969,9.328152008056641,-1.6203804016113281,0.025296524167060852,0.12975959479808807,-0.020204078406095505,phone,user1,stand
6.872254249989055,2.587668914794922,9.363328857421875,-1.6426840209960938,0.033086322247982025,0.12324152141809464,-0.01660817302763462,phone,user1,stand
6.892253250000067,2.4879762268066408,9.482630767822267,-1.558858337402344,0.04066666215658188,0.12371034920215607,-0.012702450156211853,phone,user1,stand
6.912253249902278,2.431842956542969,9.370813293457031,-1.55915771484375,0.03238637372851372,0.1302751898765564,-0.017435347661376,phone,user1,stand
6.93225224991329,2.5466542053222656,9.367220764160157,-1.6901353454589845,0.010832407511770725,0.1391870230436325,-0.022963527590036392,phone,user1,stand
6.952252249931917,2.551593933105469,9.355245666503906,-1.6822018432617187,0.010749110020697117,0.14036451280117035,-0.026265038177371025,phone,user1,stand
6.972252458333969,2.4863296508789063,9.325008544921875,-1.7049545288085939,0.02536025643348694,0.1369398832321167,-0.02733888290822506,phone,user1,stand
6.992251458344981,2.4436683654785156,9.27112060546875,-1.691931610107422,0.02759896218776703,0.13204234838485718,-0.030006468296051025,phone,user1,stand
7.012251458247192,2.465223541259766,9.248966674804688,-1.695374450683594,0.024435751140117645,0.1276942491531372,-0.029590873047709465,phone,user1,stand
7.032250458258204,2.5247996520996097,9.338480529785157,-1.7103433227539064,0.027852484956383705,0.12238822877407074,-0.03607846051454544,phone,user1,stand
7.052250458276831,2.5631199645996094,9.375753021240234,-1.6444802856445313,0.029444746673107147,0.11331445723772049,-0.03395124524831772,phone,user1,stand
7.072250458295457,2.5468038940429687,9.386979675292968,-1.6203804016113281,0.02473357506096363,0.088538758456707,-0.01837703213095665,phone,user1,stand
7.092249458306469,2.5051904296875,9.380992126464845,-1.6390914916992188,0.005667711142450571,0.061884913593530655,-0.004522164352238178,phone,user1,stand
7.1122494583250955,2.5030947875976564,9.357191619873047,-1.6673826599121095,-0.009612968191504478,0.054126400500535965,0.0005931386258453131,phone,user1,stand
7.132249458343722,2.4736061096191406,9.326056365966798,-1.6699273681640625,-0.015154022723436356,0.05422717705368996,-0.002976365387439728,phone,user1,stand
7.152248458238319,2.461780700683594,9.29072982788086,-1.6865428161621094,-0.01528304535895586,0.042047202587127686,-0.0024148919619619846,phone,user1,stand
7.172248458256945,2.518961791992188,9.351353759765626,-1.6473243713378907,-0.009061655960977077,0.027461543679237366,-0.0011568740010261536,phone,user1,stand
7.192247458267957,2.556383972167969,9.38323745727539,-1.53520751953125,0.0022443695925176144,0.006899830885231495,0.001777691300958395,phone,user1,stand
7.212247458286583,2.5536895751953126,9.334588623046875,-1.5217355346679688,-0.002456251997500658,-0.010751862078905106,0.00911808107048273,phone,user1,stand
7.23224745830521,2.525697784423828,9.340576171875,-1.5344590759277346,-0.021634863689541817,-0.011362796649336815,0.006244877353310585,phone,user1,stand
7.252246458316222,2.581980743408203,9.333241424560548,-1.6119978332519531,-0.019151566550135612,-0.0024117969442158937,0.0013931648572906852,phone,user1,stand
7.272246458334848,2.615511016845703,9.336534576416016,-1.616488494873047,-0.010658912360668182,0.012175019830465317,-0.0029693935066461563,phone,user1,stand
7.29224545834586,2.629282379150391,9.320517883300782,-1.5886463928222656,-0.0024719438515603542,0.012183602899312973,-0.0062182070687413216,phone,user1,stand
7.312245458248071,2.621648254394531,9.368268585205078,-1.5741265869140626,-0.0027715915348380804,0.013274854980409145,0.0016313450178131461,phone,user1,stand
7.332245458266698,2.5463548278808594,9.315428466796876,-1.4973362731933595,-0.013086218386888504,0.028632672503590584,0.006713627837598324,phone,user1,stand
7.35224445827771,2.544558563232422,9.292376403808595,-1.5299684143066408,-0.020882172510027885,0.031872183084487915,0.010282033123075962,phone,user1,stand
7.372244458296336,2.5595274353027344,9.234746246337892,-1.5787669372558595,-0.017323533073067665,0.026813840493559837,0.010529784485697746,phone,user1,stand
7.392243458307348,2.592009887695313,9.289083251953125,-1.591490478515625,-0.0082787424325943,0.025224190205335617,0.0056921327486634254,phone,user1,stand
7.412243458325975,2.5953030395507812,9.339228973388673,-1.5606546020507814,0.002391029382124543,0.03219497203826904,0.0025381147861480713,phone,user1,stand
7.432243458344601,2.6385630798339843,9.369166717529298,-1.5684384155273439,0.011031817644834518,0.04678748548030853,-0.004334194120019674,phone,user1,stand
7.452242458239198,2.6366171264648437,9.464069366455078,-1.5311659240722657,0.01612277887761593,0.04392848163843155,-0.002998444950208068,phone,user1,stand
7.472242458257824,2.551893310546875,9.422156524658204,-1.4504837036132814,0.01823931559920311,0.04128396511077881,-0.0008144688908942044,phone,user1,stand
7.492241458268836,2.5608746337890627,9.344767456054688,-1.477427673339844,0.005260236095637083,0.05210001394152641,-0.004351979121565819,phone,user1,stand
7.512241458287463,2.5969496154785157,9.31991912841797,-1.5313156127929688,-0.007895001210272312,0.055889103561639786,-0.0005879253149032593,phone,user1,stand
7.532241458306089,2.5462051391601563,9.302106170654298,-1.5877482604980468,0.0010810189414769411,0.052144914865493774,0.004290580749511719,phone,user1,stand
7.552240458317101,2.5162673950195313,9.304501190185547,-1.5335609436035158,0.007006757892668247,0.044181957840919495,0.005152900703251362,phone,user1,stand
7.5722404583357275,2.5333319091796875,9.238189086914064,-1.5501763916015625,0.0070525649935007095,0.032891545444726944,0.004415097646415234,phone,user1,stand
7.592239458346739,2.5906626892089846,9.27635971069336,-1.5814613342285158,0.004424414597451687,0.031679753214120865,0.002848385600373149,phone,user1,stand
7.6122394582489505,2.6135650634765626,9.446855163574218,-1.5765216064453125,0.0056604063138365746,0.037307001650333405,0.0033369718585163355,phone,user1,stand
7.6322384582599625,2.566263427734375,9.526489562988282,-1.5012281799316407,0.019665991887450218,0.027154823765158653,0.004355156794190407,phone,user1,stand
7.652238458278589,2.598147125244141,9.411079559326172,-1.4172528076171875,0.021322540938854218,0.028796829283237457,0.0007691164501011372,phone,user1,stand
7.672238458297215,2.6948460388183597,9.349856872558595,-1.4374607849121095,-0.01232990063726902,0.008129796013236046,0.010246677324175835,phone,user1,stand
7.692237458308227,2.574795684814453,9.335786132812501,-1.5251783752441408,-0.028093211352825165,0.011993614956736565,0.01966957002878189,phone,user1,stand
7.712237458326854,2.5402175903320314,9.317524108886719,-1.589095458984375,-0.014042865484952927,0.007564087398350239,0.01742463931441307,phone,user1,stand
7.732236458337866,2.6303302001953126,9.344019012451172,-1.5103591918945314,-0.00022417400032281876,0.02273201383650303,0.009931905195116997,phone,user1,stand
7.752236458240077,2.639161834716797,9.309740295410156,-1.511107635498047,0.002605003770440817,0.016240980476140976,0.008737712167203426,phone,user1,stand
7.772236458258703,2.6399102783203126,9.330846405029297,-1.5464341735839844,-0.006112096831202507,0.006403001956641674,0.009836999699473381,phone,user1,stand
7.792235458269715,2.6366171264648437,9.277257843017578,-1.5904426574707031,-0.002524101873859763,0.009571471251547337,0.007575106341391802,phone,user1,stand
7.812235458288342,2.6466462707519534,9.274264068603516,-1.6160394287109376,0.006788029335439205,0.02707269974052906,0.0007251047063618898,phone,user1,stand
7.832234458299354,2.6312283325195316,9.250164184570313,-1.5831079101562502,0.018457163125276566,0.04610913619399071,-0.00792095810174942,phone,user1,stand
7.85223445831798,2.6167085266113284,9.269324340820313,-1.5878979492187502,0.02710399590432644,0.04403730109333992,-0.00954450760036707,phone,user1,stand
7.872233458328992,2.6204507446289065,9.325607299804688,-1.567390594482422,0.030177181586623192,0.04689844325184822,-0.014438568614423275,phone,user1,stand
7.892233458347619,2.6638604736328126,9.359886016845703,-1.561552734375,0.03342634066939354,0.04255557432770729,-0.016149256378412247,phone,user1,stand
7.91223345824983,2.645149383544922,9.383536834716798,-1.5359559631347657,0.028974128887057304,0.04186619073152542,-0.01668640226125717,phone,user1,stand
7.932232458260842,2.597398681640625,9.295968933105469,-1.5380516052246094,0.021018387749791145,0.03855033591389656,-0.008739224635064602,phone,user1,stand
7.952232458279468,2.5598268127441406,9.332492980957031,-1.5669415283203125,0.013224806636571884,0.041867729276418686,-0.00905196275562048,phone,user1,stand
7.972231124993414,2.5472529602050784,9.271719360351563,-1.5763719177246094,0.021198270842432976,0.041116613894701004,-0.011884079314768314,phone,user1,stand
7.99223112501204,2.5698559570312502,9.340725860595704,-1.6042140197753907,0.02739139273762703,0.03714914247393608,-0.018344277516007423,phone,user1,stand
8.012230124906637,2.6105712890625,9.355844421386719,-1.592538299560547,0.02813584730029106,0.0414205826818943,-0.02485409565269947,phone,user1,stand
8.032230124925263,2.673889617919922,9.329798583984376,-1.6139437866210937,0.029988771304488182,0.05099710077047348,-0.036149486899375916,phone,user1,stand
8.05223012494389,2.6776318359375,9.306297454833985,-1.6139437866210937,0.0384320393204689,0.05104365199804306,-0.04160875454545021,phone,user1,stand
8.072229124954902,2.622097320556641,9.334139556884766,-1.52562744140625,0.04549606889486313,0.03244924172759056,-0.03239593282341957,phone,user1,stand
8.092229124973528,2.5128245544433594,9.395212554931641,-1.4672488403320314,0.03353392705321312,0.0057968078181147575,-0.015950966626405716,phone,user1,stand
8.11222812498454,2.4315435791015627,9.43682601928711,-1.4917977905273438,0.004004410933703184,-0.01658812165260315,-0.004762675147503614,phone,user1,stand
8.132228125003166,2.4598347473144533,9.392817535400392,-1.603465576171875,-0.0240625087171793,-0.031515587121248245,0.0065643941052258015,phone,user1,stand
8.152227125014178,2.4758514404296874,9.353150024414063,-1.6839981079101562,-0.03854397311806679,-0.05042007192969322,0.01797163300216198,phone,user1,stand
8.17222712491639,2.4634272766113283,9.348509674072266,-1.6905844116210937,-0.04222296550869942,-0.06816599518060684,0.026296284049749374,phone,user1,stand
8.192227124935016,2.4664210510253906,9.380692749023439,-1.6868421936035156,-0.03842083364725113,-0.08324922621250153,0.027501996606588364,phone,user1,stand
8.212226124946028,2.5164170837402344,9.34342025756836,-1.686991882324219,-0.03390468284487724,-0.09462950378656387,0.02789272367954254,phone,user1,stand
8.232226124964654,2.586471405029297,9.290430450439453,-1.6422349548339845,-0.029933465644717216,-0.0885847806930542,0.026420069858431816,phone,user1,stand
8.252225124975666,2.629282379150391,9.236542510986329,-1.6173866271972657,-0.02855900302529335,-0.08120200783014297,0.02266007475554943,phone,user1,stand
8.272225124994293,2.698139190673828,9.219627685546875,-1.5923886108398437,-0.016478296369314194,-0.06620422005653381,0.01898645982146263,phone,user1,stand
8.292224125005305,2.6890081787109374,9.267677764892579,-1.57352783203125,-0.0033087360206991434,-0.05495911464095116,0.013620083220303059,phone,user1,stand
8.312224124907516,2.6969416809082034,9.37216049194336,-1.561552734375,0.006910878233611584,-0.046470824629068375,0.012263468466699123,phone,user1,stand
8.332223124918528,2.6701473999023437,9.378597106933594,-1.5001803588867189,0.008494652807712555,-0.03348175063729286,0.00824010744690895,phone,user1,stand
8.352223124937154,2.701432342529297,9.390272827148438,-1.4923965454101564,0.004367869347333908,-0.018274012953042984,0.003395903157070279,phone,user1,stand
8.37222312495578,2.736010437011719,9.382938079833984,-1.482217712402344,-0.0009284662082791328,0.0046196808107197285,-0.0010920347413048148,phone,user1,stand
8.392222124966793,2.6931994628906253,9.328301696777345,-1.517095184326172,-0.003336984431371093,0.020087113603949547,0.002276826649904251,phone,user1,stand
8.41222212498542,2.617456970214844,9.310488739013673,-1.550625457763672,-0.003565903753042221,0.02415086142718792,0.009812829084694386,phone,user1,stand
8.432221124996431,2.5572821044921876,9.350455627441407,-1.5334112548828125,-0.0027423533610999584,0.023036539554595947,0.014908378943800926,phone,user1,stand
8.452221125015058,2.558180236816406,9.361682281494142,-1.5479310607910157,0.0009197413455694914,0.02328789234161377,0.013343985192477703,phone,user1,stand
8.472220124909654,2.554438018798828,9.387428741455079,-1.5573614501953126,-0.0031454272102564573,0.017681680619716644,0.012111296877264977,phone,user1,stand
8.49222012492828,2.520758056640625,9.406289520263673,-1.5658937072753907,-0.008422408252954483,0.0009404425509274006,0.013961605727672577,phone,user1,stand
8.512219124939293,2.5129742431640625,9.347312164306642,-1.5408956909179687,-0.017527729272842407,-0.01007117796689272,0.01319639291614294,phone,user1,stand
8.53221912495792,2.6194029235839844,9.357940063476564,-1.5667918395996094,-0.026602448895573616,0.0035831150598824024,0.007624526973813772,phone,user1,stand
8.552219124976546,2.6732908630371095,9.292077026367188,-1.5741265869140626,-0.01584695093333721,0.008732480928301811,0.00819699838757515,phone,user1,stand
8.572218124987558,2.6649082946777347,9.263785858154298,-1.6087046813964845,-1.713237725198269e-05,-0.008034062571823597,0.011309773661196232,phone,user1,stand
8.592218125006184,2.6527835083007814,9.260193328857422,-1.5727793884277343,-0.001178260426968336,-0.011976792477071285,0.014570741914212704,phone,user1,stand
8.61221712490078,2.6659561157226563,9.325607299804688,-1.5640974426269532,-0.007934094406664371,-0.004840771667659283,0.01301426813006401,phone,user1,stand
8.632217124919407,2.652484130859375,9.351353759765626,-1.5563136291503907,-0.0037799852434545755,0.003761528991162777,0.008733820170164108,phone,user1,stand
8.652216124930419,2.5667124938964845,9.382039947509766,-1.5572117614746095,0.005523180589079857,-0.0027969146613031626,0.006915789097547531,phone,user1,stand
8.672216124949045,2.5078848266601566,9.366771697998047,-1.5515235900878908,-0.0018250709399580956,-0.012020016089081764,0.00726669654250145,phone,user1,stand
8.692215124960057,2.5602758789062503,9.395062866210939,-1.5796650695800782,-0.01921849511563778,-0.009338883683085442,0.007410086691379547,phone,user1,stand
8.712215124978684,2.595752105712891,9.350904693603516,-1.6191828918457032,-0.020771468058228493,-0.015220371074974537,0.0061053321696817875,phone,user1,stand
8.732214124989696,2.6500891113281253,9.328900451660157,-1.6640895080566407,-0.018823614344000816,-0.024509698152542114,0.004975404590368271,phone,user1,stand
8.752214125008322,2.660567321777344,9.267827453613283,-1.6506175231933595,-0.012684062123298645,-0.017097793519496918,0.003952893894165754,phone,user1,stand
8.772213124902919,2.683469696044922,9.198521575927735,-1.6859440612792969,-0.011949911713600159,-0.015222026966512203,0.0019437337759882212,phone,user1,stand
8.792213124921545,2.7125093078613283,9.220525817871094,-1.6666342163085939,-0.009273631498217583,-0.009947986342012882,0.0029466182459145784,phone,user1,stand
8.812212124932557,2.6613157653808597,9.319320373535156,-1.5844551086425782,0.004550832323729992,-0.00799462478607893,0.002032436663284898,phone,user1,stand
8.832212124951184,2.674787750244141,9.299561462402345,-1.603315887451172,0.010036766529083252,-0.008856726810336113,-0.0027338326908648014,phone,user1,stand
8.85221212496981,2.7234365844726565,9.325906677246094,-1.6066090393066408,-0.004798838868737221,0.005696234293282032,-0.004557278007268906,phone,user1,stand
8.872211124980822,2.7415489196777347,9.343270568847657,-1.6217276000976564,-0.007340181153267622,0.021353675052523613,-0.0025551244616508484,phone,user1,stand
8.892211124999449,2.694696350097656,9.372459869384766,-1.5729290771484377,-0.0030684357043355703,0.02018117904663086,0.004063732922077179,phone,user1,stand
8.91221012501046,2.6138644409179688,9.379644927978516,-1.526675262451172,-0.006017619743943214,0.006039528176188469,0.013158428482711315,phone,user1,stand
8.932210124912672,2.5701553344726564,9.335935821533203,-1.5545173645019532,-0.015489170327782631,-0.0003667519777081907,0.01663060672581196,phone,user1,stand
8.952209124923684,2.5667124938964845,9.30465087890625,-1.5578105163574218,-0.03125738352537155,0.006157401949167252,0.012582724913954735,phone,user1,stand
8.972209833329543,2.5713528442382816,9.301956481933594,-1.5943345642089846,-0.03125418722629547,0.010042954236268997,0.007680910173803568,phone,user1,stand
8.992208833340555,2.5727000427246094,9.308393096923828,-1.6262182617187502,-0.016096489503979683,0.013754136860370636,0.0007886169478297234,phone,user1,stand
9.012208833242767,2.549348602294922,9.331145782470704,-1.592538299560547,-0.0034424085170030594,8.538272231817245e-05,-0.001556622446514666,phone,user1,stand
9.032207833253779,2.567311248779297,9.338929595947267,-1.5515235900878908,-0.005857028067111969,-0.019209306687116623,0.00037330598570406437,phone,user1,stand
9.052207833272405,2.570754089355469,9.349407806396485,-1.5235317993164064,-0.01369422860443592,-0.01609407551586628,-0.0024066525511443615,phone,user1,stand
9.072206833283417,2.5861720275878906,9.338330841064453,-1.5393988037109376,-0.018357228487730026,-0.016265764832496643,-0.004226861987262964,phone,user1,stand
9.092206833302043,2.616409149169922,9.31512908935547,-1.5489788818359376,-0.014967018738389015,-0.012981701642274857,-0.007576492615044117,phone,user1,stand
9.112205833313055,2.635419616699219,9.32186508178711,-1.5274237060546876,-0.011056000366806984,-0.0157952718436718,-0.0058591412380337715,phone,user1,stand
9.132205833331682,2.644850006103516,9.36063446044922,-1.533710632324219,-0.009614000096917152,-0.026224739849567413,-0.003621586598455906,phone,user1,stand
9.152204833342694,2.6367668151855472,9.391021270751954,-1.5096107482910157,-0.013410268351435661,-0.026071695610880852,-0.0006109485984779894,phone,user1,stand
9.172204833244905,2.614313507080078,9.397008819580078,-1.5139517211914064,-0.02242555283010006,-0.022825228050351143,0.0005751955322921276,phone,user1,stand
9.192203833255917,2.6123675537109374,9.389823760986328,-1.5211367797851563,-0.03286837041378021,-0.019007351249456406,0.0005715443985536695,phone,user1,stand
9.212203833274543,2.591261444091797,9.303303680419923,-1.481169891357422,-0.037608832120895386,-0.027272026985883713,0.008027496747672558,phone,user1,stand
9.232202833285555,2.612666931152344,9.237141265869141,-1.5169454956054689,-0.038135673850774765,-0.0351002998650074,0.010438787750899792,phone,user1,stand
9.252202833304182,2.645149383544922,9.244026947021485,-1.551822967529297,-0.0384620763361454,-0.03230057656764984,0.011773953214287758,phone,user1,stand
9.272201833315194,2.7000851440429687,9.344767456054688,-1.5455360412597656,-0.02571174129843712,-0.019297800958156586,0.0038780528120696545,phone,user1,stand
9.29220183333382,2.7107130432128907,9.326954498291016,-1.5262261962890626,-0.004468289203941822,-0.00642948504537344,-0.003937500528991222,phone,user1,stand
9.312200833344832,2.684517517089844,9.296567687988281,-1.46335693359375,0.0040501318871974945,-0.018325256183743477,-0.004062477499246597,phone,user1,stand
9.332200833247043,2.681374053955078,9.289382629394531,-1.4650035095214844,-0.003817945020273328,-0.008619136177003384,-0.005574279464781284,phone,user1,stand
9.35220083326567,2.728226623535156,9.30465087890625,-1.47772705078125,-0.006284448318183422,0.007650627288967371,-0.009755805134773254,phone,user1,stand
9.372199833276682,2.748135223388672,9.335935821533203,-1.5203883361816406,-0.002845108974725008,0.020605552941560745,-0.011808255687355995,phone,user1,stand
9.392199833295308,2.6996360778808595,9.342372436523439,-1.465602264404297,0.0019111782312393188,0.016297850757837296,-0.0010419769678264856,phone,user1,stand
9.41219883330632,2.6469456481933595,9.370813293457031,-1.4130615234375001,-0.0015133614651858807,0.0022782713640481234,0.007292879745364189,phone,user1,stand
9.432198833324946,2.6339227294921876,9.337133331298828,-1.44419677734375,-0.013747025281190872,0.0018686166731640697,0.008620054461061954,phone,user1,stand
9.452197833335958,2.645149383544922,9.351204071044922,-1.4603631591796875,-0.020568694919347763,0.023052988573908806,0.003625968936830759,phone,user1,stand
9.47219783323817,2.669099578857422,9.33099609375,-1.5154486083984375,-0.015479045920073986,0.022073373198509216,-0.0007628485327586532,phone,user1,stand
9.492196833249182,2.615511016845703,9.328750762939453,-1.4831158447265627,-0.009374464862048626,0.01835283450782299,-0.0009207020048052073,phone,user1,stand
9.512196833267808,2.611469421386719,9.285640411376953,-1.4540762329101564,-0.011323397979140282,0.010199268348515034,-0.00017653752001933753,phone,user1,stand
9.53219583327882,2.6372158813476565,9.316925354003907,-1.4718891906738283,-0.01669449545443058,0.017484841868281364,-0.0003666130069177598,phone,user1,stand
9.552195833297446,2.6108706665039065,9.327553253173829,-1.4913487243652344,-0.0015661916695535183,0.02106027491390705,-0.003619810566306114,phone,user1,stand
9.572194833308458,2.585423583984375,9.329948272705078,-1.4421011352539064,0.009535461664199829,0.009252883493900299,-0.005363116040825844,phone,user1,stand
9.592194833327085,2.622247009277344,9.357041931152343,-1.426084442138672,0.008221490308642387,0.014169164001941681,-0.007988628931343555,phone,user1,stand
9.612193833338097,2.670297088623047,9.361682281494142,-1.43940673828125,0.004209387116134167,0.016574982553720474,-0.010487714782357216,phone,user1,stand
9.632193833240308,2.653531951904297,9.358838195800782,-1.4099180603027344,0.004015525337308645,0.0156924519687891,-0.008289228193461895,phone,user1,stand
9.65219283325132,2.6372158813476565,9.327852630615235,-1.4197975158691407,0.0054062954150140285,0.021455122157931328,-0.011453570798039436,phone,user1,stand
9.672192833269946,2.6795777893066406,9.326804809570312,-1.4268328857421875,0.0030166658107191324,0.030615977942943573,-0.014369475655257702,phone,user1,stand
9.692191833280958,2.697839813232422,9.32231414794922,-1.4316229248046877,0.00558331236243248,0.03404585272073746,-0.013695492409169674,phone,user1,stand
9.712191833299585,2.6372158813476565,9.344468078613282,-1.4115646362304688,0.014517830684781075,0.020270977169275284,-0.010509024374186993,phone,user1,stand
9.732190833310597,2.655627593994141,9.345216522216797,-1.3886622619628908,0.012149602174758911,0.017379790544509888,-0.0082892756909132,phone,user1,stand
9.752190833329223,2.663112030029297,9.371412048339844,-1.4108161926269531,0.0037321127019822598,0.021269826218485832,-0.00829426571726799,phone,user1,stand
9.772189833340235,2.6632617187500003,9.358987884521484,-1.4227912902832032,-0.0010336099658161402,0.01591949723660946,-0.001912699081003666,phone,user1,stand
9.792188833234832,2.601739654541016,9.381590881347657,-1.4205459594726564,-6.894906982779503e-05,0.0011966403108090162,0.005438350141048431,phone,user1,stand
9.812188833253458,2.5872198486328126,9.361532592773438,-1.447789306640625,-0.003226377535611391,-0.001384721719659865,0.006136145908385515,phone,user1,stand
9.83218783326447,2.614912261962891,9.309590606689454,-1.4654525756835939,-0.008024982176721096,0.0027442965656518936,0.0019861350301653147,phone,user1,stand
9.852187833283097,2.6340724182128907,9.31378189086914,-1.4662010192871096,-0.005762751679867506,0.002649968955665827,0.00051489332690835,phone,user1,stand
9.872186833294109,2.615361328125,9.318422241210937,-1.4494358825683595,-0.0015469517093151808,-0.0016099822241812944,-0.0025644716806709766,phone,user1,stand
9.892186833312735,2.6441015625,9.367071075439453,-1.433419189453125,0.007166329771280289,-0.0009203485678881407,-0.0037177661433815956,phone,user1,stand
9.912185833323747,2.6370661926269534,9.33099609375,-1.4148577880859377,0.01321987435221672,-0.007255065254867077,-0.0035802514757961035,phone,user1,stand
9.932185833342373,2.6441015625,9.37260955810547,-1.4266831970214844,0.005696491338312626,-0.010818789713084698,-0.001046112971380353,phone,user1,stand
9.95218483323697,2.6589207458496094,9.367071075439453,-1.4036311340332033,0.0014059024397283792,-0.002684354316443205,0.0012735927011817694,phone,user1,stand
9.972183958278038,2.7020310974121093,9.37979461669922,-1.4054273986816408,0.003761725965887308,0.000562235014513135,0.00036524696042761207,phone,user1,stand
9.99218295828905,2.717898101806641,9.413624267578125,-1.4067745971679688,-0.0015666275285184383,-0.003911670763045549,0.004367832560092211,phone,user1,stand
10.012182958307676,2.681972808837891,9.36976547241211,-1.4151571655273438,-0.005948204547166824,-0.01080841850489378,0.011386964470148087,phone,user1,stand
10.032181958318688,2.664309539794922,9.353748779296875,-1.4611116027832032,-0.013334769755601883,-0.004251019563525915,0.012200841680169106,phone,user1,stand
10.052181958337314,2.685715026855469,9.290280761718751,-1.4792239379882812,-0.01859825849533081,0.007217577192932367,0.012270568870007992,phone,user1,stand
10.072180958348326,2.7069708251953126,9.263336791992188,-1.4929953002929688,-0.012964842841029167,0.016967488452792168,0.010139868594706059,phone,user1,stand
10.092180958250538,2.6737399291992188,9.288484497070312,-1.4916481018066408,-0.0017995545640587807,0.01345101185142994,0.011986724101006985,phone,user1,stand
10.11217995826155,2.621049499511719,9.314230957031251,-1.469045104980469,0.003402892965823412,0.007561117876321077,0.011097827926278114,phone,user1,stand
10.132179958280176,2.6197023010253906,9.32186508178711,-1.4590159606933595,0.007366308011114597,-9.872927330434322e-05,0.009215625002980232,phone,user1,stand
10.152178958291188,2.614014129638672,9.351653137207032,-1.4379098510742188,0.003885122714564204,0.0038442835211753845,0.007300931960344315,phone,user1,stand
10.172178958309814,2.6134153747558595,9.35105438232422,-1.4311738586425782,0.004594558849930763,0.010234462097287178,0.005595084745436907,phone,user1,stand
10.192177958320826,2.6105712890625,9.380992126464845,-1.428479461669922,0.006145286373794079,0.01745527796447277,0.003778182901442051,phone,user1,stand
10.212177958339453,2.623594207763672,9.361831970214844,-1.4578184509277345,0.008401218801736832,0.021364452317357063,0.0031775450333952904,phone,user1,stand
10.23217695823405,2.6265879821777345,9.358538818359376,-1.4623091125488281,0.005276008043438196,0.013686895370483398,0.0010333755053579807,phone,user1,stand
10.252175958245061,2.647394714355469,9.331894226074219,-1.4554234313964844,0.0019474908476695418,0.016894202679395676,-0.0004975289339199662,phone,user1,stand
10.272175958263688,2.6912535095214847,9.324110412597657,-1.4718891906738283,0.001106015406548977,0.025058822706341743,-0.0031038911547511816,phone,user1,stand
10.2921749582747,2.6872119140625,9.317524108886719,-1.5028747558593751,0.000923071289435029,0.028588879853487015,0.0028270145412534475,phone,user1,stand
10.312174958293326,2.635569305419922,9.345815277099609,-1.5094610595703126,0.0034610708244144917,0.024556025862693787,0.009167841635644436,phone,user1,stand
10.332173958304338,2.5979974365234377,9.34821029663086,-1.5094610595703126,0.006499632261693478,0.024536676704883575,0.007932441309094429,phone,user1,stand
10.352173958322965,2.595901794433594,9.332792358398438,-1.4900015258789063,0.0014860027004033327,0.021843204274773598,0.004794904496520758,phone,user1,stand
10.372172958333977,2.579136657714844,9.280401306152344,-1.5377522277832032,0.003369322046637535,0.015918079763650894,0.0005782954394817352,phone,user1,stand
10.392172958236188,2.5978477478027346,9.322912902832032,-1.5572117614746095,8.534197695553303e-05,0.012164619751274586,-0.003977580461651087,phone,user1,stand
10.4121719582472,2.601889343261719,9.332193603515625,-1.4679972839355468,0.010438086465001106,0.003165728412568569,-0.00141517526935786,phone,user1,stand
10.432171958265826,2.6204507446289065,9.34776123046875,-1.4317726135253908,0.011562034487724304,-0.023137900978326797,0.0019264803268015385,phone,user1,stand
10.452170958276838,2.6372158813476565,9.344168701171876,-1.4395564270019532,-0.0001558847725391388,-0.02136394940316677,0.001985222799703479,phone,user1,stand
10.472170958295465,2.6831703186035156,9.335636444091797,-1.4723382568359376,-0.004048795439302921,-0.012177973985671997,-0.002306609181687236,phone,user1,stand
10.492169958306476,2.7198440551757814,9.345515899658203,-1.4756314086914064,0.00361643941141665,-0.005216780584305525,-0.004551640711724758,phone,user1,stand
10.512168958317488,2.775228881835938,9.339977416992188,-1.4322216796875,0.006698471028357744,-0.008091776631772518,-0.0017770309932529926,phone,user1,stand
10.532168958336115,2.7644512939453127,9.337432708740234,-1.4332695007324219,0.0061259097419679165,-0.00877318810671568,0.0007071421714499593,phone,user1,stand
10.552167958347127,2.7598109436035156,9.308842163085938,-1.4349160766601563,0.0022871720138937235,0.001979181542992592,-0.0025855028070509434,phone,user1,stand
10.572167958249338,2.790048065185547,9.307195587158203,-1.3968951416015625,0.002067742170765996,0.023984119296073914,-0.004203061573207378,phone,user1,stand
10.59216695826035,2.820883941650391,9.283395080566407,-1.409169616699219,0.0053560310043394566,0.032584965229034424,-0.003941998351365328,phone,user1,stand
10.612166958278976,2.788551177978516,9.29941177368164,-1.4450949096679688,0.009615786373615265,0.021925467997789383,0.0029868376441299915,phone,user1,stand
10.632165958289988,2.720442810058594,9.33384017944336,-1.4295272827148438,0.00806488748639822,0.013506420888006687,0.006971132941544056,phone,user1,stand
10.652165958308615,2.6746380615234377,9.38937469482422,-1.460662536621094,0.002283038105815649,0.01324116438627243,0.006669722963124514,phone,user1,stand
10.672164958319627,2.6376649475097658,9.394613800048829,-1.451232147216797,-0.0038770101964473724,0.019664183259010315,0.001580769312568009,phone,user1,stand
10.692164958338253,2.6423052978515624,9.392817535400392,-1.4627581787109376,-0.008320323191583157,0.01795259863138199,-0.0010440784972161055,phone,user1,stand
10.71216395823285,2.6035359191894534,9.341773681640625,-1.488504638671875,-0.01659191958606243,0.009260141290724277,-0.0008449481101706624,phone,user1,stand
10.732162958243862,2.6156607055664063,9.268426208496095,-1.5443385314941407,-0.016864614561200142,0.0012131688417866826,0.0010744361206889153,phone,user1,stand
10.752162958262488,2.627186737060547,9.281299438476562,-1.5416441345214844,-0.014391602016985416,-0.005104381591081619,0.003590590786188841,phone,user1,stand
10.7721619582735,2.6369165039062503,9.29267578125,-1.5389497375488281,-0.006329077295958996,-0.0030064790043979883,0.002143192570656538,phone,user1,stand
10.792161958292127,2.6367668151855472,9.330846405029297,-1.5214361572265627,-0.002644175197929144,-0.004807503893971443,-0.0004853215650655329,phone,user1,stand
10.812160958303139,2.638263702392578,9.281598815917969,-1.485959930419922,0.000626580324023962,-0.01559387519955635,-0.0005867697182111442,phone,user1,stand
10.832160958321765,2.6505381774902346,9.38323745727539,-1.464404754638672,-0.003063552314415574,-0.026452479884028435,0.0018910483922809362,phone,user1,stand
10.852159958332777,2.614163818359375,9.416767730712891,-1.4697935485839844,-0.007805577479302883,-0.023913687095046043,0.00558964628726244,phone,user1,stand
10.872158958343789,2.575843505859375,9.388626251220703,-1.4464421081542969,-0.009019321762025356,-0.02745196409523487,0.006859378889203072,phone,user1,stand
10.892158958246,2.5107289123535157,9.369017028808594,-1.4687457275390625,-0.01681111380457878,-0.03214801475405693,0.006870372220873833,phone,user1,stand
10.912157958257012,2.545756072998047,9.33952835083008,-1.4864089965820313,-0.028158381581306458,-0.030231738463044167,0.00412382185459137,phone,user1,stand
10.932157958275639,2.5897645568847656,9.278904418945313,-1.482367401123047,-0.028103981167078018,-0.0315733440220356,0.0003164121008012444,phone,user1,stand
10.95215695828665,2.6385630798339843,9.28354476928711,-1.482217712402344,-0.0191182941198349,-0.051729340106248856,0.0013809899101033807,phone,user1,stand
10.972157749929465,2.6445506286621097,9.32665512084961,-1.453926544189453,-0.01992960460484028,-0.05876031890511513,0.0019936233293265104,phone,user1,stand
10.992156749940477,2.6967919921875003,9.344468078613282,-1.4796730041503907,-0.02024448662996292,-0.04976781830191612,-0.0034116460010409355,phone,user1,stand
11.012156749959104,2.7532246398925784,9.372459869384766,-1.4772779846191406,-0.01857275515794754,-0.03642202541232109,-0.005682311020791531,phone,user1,stand
11.032155749970116,2.758613433837891,9.316476287841798,-1.4419514465332033,-0.010907658375799656,-0.03475944697856903,-0.004592587240040302,phone,user1,stand
11.052154749981128,2.7677444458007816,9.300010528564453,-1.4036311340332033,-0.009810156188905239,-0.03642149269580841,-0.0019445645157247782,phone,user1,stand
11.072154749999754,2.7569668579101565,9.288933563232423,-1.4123130798339845,-0.018481096252799034,-0.025038806721568108,-0.0015989381354302168,phone,user1,stand
11.092153750010766,2.7497817993164064,9.294921112060548,-1.4269825744628908,-0.018084442242980003,-0.007128549739718437,-0.005468085408210754,phone,user1,stand
11.112153749912977,2.7446923828125,9.320368194580078,-1.3907579040527345,-0.006771471351385117,0.006930511444807053,-0.004199601244181395,phone,user1,stand
11.13215274992399,2.7201434326171876,9.323960723876954,-1.3533357238769532,-0.003921693656593561,0.006275773514062166,-0.00033032556530088186,phone,user1,stand
11.152152749942616,2.711461486816406,9.331145782470704,-1.3563294982910157,-0.005039702169597149,0.003135340753942728,0.00024194474099203944,phone,user1,stand
11.172151749953628,2.6596691894531252,9.382788391113282,-1.3741424560546875,-0.007148580625653267,0.003852990223094821,0.0006462001474574208,phone,user1,stand
11.19215074996464,2.6297314453125002,9.410031738281251,-1.3885125732421875,-0.0075576938688755035,0.018798789009451866,-0.004228617995977402,phone,user1,stand
11.212150749983266,2.6327252197265625,9.365274810791016,-1.4037808227539064,-0.0024781625252217054,0.03445621207356453,-0.00920332781970501,phone,user1,stand
11.232149749994278,2.65128662109375,9.37650146484375,-1.3904585266113283,2.383231185376644e-05,0.03771691396832466,-0.01127494964748621,phone,user1,stand
11.252149750012904,2.677482147216797,9.343270568847657,-1.385369110107422,-0.0038542503025382757,0.0326223224401474,-0.010013900697231293,phone,user1,stand
11.272148749907501,2.6508375549316407,9.358538818359376,-1.417552185058594,-0.012806614860892296,0.024252744391560555,-0.004676412791013718,phone,user1,stand
11.292147749918513,2.5694068908691405,9.29507080078125,-1.4184503173828125,-0.01155233383178711,0.018812619149684906,-0.000709984393324703,phone,user1,stand
11.31214774993714,2.578537902832031,9.331145782470704,-1.44898681640625,-0.01315825805068016,0.018755538389086723,-0.006531244143843651,phone,user1,stand
11.332146749948151,2.6301805114746095,9.301657104492188,-1.451232147216797,-0.008838162757456303,0.02468995749950409,-0.01290932297706604,phone,user1,stand
11.352146749966778,2.6470953369140626,9.28070068359375,-1.4569203186035158,0.0006759932730346918,0.010749938897788525,-0.011414982378482819,phone,user1,stand
11.37214574997779,2.615511016845703,9.339079284667969,-1.440454559326172,-0.0006395739037543535,-0.01813998818397522,-0.005034405738115311,phone,user1,stand
11.392145749996416,2.6036856079101565,9.367520141601563,-1.3820759582519533,-0.002227967604994774,-0.024838006123900414,-0.0007270839996635914,phone,user1,stand
11.412144750007428,2.612666931152344,9.348659362792969,-1.3844709777832032,-0.005289888009428978,-0.026457110419869423,-0.0055884928442537785,phone,user1,stand
11.432143749902025,2.6369165039062503,9.30075897216797,-1.3864169311523438,-0.011363890953361988,-0.022666875272989273,-0.005790919065475464,phone,user1,stand
11.452143749920651,2.683469696044922,9.321116638183595,-1.4024336242675781,-0.010607566684484482,-0.019671114161610603,-0.0020540126133710146,phone,user1,stand
11.472142749931663,2.728975067138672,9.38174057006836,-1.3762380981445312,-0.0017491185571998358,-0.020667998120188713,0.004053864628076553,phone,user1,stand
11.49214274995029,2.691552886962891,9.392667846679688,-1.3608201599121095,-0.005150800105184317,-0.022998591884970665,0.005578174255788326,phone,user1,stand
11.512141749961302,2.6563760375976564,9.356742553710937,-1.3693524169921876,-0.012056905776262283,-0.00638548145070672,0.003505648812279105,phone,user1,stand
11.532140749972314,2.6628126525878906,9.358389129638672,-1.3898597717285157,-0.00824848935008049,0.012425953522324562,0.0006473935209214687,phone,user1,stand
11.55214074999094,2.6360183715820313,9.340276794433594,-1.357676696777344,0.00453731045126915,0.01917724497616291,-0.002088326495140791,phone,user1,stand
11.572139750001952,2.594853973388672,9.364825744628908,-1.350641326904297,0.0037094552535563707,0.009015144780278206,0.00203817174769938,phone,user1,stand
11.592139749904163,2.5903633117675784,9.360035705566407,-1.3739927673339845,0.001520626712590456,0.006424212362617254,6.511498941108584e-05,phone,user1,stand
11.612138749915175,2.588866424560547,9.355844421386719,-1.402134246826172,-0.005078880116343498,0.01340822596102953,-0.0033860395196825266,phone,user1,stand
11.632137749926187,2.551893310546875,9.342671813964845,-1.4193484497070312,-0.0022549761924892664,0.020810548216104507,-0.0052350289188325405,phone,user1,stand
11.652137749944814,2.5608746337890627,9.330696716308594,-1.4030323791503907,0.004119605757296085,0.01534633431583643,-0.009730258025228977,phone,user1,stand
11.672136749955826,2.5729994201660156,9.331744537353517,-1.4248869323730469,0.005317189730703831,0.0049713971093297005,-0.007176739629358053,phone,user1,stand
11.692136749974452,2.604434051513672,9.353299713134765,-1.4314732360839844,0.0062514543533325195,0.007307554129511118,-0.008976089768111706,phone,user1,stand
11.712135749985464,2.6030868530273437,9.39611068725586,-1.4145584106445312,0.009756593964993954,0.009850938804447651,-0.01106130238622427,phone,user1,stand
11.732134749996476,2.6324258422851563,9.405092010498047,-1.3660592651367187,0.012009728699922562,-0.0020625400356948376,-0.00502426503226161,phone,user1,stand
11.752134750015102,2.6315277099609378,9.357940063476564,-1.3714480590820313,0.0017523672431707382,-0.015189362689852715,0.0009481080342084169,phone,user1,stand
11.772133749909699,2.6375152587890627,9.370962982177735,-1.3894107055664062,-0.010731064714491367,-0.015537714585661888,0.0015329737216234207,phone,user1,stand
11.792133749928325,2.6530828857421875,9.340725860595704,-1.418899383544922,-0.01023612916469574,-0.006353020202368498,0.004714046139270067,phone,user1,stand
11.812132749939337,2.665507049560547,9.309141540527344,-1.4245875549316407,-0.002223443938419223,-0.0008186275372281671,0.002199869602918625,phone,user1,stand
11.83213174995035,2.661914520263672,9.30465087890625,-1.422342224121094,0.00038973474875092506,0.002825278788805008,0.004567496012896299,phone,user1,stand
11.852131749968976,2.6324258422851563,9.384285278320313,-1.409319305419922,0.005364645272493362,0.0024380201939493418,0.004827685188502073,phone,user1,stand
11.872130749979988,2.650987243652344,9.415719909667969,-1.3912069702148437,0.006971406750380993,0.0027881411369889975,0.0026002172380685806,phone,user1,stand
11.892130749998614,2.6033862304687503,9.382489013671876,-1.325792999267578,0.0024648807011544704,0.007226177025586367,0.004778722301125526,phone,user1,stand
11.912129750009626,2.593656463623047,9.359586639404297,-1.4338682556152345,-0.009679926559329033,0.006721757352352142,0.006216369103640318,phone,user1,stand
11.932128749904223,2.625689849853516,9.30988998413086,-1.4435980224609375,-0.012888661585748196,0.010819520801305771,0.005746742244809866,phone,user1,stand
11.95212874992285,2.6336233520507815,9.291029205322266,-1.4431489562988282,-0.0019442816264927387,0.00800507515668869,0.005651592742651701,phone,user1,stand
11.972127124899998,2.6077272033691408,9.30659683227539,-1.4217434692382813,0.00681522861123085,0.007555754855275154,0.006196628324687481,phone,user1,stand
11.99212612491101,2.5956024169921874,9.344019012451172,-1.4162049865722657,0.004160461015999317,0.010984067805111408,-0.00046021389425732195,phone,user1,stand
12.012126124929637,2.639012145996094,9.34342025756836,-1.409468994140625,0.00810949131846428,0.017658909782767296,-0.00400712201371789,phone,user1,stand
12.032125124940649,2.658321990966797,9.37979461669922,-1.407073974609375,0.009642302058637142,0.020801519975066185,-0.002524999203160405,phone,user1,stand
12.052125124959275,2.655028839111328,9.389674072265626,-1.4051280212402344,0.009478526189923286,0.016637925058603287,-0.003298036986961961,phone,user1,stand
12.072124124970287,2.618804168701172,9.342073059082031,-1.3834231567382813,0.002886107424274087,0.009042018093168736,-0.003072619205340743,phone,user1,stand
12.092123124981299,2.6369165039062503,9.318422241210937,-1.4079721069335938,-0.0016250533517450094,0.009137548506259918,-0.0024924296885728836,phone,user1,stand
12.112123124999925,2.620001678466797,9.35389846801758,-1.4085708618164063,-0.00013352418318390846,0.007845991291105747,0.0023924109991639853,phone,user1,stand
12.132122125010937,2.616259460449219,9.362281036376954,-1.389111328125,0.0007312477100640535,-0.008526251651346684,0.007970064878463745,phone,user1,stand
12.152121124905534,2.6171575927734376,9.36018539428711,-1.3786331176757813,-0.002170862630009651,-0.011084603145718575,0.009008695371448994,phone,user1,stand
12.17212112492416,2.648292846679688,9.352251892089845,-1.4111155700683595,-0.004262479022145271,-0.007233602460473776,0.008103862404823303,phone,user1,stand
12.192120124935172,2.6596691894531252,9.3549462890625,-1.4168037414550783,-0.002297161379829049,-0.008419997058808804,0.00557991536334157,phone,user1,stand
12.212120124953799,2.651136932373047,9.383387145996094,-1.3930032348632813,0.00037775631062686443,-0.01366444118320942,0.0065992060117423534,phone,user1,stand
12.232119124964811,2.6529331970214844,9.34776123046875,-1.3808784484863281,-0.006156986579298973,-0.01611112616956234,0.007138737011700869,phone,user1,stand
12.252118124975823,2.6517356872558597,9.316027221679688,-1.414109344482422,-0.008044605143368244,-0.0089258486405015,0.0073439087718725204,phone,user1,stand
12.27211812499445,2.659369812011719,9.335337066650391,-1.3988410949707033,-0.004735742695629597,0.00035502854734659195,0.005212395917624235,phone,user1,stand
12.292117125005461,2.6807752990722657,9.364825744628908,-1.407223663330078,0.0020059081725776196,0.0007252028444781899,0.003328430000692606,phone,user1,stand
12.312116124900058,2.671644287109375,9.336983642578126,-1.4027330017089845,-0.0005910859908908606,0.000239931745454669,0.001990962540730834,phone,user1,stand
12.332116124918684,2.675386505126953,9.34102523803711,-1.4063255310058596,-0.0030062661971896887,-0.003711838275194168,6.164854858070612e-05,phone,user1,stand
12.352115124929696,2.6638604736328126,9.326355743408204,-1.4379098510742188,-0.001890296582132578,0.0015324070118367672,7.484626257792115e-05,phone,user1,stand
12.372115124948323,2.6623635864257813,9.367520141601563,-1.4424005126953126,-0.0035559525713324547,0.0026586861349642277,-0.0023341672495007515,phone,user1,stand
12.392114124959335,2.641556854248047,9.346863098144532,-1.4171031188964844,0.001740200212225318,0.0032825178932398558,-0.0025861430913209915,phone,user1,stand
12.412113124970347,2.660717010498047,9.31468002319336,-1.41066650390625,-0.0001844465732574463,-0.0036685545928776264,-0.0011176049010828137,phone,user1,stand
12.432113124988973,2.672392730712891,9.332193603515625,-1.4355148315429689,-0.00348091684281826,-0.003914386499673128,0.0005955711822025478,phone,user1,stand
12.452112124999985,2.667902069091797,9.34342025756836,-1.3894107055664062,-0.001447593793272972,-0.0015769298188388348,3.0448398320004344e-05,phone,user1,stand
12.472111125010997,2.705174560546875,9.311536560058594,-1.3950988769531252,-0.0011980270501226187,-0.0029236257541924715,-0.0024789427407085896,phone,user1,stand
12.492111124913208,2.7271788024902346,9.34776123046875,-1.4203962707519533,-0.0038850237615406513,-4.18324489146471e-05,-0.00023388557019643486,phone,user1,stand
12.51211012492422,2.672692108154297,9.345815277099609,-1.3834231567382813,-0.002976619638502598,-0.0017987197497859597,0.0035001325886696577,phone,user1,stand
12.532109124935232,2.6458978271484375,9.369915161132813,-1.3427078247070314,-0.0019666089210659266,-0.0014074996579438448,0.005019243340939283,phone,user1,stand
12.552109124953859,2.651436309814453,9.348060607910156,-1.3977932739257812,-0.003544395789504051,0.007862718775868416,0.0006319439853541553,phone,user1,stand
12.57210812496487,2.672542419433594,9.343719635009766,-1.4061758422851562,-0.003095082240179181,0.012021863833069801,-0.0009559583268128335,phone,user1,stand
12.592107124975882,2.6589207458496094,9.34102523803711,-1.3760884094238282,-0.003354426706209779,0.00996625330299139,0.0013228447642177343,phone,user1,stand
12.612107124994509,2.6551785278320312,9.363927612304687,-1.3461506652832032,-0.00511271134018898,0.0017161871073767543,0.002637907862663269,phone,user1,stand
12.63210612500552,2.6771827697753907,9.340576171875,-1.376986541748047,-0.010965179651975632,-0.002917255274951458,0.001411101664416492,phone,user1,stand
12.652105124900118,2.7059230041503906,9.32336196899414,-1.396146697998047,-0.009387049823999405,-0.0005293344729579985,0.0010622787522152066,phone,user1,stand
12.672105124918744,2.682272186279297,9.313632202148439,-1.3983920288085938,-0.003982239868491888,0.00977910403162241,0.0015112189576029778,phone,user1,stand
12.692104124929756,2.6720933532714843,9.341474304199219,-1.3997392272949218,-0.001364103751257062,0.013805232010781765,-0.0005386839620769024,phone,user1,stand
12.712103124940768,2.6795777893066406,9.366172943115235,-1.3781840515136718,0.0003178196493536234,0.010182020254433155,0.0009838566184043884,phone,user1,stand
12.732103124959394,2.671793975830078,9.363029479980469,-1.3825250244140626,0.0012969444505870342,0.0024466230534017086,0.0033690400887280703,phone,user1,stand
12.752102124970406,2.6538313293457034,9.376351776123048,-1.3650114440917969,-0.0033734962344169617,0.007679079193621874,0.003936352673918009,phone,user1,stand
12.772101124981418,2.6455984497070313,9.342971191406251,-1.3522879028320314,-0.007835566997528076,0.01194958109408617,0.004137362353503704,phone,user1,stand
12.792101125000045,2.667752380371094,9.33234329223633,-1.3642630004882814,-0.005492478609085083,0.01007664855569601,0.0015651865396648645,phone,user1,stand
12.812100125011057,2.6589207458496094,9.355694732666016,-1.385518798828125,-0.004193979315459728,0.009287445805966854,0.0037423474714159966,phone,user1,stand
12.832099124905653,2.6701473999023437,9.321266326904297,-1.3650114440917969,-0.0030946170445531607,0.005552914924919605,0.004401780664920807,phone,user1,stand
12.85209912492428,2.667752380371094,9.34491714477539,-1.3783337402343752,-0.0025527398101985455,0.00554555281996727,0.004708828404545784,phone,user1,stand
12.872098124935292,2.650987243652344,9.378746795654298,-1.3699511718750002,-0.0028921402990818024,0.006335236132144928,0.004800764843821526,phone,user1,stand
12.892098124953918,2.6469456481933595,9.370364227294923,-1.3608201599121095,-0.002498841844499111,0.014941680245101452,0.001413281075656414,phone,user1,stand
12.91209712496493,2.638712768554688,9.358089752197266,-1.3477972412109376,-0.005318863317370415,0.012904095463454723,0.0024532454553991556,phone,user1,stand
12.932096124975942,2.628683624267578,9.32515823364258,-1.3669573974609375,-0.00874709989875555,0.0012693711323663592,0.0037608006969094276,phone,user1,stand
12.952095124986954,2.6765840148925784,9.307195587158203,-1.3702505493164063,-0.005435517989099026,0.003968638833612204,0.0029171351343393326,phone,user1,stand
12.972094625001773,2.6890081787109374,9.322763214111328,-1.3588742065429689,-0.0028340567369014025,0.003262273035943508,0.003020010655745864,phone,user1,stand
12.992093625012785,2.6776318359375,9.356293487548829,-1.3693524169921876,-0.0008692033588886261,-0.001691265031695366,0.005066282115876675,phone,user1,stand
13.012092624907382,2.648592224121094,9.3645263671875,-1.349593505859375,-0.0010101792868226767,-0.0027290238067507744,0.0059830970130860806,phone,user1,stand
13.032092624926008,2.6553282165527343,9.358688507080078,-1.36755615234375,-0.00035260897129774094,0.0026903213001787663,0.004780016373842955,phone,user1,stand
13.05209162493702,2.668800201416016,9.34776123046875,-1.3489947509765625,-0.0015793386846780777,0.010505481623113155,0.0020827220287173986,phone,user1,stand
13.072090624948032,2.6613157653808597,9.359736328125,-1.355431365966797,-0.0017987319733947515,0.008607274852693081,0.0037338254041969776,phone,user1,stand
13.092090624966659,2.6505381774902346,9.344767456054688,-1.3461506652832032,0.0002954804804176092,0.006090938113629818,0.005184588022530079,phone,user1,stand
13.11208962497767,2.6842181396484377,9.354646911621094,-1.3298345947265626,0.00037656468339264393,0.003917772322893143,0.0016220398247241974,phone,user1,stand
13.132088624988683,2.688409423828125,9.322613525390626,-1.3379177856445312,-0.002844832604750991,0.000892087584361434,0.002640015911310911,phone,user1,stand
13.152088625007309,2.7092161560058594,9.319619750976562,-1.3733940124511719,-0.0031029952224344015,-0.001224017352797091,0.0023448059801012278,phone,user1,stand
13.172087624901906,2.738704833984375,9.327702941894533,-1.368753662109375,6.42784871160984e-05,0.003513446543365717,0.003448313334956765,phone,user1,stand
13.192086624912918,2.716999969482422,9.334289245605468,-1.3965957641601563,0.002773838583379984,0.009933377616107464,0.0033143339678645134,phone,user1,stand
13.212086624931544,2.694546661376953,9.36018539428711,-1.3970448303222658,0.0030310912989079952,0.016797123476862907,0.004196339286863804,phone,user1,stand
13.232085624942556,2.6720933532714843,9.353599090576173,-1.3635145568847657,0.005797203630208969,0.021195385605096817,0.00607447512447834,phone,user1,stand
13.252084624953568,2.658172302246094,9.34821029663086,-1.3564791870117188,0.0012295057531446218,0.01964360475540161,0.007903892546892166,phone,user1,stand
13.272084624972194,2.6337730407714846,9.330097961425782,-1.3531860351562501,-0.003078470705077052,0.018000077456235886,0.007740721572190523,phone,user1,stand
13.292083624983206,2.6698480224609376,9.324858856201173,-1.393751678466797,0.0018928826320916414,0.019584977999329567,0.004649443551898003,phone,user1,stand
13.312082624994218,2.6680517578125,9.314081268310547,-1.3781840515136718,0.007759740110486746,0.02116326242685318,0.002096992451697588,phone,user1,stand
13.332082625012845,2.6673033142089846,9.314081268310547,-1.3633648681640627,0.007806550711393356,0.02237754501402378,0.0017310938565060496,phone,user1,stand
13.352081624907441,2.665357360839844,9.341174926757812,-1.364113311767578,0.011245310306549072,0.024877892807126045,0.000729557010345161,phone,user1,stand
13.372080624918453,2.6729914855957033,9.375154266357422,-1.320853271484375,0.015408637933433056,0.023527421057224274,0.0003940308524761349,phone,user1,stand
13.39208062493708,2.699037322998047,9.379495239257812,-1.3085787963867188,0.018554041162133217,0.022136341780424118,0.0006167177343741059,phone,user1,stand
13.412079624948092,2.662213897705078,9.365125122070314,-1.3163626098632812,0.010323455557227135,0.02510133385658264,0.0028259975370019674,phone,user1,stand
13.432078624959104,2.6599685668945314,9.335486755371095,-1.349593505859375,0.0024597300216555595,0.01904701068997383,0.0028592408634722233,phone,user1,stand
13.45207862497773,2.652035064697266,9.329798583984376,-1.3412109375,0.007918755523860455,0.02219582349061966,0.0036347995046526194,phone,user1,stand
13.472077624988742,2.6673033142089846,9.326355743408204,-1.3642630004882814,0.00868371780961752,0.019201835617423058,0.0018538194708526134,phone,user1,stand
13.492076624999754,2.6373655700683596,9.361831970214844,-1.3699511718750002,0.009352906607091427,0.015608042478561401,0.001889787265099585,phone,user1,stand
13.512075625010766,2.6349705505371097,9.380543060302735,-1.3555810546875,0.009362400509417057,0.010463692247867584,0.002430299762636423,phone,user1,stand
13.532075624912977,2.668650512695313,9.349407806396485,-1.3398637390136718,0.007207477930933237,0.005728275515139103,0.0034832172095775604,phone,user1,stand
13.55207462492399,2.6926007080078125,9.325756988525391,-1.3843212890625,0.005067520309239626,0.004397011362016201,0.005229281727224588,phone,user1,stand
13.572073624935001,2.6936485290527346,9.277706909179688,-1.3766871643066407,0.005938100162893534,0.0030827256850898266,0.005253219045698643,phone,user1,stand
13.592073624953628,2.682122497558594,9.311386871337891,-1.370998992919922,0.009119253605604172,-0.003005777718499303,0.008304167538881302,phone,user1,stand
13.61207262496464,2.681374053955078,9.36018539428711,-1.3680052185058595,0.015090594068169594,-0.0058905137702822685,0.004124070052057505,phone,user1,stand
13.632071624975652,2.683469696044922,9.342222747802735,-1.3537847900390625,0.01417771726846695,-0.002258121035993099,0.00015138476737774909,phone,user1,stand
13.652071624994278,2.7210415649414066,9.360933837890625,-1.3522879028320314,0.01600928232073784,-0.00488697225227952,-0.002813605358824134,phone,user1,stand
13.67207062500529,2.7137068176269534,9.353000335693359,-1.3460009765625,0.01514798030257225,-0.014409709721803665,-0.00021902017761021852,phone,user1,stand
13.692069624899887,2.712060241699219,9.369615783691406,-1.3575270080566406,0.00913960114121437,-0.018778664991259575,0.004662465304136276,phone,user1,stand
13.712068624910899,2.7069708251953126,9.337881774902344,-1.359023895263672,0.002156677655875683,-0.017245715484023094,0.007222360465675592,phone,user1,stand
13.732068624929525,2.761158142089844,9.342971191406251,-1.3653108215332033,-0.0005565215833485126,-0.012907898984849453,0.00948403961956501,phone,user1,stand
13.752067624940537,2.770887908935547,9.286987609863282,-1.3919554138183594,0.0021818126551806927,-0.008277850225567818,0.01009392086416483,phone,user1,stand
13.772066624951549,2.7430458068847656,9.31273406982422,-1.4262341308593751,0.004165169317275286,-0.0018951166421175003,0.009262887760996819,phone,user1,stand
13.792066624970175,2.751578063964844,9.333690490722656,-1.4001882934570313,0.009935094974935055,0.002310388255864382,0.006818856578320265,phone,user1,stand
13.812065624981187,2.792443084716797,9.347611541748048,-1.3763877868652346,0.013557159341871738,0.008237584494054317,0.002676969626918435,phone,user1,stand
13.8320646249922,2.7735823059082034,9.27396469116211,-1.3813275146484376,0.012901675887405872,0.015023959800601006,0.0010763611644506454,phone,user1,stand
13.852064625010826,2.7425967407226564,9.31947006225586,-1.413959655761719,0.011053122580051422,0.018726442009210587,0.001187747810035944,phone,user1,stand
13.872063624905422,2.714455261230469,9.323062591552734,-1.4100677490234377,0.014303564094007015,0.02485422044992447,0.0016944807721301913,phone,user1,stand
13.892062624916434,2.725382537841797,9.32336196899414,-1.4028826904296876,0.014939527027308941,0.02353515662252903,-0.00025655096396803856,phone,user1,stand
13.912061624927446,2.7138565063476565,9.313033447265626,-1.4513818359375001,0.010465528815984726,0.02169300615787506,0.00036549358628690243,phone,user1,stand
13.932061624946073,2.7054739379882813,9.320817260742189,-1.4313235473632813,0.010467913001775742,0.022073812782764435,-0.0013645540457218885,phone,user1,stand
13.952060624957085,2.707270202636719,9.333091735839844,-1.4459930419921876,0.015199676156044006,0.01646304316818714,-0.0006471141241490841,phone,user1,stand
13.972059958265163,2.7005342102050784,9.3262060546875,-1.4124627685546876,0.01002772431820631,0.007934085093438625,0.0028276711236685514,phone,user1,stand
13.99205995828379,2.6903553771972657,9.33234329223633,-1.4227912902832032,0.008741559460759163,0.004664543084800243,0.0012881122529506683,phone,user1,stand
14.012058958294801,2.701432342529297,9.318122863769531,-1.4461427307128907,0.004735539201647043,0.002374570816755295,0.000824613613076508,phone,user1,stand
14.032057958305813,2.7256819152832032,9.33099609375,-1.4685960388183594,0.004759600386023521,0.006072822492569685,0.002021813066676259,phone,user1,stand
14.052056958316825,2.745440826416016,9.336534576416016,-1.4398558044433594,0.0036592422984540462,0.006979739293456078,0.0015983853954821825,phone,user1,stand
14.072056958335452,2.7370582580566407,9.34342025756836,-1.4322216796875,0.0033168732188642025,0.001982553396373987,0.004870487842708826,phone,user1,stand
14.092055958346464,2.714604949951172,9.347611541748048,-1.4193484497070312,0.0021337615326046944,-0.006235437002032995,0.007952844724059105,phone,user1,stand
14.11205495824106,2.6890081787109374,9.32426010131836,-1.4241384887695314,-0.003997059538960457,-0.0018142357002943754,0.007905850186944008,phone,user1,stand
14.132054958259687,2.7099645996093753,9.300459594726563,-1.4432986450195313,-0.005734640639275312,-0.0004448445688467473,0.004270917270332575,phone,user1,stand
14.152053958270699,2.712060241699219,9.299561462402345,-1.4383589172363282,-0.004122976213693619,-0.004379562102258205,0.0024330182932317257,phone,user1,stand
14.17205295828171,2.7068211364746095,9.292975158691407,-1.4515315246582032,-0.0022077481262385845,-0.008980403654277325,0.004250937607139349,phone,user1,stand
14.192051958292723,2.6902056884765626,9.334438934326172,-1.4540762329101564,-7.367716170847416e-05,-0.01237577386200428,0.00371728977188468,phone,user1,stand
14.21205195831135,2.7069708251953126,9.327104187011718,-1.4251863098144533,0.0014667208306491375,-0.012295030988752842,0.002844154601916671,phone,user1,stand
14.232050958322361,2.732567596435547,9.349258117675781,-1.4193484497070312,0.000986261060461402,-0.013265801593661308,0.0013934154994785786,phone,user1,stand
14.252049958333373,2.7511289978027347,9.313632202148439,-1.4051280212402344,-0.0015844295267015696,-0.010987892746925354,-0.0011349767446517944,phone,user1,stand
14.272048958344385,2.762205963134766,9.336983642578126,-1.4040802001953125,-0.0037896414287388325,-0.012009968981146812,0.002090961206704378,phone,user1,stand
14.292048958246596,2.7590625,9.327403564453126,-1.4063255310058596,-0.0069060781970620155,-0.014659026637673378,0.004886187147349119,phone,user1,stand
14.312047958257608,2.7574159240722658,9.335486755371095,-1.4186000061035158,-0.00816563330590725,-0.01264730840921402,0.00660736532881856,phone,user1,stand
14.33204695826862,2.7234365844726565,9.267079010009766,-1.4180012512207032,-0.00915791280567646,-0.007670620456337929,0.005990849807858467,phone,user1,stand
14.352046958287247,2.7018814086914062,9.282347259521485,-1.452279968261719,-0.006189670879393816,-0.004950441885739565,0.003830060362815857,phone,user1,stand
14.372045958298258,2.7126589965820314,9.349108428955079,-1.4347663879394532,-0.0025069941766560078,-0.004134596325457096,-0.001644660485908389,phone,user1,stand
14.39204495830927,2.738704833984375,9.342372436523439,-1.400936737060547,0.004103516694158316,-0.004714076407253742,-0.0016632454935461283,phone,user1,stand
14.412043958320282,2.722987518310547,9.330397338867188,-1.3852194213867188,-0.0005340026691555977,-0.01144606526941061,0.00016200898971874267,phone,user1,stand
14.432043958338909,2.734812927246094,9.333091735839844,-1.423689422607422,-0.010380594059824944,-0.0073162103071808815,0.00013130292063578963,phone,user1,stand
14.452042958233505,2.728975067138672,9.314530334472657,-1.3892610168457031,-0.003924636170268059,-0.008686830289661884,0.0017286402871832252,phone,user1,stand
14.472041958244517,2.731220397949219,9.29267578125,-1.410516815185547,-0.001869681291282177,-0.016482042148709297,0.0023847874253988266,phone,user1,stand
14.49204095825553,2.7405010986328127,9.337432708740234,-1.3814772033691407,-0.005677175708115101,-0.014393010176718235,0.0037276889197528362,phone,user1,stand
14.512040958274156,2.7298731994628906,9.330247650146484,-1.3910572814941407,-0.004513124004006386,-0.01395361591130495,0.0043678320944309235,phone,user1,stand
14.532039958285168,2.752925262451172,9.334289245605468,-1.3868659973144533,-0.004722622223198414,-0.009243898093700409,0.002520238049328327,phone,user1,stand
14.55203895829618,2.742147674560547,9.329199829101563,-1.3970448303222658,-0.005888712592422962,-0.0006459391443058848,0.0019758078269660473,phone,user1,stand
14.572037958307192,2.7488836669921874,9.30794403076172,-1.3837225341796875,-0.004265629220753908,0.00408574566245079,0.0004996705683879554,phone,user1,stand
14.592037958325818,2.7295738220214845,9.315578155517578,-1.3945001220703126,0.002671117428690195,3.589619882404804e-05,-0.001082459231838584,phone,user1,stand
14.61203695833683,2.7370582580566407,9.332642669677735,-1.3671070861816408,5.3485389798879623e-05,0.0017387020634487271,0.00035719142761081457,phone,user1,stand
14.632035958347842,2.731370086669922,9.322613525390626,-1.3726455688476564,-0.001983893569558859,0.00395485432818532,0.0006403386360034347,phone,user1,stand
14.652034958242439,2.73750732421875,9.353299713134765,-1.3789324951171875,-0.003359181573614478,0.0038834274746477604,0.0038130683824419975,phone,user1,stand
14.672034958261065,2.70876708984375,9.305998077392578,-1.3943504333496095,-0.002249769400805235,0.0018513069953769445,0.003099129069596529,phone,user1,stand
14.692033958272077,2.6997857666015626,9.313332824707032,-1.4051280212402344,-0.0010608574375510216,0.006739164236932993,-7.905991515144706e-05,phone,user1,stand
14.712032958283089,2.7125093078613283,9.301806793212892,-1.409468994140625,-0.0006613938603550196,0.011046275496482849,-0.002451191423460841,phone,user1,stand
14.732031958294101,2.7189459228515624,9.333241424560548,-1.3934523010253907,0.005224648397415876,0.012036283500492573,-0.0032930425368249416,phone,user1,stand
14.752031958312728,2.6936485290527346,9.334888000488283,-1.3570779418945313,0.008676648139953613,0.0037794357631355524,-0.002147297840565443,phone,user1,stand
14.77203095832374,2.7177484130859377,9.347162475585938,-1.3695021057128907,0.004498157650232315,-0.00473707215860486,-0.0005978195695206523,phone,user1,stand
14.792029958334751,2.7199937438964845,9.327253875732422,-1.3864169311523438,-0.0027212263084948063,-0.007649147417396307,0.004405114334076643,phone,user1,stand
14.812028958345763,2.7198440551757814,9.335337066650391,-1.387614440917969,-0.0028130137361586094,-0.00824684463441372,0.003548747394233942,phone,user1,stand
14.832028958247975,2.7499314880371095,9.331744537353517,-1.4084211730957032,-0.001979618798941374,-0.00308598973788321,-0.0005755845922976732,phone,user1,stand
14.852027958258986,2.74229736328125,9.2783056640625,-1.42024658203125,-0.0004372992552816868,0.0036754123866558075,-0.0010437130695208907,phone,user1,stand
14.872026958269998,2.7309210205078127,9.30944091796875,-1.414259033203125,0.003799344412982464,-9.251933079212904e-05,0.0008650547824800014,phone,user1,stand
14.89202595828101,2.7354116821289063,9.355095977783204,-1.3814772033691407,0.004893279168754816,-0.0034440234303474426,0.0003400399873498827,phone,user1,stand
14.912025958299637,2.724933471679688,9.336983642578126,-1.3820759582519533,0.0051759411580860615,-0.0031572720035910606,-0.0008092242642305791,phone,user1,stand
14.932024958310649,2.7259812927246094,9.326355743408204,-1.398541717529297,0.0007121255621314049,0.0006463394965976477,0.0028322767466306686,phone,user1,stand
14.95202395832166,2.7394532775878906,9.320218505859376,-1.4166540527343752,-0.0007776382844895124,-0.0036562513560056686,-0.0013160798698663712,phone,user1,stand
14.972022708272561,2.761158142089844,9.283245391845703,-1.3910572814941407,0.0032036625780165195,-0.0036247933749109507,0.0009667634731158614,phone,user1,stand
14.992022708291188,2.784958648681641,9.308991851806642,-1.4126124572753906,0.0023082694970071316,-0.005805227439850569,0.00022872991394251585,phone,user1,stand
15.0120217083022,2.7340644836425785,9.3070458984375,-1.423839111328125,0.0022758464328944683,0.0032755029387772083,0.0007480064523406327,phone,user1,stand
15.032020708313212,2.744393005371094,9.326954498291016,-1.4082714843750002,0.005218359176069498,0.002633660100400448,1.0234740329906344e-05,phone,user1,stand
15.052019708324224,2.7427464294433594,9.319619750976562,-1.3775852966308595,0.0046112798154354095,0.00795088429003954,0.0002619150036480278,phone,user1,stand
15.07201970834285,2.755320281982422,9.347012786865236,-1.4235397338867188,0.004574944265186787,0.009978133253753185,-0.0012347673764452338,phone,user1,stand
15.092018708237447,2.7259812927246094,9.339827728271485,-1.4039305114746095,0.004350788425654173,0.010124774649739265,-0.0006786449230276048,phone,user1,stand
15.112017708248459,2.7107130432128907,9.340127105712892,-1.4076727294921876,0.002806692384183407,0.006004605442285538,5.28062810190022e-06,phone,user1,stand
15.13201670825947,2.702330474853516,9.311237182617187,-1.4108161926269531,0.000577565049752593,0.00539886299520731,0.0010668840259313583,phone,user1,stand
15.152016708278097,2.711012420654297,9.315578155517578,-1.4540762329101564,0.00035864091478288174,-0.0003852721711155027,0.0003514865238685161,phone,user1,stand
15.17201570828911,2.7135571289062503,9.301806793212892,-1.4338682556152345,0.00316802179440856,0.003704293631017208,5.0817616283893585e-06,phone,user1,stand
15.192014708300121,2.7265800476074222,9.322912902832032,-1.4278807067871095,0.005751363001763821,0.004932703450322151,-0.003986988682299852,phone,user1,stand
15.212013708311133,2.7283763122558593,9.333989868164062,-1.4232403564453127,0.005978538654744625,0.0030983290635049343,-0.004279088694602251,phone,user1,stand
15.23201370832976,2.704875183105469,9.343120880126953,-1.4075230407714845,0.004422091878950596,-0.0036343287210911512,-0.00029060160159133375,phone,user1,stand
15.252012708340771,2.6831703186035156,9.368867340087892,-1.40108642578125,0.0008227466605603695,-0.006219362840056419,-0.00014045549323782325,phone,user1,stand
15.272011708235368,2.705324249267578,9.313931579589845,-1.4221925354003906,-0.0021218189503997564,-0.0062993429601192474,-0.000500410096719861,phone,user1,stand
15.29201070824638,2.7425967407226564,9.3262060546875,-1.4367123413085938,-0.00015133828856050968,-0.004246036522090435,-0.0010803991463035345,phone,user1,stand
15.312009708257392,2.7223887634277344,9.31468002319336,-1.4256353759765625,0.00015890365466475487,-0.00896544475108385,-0.00016463411157019436,phone,user1,stand
15.332009708276019,2.7189459228515624,9.323661346435548,-1.4084211730957032,0.000631189439445734,-0.00981186330318451,0.0007759284926578403,phone,user1,stand
15.35200870828703,2.7406507873535157,9.33339111328125,-1.4289285278320314,0.0010614576749503613,-0.010173443704843521,-0.0024080323055386543,phone,user1,stand
15.372007708298042,2.7487339782714844,9.269474029541016,-1.4015354919433594,-0.0016870247200131416,-0.010092142969369888,-0.00024117203429341316,phone,user1,stand
15.392006708309054,2.7168502807617188,9.31991912841797,-1.4254856872558594,-0.0018350840546190739,-0.011137417517602444,-0.00016067147953435779,phone,user1,stand
15.41200670832768,2.7211912536621097,9.338480529785157,-1.4220428466796875,-6.186799146234989e-05,-0.005286814644932747,-0.0005864542908966541,phone,user1,stand
15.432005708338693,2.7343638610839847,9.318871307373048,-1.4148577880859377,0.005639542825520039,-0.006753211375325918,-0.0026016682386398315,phone,user1,stand
15.45200470823329,2.7304719543457034,9.310189361572267,-1.4247372436523438,0.0013629384338855743,-0.010997146368026733,-0.0018492306116968393,phone,user1,stand
15.472003708244301,2.740800476074219,9.337432708740234,-1.4067745971679688,-0.0024517769925296307,-0.0054950593039393425,8.739702752791345e-05,phone,user1,stand
15.492002708255313,2.7440936279296877,9.290430450439453,-1.4088702392578125,0.0026704694610089064,-0.0026704110205173492,-0.003710016841068864,phone,user1,stand
15.51200270827394,2.7619065856933593,9.3262060546875,-1.4138099670410158,-0.0010712896473705769,-0.009573609568178654,-0.00062539306236431,phone,user1,stand
15.532001708284952,2.736010437011719,9.316176910400392,-1.396146697998047,0.00020261481404304504,-0.011294875293970108,0.0028103478252887726,phone,user1,stand
15.552000708295964,2.7265800476074222,9.330397338867188,-1.4061758422851562,-0.00030250800773501396,-0.006556408479809761,0.0024471080396324396,phone,user1,stand
15.571999708306976,2.7439439392089846,9.32905014038086,-1.4171031188964844,-0.0015803640708327293,0.0009745764546096325,-0.0008399834623560309,phone,user1,stand
15.591998708317988,2.7379563903808597,9.323661346435548,-1.4435980224609375,2.5060726329684258e-05,0.01054428145289421,-0.0016565569676458836,phone,user1,stand
15.611998708336614,2.715802459716797,9.304201812744141,-1.4220428466796875,0.0019987355917692184,0.008262489922344685,-0.002242141403257847,phone,user1,stand
15.631997708347626,2.714904327392578,9.33054702758789,-1.3958473205566406,0.002768385922536254,0.004415551200509071,-0.001796616823412478,phone,user1,stand
15.651996708242223,2.7175987243652346,9.33234329223633,-1.418899383544922,0.002513439627364278,0.001927986042574048,-0.0012994421413168311,phone,user1,stand
15.671995708253235,2.6936485290527346,9.312584381103516,-1.426084442138672,0.0011135991662740707,0.007118843961507082,-0.0023442392703145742,phone,user1,stand
15.691995708271861,2.7005342102050784,9.311386871337891,-1.4388079833984375,0.0015367551241070032,0.008956145495176315,-0.003187549998983741,phone,user1,stand
15.711994708282873,2.697989501953125,9.32096694946289,-1.3992901611328126,0.0034861955791711807,0.002427145605906844,-0.0034440727904438972,phone,user1,stand
15.731993708293885,2.713407440185547,9.331744537353517,-1.4265335083007813,0.003990694880485535,-0.005262549035251141,-0.002965624677017331,phone,user1,stand
15.751992708304897,2.714754638671875,9.348958740234375,-1.4280303955078126,-0.00024854368530213833,-0.0010622278787195683,-0.0010469523258507252,phone,user1,stand
15.771991708315909,2.6973907470703127,9.343569946289064,-1.4248869323730469,0.0032351473346352577,0.0037426576018333435,-0.001977125648409128,phone,user1,stand
15.791991708334535,2.7090664672851563,9.326355743408204,-1.4109658813476562,0.0026991572231054306,0.005754329264163971,-0.000933487550355494,phone,user1,stand
15.811990708345547,2.731220397949219,9.325906677246094,-1.3936019897460938,0.002025182358920574,-0.0029497791547328234,0.0017227003118023276,phone,user1,stand
15.831989708240144,2.6996360778808595,9.341324615478516,-1.413959655761719,-0.0014624681789427996,-0.008691546507179737,0.005257992539554834,phone,user1,stand
15.851988708251156,2.698288879394531,9.328002319335939,-1.4361135864257812,-0.0037321150302886963,-0.005797932390123606,0.004371221177279949,phone,user1,stand
15.871987708262168,2.7066714477539064,9.313931579589845,-1.4266831970214844,-0.001233537681400776,0.0026115314103662968,-0.0009100938914343715,phone,user1,stand
15.891987708280794,2.725382537841797,9.294921112060548,-1.4172528076171875,-0.0011326917447149754,0.00400898139923811,-0.004253241699188948,phone,user1,stand
15.911986708291806,2.721490631103516,9.3118359375,-1.4183006286621094,0.003310342552140355,-0.004103099927306175,-0.0010400996543467045,phone,user1,stand
15.931985708302818,2.7159521484375,9.362730102539063,-1.4397061157226563,0.00176935491617769,-0.013262949883937836,0.0004640155239030719,phone,user1,stand
15.95198470831383,2.714754638671875,9.328002319335939,-1.4076727294921876,0.001460428349673748,-0.004015656188130379,-0.0010574484476819634,phone,user1,stand
15.971984624979086,2.728675689697266,9.32426010131836,-1.4166540527343752,-0.00047639827243983746,0.0011201620800420642,-0.003087206743657589,phone,user1,stand
15.991984624997713,2.7225384521484375,9.300609283447265,-1.430874481201172,-0.001960393041372299,0.0013503477675840259,-0.0019939991179853678,phone,user1,stand
16.011983625008725,2.750530242919922,9.302854614257813,-1.4247372436523438,0.006498146336525679,-0.00010676024248823524,-0.0020347903482615948,phone,user1,stand
16.03198262490332,2.757565612792969,9.310937805175781,-1.4235397338867188,0.006183816120028496,-0.004474251065403223,-0.002759432652965188,phone,user1,stand
16.051981624914333,2.733765106201172,9.34491714477539,-1.4003379821777344,0.003750133328139782,-5.944049917161465e-05,0.0007446932722814381,phone,user1,stand
16.071980624925345,2.719095611572266,9.341474304199219,-1.4004876708984375,0.00010967557318508625,-0.00037111909477971494,0.0009668415295891464,phone,user1,stand
16.09198062494397,2.731070709228516,9.328750762939453,-1.4250366210937502,-0.0022299927659332752,0.006723363418132067,0.0004895826568827033,phone,user1,stand
16.111979624954984,2.7327172851562502,9.325756988525391,-1.4220428466796875,-1.5216413885354996e-05,0.009522788226604462,0.0014572306536138058,phone,user1,stand
16.131978624965996,2.711760864257813,9.310937805175781,-1.4296769714355468,0.002098266500979662,0.004522437695413828,0.00015838744002394378,phone,user1,stand
16.151977624977008,2.691552886962891,9.316925354003907,-1.4108161926269531,0.0038801892660558224,0.004583422560244799,0.0014740086626261473,phone,user1,stand
16.17197662498802,2.6864634704589845,9.342522125244141,-1.413959655761719,0.001813116017729044,0.004234460182487965,4.0100421756505966e-05,phone,user1,stand
16.191976625006646,2.689307556152344,9.301956481933594,-1.4111155700683595,0.0008414287585765123,0.003440751926973462,-0.0006723746773786843,phone,user1,stand
16.211975624901243,2.69918701171875,9.325008544921875,-1.4412030029296876,0.0021602106280624866,-0.00030924988095648587,-0.0013787723146378994,phone,user1,stand
16.231974624912255,2.705174560546875,9.311237182617187,-1.435664520263672,0.0018311402527615428,0.004897145554423332,-0.0019240409601479769,phone,user1,stand
16.251973624923266,2.7223887634277344,9.328301696777345,-1.4412030029296876,0.004958060570061207,0.0051657659932971,-0.0027640440966933966,phone,user1,stand
16.27197262493428,2.70158203125,9.33668426513672,-1.4323713684082031,0.004477079026401043,-0.0006732114125043154,-0.0001460330095142126,phone,user1,stand
16.291972624952905,2.6999354553222656,9.360784149169922,-1.4317726135253908,0.004630932584404945,-0.00011678884038701653,0.0002452065236866474,phone,user1,stand
16.311971624963917,2.712060241699219,9.332492980957031,-1.4197975158691407,0.0007507086265832186,-0.0012920431327074766,0.0017381941433995962,phone,user1,stand
16.33197062497493,2.6999354553222656,9.33773208618164,-1.4317726135253908,-0.0022323033772408962,-0.0029740927275270224,0.0031187168788164854,phone,user1,stand
16.35196962498594,2.6975404357910158,9.307345275878907,-1.430724792480469,-0.0029093604534864426,-0.0037881380412727594,0.002264904323965311,phone,user1,stand
16.371968624996953,2.7008335876464846,9.311237182617187,-1.4504837036132814,-0.0007282348815351725,-0.002065601758658886,0.00043554030708037317,phone,user1,stand
16.391967625007965,2.7225384521484375,9.315278778076172,-1.4401551818847658,0.0017708740197122097,-0.004032345023006201,-0.002284898655489087,phone,user1,stand
16.411967624910176,2.736160125732422,9.313931579589845,-1.4326707458496095,0.0030412967316806316,-0.005249504931271076,-0.001150764524936676,phone,user1,stand
16.431966624921188,2.731370086669922,9.324709167480469,-1.4144087219238282,0.0038678485434502363,-0.0058771176263689995,0.00086510821711272,phone,user1,stand
16.4519656249322,2.722089385986328,9.361682281494142,-1.4304254150390625,-0.0008439854718744755,-0.0037762541323900223,0.0019452155102044344,phone,user1,stand
16.47196462494321,2.7259812927246094,9.332642669677735,-1.4214440917968751,0.00253884494304657,0.0018567884108051658,-0.001069474732503295,phone,user1,stand
16.491963624954224,2.712209930419922,9.305249633789064,-1.4174024963378906,-0.00046742893755435944,0.0003114493447355926,0.0001676476967986673,phone,user1,stand
16.51196362497285,2.7089167785644532,9.305399322509766,-1.405726776123047,-0.0006542026530951262,-0.00587844755500555,-0.0022028933744877577,phone,user1,stand
16.531962624983862,2.7467880249023438,9.29986083984375,-1.4033317565917969,0.006062830798327923,-0.012046070769429207,-0.001426484202966094,phone,user1,stand
16.551961624994874,2.7439439392089846,9.3262060546875,-1.460812225341797,0.0029218997806310654,-0.022869426757097244,0.000554393685888499,phone,user1,stand
16.571960625005886,2.725382537841797,9.322463836669922,-1.4193484497070312,-0.0007493675220757723,-0.007846967317163944,0.002858608029782772,phone,user1,stand
16.591959624900483,2.7213409423828128,9.359586639404297,-1.409319305419922,0.0035835187882184982,-0.008735589683055878,0.0013992494205012918,phone,user1,stand
16.611958624911495,2.721790008544922,9.310788116455079,-1.4422508239746095,-0.0007525545079261065,-0.0018604539800435305,0.0019732057116925716,phone,user1,stand
16.63195862493012,2.732268218994141,9.322613525390626,-1.4629078674316407,-0.0047917659394443035,0.008381512947380543,-0.0012406057212501764,phone,user1,stand
16.651957624941133,2.700234832763672,9.330097961425782,-1.4546749877929688,0.002069680718705058,0.008963348343968391,-4.012009594589472e-05,phone,user1,stand
16.671956624952145,2.715503082275391,9.320218505859376,-1.3847703552246093,0.006510237231850624,0.003577636322006583,-0.0012092279503121972,phone,user1,stand
16.691955624963157,2.718047790527344,9.32231414794922,-1.400787048339844,0.001022259471938014,0.00021699484204873443,-0.0017831590957939625,phone,user1,stand
16.71195462497417,2.7071205139160157,9.322613525390626,-1.44419677734375,-0.002307393355295062,0.003666219301521778,-0.0018950809026136994,phone,user1,stand
16.731954624992795,2.7132577514648437,9.325607299804688,-1.453627166748047,0.0024346308782696724,0.0032046937849372625,-0.002663935301825404,phone,user1,stand
16.751953625003807,2.706222381591797,9.316176910400392,-1.4557228088378906,0.001384539296850562,0.004717381205409765,-0.0029473910108208656,phone,user1,stand
16.77195262501482,2.7198440551757814,9.337582397460938,-1.4506333923339845,0.0013866759836673737,0.0017665901686996222,-0.0010966835543513298,phone,user1,stand
16.791951624909416,2.685415649414063,9.336833953857422,-1.447489929199219,0.002791407983750105,0.00450626015663147,-0.0026051264721900225,phone,user1,stand
16.811950624920428,2.7008335876464846,9.342971191406251,-1.418899383544922,0.0017751427367329597,0.009429390542209148,-0.003645943943411112,phone,user1,stand
16.83194962493144,2.6927503967285156,9.317524108886719,-1.4186000061035158,0.0015936873387545347,0.00686779385432601,-0.0006218168418854475,phone,user1,stand
16.851949624950066,2.7125093078613283,9.335786132812501,-1.420096893310547,-0.00014348584227263927,0.0024911416694521904,-0.00027684326050803065,phone,user1,stand
16.871948624961078,2.7210415649414066,9.325906677246094,-1.4144087219238282,-0.00010380474850535393,-0.0023510176688432693,0.0010235782247036695,phone,user1,stand
16.89194762497209,2.6966423034667972,9.355245666503906,-1.4241384887695314,-0.0024803224951028824,-0.010763761587440968,0.0037083751522004604,phone,user1,stand
16.911946624983102,2.6914031982421878,9.32905014038086,-1.4341676330566406,-0.0013206081930547953,-0.011761019006371498,0.0039047773461788893,phone,user1,stand
16.931945624994114,2.7336154174804688,9.305249633789064,-1.4458433532714845,-0.0036799833178520203,-0.005966185126453638,-0.0005794084863737226,phone,user1,stand
16.951944625005126,2.7167005920410157,9.290430450439453,-1.4480886840820313,-0.0023622512817382812,-0.003884925041347742,0.0004919812199659646,phone,user1,stand
16.971944624907337,2.7005342102050784,9.351204071044922,-1.427281951904297,0.0007097925990819931,-0.008706660009920597,0.0013053762959316373,phone,user1,stand
16.991943458328024,2.7396029663085937,9.345665588378907,-1.4283297729492188,0.000924527645111084,-0.009342961944639683,0.0005423908005468547,phone,user1,stand
17.011942458339036,2.7342141723632816,9.314380645751953,-1.4048286437988282,-0.004678759723901749,-0.009521936997771263,0.0018183663487434387,phone,user1,stand
17.031941458233632,2.7029292297363283,9.307644653320313,-1.4531781005859377,-0.006775997579097748,-0.008098532445728779,0.0008334118174389005,phone,user1,stand
17.051940458244644,2.715802459716797,9.308093719482422,-1.428479461669922,0.0001605604775249958,-0.00788099318742752,-0.00030538643477484584,phone,user1,stand
17.071939458255656,2.777025146484375,9.29507080078125,-1.4311738586425782,0.002580930944532156,-0.011134974658489227,0.00010280776768922806,phone,user1,stand
17.091939458274283,2.7568171691894534,9.320667572021485,-1.4486874389648439,-0.0001255504321306944,-0.011349690146744251,0.00024239330377895385,phone,user1,stand
17.111938458285294,2.7427464294433594,9.352251892089845,-1.4424005126953126,-0.0025574625469744205,-0.0041938419453799725,0.002668015193194151,phone,user1,stand
17.131937458296306,2.7095155334472656,9.328451385498047,-1.4100677490234377,-0.0011753696016967297,-0.004002816043794155,0.004405679646879435,phone,user1,stand
17.15193645830732,2.7460395812988283,9.329199829101563,-1.423988800048828,-0.004550399724394083,-0.00010099151404574513,0.0029008672572672367,phone,user1,stand
17.17193545831833,2.7330166625976564,9.313033447265626,-1.4660513305664062,-0.004474140703678131,0.0018102588364854455,0.002232837025076151,phone,user1,stand
17.191934458329342,2.6897566223144533,9.29267578125,-1.4561718750000001,-0.003009755862876773,0.002387715270742774,0.002944634761661291,phone,user1,stand
17.21193445834797,2.6765840148925784,9.308991851806642,-1.448837127685547,0.0013855269644409418,0.005654579494148493,0.0008570830104872584,phone,user1,stand
17.231933458242565,2.690505065917969,9.320068817138672,-1.4593153381347657,0.002442801371216774,0.011664027348160744,-0.0014554052613675594,phone,user1,stand
17.251932458253577,2.6837690734863284,9.31707504272461,-1.4635066223144533,0.0016395014245063066,0.010643607005476952,-0.0014171910006552935,phone,user1,stand
17.27193145826459,2.6770330810546876,9.327403564453126,-1.4480886840820313,0.004276475869119167,0.006495549343526363,-0.004007446579635143,phone,user1,stand
17.2919304582756,2.681823120117188,9.31273406982422,-1.450034637451172,0.004606708884239197,0.0030784308910369873,-0.005382386036217213,phone,user1,stand
17.311929458286613,2.701731719970703,9.34491714477539,-1.4435980224609375,0.0020032916218042374,0.005477832164615393,-0.00439182436093688,phone,user1,stand
17.331928458297625,2.697839813232422,9.325307922363281,-1.427431640625,0.0014940053224563599,0.0035815187729895115,-0.004142468795180321,phone,user1,stand
17.35192845831625,2.694097595214844,9.356592864990235,-1.430874481201172,0.0014044346753507853,0.0007175963837653399,-0.002085945336148143,phone,user1,stand
17.371927458327264,2.7003845214843754,9.335037689208985,-1.423988800048828,0.0006067291833460331,-0.0017070788890123367,-0.00031487358501181006,phone,user1,stand
17.391926458338276,2.6960435485839844,9.305399322509766,-1.444047088623047,-0.0005770456045866013,-0.002069540321826935,0.0016273867804557085,phone,user1,stand
17.411925458232872,2.7033782958984376,9.328900451660157,-1.4377601623535157,-0.0020273150876164436,-0.0013875864678993821,7.349837687797844e-05,phone,user1,stand
17.431924458243884,2.7056236267089844,9.308542785644532,-1.4319223022460938,-0.00026829587295651436,0.004397581331431866,-0.0014886613935232162,phone,user1,stand
17.451923458254896,2.7271788024902346,9.345665588378907,-1.4171031188964844,-0.00012351106852293015,0.003354460932314396,-0.0040878974832594395,phone,user1,stand
17.471922458265908,2.724334716796875,9.290430450439453,-1.3959970092773437,-0.00013105547986924648,-0.0012359265238046646,-0.0013811741955578327,phone,user1,stand
17.491922458284535,2.7235862731933596,9.358838195800782,-1.4413526916503907,-0.0028171187732368708,-0.011277345009148121,0.004762676078826189,phone,user1,stand
17.511921458295546,2.7258316040039063,9.35255126953125,-1.418899383544922,-0.0019673043861985207,-0.004821323789656162,0.0025570779107511044,phone,user1,stand
17.53192045830656,2.7268794250488284,9.33952835083008,-1.4097683715820313,0.00011306861415505409,-0.003431573510169983,0.0024224405642598867,phone,user1,stand
17.55191945831757,2.6936485290527346,9.284293212890626,-1.4245875549316407,-0.006811687722802162,-0.001859857002273202,0.001775976619683206,phone,user1,stand
17.571918458328582,2.7159521484375,9.276509399414063,-1.4459930419921876,-0.004664022475481033,-0.004961689002811909,0.0004886312526650727,phone,user1,stand
17.591917458339594,2.754422149658203,9.294322357177736,-1.4361135864257812,0.0032903074752539396,-0.00018078205175697803,-0.0015100711025297642,phone,user1,stand
17.611917458241805,2.744542694091797,9.329948272705078,-1.4287788391113283,0.004899124149233103,-0.001274772104807198,-0.0015197371831163764,phone,user1,stand
17.631916458252817,2.7358607482910156,9.349707183837891,-1.417552185058594,0.004613633267581463,6.610894342884421e-05,0.0013059249613434076,phone,user1,stand
17.65191545826383,2.7304719543457034,9.33234329223633,-1.414109344482422,-0.0011106538586318493,-0.0005111571517772973,0.0019444195786491036,phone,user1,stand
17.67191445827484,2.725083160400391,9.336534576416016,-1.4205459594726564,-0.0035802919883280993,-0.0017241471214219928,0.00459313252940774,phone,user1,stand
17.691913458285853,2.7021807861328124,9.3118359375,-1.43940673828125,-0.003257608972489834,0.006264040246605873,0.003966230433434248,phone,user1,stand
17.711912458296865,2.712060241699219,9.32905014038086,-1.4518309020996094,-0.002188790822401643,0.0042098937556147575,0.0005952262436039746,phone,user1,stand
17.731911458307877,2.698288879394531,9.312584381103516,-1.423689422607422,0.0025757779367268085,0.009322138503193855,0.0009440892608836293,phone,user1,stand
17.751911458326504,2.7235862731933596,9.335786132812501,-1.4102174377441408,0.005479780957102776,0.005055430810898542,-6.0853781178593636e-06,phone,user1,stand
17.771910458337516,2.7018814086914062,9.332043914794923,-1.4108161926269531,-0.002697810297831893,-0.0010590925812721252,0.0005693250568583608,phone,user1,stand
17.791909458348528,2.698887634277344,9.318871307373048,-1.430874481201172,-0.0017899388913065195,-0.005101247224956751,0.0012058353750035167,phone,user1,stand
17.811908458243124,2.6996360778808595,9.302405548095704,-1.4432986450195313,-0.003537507262080908,-0.004243994131684303,0.0018263806123286486,phone,user1,stand
17.831907458254136,2.702629852294922,9.331894226074219,-1.447639617919922,0.0006290101446211338,0.0010168328881263733,-0.0006272183964028955,phone,user1,stand
17.851906458265148,2.7009832763671877,9.298513641357422,-1.4563215637207032,0.004412386566400528,0.011396425776183605,-0.002103073289617896,phone,user1,stand
17.87190545827616,2.7357110595703125,9.345066833496094,-1.4432986450195313,0.004830407910048962,0.015775755047798157,-0.004002971574664116,phone,user1,stand
17.891904458287172,2.712060241699219,9.316925354003907,-1.4036311340332033,0.006483700592070818,0.015566717833280563,-0.002445582067593932,phone,user1,stand
17.9119044583058,2.724334716796875,9.321266326904297,-1.4385086059570313,0.005774057470262051,0.002103555016219616,-0.0006044546607881784,phone,user1,stand
17.93190345831681,2.7020310974121093,9.322763214111328,-1.4235397338867188,-0.002244982635602355,-0.0025736954994499683,0.0029464997351169586,phone,user1,stand
17.951902458327822,2.6948460388183597,9.341324615478516,-1.4497352600097657,0.002234803978353739,-0.002508336678147316,0.004595465026795864,phone,user1,stand
17.971901458338834,2.711910552978516,9.330397338867188,-1.465751953125,-0.0017429010476917028,0.007289109285920858,0.001403997652232647,phone,user1,stand
17.99190008325968,2.721939697265625,9.301806793212892,-1.4492861938476562,-0.0004105216357856989,0.009822574444115162,-0.0011196138802915812,phone,user1,stand
18.01189908327069,2.714604949951172,9.281898193359375,-1.4418017578125,0.002016072627156973,-0.00031963613582774997,0.0007894154405221343,phone,user1,stand
18.031898083281703,2.7044261169433597,9.35255126953125,-1.4296769714355468,-0.0006491316016763449,-0.0081022959202528,0.0053784204646945,phone,user1,stand
18.051897083292715,2.725232849121094,9.32949920654297,-1.4295272827148438,0.0011942218989133835,0.0013882579514756799,0.0022362961899489164,phone,user1,stand
18.07189708331134,2.745889892578125,9.307794342041015,-1.4407539367675781,0.0022153619211167097,0.011508402414619923,-0.0011707976227626204,phone,user1,stand
18.091896083322354,2.7141558837890627,9.312135314941406,-1.4337185668945314,0.0019315475365146995,0.004821580369025469,-0.0012912792153656483,phone,user1,stand
18.111895083333366,2.7631040954589845,9.302106170654298,-1.3976435852050781,0.0032479586079716682,-0.0008807084523141384,5.513973883353174e-05,phone,user1,stand
18.131894083344378,2.755170593261719,9.32426010131836,-1.4262341308593751,0.002432235749438405,-0.010026240721344948,0.0014356806641444564,phone,user1,stand
18.151893083238974,2.732567596435547,9.343719635009766,-1.4379098510742188,-0.003160137217491865,-0.008300521411001682,0.005459997802972794,phone,user1,stand
18.171892083249986,2.715652770996094,9.332792358398438,-1.4085708618164063,-0.0009294769261032343,-0.0011217353167012334,0.0025633182376623154,phone,user1,stand
18.191891083260998,2.7363098144531253,9.309141540527344,-1.4162049865722657,-0.0012191375717520714,-0.0016174137126654387,0.0034398215357214212,phone,user1,stand
18.21189008327201,2.75187744140625,9.303004302978517,-1.4617103576660158,-0.006086593493819237,-0.0008181625162251294,0.003534572431817651,phone,user1,stand
18.231890083290637,2.7354116821289063,9.312883758544922,-1.4626084899902345,-0.003355357563123107,0.0021379259414970875,0.0014933102065697312,phone,user1,stand
18.25188908330165,2.715353393554688,9.32231414794922,-1.4256353759765625,0.0022533468436449766,0.0031309211626648903,0.0004369309463072568,phone,user1,stand
18.27188808331266,2.708168334960938,9.328002319335939,-1.4183006286621094,0.004966402426362038,0.0007811549585312605,-0.0005800697836093605,phone,user1,stand
18.291887083323672,2.7234365844726565,9.313332824707032,-1.4073733520507814,-0.0021147606894373894,-6.2222243286669254e-06,0.0026685972698032856,phone,user1,stand
18.311886083334684,2.729124755859375,9.324110412597657,-1.4268328857421875,-0.0023112178314477205,-0.004837315995246172,0.002245277864858508,phone,user1,stand
18.331885083345696,2.7367588806152345,9.33099609375,-1.433419189453125,-0.002711224602535367,-0.003183492925018072,0.002179497852921486,phone,user1,stand
18.351884083240293,2.733914794921875,9.315428466796876,-1.457219696044922,-0.004033305682241917,-0.002650763839483261,0.0032571819610893726,phone,user1,stand
18.371883083251305,2.718047790527344,9.31902099609375,-1.4578184509277345,-0.005267330911010504,-0.0043134973384439945,0.0036008511669933796,phone,user1,stand
18.391882083262317,2.6875112915039066,9.31902099609375,-1.440454559326172,-0.002172560431063175,-0.0057376716285943985,0.0036622853949666023,phone,user1,stand
18.411882083280943,2.7089167785644532,9.314829711914063,-1.4250366210937502,-0.00563812255859375,-0.007546430453658104,0.0038611609488725662,phone,user1,stand
18.431881083291955,2.685415649414063,9.311386871337891,-1.4301260375976563,-0.005557609256356955,-0.00878251064568758,0.0020479250233620405,phone,user1,stand
18.451880083302967,2.684367828369141,9.296867065429687,-1.4678475952148438,-0.005390997976064682,-0.008253335021436214,0.000921926461160183,phone,user1,stand
18.47187908331398,2.685864715576172,9.306746520996095,-1.4507830810546876,0.001160480547696352,-0.006728947162628174,-0.0022485528606921434,phone,user1,stand
18.49187808332499,2.7234365844726565,9.306297454833985,-1.422342224121094,0.0022590288426727057,-0.0149160735309124,-0.005567347165197134,phone,user1,stand
18.511877083336003,2.7644512939453127,9.30988998413086,-1.4206956481933595,0.0030801729299128056,-0.010143494233489037,-0.006696987431496382,phone,user1,stand
18.531876083347015,2.767295379638672,9.30659683227539,-1.442849578857422,0.00034759286791086197,-0.004346144385635853,-0.005553341470658779,phone,user1,stand
18.55187508324161,2.752925262451172,9.317524108886719,-1.439107360839844,0.0035023714881390333,-6.033177487552166e-05,-0.0036414461210370064,phone,user1,stand
18.571874083252624,2.7535240173339846,9.349707183837891,-1.417552185058594,0.005735688842833042,0.0009098034352064133,-0.003786808345466852,phone,user1,stand
18.59187408327125,2.72792724609375,9.328900451660157,-1.4187496948242189,0.005789569113403559,0.004485782701522112,-0.0035454200115054846,phone,user1,stand
18.611873083282262,2.7295738220214845,9.319769439697266,-1.4263838195800782,0.0013387231156229973,0.001602856325916946,-0.0014771451242268085,phone,user1,stand
18.631872083293274,2.702480163574219,9.309291229248048,-1.4319223022460938,-0.003632066771388054,-0.000485860975459218,-0.0023389440029859543,phone,user1,stand
18.651871083304286,2.724484405517578,9.279503173828125,-1.4409036254882812,-0.0004351213574409485,0.0031599081121385098,-0.003257904900237918,phone,user1,stand
18.671870083315298,2.7449917602539062,9.284592590332032,-1.4659016418457032,0.0028003621846437454,-0.0021216184832155704,-0.002362595871090889,phone,user1,stand
18.69186908332631,2.7222390747070313,9.362430725097656,-1.4400054931640627,0.0040382822044193745,-0.003933224827051163,-0.0001794829440768808,phone,user1,stand
18.711868083337322,2.669249267578125,9.358688507080078,-1.41066650390625,0.0031716758385300636,-0.004747161641716957,0.0025684190914034843,phone,user1,stand
18.731867083348334,2.7125093078613283,9.345665588378907,-1.4299763488769532,-0.0017873130273073912,-0.004929704591631889,0.0020380220375955105,phone,user1,stand
18.75186608324293,2.695295104980469,9.32665512084961,-1.4380595397949218,-0.0031398204155266285,-0.0006449086358770728,0.0002790055004879832,phone,user1,stand
18.771865083253942,2.6720933532714843,9.31273406982422,-1.4209950256347657,-0.0027255325112491846,-0.005406612996011972,-0.002406034152954817,phone,user1,stand
18.791864083264954,2.7020310974121093,9.303303680419923,-1.417552185058594,0.0002854375634342432,-0.004066776484251022,-0.0037408103235065937,phone,user1,stand
18.81186408328358,2.7704388427734377,9.299112396240234,-1.4353651428222658,0.0013993626926094294,-6.04162341915071e-05,-0.0054342010989785194,phone,user1,stand
18.831863083294593,2.751428375244141,9.316775665283204,-1.4447955322265627,0.0018978858133777976,0.0010960798244923353,-0.0031049128156155348,phone,user1,stand
18.851862083305605,2.7150540161132812,9.316326599121094,-1.4473402404785156,0.003983239643275738,-0.0002643002662807703,-0.0011037590447813272,phone,user1,stand
18.871861083316617,2.678380279541016,9.329648895263672,-1.4253359985351564,0.005064930766820908,0.004559861961752176,-0.0033872604835778475,phone,user1,stand
18.89186008332763,2.7033782958984376,9.296717376708985,-1.4245875549316407,0.00845833495259285,0.003449084470048547,-0.0057305991649627686,phone,user1,stand
18.91185908333864,2.7195446777343752,9.324110412597657,-1.4418017578125,0.005874871276319027,0.008754964917898178,-0.006853217259049416,phone,user1,stand
18.931858083233237,2.7107130432128907,9.338480529785157,-1.427431640625,0.0034547727555036545,0.008922327309846878,-0.00590869877487421,phone,user1,stand
18.95185708324425,2.7168502807617188,9.335636444091797,-1.4126124572753906,0.003501742612570524,0.0022265687584877014,-0.003612734144553542,phone,user1,stand
18.97185608325526,2.724634094238281,9.324709167480469,-1.4597644042968752,-0.0012350603938102722,-0.009060965850949287,-5.664923810400069e-05,phone,user1,stand
18.99185470829252,2.697989501953125,9.297316131591797,-1.4720388793945314,-0.003642548341304064,-6.422807928174734e-05,4.239071859046817e-05,phone,user1,stand
19.011853708303533,2.6997857666015626,9.295220489501954,-1.483864288330078,0.003003360703587532,0.0049392711371183395,-0.005252476781606674,phone,user1,stand
19.03185370832216,2.7167005920410157,9.293723602294923,-1.4434483337402344,0.008259262889623642,0.006549926474690437,-0.006029355339705944,phone,user1,stand
19.051852708333172,2.7247837829589847,9.32381103515625,-1.4382092285156252,0.007960841059684753,0.0016018298920243979,-0.00648154504597187,phone,user1,stand
19.071851708344184,2.6840684509277346,9.349707183837891,-1.4169534301757813,0.007000322919338942,-0.0006457270937971771,-0.004365558270365,phone,user1,stand
19.09185070823878,2.684667205810547,9.353150024414063,-1.420096893310547,0.0003933731932193041,-0.012230843305587769,-0.00025860246387310326,phone,user1,stand
19.111849708249792,2.7138565063476565,9.32515823364258,-1.4353651428222658,0.0009425261523574591,-0.004426402039825916,-0.0015718365320935845,phone,user1,stand
19.131848708260804,2.716999969482422,9.318721618652344,-1.4591656494140626,-1.0006129741668701e-05,-0.0002866496506612748,-0.003816500073298812,phone,user1,stand
19.151847708271816,2.697690124511719,9.304950256347658,-1.4663507080078126,0.000721031567081809,0.000734672648832202,-0.00591720174998045,phone,user1,stand
19.17184670828283,2.7294241333007814,9.302854614257813,-1.4382092285156252,0.0014849996659904718,-0.0025611892342567444,-0.004577441606670618,phone,user1,stand
19.19184570829384,2.748434600830078,9.293274536132813,-1.4407539367675781,0.004380204249173403,-0.005667884834110737,-0.00019244349095970392,phone,user1,stand
19.211844708304852,2.716999969482422,9.33054702758789,-1.4347663879394532,0.006069634575396776,-0.00348528940230608,0.0008854915504343808,phone,user1,stand
19.231843708315864,2.682272186279297,9.335037689208985,-1.4449452209472657,0.002791895065456629,-0.001056887675076723,-0.00044517748756334186,phone,user1,stand
19.251842708326876,2.68481689453125,9.332792358398438,-1.4349160766601563,0.0013167739380151033,0.005632457789033651,-0.0007112360326573253,phone,user1,stand
19.271841708337888,2.7304719543457034,9.345964965820313,-1.4534774780273438,0.0013762449380010366,0.0016410598764196038,-0.0022597608622163534,phone,user1,stand
19.2918407083489,2.7105633544921877,9.313632202148439,-1.4629078674316407,-0.0024771655444055796,-0.0006723094265908003,6.88039290253073e-05,phone,user1,stand
19.31184070825111,2.669249267578125,9.310488739013673,-1.4549743652343752,0.0016763831954449415,-0.0026402375660836697,0.0014231244567781687,phone,user1,stand
19.331839708262123,2.6804759216308596,9.311087493896485,-1.4498849487304688,0.0014946830924600363,0.0025118160992860794,-0.00043109923717565835,phone,user1,stand
19.351838708273135,2.6899063110351564,9.309590606689454,-1.4521302795410156,0.0012506174389272928,0.0045940810814499855,-0.001829809509217739,phone,user1,stand
19.371837708284147,2.748284912109375,9.329349517822266,-1.4694941711425782,0.004321542102843523,0.007182035129517317,-0.003686376381665468,phone,user1,stand
19.39183670829516,2.7226881408691406,9.29357391357422,-1.4730867004394532,0.003853423520922661,0.007405269891023636,-0.004556815605610609,phone,user1,stand
19.41183570830617,2.7032286071777345,9.28833480834961,-1.4850617980957033,0.003296222072094679,0.007478961255401373,-0.003901816438883543,phone,user1,stand
19.431834708317183,2.6797274780273437,9.329349517822266,-1.4642550659179687,0.006740394979715347,0.010765102691948414,-0.0035375722218304873,phone,user1,stand
19.451833708328195,2.66565673828125,9.359886016845703,-1.4275813293457031,0.00808856263756752,0.00804825872182846,-0.003234383650124073,phone,user1,stand
19.471832708339207,2.669249267578125,9.341923370361329,-1.423839111328125,0.005656293593347073,0.005749398842453957,-0.0011898670345544815,phone,user1,stand
19.491831708233804,2.688409423828125,9.335337066650391,-1.439107360839844,-0.0002795248292386532,0.005692645441740751,-0.0019048646790906787,phone,user1,stand
19.511830708244815,2.691852264404297,9.313183135986328,-1.45377685546875,-0.0030278286430984735,0.00020000513177365065,0.0005951558123342693,phone,user1,stand
19.531829708255827,2.695295104980469,9.33144515991211,-1.475182342529297,-0.003087857272475958,-0.0014479549136012793,-0.00044646329479292035,phone,user1,stand
19.55182870826684,2.6869125366210938,9.318272552490235,-1.4609619140625,0.0008996215183287859,0.0007751467637717724,-0.0012263522949069738,phone,user1,stand
19.57182770827785,2.689157867431641,9.343719635009766,-1.4629078674316407,0.003427747171372175,-0.005337932147085667,8.36786930449307e-05,phone,user1,stand
19.591826708288863,2.6599685668945314,9.292077026367188,-1.4395564270019532,0.0004365879576653242,-0.006431982386857271,0.004487545695155859,phone,user1,stand
19.611825708299875,2.661615142822266,9.345815277099609,-1.4711407470703126,-0.0026968098245561123,-0.005180170759558678,0.0034013513941317797,phone,user1,stand
19.6318257083185,2.6801765441894534,9.365723876953126,-1.4546749877929688,-0.00015171291306614876,-0.0024593831039965153,-0.0007170544704422355,phone,user1,stand
19.651824708329514,2.7107130432128907,9.33339111328125,-1.4299763488769532,0.00630815327167511,-0.004679952748119831,-0.0020344576332718134,phone,user1,stand
19.671823708340526,2.6966423034667972,9.31707504272461,-1.451232147216797,-0.0030208101961761713,-0.008256927132606506,0.0021329426672309637,phone,user1,stand
19.691822708235122,2.7162515258789064,9.296567687988281,-1.4555731201171875,-0.00941622257232666,-0.01006010826677084,0.0035731103271245956,phone,user1,stand
19.711821708246134,2.733914794921875,9.279054107666017,-1.4714401245117188,0.00023017055355012417,-0.009201768785715103,0.0011921862605959177,phone,user1,stand
19.731820708257146,2.718496856689453,9.308692474365236,-1.4723382568359376,0.00512176938354969,-0.003687367308884859,0.0021551046520471573,phone,user1,stand
19.751819708268158,2.695594482421875,9.320667572021485,-1.445543975830078,0.005958620458841324,0.004994167946279049,-0.0011023811530321836,phone,user1,stand
19.77181870827917,2.737207946777344,9.31468002319336,-1.4443464660644532,0.00638218130916357,0.008673898875713348,-0.0051796347834169865,phone,user1,stand
19.791817708290182,2.768642578125,9.328900451660157,-1.4299763488769532,0.004432890098541975,0.016079021617770195,-0.0033817749936133623,phone,user1,stand
19.811816708301194,2.733914794921875,9.33144515991211,-1.4434483337402344,0.005729507654905319,0.014020012691617012,-0.00033442440326325595,phone,user1,stand
19.831815708312206,2.7168502807617188,9.329648895263672,-1.426084442138672,0.002549236174672842,0.007841597311198711,0.0037158154882490635,phone,user1,stand
19.851814708323218,2.66565673828125,9.321565704345703,-1.4468911743164063,0.0018675676546990871,0.009049835614860058,0.002984320279210806,phone,user1,stand
19.87181370833423,2.695295104980469,9.303303680419923,-1.4672488403320314,0.002237289445474744,0.02191382274031639,-0.0010241654235869646,phone,user1,stand
19.891812708345242,2.7029292297363283,9.301357727050782,-1.4702426147460939,0.003420627675950527,0.025293581187725067,-0.004800446331501007,phone,user1,stand
19.91181170823984,2.7021807861328124,9.300459594726563,-1.464404754638672,0.010379215702414513,0.020763074979186058,-0.004251588135957718,phone,user1,stand
19.93181070825085,2.6831703186035156,9.32665512084961,-1.443897399902344,0.00967460311949253,0.012855937704443932,-0.002887394977733493,phone,user1,stand
19.951809708261862,2.6637107849121096,9.333989868164062,-1.4317726135253908,0.006661086343228817,0.0049210768193006516,-0.0002627918147481978,phone,user1,stand
19.971808708272874,2.6872119140625,9.326505432128906,-1.4647041320800782,0.0012514162808656693,0.005118191242218018,2.667997614480555e-05,phone,user1,stand
19.991808083257638,2.7128086853027344,9.340426483154298,-1.4534774780273438,0.001877207774668932,0.0125279501080513,0.0008192937821149826,phone,user1,stand
20.01180708326865,2.7054739379882813,9.31273406982422,-1.4548246765136719,0.0030705579556524754,0.013107937760651112,0.0007037203758955002,phone,user1,stand
20.031806083279662,2.7003845214843754,9.335187377929689,-1.4605128479003906,0.004683242179453373,0.004345997236669064,0.0019341428996995091,phone,user1,stand
20.05180608329829,2.6833200073242187,9.317224731445313,-1.4516812133789063,0.002220346126705408,0.0024474086239933968,0.0015884708845987916,phone,user1,stand
20.0718050833093,2.698887634277344,9.33773208618164,-1.464404754638672,0.0011670447420328856,0.00447345245629549,-0.0018166250083595514,phone,user1,stand
20.091804083320312,2.7140061950683596,9.292376403808595,-1.4531781005859377,0.0009967782534658909,0.0053861988708376884,-0.0020731743425130844,phone,user1,stand
20.111803083331324,2.7104136657714846,9.327104187011718,-1.483864288330078,0.00028040376491844654,0.0010623583802953362,-0.000865979352965951,phone,user1,stand
20.131802083342336,2.6837690734863284,9.295669555664062,-1.4813195800781251,0.0002880515530705452,-0.0005457786610350013,0.0025989545974880457,phone,user1,stand
20.151801083236933,2.6698480224609376,9.375453643798828,-1.4952406311035158,0.00028944271616637707,-0.0005888695013709366,0.0012493852991610765,phone,user1,stand
20.171800083247945,2.690804443359375,9.356892242431641,-1.4805711364746095,0.007371069863438606,0.0023864819668233395,-0.0016830371459946036,phone,user1,stand
20.191799083258957,2.686014404296875,9.322763214111328,-1.4359638977050782,0.0027748234570026398,0.0016118183266371489,0.00014278476010076702,phone,user1,stand
20.21179808326997,2.6839187622070315,9.322763214111328,-1.4558724975585937,-0.0054187714122235775,-0.006200392730534077,0.0023788269609212875,phone,user1,stand
20.23179708328098,2.681823120117188,9.309740295410156,-1.4702426147460939,-0.00595957413315773,-0.013090893626213074,0.003254299983382225,phone,user1,stand
20.251796083291993,2.689307556152344,9.283395080566407,-1.4796730041503907,-0.0016437405720353127,-0.014233551919460297,0.005845730192959309,phone,user1,stand
20.271795083303005,2.7042764282226566,9.33339111328125,-1.49209716796875,-0.004909303970634937,-0.014540592208504677,0.003455271478742361,phone,user1,stand
20.291794083314016,2.708617401123047,9.314081268310547,-1.488354949951172,-0.0005082704592496157,-0.004354255739599466,-0.000305184512399137,phone,user1,stand
20.31179308332503,2.7464886474609376,9.311536560058594,-1.4623091125488281,0.003184026572853327,-0.005086439196020365,-0.0015969965606927872,phone,user1,stand
20.33179208333604,2.749183044433594,9.344168701171876,-1.442849578857422,0.000328561058267951,-0.007482051849365234,0.001141014858148992,phone,user1,stand
20.351791083347052,2.7071205139160157,9.345216522216797,-1.428629150390625,-0.005616134963929653,-0.013625647872686386,0.005916322115808725,phone,user1,stand
20.37179008324165,2.698887634277344,9.313183135986328,-1.4518309020996094,-0.007575519382953644,-0.009170389734208584,0.00414230627939105,phone,user1,stand
20.39178908325266,2.724035339355469,9.322613525390626,-1.4763798522949219,-0.0069778086617589,0.0022028503008186817,-0.001698720850981772,phone,user1,stand
20.411788083263673,2.7487339782714844,9.302106170654298,-1.465751953125,-0.002169556450098753,0.009576715528964996,-0.003541986458003521,phone,user1,stand
20.431787083274685,2.7336154174804688,9.298962707519532,-1.458417205810547,0.002581716049462557,-8.374883327633142e-05,-4.3225911213085055e-05,phone,user1,stand
20.451786083285697,2.7226881408691406,9.300908660888672,-1.4554234313964844,0.0005741619970649481,-0.004570630379021168,0.0016966511029750109,phone,user1,stand
20.47178508329671,2.7032286071777345,9.341773681640625,-1.428479461669922,-0.0009080052841454744,0.000952915521338582,0.0017715438734740019,phone,user1,stand
20.49178408330772,2.6975404357910158,9.33863021850586,-1.4305751037597656,0.0010989028960466385,0.005186074413359165,-0.000561357126571238,phone,user1,stand
20.511783083318733,2.706222381591797,9.333241424560548,-1.442849578857422,0.0003303468693047762,0.007847500964999199,-0.0032077557407319546,phone,user1,stand
20.531782083329745,2.714904327392578,9.30554901123047,-1.4494358825683595,-0.00232578138820827,0.007478111889213324,0.0001042260555550456,phone,user1,stand
20.551781083340757,2.7041267395019535,9.306896209716797,-1.479972381591797,-0.003772954922169447,0.00023479870287701488,0.0008395338081754744,phone,user1,stand
20.571780083235353,2.6851162719726562,9.305998077392578,-1.4461427307128907,-1.9187573343515396e-06,0.002421520184725523,-0.0002648791123647243,phone,user1,stand
20.591779083246365,2.6852659606933593,9.335486755371095,-1.4464421081542969,0.003296374808996916,0.003328732680529356,-0.002562903566285968,phone,user1,stand
20.611778083257377,2.7009832763671877,9.342522125244141,-1.430724792480469,0.0005598142743110657,0.000861818203702569,0.0007229861803352833,phone,user1,stand
20.63177708326839,2.704875183105469,9.354497222900392,-1.4388079833984375,-0.0019911432173103094,-0.004172194749116898,0.001954256556928158,phone,user1,stand
20.6517760832794,2.7080186462402347,9.294621734619142,-1.4506333923339845,-0.00915318913757801,-0.0011996004031971097,0.0009377309470437467,phone,user1,stand
20.671775083290413,2.7042764282226566,9.288035430908204,-1.4805711364746095,-0.007395495660603046,0.0008380102226510644,0.002029091352596879,phone,user1,stand
20.691774083301425,2.6970913696289065,9.319769439697266,-1.4844630432128907,0.0017663110047578812,0.00345616415143013,-0.001706790877506137,phone,user1,stand
20.711773083312437,2.7069708251953126,9.326954498291016,-1.4377601623535157,0.007926715537905693,0.005618038587272167,-0.0044037657789886,phone,user1,stand
20.73177208332345,2.711760864257813,9.327553253173829,-1.4196478271484376,0.004771745763719082,-0.0007880632765591145,4.1940947994589806e-05,phone,user1,stand
20.75177108333446,2.7036776733398438,9.341174926757812,-1.4289285278320314,-0.006756750866770744,-0.005107105243951082,0.0017826762050390244,phone,user1,stand
20.771770083345473,2.691852264404297,9.316476287841798,-1.4594650268554688,-0.005357952322810888,-0.004363571759313345,0.0008922016713768244,phone,user1,stand
20.79176908324007,2.7164012145996095,9.294322357177736,-1.490899658203125,-0.0012708064168691635,-0.005399569869041443,-0.0010266046738252044,phone,user1,stand
20.81176808325108,2.7262806701660156,9.317524108886719,-1.4557228088378906,-0.0020598098635673523,-0.0011865284759551287,-0.00016551633598282933,phone,user1,stand
20.831767083262093,2.714754638671875,9.33054702758789,-1.4729370117187501,0.0012115614954382181,0.0004424784565344453,0.0018187074456363916,phone,user1,stand
20.851766083273105,2.7044261169433597,9.337432708740234,-1.4250366210937502,0.0028095063753426075,0.003534428309649229,0.0017604827880859375,phone,user1,stand
20.871765083284117,2.7129583740234375,9.335636444091797,-1.4403048706054689,-0.0012318254448473454,0.008624318987131119,0.0025210792664438486,phone,user1,stand
20.89176408329513,2.70158203125,9.310039672851563,-1.4377601623535157,-5.716201849281788e-05,0.005199975799769163,0.0012591744307428598,phone,user1,stand
20.91176308330614,2.714904327392578,9.328002319335939,-1.4060261535644532,0.002522823866456747,0.002749707316979766,0.0028300825506448746,phone,user1,stand
20.931762083317153,2.7449917602539062,9.314829711914063,-1.422342224121094,0.0025591617450118065,0.007106496952474117,-0.0008856332860887051,phone,user1,stand
20.951761083328165,2.74229736328125,9.303752746582031,-1.4516812133789063,0.0008646149653941393,0.018223151564598083,-0.0022726107854396105,phone,user1,stand
20.971760083339177,2.7268794250488284,9.314380645751953,-1.4600637817382813,0.005548308603465557,0.021878309547901154,-0.004749615676701069,phone,user1,stand
20.99175958323758,2.698737945556641,9.320068817138672,-1.436862030029297,0.00826289039105177,0.021195292472839355,-0.004112325608730316,phone,user1,stand
21.011758583248593,2.6872119140625,9.328601074218751,-1.4376104736328126,0.006885263603180647,0.012473813258111477,-0.002803392941132188,phone,user1,stand
21.031757583259605,2.680924987792969,9.351952514648438,-1.44419677734375,0.0032874601893126965,0.009089890867471695,0.0006189625128172338,phone,user1,stand
21.051756583270617,2.6265879821777345,9.353599090576173,-1.4555731201171875,0.0013742060400545597,0.008884144946932793,0.0019992804154753685,phone,user1,stand
21.07175558328163,2.658172302246094,9.348359985351562,-1.478774871826172,-0.0015120962634682655,0.003422920824959874,0.0017252406105399132,phone,user1,stand
21.09175458329264,2.6800268554687503,9.304052124023437,-1.4612612915039063,-0.0015350757166743279,0.002162849996238947,0.000613013980910182,phone,user1,stand
21.111753583303653,2.6869125366210938,9.328152008056641,-1.4665003967285157,0.0001711202785372734,-0.0024848193861544132,0.001950897742062807,phone,user1,stand
21.131752583314665,2.6852659606933593,9.3262060546875,-1.4293775939941407,0.0017390907742083073,-0.011487052775919437,0.005265913438051939,phone,user1,stand
21.151751583325677,2.6755361938476563,9.31902099609375,-1.4473402404785156,-0.001032103318721056,-0.01877114363014698,0.0054945009760558605,phone,user1,stand
21.17175058333669,2.702480163574219,9.317224731445313,-1.447789306640625,-0.0049325330182909966,-0.021941762417554855,0.005655347835272551,phone,user1,stand
21.1917495833477,2.7307713317871096,9.324709167480469,-1.4732363891601563,-0.0025383438915014267,-0.011335060000419617,0.001771224313415587,phone,user1,stand
21.211748583242297,2.738405456542969,9.28549072265625,-1.4443464660644532,-4.026619717478752e-05,-0.0036573095712810755,-3.5995879443362355e-05,phone,user1,stand
21.23174758325331,2.7512786865234378,9.332642669677735,-1.4675482177734376,0.00449155131354928,-0.002965045627206564,-0.0011189262149855494,phone,user1,stand
21.25174658326432,2.7626550292968752,9.340426483154298,-1.452429656982422,0.003929708153009415,0.00715219508856535,-0.003828869666904211,phone,user1,stand
21.271745583275333,2.739752655029297,9.320667572021485,-1.4111155700683595,0.005555452313274145,0.00684911385178566,-0.002475007902830839,phone,user1,stand
21.291744583286345,2.7226881408691406,9.298962707519532,-1.442849578857422,0.0009749880991876125,-0.003851762507110834,0.0031765627209097147,phone,user1,stand
21.311743583297357,2.71834716796875,9.310189361572267,-1.44898681640625,-0.003778606653213501,-0.0004160476091783494,0.0009980173781514168,phone,user1,stand
21.33174258330837,2.7304719543457034,9.300010528564453,-1.4681469726562502,0.006264310330152512,0.005465742200613022,-0.0004636105732060969,phone,user1,stand
21.35174158331938,2.703827362060547,9.294472045898438,-1.4783258056640625,0.006542046554386616,0.003806636668741703,-0.0006626453250646591,phone,user1,stand
21.371740583330393,2.701432342529297,9.33773208618164,-1.4570700073242189,0.003824363462626934,0.003581020515412092,-0.00054794957395643,phone,user1,stand
21.391739583341405,2.7059230041503906,9.339977416992188,-1.4549743652343752,0.007235489785671234,0.0026730243116617203,-0.00036436363006941974,phone,user1,stand
21.411738583236,2.7258316040039063,9.344767456054688,-1.4444961547851562,0.006391442846506834,0.00303129805251956,-4.726980114355683e-05,phone,user1,stand
21.431737583247013,2.7129583740234375,9.315578155517578,-1.4461427307128907,-0.0005014089401811361,0.0021743387915194035,0.0020278599113225937,phone,user1,stand
21.451736583258025,2.722987518310547,9.329648895263672,-1.4636563110351564,-0.00026145833544433117,0.0023679505102336407,0.0007511404110118747,phone,user1,stand
21.471735583269037,2.7405010986328127,9.294771423339844,-1.4712904357910157,0.003580118529498577,0.00805889256298542,-0.0009075595298781991,phone,user1,stand
21.49173458328005,2.75187744140625,9.30794403076172,-1.4696438598632813,0.004241615068167448,0.011019138619303703,-0.0006529629463329911,phone,user1,stand
21.51173358329106,2.773282928466797,9.296118621826173,-1.4555731201171875,0.005606218706816435,0.014808017760515213,-0.0019762879237532616,phone,user1,stand
21.531732583302073,2.768193511962891,9.3166259765625,-1.4581178283691407,0.008528834208846092,0.016427991911768913,-0.0030604619532823563,phone,user1,stand
21.551731583313085,2.758463745117188,9.307644653320313,-1.4435980224609375,0.007224705070257187,0.016525646671652794,-0.0016880457988008857,phone,user1,stand
21.571730583324097,2.728076934814453,9.335037689208985,-1.437161407470703,0.006126333959400654,0.012075081467628479,0.000861310341861099,phone,user1,stand
21.59172958333511,2.7174490356445316,9.315278778076172,-1.458417205810547,0.0028547323308885098,0.021556654945015907,-0.002831605961546302,phone,user1,stand
21.61172858334612,2.7327172851562502,9.311985626220704,-1.4639556884765625,-8.913455531001091e-05,0.025426728650927544,-0.0023810004349797964,phone,user1,stand
21.631727583240718,2.6973907470703127,9.308393096923828,-1.4897021484375002,0.002040678635239601,0.017770297825336456,0.0026961378753185272,phone,user1,stand
21.65172658325173,2.6836193847656253,9.327852630615235,-1.466799774169922,0.006553138606250286,0.0167646873742342,0.0016324713360518217,phone,user1,stand
21.67172558326274,2.6827212524414064,9.322463836669922,-1.4702426147460939,0.002744860015809536,0.013589025475084782,0.0011203488102182746,phone,user1,stand
21.691724583273754,2.701282653808594,9.300609283447265,-1.4599140930175782,-0.0025004695635288954,0.012554353103041649,-0.0006966433138586581,phone,user1,stand
21.711723583284765,2.667902069091797,9.307195587158203,-1.4786251831054689,0.0005232742987573147,0.013130627572536469,-0.0011001143138855696,phone,user1,stand
21.731722583295777,2.680924987792969,9.309141540527344,-1.4729370117187501,0.003561085555702448,0.010296966880559921,-0.0040776110254228115,phone,user1,stand
21.75172158330679,2.6975404357910158,9.330846405029297,-1.4681469726562502,0.005430515855550766,0.007708919700235128,-0.004609536845237017,phone,user1,stand
21.771719583310187,2.6696983337402345,9.314380645751953,-1.4708413696289062,0.0025887303054332733,0.0034096348099410534,-0.002530854195356369,phone,user1,stand
21.7917185833212,2.6758355712890625,9.350904693603516,-1.4696438598632813,-0.001871008425951004,-0.0006471924716606736,-7.085636025294662e-05,phone,user1,stand
21.81171758333221,2.702330474853516,9.32515823364258,-1.4515315246582032,9.181443601846695e-05,0.002726886421442032,-0.0035215122625231743,phone,user1,stand
21.831716583343223,2.69439697265625,9.300010528564453,-1.4757810974121095,0.0018633948639035225,0.00572284497320652,-0.004259393084794283,phone,user1,stand
21.85171558323782,2.6997857666015626,9.307195587158203,-1.4733860778808594,0.0006085047498345375,0.0038511427119374275,-0.005377538502216339,phone,user1,stand
21.87171458324883,2.7439439392089846,9.306896209716797,-1.4295272827148438,0.002223528455942869,0.0001255357638001442,-0.00465413648635149,phone,user1,stand
21.891713583259843,2.7499314880371095,9.316775665283204,-1.4465917968750002,0.0037761861458420753,-0.007180716376751661,-0.004867183044552803,phone,user1,stand
21.911712583270855,2.7331663513183595,9.312434692382814,-1.4462924194335938,-0.004046443849802017,-0.009104103781282902,-0.0008360517676919699,phone,user1,stand
21.931711583281867,2.70876708984375,9.335786132812501,-1.4759307861328126,-0.004489410202950239,-0.004088195040822029,-0.0003043058095499873,phone,user1,stand
21.95171058329288,2.7256819152832032,9.308542785644532,-1.4675482177734376,0.00019503384828567505,0.006239601876586676,-0.0030401889234781265,phone,user1,stand
21.97170958330389,2.7595115661621095,9.339079284667969,-1.4421011352539064,0.0022149053402245045,0.008831985294818878,-0.003298412775620818,phone,user1,stand
21.991708583314903,2.7431954956054687,9.311985626220704,-1.4389576721191406,0.00226729572750628,0.0034994171001017094,-0.002186628058552742,phone,user1,stand
22.011707583325915,2.705324249267578,9.317973175048829,-1.4389576721191406,-0.0012722662650048733,0.0004165588179603219,-0.0011282118503004313,phone,user1,stand
22.031706583336927,2.719394989013672,9.289532318115235,-1.4353651428222658,0.0008123831357806921,0.009654678404331207,-0.0020809080451726913,phone,user1,stand
22.05170558334794,2.741249542236328,9.298214263916016,-1.4581178283691407,-0.0016657705418765545,0.012787466868758202,-0.0037316218949854374,phone,user1,stand
22.071704583242536,2.749183044433594,9.337582397460938,-1.4482383728027344,0.0019708583131432533,0.01671179011464119,-0.005515320226550102,phone,user1,stand
22.091703583253548,2.7598109436035156,9.364226989746093,-1.4412030029296876,0.008689939975738525,0.021962888538837433,-0.007103980518877506,phone,user1,stand
22.11170258326456,2.7725344848632814,9.327553253173829,-1.421294403076172,0.0026998850516974926,0.019588826224207878,-0.0076572042889893055,phone,user1,stand
22.13170158327557,2.7461892700195314,9.322912902832032,-1.4504837036132814,-0.0033612498082220554,0.015210418030619621,-0.002918655052781105,phone,user1,stand
22.151700583286583,2.683469696044922,9.295968933105469,-1.4844630432128907,-0.007698648143559694,0.01928124949336052,0.001013858476653695,phone,user1,stand
22.171699583297595,2.645149383544922,9.308243408203126,-1.4879058837890626,-0.002906105713918805,0.015022700652480125,0.000913104391656816,phone,user1,stand
22.191698583308607,2.6562263488769533,9.299711151123047,-1.4590159606933595,0.002771355677396059,0.014444195665419102,-0.0012620043708011508,phone,user1,stand
22.211696583312005,2.6575735473632816,9.338480529785157,-1.4829661560058593,0.00561999436467886,0.008276877924799919,-0.006936299614608288,phone,user1,stand
22.231695583323017,2.6927503967285156,9.298064575195314,-1.4828164672851563,0.002495748223736882,0.00580021645873785,-0.00630069337785244,phone,user1,stand
22.25169458333403,2.674937438964844,9.340426483154298,-1.4468911743164063,-0.002547800075262785,-0.0015581484185531735,-0.0020117503590881824,phone,user1,stand
22.27169358334504,2.6710455322265627,9.377698974609375,-1.4304254150390625,-0.002970409579575062,-0.011360733769834042,-0.00160448276437819,phone,user1,stand
22.291692583239637,2.661016387939453,9.342073059082031,-1.4425502014160156,-0.0017708465456962585,-0.012651556171476841,-0.001062239520251751,phone,user1,stand
22.31169158325065,2.6481431579589847,9.325307922363281,-1.4599140930175782,-0.010093353688716888,-0.012024972587823868,0.00012037111446261406,phone,user1,stand
22.33169058326166,2.6493406677246094,9.343569946289064,-1.45856689453125,-0.006761656142771244,-0.01189805194735527,0.0004863761714659631,phone,user1,stand
22.351689583272673,2.6830206298828125,9.37934555053711,-1.4135105895996094,-0.006411828566342592,-0.019601238891482353,0.0004945348482578993,phone,user1,stand
22.371688583283685,2.7174490356445316,9.387428741455079,-1.3611195373535157,-0.011362643912434578,-0.02030378021299839,-0.0009558226447552443,phone,user1,stand
22.391687583294697,2.781515808105469,9.313482513427735,-1.3934523010253907,-0.020071787759661674,-0.022212587296962738,-9.863381274044514e-05,phone,user1,stand
22.41168658330571,2.7834617614746096,9.261540527343751,-1.4395564270019532,-0.02684677578508854,-0.028406111523509026,0.006719680968672037,phone,user1,stand
22.43168558331672,2.7089167785644532,9.244326324462891,-1.4768289184570313,-0.01919451914727688,-0.020718621090054512,0.007983586750924587,phone,user1,stand
22.451684583327733,2.6876609802246096,9.296717376708985,-1.4855108642578125,-0.002437193877995014,0.004084576852619648,0.003578899195417762,phone,user1,stand
22.471683583338745,2.691702575683594,9.333540802001954,-1.4590159606933595,0.012262575328350067,0.018095316365361214,-0.006789404898881912,phone,user1,stand
22.49168258323334,2.690954132080078,9.328750762939453,-1.4232403564453127,0.012299245223402977,0.012140067294239998,-0.012352301739156246,phone,user1,stand
22.511681583244354,2.6937982177734376,9.32186508178711,-1.4085708618164063,0.006657716818153858,0.010955491103231907,-0.010579335503280163,phone,user1,stand
22.53167958324775,2.681823120117188,9.31512908935547,-1.4346166992187501,-7.990654557943344e-05,0.008406123146414757,-0.010444403626024723,phone,user1,stand
22.551678583258763,2.6861640930175783,9.337582397460938,-1.4551240539550783,-0.0007391208782792091,-0.0020615840330719948,-0.007056948728859425,phone,user1,stand
22.571677583269775,2.677482147216797,9.349707183837891,-1.4364129638671876,0.001740159117616713,-0.008260391652584076,0.00131033337675035,phone,user1,stand
22.591676583280787,2.6494903564453125,9.363328857421875,-1.427431640625,0.0004305802285671234,-0.01441918034106493,0.004563821479678154,phone,user1,stand
22.6116755832918,2.6863137817382814,9.332193603515625,-1.457369384765625,-0.005184591747820377,-0.011451391503214836,0.0026475065387785435,phone,user1,stand
22.63167458330281,2.712359619140625,9.342522125244141,-1.4626084899902345,-0.003959418274462223,-0.00028381068841554224,-0.001029107253998518,phone,user1,stand
22.651673583313823,2.69439697265625,9.315727844238282,-1.4446458435058593,0.00045453780330717564,0.007075953297317028,-0.003415813436731696,phone,user1,stand
22.671672583324835,2.6994863891601564,9.330247650146484,-1.4209950256347657,0.0034984087105840445,0.0004312113160267472,0.001398231484927237,phone,user1,stand
22.691671583335847,2.688259735107422,9.331145782470704,-1.3995895385742188,0.00025398191064596176,-0.007805187255144119,0.006172307766973972,phone,user1,stand
22.71167058334686,2.678529968261719,9.30749496459961,-1.4415023803710938,-0.0009107512887567282,-0.006970090791583061,0.00757621880620718,phone,user1,stand
22.731669583241455,2.642754364013672,9.277257843017578,-1.4724879455566406,-0.0060540735721588135,-0.002476658206433058,0.0052369157783687115,phone,user1,stand
22.751668583252467,2.6632617187500003,9.291478271484376,-1.47772705078125,0.0030742338858544827,0.003951333928853273,-0.0036280998028814793,phone,user1,stand
22.77166758326348,2.708467712402344,9.332792358398438,-1.4464421081542969,0.015730297192931175,0.009061148390173912,-0.012115984223783016,phone,user1,stand
22.79166658327449,2.7186465454101563,9.346863098144532,-1.4157559204101564,0.01674431562423706,0.005343909841030836,-0.009482217021286488,phone,user1,stand
22.81166458327789,2.7211912536621097,9.35539535522461,-1.4111155700683595,0.010013002902269363,0.0030463244765996933,-0.007881034165620804,phone,user1,stand
22.8316635832889,2.7126589965820314,9.328601074218751,-1.4241384887695314,0.006477901712059975,0.006096632685512304,-0.003238090081140399,phone,user1,stand
22.851662583299913,2.6804759216308596,9.3166259765625,-1.4582675170898438,0.005416202358901501,0.012693777680397034,-0.0031868615187704563,phone,user1,stand
22.871661583310924,2.6494903564453125,9.305998077392578,-1.442849578857422,0.008558987639844418,0.015488194301724434,-0.0037256241776049137,phone,user1,stand
22.891660583321936,2.6267376708984376,9.346414031982423,-1.488354949951172,0.0059240348637104034,0.004449048079550266,-0.0017216071719303727,phone,user1,stand
22.91165958333295,2.5872198486328126,9.374405822753907,-1.475182342529297,0.002580702304840088,-0.005300784483551979,0.000371903704944998,phone,user1,stand
22.93165858334396,2.561174011230469,9.33952835083008,-1.4409036254882812,0.004442322067916393,-0.016573302447795868,-0.005459275562316179,phone,user1,stand
22.951657583238557,2.5891658020019532,9.29402297973633,-1.470392303466797,0.005995532032102346,-0.02013508602976799,-0.011169862933456898,phone,user1,stand
22.97165658324957,2.6720933532714843,9.32096694946289,-1.4831158447265627,0.005446692928671837,-0.024192946031689644,-0.016684142872691154,phone,user1,stand
22.991654958343133,2.8292665100097656,9.347611541748048,-1.448837127685547,0.014969699084758759,-0.03035789728164673,-0.01861223205924034,phone,user1,stand
23.01165395823773,2.7759773254394533,9.399104461669923,-1.4495855712890626,0.007014772854745388,-0.04903487488627434,-0.005551057402044535,phone,user1,stand
23.031652958248742,2.6807752990722657,9.332043914794923,-1.4491365051269531,-0.012955809012055397,-0.05445757880806923,0.0063697416335344315,phone,user1,stand
23.05165095825214,2.634820861816406,9.31378189086914,-1.4937437438964845,-0.027371441945433617,-0.04354773461818695,0.010533097200095654,phone,user1,stand
23.07164995826315,2.578388214111328,9.305848388671876,-1.535357208251953,-0.016251955181360245,-0.03190736472606659,0.00692850211635232,phone,user1,stand
23.091648958274163,2.5999433898925783,9.330846405029297,-1.5500267028808594,-0.007491256110370159,-0.02836841531097889,0.0001826935913413763,phone,user1,stand
23.111647958285175,2.555635528564453,9.356293487548829,-1.5367044067382813,-0.006840193644165993,-0.03977381810545921,-0.0004930340219289064,phone,user1,stand
23.131646958296187,2.4939637756347657,9.398954772949219,-1.4672488403320314,-0.006932965014129877,-0.07213887572288513,0.008759761229157448,phone,user1,stand
23.1516459583072,2.5137226867675784,9.324709167480469,-1.4075230407714845,-0.012083206325769424,-0.09944596886634827,0.014576399698853493,phone,user1,stand
23.17164495831821,2.58901611328125,9.284891967773438,-1.3826747131347656,-0.019224820658564568,-0.11803697794675827,0.01569700613617897,phone,user1,stand
23.191643958329223,2.6429040527343752,9.26438461303711,-1.388961639404297,-0.014998266473412514,-0.11972381919622421,0.011893587186932564,phone,user1,stand
23.211642958340235,2.7357110595703125,9.329798583984376,-1.394051055908203,-0.0008547275792807341,-0.10309309512376785,-0.0012498970609158278,phone,user1,stand
23.23164195823483,2.822231140136719,9.377549285888673,-1.3726455688476564,0.008027523756027222,-0.0730435773730278,-0.009268099442124367,phone,user1,stand
23.251640958245844,2.934048614501953,9.382339324951172,-1.3395643615722657,0.009043141268193722,-0.058211229741573334,-0.007687046658247709,phone,user1,stand
23.27163895824924,2.987637176513672,9.363328857421875,-1.37234619140625,0.00480937585234642,-0.05251574516296387,0.004075717180967331,phone,user1,stand
23.291637958260253,2.9630882263183596,9.32231414794922,-1.4266831970214844,-0.0066193025559186935,-0.028927555307745934,0.012749905698001385,phone,user1,stand
23.311636958271265,2.8657905578613283,9.267079010009766,-1.5293696594238282,-0.013484654948115349,0.015812791883945465,0.01704532466828823,phone,user1,stand
23.331635958282277,2.773282928466797,9.22127426147461,-1.5750247192382814,-0.0041495212353765965,0.06391704082489014,0.007618239149451256,phone,user1,stand
23.35163495829329,2.6936485290527346,9.206006011962891,-1.5691868591308595,0.015546035952866077,0.08120228350162506,-0.00028027142980135977,phone,user1,stand
23.3716339583043,2.5963508605957033,9.264683990478517,-1.570983123779297,0.032526466995477676,0.07184500992298126,-0.004658400546759367,phone,user1,stand
23.391632958315313,2.5729994201660156,9.29222671508789,-1.5449372863769533,0.04063398763537407,0.05493812635540962,-0.006748414598405361,phone,user1,stand
23.411631958326325,2.635120239257813,9.377698974609375,-1.5106585693359376,0.038620807230472565,0.05945292115211487,-0.015895633026957512,phone,user1,stand
23.431630958337337,2.7005342102050784,9.359436950683595,-1.4904505920410156,0.03240634500980377,0.06477919220924377,-0.020427554845809937,phone,user1,stand
23.45162995834835,2.702480163574219,9.36258041381836,-1.513802032470703,0.027562763541936874,0.05090540274977684,-0.01703926920890808,phone,user1,stand
23.47162795823533,2.6758355712890625,9.314979400634765,-1.4807208251953126,0.020871687680482864,0.03493256866931915,-0.011433741077780724,phone,user1,stand
23.491626958246343,2.6873616027832035,9.284592590332032,-1.5088623046875,0.006668005138635635,0.025233274325728416,-0.0072429487481713295,phone,user1,stand
23.511625958257355,2.665207672119141,9.284742279052734,-1.5548167419433594,0.0035673349630087614,0.029567738994956017,-0.006919607520103455,phone,user1,stand
23.531624958268367,2.6490412902832032,9.32381103515625,-1.5780184936523438,0.009171540848910809,0.02949504368007183,-0.010691601783037186,phone,user1,stand
23.55162395827938,2.6807752990722657,9.344468078613282,-1.5551161193847658,0.013094006106257439,0.019910359755158424,-0.007598172873258591,phone,user1,stand
23.57162295829039,2.698139190673828,9.357341308593751,-1.5236814880371095,0.012389514595270157,0.015517707914113998,-0.004669555462896824,phone,user1,stand
23.591621958301403,2.6791287231445313,9.324110412597657,-1.4964381408691407,0.0042454879730939865,0.005499813240021467,0.0013586938148364425,phone,user1,stand
23.611620958312415,2.651436309814453,9.310189361572267,-1.5118560791015625,0.0004028931725770235,-0.0006426197360269725,0.004704238846898079,phone,user1,stand
23.631619958323427,2.645448760986328,9.315877532958984,-1.5161970520019532,0.0001493601594120264,0.006297578103840351,-0.002853545593097806,phone,user1,stand
23.651617958326824,2.6973907470703127,9.301806793212892,-1.5108082580566407,0.00013152160681784153,0.008600297383964062,-0.006730332504957914,phone,user1,stand
23.671616958337836,2.7189459228515624,9.33054702758789,-1.5048207092285157,0.0006894061807543039,0.005125237163156271,-0.008384985849261284,phone,user1,stand
23.691615958348848,2.7634034729003907,9.313033447265626,-1.4923965454101564,-0.0005835369229316711,0.002447330392897129,-0.0058738598600029945,phone,user1,stand
23.711614958243445,2.7598109436035156,9.29222671508789,-1.5245796203613282,-0.0037355537060648203,0.006941766943782568,-0.005382914561778307,phone,user1,stand
23.731613958254457,2.7333160400390626,9.27156967163086,-1.5444882202148438,-0.002463627839460969,0.013743747025728226,-0.0013567476999014616,phone,user1,stand
23.75161295826547,2.687062225341797,9.313183135986328,-1.5404466247558595,0.0007800513412803411,0.018764158710837364,-0.001914186985231936,phone,user1,stand
23.77161195827648,2.6502388000488284,9.356143798828125,-1.5114070129394532,0.007869740016758442,0.023368272930383682,-0.004843331407755613,phone,user1,stand
23.791610958287492,2.6587710571289063,9.372310180664064,-1.5108082580566407,0.007249118760228157,0.02446499466896057,-0.010150578804314137,phone,user1,stand
23.81160895829089,2.631976776123047,9.352700958251953,-1.4941928100585937,-0.00044492678716778755,0.022910967469215393,-0.006656686309725046,phone,user1,stand
23.831607958301902,2.561323699951172,9.215586090087891,-1.5187417602539064,-0.010435611940920353,0.010842760093510151,-0.0028444507624953985,phone,user1,stand
23.851606958312914,2.496508483886719,9.21693328857422,-1.6142431640625001,-0.014601635746657848,-0.013725710101425648,0.008788719773292542,phone,user1,stand
23.871605958323926,2.4192691040039063,9.223070526123047,-1.6097525024414063,-0.015052602626383305,-0.017714783549308777,0.0012191245332360268,phone,user1,stand
23.891604958334938,2.42615478515625,9.380992126464845,-1.6278648376464844,0.00802275724709034,-0.02859332785010338,-0.01071622222661972,phone,user1,stand
23.91160395834595,2.587818603515625,9.43877197265625,-1.447789306640625,0.035461414605379105,-0.02005659230053425,-0.02790975198149681,phone,user1,stand
23.931602958240546,2.7425967407226564,9.467661895751954,-1.292113037109375,0.04471327364444733,-0.04916321113705635,-0.03160884976387024,phone,user1,stand
23.95160195825156,2.7662475585937503,9.406439208984375,-1.1937675476074219,0.01984770968556404,-0.08213290572166443,-0.01704339124262333,phone,user1,stand
23.97160095826257,2.8065138244628907,9.374405822753907,-1.3141172790527345,-0.016158998012542725,-0.09480665624141693,-0.001595949986949563,phone,user1,stand
23.991599708329886,2.7933412170410157,9.378447418212891,-1.380728759765625,-0.03546043112874031,-0.07495925575494766,0.01433304138481617,phone,user1,stand
24.011598708340898,2.7833120727539065,9.346414031982423,-1.4150074768066407,-0.026016848161816597,-0.04409610480070114,0.020846610888838768,phone,user1,stand
24.031597708235495,2.755020904541016,9.339977416992188,-1.4434483337402344,-0.013727611862123013,-0.028586771339178085,0.02201874926686287,phone,user1,stand
24.051596708246507,2.7071205139160157,9.301956481933594,-1.4747332763671877,-0.018991416320204735,-0.009257650002837181,0.023280218243598938,phone,user1,stand
24.07159570825752,2.7295738220214845,9.341923370361329,-1.543739776611328,-0.012036452069878578,0.003740595420822501,0.0167569350451231,phone,user1,stand
24.09159470826853,2.678679656982422,9.260492706298828,-1.5576608276367188,-0.007368849590420723,0.01109076477587223,0.013114400207996368,phone,user1,stand
24.111593708279543,2.684667205810547,9.245074768066408,-1.5446379089355469,-0.00946345180273056,0.032554686069488525,0.007235717494040728,phone,user1,stand
24.13159170828294,2.712359619140625,9.302854614257813,-1.5105088806152345,0.00041617010720074177,0.06670299917459488,0.0017608830239623785,phone,user1,stand
24.151590708293952,2.6577232360839846,9.290430450439453,-1.5620018005371095,0.015209616161882877,0.06121104210615158,-0.004960822872817516,phone,user1,stand
24.171589708304964,2.592159576416016,9.273665313720704,-1.6006214904785157,0.01641879789531231,0.054543521255254745,-0.0051514036022126675,phone,user1,stand
24.191588708315976,2.5953030395507812,9.31273406982422,-1.5829582214355469,0.015007481910288334,0.05629005283117294,-0.009873024187982082,phone,user1,stand
24.211587708326988,2.5857229614257813,9.313632202148439,-1.5528707885742188,0.017972620204091072,0.047409914433956146,-0.013853403739631176,phone,user1,stand
24.231586708338,2.630928955078125,9.328750762939453,-1.6075071716308595,0.0045386371202766895,0.028657102957367897,-0.012557705864310265,phone,user1,stand
24.251585708349012,2.6423052978515624,9.315877532958984,-1.6167878723144533,0.0005868657026439905,0.019193220883607864,-0.009943454526364803,phone,user1,stand
24.27158470824361,2.6231451416015625,9.32426010131836,-1.6359480285644532,0.006332926917821169,0.01544797420501709,-0.008772959932684898,phone,user1,stand
24.291582708247006,2.644850006103516,9.33384017944336,-1.658551025390625,0.002619736362248659,0.00933301355689764,-0.00690736947581172,phone,user1,stand
24.311581708258018,2.621049499511719,9.32231414794922,-1.610500946044922,0.0017173639498651028,0.012927556410431862,-0.0053583006374537945,phone,user1,stand
24.33158070826903,2.6402096557617187,9.309740295410156,-1.545685729980469,0.006523449905216694,0.013008625246584415,-0.008423998020589352,phone,user1,stand
24.351579708280042,2.662064208984375,9.325457611083985,-1.5126045227050782,0.0075737484730780125,0.013912585563957691,-0.006124666426330805,phone,user1,stand
24.371578708291054,2.671195220947266,9.327702941894533,-1.47772705078125,0.002516378415748477,0.003929366357624531,-0.0023786865640431643,phone,user1,stand
24.391577708302066,2.6911038208007816,9.33384017944336,-1.4865586853027344,-0.002991440473124385,-0.0002998046693392098,-0.0011044935090467334,phone,user1,stand
24.411576708313078,2.720592498779297,9.32096694946289,-1.4772779846191406,-0.007341272197663784,0.0152881545946002,-0.006499095819890499,phone,user1,stand
24.431574708316475,2.714754638671875,9.301357727050782,-1.4879058837890626,-0.0023436241317540407,0.02442239038646221,-0.010662982240319252,phone,user1,stand
24.451573708327487,2.6967919921875003,9.303902435302735,-1.4847624206542969,-0.0002190477680414915,0.018376823514699936,-0.010866273194551468,phone,user1,stand
24.4715727083385,2.6494903564453125,9.356742553710937,-1.490600280761719,0.0033298013731837273,0.02182547003030777,-0.0096066789701581,phone,user1,stand
24.491571708233096,2.622097320556641,9.334888000488283,-1.4684463500976563,0.004407763946801424,0.028840743005275726,-0.010955112054944038,phone,user1,stand
24.511570708244108,2.592458953857422,9.373507690429689,-1.4864089965820313,0.002029126975685358,0.01904837228357792,-0.008723030798137188,phone,user1,stand
24.53156970825512,2.596051483154297,9.407337341308594,-1.4894027709960938,-0.0024385678116232157,0.020156200975179672,-0.011412524618208408,phone,user1,stand
24.55156870826613,2.5833279418945314,9.373058624267578,-1.4810202026367187,-0.005847587250173092,0.02080727182328701,-0.011289926245808601,phone,user1,stand
24.57156670826953,2.556383972167969,9.338480529785157,-1.5000306701660158,-0.014763849787414074,0.011500855907797813,-0.008714649826288223,phone,user1,stand
24.59156570828054,2.5502467346191406,9.33099609375,-1.5322137451171876,-0.01835767924785614,0.0036197390872985125,-0.007228233851492405,phone,user1,stand
24.611564708291553,2.557581481933594,9.299262084960938,-1.5221846008300781,-0.0070549058727920055,0.001732404693029821,-0.0059128436259925365,phone,user1,stand
24.631563708302565,2.557880859375,9.304052124023437,-1.5286212158203125,-0.004206655081361532,-0.02071884274482727,-0.00251944363117218,phone,user1,stand
24.651562708313577,2.571203155517578,9.35210220336914,-1.483864288330078,-0.007878794334828854,-0.021816402673721313,-0.0068302094005048275,phone,user1,stand
24.67156170832459,2.621348876953125,9.36737045288086,-1.4880555725097657,-0.009889445267617702,-0.01995379477739334,-0.010545013472437859,phone,user1,stand
24.6915607083356,2.6728417968750002,9.394164733886718,-1.510059814453125,-0.008281913585960865,-0.024192987009882927,-0.007983285933732986,phone,user1,stand
24.711558708339,2.671344909667969,9.338031463623047,-1.490899658203125,-0.014964177273213863,-0.033383194357156754,-0.001418706146068871,phone,user1,stand
24.731557708233595,2.635120239257813,9.278455352783203,-1.4911990356445313,-0.021265454590320587,-0.039157092571258545,0.0037694249767810106,phone,user1,stand
24.751556708244607,2.629581756591797,9.274264068603516,-1.4709910583496095,-0.020440643653273582,-0.039928779006004333,0.009698179550468922,phone,user1,stand
24.77155570825562,2.5979974365234377,9.345964965820313,-1.439257049560547,-0.01021740585565567,-0.030562277883291245,0.005425556097179651,phone,user1,stand
24.79155470826663,2.6232948303222656,9.37171142578125,-1.4266831970214844,-0.0017890813760459423,-0.0222814679145813,-5.978849367238581e-05,phone,user1,stand
24.811553708277643,2.664459228515625,9.319619750976562,-1.433419189453125,-0.006205969490110874,-0.01656072773039341,-0.004467626102268696,phone,user1,stand
24.83155170828104,2.6659561157226563,9.334139556884766,-1.4271322631835939,-0.010118058882653713,-0.015185809694230556,-0.0012589568505063653,phone,user1,stand
24.851550708292052,2.6734405517578126,9.343569946289064,-1.412911834716797,-0.0014920446556061506,-0.013504826463758945,0.001921963063068688,phone,user1,stand
24.871549708303064,2.6699977111816406,9.378746795654298,-1.3928535461425782,0.005506130866706371,-0.005605502054095268,0.0008385094115510583,phone,user1,stand
24.891548708314076,2.6637107849121096,9.351952514648438,-1.4263838195800782,0.0018593062413856387,0.0006542354822158813,-0.0027148397639393806,phone,user1,stand
24.911547708325088,2.6842181396484377,9.336983642578126,-1.4338682556152345,-0.0030071320943534374,0.013215949758887291,-0.004152188543230295,phone,user1,stand
24.9315467083361,2.677781524658203,9.336983642578126,-1.4443464660644532,0.0015424691373482347,0.022076047956943512,-0.002083058003336191,phone,user1,stand
24.951544708339497,2.6363177490234375,9.318122863769531,-1.45856689453125,0.004103399347513914,0.022440094500780106,0.0008443263359367847,phone,user1,stand
24.971543708234094,2.561473388671875,9.354497222900392,-1.496737518310547,-0.00025135697796940804,0.011697854846715927,0.0036598623264580965,phone,user1,stand
24.991541874944232,2.562072143554688,9.327253875732422,-1.5176939392089845,-0.0011540106497704983,0.015214313752949238,0.0014344177907332778,phone,user1,stand
25.011540874955244,2.575693817138672,9.327253875732422,-1.5066169738769533,0.008445965126156807,0.024136580526828766,-0.004991444293409586,phone,user1,stand
25.031539874966256,2.576891326904297,9.306147766113282,-1.4900015258789063,0.01616641879081726,0.016017623245716095,-0.005800298415124416,phone,user1,stand
25.05153887497727,2.5786875915527343,9.404343566894532,-1.4579681396484376,0.015539165586233139,0.010371310636401176,-0.004635777790099382,phone,user1,stand
25.071536874980666,2.6120681762695312,9.396859130859376,-1.470392303466797,0.007181431632488966,0.015466566197574139,-0.007474907673895359,phone,user1,stand
25.091535874991678,2.617456970214844,9.350755004882814,-1.4958393859863282,-0.0013308299239724874,0.01237277127802372,-0.003911065403372049,phone,user1,stand
25.11153487500269,2.580633544921875,9.317673797607423,-1.4950909423828125,-0.0017496515065431595,0.006645305082201958,0.0022071078419685364,phone,user1,stand
25.1315338750137,2.5734484863281253,9.325906677246094,-1.4928456115722657,0.0050917863845825195,0.004435296170413494,-0.0010488334810361266,phone,user1,stand
25.1515328749083,2.611619110107422,9.304800567626954,-1.4627581787109376,0.009162873961031437,-0.004798570182174444,-0.0018217621836811304,phone,user1,stand
25.17153187491931,2.655777282714844,9.35344940185547,-1.4813195800781251,0.007898231968283653,-0.008197780698537827,4.4939020881429315e-05,phone,user1,stand
25.191529874922708,2.6393115234375,9.389075317382813,-1.4331198120117188,0.006329254247248173,0.0019089357228949666,0.0017388674896210432,phone,user1,stand
25.21152887493372,2.6479934692382816,9.39042251586914,-1.4557228088378906,0.005683452822268009,-0.007391303777694702,0.0026765812654048204,phone,user1,stand
25.23152787494473,2.6455984497070313,9.353000335693359,-1.4504837036132814,-0.003301130374893546,-0.007040535565465689,0.00681871734559536,phone,user1,stand
25.251526874955744,2.6517356872558597,9.316176910400392,-1.508712615966797,-0.007549401372671127,-0.0057237171567976475,0.0077223340049386024,phone,user1,stand
25.271525874966756,2.652334442138672,9.327852630615235,-1.528920593261719,-0.0033855820074677467,-0.0008884689304977655,0.006807237863540649,phone,user1,stand
25.291524874977767,2.5932073974609375,9.326355743408204,-1.4937437438964845,-0.00012897327542304993,-0.0005597586277872324,0.011584779247641563,phone,user1,stand
25.311522874981165,2.578088836669922,9.32381103515625,-1.5015275573730469,0.00256620766595006,0.004860517103224993,0.005137859843671322,phone,user1,stand
25.331521874992177,2.611619110107422,9.319769439697266,-1.4935940551757814,-0.0004753884859383106,0.001900946139357984,0.00284834043122828,phone,user1,stand
25.35152087500319,2.6030868530273437,9.306447143554688,-1.5281721496582032,0.0034199708607047796,-0.003437783569097519,-0.001256168819963932,phone,user1,stand
25.3715198750142,2.6297314453125002,9.328002319335939,-1.5151492309570314,0.008653893135488033,-0.0006285146810114384,-0.0013224727008491755,phone,user1,stand
25.391518874908797,2.6276358032226566,9.353299713134765,-1.4935940551757814,0.007576381787657738,-0.0022385092452168465,-0.0016119517385959625,phone,user1,stand
25.41151787491981,2.6144631958007816,9.358688507080078,-1.490899658203125,0.0033935881219804287,-0.0033471707720309496,0.00013744423631578684,phone,user1,stand
25.431515874923207,2.6289830017089844,9.363478546142579,-1.481169891357422,0.0019138718489557505,-0.005193633493036032,3.697766805998981e-05,phone,user1,stand
25.45151487493422,2.638712768554688,9.345515899658203,-1.5108082580566407,-0.00482906075194478,-0.009146819822490215,0.002451859647408128,phone,user1,stand
25.47151387494523,2.646346893310547,9.297615509033204,-1.5314653015136719,-0.005180614069104195,-0.0035734097473323345,0.0017762002535164356,phone,user1,stand
25.491512874956243,2.668949890136719,9.297316131591797,-1.5465838623046875,-0.00021162675693631172,0.0013733537634834647,0.0004785016644746065,phone,user1,stand
25.511511874967255,2.6680517578125,9.30554901123047,-1.5151492309570314,0.0023543289862573147,0.010947950184345245,-0.00013402540935203433,phone,user1,stand
25.531509874970652,2.6640101623535157,9.34821029663086,-1.4946418762207032,0.006744143553078175,0.0060473838821053505,0.0002005957067012787,phone,user1,stand
25.551508874981664,2.6466462707519534,9.3549462890625,-1.4862593078613282,0.0005957649555057287,0.0036398267839103937,-0.00014049632591195405,phone,user1,stand
25.571507874992676,2.6562263488769533,9.29941177368164,-1.4929953002929688,-0.004758915398269892,0.0029251128435134888,0.0032327978406101465,phone,user1,stand
25.591506875003688,2.6361680603027344,9.301806793212892,-1.5190411376953126,-0.005146478768438101,0.0016308302292600274,0.004365104250609875,phone,user1,stand
25.6115058750147,2.634521484375,9.324559478759767,-1.5129039001464843,7.693655788898468e-06,0.0037659057416021824,0.0003217846096958965,phone,user1,stand
25.631504874909297,2.6632617187500003,9.33818115234375,-1.5015275573730469,0.007191241718828678,0.008989750407636166,-0.005907944403588772,phone,user1,stand
25.651502874912694,2.6759852600097656,9.348060607910156,-1.4965878295898438,0.006829347461462021,0.01158045046031475,-0.0033637990709394217,phone,user1,stand
25.671501874923706,2.647694091796875,9.333690490722656,-1.478774871826172,0.00041877618059515953,0.01013221126049757,-0.004454171285033226,phone,user1,stand
25.691500874934718,2.6569747924804688,9.336085510253907,-1.4733860778808594,-0.001250069821253419,0.00527409091591835,-0.00263028172776103,phone,user1,stand
25.71149987494573,2.651436309814453,9.343719635009766,-1.4561718750000001,-0.0024492605589330196,-0.002162946853786707,0.0015024426393210888,phone,user1,stand
25.731498874956742,2.6237438964843753,9.346414031982423,-1.4561718750000001,-0.00292076519690454,0.000991532695479691,0.00414843438193202,phone,user1,stand
25.75149687496014,2.64170654296875,9.356592864990235,-1.490600280761719,-0.004908125847578049,0.0021034195087850094,0.001693422207608819,phone,user1,stand
25.77149587497115,2.6445506286621097,9.35255126953125,-1.4820680236816406,-0.005273699760437012,0.00409906730055809,0.005695964675396681,phone,user1,stand
25.791494874982163,2.660717010498047,9.312135314941406,-1.4983840942382813,-0.0064835259690880775,0.003628914477303624,0.005465649999678135,phone,user1,stand
25.811493874993175,2.6173072814941407,9.331145782470704,-1.4986834716796875,-0.007583865895867348,0.00011767848627641797,0.0067424476146698,phone,user1,stand
25.831492875004187,2.595752105712891,9.329948272705078,-1.4986834716796875,-0.004517599940299988,0.0021038027480244637,0.003682108595967293,phone,user1,stand
25.851490875007585,2.6035359191894534,9.33339111328125,-1.5019766235351564,-0.002340101869776845,0.005002182442694902,0.0017926960717886686,phone,user1,stand
25.87148987490218,2.6182054138183597,9.338480529785157,-1.4654525756835939,-0.0022926395758986473,0.0034859974402934313,-0.0008001039968803525,phone,user1,stand
25.891488874913193,2.625839538574219,9.330696716308594,-1.4929953002929688,-0.0033983481116592884,-0.0018664476228877902,0.0003291168250143528,phone,user1,stand
25.911487874924205,2.617456970214844,9.339228973388673,-1.4889537048339845,-0.0046150218695402145,-0.0016500232741236687,0.00012204636004753411,phone,user1,stand
25.931486874935217,2.6328749084472656,9.369466094970704,-1.4980847167968752,-0.0027588149532675743,-0.0036596995778381824,0.0011963486904278398,phone,user1,stand
25.951484874938615,2.6372158813476565,9.32949920654297,-1.4623091125488281,-0.0026899499353021383,0.0007129596779122949,0.0024135680869221687,phone,user1,stand
25.971483874949627,2.6277854919433596,9.334438934326172,-1.4766792297363283,-0.00385212036781013,-0.0001247603795491159,0.0015086600324139,phone,user1,stand
25.991483458317816,2.640359344482422,9.314829711914063,-1.4579681396484376,-0.003828889224678278,0.00041008798871189356,0.001861589145846665,phone,user1,stand
26.011482458328828,2.6370661926269534,9.349856872558595,-1.477427673339844,-0.0024738283827900887,-0.0020772763527929783,0.0014397860504686832,phone,user1,stand
26.03148145833984,2.664608917236328,9.361682281494142,-1.4642550659179687,-0.0010392891708761454,-0.0023505045101046562,0.002951296279206872,phone,user1,stand
26.051479458343238,2.645299072265625,9.340426483154298,-1.4617103576660158,-0.006455422379076481,-0.0016311313956975937,0.004293200094252825,phone,user1,stand
26.071478458237834,2.624791717529297,9.294472045898438,-1.483714599609375,-0.00895630568265915,-0.0018103009788319468,0.0034693044144660234,phone,user1,stand
26.091477458248846,2.642754364013672,9.311237182617187,-1.4796730041503907,-0.0017773602157831192,-0.000471626000944525,0.0017668792279437184,phone,user1,stand
26.111476458259858,2.6385630798339843,9.357041931152343,-1.4665003967285157,0.003763904795050621,-0.0009985562646761537,0.0018992580007761717,phone,user1,stand
26.13147545827087,2.6601182556152345,9.340276794433594,-1.4326707458496095,0.0009676683694124222,0.0026049797888845205,-0.00012199350749142468,phone,user1,stand
26.151473458274268,2.651885375976563,9.332492980957031,-1.4350657653808594,-0.001526037696748972,0.003196342382580042,-0.0015584251377731562,phone,user1,stand
26.17147245828528,2.672692108154297,9.327702941894533,-1.4424005126953126,-0.003413253929466009,-0.0006709051667712629,-0.00037582265213131905,phone,user1,stand
26.19147145829629,2.6765840148925784,9.294771423339844,-1.4491365051269531,-0.0020660553127527237,0.00236756494268775,0.0010131871094927192,phone,user1,stand
26.211470458307303,2.6470953369140626,9.357041931152343,-1.475481719970703,0.00130056357011199,-0.004864654503762722,0.0013257008977234364,phone,user1,stand
26.231469458318315,2.6086253356933593,9.406289520263673,-1.4425502014160156,-0.0013039796613156796,-0.004569602198898792,0.0026687581557780504,phone,user1,stand
26.251467458321713,2.6405090332031254,9.336384887695313,-1.4654525756835939,-0.0001807806547731161,-0.0007065907120704651,-0.0022949608974158764,phone,user1,stand
26.271466458332725,2.6575735473632816,9.313183135986328,-1.4549743652343752,-0.006861993111670017,-0.00536628533154726,0.001819217693991959,phone,user1,stand
26.301464458345436,2.575843505859375,9.295968933105469,-1.469344482421875,-0.0071981484070420265,-0.01567906327545643,0.007828040979802608,phone,user1,stand
26.321463458240032,2.6026377868652344,9.322912902832032,-1.4718891906738283,-0.003111106576398015,-0.01933450438082218,0.0068857017904520035,phone,user1,stand
26.341462458251044,2.652334442138672,9.361233215332032,-1.4570700073242189,0.0017668947111815214,-0.010924226604402065,0.0020106728188693523,phone,user1,stand
26.361461458262056,2.6839187622070315,9.368867340087892,-1.440604248046875,0.0037729425821453333,-0.0008167194318957627,-0.004296072293072939,phone,user1,stand
26.381460458273068,2.7137068176269534,9.35539535522461,-1.4302757263183594,0.00659758597612381,-0.0018532911781221628,-0.007094160653650761,phone,user1,stand
26.401458458276466,2.7405010986328127,9.309291229248048,-1.4386582946777344,-0.003295937553048134,-0.01204877533018589,-0.0011107220780104399,phone,user1,stand
26.421457458287477,2.7027795410156252,9.314380645751953,-1.4940431213378906,-0.0056623490527272224,-0.011118963360786438,0.004346713423728943,phone,user1,stand
26.44145645829849,2.643951873779297,9.325607299804688,-1.5129039001464843,-0.004749627783894539,0.0002289769472554326,0.0050218719989061356,phone,user1,stand
26.4614554583095,2.643951873779297,9.293424224853515,-1.4685960388183594,0.005739798303693533,0.017285838723182678,-0.00045301736099645495,phone,user1,stand
26.4814534583129,2.6867628479003907,9.331894226074219,-1.4831158447265627,0.010918228887021542,0.018818732351064682,-0.005965322721749544,phone,user1,stand
26.50145245832391,2.6658064270019532,9.322164459228516,-1.4757810974121095,0.009831245988607407,0.018280109390616417,-0.005766786634922028,phone,user1,stand
26.521451458334923,2.6467959594726564,9.368418273925782,-1.4834152221679688,0.0064562056213617325,0.015975886955857277,-0.0008775071473792195,phone,user1,stand
26.541450458345935,2.605182495117188,9.358538818359376,-1.4805711364746095,0.004883316811174154,0.006531311199069023,-0.0016482629580423236,phone,user1,stand
26.56144945824053,2.588866424560547,9.356293487548829,-1.499132537841797,0.0011392729356884956,0.005681427661329508,0.002139646327123046,phone,user1,stand
26.58144745824393,2.596201171875,9.33099609375,-1.4982344055175782,-0.0007947999984025955,0.001592629705555737,0.0019646002911031246,phone,user1,stand
26.60144645825494,2.6367668151855472,9.325607299804688,-1.4977853393554688,-0.0016629300080239773,0.006097183097153902,-0.0005003635305911303,phone,user1,stand
26.621445458265953,2.639012145996094,9.305698699951172,-1.4832655334472657,0.00034357281401753426,0.009840128943324089,-9.415522799827158e-05,phone,user1,stand
26.641444458276965,2.6349705505371097,9.308692474365236,-1.4964381408691407,0.003995513543486595,0.0028222580440342426,-0.0005440210225060582,phone,user1,stand
26.661442458280362,2.641556854248047,9.338929595947267,-1.485959930419922,0.002728327875956893,-0.0021761413663625717,-0.002255429048091173,phone,user1,stand
26.681441458291374,2.639012145996094,9.32096694946289,-1.4910493469238282,-0.00041558267548680305,-0.0017100131371989846,-0.0010828733211383224,phone,user1,stand
26.701440458302386,2.643951873779297,9.371412048339844,-1.4900015258789063,0.0020855292677879333,0.0010495086899027228,-0.002485426375642419,phone,user1,stand
26.721439458313398,2.648741912841797,9.394314422607422,-1.4888040161132814,-0.0010919654741883278,-0.000966110615991056,-0.00012461029109545052,phone,user1,stand
26.74143845832441,2.655028839111328,9.346863098144532,-1.50167724609375,-0.0024819241371005774,0.006665235385298729,0.0016301001887768507,phone,user1,stand
26.761436458327807,2.6274861145019535,9.308692474365236,-1.4876065063476562,-0.005615491885691881,0.005928707309067249,0.0013482304057106376,phone,user1,stand
26.78143545833882,2.6110203552246096,9.290580139160157,-1.5117063903808594,-0.007578602060675621,0.00019925134256482124,0.0030413728673011065,phone,user1,stand
26.801434458233416,2.6276358032226566,9.298962707519532,-1.4971865844726564,-0.005784561391919851,0.002299902029335499,0.0034412434324622154,phone,user1,stand
26.821433458244428,2.6409580993652346,9.33384017944336,-1.4928456115722657,0.003126842435449362,0.0015385228907689452,-0.003273969516158104,phone,user1,stand
26.841431458247826,2.625689849853516,9.327403564453126,-1.4483880615234375,0.005805089138448238,0.0017844020621851087,-0.00294516421854496,phone,user1,stand
26.861430458258837,2.621049499511719,9.356443176269531,-1.4486874389648439,0.005618366412818432,-0.002555867889896035,-0.0048735979944467545,phone,user1,stand
26.88142945826985,2.6578729248046877,9.364226989746093,-1.445244598388672,-0.0023123975843191147,-0.003606704529374838,-0.002629218390211463,phone,user1,stand
26.90142845828086,2.6704467773437504,9.354048156738282,-1.4555731201171875,-0.0042182933539152145,-0.007682627998292446,0.00011370328138582408,phone,user1,stand
26.92142645828426,2.6584716796875,9.352401580810547,-1.427281951904297,-0.0027411668561398983,-0.0010820276802405715,0.000983626116067171,phone,user1,stand
26.94142545829527,2.6755361938476563,9.322463836669922,-1.4227912902832032,-0.00028401007875800133,0.004293087869882584,3.2184645533561707e-05,phone,user1,stand
26.961424458306283,2.697989501953125,9.309141540527344,-1.4473402404785156,-0.0012164597865194082,0.003750997595489025,0.0002632723480928689,phone,user1,stand
26.98142333328724,2.6837690734863284,9.306896209716797,-1.4486874389648439,-0.004119842313230038,-0.00010888639371842146,0.0025812936946749687,phone,user1,stand
27.00142233329825,2.6569747924804688,9.323062591552734,-1.4645544433593751,-0.002701022895053029,0.006665140390396118,0.0013630486791953444,phone,user1,stand
27.02142033330165,2.657274169921875,9.349707183837891,-1.4566209411621094,-0.0004951087757945061,0.0073823886923491955,1.391119440086186e-05,phone,user1,stand
27.04141933331266,2.6312283325195316,9.349407806396485,-1.4361135864257812,0.005426619201898575,0.010974588803946972,-0.00033051116042770445,phone,user1,stand
27.061418333323672,2.6289830017089844,9.339977416992188,-1.47533203125,0.005901442840695381,0.009415514767169952,-0.0002801971568260342,phone,user1,stand
27.081417333334684,2.6373655700683596,9.350455627441407,-1.4792239379882812,-0.00377902714535594,0.004893247503787279,-0.00011152081424370408,phone,user1,stand
27.101415333338082,2.6367668151855472,9.329199829101563,-1.457219696044922,-0.003825882915407419,0.0045674461871385574,0.0006967807421460748,phone,user1,stand
27.121414333349094,2.6628126525878906,9.318571929931641,-1.4880555725097657,-0.00010578637011349201,0.004970671609044075,-0.0002865426358766854,phone,user1,stand
27.14141333324369,2.651436309814453,9.312434692382814,-1.4879058837890626,4.6584755182266235e-05,0.002336550271138549,-0.0023952038027346134,phone,user1,stand
27.161412333254702,2.6565257263183595,9.32426010131836,-1.4864089965820313,0.00394046725705266,0.007045799400657415,-0.00119429687038064,phone,user1,stand
27.1814103332581,2.6696983337402345,9.35344940185547,-1.4702426147460939,0.003104957053437829,0.003941482398658991,0.00035399035550653934,phone,user1,stand
27.201409333269112,2.6333239746093753,9.360335083007813,-1.452279968261719,0.001269316766411066,0.0032638446427881718,0.0014925663126632571,phone,user1,stand
27.221408333280124,2.639012145996094,9.32336196899414,-1.457369384765625,-0.0025064365472644567,-0.0003035889531020075,7.104544783942401e-05,phone,user1,stand
27.241407333291136,2.6159600830078125,9.294621734619142,-1.4760804748535157,-0.006685907021164894,0.002097448566928506,0.0023073977790772915,phone,user1,stand
27.261405333294533,2.6505381774902346,9.34626434326172,-1.4757810974121095,-0.0043679093942046165,-0.0019269156036898494,0.000981654622592032,phone,user1,stand
27.281404333305545,2.6411077880859377,9.340725860595704,-1.4781761169433594,-0.0005190540105104446,0.0015843792352825403,0.0005020829848945141,phone,user1,stand
27.301403333316557,2.631677398681641,9.328152008056641,-1.4561718750000001,0.0032575195655226707,0.00418637041002512,-0.000627959962002933,phone,user1,stand
27.32140233332757,2.6301805114746095,9.335786132812501,-1.4531781005859377,0.002099081175401807,-0.00041944390977732837,-0.001535788644105196,phone,user1,stand
27.341400333330967,2.62733642578125,9.345066833496094,-1.4304254150390625,-0.0007995436899363995,-0.00339501048438251,-0.0011728334939107299,phone,user1,stand
27.36139933334198,2.638862457275391,9.302405548095704,-1.4678475952148438,-0.00019534537568688393,-0.00797509029507637,0.0008119368576444685,phone,user1,stand
27.381398333236575,2.6406587219238284,9.337881774902344,-1.478924560546875,-0.0021557563450187445,-0.010839929804205894,0.002751256339251995,phone,user1,stand
27.401397333247587,2.6376649475097658,9.34776123046875,-1.4768289184570313,-0.002587797585874796,-0.0018724038964137435,0.0030932507943361998,phone,user1,stand
27.421395333250985,2.6589207458496094,9.328900451660157,-1.4376104736328126,0.002278675092384219,0.007364796474575996,-0.0019250012701377273,phone,user1,stand
27.441394333261997,2.681823120117188,9.34342025756836,-1.443897399902344,0.006508592516183853,0.004945910535752773,-0.0035944257397204638,phone,user1,stand
27.46139333327301,2.6668542480468753,9.341923370361329,-1.4413526916503907,0.0009403226431459188,0.0015905358595773578,-1.0405346984043717e-05,phone,user1,stand
27.48139233328402,2.6303302001953126,9.338929595947267,-1.4337185668945314,-0.002624109387397766,-0.0033989690709859133,0.0006401536520570517,phone,user1,stand
27.501390333287418,2.6436524963378907,9.322763214111328,-1.452579345703125,-0.0011233619879931211,-0.004491744562983513,0.0024136181455105543,phone,user1,stand
27.52138933329843,2.6460475158691406,9.315727844238282,-1.4771282958984375,-0.0034920142497867346,0.002274691592901945,0.0022433986887335777,phone,user1,stand
27.541388333309442,2.6604176330566407,9.34102523803711,-1.5070660400390625,0.0011591198854148388,0.007035222370177507,-0.0007711075013503432,phone,user1,stand
27.561387333320454,2.621947631835938,9.33952835083008,-1.4575190734863281,0.005860969424247742,0.012758898548781872,4.2517902329564095e-05,phone,user1,stand
27.58138533332385,2.648741912841797,9.358389129638672,-1.467099151611328,0.007358444854617119,0.005362019874155521,-0.0005487119196914136,phone,user1,stand
27.601384333334863,2.6208998107910157,9.35344940185547,-1.4708413696289062,-0.0015074836555868387,-0.0003300681710243225,0.0007746965857222676,phone,user1,stand
27.621383333345875,2.6208998107910157,9.339827728271485,-1.4831158447265627,-0.004221606999635696,0.0031648657750338316,0.001013033208437264,phone,user1,stand
27.641382333240472,2.651436309814453,9.313183135986328,-1.4826667785644532,-0.0030251629650592804,0.0077178096398711205,-0.0017343113431707025,phone,user1,stand
27.66138033324387,2.635419616699219,9.264234924316407,-1.4897021484375002,-0.0008381749503314495,0.011630792170763016,-0.003827466629445553,phone,user1,stand
27.68137933325488,2.6429040527343752,9.320817260742189,-1.48730712890625,0.0023032715544104576,-0.004811775870621204,0.0013346190098673105,phone,user1,stand
27.701378333265893,2.6361680603027344,9.336534576416016,-1.4659016418457032,0.0041681877337396145,-0.006151544861495495,0.004057604819536209,phone,user1,stand
27.721377333276905,2.640359344482422,9.377549285888673,-1.475182342529297,0.004843185190111399,-0.00203269487246871,0.0012928586220368743,phone,user1,stand
27.741375333280303,2.654729461669922,9.341923370361329,-1.4742842102050782,0.00488220015540719,0.005808241665363312,-0.004659431986510754,phone,user1,stand
27.761374333291315,2.647544403076172,9.309740295410156,-1.4304254150390625,0.003966073039919138,0.0091015063226223,-0.004703107755631208,phone,user1,stand
27.781373333302327,2.6279351806640627,9.344767456054688,-1.4444961547851562,0.0012485994957387447,-0.0034576065372675657,-0.001971519785001874,phone,user1,stand
27.80137233331334,2.667752380371094,9.33339111328125,-1.4653028869628908,-0.0032314059790223837,-0.009994338266551495,0.0011062710545957088,phone,user1,stand
27.821370333316736,2.6698480224609376,9.330397338867188,-1.4575190734863281,0.0007034342270344496,-0.005220174323767424,0.0015377441886812449,phone,user1,stand
27.841369333327748,2.6430537414550783,9.363029479980469,-1.4624588012695314,0.001849830150604248,-0.002811010926961899,0.0024790754541754723,phone,user1,stand
27.86136833333876,2.6411077880859377,9.357191619873047,-1.4359638977050782,-1.1075753718614578e-05,-0.00706858653575182,0.001251171575859189,phone,user1,stand
27.881367333233356,2.6698480224609376,9.303603057861329,-1.4498849487304688,-0.002406890271231532,-0.013410522602498531,0.0027214970905333757,phone,user1,stand
27.901365333236754,2.6764343261718753,9.311536560058594,-1.4772779846191406,-0.003807295812293887,-0.01843738742172718,0.0038702799938619137,phone,user1,stand
27.921364333247766,2.664758605957031,9.305249633789064,-1.4744338989257812,-0.0038138008676469326,-0.012284413911402225,0.004219569265842438,phone,user1,stand
27.941363333258778,2.6696983337402345,9.322912902832032,-1.469045104980469,0.0007963392417877913,-0.003506411099806428,0.0013661717530339956,phone,user1,stand
27.961361333262175,2.6771827697753907,9.339228973388673,-1.4528787231445313,0.007950104773044586,0.0003142181085422635,-0.0003209435089956969,phone,user1,stand
27.98136008332949,2.6792784118652344,9.361682281494142,-1.4685960388183594,0.009785745292901993,-0.0008883344708010554,0.0002603510220069438,phone,user1,stand
28.001359083340503,2.654430084228516,9.324858856201173,-1.450034637451172,0.003236307529732585,0.00039265782106667757,-0.001250141765922308,phone,user1,stand
28.0213580832351,2.650987243652344,9.320218505859376,-1.469045104980469,-6.612460128962994e-05,0.009541542269289494,-0.0029812948778271675,phone,user1,stand
28.041356083238497,2.647694091796875,9.311087493896485,-1.4732363891601563,0.004085725173354149,0.01401464268565178,-0.00701039656996727,phone,user1,stand
28.06135508324951,2.6536816406250003,9.325008544921875,-1.4684463500976563,0.005726076662540436,0.008758911862969398,-0.006177546456456184,phone,user1,stand
28.08135408326052,2.635419616699219,9.356892242431641,-1.4961387634277346,0.007067546248435974,0.004013959318399429,-0.0022344484459608793,phone,user1,stand
28.101353083271533,2.6203010559082034,9.334438934326172,-1.465751953125,0.007584450766444206,0.004383671097457409,0.00044868860277347267,phone,user1,stand
28.12135108327493,2.6086253356933593,9.341174926757812,-1.4814692687988282,0.004745902493596077,0.009091339074075222,-0.0018143446650356054,phone,user1,stand
28.141350083285943,2.5935067749023437,9.338480529785157,-1.4593153381347657,0.0020662881433963776,0.0069250501692295074,-0.0005159833235666156,phone,user1,stand
28.161349083296955,2.597398681640625,9.356592864990235,-1.4506333923339845,0.0029299878515303135,-0.0008926526643335819,0.001286204089410603,phone,user1,stand
28.181347083300352,2.6147625732421877,9.33384017944336,-1.4651531982421875,0.002177258487790823,-0.01289032306522131,0.0016192174516618252,phone,user1,stand
28.201346083311364,2.617456970214844,9.340725860595704,-1.4802717590332033,-0.0015264141838997602,-0.012749907560646534,0.00200963974930346,phone,user1,stand
28.221345083322376,2.652035064697266,9.33773208618164,-1.4858102416992187,-0.002336088800802827,-0.013817845843732357,0.001849000109359622,phone,user1,stand
28.241344083333388,2.6466462707519534,9.367969207763672,-1.4894027709960938,0.0015869572525843978,-0.01396013144403696,0.001579437404870987,phone,user1,stand
28.261342083336785,2.631078643798828,9.310488739013673,-1.4756314086914064,-9.000767022371292e-06,-0.009393328800797462,0.0013544538524001837,phone,user1,stand
28.281341083347797,2.6505381774902346,9.350904693603516,-1.4900015258789063,0.0018890216015279293,-0.008170941844582558,-0.00030155875720083714,phone,user1,stand
28.301340083242394,2.6367668151855472,9.33339111328125,-1.451232147216797,0.0024748537689447403,-0.01206008531153202,-0.001412376994267106,phone,user1,stand
28.321339083253406,2.6497897338867187,9.31378189086914,-1.4647041320800782,0.0048325322568416595,-0.008232800289988518,-0.002412663772702217,phone,user1,stand
28.341337083256803,2.6696983337402345,9.320068817138672,-1.4950909423828125,-0.0013505900278687477,-0.00849837064743042,-0.003846870269626379,phone,user1,stand
28.361336083267815,2.668201446533203,9.340576171875,-1.4819183349609375,0.0028190803714096546,-0.0014797430485486984,-0.004076485056430101,phone,user1,stand
28.381335083278827,2.7125093078613283,9.330097961425782,-1.4781761169433594,0.006225686054676771,-0.006408854853361845,-0.005315481685101986,phone,user1,stand
28.401333083282225,2.682272186279297,9.310937805175781,-1.4894027709960938,0.0020311465486884117,-0.009972097352147102,0.0001154276542365551,phone,user1,stand
28.421332083293237,2.638862457275391,9.363029479980469,-1.4853611755371094,0.0007988268043845892,-0.008694445714354515,0.003739918116480112,phone,user1,stand
28.44133108330425,2.617906036376953,9.322014770507813,-1.495540008544922,0.0015299600781872869,-0.0032539404928684235,-6.590830162167549e-05,phone,user1,stand
28.46133008331526,2.671344909667969,9.31378189086914,-1.4931449890136719,0.0017100301338359714,0.0020000762306153774,-0.0014488380402326584,phone,user1,stand
28.481328083318658,2.694247283935547,9.336085510253907,-1.4819183349609375,0.002973980735987425,0.00863021519035101,-0.004592436831444502,phone,user1,stand
28.50132708332967,2.661764831542969,9.331744537353517,-1.4724879455566406,0.006993455346673727,0.008470159955322742,-0.003224126063287258,phone,user1,stand
28.521326083340682,2.6373655700683596,9.361981658935548,-1.462159423828125,0.005236868746578693,-0.00452979514375329,0.0005581167642958462,phone,user1,stand
28.54132408334408,2.611619110107422,9.322763214111328,-1.4879058837890626,-0.0009527343790978193,-0.00338250445201993,0.0018389536999166012,phone,user1,stand
28.561323083238676,2.6337730407714846,9.329199829101563,-1.5067666625976563,-0.001814946299418807,0.004628677386790514,-0.0013742701848968863,phone,user1,stand
28.581322083249688,2.633174285888672,9.307195587158203,-1.495689697265625,0.002935535740107298,0.009956801310181618,-0.004452984314411879,phone,user1,stand
28.6013210832607,2.6411077880859377,9.333989868164062,-1.4934443664550783,0.00978077482432127,0.007656365167349577,-0.0017974236980080605,phone,user1,stand
28.621319083264098,2.628084869384766,9.339378662109375,-1.4714401245117188,0.007186027709394693,0.009148857556283474,-0.0034422515891492367,phone,user1,stand
28.64131808327511,2.6324258422851563,9.350455627441407,-1.4846127319335938,0.0057937148958444595,0.006155538372695446,-0.004125344101339579,phone,user1,stand
28.66131708328612,2.621049499511719,9.358389129638672,-1.4904505920410156,0.0041148243471980095,0.003329127561300993,-0.0009663230157457292,phone,user1,stand
28.68131508328952,2.615511016845703,9.329349517822266,-1.4897021484375002,0.000663871644064784,-0.0007630265899933875,-0.0007248327601701021,phone,user1,stand
28.70131408330053,2.6069787597656253,9.320218505859376,-1.4940431213378906,-0.0034426539205014706,-0.004077789839357138,0.0008505351725034416,phone,user1,stand
28.721313083311543,2.638114013671875,9.309141540527344,-1.5233821105957033,-0.0021645757369697094,-0.006061451509594917,4.172269836999476e-05,phone,user1,stand
28.741312083322555,2.631827087402344,9.323511657714844,-1.5036231994628908,0.000235377112403512,-0.0028004711493849754,-0.002771172672510147,phone,user1,stand
28.761310083325952,2.637964324951172,9.30659683227539,-1.4937437438964845,0.0035254666581749916,0.0004244176670908928,-0.0023655476979911327,phone,user1,stand
28.781309083336964,2.625839538574219,9.342671813964845,-1.4711407470703126,0.004745234735310078,-0.004045299254357815,-0.0007620088290423155,phone,user1,stand
28.801308083347976,2.6577232360839846,9.365723876953126,-1.4929953002929688,0.0015548777300864458,-0.005498453043401241,-0.001210391172207892,phone,user1,stand
28.82130608323496,2.6708958435058596,9.339228973388673,-1.4874568176269531,0.0003237940836697817,-0.005160830914974213,-0.003076903522014618,phone,user1,stand
28.84130508324597,2.654879150390625,9.33623519897461,-1.4768289184570313,-0.0029716636054217815,-0.0047080302610993385,-0.0004519032663665712,phone,user1,stand
28.861304083256982,2.6232948303222656,9.30120803833008,-1.4938934326171875,-0.004203846212476492,-0.007711073849350214,-0.0007466375827789307,phone,user1,stand
28.88130208326038,2.668650512695313,9.31228500366211,-1.5058685302734376,-0.0015829333569854498,-0.0024476684629917145,-0.0011036703363060951,phone,user1,stand
28.90130108327139,2.6746380615234377,9.305698699951172,-1.4874568176269531,0.002100018784403801,-0.0012995877768844366,-0.002620568498969078,phone,user1,stand
28.921300083282404,2.668949890136719,9.331594848632813,-1.4795233154296876,0.006714232265949249,-0.0004110882873646915,-0.00371536728926003,phone,user1,stand
28.941299083293416,2.6420059204101562,9.348509674072266,-1.4856605529785156,0.005358766298741102,-0.002891817595809698,1.4760182239115238e-05,phone,user1,stand
28.961297083296813,2.6364674377441406,9.343719635009766,-1.4784754943847658,-0.003968197386711836,-0.002969183959066868,0.0024115536361932755,phone,user1,stand
28.981295833247714,2.6429040527343752,9.33384017944336,-1.502725067138672,-0.003353553358465433,0.004525020252913237,-0.0011975575471296906,phone,user1,stand
29.001294833258726,2.6455984497070313,9.327852630615235,-1.5010784912109376,-0.0006591582205146551,0.008556912653148174,-0.0007844290812499821,phone,user1,stand
29.021292833262123,2.6337730407714846,9.316775665283204,-1.4820680236816406,0.0010004411451518536,0.005319037474691868,-0.0006990446127019823,phone,user1,stand
29.041291833273135,2.646197204589844,9.317823486328125,-1.4747332763671877,0.002999437041580677,0.01004901435226202,-0.0023155277594923973,phone,user1,stand
29.061290833284147,2.6334736633300784,9.320817260742189,-1.4766792297363283,-0.00027034408412873745,0.0062496778555214405,-0.002105921506881714,phone,user1,stand
29.081288833287545,2.6050328063964847,9.314979400634765,-1.4844630432128907,-0.0017293738201260567,0.008204973302781582,-0.0010573110776022077,phone,user1,stand
29.101287833298557,2.5929080200195314,9.366172943115235,-1.4935940551757814,0.00463404506444931,0.0017171824583783746,-0.002397869247943163,phone,user1,stand
29.12128683330957,2.5967999267578126,9.341474304199219,-1.479972381591797,0.00550046656280756,0.00246945908293128,-0.002649440662935376,phone,user1,stand
29.14128583332058,2.6267376708984376,9.3549462890625,-1.4910493469238282,0.0023670517839491367,0.00497569190338254,-0.004261111840605736,phone,user1,stand
29.161283833323978,2.6134153747558595,9.356742553710937,-1.4995816040039063,-0.0006845744792371988,0.0059938859194517136,-0.004249590449035168,phone,user1,stand
29.18128283333499,2.6156607055664063,9.336833953857422,-1.4985337829589844,0.00039021531119942665,-0.0008370594587177038,-0.0023742704652249813,phone,user1,stand
29.201281833346002,2.6198519897460937,9.31707504272461,-1.4974859619140626,-0.0032390544656664133,-0.0077516366727650166,-0.0006514111300930381,phone,user1,stand
29.221279833232984,2.6134153747558595,9.347611541748048,-1.5127542114257813,-0.0006369240581989288,-0.0058966632932424545,0.0013936220202594995,phone,user1,stand
29.241278833243996,2.6228457641601564,9.354796600341798,-1.4937437438964845,0.00028015184216201305,-0.006170399021357298,0.0007542890380136669,phone,user1,stand
29.261277833255008,2.6423052978515624,9.336384887695313,-1.4962884521484376,-0.0026778001338243484,-0.006247335579246283,-0.0018320961389690638,phone,user1,stand
29.281275833258405,2.6075775146484377,9.277557220458984,-1.5126045227050782,-0.004513334482908249,-0.007994909770786762,-0.0004745225014630705,phone,user1,stand
29.301274833269417,2.6105712890625,9.339079284667969,-1.547032928466797,-0.0034672662150114775,-0.005127820186316967,0.0004445071972440928,phone,user1,stand
29.32127383328043,2.6336233520507815,9.351204071044922,-1.4980847167968752,0.0007791970856487751,-0.0007519196369685233,-0.0013616059441119432,phone,user1,stand
29.341271833283827,2.6430537414550783,9.333241424560548,-1.4641053771972656,0.008668780326843262,0.0006976480362936854,-0.005267946049571037,phone,user1,stand
29.36127083329484,2.6279351806640627,9.336384887695313,-1.4756314086914064,0.0032821418717503548,-0.0019358796998858452,-0.0013574755284935236,phone,user1,stand
29.38126983330585,2.633174285888672,9.3262060546875,-1.5012281799316407,-0.00412107165902853,-0.003449762240052223,-7.693975931033492e-05,phone,user1,stand
29.401268833316863,2.638413391113281,9.321116638183595,-1.520687713623047,-0.00402451679110527,-0.006709209643304348,-0.00041315628914162517,phone,user1,stand
29.42126683332026,2.65128662109375,9.32186508178711,-1.509910125732422,0.0012159449979662895,-0.005240599624812603,-0.0021621407940983772,phone,user1,stand
29.441265833331272,2.648741912841797,9.347312164306642,-1.4910493469238282,0.00360837928019464,0.004006431438028812,-0.0015260536456480622,phone,user1,stand
29.461264833342284,2.6529331970214844,9.342821502685547,-1.4886543273925783,0.005943375639617443,0.005768970586359501,-0.0034132502041757107,phone,user1,stand
29.48126283334568,2.635419616699219,9.358838195800782,-1.467099151611328,0.0020881090313196182,0.009077017195522785,0.00031031109392642975,phone,user1,stand
29.501261833240278,2.628234558105469,9.343719635009766,-1.4810202026367187,7.07434955984354e-05,0.0032779150642454624,0.003894366091117263,phone,user1,stand
29.52126083325129,2.6063800048828125,9.313632202148439,-1.4941928100585937,-0.0037866004277020693,0.0013084375532343984,0.00521553261205554,phone,user1,stand
29.541258833254687,2.6168582153320314,9.325307922363281,-1.5120057678222658,-0.0013512487057596445,0.0033816182985901833,0.0019663344137370586,phone,user1,stand
29.5612578332657,2.604583740234375,9.342671813964845,-1.4985337829589844,0.0035399042535573244,0.011775986291468143,-0.0017460964154452085,phone,user1,stand
29.58125683327671,2.5978477478027346,9.340276794433594,-1.4632072448730469,0.005813024006783962,0.008248923346400261,-0.003982289228588343,phone,user1,stand
29.60125483328011,2.620001678466797,9.32665512084961,-1.4843133544921876,0.002790595404803753,-0.0008006745483726263,-0.001265313127078116,phone,user1,stand
29.62125383329112,2.628533935546875,9.333690490722656,-1.5046710205078127,-0.0004448271356523037,-0.0005801080260425806,0.00044234588858671486,phone,user1,stand
29.641252833302133,2.6161097717285156,9.326804809570312,-1.5161970520019532,0.0006333088967949152,0.0047297244891524315,0.0010243620490655303,phone,user1,stand
29.66125083330553,2.6234445190429687,9.348509674072266,-1.5063175964355469,0.003877741750329733,0.008033973164856434,-0.0010157176293432713,phone,user1,stand
29.681249833316542,2.5965005493164064,9.389225006103516,-1.4853611755371094,0.0032905687112361193,0.010591961443424225,0.00014285172801464796,phone,user1,stand
29.701248833327554,2.6108706665039065,9.346563720703125,-1.4949412536621094,0.003898448310792446,0.0029029115103185177,0.0013022113125771284,phone,user1,stand
29.72124683333095,2.604434051513672,9.324409790039063,-1.5034735107421875,-0.00284920004196465,-0.006316184066236019,0.002936915960162878,phone,user1,stand
29.741245833341964,2.5759931945800782,9.327852630615235,-1.5081138610839844,-0.00820879265666008,-0.006858300417661667,0.0060341451317071915,phone,user1,stand
29.76124483323656,2.612816619873047,9.300459594726563,-1.5446379089355469,-0.006208411417901516,-0.0016765494365245104,0.0018200082704424858,phone,user1,stand
29.781242833239958,2.6375152587890627,9.320517883300782,-1.5277230834960938,-0.0005406225100159645,0.0029830378480255604,-0.00152480264659971,phone,user1,stand
29.80124183325097,2.621947631835938,9.309141540527344,-1.4946418762207032,0.00562618114054203,0.0012057581916451454,-0.003295047441497445,phone,user1,stand
29.82124083326198,2.6441015625,9.372310180664064,-1.500479736328125,0.004395992960780859,-0.005848553031682968,-0.0010974765755236149,phone,user1,stand
29.841239833272994,2.6659561157226563,9.333989868164062,-1.4834152221679688,0.00016354862600564957,-0.005541750695556402,-0.0006371560739353299,phone,user1,stand
29.86123783327639,2.6765840148925784,9.343270568847657,-1.487157440185547,0.001791133196093142,7.264805026352406e-05,-0.0014221444725990295,phone,user1,stand
29.881236833287403,2.6460475158691406,9.32905014038086,-1.4995816040039063,0.00041661341674625874,0.002485760021954775,-0.00030550966039299965,phone,user1,stand
29.9012348332908,2.664608917236328,9.328601074218751,-1.479972381591797,-0.0021957370918244123,0.005968613084405661,0.00031757139367982745,phone,user1,stand
29.921233833301812,2.653531951904297,9.306447143554688,-1.4992822265625,-0.0011488264426589012,0.0027606412768363953,0.0014822006924077868,phone,user1,stand
29.941232833312824,2.6578729248046877,9.321565704345703,-1.4879058837890626,0.0021429662592709064,-0.0014962353743612766,0.0013645985163748264,phone,user1,stand
29.961231833323836,2.645299072265625,9.350904693603516,-1.483714599609375,0.0010597719810903072,-0.000137616996653378,0.0024648713879287243,phone,user1,stand
29.98123033333104,2.629282379150391,9.331594848632813,-1.50167724609375,0.002482667099684477,0.0057403636164963245,-0.0013929668348282576,phone,user1,stand
30.001229333342053,2.6505381774902346,9.348809051513673,-1.46335693359375,0.003851598594337702,0.004137624986469746,0.0005810564616695046,phone,user1,stand
30.02122833323665,2.6584716796875,9.338480529785157,-1.4940431213378906,0.0012022473383694887,0.002203666139394045,-0.00033408566378057003,phone,user1,stand
30.041226333240047,2.6361680603027344,9.337283020019532,-1.4901512145996094,-0.004025166854262352,0.0049232058227062225,0.002841100562363863,phone,user1,stand
30.06122533325106,2.6226960754394533,9.348809051513673,-1.494342498779297,-0.0023896237835288048,0.0018423959845677018,0.004646023269742727,phone,user1,stand
30.081223333254457,2.6267376708984376,9.304351501464843,-1.4882052612304688,0.000787112396210432,0.00788857601583004,0.0016532884910702705,phone,user1,stand
30.10122233326547,2.6252407836914062,9.326355743408204,-1.507365417480469,-0.0007183854468166828,0.0007226535817608237,-0.000988610670901835,phone,user1,stand
30.12122133327648,2.6107209777832034,9.326954498291016,-1.4861096191406251,-0.001207586145028472,0.0007528193527832627,0.0022016188595443964,phone,user1,stand
30.141220333287492,2.622247009277344,9.352700958251953,-1.509910125732422,8.991849608719349e-05,-4.97730216011405e-05,-0.00038861215580254793,phone,user1,stand
30.16121833329089,2.6232948303222656,9.332642669677735,-1.5181430053710938,0.0023743275087326765,-0.0005198745639063418,-0.001987611874938011,phone,user1,stand
30.181217333301902,2.629432067871094,9.337582397460938,-1.4922468566894531,0.003790256567299366,-0.002494736574590206,-0.0028185867704451084,phone,user1,stand
30.2012153333053,2.631078643798828,9.35210220336914,-1.4964381408691407,0.0012562742922455072,-0.0049630580469965935,-0.0012680457439273596,phone,user1,stand
30.22121433331631,2.635419616699219,9.350156250000001,-1.4882052612304688,-0.0016080220229923725,-0.008015524595975876,0.0010722525184974074,phone,user1,stand
30.241213333327323,2.6288333129882813,9.301806793212892,-1.526675262451172,-0.002782810013741255,-0.00642450712621212,0.001204787753522396,phone,user1,stand
30.26121133333072,2.6327252197265625,9.328002319335939,-1.5178436279296876,-0.004295757971704006,-0.004890168085694313,-0.0018013673834502697,phone,user1,stand
30.281210333341733,2.641556854248047,9.293424224853515,-1.5000306701660158,-0.0021004406735301018,0.003674953244626522,-0.004909207113087177,phone,user1,stand
30.30120933323633,2.6623635864257813,9.308842163085938,-1.4947915649414063,0.004470146261155605,0.0017760832561179996,-0.005376517307013273,phone,user1,stand
30.321207333239727,2.6336233520507815,9.35779037475586,-1.482217712402344,0.0018143546767532825,-0.0015180008485913277,-0.003621076000854373,phone,user1,stand
30.34120633325074,2.615511016845703,9.385333099365235,-1.4901512145996094,0.000773019390180707,-0.009364977478981018,0.0019163538236171007,phone,user1,stand
30.36120533326175,2.6394612121582033,9.341923370361329,-1.4932946777343752,-7.827393710613251e-05,-0.007988379336893559,-0.0010026076342910528,phone,user1,stand
30.381203333265148,2.646346893310547,9.316476287841798,-1.4879058837890626,-0.0010651962365955114,-0.001961231930181384,-0.00022596953203901649,phone,user1,stand
30.40120233327616,2.642754364013672,9.303303680419923,-1.51365234375,-0.0026544160209596157,0.0007528547430410981,-0.0018232475267723203,phone,user1,stand
30.421201333287172,2.664608917236328,9.314829711914063,-1.4876065063476562,-0.0014954737853258848,-0.0013697200920432806,-0.003009921172633767,phone,user1,stand
30.44119933329057,2.6927503967285156,9.323511657714844,-1.5082635498046877,0.004136784467846155,-0.0015798868844285607,-0.001267523504793644,phone,user1,stand
30.46119833330158,2.634371795654297,9.335037689208985,-1.475481719970703,0.004193747881799936,0.001793558825738728,-0.0009290440357290208,phone,user1,stand
30.481197333312593,2.6138644409179688,9.345066833496094,-1.4721885681152345,0.004312887787818909,0.0016725867753848433,0.0010860023321583867,phone,user1,stand
30.50119533331599,2.640359344482422,9.321565704345703,-1.4868580627441408,0.0031075410079210997,0.005912072956562042,-0.0018141799373552203,phone,user1,stand
30.521194333327003,2.6685008239746093,9.335187377929689,-1.4832655334472657,0.002547086216509342,0.011261379346251488,-0.001846779603511095,phone,user1,stand
30.541193333338015,2.655926971435547,9.340426483154298,-1.4937437438964845,0.00298373238183558,0.011118266731500626,-0.0031175226904451847,phone,user1,stand
30.561191333341412,2.6481431579589847,9.353599090576173,-1.4947915649414063,0.0007814951241016388,0.008980056270956993,-0.0011479414533823729,phone,user1,stand
30.58119033323601,2.611619110107422,9.334438934326172,-1.4889537048339845,0.0032297284342348576,0.015555588528513908,-0.0022046391386538744,phone,user1,stand
30.60118933324702,2.5941055297851565,9.331744537353517,-1.4962884521484376,0.0034647954162210226,0.015032518655061722,-0.002001825487241149,phone,user1,stand
30.62118733325042,2.578238525390625,9.329948272705078,-1.4874568176269531,0.0036656714510172606,0.012711966410279274,-0.0011064023710787296,phone,user1,stand
30.64118633326143,2.5848248291015627,9.360035705566407,-1.4747332763671877,0.0038900512736290693,0.009125838056206703,-0.002735564950853586,phone,user1,stand
30.661185333272442,2.6165588378906253,9.331145782470704,-1.5015275573730469,0.0037310656625777483,0.005860707722604275,-0.004530026111751795,phone,user1,stand
30.68118333327584,2.6131159973144533,9.344318389892578,-1.5202386474609375,0.001036529429256916,-0.00140168028883636,-0.0015720140654593706,phone,user1,stand
30.70118233328685,2.6062303161621094,9.34342025756836,-1.5202386474609375,-0.002760995412245393,-0.00042101764120161533,0.0002642056788317859,phone,user1,stand
30.72118033329025,2.6241929626464846,9.342671813964845,-1.5161970520019532,0.0021597775630652905,6.719236262142658e-05,-0.000876729900483042,phone,user1,stand
30.74117933330126,2.6339227294921876,9.335187377929689,-1.4964381408691407,0.0020138993859291077,0.0013546141562983394,-0.00024050386855378747,phone,user1,stand
30.761178333312273,2.618504791259766,9.336085510253907,-1.4949412536621094,0.0023692715913057327,-0.005666796118021011,-0.00029678974533453584,phone,user1,stand
30.78117633331567,2.6262886047363283,9.323960723876954,-1.513502655029297,-3.479677252471447e-05,-0.005193969700485468,-0.00035331223625689745,phone,user1,stand
30.801175333326682,2.635269927978516,9.351204071044922,-1.5015275573730469,-0.0027647935785353184,-0.0025666863657534122,0.0007049031555652618,phone,user1,stand
30.821174333337694,2.6198519897460937,9.306297454833985,-1.4959890747070312,-0.001544735161587596,-0.0032457388006150723,0.002024611458182335,phone,user1,stand
30.841172333341092,2.618355102539063,9.334738311767579,-1.5109579467773437,0.0006692293100059032,-0.0033604870550334454,0.0027964783366769552,phone,user1,stand
30.86117133323569,2.664159851074219,9.35255126953125,-1.4950909423828125,0.0032761977054178715,-0.002137030940502882,0.0002764909586403519,phone,user1,stand
30.8811703332467,2.6363177490234375,9.31902099609375,-1.5024256896972656,0.0018406342715024948,0.004848162643611431,-0.0008828049758449197,phone,user1,stand
30.901168333250098,2.609224090576172,9.316476287841798,-1.5188914489746095,0.0012801585253328085,0.0007863210048526525,-0.0018811686895787716,phone,user1,stand
30.92116733326111,2.6167085266113284,9.315278778076172,-1.4973362731933595,-0.0029485987033694983,0.004908920731395483,-0.0003887806669808924,phone,user1,stand
30.941166333272122,2.6328749084472656,9.337133331298828,-1.4819183349609375,0.005809616297483444,0.001848771469667554,-0.00029743771301582456,phone,user1,stand
30.96116433327552,2.6493406677246094,9.355844421386719,-1.4712904357910157,0.005907184910029173,-0.003087460994720459,-0.0009690041188150644,phone,user1,stand
30.98116333328653,2.621498565673828,9.336833953857422,-1.4862593078613282,-0.000363251194357872,-0.004854277707636356,0.002164340578019619,phone,user1,stand
31.001161583233625,2.621348876953125,9.334738311767579,-1.5190411376953126,-0.005349946208298206,-0.004915774799883366,0.00453909020870924,phone,user1,stand
31.021160583244637,2.6312283325195316,9.330247650146484,-1.5355068969726564,-0.004988532979041338,0.004012653138488531,0.0019490850390866399,phone,user1,stand
31.04115958325565,2.6464965820312503,9.326355743408204,-1.5166461181640625,0.000664945226162672,0.007831905037164688,-0.0010061892680823803,phone,user1,stand
31.061157583259046,2.61775634765625,9.349108428955079,-1.4826667785644532,0.004047013353556395,0.003114126157015562,0.0014995003584772348,phone,user1,stand
31.081156583270058,2.5939558410644534,9.342522125244141,-1.4732363891601563,0.005071753636002541,0.0005905281286686659,0.0012643744703382254,phone,user1,stand
31.10115558328107,2.615361328125,9.326355743408204,-1.479972381591797,0.0009422560688108206,0.0006728197913616896,0.0012548952363431454,phone,user1,stand
31.121153583284467,2.621199188232422,9.336384887695313,-1.5132032775878907,-0.004238657653331757,0.0028174633625894785,-0.002004766371101141,phone,user1,stand
31.14115258329548,2.606829071044922,9.322763214111328,-1.4858102416992187,-0.00289953057654202,0.003831730457022786,-0.0008587491465732455,phone,user1,stand
31.161150583298877,2.635569305419922,9.332792358398438,-1.5144007873535157,0.0029343212954699993,-0.0029289275407791138,-0.0025039957836270332,phone,user1,stand
31.18114958330989,2.6252407836914062,9.339079284667969,-1.5000306701660158,0.001235809177160263,-0.0020570605993270874,0.0012388681061565876,phone,user1,stand
31.2011485833209,2.6101222229003906,9.34671340942383,-1.5250286865234375,0.000528181903064251,-9.162037167698145e-05,1.640099799260497e-05,phone,user1,stand
31.2211465833243,2.6276358032226566,9.353299713134765,-1.4917977905273438,0.0014374814927577972,0.0008638584986329079,-0.0011834687320515513,phone,user1,stand
31.24114558333531,2.618055725097656,9.328601074218751,-1.491947479248047,0.0012828949838876724,0.004351089242845774,-0.001327684847638011,phone,user1,stand
31.261144583346322,2.6265879821777345,9.332193603515625,-1.4768289184570313,0.0005971831269562244,-0.003768407739698887,3.896589623764157e-05,phone,user1,stand
31.281142583233304,2.6098228454589845,9.342671813964845,-1.4958393859863282,-0.0008235189598053694,-0.006852041929960251,0.0027875464875251055,phone,user1,stand
31.301141583244316,2.635718994140625,9.324858856201173,-1.4970368957519533,0.0006863500457257032,-0.006216434761881828,-0.00022584910038858652,phone,user1,stand
31.32114058325533,2.6842181396484377,9.33773208618164,-1.4973362731933595,-0.002193981548771262,-0.007434475235641003,0.0011545367306098342,phone,user1,stand
31.341138583258726,2.646197204589844,9.306746520996095,-1.5108082580566407,-0.0012907078489661217,-0.008579331450164318,0.002762093674391508,phone,user1,stand
31.361137583269738,2.6229954528808594,9.36258041381836,-1.5417938232421875,-0.001780729740858078,-0.003207202535122633,0.002440117299556732,phone,user1,stand
31.381135583273135,2.6232948303222656,9.342222747802735,-1.5060182189941407,0.0015619711484760046,0.002454044297337532,-0.00025022850604727864,phone,user1,stand
31.401134583284147,2.6500891113281253,9.302255859375,-1.4988331604003906,0.0052492874674499035,0.003865316975861788,-0.0029739425517618656,phone,user1,stand
31.42113358329516,2.6438021850585938,9.330696716308594,-1.5320640563964845,0.0025448743253946304,0.006937140598893166,9.372486965730786e-05,phone,user1,stand
31.441131583298557,2.638712768554688,9.32336196899414,-1.4911990356445313,0.001039631199091673,0.0016912756254896522,-0.0008682537591084838,phone,user1,stand
31.46113058330957,2.6228457641601564,9.319769439697266,-1.4959890747070312,0.0019029313698410988,-0.008862610906362534,0.003269899869337678,phone,user1,stand
31.48112958332058,2.6276358032226566,9.345515899658203,-1.4867083740234375,-0.00021757441572844982,-0.010272050276398659,0.002854646183550358,phone,user1,stand
31.501127583323978,2.6313780212402347,9.372459869384766,-1.535357208251953,-0.004264999181032181,-0.00421080831438303,0.0019228709861636162,phone,user1,stand
31.52112658333499,2.625839538574219,9.338330841064453,-1.5043716430664062,-0.0011686149518936872,0.0012418878031894565,-0.0005525567685253918,phone,user1,stand
31.541124583338387,2.657274169921875,9.336534576416016,-1.4904505920410156,0.0025426209904253483,0.010810045525431633,-0.0016468169633299112,phone,user1,stand
31.561123583232984,2.635419616699219,9.324409790039063,-1.4973362731933595,0.00013790861703455448,0.002492964267730713,0.002096191281452775,phone,user1,stand
31.581122583243996,2.6274861145019535,9.320817260742189,-1.51365234375,-0.0009639617055654526,-0.0014009664300829172,0.0026903171092271805,phone,user1,stand
31.601120583247393,2.6325755310058594,9.327553253173829,-1.5147001647949219,0.00014950614422559738,-0.0018268058774992824,0.0005902302800677717,phone,user1,stand
31.621119583258405,2.618953857421875,9.33668426513672,-1.505419464111328,-0.0003027718048542738,0.010541163384914398,-0.0009915640112012625,phone,user1,stand
31.641117583261803,2.6041346740722657,9.342073059082031,-1.4937437438964845,0.004440488293766975,0.007600455544888973,-0.0020106215961277485,phone,user1,stand
31.661116583272815,2.6156607055664063,9.337881774902344,-1.510059814453125,0.005356106907129288,-0.0024070926010608673,-0.000688594882376492,phone,user1,stand
31.681115583283827,2.614163818359375,9.31273406982422,-1.5280224609375002,-0.0009814903605729342,-0.0010895973537117243,-0.0004721865989267826,phone,user1,stand
31.701113583287224,2.6372158813476565,9.35823944091797,-1.5429913330078127,-0.0005593069363385439,5.142518784850836e-05,-0.0019999761134386063,phone,user1,stand
31.721112583298236,2.63212646484375,9.338779907226563,-1.4937437438964845,0.0011002530809491873,0.006989740766584873,-0.004019586369395256,phone,user1,stand
31.741111583309248,2.6375152587890627,9.350904693603516,-1.504072265625,0.004607588984072208,0.005245858803391457,-0.00335382716730237,phone,user1,stand
31.761109583312646,2.633024597167969,9.34386932373047,-1.482367401123047,0.002109107095748186,-0.006053778808563948,0.00035186074092052877,phone,user1,stand
31.781108583323658,2.614313507080078,9.320068817138672,-1.5063175964355469,-0.0028691873885691166,-0.010040951892733574,0.005806482397019863,phone,user1,stand
31.801106583327055,2.5966502380371095,9.343120880126953,-1.535357208251953,-0.00907241553068161,-0.006243267562240362,0.0034887667279690504,phone,user1,stand
31.821105583338067,2.60578125,9.291777648925782,-1.5510745239257813,-0.006342530250549316,-0.0031379270367324352,0.0009413540828973055,phone,user1,stand
31.84110458334908,2.6658064270019532,9.322463836669922,-1.5188914489746095,0.0006139848846942186,-0.0008857251377776265,-0.0030508923809975386,phone,user1,stand
31.86110258323606,2.6625132751464844,9.31512908935547,-1.4980847167968752,0.0042767999693751335,0.0027495527174323797,-0.003711988218128681,phone,user1,stand
31.881101583247073,2.6289830017089844,9.392817535400392,-1.503922576904297,0.002046693582087755,-0.008413915522396564,0.00165721180383116,phone,user1,stand
31.901100583258085,2.6231451416015625,9.363029479980469,-1.4979350280761718,-0.0009459257125854492,-0.004357846453785896,0.0024563572369515896,phone,user1,stand
31.921098583261482,2.6405090332031254,9.315278778076172,-1.5096107482910157,-0.0017970474436879158,0.004936399403959513,-0.0022025424987077713,phone,user1,stand
31.941097583272494,2.628683624267578,9.322763214111328,-1.4970368957519533,-0.002893495373427868,0.007859671488404274,-0.001970349345356226,phone,user1,stand
31.961095583275892,2.621648254394531,9.3262060546875,-1.4850617980957033,-0.0011872798204421997,-0.004621511325240135,0.0004799946618732065,phone,user1,stand
31.981094583286904,2.6228457641601564,9.319320373535156,-1.5132032775878907,0.0008276172447949648,-0.007951001636683941,-0.001080455956980586,phone,user1,stand
32.00109270832036,2.6264382934570314,9.336983642578126,-1.5007791137695314,-0.0024005197919905186,-0.004631539341062307,-0.0021474151872098446,phone,user1,stand
32.021090708323754,2.6203010559082034,9.350455627441407,-1.5042219543457032,-0.002401075791567564,0.001815474359318614,-0.002971928333863616,phone,user1,stand
32.041089708334766,2.631677398681641,9.346863098144532,-1.4792239379882812,0.004260407295078039,-0.0010042265057563782,-0.0002892657066695392,phone,user1,stand
32.061087708338164,2.6411077880859377,9.35105438232422,-1.4802717590332033,0.0008820691145956516,-0.004407534375786781,0.002538684755563736,phone,user1,stand
32.081086708349176,2.6204507446289065,9.349856872558595,-1.5103591918945314,-0.00594496913254261,-0.005252367816865444,0.002863290486857295,phone,user1,stand
32.10108570824377,2.6030868530273437,9.353000335693359,-1.5057188415527345,-0.004961051512509584,-0.00022981769870966673,0.0042147450149059296,phone,user1,stand
32.12108370824717,2.6102719116210937,9.322014770507813,-1.4934443664550783,-0.0017573658842593431,0.00462305685505271,0.0018460298888385296,phone,user1,stand
32.14108270825818,2.621648254394531,9.314380645751953,-1.491947479248047,-0.0024372711777687073,0.007354550063610077,-0.000428610946983099,phone,user1,stand
32.16108070826158,2.6147625732421877,9.304201812744141,-1.5154486083984375,-0.001598568633198738,0.005627727136015892,-0.0023947213776409626,phone,user1,stand
32.18107970827259,2.6340724182128907,9.31902099609375,-1.5010784912109376,-0.00041457568295300007,-0.001312518259510398,-0.0030698662158101797,phone,user1,stand
32.2010787082836,2.617456970214844,9.327852630615235,-1.5235317993164064,0.0019891192205250263,-0.0023813284933567047,0.0017955922521650791,phone,user1,stand
32.221076708287,2.6065296936035156,9.357041931152343,-1.4973362731933595,0.0035753450356423855,-0.00019216694636270404,0.0013261073036119342,phone,user1,stand
32.24107570829801,2.625091094970703,9.36213134765625,-1.4911990356445313,0.0029344193171709776,0.005233429372310638,-0.0021833060309290886,phone,user1,stand
32.26107370830141,2.645448760986328,9.388775939941407,-1.481169891357422,0.0029695031698793173,0.0045447275042533875,-0.0011769251432269812,phone,user1,stand
32.28107270831242,2.6420059204101562,9.325906677246094,-1.4946418762207032,-0.002936782781034708,0.0023025821428745985,-0.0001310011139139533,phone,user1,stand
32.301071708323434,2.621947631835938,9.295370178222656,-1.5036231994628908,-0.005486517678946257,0.003153916448354721,0.0009832321666181087,phone,user1,stand
32.32106970832683,2.60817626953125,9.336534576416016,-1.5176939392089845,-0.007653993554413319,-0.005391623359173536,0.005845928099006414,phone,user1,stand
32.34106870833784,2.6458978271484375,9.332043914794923,-1.5139517211914064,-5.4201576858758926e-05,0.0005999450804665685,0.0030770094599574804,phone,user1,stand
32.361067708348855,2.629282379150391,9.332492980957031,-1.5149995422363283,0.003729713847860694,0.005340995267033577,0.001389695331454277,phone,user1,stand
32.38106570823584,2.5918601989746093,9.332043914794923,-1.4901512145996094,-0.0024352155160158873,0.0013073354493826628,0.0011942153796553612,phone,user1,stand
32.40106470824685,2.5628205871582033,9.33818115234375,-1.4913487243652344,-0.005100843030959368,-0.00708882138133049,0.004133251495659351,phone,user1,stand
32.42106270825025,2.6041346740722657,9.344767456054688,-1.495689697265625,-0.0033971709199249744,-0.01638123206794262,0.007265728898346424,phone,user1,stand
32.44106170826126,2.6192532348632813,9.36213134765625,-1.500330047607422,-0.005670009646564722,-0.014112422242760658,0.008805468678474426,phone,user1,stand
32.46106070827227,2.6432034301757814,9.355545043945312,-1.4874568176269531,-0.0024841923732310534,-0.006214948371052742,0.004144500009715557,phone,user1,stand
32.48105870827567,2.6562263488769533,9.32186508178711,-1.5048207092285157,-0.002722739474847913,-0.005216405726969242,0.004202622454613447,phone,user1,stand
32.50105770828668,2.637814636230469,9.315428466796876,-1.4880555725097657,-0.0073129646480083466,-0.012375248596072197,0.00535017903894186,phone,user1,stand
32.52105570829008,2.6385630798339843,9.324409790039063,-1.5090119934082031,-0.007631579414010048,-0.014115950092673302,0.005960433278232813,phone,user1,stand
32.54105470830109,2.635419616699219,9.310339050292969,-1.517244873046875,-0.0022709995973855257,-0.007773837074637413,0.0014971406199038029,phone,user1,stand
32.5610537083121,2.6625132751464844,9.302854614257813,-1.5152989196777344,-0.0005950008053332567,0.006355153396725655,0.00034858391154557467,phone,user1,stand
32.5810517083155,2.685415649414063,9.329199829101563,-1.4917977905273438,0.006030800752341747,0.01216139830648899,-0.003626846242696047,phone,user1,stand
32.60105070832651,2.6659561157226563,9.322763214111328,-1.505120086669922,0.0050748735666275024,0.020427951589226723,-0.0032298630103468895,phone,user1,stand
32.62104870832991,2.6505381774902346,9.35539535522461,-1.4946418762207032,0.004037377890199423,0.008106160908937454,-0.002654555020853877,phone,user1,stand
32.64104770834092,2.631827087402344,9.353748779296875,-1.4958393859863282,0.005619709379971027,0.008975517936050892,-0.0011670086532831192,phone,user1,stand
32.66104670823552,2.6144631958007816,9.327553253173829,-1.495689697265625,-8.809682913124561e-05,0.015021258033812046,-0.004205772187560797,phone,user1,stand
32.681044708238915,2.6743386840820316,9.3070458984375,-1.5185920715332033,-0.006108102388679981,0.028657713904976845,-0.004559946246445179,phone,user1,stand
32.70104370824993,2.719394989013672,9.304501190185547,-1.4911990356445313,-0.0023807219695299864,0.03515632078051567,-0.005673154257237911,phone,user1,stand
32.721041708253324,2.7080186462402347,9.321116638183595,-1.5229330444335938,0.0026560467667877674,0.030886471271514893,-0.002891505602747202,phone,user1,stand
32.741040708264336,2.665207672119141,9.328002319335939,-1.4828164672851563,0.002077793702483177,0.007879585959017277,0.006457104347646236,phone,user1,stand
32.76103970827535,2.5975483703613285,9.349407806396485,-1.4659016418457032,0.002940227510407567,0.0019533175509423018,0.010201121680438519,phone,user1,stand
32.781037708278745,2.5797354125976564,9.339678039550781,-1.4985337829589844,-0.0004269508644938469,0.005978705361485481,0.003692491678521037,phone,user1,stand
32.80103670828976,2.5997937011718752,9.342073059082031,-1.4903009033203125,-0.00017487723380327225,0.02017028070986271,-0.0022350861690938473,phone,user1,stand
32.821034708293155,2.6159600830078125,9.350455627441407,-1.4958393859863282,0.004598603583872318,0.019863689318299294,-0.005840393714606762,phone,user1,stand
32.84103370830417,2.5735981750488284,9.339678039550781,-1.447489929199219,0.0042813741602003574,0.007243992295116186,-0.0004254186060279608,phone,user1,stand
32.861031708307564,2.602039031982422,9.350305938720703,-1.458417205810547,-0.0025223512202501297,-0.004998393356800079,0.0018801749683916569,phone,user1,stand
32.881030708318576,2.64170654296875,9.348509674072266,-1.496737518310547,-0.008892618119716644,-0.0068952664732933044,0.0006878240965306759,phone,user1,stand
32.90102970832959,2.653531951904297,9.284592590332032,-1.518292694091797,-0.005428515374660492,0.005717347376048565,-0.002717908937484026,phone,user1,stand
32.921027708332986,2.6315277099609378,9.327553253173829,-1.4998809814453127,-0.0019116161856800318,0.015078769065439701,-0.002448461949825287,phone,user1,stand
32.941026708344,2.664159851074219,9.37365737915039,-1.4807208251953126,-0.002446379279717803,0.01593124493956566,-0.0026830865535885096,phone,user1,stand
32.961024708347395,2.701432342529297,9.339827728271485,-1.4720388793945314,-0.0006948865484446287,0.013086453080177307,-0.003937992732971907,phone,user1,stand
32.98102370824199,2.6324258422851563,9.312584381103516,-1.4813195800781251,0.0040086111985147,-0.0034020135644823313,0.000765433011110872,phone,user1,stand
33.001023249933496,2.592458953857422,9.331744537353517,-1.4880555725097657,-0.002977096475660801,-0.00524152023717761,0.0022116084583103657,phone,user1,stand
33.021021249936894,2.6565257263183595,9.316176910400392,-1.483714599609375,-0.008570271544158459,0.00479181669652462,-0.0003844834864139557,phone,user1,stand
33.041020249947906,2.6670039367675784,9.322014770507813,-1.48730712890625,-0.0035897253546863794,0.0018890321953222156,-0.002875705249607563,phone,user1,stand
33.0610182499513,2.621648254394531,9.332492980957031,-1.5028747558593751,0.005601963493973017,-0.006019206717610359,0.0017750856932252645,phone,user1,stand
33.081017249962315,2.621498565673828,9.360784149169922,-1.4867083740234375,0.0031647104769945145,-0.0011609438806772232,-0.0025343759916722775,phone,user1,stand
33.10101624997333,2.664459228515625,9.349856872558595,-1.440604248046875,-0.0003432999365031719,0.015011812560260296,-0.005615449510514736,phone,user1,stand
33.121014249976724,2.6705964660644534,9.370064849853517,-1.444047088623047,0.003908337093889713,0.01315873023122549,-0.00820844154804945,phone,user1,stand
33.141013249987736,2.6361680603027344,9.360035705566407,-1.430874481201172,0.0014065636787563562,0.004519701935350895,-0.002803289797157049,phone,user1,stand
33.161011249991134,2.6207501220703127,9.334588623046875,-1.4534774780273438,-0.0037337730173021555,-0.0067074475809931755,0.0056464881636202335,phone,user1,stand
33.181010250002146,2.674039306640625,9.307195587158203,-1.5281721496582032,-0.008704274892807007,-0.0035098297521471977,0.003206227906048298,phone,user1,stand
33.20100925001316,2.7030789184570314,9.280550994873048,-1.5223342895507814,-0.01215032022446394,0.01485714316368103,-0.0005504182772710919,phone,user1,stand
33.22100724990014,2.678380279541016,9.250463562011719,-1.5323634338378906,-0.004367652349174023,0.021130532026290894,-0.004189395345747471,phone,user1,stand
33.24100624991115,2.5991949462890624,9.277557220458984,-1.4988331604003906,0.007775099016726017,0.022420836612582207,-0.0044231959618628025,phone,user1,stand
33.26100424991455,2.5870701599121095,9.356592864990235,-1.4696438598632813,0.015029042027890682,0.014753945171833038,-0.005302802659571171,phone,user1,stand
33.28100324992556,2.6014402770996097,9.400301971435548,-1.4359638977050782,0.01412893459200859,0.0182279534637928,-0.010009422898292542,phone,user1,stand
33.30100124992896,2.5956024169921874,9.382039947509766,-1.4172528076171875,0.008658833801746368,0.014451798982918262,-0.009932909160852432,phone,user1,stand
33.32100024993997,2.6539810180664065,9.357940063476564,-1.4470408630371094,0.003806931897997856,0.008826971054077148,-0.0077698421664536,phone,user1,stand
33.34099924995098,2.646346893310547,9.34821029663086,-1.4498849487304688,-0.004821263253688812,-0.0006181492935866117,-0.0012791979825124145,phone,user1,stand
33.36099724995438,2.6137147521972657,9.337881774902344,-1.500479736328125,-0.008472293615341187,-0.0038933667819947004,0.006324782036244869,phone,user1,stand
33.38099624996539,2.590063934326172,9.341623992919923,-1.4995816040039063,-0.010252662003040314,0.00397223886102438,0.005691986531019211,phone,user1,stand
33.40099424996879,2.5906626892089846,9.349258117675781,-1.4682966613769532,-0.006218050606548786,0.008298295550048351,0.006141684949398041,phone,user1,stand
33.4209932499798,2.580483856201172,9.342971191406251,-1.4465917968750002,-0.00191016704775393,0.002851027064025402,0.007404794450849295,phone,user1,stand
33.44099224999081,2.5975483703613285,9.314979400634765,-1.4879058837890626,-0.0030650629196316004,-0.0029446491971611977,0.007536446675658226,phone,user1,stand
33.46099024999421,2.5953030395507812,9.342073059082031,-1.504072265625,-0.011402452364563942,-0.013767141848802567,0.0102612916380167,phone,user1,stand
33.48098925000522,2.6120681762695312,9.346863098144532,-1.4980847167968752,-0.011564413085579872,-0.0067184679210186005,0.004493434447795153,phone,user1,stand
33.50098725000862,2.658022613525391,9.313482513427735,-1.495689697265625,-0.004150197841227055,0.0028160999063402414,-0.0007535615004599094,phone,user1,stand
33.52098624990322,2.658621368408203,9.327403564453126,-1.469194793701172,-0.0019306617323309183,0.000658536097034812,-0.00042202859185636044,phone,user1,stand
33.540984249906614,2.592458953857422,9.340725860595704,-1.475481719970703,-0.0009330993052572012,-0.013761012814939022,0.002550089731812477,phone,user1,stand
33.560983249917626,2.626138916015625,9.30465087890625,-1.4705419921875,-0.005068527534604073,-0.018156150355935097,0.0022099395282566547,phone,user1,stand
33.58098224992864,2.664758605957031,9.32381103515625,-1.487157440185547,-0.006284845061600208,-0.008730589412152767,0.0018234425224363804,phone,user1,stand
33.600980249932036,2.6464965820312503,9.347611541748048,-1.4630575561523438,-0.0026476888451725245,-0.0013999918010085821,0.000359610712621361,phone,user1,stand
33.62097924994305,2.6438021850585938,9.373358001708985,-1.465602264404297,0.0037911280523985624,-0.004972541239112616,-0.0008230416569858789,phone,user1,stand
33.640977249946445,2.6569747924804688,9.348509674072266,-1.452279968261719,-0.0016222794074565172,-0.005277473013848066,-0.00030026311287656426,phone,user1,stand
33.66097624995746,2.6467959594726564,9.33863021850586,-1.4549743652343752,-0.0071804458275437355,-0.006696510128676891,0.0021840252447873354,phone,user1,stand
33.680974249960855,2.633024597167969,9.33773208618164,-1.4555731201171875,-0.006621403153985739,-0.010277358815073967,0.00521845743060112,phone,user1,stand
33.70097324997187,2.6182054138183597,9.328451385498047,-1.4578184509277345,-0.006031726952642202,-0.010883326642215252,0.006438792683184147,phone,user1,stand
33.72097224998288,2.628234558105469,9.342522125244141,-1.4715898132324219,-0.004697243217378855,-0.0012230603024363518,0.006350338459014893,phone,user1,stand
33.740970249986276,2.621947631835938,9.331744537353517,-1.447639617919922,-0.0042677270248532295,-0.000435998517787084,0.001556307077407837,phone,user1,stand
33.76096924999729,2.6253904724121093,9.314230957031251,-1.4304254150390625,-0.003353764768689871,-0.0016429955139756203,0.001317484537139535,phone,user1,stand
33.780967250000685,2.647843780517578,9.319769439697266,-1.4597644042968752,-0.0016066180542111397,-0.001296479720622301,-0.0012971577234566212,phone,user1,stand
33.8009662500117,2.6508375549316407,9.333989868164062,-1.4647041320800782,-0.0004687733016908169,-0.001956700347363949,-0.0020389866549521685,phone,user1,stand
33.820964250015095,2.639012145996094,9.358838195800782,-1.4504837036132814,0.0024274406023323536,0.005436318926513195,-0.0014024537522345781,phone,user1,stand
33.84096324990969,2.6638604736328126,9.367520141601563,-1.456022186279297,0.0041695632971823215,0.00596878957003355,-0.0021282569505274296,phone,user1,stand
33.8609622499207,2.6397605895996095,9.351204071044922,-1.4431489562988282,-0.0017905079293996096,0.0035910634323954582,0.002099781995639205,phone,user1,stand
33.8809602499241,2.6063800048828125,9.321416015625001,-1.4681469726562502,-0.00457237521186471,0.002445758320391178,0.0031334180384874344,phone,user1,stand
33.90095924993511,2.621648254394531,9.322463836669922,-1.4796730041503907,-0.00777626596391201,0.0030673150904476643,0.003643639851361513,phone,user1,stand
33.92095724993851,2.6729914855957033,9.311087493896485,-1.4759307861328126,-0.006287779659032822,0.006424267310649157,0.002909965580329299,phone,user1,stand
33.94095624994952,2.7211912536621097,9.31991912841797,-1.467099151611328,-0.0027302061207592487,0.02086980827152729,-0.0029824061784893274,phone,user1,stand
33.96095424995292,2.70158203125,9.30988998413086,-1.4736854553222658,0.004066634923219681,0.024785201996564865,-0.003920749761164188,phone,user1,stand
33.98095324996393,2.6496400451660156,9.345964965820313,-1.4569203186035158,0.005384801886975765,0.0013561028754338622,0.0043466659262776375,phone,user1,stand
34.00095195823815,2.6464965820312503,9.357041931152343,-1.434467010498047,-0.003678973764181137,-0.008165678009390831,0.009423221461474895,phone,user1,stand
34.020949958241545,2.6505381774902346,9.341773681640625,-1.4648538208007813,-0.005140373483300209,0.010154714807868004,0.004456819035112858,phone,user1,stand
34.04094895825256,2.650987243652344,9.328002319335939,-1.4748829650878907,-0.0015284644905477762,0.012992733158171177,-0.0008157866541296244,phone,user1,stand
34.060946958255954,2.626138916015625,9.32186508178711,-1.469194793701172,0.0008308589458465576,0.008834775537252426,0.0008342331857420504,phone,user1,stand
34.080945958266966,2.6637107849121096,9.291478271484376,-1.4518309020996094,-0.00022099213674664497,0.005527069792151451,0.000878543418366462,phone,user1,stand
34.10094395827036,2.682421875,9.351802825927734,-1.4374607849121095,0.0009816621895879507,-0.0018906696932390332,-0.001397852785885334,phone,user1,stand
34.120942958281375,2.6277854919433596,9.341174926757812,-1.4278807067871095,-0.0013048185501247644,0.0040870895609259605,0.0018128962256014347,phone,user1,stand
34.14094195829239,2.629581756591797,9.36692138671875,-1.4600637817382813,0.0014937815722078085,0.0042334059253335,-0.00032278167782351375,phone,user1,stand
34.160939958295785,2.6101222229003906,9.36737045288086,-1.4328204345703126,0.0023559359833598137,0.0038997838273644447,0.0004820762842427939,phone,user1,stand
34.1809389583068,2.6394612121582033,9.332792358398438,-1.4510824584960937,-0.0025322167202830315,0.0018949449295178056,0.0007948456332087517,phone,user1,stand
34.200936958310194,2.6467959594726564,9.340426483154298,-1.4808705139160157,-0.006076164543628693,0.0026707351207733154,0.0010477317264303565,phone,user1,stand
34.220935958321206,2.6206004333496096,9.308991851806642,-1.4638059997558595,-0.005242782179266214,0.0031503592617809772,0.002702467842027545,phone,user1,stand
34.240933958324604,2.595153350830078,9.339228973388673,-1.4548246765136719,0.003840736113488674,0.01006134133785963,0.00015375626389868557,phone,user1,stand
34.260932958335616,2.625689849853516,9.328152008056641,-1.4557228088378906,0.003427494317293167,0.007742253132164478,-0.004015571437776089,phone,user1,stand
34.28093095833901,2.6340724182128907,9.3645263671875,-1.4515315246582032,0.002914240350946784,0.0025216713547706604,-0.004910939373075962,phone,user1,stand
34.30092995823361,2.6394612121582033,9.330247650146484,-1.4096186828613282,0.001701650326140225,0.001840265584178269,-0.0033509349450469017,phone,user1,stand
34.32092895824462,2.6277854919433596,9.34671340942383,-1.4415023803710938,-0.0007570332381874323,-0.009892460890114307,0.0004016488092020154,phone,user1,stand
34.34092695824802,2.6373655700683596,9.320368194580078,-1.4796730041503907,-0.006488572806119919,-0.007277082651853561,0.0005538023542612791,phone,user1,stand
34.36092595825903,2.6741889953613285,9.325607299804688,-1.4931449890136719,-0.004703483544290066,-0.0015495086554437876,-0.004542994312942028,phone,user1,stand
34.38092395826243,2.690505065917969,9.318571929931641,-1.4617103576660158,-0.0008740967605262995,0.009385251440107822,-0.0052755908109247684,phone,user1,stand
34.40092295827344,2.689457244873047,9.328301696777345,-1.3962963867187501,0.00325455772690475,0.012918165884912014,-0.006705998443067074,phone,user1,stand
34.42092095827684,2.689457244873047,9.337881774902344,-1.4421011352539064,0.006854582112282515,0.004429970867931843,-0.0001705765607766807,phone,user1,stand
34.44091995828785,2.6673033142089846,9.354796600341798,-1.4352154541015625,-0.0003958204761147499,-0.015476243570446968,0.0019191657193005085,phone,user1,stand
34.46091795829125,2.668351135253906,9.333540802001954,-1.452279968261719,-0.008252907544374466,-0.006932332180440426,0.0022169994190335274,phone,user1,stand
34.48091695830226,2.6665548706054687,9.307794342041015,-1.4627581787109376,-0.006791641004383564,0.0066656311973929405,-0.002320813713595271,phone,user1,stand
34.50091595831327,2.669249267578125,9.339977416992188,-1.4530284118652343,-3.926688805222511e-05,0.004978398326784372,-0.00329585955478251,phone,user1,stand
34.52091395831667,2.651436309814453,9.327403564453126,-1.4654525756835939,0.0026180888526141644,0.00570854265242815,-0.0025016276631504297,phone,user1,stand
34.54091295832768,2.6640101623535157,9.348659362792969,-1.4359638977050782,0.003584620775654912,0.0038122262340039015,-0.004818514920771122,phone,user1,stand
34.56091095833108,2.649939422607422,9.328750762939453,-1.4446458435058593,0.0009761154651641846,-0.002212873660027981,-0.000776243454311043,phone,user1,stand
34.58090995834209,2.66086669921875,9.338480529785157,-1.4426998901367187,-0.00026313215494155884,-0.002610469702631235,-0.0004692932707257569,phone,user1,stand
34.60090795834549,2.673889617919922,9.310488739013673,-1.4425502014160156,-0.003188525792211294,0.0037995632737874985,-0.0019100136123597622,phone,user1,stand
34.620906958240084,2.674787750244141,9.322014770507813,-1.4516812133789063,-0.003263600403442979,-0.0005263898056000471,-0.002116103656589985,phone,user1,stand
34.64090495824348,2.6574238586425785,9.35389846801758,-1.4768289184570313,-0.003529601264744997,-0.0018144592177122831,0.00017150145140476525,phone,user1,stand
34.660903958254494,2.6372158813476565,9.342073059082031,-1.4389576721191406,-0.0006683324463665485,-0.008665062487125397,0.003965476062148809,phone,user1,stand
34.680902958265506,2.645448760986328,9.334738311767579,-1.4373110961914064,-0.0017452167812734842,-0.007957253605127335,0.0007386257057078183,phone,user1,stand
34.7009009582689,2.6767337036132814,9.310339050292969,-1.4653028869628908,-0.005845403764396906,0.0007006281521171331,0.0011679106391966343,phone,user1,stand
34.720899958279915,2.677482147216797,9.338929595947267,-1.473984832763672,-0.007717834319919348,0.009533762000501156,-0.0007113877800293267,phone,user1,stand
34.74089795828331,2.6182054138183597,9.354646911621094,-1.440454559326172,-0.004142274614423513,-0.00013857329031452537,0.001096632331609726,phone,user1,stand
34.760896958294325,2.5908123779296877,9.353000335693359,-1.4361135864257812,0.0018394155194982886,-0.007926889695227146,0.0015651739668101072,phone,user1,stand
34.78089495829772,2.629282379150391,9.349407806396485,-1.4241384887695314,-0.0033249177504330873,-0.013208410702645779,0.00041056988993659616,phone,user1,stand
34.800893958308734,2.659369812011719,9.326505432128906,-1.4482383728027344,-0.010904129594564438,-0.008949712850153446,-0.00014604913303628564,phone,user1,stand
34.82089195831213,2.6632617187500003,9.332642669677735,-1.4552737426757814,-0.009809454903006554,-0.0052733286283910275,-0.0012969784438610077,phone,user1,stand
34.84089095832314,2.611768798828125,9.349407806396485,-1.4575190734863281,-0.005242932587862015,-0.0018852551002055407,-0.0004940353683196008,phone,user1,stand
34.86088895832654,2.625689849853516,9.354497222900392,-1.448837127685547,-0.002829205244779587,-0.0034735510125756264,-0.0011733763385564089,phone,user1,stand
34.88088795833755,2.647694091796875,9.358089752197266,-1.4337185668945314,-0.0068136584013700485,-0.009960153140127659,-0.0006621513748541474,phone,user1,stand
34.900886958348565,2.661016387939453,9.348060607910156,-1.430874481201172,-0.00610953476279974,-0.004680114332586527,7.60938273742795e-05,phone,user1,stand
34.92088495823555,2.6662554931640625,9.339977416992188,-1.4507830810546876,-0.005496137775480747,-0.0016964555252343416,-0.0008825815166346729,phone,user1,stand
34.94088395824656,2.641407165527344,9.344019012451172,-1.4233900451660157,-0.007437482010573149,-0.004773201886564493,-0.0004476629546843469,phone,user1,stand
34.960881958249956,2.66565673828125,9.358389129638672,-1.4578184509277345,-0.011720006354153156,-0.012089157477021217,-0.00038724258774891496,phone,user1,stand
34.98088095826097,2.6277854919433596,9.322912902832032,-1.4632072448730469,-0.018191354349255562,-0.013819783926010132,0.0021249093115329742,phone,user1,stand
35.00087958329823,2.640359344482422,9.289831695556641,-1.47772705078125,-0.01834840141236782,-0.010745763778686523,0.002129900036379695,phone,user1,stand
35.02087858330924,2.6497897338867187,9.352251892089845,-1.4786251831054689,-0.012949190102517605,-0.015663284808397293,0.0031660182867199183,phone,user1,stand
35.04087658331264,2.6626629638671875,9.333540802001954,-1.4530284118652343,-0.011199927888810635,-0.017850065603852272,0.003964802250266075,phone,user1,stand
35.06087558332365,2.6614654541015628,9.332043914794923,-1.4554234313964844,-0.012279515154659748,-0.013279574923217297,-0.0001415224396623671,phone,user1,stand
35.08087358332705,2.664758605957031,9.375603332519532,-1.4593153381347657,-0.011828575283288956,-0.011347930878400803,-0.0009933296823874116,phone,user1,stand
35.10087258333806,2.707419891357422,9.339378662109375,-1.434467010498047,-0.015283743850886822,-0.009211805649101734,-0.0009209895506501198,phone,user1,stand
35.12087158334907,2.7089167785644532,9.347162475585938,-1.375789031982422,-0.0144368726760149,-0.0006326371803879738,0.0018633668078109622,phone,user1,stand
35.140869583236054,2.7054739379882813,9.352401580810547,-1.3346246337890626,-0.014445801265537739,-0.003372201696038246,0.008315816521644592,phone,user1,stand
35.160868583247066,2.6743386840820316,9.33668426513672,-1.3150154113769532,-0.013915972784161568,-0.009320342913269997,0.012822826392948627,phone,user1,stand
35.18086658325046,2.631078643798828,9.361382904052736,-1.332828369140625,-0.02332587167620659,-0.010690390132367611,0.01643974892795086,phone,user1,stand
35.200865583261475,2.5893154907226563,9.352251892089845,-1.3596226501464845,-0.03199423849582672,-0.011165527626872063,0.014055931940674782,phone,user1,stand
35.22086358326487,2.617456970214844,9.311237182617187,-1.4540762329101564,-0.034106701612472534,-0.023706385865807533,0.011300071142613888,phone,user1,stand
35.240862583275884,2.662064208984375,9.310638427734375,-1.4557228088378906,-0.03726629167795181,-0.01951637677848339,0.00970512069761753,phone,user1,stand
35.26086058327928,2.614014129638672,9.334438934326172,-1.4169534301757813,-0.023879488930106163,-0.019251210615038872,0.0052857124246656895,phone,user1,stand
35.280859583290294,2.5626708984375,9.358987884521484,-1.3683045959472657,-0.009600559249520302,-0.025168726220726967,0.003540951292961836,phone,user1,stand
35.30085758329369,2.580633544921875,9.347461853027344,-1.345851287841797,-0.009253565222024918,-0.02612687647342682,0.001733480836264789,phone,user1,stand
35.3208565833047,2.6466462707519534,9.341174926757812,-1.393751678466797,-0.015688907355070114,-0.01990886777639389,-0.00406468752771616,phone,user1,stand
35.3408545833081,2.690804443359375,9.36108352661133,-1.4027330017089845,-0.027366869151592255,-0.013722342438995838,-0.0024502791929990053,phone,user1,stand
35.36085358331911,2.701132965087891,9.335636444091797,-1.3868659973144533,-0.024900615215301514,-0.02333795092999935,0.0003699876251630485,phone,user1,stand
35.38085158332251,2.731370086669922,9.271270294189454,-1.376986541748047,-0.01689254492521286,-0.02780717797577381,0.003291394794359803,phone,user1,stand
35.40085058333352,2.814896392822266,9.30794403076172,-1.3847703552246093,-0.017382411286234856,-0.032443832606077194,0.0018509922083467245,phone,user1,stand
35.420849583344534,2.7638525390625,9.367220764160157,-1.3217514038085938,-0.01912497915327549,-0.031162887811660767,0.0055794925428926945,phone,user1,stand
35.44084758334793,2.7141558837890627,9.359436950683595,-1.3046868896484376,-0.01849888078868389,-0.03218195587396622,0.009682835079729557,phone,user1,stand
35.46084658324253,2.7165509033203126,9.328301696777345,-1.3630654907226563,-0.019421076402068138,-0.04447460174560547,0.014797172509133816,phone,user1,stand
35.480844583245926,2.715503082275391,9.320068817138672,-1.4386582946777344,-0.029282890260219574,-0.03785407543182373,0.013226642273366451,phone,user1,stand
35.50084358325694,2.7128086853027344,9.349407806396485,-1.4814692687988282,-0.03489780053496361,-0.023059207946062088,0.007515062112361193,phone,user1,stand
35.520841583260335,2.6563760375976564,9.324110412597657,-1.4403048706054689,-0.0268301609903574,-0.01461376529186964,0.004250167869031429,phone,user1,stand
35.54084058327135,2.623594207763672,9.354646911621094,-1.3950988769531252,-0.012099206447601318,-0.017922384664416313,-5.4378178901970387e-05,phone,user1,stand
35.560838583274744,2.631078643798828,9.38174057006836,-1.3485456848144532,-0.01694624125957489,-0.020853456109762192,-0.003930996172130108,phone,user1,stand
35.580837583285756,2.6538313293457034,9.365574188232422,-1.3994398498535157,-0.028683969751000404,-0.025207608938217163,-0.003989402670413256,phone,user1,stand
35.600835583289154,2.642604675292969,9.36781951904297,-1.4605128479003906,-0.03462255746126175,-0.030205562710762024,-0.00048681331099942327,phone,user1,stand
35.620834583300166,2.6393115234375,9.358389129638672,-1.4380595397949218,-0.03611639142036438,-0.021940235048532486,0.004562397953122854,phone,user1,stand
35.64083258330356,2.6182054138183597,9.345515899658203,-1.3669573974609375,-0.036712124943733215,-0.015614014118909836,0.003946736920624971,phone,user1,stand
35.660831583314575,2.655926971435547,9.305249633789064,-1.3504916381835939,-0.03702845424413681,-0.01928393915295601,0.0047460319474339485,phone,user1,stand
35.68082958331797,2.6937982177734376,9.337582397460938,-1.3558804321289064,-0.04237306863069534,-0.032054536044597626,0.007388196885585785,phone,user1,stand
35.700828583328985,2.6438021850585938,9.38413558959961,-1.3236973571777344,-0.05133773013949394,-0.04255632683634758,0.01217422541230917,phone,user1,stand
35.72082658333238,2.597398681640625,9.394913177490235,-1.2885205078125002,-0.045275915414094925,-0.05868907645344734,0.015750257298350334,phone,user1,stand
35.740825583343394,2.5807832336425784,9.414073333740236,-1.2766950988769532,-0.050598982721567154,-0.06529561430215836,0.017993168905377388,phone,user1,stand
35.76082458323799,2.6291326904296874,9.33144515991211,-1.2948074340820312,-0.06404539942741394,-0.06543296575546265,0.01565837487578392,phone,user1,stand
35.78082258324139,2.661764831542969,9.371262359619141,-1.3509407043457031,-0.07393252849578857,-0.06030811369419098,0.009974898770451546,phone,user1,stand
35.8008215832524,2.6457481384277344,9.365723876953126,-1.2901670837402344,-0.08382545411586761,-0.057580288499593735,0.009834247641265392,phone,user1,stand
35.8208195832558,2.614163818359375,9.32381103515625,-1.2603790283203125,-0.06827738881111145,-0.060121528804302216,0.006818566005676985,phone,user1,stand
35.84081858326681,2.640359344482422,9.305698699951172,-1.2371772766113283,-0.054551996290683746,-0.05786198750138283,0.0013992392923682928,phone,user1,stand
35.86081658327021,2.6755361938476563,9.359886016845703,-1.208287353515625,-0.06267938017845154,-0.04915561527013779,-0.0007922792574390769,phone,user1,stand
35.88081558328122,2.6830206298828125,9.347162475585938,-1.2585827636718752,-0.06088018789887428,-0.05096478387713432,-0.0005131165962666273,phone,user1,stand
35.90081358328462,2.664608917236328,9.351952514648438,-1.2500505065917968,-0.054709095507860184,-0.041203822940588,-0.003835961688309908,phone,user1,stand
35.92081258329563,2.6638604736328126,9.375902709960938,-1.1918215942382813,-0.052507515996694565,-0.027800580486655235,-0.007913077250123024,phone,user1,stand
35.940810583299026,2.628234558105469,9.37650146484375,-1.1984078979492188,-0.04153954237699509,-0.031036384403705597,-0.008628956973552704,phone,user1,stand
35.96080958331004,2.6363177490234375,9.384884033203125,-1.1813433837890626,-0.04579644650220871,-0.03301871940493584,-0.009021054953336716,phone,user1,stand
35.980807583313435,2.6533822631835937,9.36108352661133,-1.2034973144531251,-0.05482843518257141,-0.03374940901994705,-0.008194886147975922,phone,user1,stand
36.00080670823809,2.685565338134766,9.37695053100586,-1.234482879638672,-0.04979801923036575,-0.02513311244547367,-0.009233030490577221,phone,user1,stand
36.020804708241485,2.6668542480468753,9.35210220336914,-1.1493099975585939,-0.047075748443603516,-0.009193279780447483,-0.009538117796182632,phone,user1,stand
36.0408037082525,2.6833200073242187,9.344318389892578,-1.150657196044922,-0.0430636964738369,-0.00968995876610279,-0.009005751460790634,phone,user1,stand
36.060801708255894,2.6661058044433594,9.425000610351564,-1.1967613220214843,-0.04519996792078018,-0.012058427557349205,-0.007785676047205925,phone,user1,stand
36.080800708266906,2.6339227294921876,9.387877807617189,-1.17116455078125,-0.047699544578790665,-0.0157137643545866,-0.008072436787188053,phone,user1,stand
36.100798708270304,2.6027874755859375,9.372908935546876,-1.1361373901367189,-0.04120536893606186,-0.014685339294373989,-0.008018292486667633,phone,user1,stand
36.120797708281316,2.562371520996094,9.408534851074219,-1.0963201904296875,-0.0420246422290802,-0.0064897299744188786,-0.007398432120680809,phone,user1,stand
36.14079570828471,2.585423583984375,9.372310180664064,-1.0737171936035157,-0.040595803409814835,-0.009922318160533905,-0.009310854598879814,phone,user1,stand
36.160794708295725,2.640359344482422,9.338929595947267,-1.1470646667480469,-0.04373583570122719,-0.01984030194580555,-0.011885673739016056,phone,user1,stand
36.18079270829912,2.6674530029296877,9.32665512084961,-1.1832893371582032,-0.043848685920238495,-0.013990771025419235,-0.014940081164240837,phone,user1,stand
36.200791708310135,2.6575735473632816,9.363478546142579,-1.1427236938476564,-0.04261108487844467,-0.005282674916088581,-0.017028221860527992,phone,user1,stand
36.22078970831353,2.6291326904296874,9.363328857421875,-1.1228150939941406,-0.033326953649520874,0.00016642565606161952,-0.018603887408971786,phone,user1,stand
36.240788708324544,2.657274169921875,9.401649169921875,-1.153052215576172,-0.026471473276615143,0.007037556730210781,-0.019124578684568405,phone,user1,stand
36.26078670832794,2.6268873596191407,9.417216796875001,-1.0958711242675783,-0.02217233180999756,0.013101042248308659,-0.020567478612065315,phone,user1,stand
36.280785708338954,2.5557852172851563,9.46077621459961,-1.0160870361328125,-0.023972010239958763,0.01179742906242609,-0.011654818430542946,phone,user1,stand
36.30078370834235,2.531685333251953,9.469607849121095,-1.0023156738281251,-0.0261007621884346,0.003320316318422556,-0.01150793768465519,phone,user1,stand
36.32078270823695,2.549348602294922,9.44595703125,-0.9945318603515626,-0.03614938631653786,0.009348534978926182,-0.0090058334171772,phone,user1,stand
36.340780708240345,2.5834776306152345,9.395661621093751,-1.0303074645996095,-0.036025337874889374,0.004361319821327925,-0.011217937804758549,phone,user1,stand
36.36077970825136,2.5970993041992188,9.385183410644531,-1.0321037292480468,-0.04874058812856674,-0.0034378119744360447,-0.00884535163640976,phone,user1,stand
36.380777708254755,2.5767416381835937,9.380692749023439,-1.033450927734375,-0.055922266095876694,-0.013709774240851402,-0.0011863061226904392,phone,user1,stand
36.40077670826577,2.5656646728515624,9.38937469482422,-1.0536589050292968,-0.041986770927906036,-0.014791375026106834,5.3086201660335064e-05,phone,user1,stand
36.42077570827678,2.5474026489257815,9.42964096069336,-1.006956024169922,-0.03520691394805908,-0.0028629726730287075,-0.006805955432355404,phone,user1,stand
36.440773708280176,2.5595274353027344,9.410780181884766,-1.0168354797363282,-0.025324901565909386,0.00225084088742733,-0.009278303943574429,phone,user1,stand
36.46077270829119,2.592009887695313,9.39940383911133,-1.0005194091796876,-0.03180553391575813,-0.0024692874867469072,-0.010489080101251602,phone,user1,stand
36.480770708294585,2.5715025329589847,9.430988159179687,-0.9695338439941407,-0.03657219931483269,-0.007538314443081617,-0.008291026577353477,phone,user1,stand
36.5007697083056,2.5592280578613282,9.402996368408203,-0.9601034545898438,-0.030578045174479485,-0.011179665103554726,-0.008187294006347656,phone,user1,stand
36.520767708308995,2.5734484863281253,9.404642944335938,-0.9795629882812501,-0.026023320853710175,-0.012796251103281975,-0.006924189627170563,phone,user1,stand
36.54076670832001,2.5786875915527343,9.389973449707032,-0.969833221435547,-0.031512584537267685,-0.01180979236960411,-0.008301026187837124,phone,user1,stand
36.560764708323404,2.575244750976563,9.363628234863281,-1.00351318359375,-0.03405618295073509,-0.009592377580702305,-0.008265314623713493,phone,user1,stand
36.580763708334416,2.5700056457519533,9.445358276367188,-1.0024653625488282,-0.032110899686813354,-0.012623712420463562,-0.006262007635086775,phone,user1,stand
36.600761708337814,2.545307006835938,9.464219055175782,-0.9413923645019532,-0.028107469901442528,-0.011492343619465828,-0.0050876569002866745,phone,user1,stand
36.620760708348826,2.5137226867675784,9.443412322998048,-0.9624984741210938,-0.020319953560829163,-0.011996421962976456,-0.008791417814791203,phone,user1,stand
36.64075870823581,2.5331822204589844,9.414522399902344,-0.9554631042480469,-0.0260581374168396,-0.005666586570441723,-0.009118840098381042,phone,user1,stand
36.66075770824682,2.5610243225097657,9.411229248046876,-0.9635462951660156,-0.03480372205376625,-0.0024892613291740417,-0.01080865878611803,phone,user1,stand
36.68075570825022,2.564916229248047,9.411828002929688,-0.978365478515625,-0.028869228437542915,-0.006791051477193832,-0.008809170685708523,phone,user1,stand
36.70075470826123,2.5402175903320314,9.457782440185547,-0.9151968383789063,-0.0257972851395607,-0.0083140404894948,-0.006145669613033533,phone,user1,stand
36.72075270826463,2.4941134643554688,9.432335357666016,-0.9187893676757813,-0.017805425450205803,-0.016188595443964005,-0.005169828422367573,phone,user1,stand
36.74075170827564,2.5162673950195313,9.420659637451172,-0.9348060607910157,-0.025005338713526726,-0.016134187579154968,-0.005524916108697653,phone,user1,stand
36.760749708279036,2.515968017578125,9.42724594116211,-0.9370513916015626,-0.030167987570166588,-0.011070591397583485,-0.006954842247068882,phone,user1,stand
36.78074870829005,2.542013854980469,9.409582672119141,-0.9437873840332032,-0.02683805674314499,-0.008432211354374886,-0.0078378114849329,phone,user1,stand
36.800746708293445,2.549348602294922,9.449399871826172,-0.9216334533691407,-0.02353803627192974,-0.008470085449516773,-0.009758646599948406,phone,user1,stand
36.82074570830446,2.5222549438476562,9.415869598388673,-0.925675048828125,-0.015017401427030563,-0.011906523257493973,-0.009784038178622723,phone,user1,stand
36.840743708307855,2.5068370056152345,9.447154541015626,-0.9148974609375,-0.01769634522497654,-0.015449441969394684,-0.008241861127316952,phone,user1,stand
36.86074270831887,2.482587432861328,9.458530883789063,-0.939895477294922,-0.017905600368976593,-0.020771121606230736,-0.007161623332649469,phone,user1,stand
36.880740708322264,2.5009991455078127,9.405541076660157,-0.9584568786621094,-0.016535982489585876,-0.025063594803214073,-0.008355633355677128,phone,user1,stand
36.900739708333276,2.5080345153808596,9.428593139648438,-0.9533674621582032,-0.012357385829091072,-0.018581252545118332,-0.012019241228699684,phone,user1,stand
36.920737708336674,2.502346343994141,9.415121154785156,-0.9370513916015626,-0.005109742283821106,-0.0182956550270319,-0.014890751801431179,phone,user1,stand
36.940736708347686,2.492167510986328,9.448501739501953,-0.9020242309570313,0.003891308093443513,-0.011984020471572876,-0.015723153948783875,phone,user1,stand
36.96073470823467,2.525099029541016,9.443711700439454,-0.8845106506347656,0.0035072914324700832,-0.0068628317676484585,-0.014610512182116508,phone,user1,stand
36.98073370824568,2.495460662841797,9.481283569335938,-0.8704399108886719,-0.0013417922891676426,-0.015648333355784416,-0.010427218861877918,phone,user1,stand
37.00073162501212,2.5095314025878905,9.425599365234376,-0.884959716796875,-0.004925173707306385,-0.019400402903556824,-0.00988403707742691,phone,user1,stand
37.02072962501552,2.5345294189453127,9.455537109375001,-0.9213340759277344,-0.012603383511304855,-0.011771241202950478,-0.008879078552126884,phone,user1,stand
37.040728624910116,2.5333319091796875,9.458830261230469,-0.9550140380859375,-0.01633920520544052,-0.014343133196234703,-0.006693333387374878,phone,user1,stand
37.060726624913514,2.5225543212890624,9.455537109375001,-0.9421408081054689,-0.008821448311209679,-0.0074495840817689896,-0.009051593020558357,phone,user1,stand
37.080725624924526,2.539618835449219,9.395212554931641,-0.9247769165039063,-0.0047268494963645935,0.007932903245091438,-0.010874765925109386,phone,user1,stand
37.10072362492792,2.537523193359375,9.405092010498047,-0.9273216247558594,-0.004788830876350403,0.0071510691195726395,-0.008256152272224426,phone,user1,stand
37.120722624938935,2.5090823364257813,9.445208587646485,-0.9039701843261719,-0.008700736798346043,-0.0012184706283733249,-0.004069557413458824,phone,user1,stand
37.14072062494233,2.4840843200683596,9.487420806884765,-0.8887019348144531,-0.0027020364068448544,-0.0037690955214202404,-0.001970513490960002,phone,user1,stand
37.160719624953344,2.4873774719238284,9.419462127685547,-0.9014254760742187,-0.002203876618295908,-0.004154297523200512,-0.00472280103713274,phone,user1,stand
37.18071762495674,2.5306375122070315,9.408235473632812,-0.9370513916015626,-0.009408358484506607,-0.00645308056846261,-0.0029793335124850273,phone,user1,stand
37.200716624967754,2.521656188964844,9.408534851074219,-0.9645941162109376,-0.014974107965826988,-0.009257049299776554,-0.0021340162493288517,phone,user1,stand
37.22071462497115,2.4869284057617187,9.45927932739258,-0.93645263671875,-0.00963754951953888,-0.006951712071895599,-0.0031599574722349644,phone,user1,stand
37.24071362498216,2.4436683654785156,9.45748306274414,-0.9093589782714844,0.002709359396249056,-0.0035477238707244396,-0.004166778177022934,phone,user1,stand
37.26071162498556,2.4998016357421875,9.448651428222657,-0.8999285888671875,-0.0002863318659365177,0.003550342284142971,-0.007478049490600824,phone,user1,stand
37.28071062499657,2.5077351379394535,9.44161605834961,-0.9473799133300782,-0.003206724300980568,0.0003740844549611211,-0.009681503288447857,phone,user1,stand
37.30070862499997,2.464325408935547,9.461973724365235,-0.9473799133300782,-0.002553096041083336,-0.0027050471398979425,-0.004476488567888737,phone,user1,stand
37.32070762501098,2.442770233154297,9.470056915283203,-0.9119036865234376,-0.001160312443971634,-0.0009257846977561712,-0.002422777935862541,phone,user1,stand
37.34070562501438,2.474803619384766,9.456734619140626,-0.9214837646484375,-0.000807611271739006,-0.0048976801335811615,-0.004331627860665321,phone,user1,stand
37.360704624908976,2.4938140869140626,9.448950805664063,-0.9407936096191407,-0.004280462861061096,-0.00974433682858944,-0.0033979241270571947,phone,user1,stand
37.380702624912374,2.488724670410156,9.44161605834961,-0.9515711975097657,-0.0055154189467430115,-0.006704597268253565,-0.0026904393453150988,phone,user1,stand
37.400701624923386,2.492017822265625,9.44071792602539,-0.9355545043945312,-0.0036725113168358803,-0.006322700064629316,-0.0030534283723682165,phone,user1,stand
37.42069962492678,2.4801924133300783,9.429940338134767,-0.9036708068847656,-0.0011746441014111042,-0.00791259203106165,-0.0026474297046661377,phone,user1,stand
37.440698624937795,2.5171655273437503,9.414971466064454,-0.9050180053710938,-0.0020098702516406775,-0.006027527619153261,-0.0027969214133918285,phone,user1,stand
37.46069662494119,2.508633270263672,9.425599365234376,-0.9104067993164063,-0.00010378682054579258,-0.0071144429966807365,-0.0026626097969710827,phone,user1,stand
37.480695624952205,2.498155059814453,9.44880111694336,-0.9351054382324219,0.002579052234068513,-0.003473462536931038,-0.0010343969333916903,phone,user1,stand
37.5006936249556,2.5273443603515626,9.469458160400391,-0.8999285888671875,0.007009121589362621,0.0017650327645242214,-0.004358658101409674,phone,user1,stand
37.520692624966614,2.5403672790527345,9.495953063964844,-0.8601113891601563,0.0072456891648471355,0.007901262491941452,-0.004923752509057522,phone,user1,stand
37.54069062497001,2.5231530761718752,9.443861389160157,-0.8638536071777344,0.00735770957544446,0.004146795254200697,-0.002622618805617094,phone,user1,stand
37.56068962498102,2.5225543212890624,9.432634735107422,-0.9134005737304688,-0.0014691702090203762,0.003626737045124173,-0.0020895577035844326,phone,user1,stand
37.58068762498442,2.528990936279297,9.450597381591797,-0.9246272277832032,-0.006893131881952286,0.0035212188959121704,0.0010200529359281063,phone,user1,stand
37.60068662499543,2.488574981689453,9.454638977050783,-0.9157955932617188,0.00010833889245986938,0.012805433012545109,-0.0019674059003591537,phone,user1,stand
37.62068462499883,2.5240512084960938,9.401200103759766,-0.9035211181640626,0.003563177539035678,0.011250586248934269,-0.004615819547325373,phone,user1,stand
37.64068362500984,2.501597900390625,9.434730377197265,-0.940045166015625,0.0023404033854603767,0.0070456634275615215,-0.0032427345868200064,phone,user1,stand
37.66068162501324,2.4736061096191406,9.472152557373047,-0.9544152832031251,0.0036341373343020678,-0.003508538007736206,-0.002562873996794224,phone,user1,stand
37.680680624907836,2.4740551757812503,9.448651428222657,-0.907562713623047,0.00740882009267807,0.0012408464681357145,-0.004008340649306774,phone,user1,stand
37.700678624911234,2.5116270446777347,9.422306213378906,-0.9357041931152345,0.005313536152243614,0.012364625930786133,-0.007873248308897018,phone,user1,stand
37.72067662491463,2.496508483886719,9.447004852294922,-0.9328601074218751,5.588424392044544e-05,0.012337975203990936,-0.006798410322517157,phone,user1,stand
37.74067562492564,2.4801924133300783,9.430539093017579,-0.9422904968261719,-0.0005805720575153828,0.008048173040151596,-0.003256392665207386,phone,user1,stand
37.76067362492904,2.4932153320312502,9.4124267578125,-0.9731263732910157,0.004431860521435738,-0.0007826155633665621,-0.002333372365683317,phone,user1,stand
37.78067262494005,2.4899221801757814,9.436227264404298,-0.9749226379394532,0.004793154075741768,-0.0011189591605216265,-0.003172769211232662,phone,user1,stand
37.80067062494345,2.4731570434570314,9.478589172363282,-0.9575587463378906,0.0035831814166158438,0.004036178812384605,-0.0020644657779484987,phone,user1,stand
37.82066962495446,2.4743545532226565,9.471553802490234,-0.9078620910644531,0.01033802330493927,0.01339505985379219,-0.003148638643324375,phone,user1,stand
37.84066762495786,2.552641754150391,9.472002868652345,-0.901724853515625,0.009285815991461277,0.024044696241617203,-0.00623740628361702,phone,user1,stand
37.86066662496887,2.5503964233398437,9.4315869140625,-0.9331594848632813,0.002683822764083743,0.014122976921498775,-0.003025568788871169,phone,user1,stand
37.88066462497227,2.5152195739746097,9.442514190673828,-0.9419911193847657,-0.006197642534971237,-0.002375058364123106,0.0018063350580632687,phone,user1,stand
37.90066362498328,2.4480093383789066,9.432934112548828,-0.9517208862304688,-0.004684297367930412,-0.003901887685060501,0.005054176319390535,phone,user1,stand
37.92066162498668,2.494263153076172,9.404193878173828,-0.9300160217285157,-0.001491936156526208,0.011122964322566986,-0.00201806821860373,phone,user1,stand
37.94066062499769,2.5212071228027346,9.39042251586914,-0.9512718200683594,-0.0015721358358860016,0.02354925498366356,-0.0056000323966145515,phone,user1,stand
37.96065862500109,2.4755520629882812,9.430988159179687,-0.9656419372558595,0.00429022079333663,0.016422713175415993,-0.0031572063453495502,phone,user1,stand
37.9806576250121,2.3909779357910157,9.514065399169922,-0.9376501464843751,0.007473793346434832,0.011598224751651287,-0.0003054477274417877,phone,user1,stand
38.000655458308756,2.3602917480468752,9.543554077148437,-0.9102571105957031,0.007067136466503143,0.0030009294860064983,-0.0016487797256559134,phone,user1,stand
38.02065445831977,2.3944207763671876,9.469757537841797,-0.8875044250488282,-0.0013630869798362255,-0.0019672149792313576,-0.0032116789370775223,phone,user1,stand
38.040652458323166,2.466720428466797,9.415121154785156,-0.9198371887207032,-0.007467559073120356,-0.012632875703275204,-0.005438446532934904,phone,user1,stand
38.06065145833418,2.4792942810058594,9.396859130859376,-0.9460327148437501,-0.00982597190886736,-0.02358449250459671,-0.0015449998900294304,phone,user1,stand
38.080649458337575,2.52195556640625,9.416618041992187,-0.9288185119628907,-0.013898888602852821,-0.02888474427163601,6.062083411961794e-05,phone,user1,stand
38.10064745834097,2.5797354125976564,9.409582672119141,-0.9499246215820313,-0.004204761236906052,-0.024888338521122932,0.0009080632007680833,phone,user1,stand
38.12064645823557,2.5894651794433594,9.424252166748047,-0.920735321044922,0.0006970607209950686,-0.012576625682413578,-0.0004147638101130724,phone,user1,stand
38.14064445823897,2.576891326904297,9.448950805664063,-0.9078620910644531,0.003058485686779022,-0.0017269077943637967,-0.0007601757533848286,phone,user1,stand
38.16064345824998,2.519560546875,9.423054656982423,-0.8722361755371094,0.004364375956356525,0.00430437782779336,-0.00013433746062219143,phone,user1,stand
38.180641458253376,2.5032444763183594,9.442514190673828,-0.8924441528320313,0.00021649664267897606,0.002312533790245652,0.0020724772475659847,phone,user1,stand
38.20064045826439,2.5198599243164064,9.46601531982422,-0.9186396789550781,-0.00028347759507596493,0.0037182061932981014,0.00319063407368958,phone,user1,stand
38.220638458267786,2.514920196533203,9.430988159179687,-0.9116043090820313,0.0038406699895858765,0.013574004173278809,0.0012341124238446355,phone,user1,stand
38.2406374582788,2.50758544921875,9.426497497558595,-0.9123527526855469,0.008738361299037933,0.023499300703406334,-0.0015162831405177712,phone,user1,stand
38.260635458282195,2.484683074951172,9.426647186279297,-0.9111552429199219,0.007264012470841408,0.02027670294046402,-0.0030133253894746304,phone,user1,stand
38.28063445829321,2.465223541259766,9.420210571289063,-0.9195378112792969,0.00552589725703001,0.013307781890034676,-0.0020728129893541336,phone,user1,stand
38.300632458296604,2.4638763427734376,9.44356201171875,-0.9322613525390625,0.0044189803302288055,0.013768643140792847,-0.0007705980679020286,phone,user1,stand
38.320631458307616,2.460882568359375,9.475595397949219,-0.9523196411132813,0.009340851567685604,0.012424767017364502,-0.0032252445816993713,phone,user1,stand
38.340629458311014,2.4935147094726564,9.464518432617188,-0.9463320922851562,0.011465359479188919,0.014731070958077908,-0.0036716070026159286,phone,user1,stand
38.360628458322026,2.4923171997070312,9.512269134521485,-0.899329833984375,0.009989354759454727,0.021192070096731186,-0.0017985075246542692,phone,user1,stand
38.38062645832542,2.4836352539062503,9.487869873046876,-0.9090596008300782,0.0055145276710391045,0.00674090813845396,0.005415448918938637,phone,user1,stand
38.40062445832882,2.465223541259766,9.456584930419922,-0.8952882385253906,-0.0010762771125882864,-0.005000005476176739,0.007861634716391563,phone,user1,stand
38.42062345833983,2.461631011962891,9.410780181884766,-0.9213340759277344,-0.009976105764508247,-0.010543677024543285,0.009091191925108433,phone,user1,stand
38.44062145834323,2.5092320251464844,9.416168975830079,-0.9633966064453126,-0.010657677426934242,-0.005541042424738407,0.00710494676604867,phone,user1,stand
38.46062045823783,2.5143214416503907,9.394613800048829,-0.9644444274902344,-0.005127432756125927,0.004017391242086887,0.0011182193411514163,phone,user1,stand
38.480618458241224,2.519560546875,9.415121154785156,-0.9416917419433595,0.002562369219958782,0.00498249102383852,-0.0001063231029547751,phone,user1,stand
38.500617458252236,2.5104295349121095,9.435329132080078,-0.9120533752441407,0.00883921142667532,0.000681235222145915,-0.0005550548085011542,phone,user1,stand
38.520615458255634,2.505040740966797,9.447154541015626,-0.9274713134765625,0.007097930647432804,-0.004215647466480732,-0.002100023441016674,phone,user1,stand
38.540614458266646,2.4575894165039065,9.455088043212891,-0.9580078125,0.00830804742872715,-0.0012796916998922825,-0.002000770065933466,phone,user1,stand
38.56061245827004,2.472408599853516,9.452992401123048,-0.9380992126464844,0.008495496585965157,0.004282571375370026,-0.004769402556121349,phone,user1,stand
38.580611458281055,2.50279541015625,9.455537109375001,-0.9144483947753906,0.006742975674569607,0.0066915275529026985,-0.006353916134685278,phone,user1,stand
38.60060945828445,2.510878601074219,9.43488006591797,-0.93166259765625,0.004304120782762766,0.0015171177219599485,-0.0021327489521354437,phone,user1,stand
38.620608458295465,2.4605831909179687,9.446705474853516,-0.8934919738769531,0.002912377007305622,-0.0013242941349744797,0.00038002777728252113,phone,user1,stand
38.64060645829886,2.4815396118164066,9.444160766601563,-0.9204359436035157,-0.00017880951054394245,-0.0071747396141290665,0.0020872484892606735,phone,user1,stand
38.66060445830226,2.5039929199218753,9.435329132080078,-0.9159452819824219,-0.00391608290374279,-0.011817201040685177,0.0011893261689692736,phone,user1,stand
38.68060345831327,2.5741969299316407,9.386680297851562,-0.959055633544922,-0.0010891370475292206,-0.009521289728581905,-0.0005811433074995875,phone,user1,stand
38.70060145831667,2.521656188964844,9.461075592041016,-0.9490264892578125,0.000916183227673173,-0.00751024205237627,0.0029976782388985157,phone,user1,stand
38.72060045832768,2.4909700012207034,9.50388656616211,-0.9253756713867188,0.003867850871756673,-0.0028674425557255745,0.0037089213728904724,phone,user1,stand
38.74059845833108,2.472408599853516,9.474397888183594,-0.8970845031738282,0.004269541706889868,0.000570555217564106,0.0011610174551606178,phone,user1,stand
38.76059745834209,2.477498016357422,9.400002593994142,-0.9225315856933595,0.001844319747760892,0.004360714927315712,-0.003259599208831787,phone,user1,stand
38.78059545834549,2.492766265869141,9.406439208984375,-0.9529183959960938,-0.0018449949566274881,0.0021952830720692873,-0.005889481864869595,phone,user1,stand
38.800594458240084,2.5143214416503907,9.395661621093751,-0.9415420532226563,0.001474703778512776,0.004899569787085056,-0.005291278008371592,phone,user1,stand
38.82059245824348,2.5319847106933593,9.459878082275392,-0.925675048828125,0.00960373692214489,0.007389092817902565,-0.00582151347771287,phone,user1,stand
38.840591458254494,2.518662414550781,9.448202362060547,-0.9193881225585938,0.013658931478857994,0.011595555581152439,-0.005696611013263464,phone,user1,stand
38.86058945825789,2.4864793395996094,9.46751220703125,-0.9202862548828126,0.007976222783327103,0.0026566414162516594,-0.0009914705296978354,phone,user1,stand
38.88058745826129,2.501448211669922,9.44490921020508,-0.9389973449707032,0.0036814790219068527,-0.00253257155418396,-0.0014424966648221016,phone,user1,stand
38.9005864582723,2.5212071228027346,9.42919189453125,-0.959205322265625,0.0031961153727024794,0.0052867792546749115,-0.003914822358638048,phone,user1,stand
38.9205844582757,2.515668640136719,9.44206512451172,-0.9264234924316407,0.004855170845985413,0.016893336549401283,-0.006560551468282938,phone,user1,stand
38.94058345828671,2.53153564453125,9.41482177734375,-0.969833221435547,0.007307372987270355,0.015958553180098534,-0.004835630301386118,phone,user1,stand
38.96058145829011,2.494412841796875,9.452243957519531,-0.9607022094726563,0.006698271259665489,0.01626986637711525,-0.003248927416279912,phone,user1,stand
38.98058045830112,2.458337860107422,9.452842712402344,-0.9457333374023438,0.006686292588710785,0.009216397069394588,-0.001071833074092865,phone,user1,stand
39.000577833270654,2.438429260253906,9.474098510742188,-0.9300160217285157,0.007143818307667971,0.008538443595170975,0.00022010618704371154,phone,user1,stand
39.020576833281666,2.434387664794922,9.443861389160157,-0.9169931030273438,0.007942307740449905,0.008444723673164845,-0.004690746311098337,phone,user1,stand
39.04057483328506,2.4649241638183597,9.440568237304689,-0.9542655944824219,0.005415160208940506,0.008350957185029984,-0.007909192703664303,phone,user1,stand
39.06057283328846,2.4939637756347657,9.444609832763673,-0.9798623657226563,0.0013987480197101831,0.004230036865919828,-0.00618250435218215,phone,user1,stand
39.08057183329947,2.491868133544922,9.452842712402344,-0.9650431823730469,0.0012154483702033758,0.0029522250406444073,-0.004489019047468901,phone,user1,stand
39.10056983330287,2.4674688720703126,9.485325164794922,-0.948427734375,0.006270691752433777,-0.0026019662618637085,-0.0018598994938656688,phone,user1,stand
39.12056883331388,2.4525,9.449998626708984,-0.944835205078125,0.0035713547840714455,-0.003933350555598736,-0.0012780266115441918,phone,user1,stand
39.14056683331728,2.4637266540527345,9.42485092163086,-0.9630972290039063,-0.0009823113214224577,-0.003293369896709919,0.001009112223982811,phone,user1,stand
39.16056583332829,2.4758514404296874,9.427545318603515,-0.9656419372558595,0.0001680748537182808,-0.002741241129115224,-0.0007833000854589045,phone,user1,stand
39.18056383333169,2.4914190673828127,9.449998626708984,-0.9545649719238282,0.0014560372801497579,-0.006797214969992638,-0.003212232608348131,phone,user1,stand
39.2005628333427,2.488574981689453,9.467063140869142,-0.9437873840332032,0.0037434317637234926,-0.00783460307866335,-0.0025515416637063026,phone,user1,stand
39.2205608333461,2.5179139709472658,9.410031738281251,-0.929267578125,-0.0004934591706842184,-0.006902874447405338,-0.0030602621845901012,phone,user1,stand
39.24055883323308,2.492167510986328,9.462722167968751,-0.9518705749511719,-0.0036658081226050854,-0.008580579422414303,0.0014459893573075533,phone,user1,stand
39.26055783324409,2.5029450988769533,9.458081817626953,-0.9690847778320313,-0.0030202039051800966,-0.012093977071344852,0.0009420322603546083,phone,user1,stand
39.28055583324749,2.500250701904297,9.429491271972656,-0.9455836486816407,0.0025385068729519844,-0.0031583979725837708,-0.0024921807926148176,phone,user1,stand
39.3005548332585,2.4791445922851563,9.445208587646485,-0.9478289794921876,0.005768300965428352,0.007313834503293037,-0.005706266034394503,phone,user1,stand
39.3205528332619,2.4755520629882812,9.440119171142578,-0.9553134155273438,0.003048649290576577,0.004421807825565338,-0.005969967693090439,phone,user1,stand
39.34055183327291,2.472558288574219,9.442214813232422,-0.9376501464843751,0.0005338890478014946,0.0016999904764816165,-0.002115210983902216,phone,user1,stand
39.36054983327631,2.4539968872070315,9.438322906494141,-0.9668394470214844,0.003113327780738473,-0.0061946287751197815,-0.0002756042522378266,phone,user1,stand
39.38054883328732,2.4301963806152345,9.476343841552735,-0.9502239990234376,0.0039825099520385265,-0.008421588689088821,0.0010130817536264658,phone,user1,stand
39.40054683329072,2.4363336181640625,9.481133880615236,-0.9479786682128907,0.0033940926659852266,-0.005660021211951971,-0.0015187114477157593,phone,user1,stand
39.420544833294116,2.468217315673828,9.467362518310548,-0.9509724426269531,0.0016319103306159377,0.0016885389341041446,-0.004325102083384991,phone,user1,stand
39.44054383330513,2.525697784423828,9.424701232910158,-0.9648934936523438,0.0006738766096532345,0.006694981828331947,-0.006136198062449694,phone,user1,stand
39.460541833308525,2.5295896911621094,9.435179443359376,-0.9572593688964844,-0.0011986878234893084,0.003061061492189765,-0.002667312743142247,phone,user1,stand
39.48054083331954,2.4614813232421877,9.43877197265625,-0.9530680847167969,-0.002783245174214244,-0.006954007316380739,0.0032871158327907324,phone,user1,stand
39.500538833322935,2.4267535400390625,9.449549560546876,-0.9753717041015626,0.00028419215232133865,-0.007784294430166483,0.0050085000693798065,phone,user1,stand
39.52053783333395,2.411634979248047,9.445507965087891,-0.9701325988769531,0.00018318207003176212,0.0002521291607990861,0.0009477386483922601,phone,user1,stand
39.540535833337344,2.467917938232422,9.435778198242188,-0.968785400390625,0.0005571662914007902,0.004117106087505817,-0.004189525730907917,phone,user1,stand
39.560534833348356,2.454745330810547,9.440268859863282,-0.9595046997070313,0.0038612112402915955,0.0035497224889695644,-0.005904138553887606,phone,user1,stand
39.58053283323534,2.4863296508789063,9.447753295898439,-0.9743238830566406,0.004059109836816788,-0.004123990423977375,-0.003427311545237899,phone,user1,stand
39.600530833238736,2.4712110900878907,9.476044464111329,-0.9666897583007813,0.0019580430816859007,-0.004164680372923613,-0.0013871684204787016,phone,user1,stand
39.62052983324975,2.490670623779297,9.440119171142578,-0.9629475402832032,0.0014719170285388827,-0.006979586090892553,-0.0004945814143866301,phone,user1,stand
39.640527833253145,2.4863296508789063,9.461973724365235,-0.9529183959960938,-0.0006954497657716274,-0.0006726353312842548,-0.0014697944279760122,phone,user1,stand
39.66052683326416,2.467917938232422,9.436376953125,-0.948278045654297,-0.00025066989473998547,0.00022042414639145136,-0.001020735828205943,phone,user1,stand
39.680524833267555,2.4861799621582032,9.436975708007813,-0.9412426757812501,-0.0006721136160194874,-8.934829384088516e-05,-0.0009732205653563142,phone,user1,stand
39.70052383327857,2.4737557983398437,9.466614074707032,-0.9488768005371094,-0.0003135849256068468,0.0016082602087408304,0.00230678403750062,phone,user1,stand
39.720521833281964,2.4562422180175782,9.48233139038086,-0.9433383178710938,-0.0006642909720540047,-0.0032508415170013905,0.0016967039555311203,phone,user1,stand
39.74051983328536,2.4664210510253906,9.458530883789063,-0.95561279296875,-0.004189055413007736,-0.007014438975602388,0.001435701735317707,phone,user1,stand
39.76051883329637,2.4779470825195316,9.363328857421875,-0.9949809265136719,-0.006282396614551544,-0.007168939337134361,-0.0015700904186815023,phone,user1,stand
39.78051683329977,2.4804917907714845,9.418863372802734,-1.0424322509765624,-0.006567187141627073,-0.0014745132066309452,-0.0010825709905475378,phone,user1,stand
39.80051583331078,2.4878265380859377,9.440119171142578,-1.006956024169922,0.0027296384796500206,0.004746723920106888,-0.003803479252383113,phone,user1,stand
39.82051383331418,2.462229766845703,9.471254425048828,-0.9395960998535157,0.014196339063346386,0.014873639680445194,-0.007131645921617746,phone,user1,stand
39.84051283332519,2.4496559143066405,9.477840728759766,-0.8946894836425782,0.014751242473721504,0.011752203106880188,-0.005514946300536394,phone,user1,stand
39.86051083332859,2.4445664978027346,9.460626525878906,-0.9226812744140626,0.003028043545782566,-0.004409445449709892,-0.0011747847311198711,phone,user1,stand
39.88050883333199,2.500250701904297,9.407936096191406,-0.9623487854003907,-0.00580669566988945,-0.010515173897147179,-0.0005241257604211569,phone,user1,stand
39.900507833343,2.529140625,9.421857147216798,-1.014290771484375,-0.003944111987948418,-0.001649877754971385,-0.004142877645790577,phone,user1,stand
39.9205058333464,2.518363037109375,9.435478820800782,-0.9708810424804688,0.0019304270390421152,0.00856480561196804,-0.003019754309207201,phone,user1,stand
39.94050483324099,2.4816893005371097,9.48667236328125,-0.9174421691894532,0.006956007331609726,0.010079593397676945,-0.000453811080660671,phone,user1,stand
39.96050283324439,2.4737557983398437,9.461674346923829,-0.9086105346679688,0.004163885489106178,0.004999677650630474,0.0020968657918274403,phone,user1,stand
39.9805018332554,2.4867787170410156,9.451495513916017,-0.9166937255859375,0.000267640920355916,0.005856763571500778,0.001165060792118311,phone,user1,stand
40.00050045829266,2.4807911682128907,9.4220068359375,-0.9412426757812501,-0.0024516056291759014,0.00541550712659955,0.002829823410138488,phone,user1,stand
40.02049845829606,2.4430696105957033,9.452693023681642,-0.9497749328613282,-0.0019102562218904495,0.006352388300001621,0.0034447344951331615,phone,user1,stand
40.04049745830707,2.419119415283203,9.479786682128907,-0.9433383178710938,9.856163524091244e-05,0.014876988716423512,-2.1542655304074287e-06,phone,user1,stand
40.06049545831047,2.4632775878906252,9.441466369628907,-0.9367520141601563,0.005602261982858181,0.015387510880827904,-0.0029701089952141047,phone,user1,stand
40.08049445832148,2.4742048645019534,9.441466369628907,-0.9451345825195313,0.002472114050760865,0.015188620425760746,-0.0046839639544487,phone,user1,stand
40.10049245832488,2.4233106994628906,9.4507470703125,-0.9583071899414063,-0.0024596592411398888,0.0035364432260394096,0.0014755058800801635,phone,user1,stand
40.12049145833589,2.398462371826172,9.461075592041016,-0.9705816650390625,0.0006427885964512825,0.0008275232976302505,0.0023105626460164785,phone,user1,stand
40.14048945833929,2.4412733459472657,9.439071350097656,-0.950673065185547,0.004204769153147936,0.005222443025559187,-0.00157024129293859,phone,user1,stand
40.160487458342686,2.478695526123047,9.428144073486328,-0.9586065673828126,0.001986452843993902,0.002247199648991227,-0.0042465669102966785,phone,user1,stand
40.18048645823728,2.4623794555664062,9.46077621459961,-0.9717791748046876,-0.0019054263830184937,-0.0063868323341012,-0.0009918189607560635,phone,user1,stand
40.20048445824068,2.442919921875,9.476493530273437,-0.9708810424804688,-0.0011557824909687042,-0.014980597421526909,0.003008774947375059,phone,user1,stand
40.22048345825169,2.4245082092285157,9.44925018310547,-0.963995361328125,-0.0007258099503815174,-0.009117518551647663,-0.0008159885765053332,phone,user1,stand
40.24048145825509,2.4828868103027344,9.423653411865235,-0.9678872680664063,-0.0028887330554425716,-0.00628600874915719,-0.0006091785617172718,phone,user1,stand
40.2604804582661,2.5054898071289062,9.42634780883789,-0.997375946044922,-0.002916824771091342,-0.008821744471788406,-0.000417896022554487,phone,user1,stand
40.2804784582695,2.4875271606445315,9.430090026855469,-0.9574090576171875,-0.0017065242864191532,-0.01231237594038248,0.0009602714562788606,phone,user1,stand
40.3004764582729,2.4975563049316407,9.45359115600586,-0.9286688232421876,0.0012684674002230167,-0.009207150898873806,0.0004666500026360154,phone,user1,stand
40.32047545828391,2.488724670410156,9.42245590209961,-0.9147477722167969,-0.0004584586713463068,-0.004344267304986715,0.0009570477996021509,phone,user1,stand
40.340473458287306,2.4816893005371097,9.468110961914062,-0.9562115478515626,-0.004375779069960117,-0.006485545542091131,0.001900149742141366,phone,user1,stand
40.36047245829832,2.472258911132813,9.488318939208986,-0.9737251281738282,-0.0032543535344302654,-0.005357264541089535,6.5934727899730206e-06,phone,user1,stand
40.380470458301716,2.4408242797851565,9.41811492919922,-0.9666897583007813,0.003467073431238532,0.003276471048593521,-0.004095716867595911,phone,user1,stand
40.40046945831273,2.4541465759277346,9.407487030029298,-0.945883026123047,0.005344701930880547,0.009831787087023258,-0.007695672567933798,phone,user1,stand
40.420467458316125,2.5032444763183594,9.411528625488282,-0.9629475402832032,0.001652929582633078,0.005021276883780956,-0.005383934825658798,phone,user1,stand
40.44046545831952,2.481988677978516,9.447603607177735,-0.9557624816894532,0.00663802120834589,0.0024483944289386272,-0.005022955127060413,phone,user1,stand
40.460464458330534,2.430795135498047,9.476942596435547,-0.91250244140625,0.013569407165050507,0.00564417103305459,-0.002697084564715624,phone,user1,stand
40.48046245833393,2.412533111572266,9.531578979492188,-0.9038204956054688,0.009946111589670181,-0.0012759910896420479,0.0004504047392401844,phone,user1,stand
40.500461458344944,2.4406745910644534,9.470955047607422,-0.9586065673828126,-0.002915192162618041,-0.012252421118319035,0.0006415140233002603,phone,user1,stand
40.52045945834834,2.478396148681641,9.423054656982423,-1.0089019775390626,-0.009556684643030167,-0.006076134275645018,-0.001799599383957684,phone,user1,stand
40.54045745823532,2.4962091064453125,9.417516174316408,-1.0087522888183593,-0.006350802257657051,-0.0008181874291040003,-0.002481731353327632,phone,user1,stand
40.560456458246335,2.4685166931152347,9.435778198242188,-0.9502239990234376,0.001413044286891818,0.0002829207805916667,-0.0004956007469445467,phone,user1,stand
40.58045445824973,2.449805603027344,9.460027770996094,-0.9095086669921876,0.009035597555339336,-0.0027917525731027126,0.0011914744973182678,phone,user1,stand
40.600453458260745,2.434387664794922,9.473799133300782,-0.9413923645019532,0.0037633422762155533,-0.009463858790695667,0.0016106152907013893,phone,user1,stand
40.62045145826414,2.4270529174804687,9.470505981445314,-0.9843530273437501,-0.00492854043841362,-0.011642921715974808,0.0002212200779467821,phone,user1,stand
40.64044945826754,2.444865875244141,9.40524169921875,-1.0003697204589845,-0.004092673771083355,-0.009107537567615509,-0.0024721405934542418,phone,user1,stand
40.66044845827855,2.511926422119141,9.438472595214844,-1.0027647399902344,0.0016377154970541596,-0.0005740299820899963,-0.005104306619614363,phone,user1,stand
40.68044645828195,2.4968078613281253,9.447004852294922,-0.9729766845703125,0.0037975742015987635,0.00116065819747746,-0.0052164713852107525,phone,user1,stand
40.70044545829296,2.459385681152344,9.485624542236328,-0.9366023254394532,0.0037299958057701588,0.0012735185446217656,-0.0031300473492592573,phone,user1,stand
40.72044345829636,2.4325914001464843,9.454339599609375,-0.9512718200683594,0.0032793853897601366,-0.007353864144533873,-0.0004569390439428389,phone,user1,stand
40.74044245830737,2.4568409729003906,9.454040222167968,-0.9933343505859376,-0.0024759371299296618,-0.01236539427191019,0.003013431094586849,phone,user1,stand
40.76044045831077,2.427202606201172,9.438322906494141,-0.9933343505859376,-0.0019079828634858131,-0.0075930519960820675,0.00021749164443463087,phone,user1,stand
40.780438458314165,2.446512451171875,9.430389404296875,-0.9830058288574219,0.001846171566285193,-0.003296060487627983,-0.0019934773445129395,phone,user1,stand
40.80043745832518,2.4710614013671877,9.436227264404298,-0.9529183959960938,0.0015482003800570965,0.0019353633979335427,-0.003519776975736022,phone,user1,stand
40.820435458328575,2.5152195739746097,9.405092010498047,-0.9683363342285157,-0.00014503742568194866,-0.006494606379419565,-0.004154408350586891,phone,user1,stand
40.84043445833959,2.488724670410156,9.426946563720703,-0.996328125,0.0015812891069799662,-0.008235042914748192,-0.0022490809205919504,phone,user1,stand
40.860432458342984,2.4565415954589844,9.464368743896484,-0.9491761779785157,0.004926287569105625,-0.003379024099558592,-0.00393485464155674,phone,user1,stand
40.88043045834638,2.433190155029297,9.467661895751954,-0.9196875,0.009884958155453205,0.0020638247951865196,-0.0015441970899701118,phone,user1,stand
40.90042945824098,2.4611819458007815,9.494456176757813,-0.95082275390625,0.006070215255022049,0.0002963505685329437,-0.0026441807858645916,phone,user1,stand
40.920427458244376,2.4902215576171876,9.471104736328126,-0.9611512756347657,-0.0014423287939280272,0.0028816433623433113,-0.004400587175041437,phone,user1,stand
40.94042645825539,2.442470855712891,9.40613983154297,-0.9416917419433595,0.0003691534511744976,0.0003124919021502137,-0.0021416940726339817,phone,user1,stand
40.960424458258785,2.448458404541016,9.424701232910158,-0.9386979675292969,0.0001654885709285736,-0.00881921499967575,-0.0012918754946440458,phone,user1,stand
40.98042245826218,2.4632775878906252,9.45209426879883,-0.9434880065917969,-0.0005000382661819458,-0.015539669431746006,-0.001654984662309289,phone,user1,stand
41.000421458273195,2.4676185607910157,9.459578704833985,-0.9452842712402344,-0.00011244555935263634,-0.016818072646856308,-0.002506703371182084,phone,user1,stand
41.02041945827659,2.4553440856933597,9.48712142944336,-0.9797126770019532,0.0008345711976289749,-0.016257712617516518,-0.003514830721542239,phone,user1,stand
41.040418458287604,2.4842340087890626,9.432784423828126,-0.9845027160644532,-0.0032504156697541475,-0.017097232863307,-0.0005475800717249513,phone,user1,stand
41.060416458291,2.4842340087890626,9.428742828369142,-1.012943572998047,-0.007220488972961903,-0.015326443128287792,0.0005098552210256457,phone,user1,stand
41.0804144582944,2.4634272766113283,9.437873840332031,-0.9876461791992188,-0.0020166391041129827,-0.00820354837924242,0.0009412897052243352,phone,user1,stand
41.10041345830541,2.4349864196777347,9.467212829589844,-0.9376501464843751,0.004969497676938772,-0.0026480830274522305,0.0006425392348319292,phone,user1,stand
41.12041145830881,2.4194187927246094,9.433981933593751,-0.9427395629882813,0.002271616132929921,-0.0148428063839674,-0.00023263006005436182,phone,user1,stand
41.14041045831982,2.4405249023437503,9.390572204589844,-1.00830322265625,-0.004327231086790562,-0.021810706704854965,-0.0007402325281873345,phone,user1,stand
41.16040845832322,2.4430696105957033,9.420360260009765,-1.04183349609375,-0.0043266331776976585,-0.012768003158271313,-0.0008541131974197924,phone,user1,stand
41.180406458326615,2.421215057373047,9.417815551757814,-0.9961784362792969,0.004042583983391523,-0.003284057369455695,-0.003673386760056019,phone,user1,stand
41.20040545833763,2.4364833068847656,9.438622283935548,-0.9756710815429688,0.010696359910070896,0.0025672889314591885,-0.003117792308330536,phone,user1,stand
41.220403458341025,2.4900718688964845,9.48517547607422,-0.9773176574707032,0.004031498450785875,-0.0014854127075523138,-0.004103115294128656,phone,user1,stand
41.24040245823562,2.490670623779297,9.42964096069336,-1.0256671142578127,0.004358967766165733,-0.0002579489955678582,-0.006098347250372171,phone,user1,stand
41.26040045823902,2.425256652832031,9.481283569335938,-1.0208770751953125,0.011559518054127693,0.002583133988082409,-0.0028816419653594494,phone,user1,stand
41.280398458242416,2.3671774291992187,9.475595397949219,-0.9553134155273438,0.012847194448113441,0.008084503002464771,0.0011572178918868303,phone,user1,stand
41.30039745825343,2.4147784423828127,9.462273101806641,-0.9238787841796875,0.011862157844007015,0.0037147935945540667,0.0005457593942992389,phone,user1,stand
41.320395458256826,2.460732879638672,9.448202362060547,-0.9339079284667969,0.004870028700679541,0.0007887782994657755,-0.002791447564959526,phone,user1,stand
41.34039445826784,2.4481590270996096,9.424701232910158,-0.9979747009277344,-0.0004539294168353081,0.0009115480352193117,-0.005111328326165676,phone,user1,stand
41.360392458271235,2.410437469482422,9.45838119506836,-1.0014175415039064,0.0004163582343608141,0.004886312410235405,-0.0017701287288218737,phone,user1,stand
41.38039145828225,2.390079803466797,9.442364501953126,-1.0132429504394531,0.009182784706354141,0.0037181961815804243,-0.0031593935564160347,phone,user1,stand
41.400389458285645,2.4099884033203125,9.473050689697265,-0.978215789794922,0.010219487361609936,0.0027146092616021633,-0.002788736019283533,phone,user1,stand
41.42038745828904,2.3812481689453127,9.470655670166016,-0.9521699523925782,0.01050897128880024,0.005665223579853773,-0.00373490946367383,phone,user1,stand
41.440386458300054,2.4071443176269534,9.517657928466797,-0.980610809326172,0.012198515236377716,0.004610350821167231,-0.0032313019037246704,phone,user1,stand
41.46038445830345,2.439327392578125,9.490414581298829,-0.9904902648925782,0.006378943100571632,0.003629836719483137,-0.003121947171166539,phone,user1,stand
41.48038245830685,2.466570739746094,9.442364501953126,-0.980610809326172,0.003845543833449483,0.0004556181374937296,0.0010698700789362192,phone,user1,stand
41.50038145831786,2.4192691040039063,9.436975708007813,-0.9813592529296875,0.002064921660348773,-0.005532664712518454,0.003217493649572134,phone,user1,stand
41.52037945832126,2.401905212402344,9.427844696044922,-0.9854008483886719,1.0059447959065437e-05,-0.008536872453987598,0.007345178630203009,phone,user1,stand
41.54037845833227,2.441722412109375,9.415869598388673,-1.0039622497558593,-0.002246669726446271,-0.007133382838219404,0.002313670702278614,phone,user1,stand
41.56037645833567,2.452350311279297,9.426647186279297,-1.0422825622558594,0.00041049858555197716,-0.0062765334732830524,-0.001358772860839963,phone,user1,stand
41.58037545834668,2.461780700683594,9.446555786132812,-1.026116180419922,0.0011328142136335373,-0.0062116701155900955,0.001428697258234024,phone,user1,stand
41.60037345823366,2.4525,9.456135864257813,-1.038091278076172,0.0019462076015770435,-0.0053746821358799934,0.0029912858735769987,phone,user1,stand
41.62037145823706,2.438728637695313,9.490264892578125,-1.0241702270507813,0.0009970937389880419,-0.006181034259498119,0.003900916315615177,phone,user1,stand
41.64037045824807,2.442620544433594,9.483528900146485,-1.003213806152344,0.0028378376737236977,-0.0013439368922263384,0.003383995033800602,phone,user1,stand
41.66036845825147,2.445464630126953,9.437574462890625,-1.016536102294922,0.0010868757963180542,-0.005211271811276674,0.005002718418836594,phone,user1,stand
41.680366458254866,2.4532484436035156,9.425749053955078,-1.041683807373047,-0.005213896743953228,-0.010206994600594044,0.004814482759684324,phone,user1,stand
41.70036545826588,2.445464630126953,9.435927886962892,-1.0422825622558594,-0.00795275904238224,-0.013015076518058777,0.00709559116512537,phone,user1,stand
41.720363458269276,2.4532484436035156,9.421108703613282,-1.0295590209960939,-0.006651408039033413,-0.016060585156083107,0.006194949150085449,phone,user1,stand
41.74036245828029,2.4661216735839844,9.420360260009765,-1.02267333984375,-0.0034679966047406197,-0.007428670302033424,0.00074150221189484,phone,user1,stand
41.760360458283685,2.4444168090820315,9.435778198242188,-1.031055908203125,-0.0010797390714287758,-0.004331415053457022,0.0015180795453488827,phone,user1,stand
41.78035845828708,2.458487548828125,9.451046447753907,-1.0307565307617188,0.003348398022353649,-0.0050514256581664085,-0.00029707717476412654,phone,user1,stand
41.800357458298095,2.4580384826660158,9.462422790527345,-0.9870474243164064,0.0020800335332751274,-0.007973460480570793,0.003508571535348892,phone,user1,stand
41.82035545830149,2.457140350341797,9.48757049560547,-0.9752220153808594,-0.0011563051957637072,-0.014658734202384949,0.007064853794872761,phone,user1,stand
41.840354458312504,2.433040466308594,9.462722167968751,-0.9496252441406251,-0.003200315171852708,-0.01657865196466446,0.005693703889846802,phone,user1,stand
41.8603524583159,2.4566912841796875,9.434730377197265,-0.9862989807128907,-0.006804869510233402,-0.01917492225766182,0.006240339484065771,phone,user1,stand
41.8803504583193,2.4794439697265624,9.428593139648438,-1.0341993713378907,-0.011092893779277802,-0.011807439848780632,0.0015052967937663198,phone,user1,stand
41.90034945833031,2.4447161865234377,9.413175201416015,-1.0427316284179688,-0.010197936557233334,-0.01002056710422039,0.004279990214854479,phone,user1,stand
41.92034745833371,2.4519012451171878,9.422156524658204,-1.031055908203125,-0.007797796744853258,-0.00902630016207695,0.004657147917896509,phone,user1,stand
41.94034645834472,2.4698638916015625,9.450896759033204,-1.000968475341797,-0.0021668127737939358,-0.004079694859683514,0.003206414869055152,phone,user1,stand
41.96034445834812,2.472707977294922,9.432185668945314,-0.9849517822265625,0.002555540995672345,0.004309212323278189,0.00016492782742716372,phone,user1,stand
41.9803424582351,2.478695526123047,9.493857421875001,-0.9753717041015626,0.0019694131333380938,0.006187380291521549,0.003416967112571001,phone,user1,stand
42.000340958242305,2.473905487060547,9.45643524169922,-0.9952803039550782,-0.003534708172082901,-0.0015339760575443506,0.0035560906399041414,phone,user1,stand
42.0203389582457,2.515968017578125,9.428593139648438,-0.9984237670898438,-0.008458326570689678,0.001884030643850565,0.004149496089667082,phone,user1,stand
42.0403369582491,2.4709117126464846,9.398356018066407,-1.0295590209960939,-0.00841531716287136,0.011218131519854069,0.00439023831859231,phone,user1,stand
42.06033595826011,2.4312442016601565,9.42485092163086,-1.0171348571777343,-0.005385939497500658,0.013360603712499142,0.0067251455038785934,phone,user1,stand
42.08033395826351,2.4183709716796877,9.435478820800782,-0.9934840393066406,-0.0007577976211905479,0.015224764123558998,0.003535317722707987,phone,user1,stand
42.10033295827452,2.432142333984375,9.460626525878906,-0.9729766845703125,0.002097975928336382,0.010884450748562813,0.0006628852570429444,phone,user1,stand
42.12033095827792,2.4228616333007813,9.45119613647461,-0.9774673461914063,-0.0009113620035350323,-0.0022839754819869995,0.004162332508713007,phone,user1,stand
42.140328958281316,2.402953033447266,9.473948822021486,-1.0084529113769531,-0.004155092407017946,-0.007984471507370472,0.005287251900881529,phone,user1,stand
42.16032795829233,2.392175445556641,9.501042480468751,-1.0072554016113282,-0.008744917809963226,-0.010155534371733665,0.01056973822414875,phone,user1,stand
42.180325958295725,2.425556030273438,9.490713958740235,-0.9883946228027344,-0.007635645102709532,-0.006458694580942392,0.00696866400539875,phone,user1,stand
42.20032395829912,2.4731570434570314,9.458680572509767,-0.950673065185547,-0.006330394186079502,-0.0015738726360723376,0.003619898809120059,phone,user1,stand
42.220322958310135,2.468217315673828,9.43203598022461,-0.9936337280273438,-0.013010735623538494,-0.011355448514223099,0.006379307713359594,phone,user1,stand
42.24032095831353,2.455942840576172,9.431437225341798,-1.004710693359375,-0.017147723585367203,-0.01487012766301632,0.009764131158590317,phone,user1,stand
42.260319958324544,2.4348367309570316,9.421408081054688,-0.9900411987304688,-0.010184654034674168,-0.006283991038799286,0.01022118330001831,phone,user1,stand
42.28031795832794,2.465672607421875,9.424252166748047,-0.9768685913085938,-0.005219425540417433,-0.0008264812640845776,0.007165951654314995,phone,user1,stand
42.30031595833134,2.498604125976563,9.420809326171875,-0.9909393310546876,-0.005114894825965166,0.003165490459650755,0.003865177044644952,phone,user1,stand
42.32031495834235,2.493065643310547,9.461524658203125,-0.9818083190917969,-0.0029908607248216867,-0.000183063093572855,0.002869738731533289,phone,user1,stand
42.34031295834575,2.4914190673828127,9.468709716796875,-0.9584568786621094,-0.0017617084085941315,0.0011452165199443698,0.005565605126321316,phone,user1,stand
42.360311958240345,2.4963587951660156,9.457033996582032,-0.9515711975097657,-0.004028594121336937,0.004139460623264313,0.008181787095963955,phone,user1,stand
42.38030995824374,2.4746539306640627,9.423503723144531,-0.9734257507324219,-0.006429431494325399,0.0073438845574855804,0.0076406872831285,phone,user1,stand
42.40030795824714,2.478695526123047,9.43922103881836,-1.0063572692871094,-0.005770333111286163,0.011460226029157639,0.00598547887057066,phone,user1,stand
42.42030695825815,2.4661216735839844,9.431437225341798,-0.969833221435547,-0.0022843533661216497,0.0167042538523674,0.003961476031690836,phone,user1,stand
42.44030495826155,2.476150817871094,9.432784423828126,-0.9488768005371094,-0.0010189535096287727,0.01883649080991745,0.004245156887918711,phone,user1,stand
42.46030295826495,2.4888743591308593,9.446106719970704,-0.9580078125,-0.0014888015575706959,0.014522595331072807,0.004391311667859554,phone,user1,stand
42.48030195827596,2.477498016357422,9.459129638671875,-0.9728269958496094,-0.003293796442449093,0.011730533093214035,0.005816364660859108,phone,user1,stand
42.500299958279356,2.4773483276367188,9.437873840332031,-0.9544152832031251,-0.00129026360809803,0.015820300206542015,0.006575742270797491,phone,user1,stand
42.52029895829037,2.466570739746094,9.469158782958985,-0.9737251281738282,-0.0028713506180793047,0.019565235823392868,0.006089980714023113,phone,user1,stand
42.540296958293766,2.4888743591308593,9.45119613647461,-0.9707313537597657,-0.004927780479192734,0.012832758948206902,0.006501434370875359,phone,user1,stand
42.56029495829716,2.4975563049316407,9.450896759033204,-0.9602531433105469,-0.002374974312260747,0.015228059142827988,0.007118115667253733,phone,user1,stand
42.580293958308175,2.4998016357421875,9.431137847900391,-0.9729766845703125,-0.002531863283365965,0.01515946164727211,0.006259571295231581,phone,user1,stand
42.60029195831157,2.468666381835938,9.466614074707032,-0.961600341796875,-0.003874196670949459,0.016331840306520462,0.006030698772519827,phone,user1,stand
42.62028995831497,2.478994903564453,9.413923645019532,-0.9547146606445313,-0.0022083893418312073,0.016162995249032974,0.006517524365335703,phone,user1,stand
42.64028895832598,2.498604125976563,9.44595703125,-0.9159452819824219,-0.0014730887487530708,0.01796180009841919,0.0040506930090487,phone,user1,stand
42.66028695832938,2.462080078125,9.459878082275392,-0.93884765625,-0.00388015597127378,0.00826597586274147,0.007722498383373022,phone,user1,stand
42.68028595834039,2.4385789489746097,9.46362030029297,-0.9677375793457031,-0.010253733955323696,-0.005581609904766083,0.00972056109458208,phone,user1,stand
42.70028395834379,2.452649688720703,9.452693023681642,-0.9752220153808594,-0.01266698632389307,-0.005470927804708481,0.007713817059993744,phone,user1,stand
42.720281958347186,2.518063659667969,9.433981933593751,-0.9651928710937501,-0.010914632119238377,0.0012710730079561472,0.0037386189214885235,phone,user1,stand
42.74028095824178,2.508333892822266,9.416917419433593,-0.9861492919921876,-0.006049435120075941,0.003764379769563675,0.0025321024004369974,phone,user1,stand
42.76027895824518,2.495161285400391,9.419911193847657,-0.9654922485351562,-0.004832803271710873,-0.002520466921851039,0.005685125477612019,phone,user1,stand
42.78027695824858,2.485132141113281,9.435628509521484,-0.9503736877441407,-0.005097318906337023,0.0015898585552349687,0.004527984652668238,phone,user1,stand
42.80027595825959,2.4963587951660156,9.445208587646485,-0.9336085510253906,-0.0036214652936905622,0.0014134993543848395,0.004035934805870056,phone,user1,stand
42.82027395826299,2.512525177001953,9.442364501953126,-0.9181906127929688,-0.005881095305085182,0.003088087309151888,0.0027325775008648634,phone,user1,stand
42.840271958266385,2.5399182128906252,9.435927886962892,-0.9478289794921876,-0.009462974965572357,-0.002720203949138522,0.003034215187653899,phone,user1,stand
42.8602709582774,2.5126748657226563,9.446106719970704,-0.9454339599609376,-0.011846600100398064,-0.005711730569601059,0.0032107853330671787,phone,user1,stand
42.880268958280794,2.488125915527344,9.439520416259766,-0.9690847778320313,-0.008183389902114868,-0.005532499402761459,0.006341597065329552,phone,user1,stand
42.900267958291806,2.4984544372558597,9.444759521484375,-0.9431886291503907,-0.009920838288962841,-0.003574118949472904,0.005828085355460644,phone,user1,stand
42.920265958295204,2.54590576171875,9.442364501953126,-0.9342073059082032,-0.010003697127103806,-0.0034040508326143026,0.0038980378303676844,phone,user1,stand
42.9402639582986,2.5671615600585938,9.43967010498047,-0.9434880065917969,-0.00881460215896368,-0.0009264717227779329,0.0032244077883660793,phone,user1,stand
42.96026295830961,2.531835021972656,9.437275085449219,-0.9083111572265625,-0.005461142864078283,0.003187272697687149,0.003179516876116395,phone,user1,stand
42.98026095831301,2.4553440856933597,9.462422790527345,-0.8773255920410157,-0.00276638800278306,0.004611161071807146,0.0026913085021078587,phone,user1,stand
43.000259208260104,2.482138366699219,9.400601348876954,-0.8696914672851563,-0.006053896155208349,-0.0008462455007247627,0.003938037436455488,phone,user1,stand
43.020258208271116,2.532583465576172,9.398954772949219,-0.8954379272460938,-0.011506283655762672,-0.0021198727190494537,0.0028186601120978594,phone,user1,stand
43.04025620827451,2.531685333251953,9.415420532226562,-0.9014254760742187,-0.008270248770713806,0.007629314437508583,0.0029853149317204952,phone,user1,stand
43.060255208285525,2.549049224853516,9.454489288330079,-0.8975335693359375,0.000945990439504385,0.015782106667757034,-0.000375696225091815,phone,user1,stand
43.08025320828892,2.555336151123047,9.485624542236328,-0.9160949707031251,0.003689506556838751,0.019176775589585304,-0.0020171701908111572,phone,user1,stand
43.10025120829232,2.532284088134766,9.412875823974609,-0.8842112731933595,0.003372489707544446,0.0210863146930933,-0.0014803842641413212,phone,user1,stand
43.12025020830333,2.4962091064453125,9.432784423828126,-0.8565188598632812,0.001070491736754775,0.01635143719613552,0.00020337983733043075,phone,user1,stand
43.14024820830673,2.447560272216797,9.436227264404298,-0.8758287048339845,0.0026911254972219467,0.004171416163444519,0.005128203891217709,phone,user1,stand
43.16024620831013,2.462828521728516,9.439370727539062,-0.8975335693359375,0.004136917646974325,0.0035722502507269382,0.0028196629136800766,phone,user1,stand
43.18024520832114,2.4984544372558597,9.469009094238281,-0.8963360595703126,0.0014808464329689741,0.00633053807541728,0.0011151325888931751,phone,user1,stand
43.20024320832454,2.528691558837891,9.457782440185547,-0.889749755859375,-0.0012523520272225142,0.00416097417473793,0.00010425530490465462,phone,user1,stand
43.220241208327934,2.542462921142578,9.434580688476563,-0.9104067993164063,-0.0014111732598394156,0.003968058619648218,-0.0003059214213863015,phone,user1,stand
43.240240208338946,2.558629302978516,9.444759521484375,-0.9168434143066406,3.621680662035942e-05,0.0033907312899827957,0.0022788303904235363,phone,user1,stand
43.260238208342344,2.521805877685547,9.429042205810548,-0.9249266052246095,9.590946137905121e-05,-0.002833388280123472,0.004497622139751911,phone,user1,stand
43.28023720823694,2.514620819091797,9.436676330566407,-0.9145980834960938,0.0005704816430807114,-0.0018092476530000567,0.006468038074672222,phone,user1,stand
43.30023520824034,2.4914190673828127,9.43248504638672,-0.9138496398925782,0.0023243422619998455,0.004504472482949495,0.003400559304282069,phone,user1,stand
43.320233208243735,2.488574981689453,9.430838470458985,-0.9151968383789063,0.002841691020876169,0.005560888908803463,0.0011510888580232859,phone,user1,stand
43.34023220825475,2.4872277832031253,9.40613983154297,-0.9433383178710938,0.0009608352556824684,-0.005246162414550781,0.0002729404950514436,phone,user1,stand
43.360230208258145,2.4876768493652346,9.444160766601563,-0.9247769165039063,-0.0038918766658753157,-0.016412317752838135,0.004643028602004051,phone,user1,stand
43.38022820826154,2.5051904296875,9.441017303466797,-0.9385482788085938,-0.003390603931620717,-0.016918476670980453,0.0025101550854742527,phone,user1,stand
43.400227208272554,2.5379722595214846,9.443711700439454,-0.93645263671875,0.00027084467001259327,-0.011739639565348625,0.0013185522984713316,phone,user1,stand
43.42022520827595,2.5402175903320314,9.434131622314453,-0.93884765625,1.8411315977573395e-05,-0.010350160300731659,0.0018376568332314491,phone,user1,stand
43.44022320827935,2.5677603149414066,9.401798858642579,-0.926722869873047,-0.00024990085512399673,-0.01616485044360161,0.0030658014584332705,phone,user1,stand
43.46022220829036,2.5604255676269534,9.405690765380859,-0.9150471496582032,0.0015027273911982775,-0.014076026156544685,0.0031715836375951767,phone,user1,stand
43.48022020829376,2.5539889526367188,9.418863372802734,-0.8887019348144531,0.002006122376769781,-0.008805324323475361,0.0011477302759885788,phone,user1,stand
43.500218208297156,2.5795857238769533,9.438622283935548,-0.9226812744140626,0.006165940314531326,0.0024388486053794622,-0.002328077796846628,phone,user1,stand
43.52021720830817,2.5786875915527343,9.468110961914062,-0.8922944641113282,0.008097601123154163,0.0124325817450881,-0.005280345678329468,phone,user1,stand
43.540215208311565,2.5499473571777345,9.43682601928711,-0.9286688232421876,0.00852661021053791,0.01773851551115513,-0.003025118028745055,phone,user1,stand
43.56021420832258,2.4876768493652346,9.433682556152345,-0.9003776550292969,0.007663545198738575,0.01763901859521866,0.0019393324619159102,phone,user1,stand
43.580212208325975,2.4999513244628906,9.451794891357423,-0.9282197570800782,0.0031154013704508543,0.009707970544695854,0.003885361598804593,phone,user1,stand
43.60021020832937,2.4632775878906252,9.462572479248047,-0.9445358276367188,0.0020471387542784214,0.014834871515631676,0.00022473727585747838,phone,user1,stand
43.620209208340384,2.4516018676757816,9.394314422607422,-0.9526190185546876,0.004306664690375328,0.01606093719601631,-0.004422105383127928,phone,user1,stand
43.64020720834378,2.4641757202148438,9.418563995361328,-0.9418414306640626,0.00101173622533679,0.011416013352572918,-0.0032445078250020742,phone,user1,stand
43.66020520834718,2.511177978515625,9.416618041992187,-0.968785400390625,0.0008434243500232697,-0.0001740636653266847,-0.00211346335709095,phone,user1,stand
43.680204208241776,2.5137226867675784,9.464069366455078,-0.9261241149902344,0.012966400012373924,0.004563699476420879,-0.005941224750131369,phone,user1,stand
43.70020220824517,2.522853698730469,9.484127655029297,-0.8881031799316407,0.020988469943404198,0.008867469616234303,-0.005616269540041685,phone,user1,stand
43.72020020824857,2.512525177001953,9.515262908935547,-0.8494834899902344,0.013188268058001995,0.0036724889650940895,-0.0033668086398392916,phone,user1,stand
43.74019920825958,2.5268952941894534,9.4651171875,-0.8830137634277344,0.0020297542214393616,-0.003156180027872324,0.0007209804025478661,phone,user1,stand
43.76019720826298,2.5370741271972657,9.453890533447266,-0.9059161376953125,-0.006237620487809181,-0.0033199479803442955,0.00342383561655879,phone,user1,stand
43.78019520826638,2.492167510986328,9.429940338134767,-0.9304650878906251,-0.00975982379168272,-0.005899230018258095,0.005988717079162598,phone,user1,stand
43.80019420827739,2.4697142028808594,9.40658889770508,-0.9749226379394532,-0.009050454013049603,-0.007752624340355396,0.004726330749690533,phone,user1,stand
43.82019220828079,2.4625291442871093,9.384285278320313,-0.9952803039550782,-0.009037679992616177,-0.010706832632422447,0.002220708876848221,phone,user1,stand
43.840190208284184,2.5036935424804687,9.39087158203125,-1.0021659851074218,-0.008136454038321972,-0.015747057273983955,-0.00040765420999377966,phone,user1,stand
43.860189208295196,2.5032444763183594,9.43353286743164,-0.9825567626953126,-0.0012297234497964382,-0.01776479370892048,-0.0010940200882032514,phone,user1,stand
43.880187208298594,2.500250701904297,9.452842712402344,-0.9433383178710938,0.006412654183804989,-0.0226584505289793,-0.002731112064793706,phone,user1,stand
43.90018520830199,2.5271946716308595,9.442364501953126,-0.9298663330078125,0.0029232872184365988,-0.03274063393473625,0.0011701618786901236,phone,user1,stand
43.920184208313,2.5803341674804687,9.440119171142578,-0.9452842712402344,-0.004571985453367233,-0.036403343081474304,0.002985204104334116,phone,user1,stand
43.9401822083164,2.5795857238769533,9.412277069091797,-0.9596543884277344,-0.01043357327580452,-0.03230314701795578,0.005128512158989906,phone,user1,stand
43.96018120832741,2.6015899658203128,9.423204345703125,-0.9604028320312501,-0.008805643767118454,-0.02114795334637165,0.002971092937514186,phone,user1,stand
43.98017920833081,2.6029371643066406,9.404044189453126,-0.9277706909179688,-0.0021726535633206367,-0.00592002272605896,0.0014075324870646,phone,user1,stand
44.00017749995459,2.5944049072265627,9.414672088623048,-0.9425898742675781,0.001480173785239458,0.0017641071463003755,0.0014691082760691643,phone,user1,stand
44.0201764999656,2.5432113647460937,9.416767730712891,-0.9433383178710938,0.003539352910593152,0.013853131793439388,0.0020906198769807816,phone,user1,stand
44.040174499969,2.5129742431640625,9.447154541015626,-0.9244775390625001,0.0050148568116128445,0.01664085127413273,0.003978236578404903,phone,user1,stand
44.060172499972396,2.4950115966796877,9.463769989013672,-0.9352551269531251,0.00700360955670476,0.021187035366892815,0.0012961202301084995,phone,user1,stand
44.08017149998341,2.471959533691406,9.42724594116211,-0.9231303405761719,0.00591250229626894,0.025060366839170456,0.0012533863773569465,phone,user1,stand
44.100169499986805,2.4827371215820313,9.44356201171875,-0.9568103027343751,0.004992189351469278,0.02580985426902771,-0.001090286998078227,phone,user1,stand
44.1201674999902,2.505040740966797,9.43443099975586,-0.9644444274902344,0.007838007993996143,0.032834894955158234,-0.005212383810430765,phone,user1,stand
44.140166500001214,2.490670623779297,9.423204345703125,-0.931512908935547,0.014154760167002678,0.04262014850974083,-0.008024681359529495,phone,user1,stand
44.16016450000461,2.4568409729003906,9.473350067138673,-0.9009764099121094,0.018299108371138573,0.04339985549449921,-0.006113381590694189,phone,user1,stand
44.18016250000801,2.4026536560058593,9.489666137695313,-0.8958869934082032,0.013920577242970467,0.02757137082517147,-0.004220929928123951,phone,user1,stand
44.200161499902606,2.412982177734375,9.467362518310548,-0.918340301513672,0.009421554394066334,0.010044621303677559,-0.0018938237335532904,phone,user1,stand
44.220159499906,2.444865875244141,9.468260650634766,-0.9419911193847657,0.0007436438463628292,-0.0030120578594505787,-0.004026749636977911,phone,user1,stand
44.2401574999094,2.4912693786621096,9.428293762207032,-0.980610809326172,-0.0032067587599158287,-0.009626343846321106,-0.003981107845902443,phone,user1,stand
44.26015649992041,2.465822296142578,9.444310455322267,-0.9839039611816407,-0.008928336203098297,-0.015735335648059845,-0.002276006853207946,phone,user1,stand
44.28015449992381,2.4960594177246094,9.41482177734375,-0.9696835327148438,-0.00915110670030117,-0.02795918472111225,0.0027633921708911657,phone,user1,stand
44.30015249992721,2.5535398864746095,9.412127380371095,-0.9665400695800782,-0.00910415779799223,-0.029195614159107208,0.004710606299340725,phone,user1,stand
44.32015149993822,2.5439598083496096,9.423952789306641,-0.9517208862304688,-0.00599045492708683,-0.030030883848667145,0.005389127880334854,phone,user1,stand
44.34014949994162,2.545606384277344,9.448052673339845,-0.9135502624511719,-0.003386286087334156,-0.02781759202480316,0.003777218982577324,phone,user1,stand
44.360147499945015,2.5942552185058596,9.43922103881836,-0.9054670715332032,-0.003654200118035078,-0.022161835804581642,-5.268666427582502e-06,phone,user1,stand
44.38014649995603,2.632276153564453,9.413624267578125,-0.8996292114257813,-0.007983576506376266,-0.017581112682819366,3.6847719457000494e-05,phone,user1,stand
44.400144499959424,2.648592224121094,9.385782165527344,-0.9523196411132813,-0.00971238873898983,-0.01299150101840496,-0.000499280053190887,phone,user1,stand
44.42014249996282,2.5930577087402344,9.400152282714844,-0.9602531433105469,-0.0031168449204415083,-0.0018258934142068028,0.002821297151967883,phone,user1,stand
44.440141499973834,2.549498291015625,9.422306213378906,-0.9589059448242188,0.0031437291763722897,0.01408890075981617,0.0009995563887059689,phone,user1,stand
44.46013949997723,2.549348602294922,9.41811492919922,-0.9304650878906251,0.008906498551368713,0.030225522816181183,-0.0029819912742823362,phone,user1,stand
44.48013749998063,2.5247996520996097,9.438472595214844,-0.8951385498046875,0.014057016931474209,0.039539020508527756,-0.007205022498965263,phone,user1,stand
44.50013649999164,2.5233027648925783,9.448352050781251,-0.8711883544921876,0.014400292187929153,0.03852237015962601,-0.005158180836588144,phone,user1,stand
44.52013449999504,2.472258911132813,9.476343841552735,-0.8855584716796876,0.009044550359249115,0.036971259862184525,-0.004707878455519676,phone,user1,stand
44.540132499998435,2.4538471984863284,9.444759521484375,-0.9412426757812501,0.005819947458803654,0.030151881277561188,-0.00060812704032287,phone,user1,stand
44.56013150000945,2.444865875244141,9.482780456542969,-0.9840536499023438,-0.0005339658819139004,0.02212127484381199,0.0012343386188149452,phone,user1,stand
44.580129500012845,2.4411236572265627,9.449998626708984,-0.9574090576171875,6.293971091508865e-05,0.019356098026037216,0.0003834452945739031,phone,user1,stand
44.60012749989983,2.4578887939453127,9.433981933593751,-0.95082275390625,0.0022305098827928305,0.02085692621767521,-0.0024888438638299704,phone,user1,stand
44.62012649991084,2.4207659912109376,9.47080535888672,-0.9222322082519532,0.0006758992094546556,0.01819021813571453,-0.0010672862408682704,phone,user1,stand
44.640124499914236,2.4664210510253906,9.454489288330079,-0.9550140380859375,-0.0019728457555174828,0.0019594277255237103,-0.00039158575236797333,phone,user1,stand
44.660122499917634,2.4975563049316407,9.457183685302734,-0.9449848937988282,-0.0021178224124014378,-0.0016799962613731623,-0.001271335408091545,phone,user1,stand
44.680121499928646,2.477498016357422,9.409283294677735,-0.9491761779785157,-0.0033384913112968206,-0.008664848282933235,0.0009167561074718833,phone,user1,stand
44.70011949993204,2.4795936584472655,9.462572479248047,-0.947230224609375,-0.00455301720649004,-0.012302280403673649,0.0009753072517924011,phone,user1,stand
44.72011749993544,2.515069885253906,9.445507965087891,-0.937500457763672,-0.006325334310531616,-0.01597423106431961,0.0032646916806697845,phone,user1,stand
44.74011649994645,2.5246499633789066,9.407337341308594,-0.9328601074218751,-0.006898835301399231,-0.013505831360816956,0.0014446519780904055,phone,user1,stand
44.76011449994985,2.551893310546875,9.397008819580078,-0.9690847778320313,-0.006540830712765455,-0.014056764543056488,0.000554000202100724,phone,user1,stand
44.78011249995325,2.5095314025878905,9.44356201171875,-0.9581575012207032,-0.0077656651847064495,-0.015340224839746952,0.0037434855476021767,phone,user1,stand
44.80011149996426,2.527643737792969,9.411378936767578,-0.9407936096191407,-0.00594232277944684,-0.01259006466716528,0.0028358425479382277,phone,user1,stand
44.82010949996766,2.5568330383300784,9.438173217773437,-0.9307644653320313,-0.0005191387608647346,0.003649813588708639,-0.0028280802071094513,phone,user1,stand
44.840107499971054,2.551743621826172,9.428293762207032,-0.9142987060546875,0.0007323580794036388,0.005701857153326273,-0.0013823382323607802,phone,user1,stand
44.86010649998207,2.538271636962891,9.440268859863282,-0.8963360595703126,-0.0010798934381455183,-0.0005208929069340229,0.002326373942196369,phone,user1,stand
44.880104499985464,2.5304878234863284,9.448950805664063,-0.920885009765625,-0.0019156646449118853,-0.002070810180157423,5.6447170209139585e-05,phone,user1,stand
44.90010249998886,2.5330325317382814,9.431437225341798,-0.9111552429199219,-0.001929702702909708,0.006471621338278055,-0.00043206586269661784,phone,user1,stand
44.92010149999987,2.4950115966796877,9.449998626708984,-0.9268725585937501,-0.001104862429201603,0.017733048647642136,-0.002242494374513626,phone,user1,stand
44.94009950000327,2.529140625,9.428593139648438,-0.9135502624511719,-0.0016188768204301596,0.016248995438218117,-0.0019907578825950623,phone,user1,stand
44.96009750000667,2.5309368896484377,9.436526641845704,-0.9312135314941407,-0.0021740205120295286,0.015153725631535053,-0.0019342589657753706,phone,user1,stand
44.980096499901265,2.5532405090332033,9.421408081054688,-0.9449848937988282,-0.0017696463037282228,0.015091505832970142,-0.0009529842063784599,phone,user1,stand
45.00009470828809,2.5247996520996097,9.433383178710939,-0.93645263671875,0.0030352878384292126,0.01620039902627468,-0.00013912993017584085,phone,user1,stand
45.020092708291486,2.4734564208984375,9.476343841552735,-0.9048683166503907,0.002873343415558338,0.02041444554924965,0.001565893879160285,phone,user1,stand
45.0400917083025,2.464624786376953,9.467811584472656,-0.8912466430664063,0.007425242569297552,0.02046119049191475,0.00016233991482295096,phone,user1,stand
45.060089708305895,2.4755520629882812,9.456135864257813,-0.8888516235351563,0.004299023188650608,0.022685833275318146,-0.0012006154283881187,phone,user1,stand
45.08008770830929,2.4779470825195316,9.456584930419922,-0.8999285888671875,-0.0003166964743286371,0.01264593843370676,0.0012296333443373442,phone,user1,stand
45.100086708320305,2.4673191833496095,9.44161605834961,-0.9122030639648437,-0.003725124290212989,0.0067343274131417274,0.0013593581970781088,phone,user1,stand
45.1200847083237,2.46447509765625,9.455237731933595,-0.9333091735839845,-0.005067314952611923,-0.00042241616756655276,0.00039994443068280816,phone,user1,stand
45.1400827083271,2.446213073730469,9.399104461669923,-0.9370513916015626,-0.004313694313168526,-0.0048681641928851604,-0.0003360796836204827,phone,user1,stand
45.16008170833811,2.4730073547363283,9.435927886962892,-0.9437873840332032,-0.0014202878810465336,-0.007109787315130234,0.0008210332016460598,phone,user1,stand
45.18007970834151,2.489173736572266,9.481283569335938,-0.9629475402832032,-0.005859683733433485,-0.014029653742909431,0.0008165475446730852,phone,user1,stand
45.20007770834491,2.4745042419433596,9.45314208984375,-0.9138496398925782,-0.001479793107137084,-0.019360529258847237,0.0006143947830423713,phone,user1,stand
45.2200767082395,2.511926422119141,9.427096252441407,-0.8821156311035157,-0.0013468284159898758,-0.017772790044546127,0.0015689899446442723,phone,user1,stand
45.2400747082429,2.5333319091796875,9.450896759033204,-0.890947265625,-0.007548084948211908,-0.02860383316874504,-0.0007229017210192978,phone,user1,stand
45.2600727082463,2.5771907043457034,9.400301971435548,-0.9081614685058594,-0.013211908750236034,-0.03859929367899895,7.985855336301029e-05,phone,user1,stand
45.28007170825731,2.6194029235839844,9.403445434570314,-0.9289682006835938,-0.009006692096590996,-0.03016459010541439,0.0006833113729953766,phone,user1,stand
45.30006970826071,2.611469421386719,9.434131622314453,-0.9235794067382813,-0.004906430374830961,-0.023390591144561768,0.004971519578248262,phone,user1,stand
45.320067708264105,2.558180236816406,9.447902984619141,-0.9352551269531251,-0.002072898903861642,-0.013336585834622383,0.0037040049210190773,phone,user1,stand
45.34006670827512,2.5716522216796878,9.427096252441407,-0.9165440368652344,0.0008743202779442072,-0.004010677337646484,0.0024684565141797066,phone,user1,stand
45.360064708278514,2.5914111328125,9.427844696044922,-0.899180145263672,-0.0010844345670193434,0.0077285366132855415,0.0008559125708416104,phone,user1,stand
45.38006270828191,2.555186462402344,9.42769500732422,-0.8972341918945312,0.0021184980869293213,0.011238723993301392,0.002416337840259075,phone,user1,stand
45.400061708292924,2.489622802734375,9.43488006591797,-0.8904981994628907,0.00478484109044075,0.01693871058523655,0.0014550737105309963,phone,user1,stand
45.42005970829632,2.488125915527344,9.433383178710939,-0.9202862548828126,0.004690961446613073,0.022654857486486435,-0.0002801421796903014,phone,user1,stand
45.44005770829972,2.50758544921875,9.430539093017579,-0.9304650878906251,0.00364028662443161,0.029807331040501595,-0.002557661384344101,phone,user1,stand
45.46005670831073,2.4694148254394532,9.427844696044922,-0.9493258666992188,0.006677290424704552,0.0308461282402277,-0.004171853419393301,phone,user1,stand
45.48005470831413,2.4640260314941407,9.435927886962892,-0.939895477294922,0.00931302085518837,0.027387212961912155,-0.004191560670733452,phone,user1,stand
45.500052708317526,2.4623794555664062,9.47185317993164,-0.9630972290039063,0.00826529785990715,0.0270701851695776,-0.0014549542684108019,phone,user1,stand
45.52005070832092,2.4156765747070312,9.462871856689453,-0.9298663330078125,0.010749624110758305,0.026673845946788788,-0.0013014560099691153,phone,user1,stand
45.540049708331935,2.41178466796875,9.523645477294922,-0.9105564880371094,0.00902752298861742,0.019481496885418892,-0.001220337813720107,phone,user1,stand
45.56004770833533,2.4800427246093752,9.44490921020508,-0.8640032958984375,-0.0009116679430007935,0.012985656037926674,-0.0007658033864572644,phone,user1,stand
45.58004570833873,2.5042922973632815,9.445058898925781,-0.9229806518554688,-0.006175959017127752,0.0039257169701159,-0.0017436409834772348,phone,user1,stand
45.60004470823333,2.5143214416503907,9.405990142822267,-0.9644444274902344,-0.008343521505594254,-0.018046941608190536,0.0009420227725058794,phone,user1,stand
45.620042708236724,2.4969575500488284,9.401499481201173,-0.9798623657226563,-0.012462091632187366,-0.02100665494799614,0.004260921850800514,phone,user1,stand
45.64004070824012,2.499202880859375,9.429940338134767,-0.9635462951660156,-0.007159796077758074,-0.010656789876520634,0.004795168060809374,phone,user1,stand
45.660039708251134,2.538720703125,9.420809326171875,-0.9328601074218751,0.0003579470794647932,-0.0023318424355238676,-0.0002840565284714103,phone,user1,stand
45.68003770825453,2.561473388671875,9.42006088256836,-0.9026229858398438,0.00580517016351223,0.0022026007063686848,-0.0028540710918605328,phone,user1,stand
45.70003570825793,2.5566833496093753,9.435628509521484,-0.8918453979492188,0.0013962998054921627,5.517061799764633e-05,0.0010641717817634344,phone,user1,stand
45.72003470826894,2.5370741271972657,9.474996643066406,-0.9131011962890625,-0.0009608354885131121,-0.005872504785656929,0.0004005031369160861,phone,user1,stand
45.74003270827234,2.5629702758789064,9.449848937988282,-0.8831634521484375,-0.0005101277492940426,-0.00020162086002528667,-0.00043269171146675944,phone,user1,stand
45.760030708275735,2.5583299255371097,9.41961181640625,-0.8834628295898438,-0.002062117215245962,0.0063659497536718845,-0.0029367536772042513,phone,user1,stand
45.78002970828675,2.5644671630859377,9.414073333740236,-0.9174421691894532,-0.0023447514977306128,0.0023989430628716946,-0.0010928986594080925,phone,user1,stand
45.800027708290145,2.548151092529297,9.404942321777344,-0.9339079284667969,-0.004659038037061691,0.0024940180592238903,0.0009417564142495394,phone,user1,stand
45.82002570829354,2.577939147949219,9.414372711181642,-0.9205856323242188,0.0008622270543128252,0.009027284570038319,-0.001105681760236621,phone,user1,stand
45.840024708304554,2.561623077392578,9.445657653808594,-0.8913963317871094,0.008868726901710033,0.017438093200325966,-0.004005322232842445,phone,user1,stand
45.86002270830795,2.5197102355957033,9.465416564941407,-0.8964857482910157,0.007088144775480032,0.016044052317738533,-0.0008832315797917545,phone,user1,stand
45.88002070831135,2.5101301574707033,9.449848937988282,-0.8943901062011719,0.0007876022718846798,0.016752073541283607,0.0009090176317840815,phone,user1,stand
45.90001970832236,2.5020469665527343,9.450447692871094,-0.9220825195312501,-0.0019364524632692337,0.015927383676171303,0.0006675098557025194,phone,user1,stand
45.92001770832576,2.5077351379394535,9.440418548583985,-0.909957733154297,-0.0022256074007600546,0.02144795097410679,-0.00015375955263152719,phone,user1,stand
45.940015708329156,2.505340118408203,9.447453918457033,-0.929267578125,-0.002630609320476651,0.011011390946805477,0.0023810863494873047,phone,user1,stand
45.96001370833255,2.468067626953125,9.464219055175782,-0.9214837646484375,-0.0004642568528652191,0.0038363654166460037,0.003588465042412281,phone,user1,stand
45.980012708343565,2.4602838134765626,9.461225280761719,-0.9154962158203126,-0.004188377410173416,0.007102704606950283,0.002261537127196789,phone,user1,stand
46.000010333256796,2.47884521484375,9.439520416259766,-0.9071136474609376,-0.004679177887737751,0.006297227926552296,0.0001402533962391317,phone,user1,stand
46.02000833326019,2.4948619079589847,9.416318664550781,-0.947230224609375,-0.001341179944574833,0.003968964330852032,-0.0014345432864502072,phone,user1,stand
46.040007333271205,2.5304878234863284,9.428892517089844,-0.925675048828125,-0.003473225049674511,0.004972266964614391,-0.00215580640360713,phone,user1,stand
46.0600053332746,2.501298522949219,9.45643524169922,-0.9165440368652344,0.00019736448302865028,0.0006393288495019078,-0.0008661651518195868,phone,user1,stand
46.080003333278,2.4996519470214844,9.461075592041016,-0.8770262145996094,0.002942293183878064,-0.004047174472361803,-0.0008075066725723445,phone,user1,stand
46.10000233328901,2.5212071228027346,9.468410339355469,-0.8978329467773438,-0.001762382686138153,-0.0033410689793527126,-0.00023061654064804316,phone,user1,stand
46.12000033329241,2.5370741271972657,9.443711700439454,-0.8985813903808594,-0.003714112564921379,-0.0013285691384226084,0.00022542514489032328,phone,user1,stand
46.13999833329581,2.5331822204589844,9.434281311035157,-0.9032217407226563,-0.006105804815888405,0.0014230970991775393,0.0018622433999553323,phone,user1,stand
46.15999733330682,2.5234524536132814,9.407187652587892,-0.908909912109375,-0.006430177949368954,-0.0019889448303729296,0.002905403496697545,phone,user1,stand
46.17999533331022,2.5162673950195313,9.434580688476563,-0.9122030639648437,-0.007614505477249622,-0.002718511503189802,0.0031116099562495947,phone,user1,stand
46.199993333313614,2.5176145935058596,9.416618041992187,-0.8972341918945312,-0.0016141543164849281,-0.002216493710875511,0.0013649717438966036,phone,user1,stand
46.219992333324626,2.5477020263671877,9.442813568115234,-0.8904981994628907,0.0016937388572841883,0.006858368404209614,0.00011176685802638531,phone,user1,stand
46.239990333328024,2.566113739013672,9.40329574584961,-0.8791218566894532,0.0040234150364995,0.013600449077785015,-0.003434215672314167,phone,user1,stand
46.25998833333142,2.5426126098632813,9.459429016113281,-0.8940907287597657,0.002453796798363328,0.012104668654501438,-0.0016305415192618966,phone,user1,stand
46.27998633333482,2.545606384277344,9.47993637084961,-0.8922944641113282,-0.0004562030080705881,0.007883407175540924,0.0015234992606565356,phone,user1,stand
46.29998533334583,2.484533386230469,9.469009094238281,-0.8696914672851563,-0.00012908410280942917,0.013915689662098885,0.0005458210362121463,phone,user1,stand
46.31998333323281,2.4767495727539064,9.408834228515625,-0.8765771484375,-0.0018417900428175926,0.00974998902529478,0.0007450368138961494,phone,user1,stand
46.33998133323621,2.5177642822265627,9.421108703613282,-0.9346563720703126,-0.008843543007969856,0.0019753072410821915,0.0012714838376268744,phone,user1,stand
46.35998033324722,2.535277862548828,9.394763488769533,-0.920885009765625,-0.006303431466221809,-0.003340359777212143,0.000438062590546906,phone,user1,stand
46.37997833325062,2.5176145935058596,9.42769500732422,-0.9018745422363281,-0.0006194270681589842,0.0027030124329030514,0.00020522455452010036,phone,user1,stand
46.39997633325402,2.498903503417969,9.442813568115234,-0.8931925964355469,0.002386124338954687,-0.004554189741611481,0.0025213363114744425,phone,user1,stand
46.41997533326503,2.497855682373047,9.440418548583985,-0.9105564880371094,-0.005099589470773935,-0.014094380661845207,0.008248355239629745,phone,user1,stand
46.439973333268426,2.509681091308594,9.454938354492189,-0.8827143859863281,-0.00879308208823204,-0.015216262079775333,0.009365726262331009,phone,user1,stand
46.459971333271824,2.5240512084960938,9.449549560546876,-0.8617579650878907,-0.004155278205871582,-0.007644714321941137,0.006247660610824823,phone,user1,stand
46.47996933327522,2.5200096130371095,9.456584930419922,-0.8723858642578125,-0.0017878040671348572,-0.002757649403065443,0.00338832032866776,phone,user1,stand
46.49996833328623,2.5283921813964847,9.416019287109375,-0.86939208984375,-0.0060156527906656265,-0.007995374500751495,0.001979590393602848,phone,user1,stand
46.51996633328963,2.5294400024414063,9.421108703613282,-0.9148974609375,-0.008442150428891182,-0.010669543407857418,0.0004407755332067609,phone,user1,stand
46.53996433329303,2.524200897216797,9.421557769775392,-0.9029223632812501,-0.0031614876352250576,-0.008010848425328732,0.0020432190503925085,phone,user1,stand
46.55996333330404,2.521506500244141,9.425150299072266,-0.8955876159667969,0.0011058056261390448,-0.00010783952893689275,-0.0010695713572204113,phone,user1,stand
46.57996133330744,2.532583465576172,9.439969482421876,-0.8921447753906251,0.0010120803490281105,0.00026778841856867075,-8.667970541864634e-05,phone,user1,stand
46.599959333310835,2.513423309326172,9.474697265625,-0.9195378112792969,0.0014754155417904258,-0.0006863927701488137,-0.0006320732645690441,phone,user1,stand
46.61995833332185,2.505040740966797,9.454189910888672,-0.9035211181640626,0.0009717559441924095,-0.0029457928612828255,0.0002707575913518667,phone,user1,stand
46.639956333325244,2.5391697692871094,9.44595703125,-0.910107421875,-0.005981620401144028,-0.0024188244715332985,0.0005287649692036211,phone,user1,stand
46.65995433332864,2.555186462402344,9.39087158203125,-0.9247769165039063,-0.005993658676743507,-0.007204227615147829,0.0031900848262012005,phone,user1,stand
46.679953333339654,2.5569827270507814,9.432634735107422,-0.9192384338378907,-0.00567807350307703,-0.011990193277597427,0.004570667631924152,phone,user1,stand
46.69995133334305,2.501298522949219,9.422156524658204,-0.920735321044922,-0.00030992249958217144,-0.00812249630689621,0.0043159411288797855,phone,user1,stand
46.71994933334645,2.5562342834472656,9.4124267578125,-0.8919950866699219,0.0003662365488708019,-0.0033455733209848404,0.0015628936234861612,phone,user1,stand
46.73994733323343,2.555336151123047,9.436077575683594,-0.9084608459472656,-0.0006601004861295223,0.000667787273414433,0.00012891020742245018,phone,user1,stand
46.75994633324444,2.526446228027344,9.458830261230469,-0.8879534912109376,0.0013012448325753212,0.0002984441816806793,-0.0013143752003088593,phone,user1,stand
46.77994433324784,2.5376728820800785,9.418863372802734,-0.8640032958984375,0.005192986689507961,0.005633921828120947,-0.0027897171676158905,phone,user1,stand
46.79994233325124,2.5644671630859377,9.472152557373047,-0.871637420654297,0.0034738967660814524,0.003561324207112193,-0.0004761507734656334,phone,user1,stand
46.81994133326225,2.5545877075195316,9.471703491210938,-0.8822653198242187,-0.0030571925453841686,-0.0045369709841907024,-0.0005345633253455162,phone,user1,stand
46.83993933326565,2.5306375122070315,9.440268859863282,-0.8918453979492188,-0.0034737384412437677,-0.0025747392792254686,0.0007885060040280223,phone,user1,stand
46.859937333269045,2.525248718261719,9.436526641845704,-0.901724853515625,0.0008756439201533794,0.004057243466377258,0.0013775581028312445,phone,user1,stand
46.87993633328006,2.517015838623047,9.406439208984375,-0.9086105346679688,-0.0037455186247825623,0.005623736884444952,0.001238678116351366,phone,user1,stand
46.899934333283454,2.5303381347656253,9.391769714355469,-0.9216334533691407,-0.0035132267512381077,0.0006005832692608237,0.002085079438984394,phone,user1,stand
46.91993233328685,2.5474026489257815,9.430239715576173,-0.8949888610839845,0.0007873557042330503,0.001965798670426011,0.0006431569345295429,phone,user1,stand
46.93993033329025,2.535128173828125,9.486522674560547,-0.8686436462402344,0.00580404419451952,0.003343272488564253,0.0009278871584683657,phone,user1,stand
46.95992933330126,2.5135729980468753,9.478289794921876,-0.8521778869628907,-0.00016556959599256516,-0.003469425719231367,0.0022830008529126644,phone,user1,stand
46.97992733330466,2.538870391845703,9.4507470703125,-0.9213340759277344,-0.008843048475682735,-0.006896863225847483,0.004612625576555729,phone,user1,stand
46.99992574995849,2.5605752563476565,9.420360260009765,-0.9343569946289063,-0.009954854846000671,-0.002776586916297674,0.0049887122586369514,phone,user1,stand
47.019924749969505,2.542163543701172,9.392518157958985,-0.9295669555664063,-0.008040417917072773,0.00039236561860889196,0.004595672246068716,phone,user1,stand
47.0399227499729,2.5057891845703124,9.39940383911133,-0.9288185119628907,-0.0039231060072779655,5.983829032629728e-05,0.0011165682226419449,phone,user1,stand
47.0599207499763,2.5225543212890624,9.430988159179687,-0.9093589782714844,-0.0016268359031528234,0.005393971223384142,-0.001931913080625236,phone,user1,stand
47.0799187499797,2.5569827270507814,9.44311294555664,-0.8988807678222657,0.0036439597606658936,0.011298916302621365,-0.0044119092635810375,phone,user1,stand
47.09991774999071,2.564616851806641,9.446555786132812,-0.8711883544921876,0.007006349973380566,0.010796047747135162,-0.003950672224164009,phone,user1,stand
47.11991574999411,2.548600158691406,9.445058898925781,-0.8837622070312501,0.004152828827500343,0.0048546441830694675,-0.00045400630915537477,phone,user1,stand
47.139913749997504,2.534828796386719,9.464069366455078,-0.8794212341308594,-0.00032276008278131485,0.004910376854240894,0.0020928026642650366,phone,user1,stand
47.159912750008516,2.5231530761718752,9.407487030029298,-0.901575164794922,-0.005254549905657768,0.0032283919863402843,0.0003378037363290787,phone,user1,stand
47.17991075001191,2.53632568359375,9.458530883789063,-0.9117539978027345,-0.005164148285984993,0.006781262345612049,-0.00020336388843134046,phone,user1,stand
47.19990875001531,2.514620819091797,9.479636993408203,-0.8852590942382813,-0.00437108613550663,0.0038065253756940365,0.0001713532255962491,phone,user1,stand
47.21990774990991,2.4664210510253906,9.383836212158204,-0.8939410400390625,-0.0010182869154959917,-0.001965820789337158,0.0016600757371634245,phone,user1,stand
47.239905749913305,2.482138366699219,9.448501739501953,-0.9138496398925782,-0.004268888384103775,-0.004371223039925098,0.0046627637930214405,phone,user1,stand
47.2599037499167,2.4698638916015625,9.442813568115234,-0.8964857482910157,-0.010318934917449951,-0.013843869790434837,0.003665399271994829,phone,user1,stand
47.2799017499201,2.4742048645019534,9.465266876220703,-0.8533753967285157,-0.004397012293338776,-0.01119182724505663,0.002956490032374859,phone,user1,stand
47.29990074993111,2.508483581542969,9.422755279541017,-0.8554710388183594,-0.0048917802050709724,-0.006477249786257744,0.0029771295376122,phone,user1,stand
47.31989874993451,2.5107289123535157,9.430988159179687,-0.8782237243652344,-0.009018082171678543,-0.01873764395713806,0.004736680071800947,phone,user1,stand
47.33989674993791,2.5439598083496096,9.445507965087891,-0.899329833984375,-0.014117008075118065,-0.01840806007385254,0.007914570160210133,phone,user1,stand
47.35989574994892,2.571053466796875,9.439370727539062,-0.8996292114257813,-0.009546288289129734,-0.007810644339770079,0.0009234573226422071,phone,user1,stand
47.379893749952316,2.548899536132813,9.416767730712891,-0.8819659423828126,0.0015448674093931913,0.0074097709730267525,-0.005377497058361769,phone,user1,stand
47.399891749955714,2.5174649047851565,9.371262359619141,-0.8449928283691407,0.007244851440191269,0.003880813717842102,-0.005861782468855381,phone,user1,stand
47.41988974995911,2.4860302734375,9.466913452148438,-0.8047265625000001,-0.004865500144660473,0.001062592025846243,-0.0039643277414143085,phone,user1,stand
47.43988874997012,2.5300387573242187,9.437724151611329,-0.8330177307128906,0.004408952314406633,-0.0036362754181027412,-0.006620940752327442,phone,user1,stand
47.45988674997352,2.5595274353027344,9.45748306274414,-0.8304730224609376,0.011976607143878937,-0.005436185747385025,-0.010931615717709064,phone,user1,stand
47.47988474997692,2.6005421447753907,9.430688781738281,-0.8708889770507813,0.009639672935009003,-0.0015683448873460293,-0.010584413073956966,phone,user1,stand
47.49988374998793,2.575843505859375,9.483528900146485,-0.8614585876464844,0.005284525454044342,-0.0026404839009046555,-0.006476983428001404,phone,user1,stand
47.51988174999133,2.5468038940429687,9.488768005371094,-0.8219407653808594,0.002061254344880581,-0.004968069493770599,-0.001183551037684083,phone,user1,stand
47.539879749994725,2.5800347900390626,9.460925903320312,-0.8327183532714845,0.0020573607180267572,-0.009654216468334198,0.0010618690866976976,phone,user1,stand
47.55987774999812,2.564616851806641,9.425599365234376,-0.8482859802246094,-0.004200524650514126,-0.009857550263404846,0.003055850276723504,phone,user1,stand
47.579876750009134,2.5568330383300784,9.404193878173828,-0.8595126342773438,-0.006045536138117313,-0.006011695135384798,0.004558127373456955,phone,user1,stand
47.59987475001253,2.5632696533203125,9.429042205810548,-0.8852590942382813,-0.008334826678037643,-0.002239976543933153,0.004218247719109058,phone,user1,stand
47.619872749899514,2.5713528442382816,9.441166992187501,-0.899329833984375,-0.002800447167828679,0.00038972822949290276,0.003967958502471447,phone,user1,stand
47.639871749910526,2.575843505859375,9.414971466064454,-0.890797576904297,0.002195986919105053,-0.0020023793913424015,0.004975390620529652,phone,user1,stand
47.65986974991392,2.5656646728515624,9.439370727539062,-0.87418212890625,0.0034705991856753826,0.005031035281717777,0.0023304899223148823,phone,user1,stand
47.67986774991732,2.531835021972656,9.455387420654297,-0.8382568359375,0.003972780425101519,0.009122099727392197,0.00442502973601222,phone,user1,stand
47.69986574992072,2.511028289794922,9.46751220703125,-0.8214916992187501,0.002887404290959239,0.0071273259818553925,0.004132711794227362,phone,user1,stand
47.71986474993173,2.552941131591797,9.44401107788086,-0.8373587036132812,-0.000550487544387579,0.003547385800629854,0.0022962791845202446,phone,user1,stand
47.73986274993513,2.5435107421875003,9.449998626708984,-0.8857081604003907,-0.005049696192145348,0.0033036055974662304,0.003978282678872347,phone,user1,stand
47.759860749938525,2.5197102355957033,9.415869598388673,-0.8940907287597657,-0.00433176476508379,0.009141141548752785,0.004627889487892389,phone,user1,stand
47.77985974994954,2.5539889526367188,9.405990142822267,-0.8988807678222657,-0.003763739252462983,0.015359107404947281,0.0030385279096663,phone,user1,stand
47.799857749952935,2.5509951782226565,9.42769500732422,-0.8978329467773438,0.00024399743415415287,0.01892431266605854,0.0032468102872371674,phone,user1,stand
47.81985574995633,2.5117767333984378,9.43353286743164,-0.9044192504882813,0.00032940064556896687,0.011091591790318489,0.007632843684405088,phone,user1,stand
47.83985374995973,2.4430696105957033,9.470505981445314,-0.9339079284667969,-0.005227156914770603,0.004876771010458469,0.008641213178634644,phone,user1,stand
47.85985274997074,2.4469615173339845,9.361233215332032,-0.9276210021972656,-0.004514511674642563,0.007633825298398733,0.005726202391088009,phone,user1,stand
47.87985074997414,2.4771986389160157,9.444609832763673,-0.9500743103027344,-0.0032396025490015745,0.014769465662539005,0.0012291637249290943,phone,user1,stand
47.89984874997754,2.4908203125,9.463021545410157,-0.9366023254394532,-0.0012871006038039923,0.00882935244590044,0.0017081699334084988,phone,user1,stand
47.91984774998855,2.4480093383789066,9.456584930419922,-0.8864566040039062,0.0064880987629294395,0.0020611451473087072,0.00249657453969121,phone,user1,stand
47.939845749991946,2.462828521728516,9.395811309814453,-0.9093589782714844,0.008371918462216854,-0.0006301954854279757,-0.0023012191522866488,phone,user1,stand
47.95984374999534,2.4710614013671877,9.433981933593751,-0.9461824035644532,0.0013775299303233624,-0.011902491562068462,-0.0027780216187238693,phone,user1,stand
47.97984174999874,2.500250701904297,9.406888275146486,-0.906514892578125,0.0031567136757075787,-0.013141093775629997,-0.003454851917922497,phone,user1,stand
47.99984075000975,2.518961791992188,9.476643218994141,-0.8574169921875,0.00605224072933197,-0.00902058370411396,-0.0038163396529853344,phone,user1,stand
48.019838708336465,2.5102798461914064,9.465715942382813,-0.87418212890625,0.005283566657453775,-0.021396927535533905,0.0024613335262984037,phone,user1,stand
48.03983670833986,2.5497976684570314,9.464069366455078,-0.9258247375488282,-0.004017992876470089,-0.02177579700946808,0.0025942730717360973,phone,user1,stand
48.05983570823446,2.5259971618652344,9.472751312255859,-0.9339079284667969,-0.006299612112343311,-0.01704983413219452,0.004466707352548838,phone,user1,stand
48.07983370823786,2.558629302978516,9.460925903320312,-0.8268804931640625,-6.945664063096046e-05,-0.010050613433122635,0.0018755486235022545,phone,user1,stand
48.099831708241254,2.5861720275878906,9.456884307861328,-0.8006849670410157,-9.799934923648834e-05,-0.009181072935461998,0.0014040370006114244,phone,user1,stand
48.11982970824465,2.565215606689453,9.417067108154297,-0.8381071472167969,-0.009227516129612923,-0.023731445893645287,0.004434064496308565,phone,user1,stand
48.13982870825566,2.574496307373047,9.374256134033203,-0.8945397949218751,-0.015607183799147606,-0.021857719868421555,0.008517606183886528,phone,user1,stand
48.15982670825906,2.602039031982422,9.39132064819336,-0.9002279663085938,-0.01043623685836792,-0.007472207769751549,0.00669182650744915,phone,user1,stand
48.17982470826246,2.5676106262207035,9.404493255615234,-0.918489990234375,-0.0016317111440002918,0.006821038201451302,0.0006880147848278284,phone,user1,stand
48.19982370827347,2.5655149841308593,9.423653411865235,-0.8783734130859375,0.007051309570670128,0.011598738841712475,-0.0019691488705575466,phone,user1,stand
48.21982170827687,2.57943603515625,9.429341583251954,-0.8556207275390626,0.0061524398624897,0.0119614964351058,-0.0020801767241209745,phone,user1,stand
48.239819708280265,2.586321716308594,9.449699249267578,-0.8752299499511719,0.003954686690121889,0.008653499186038971,0.004656638950109482,phone,user1,stand
48.25981770828366,2.5635690307617187,9.441017303466797,-0.8403524780273438,0.0054510910995304585,0.015581730753183365,0.00627398956567049,phone,user1,stand
48.279816708294675,2.5568330383300784,9.426497497558595,-0.8587641906738281,0.004003283567726612,0.02304621785879135,0.0052492874674499035,phone,user1,stand
48.29981470829807,2.558629302978516,9.421557769775392,-0.890947265625,0.001791955204680562,0.020842522382736206,0.002928660251200199,phone,user1,stand
48.31981270830147,2.528841247558594,9.404044189453126,-0.8858578491210938,0.0025867861695587635,0.015040308237075806,0.0042853811755776405,phone,user1,stand
48.33981070830487,2.4770489501953126,9.437873840332031,-0.8719367980957031,0.0055046603083610535,0.012793758884072304,0.0014975062804296613,phone,user1,stand
48.35980970831588,2.5152195739746097,9.368717651367188,-0.8400531005859375,0.011742249131202698,0.01680493727326393,0.0013847049558535218,phone,user1,stand
48.37980770831928,2.544708251953125,9.455088043212891,-0.8656498718261719,0.014900686219334602,0.021769607439637184,0.001982029527425766,phone,user1,stand
48.399805708322674,2.4827371215820313,9.428892517089844,-0.8728349304199219,0.014791280031204224,0.008790949359536171,0.0037678186781704426,phone,user1,stand
48.419804708333686,2.472408599853516,9.482481079101563,-0.8824150085449219,0.017131906002759933,0.005515280179679394,-0.001643444411456585,phone,user1,stand
48.43980270833708,2.5400679016113283,9.480984191894532,-0.8867559814453125,0.01652698963880539,0.006659818347543478,-0.01146190520375967,phone,user1,stand
48.45980070834048,2.551743621826172,9.476942596435547,-0.8743318176269532,0.015399899333715439,0.003245819127187133,-0.013413101434707642,phone,user1,stand
48.47979870834388,2.5381219482421877,9.424102478027343,-0.8683442687988282,0.009788431227207184,-0.0030395621433854103,-0.012416853569447994,phone,user1,stand
48.499797708238475,2.5438101196289065,9.387279052734376,-0.899180145263672,0.00795343704521656,-0.0021284655667841434,-0.011365828104317188,phone,user1,stand
48.51979570824187,2.629432067871094,9.378597106933594,-0.9171427917480469,0.013745974749326706,2.770521678030491e-05,-0.012532769702374935,phone,user1,stand
48.53979370824527,2.616409149169922,9.449549560546876,-0.9289682006835938,0.018365584313869476,0.0069053685292601585,-0.011896940879523754,phone,user1,stand
48.55979170824867,2.577939147949219,9.463320922851564,-0.8749305725097657,0.022876979783177376,0.003442491637542844,-0.0064932177774608135,phone,user1,stand
48.57979070825968,2.5394691467285155,9.474397888183594,-0.8746311950683594,0.0194014273583889,0.003724293317645788,-0.004912894684821367,phone,user1,stand
48.59978870826308,2.5309368896484377,9.433383178710939,-0.8593629455566407,0.009478728286921978,0.005540348589420319,-0.0043340097181499004,phone,user1,stand
48.619786708266474,2.494263153076172,9.447154541015626,-0.9080117797851563,0.00758723821491003,-0.0008457301300950348,-0.004002629313617945,phone,user1,stand
48.639785708277486,2.5045916748046877,9.42724594116211,-0.9903405761718751,0.006590709555894136,-0.008706068620085716,-0.004915575031191111,phone,user1,stand
48.659783708280884,2.5474026489257815,9.462572479248047,-0.9864486694335938,0.0021551644895225763,0.0064321462996304035,-0.011462829075753689,phone,user1,stand
48.67978170828428,2.5270449829101564,9.397906951904297,-0.9918374633789063,0.012151655741035938,0.002940733451396227,-0.012127415277063847,phone,user1,stand
48.69977970828768,2.5204586791992187,9.455088043212891,-1.0039622497558593,0.001422883477061987,0.002690248191356659,-0.01021573692560196,phone,user1,stand
48.71977870829869,2.5068370056152345,9.443262634277344,-0.9894424438476563,-0.00043864035978913307,0.02588130161166191,-0.002757035428658128,phone,user1,stand
48.73977670830209,2.5009991455078127,9.449399871826172,-0.9373507690429688,0.022096090018749237,0.013255718164145947,0.005266098305583,phone,user1,stand
48.759774708305486,2.3215223693847657,9.503287811279298,-0.8363108825683594,0.018568430095911026,0.01885915733873844,0.008257565088570118,phone,user1,stand
48.77977270830888,2.3281086730957035,9.5178076171875,-0.9160949707031251,-0.005866226740181446,-0.0404653325676918,0.00015348580200225115,phone,user1,stand
48.799771708319895,2.4007077026367187,9.423054656982423,-0.9792636108398438,-0.02875451184809208,-0.017332185059785843,0.0034533317666500807,phone,user1,stand
48.81976970832329,2.6680517578125,9.436376953125,-0.8307723999023438,-0.05062701553106308,0.019232867285609245,-0.009466132149100304,phone,user1,stand
48.83976770832669,2.6466462707519534,9.412127380371095,-0.9862989807128907,-0.012361612170934677,-0.017315436154603958,-0.0002928124740719795,phone,user1,stand
48.8597667083377,2.545307006835938,9.439969482421876,-0.9014254760742187,0.0025128773413598537,-0.0332750640809536,0.012831729836761951,phone,user1,stand
48.8797647083411,2.5521926879882812,9.335486755371095,-0.9624984741210938,0.0023651972878724337,-0.0495486781001091,0.02817864902317524,phone,user1,stand
48.8997627083445,2.43094482421875,9.39132064819336,-0.8827143859863281,0.0063338796608150005,-0.0664215087890625,0.03254354000091553,phone,user1,stand
48.919760708347894,2.449057159423828,9.340576171875,-0.8559201049804688,-0.009835934266448021,-0.08531109243631363,0.0072513422928750515,phone,user1,stand
48.93975970824249,2.6563760375976564,9.46466812133789,-1.029708709716797,-0.01843831315636635,-0.0835309848189354,-0.013566696085035801,phone,user1,stand
48.95975770824589,2.481240234375,9.311237182617187,-0.7399113464355469,-0.0068900091573596,-0.041855067014694214,-0.003336368128657341,phone,user1,stand
48.979755708249286,2.6625132751464844,9.623338165283204,-0.9610015869140626,-0.01575865037739277,-0.09841740876436234,-0.019046761095523834,phone,user1,stand
48.999753208248876,2.748434600830078,9.452543334960938,-1.0940748596191407,-0.0325949527323246,-0.07062927633523941,-0.020064933225512505,phone,user1,stand
49.01975220825989,2.6402096557617187,9.424701232910158,-0.8765771484375,-0.03152783587574959,-0.017890041694045067,-0.0036229221150279045,phone,user1,stand
49.039750208263285,2.6171575927734376,9.463919677734376,-0.8464897155761719,0.005944475065916777,-0.04278408735990524,-0.0029445523396134377,phone,user1,stand
49.05974820826668,2.5502467346191406,9.391919403076173,-0.7683522033691407,0.005547534674406052,-0.02818940207362175,-0.004098770674318075,phone,user1,stand
49.07974620827008,2.615361328125,9.456884307861328,-0.8997789001464844,-0.009872609749436378,-0.028039081022143364,-0.004568877164274454,phone,user1,stand
49.09974520828109,2.586321716308594,9.42724594116211,-0.7973918151855469,-0.013936745002865791,-0.020665496587753296,-0.004299976397305727,phone,user1,stand
49.11974320828449,2.561623077392578,9.480535125732422,-0.808319091796875,-0.0034246400464326143,-0.017497695982456207,0.002205717610195279,phone,user1,stand
49.13974120828789,2.461780700683594,9.358089752197266,-0.7864645385742188,-0.00033331848680973053,0.005184209905564785,0.0046628923155367374,phone,user1,stand
49.159739208291285,2.471809844970703,9.47035629272461,-0.899329833984375,-0.006885899696499109,0.0077551561407744884,-0.006929486989974976,phone,user1,stand
49.1797382083023,2.429148559570313,9.456884307861328,-0.9060658264160156,-0.011209110729396343,0.010753924027085304,-0.005507202818989754,phone,user1,stand
49.199736208305694,2.5474026489257815,9.397457885742188,-0.9366023254394532,0.010601264424622059,0.018236516043543816,-0.013658528216183186,phone,user1,stand
49.21973420830909,2.532284088134766,9.382489013671876,-0.9116043090820313,0.022768056020140648,0.03978635370731354,-0.02039189077913761,phone,user1,stand
49.239733208320104,2.5204586791992187,9.421408081054688,-0.8833131408691407,0.026199689134955406,0.04136364907026291,-0.017321189865469933,phone,user1,stand
49.2597312083235,2.42615478515625,9.45838119506836,-0.8485853576660156,0.026207907125353813,0.03353143483400345,-0.009411932900547981,phone,user1,stand
49.2797292083269,2.4337889099121095,9.482780456542969,-0.9325607299804688,0.024396339431405067,0.019218774512410164,-0.008564106188714504,phone,user1,stand
49.299727208330296,2.4134312438964844,9.557475128173829,-1.003363494873047,0.013734867796301842,0.019888173788785934,-0.013819383457303047,phone,user1,stand
49.31972620834131,2.3939717102050784,9.463919677734376,-0.9780661010742188,0.01174258254468441,0.026457373052835464,-0.015544326975941658,phone,user1,stand
49.339724208344705,2.418670349121094,9.428144073486328,-0.9117539978027345,0.014355014078319073,0.029382886365056038,-0.016179492697119713,phone,user1,stand
49.3597222083481,2.430795135498047,9.399703216552735,-0.9586065673828126,0.01716623641550541,0.018891528248786926,-0.016732003539800644,phone,user1,stand
49.379720208235085,2.435884552001953,9.437724151611329,-0.9517208862304688,0.01239855494350195,0.012003677897155285,-0.016937006264925003,phone,user1,stand
49.3997192082461,2.418820037841797,9.452243957519531,-1.0041119384765627,0.017014220356941223,-0.0015618234174326062,-0.019460272043943405,phone,user1,stand
49.419717208249494,2.5234524536132814,9.500294036865235,-1.0256671142578127,0.017291773110628128,-0.003265222068876028,-0.02286808378994465,phone,user1,stand
49.43971520825289,2.5402175903320314,9.423354034423829,-0.9981243896484375,0.010952752083539963,0.0127728171646595,-0.016899030655622482,phone,user1,stand
49.45971320825629,2.439327392578125,9.352850646972657,-0.9680369567871094,0.011911654844880104,0.02192135900259018,-0.014282051473855972,phone,user1,stand
49.4797122082673,2.561623077392578,9.557325439453125,-0.978365478515625,0.022118408232927322,0.008455643430352211,-0.010902891866862774,phone,user1,stand
49.4997102082707,2.489473114013672,9.436676330566407,-0.9020242309570313,0.01818258687853813,0.0013562862295657396,-0.009247957728803158,phone,user1,stand
49.519708208274096,2.4993525695800782,9.360784149169922,-0.8803193664550781,0.015392887406051159,-0.0008153754752129316,-0.01025975588709116,phone,user1,stand
49.539706208277494,2.4701632690429687,9.461374969482423,-0.9491761779785157,0.0076041435822844505,-0.00701158307492733,-0.007570276502519846,phone,user1,stand
49.559705208288506,2.4659719848632813,9.431137847900391,-0.9816586303710938,0.0034609618596732616,-0.013180214911699295,-0.001548179890960455,phone,user1,stand
49.5797032082919,2.4194187927246094,9.483678588867187,-0.9710307312011719,0.005649039521813393,-0.01549612358212471,0.0006853959057480097,phone,user1,stand
49.5997012082953,2.448458404541016,9.497300262451173,-0.9554631042480469,0.012350291013717651,-0.016861053183674812,-0.006936975754797459,phone,user1,stand
49.6196992082987,2.484683074951172,9.535770263671875,-0.9389973449707032,0.006062985397875309,-0.004485167097300291,-0.009136933833360672,phone,user1,stand
49.63969820830971,2.3969654846191406,9.36497543334961,-0.8680448913574219,0.0031542042270302773,-0.017833169549703598,0.000350184622220695,phone,user1,stand
49.65969620831311,2.463127899169922,9.532028045654297,-0.9765692138671875,-0.0009588568937033415,-0.042938459664583206,0.001738803694024682,phone,user1,stand
49.679694208316505,2.4173231506347657,9.423653411865235,-0.9439370727539063,-0.012901169247925282,-0.03115166164934635,0.010048069059848785,phone,user1,stand
49.6996922083199,2.484982452392578,9.504635009765625,-1.0127938842773438,-0.0007297364063560963,-0.04458341374993324,0.0047724428586661816,phone,user1,stand
49.719691208330914,2.481240234375,9.4507470703125,-0.9710307312011719,0.0038782681804150343,-0.013187508098781109,0.00520249642431736,phone,user1,stand
49.73968920833431,2.441572723388672,9.39221878051758,-0.93645263671875,0.0006031624507158995,-0.0054265339858829975,-0.0052361576817929745,phone,user1,stand
49.75968720833771,2.378104705810547,9.419013061523438,-1.0195298767089844,-0.0025529498234391212,-0.004888342693448067,-0.0030277688056230545,phone,user1,stand
49.77968520834111,2.32556396484375,9.47754135131836,-0.9633966064453126,-0.009306827560067177,-0.017772400751709938,0.0013860444305464625,phone,user1,stand
49.7996842082357,2.3336471557617187,9.53307586669922,-1.0017169189453126,-0.013096150942146778,-0.04118839651346207,0.0015945077175274491,phone,user1,stand
49.8196822082391,2.3239173889160156,9.366771697998047,-0.9895921325683594,-0.01885007694363594,-0.02873527631163597,-0.005234434735029936,phone,user1,stand
49.8396802082425,2.468367004394531,9.377549285888673,-1.0350975036621095,-0.005483022890985012,-0.011184153147041798,-0.009366405196487904,phone,user1,stand
49.85967920825351,2.5417144775390628,9.358089752197266,-0.9355545043945312,0.014021524228155613,-0.019620707258582115,-0.012743529863655567,phone,user1,stand
49.87967720825691,2.571203155517578,9.473948822021486,-0.9711804199218751,0.012661636807024479,-0.03926042839884758,-0.0072482251562178135,phone,user1,stand
49.899675208260305,2.5545877075195316,9.507628784179689,-1.011895751953125,0.00377137353643775,-0.04804317653179169,0.003570134984329343,phone,user1,stand
49.9196732082637,2.518213348388672,9.482032012939454,-1.0349478149414062,0.006065281108021736,-0.04166364297270775,0.010846517980098724,phone,user1,stand
49.9396712082671,2.506387939453125,9.353000335693359,-0.9545649719238282,0.006941916421055794,0.0026031783781945705,0.006011955440044403,phone,user1,stand
49.95967020827811,2.5471032714843753,9.330247650146484,-0.9568103027343751,0.02029241994023323,0.03196050971746445,-0.0034112478606402874,phone,user1,stand
49.97966820828151,2.5005500793457034,9.440568237304689,-0.9553134155273438,0.025994980707764626,0.02868148311972618,-0.00035150087205693126,phone,user1,stand
49.99966620828491,2.4541465759277346,9.505233764648438,-0.9440867614746095,0.022745924070477486,0.01056266576051712,0.0006929909577593207,phone,user1,stand
50.019664458348416,2.4731570434570314,9.504335632324219,-0.944835205078125,0.01973930560052395,0.011240825988352299,-0.00295426556840539,phone,user1,stand
50.03966345824301,2.4381298828125,9.47185317993164,-0.967438201904297,0.021892951801419258,0.029316768050193787,-0.0029466871637851,phone,user1,stand
50.05966145824641,2.394869842529297,9.457632751464844,-0.9892927551269531,0.020023982971906662,0.03660942241549492,-0.003373794024810195,phone,user1,stand
50.07965945824981,2.342179412841797,9.47185317993164,-0.9618997192382813,0.01799541525542736,0.033281151205301285,-0.003295561298727989,phone,user1,stand
50.099657458253205,2.3249652099609377,9.49236053466797,-0.9735754394531251,0.016568947583436966,0.020163239911198616,-0.0011987166944891214,phone,user1,stand
50.11965645826422,2.386487274169922,9.423354034423829,-1.004710693359375,0.010172325186431408,0.004123261198401451,-0.002423789817839861,phone,user1,stand
50.139654458267614,2.4245082092285157,9.477840728759766,-1.0355465698242188,0.0069321393966674805,-0.0021330141462385654,-0.0011289187241345644,phone,user1,stand
50.15965245827101,2.4231610107421875,9.47035629272461,-1.0014175415039064,0.0037580691277980804,-0.006798166781663895,0.0015316559001803398,phone,user1,stand
50.179651458282024,2.434387664794922,9.44311294555664,-1.0005194091796876,0.007208803668618202,-0.004409603774547577,-0.0002509374753572047,phone,user1,stand
50.19964945828542,2.515069885253906,9.389075317382813,-1.0541079711914063,0.009700162336230278,-0.021520433947443962,-0.001457245321944356,phone,user1,stand
50.21964745828882,2.538271636962891,9.406888275146486,-1.04183349609375,0.008009806275367737,-0.015285661444067955,-0.004522774834185839,phone,user1,stand
50.239645458292216,2.4544459533691407,9.475745086669923,-1.034798126220703,0.014005607925355434,0.005854656919836998,-0.0014277121517807245,phone,user1,stand
50.25964345829561,2.422562255859375,9.45927932739258,-1.0168354797363282,0.006123450119048357,-0.0045633623376488686,0.003499401966109872,phone,user1,stand
50.279642458306625,2.466720428466797,9.50388656616211,-1.0571017456054688,0.0012244489043951035,-0.015934625640511513,0.007669986225664616,phone,user1,stand
50.29964045831002,2.468067626953125,9.519454193115235,-1.0388397216796876,-0.002999363699927926,-0.016501734033226967,0.006780691910535097,phone,user1,stand
50.31963845831342,2.4577391052246096,9.458231506347657,-1.0523117065429688,-0.0024323768448084593,-0.009232369251549244,0.007046475540846586,phone,user1,stand
50.33963645831682,2.4532484436035156,9.395062866210939,-1.0362950134277344,0.0005371337756514549,0.006284608040004969,0.004294657148420811,phone,user1,stand
50.35963545832783,2.4312442016601565,9.45643524169922,-1.0292596435546875,0.0007275263778865337,0.0018494061660021544,-0.00015253585297614336,phone,user1,stand
50.37963345833123,2.466570739746094,9.359137573242188,-1.0388397216796876,-0.0016355295665562153,-0.001050048740580678,0.0012505360646173358,phone,user1,stand
50.399631458334625,2.5390200805664063,9.397457885742188,-1.0823991394042969,-0.005153351463377476,-0.002531830919906497,-0.0017925372812896967,phone,user1,stand
50.41962945833802,2.5231530761718752,9.433832244873047,-1.081201629638672,0.003306939033791423,0.008983556181192398,-0.0019169712904840708,phone,user1,stand
50.439628458349034,2.4276516723632815,9.455387420654297,-1.0356962585449219,0.013147881254553795,0.013755964115262032,0.0034571848809719086,phone,user1,stand
50.459626458236016,2.4421714782714843,9.485025787353516,-1.0114466857910156,0.009413755498826504,0.015310184098780155,0.0033375821076333523,phone,user1,stand
50.479624458239414,2.442021789550781,9.498048706054687,-1.015338592529297,-0.0034654326736927032,0.002704302314668894,0.0066903261467814445,phone,user1,stand
50.49962245824281,2.4444168090820315,9.437125396728517,-1.0154882812500001,-0.006186644546687603,-0.004444634076207876,0.006247894372791052,phone,user1,stand
50.51962145825382,2.404449920654297,9.471703491210938,-1.0532098388671876,-0.004620109684765339,0.004548158496618271,0.00515018543228507,phone,user1,stand
50.53961945825722,2.391127624511719,9.394314422607422,-1.0267149353027345,-0.002186136320233345,0.0034523149952292442,0.0032897102646529675,phone,user1,stand
50.55961745826062,2.4132815551757814,9.410181427001953,-1.0204280090332032,0.0019495650194585323,-0.0014497885713353753,-0.0007142234244383872,phone,user1,stand
50.579615458264016,2.4641757202148438,9.41482177734375,-1.0062075805664064,0.0007531612645834684,-0.006832885555922985,-0.0012596496380865574,phone,user1,stand
50.59961445827503,2.4873774719238284,9.478140106201172,-0.9967771911621094,-0.004017513711005449,-0.010292015969753265,-0.00395715469494462,phone,user1,stand
50.619612458278425,2.530188446044922,9.436227264404298,-1.0488688659667968,-0.004252976272255182,-0.00954032689332962,-0.008898979984223843,phone,user1,stand
50.63961045828182,2.6312283325195316,9.323960723876954,-1.071471862792969,-0.003943996503949165,-0.0021196946036070585,-0.007709466386586428,phone,user1,stand
50.65960845828522,2.6626629638671875,9.412127380371095,-1.1021580505371094,-0.005121656693518162,0.0004943625535815954,-0.0018826404120773077,phone,user1,stand
50.67960745829623,2.552941131591797,9.482780456542969,-1.0350975036621095,-0.002249552635475993,0.0003352789208292961,0.007721594534814358,phone,user1,stand
50.69960545829963,2.4659719848632813,9.510023803710938,-0.9648934936523438,0.006123215891420841,0.0045095630921423435,0.011156401596963406,phone,user1,stand
50.71960345830303,2.4478596496582035,9.449100494384766,-0.9858499145507813,0.0010500508360564709,0.004448265768587589,0.009235190227627754,phone,user1,stand
50.739601458306424,2.4614813232421877,9.359886016845703,-1.0138417053222657,-0.004858493339270353,0.00645948201417923,0.0051979562267661095,phone,user1,stand
50.759600458317436,2.4456143188476562,9.360933837890625,-1.0219248962402345,-0.007391284219920635,0.012008252553641796,0.0019120569340884686,phone,user1,stand
50.779598458320834,2.398761749267578,9.454040222167968,-0.9964778137207032,-0.0007417865563184023,0.014520510099828243,0.000980676501058042,phone,user1,stand
50.79959645832423,2.3918760681152347,9.502539367675782,-0.9731263732910157,0.005774373188614845,0.011000514030456543,-0.0028809532523155212,phone,user1,stand
50.81959445832763,2.4303460693359376,9.504934387207031,-0.9297166442871094,0.0074658477678895,0.011709664948284626,-0.00687132403254509,phone,user1,stand
50.83959345833864,2.488724670410156,9.472901000976563,-0.9557624816894532,0.00419471925124526,0.009216215461492538,-0.004826935939490795,phone,user1,stand
50.85959145834204,2.4872277832031253,9.474098510742188,-0.9755213928222657,0.0032782934140414,0.0041550761088728905,-0.003000152762979269,phone,user1,stand
50.879589458345436,2.470312957763672,9.383985900878907,-0.9497749328613282,-0.0006104062777012587,-0.0050264871679246426,-0.0006462212186306715,phone,user1,stand
50.89958745834883,2.4950115966796877,9.435778198242188,-0.9919871520996094,-0.004014537204056978,-0.008645168505609035,0.0005062652053311467,phone,user1,stand
50.919585458235815,2.470312957763672,9.448202362060547,-1.0018666076660157,-0.006899258121848106,-0.009238372556865215,0.001018741400912404,phone,user1,stand
50.93958445824683,2.4598347473144533,9.442364501953126,-1.0327024841308594,0.001529137953184545,-0.000582059845328331,-0.0011967613827437162,phone,user1,stand
50.959582458250225,2.503843231201172,9.44071792602539,-1.0084529113769531,0.009412338025867939,0.020398881286382675,-0.007447980344295502,phone,user1,stand
50.97958045825362,2.5081842041015627,9.430688781738281,-1.0002200317382812,0.011321010068058968,0.02409679815173149,-0.008542090654373169,phone,user1,stand
50.99957845825702,2.455044708251953,9.453291778564454,-0.9970765686035157,0.006751307286322117,0.01363391987979412,-0.0020766507368534803,phone,user1,stand
51.019576874910854,2.374661865234375,9.472751312255859,-1.0011181640625,-0.0007298898417502642,0.002051517367362976,0.0036081227008253336,phone,user1,stand
51.03957487491425,2.3285577392578127,9.523346099853516,-1.0469229125976562,-0.00699213519692421,-0.0011030719615519047,0.006695229094475508,phone,user1,stand
51.05957287491765,2.343376922607422,9.44401107788086,-1.0758128356933594,-0.010324639268219471,-0.0035714074037969112,0.002029695548117161,phone,user1,stand
51.079570874921046,2.4348367309570316,9.379046173095704,-1.1000624084472657,-0.008853688836097717,0.0004170140018686652,-0.004094216041266918,phone,user1,stand
51.09956987493206,2.468666381835938,9.370364227294923,-1.0903326416015626,-0.001406996976584196,-0.0004097533237654716,-0.009320467710494995,phone,user1,stand
51.119567874935456,2.509681091308594,9.394763488769533,-1.0569520568847657,0.0097368024289608,-0.004237635061144829,-0.01103824470192194,phone,user1,stand
51.13956587493885,2.508333892822266,9.48188232421875,-1.00830322265625,0.01509488932788372,-0.003859538584947586,-0.009584478102624416,phone,user1,stand
51.15956387494225,2.5129742431640625,9.473050689697265,-0.9711804199218751,0.011526243761181831,-0.004175486043095589,-0.007802457083016634,phone,user1,stand
51.17956287495326,2.5174649047851565,9.474697265625,-0.966390380859375,0.0023268177174031734,-0.006815891247242689,-0.0020518568344414234,phone,user1,stand
51.19956087495666,2.474953308105469,9.433981933593751,-1.0196795654296875,-0.006303203292191029,-0.011606601066887379,0.004315266385674477,phone,user1,stand
51.21955887496006,2.5035438537597656,9.437275085449219,-1.0735675048828126,-0.010666784830391407,-0.003621818497776985,0.0017412183806300163,phone,user1,stand
51.239556874963455,2.5271946716308595,9.438622283935548,-1.0449769592285156,-0.0028600022196769714,0.017159800976514816,-0.0017050753813236952,phone,user1,stand
51.25955487496685,2.5128245544433594,9.455088043212891,-1.0024653625488282,0.0064483946189284325,0.029539600014686584,0.0008040802786126733,phone,user1,stand
51.279553874977864,2.4412733459472657,9.453740844726562,-0.9181906127929688,0.0075228251516819,0.026585403829813004,0.005589524749666452,phone,user1,stand
51.29955187498126,2.385140075683594,9.445358276367188,-0.9357041931152345,0.0008224369958043098,0.013720665127038956,0.01291597168892622,phone,user1,stand
51.31954987498466,2.3875350952148438,9.464368743896484,-1.0017169189453126,-0.011098937131464481,0.0033385981805622578,0.01360706239938736,phone,user1,stand
51.33954787498806,2.4230113220214844,9.459129638671875,-1.0487191772460938,-0.010383033193647861,0.010075276717543602,0.010616559535264969,phone,user1,stand
51.35954687499907,2.4496559143066405,9.47754135131836,-1.0151889038085937,-0.001169482246041298,0.02078462578356266,0.0072981249541044235,phone,user1,stand
51.379544875002466,2.388882293701172,9.474248199462892,-1.0171348571777343,-0.0017406607512384653,0.018110958859324455,0.007593432907015085,phone,user1,stand
51.399542875005864,2.3945704650878907,9.394913177490235,-1.0183323669433595,-0.004003681242465973,0.008163276128470898,0.008971077390015125,phone,user1,stand
51.41954087500926,2.4673191833496095,9.400002593994142,-1.0243199157714844,-0.007838773541152477,0.01114887185394764,0.005705333314836025,phone,user1,stand
51.43953987490386,2.4807911682128907,9.411528625488282,-0.9895921325683594,-0.0020981498528271914,0.021762298420071602,0.0009281293023377657,phone,user1,stand
51.459537874907255,2.4736061096191406,9.463320922851564,-1.008153533935547,0.008134528994560242,0.018853208050131798,0.001733552198857069,phone,user1,stand
51.47953587491065,2.4051983642578127,9.485325164794922,-1.0089019775390626,0.010404451750218868,0.014682742767035961,0.0028651372995227575,phone,user1,stand
51.49953387491405,2.4063958740234375,9.48622329711914,-1.0042616271972657,0.001161700114607811,0.007168249227106571,0.006169671658426523,phone,user1,stand
51.51953187491745,2.3778053283691407,9.452992401123048,-0.9960287475585938,-0.008147826418280602,0.007473783567547798,0.008372132666409016,phone,user1,stand
51.53953087492846,2.4002586364746095,9.440268859863282,-1.015338592529297,-0.007965728640556335,0.006289912853389978,0.007039973512291908,phone,user1,stand
51.55952887493186,2.4269032287597656,9.411378936767578,-1.017733612060547,-0.00965887401252985,0.006163568235933781,0.00424303999170661,phone,user1,stand
51.579526874935254,2.424657897949219,9.44925018310547,-1.0199789428710937,-0.007421910762786865,-0.0032588508911430836,0.0025853042025119066,phone,user1,stand
51.59952487493865,2.468217315673828,9.470655670166016,-0.9945318603515626,-0.00507810153067112,-0.01363544724881649,0.008230341598391533,phone,user1,stand
51.619523874949664,2.4695645141601563,9.454189910888672,-1.000968475341797,-0.004655101336538792,-0.014041426591575146,0.008852372877299786,phone,user1,stand
51.63952187495306,2.4803421020507814,9.444609832763673,-1.0024653625488282,-0.006537067703902721,-0.008867660537362099,0.008305416442453861,phone,user1,stand
51.65951987495646,2.4671694946289064,9.414522399902344,-1.011596374511719,-0.01189667172729969,-0.008199915289878845,0.00546638248488307,phone,user1,stand
51.679517874959856,2.5077351379394535,9.387877807617189,-1.0090516662597657,-0.010643208399415016,-0.010373123921453953,0.008065869100391865,phone,user1,stand
51.69951687497087,2.504891052246094,9.434281311035157,-0.9839039611816407,-0.013335499912500381,-0.009896103292703629,0.006943502463400364,phone,user1,stand
51.719514874974266,2.482587432861328,9.445657653808594,-0.9714797973632813,-0.007108229212462902,-0.007962116040289402,0.007921680808067322,phone,user1,stand
51.73951287497766,2.489173736572266,9.46077621459961,-0.9954299926757812,-0.002718251431360841,-0.0009875902906060219,0.006550133693963289,phone,user1,stand
51.75951087498106,2.488275604248047,9.45209426879883,-0.9922865295410157,-0.006945150904357433,0.0022637476213276386,0.004238209221512079,phone,user1,stand
51.77950887498446,2.479893035888672,9.443262634277344,-0.9636959838867188,-0.007684044539928436,-0.00509321503341198,0.003218473866581917,phone,user1,stand
51.79950787499547,2.4864793395996094,9.437724151611329,-1.000968475341797,-0.0038702499587088823,-0.007237429264932871,0.0035269376821815968,phone,user1,stand
51.81950587499887,2.5041426086425784,9.447453918457033,-0.9919871520996094,-0.004873179364949465,-0.0004499457427300513,0.0015264570247381926,phone,user1,stand
51.839503875002265,2.503843231201172,9.451345825195313,-0.975820770263672,-0.0021057871636003256,0.008722465485334396,-0.0022740294225513935,phone,user1,stand
51.85950187500566,2.4974066162109376,9.450896759033204,-0.9154962158203126,-0.0019962857477366924,0.011366396211087704,-0.0007052025757730007,phone,user1,stand
51.87950087490026,2.5319847106933593,9.426048431396485,-0.937500457763672,-0.0029781365301460028,0.0024163187481462955,0.001178602920845151,phone,user1,stand
51.89949887490366,2.5508454895019534,9.418414306640626,-1.0135423278808595,-0.008895257487893105,-0.007060051895678043,0.003581299213692546,phone,user1,stand
51.919496874907054,2.5366250610351564,9.408834228515625,-1.0404862976074218,-0.013155383989214897,-0.012573843821883202,0.004686232190579176,phone,user1,stand
51.93949487491045,2.5071363830566407,9.411378936767578,-1.0593470764160158,-0.010373547673225403,-0.004096155054867268,0.005199312698096037,phone,user1,stand
51.95949287491385,2.5414151000976566,9.46601531982422,-1.0171348571777343,-0.001332875108346343,0.005952075123786926,-0.001138412393629551,phone,user1,stand
51.97949187492486,2.5137226867675784,9.392069091796875,-0.9629475402832032,0.0031807287596166134,0.01716902107000351,-0.0044954633340239525,phone,user1,stand
51.99948987492826,2.4968078613281253,9.400301971435548,-0.93884765625,0.007406225427985191,0.017262691631913185,-0.001077471300959587,phone,user1,stand
52.01948845828883,2.546953582763672,9.436227264404298,-0.9461824035644532,0.0012525045312941074,0.011666268110275269,0.00015659633208997548,phone,user1,stand
52.03948645829223,2.5355772399902343,9.476194152832031,-0.9348060607910157,0.00045035453513264656,0.007871708832681179,0.0024582063779234886,phone,user1,stand
52.05948545830324,2.50279541015625,9.469009094238281,-0.9144483947753906,-0.0009108108934015036,0.0030000139959156513,0.005297687835991383,phone,user1,stand
52.07948345830664,2.4736061096191406,9.446855163574218,-0.9276210021972656,-0.007440115325152874,-0.00524143734946847,0.010281624272465706,phone,user1,stand
52.09948145831004,2.4709117126464846,9.443412322998048,-0.9723779296875,-0.011677391827106476,-0.014538818970322609,0.009229007177054882,phone,user1,stand
52.119479458313435,2.513423309326172,9.416767730712891,-0.9587562561035157,-0.008416679687798023,-0.004668440669775009,0.0025233887135982513,phone,user1,stand
52.13947745831683,2.562072143554688,9.42529998779297,-0.9361532592773438,-0.003475881414487958,0.004674945492297411,-0.001007852260954678,phone,user1,stand
52.159476458327845,2.564616851806641,9.442364501953126,-0.8750802612304688,0.002218761947005987,0.0029306623619049788,0.0019984834361821413,phone,user1,stand
52.17947445833124,2.552941131591797,9.475894775390625,-0.9196875,-0.0009723457042127848,-0.008827499113976955,0.005925577133893967,phone,user1,stand
52.19947245833464,2.535128173828125,9.452393646240235,-0.9382489013671875,-0.007504376582801342,-0.010133911855518818,0.00919492170214653,phone,user1,stand
52.21947045833804,2.5414151000976566,9.421557769775392,-0.9749226379394532,-0.011742992326617241,0.0005569740897044539,0.006786063779145479,phone,user1,stand
52.239468458341435,2.5378225708007816,9.367071075439453,-0.988993377685547,-0.009513252414762974,0.007285790983587503,0.0052938032895326614,phone,user1,stand
52.25946745823603,2.5511448669433596,9.369615783691406,-0.9942324829101563,-0.005749296396970749,0.010705065913498402,0.002242360031232238,phone,user1,stand
52.27946545823943,2.538571014404297,9.387728118896485,-1.004561004638672,-0.000909959664568305,0.013658550567924976,0.0012567266821861267,phone,user1,stand
52.299463458242826,2.488275604248047,9.448501739501953,-0.9707313537597657,0.007105021737515926,0.020792711526155472,0.0010511933360248804,phone,user1,stand
52.319461458246224,2.4472608947753907,9.46751220703125,-0.991388397216797,0.007286359556019306,0.018341297283768654,0.003532746573910117,phone,user1,stand
52.339460458257236,2.4304957580566406,9.496551818847657,-0.9653425598144532,0.004034646786749363,0.014887266792356968,0.0019525873940438032,phone,user1,stand
52.35945845826063,2.446512451171875,9.435329132080078,-0.9629475402832032,0.0013284217566251755,0.014322656206786633,0.0001617427624296397,phone,user1,stand
52.37945645826403,2.473905487060547,9.434580688476563,-0.9651928710937501,0.0023220698349177837,0.01649576798081398,-0.003645799122750759,phone,user1,stand
52.39945445826743,2.515069885253906,9.425449676513672,-0.9654922485351562,0.0021748761646449566,0.013728457503020763,-0.003787348046898842,phone,user1,stand
52.419452458270825,2.4911196899414065,9.479337615966797,-0.959055633544922,0.0011504434514790773,0.010552172549068928,-0.0033963718451559544,phone,user1,stand
52.43945145828184,2.4525,9.435029754638672,-0.9505233764648438,0.0009170256089419127,0.0029353415593504906,0.0012283839751034975,phone,user1,stand
52.459449458285235,2.459086303710938,9.447603607177735,-0.9770182800292969,-0.0017626471817493439,0.0018237379845231771,0.0011258522281423211,phone,user1,stand
52.47944745828863,2.4706123352050784,9.384884033203125,-1.0003697204589845,-0.0036540806759148836,0.004172636196017265,-0.0014221470337361097,phone,user1,stand
52.49944545829203,2.4938140869140626,9.420809326171875,-0.9955796813964845,-0.0024972259998321533,0.008188446052372456,-0.004994489718228579,phone,user1,stand
52.51944345829543,2.510878601074219,9.433383178710939,-0.9859996032714844,6.288778968155384e-05,0.005508126225322485,-0.00618696678429842,phone,user1,stand
52.53944245830644,2.5210574340820315,9.495204620361328,-0.9729766845703125,0.002762601710855961,0.005345054902136326,-0.004866901319473982,phone,user1,stand
52.55944045830984,2.492167510986328,9.50059341430664,-0.9584568786621094,0.004053906071931124,0.0007643230492249131,-0.00038111733738332987,phone,user1,stand
52.579438458313234,2.4527993774414063,9.418713684082032,-0.9162446594238282,-0.0011199319269508123,-0.002274473197758198,0.0029681753367185593,phone,user1,stand
52.59943645831663,2.4815396118164066,9.422156524658204,-0.9524693298339845,-0.0079477708786726,-0.00583080668002367,0.0014618788845837116,phone,user1,stand
52.619435458327644,2.491568756103516,9.373507690429689,-0.9852511596679688,-0.009724303148686886,-0.014102756977081299,0.0011458059307187796,phone,user1,stand
52.63943345833104,2.4791445922851563,9.456734619140626,-0.9993218994140626,-0.002693461487069726,-0.005551211070269346,-0.006388588808476925,phone,user1,stand
52.65943145833444,2.499053192138672,9.402996368408203,-0.9410929870605469,0.0022398964501917362,0.014394636265933514,-0.014919562265276909,phone,user1,stand
52.679429458337836,2.5700056457519533,9.437424774169923,-0.9241781616210938,0.0034499235916882753,0.014303270727396011,-0.016566235572099686,phone,user1,stand
52.69942745834123,2.5902136230468753,9.421557769775392,-0.9548643493652345,0.004761893767863512,-0.0004760723386425525,-0.011186695657670498,phone,user1,stand
52.71942645823583,2.511177978515625,9.435179443359376,-0.9755213928222657,0.0011766999959945679,-0.009924913756549358,-0.003378533059731126,phone,user1,stand
52.73942445823923,2.482437744140625,9.44311294555664,-0.9493258666992188,-0.0009040902368724346,-0.011805467307567596,-0.00165950832888484,phone,user1,stand
52.759422458242625,2.498903503417969,9.442214813232422,-0.9273216247558594,-0.002172422595322132,-0.001383972354233265,-0.002419057535007596,phone,user1,stand
52.77942045824602,2.5239015197753907,9.453291778564454,-0.8990304565429688,-0.0007166194263845682,0.0006092410767450929,-0.005213048774749041,phone,user1,stand
52.79941845824942,2.5330325317382814,9.450896759033204,-0.904119873046875,-0.00024071265943348408,0.0005826095584779978,-0.007183521520346403,phone,user1,stand
52.81941745826043,2.5319847106933593,9.42529998779297,-0.9383985900878907,-0.007672440260648727,-0.004652216099202633,-0.004572378005832434,phone,user1,stand
52.83941545826383,2.501897277832031,9.418414306640626,-0.9571096801757814,-0.014395653270184994,-0.010631905868649483,-0.001767847454175353,phone,user1,stand
52.85941345826723,2.5188121032714843,9.44880111694336,-0.9654922485351562,-0.011407160200178623,-0.010096380487084389,-0.0007782180327922106,phone,user1,stand
52.879411458270624,2.546953582763672,9.457333374023438,-0.9277706909179688,-0.0037343266885727644,0.002249235287308693,-0.004035796504467726,phone,user1,stand
52.899410458281636,2.5107289123535157,9.447753295898439,-0.8839118957519532,0.0025991233997046947,0.007862132973968983,-0.004057766869664192,phone,user1,stand
52.919408458285034,2.505340118408203,9.417516174316408,-0.8484356689453125,0.004601455759257078,-0.0011813024757429957,0.0020723408088088036,phone,user1,stand
52.93940645828843,2.5599765014648437,9.390721893310547,-0.9047186279296875,-0.0017201730515807867,-0.013345886021852493,-0.0012497074203565717,phone,user1,stand
52.95940445829183,2.5700056457519533,9.398206329345703,-1.0050100708007812,-0.006248200312256813,-0.01308926660567522,-0.007399946916848421,phone,user1,stand
52.979402458295226,2.53153564453125,9.401050415039062,-1.0575508117675783,-0.00627860426902771,-0.005399593152105808,-0.011152560822665691,phone,user1,stand
52.99940145830624,2.4626788330078124,9.400751037597656,-1.029708709716797,0.00480190385133028,0.002039112150669098,-0.012420225888490677,phone,user1,stand
53.01939958333969,2.4563919067382813,9.46317123413086,-0.9613009643554687,0.020083263516426086,0.011052390560507774,-0.01383232418447733,phone,user1,stand
53.03939758334309,2.4276516723632815,9.47364944458008,-0.8894503784179688,0.030806904658675194,0.024447515606880188,-0.014649122022092342,phone,user1,stand
53.059395583346486,2.478994903564453,9.542506256103517,-0.8566685485839844,0.02753290720283985,0.03280706703662872,-0.01234237290918827,phone,user1,stand
53.07939358323347,2.4905209350585937,9.546847229003907,-0.8771759033203126,0.009999697096645832,0.022344868630170822,-0.004425039980560541,phone,user1,stand
53.09939258324448,2.4508534240722657,9.499246215820312,-0.923280029296875,-0.005105991847813129,-0.0021931782830506563,0.006903914734721184,phone,user1,stand
53.11939058324788,2.39262451171875,9.396709442138672,-0.9418414306640626,-0.017093127593398094,-0.0186617448925972,0.009783146902918816,phone,user1,stand
53.139388583251275,2.402953033447266,9.385333099365235,-1.009650421142578,-0.01762506365776062,-0.028034159913659096,0.009742289781570435,phone,user1,stand
53.15938658325467,2.433040466308594,9.412127380371095,-1.0283615112304687,-0.009835212491452694,-0.017018761485815048,0.00016689285985194147,phone,user1,stand
53.17938458325807,2.462978210449219,9.423354034423829,-0.9445358276367188,0.005647464655339718,0.0007348564686253667,-0.006265352480113506,phone,user1,stand
53.19938358326908,2.4779470825195316,9.476493530273437,-0.9026229858398438,0.014255166985094547,0.0027709847781807184,-0.008390063419938087,phone,user1,stand
53.21938158327248,2.482587432861328,9.489965515136719,-0.910107421875,0.015158981084823608,-0.013084239326417446,-0.006277422420680523,phone,user1,stand
53.23937958327588,2.4695645141601563,9.446705474853516,-0.9636959838867188,0.0026161097921431065,-0.029955033212900162,0.0013626754516735673,phone,user1,stand
53.259377583279274,2.478695526123047,9.420360260009765,-0.9457333374023438,-0.008369038812816143,-0.038797199726104736,0.002863749861717224,phone,user1,stand
53.27937558328267,2.4912693786621096,9.454189910888672,-0.9397457885742188,-0.009431086480617523,-0.03294108062982559,0.0021694109309464693,phone,user1,stand
53.299374583293684,2.4963587951660156,9.460626525878906,-0.923280029296875,-0.00424331147223711,-0.022598257288336754,0.00042952419607900083,phone,user1,stand
53.31937258329708,2.4765998840332033,9.426198120117188,-0.931512908935547,0.0013493017759174109,-0.00906092394143343,-0.0003889959189109504,phone,user1,stand
53.33937058330048,2.465522918701172,9.425150299072266,-0.95082275390625,0.0015808771131560206,-0.0076133375987410545,-0.0019250407349318266,phone,user1,stand
53.359368583303876,2.4995022583007813,9.455537109375001,-0.9598040771484375,0.00011687562800943851,-0.016681760549545288,0.002257942222058773,phone,user1,stand
53.379366583307274,2.4599844360351564,9.472901000976563,-0.9550140380859375,0.004345649853348732,-0.02113458327949047,0.0017091730842366815,phone,user1,stand
53.399365583318286,2.4381298828125,9.491612091064454,-0.9427395629882813,0.005168789532035589,-0.019014110788702965,0.0012881739530712366,phone,user1,stand
53.41936358332168,2.4275019836425784,9.485025787353516,-0.9318122863769531,0.0017681592144072056,-0.011643405072391033,-0.0008213829714804888,phone,user1,stand
53.43936158332508,2.4532484436035156,9.412726135253907,-0.9798623657226563,-0.003273737384006381,-0.011135806329548359,-0.0015617418102920055,phone,user1,stand
53.45935958332848,2.489173736572266,9.40524169921875,-1.0186317443847657,-0.006389249116182327,-0.009989208541810513,-0.0012446250766515732,phone,user1,stand
53.479357583331876,2.4782464599609377,9.404193878173828,-1.0244696044921875,-0.003350440412759781,-0.013223540037870407,0.0013233720092102885,phone,user1,stand
53.49935658334289,2.465223541259766,9.436077575683594,-1.0105485534667968,0.004576485604047775,-0.00983880553394556,0.0019361800514161587,phone,user1,stand
53.519354583346285,2.429298248291016,9.471404113769532,-0.9839039611816407,0.010577075183391571,-0.0010091060539707541,-0.0006735546630807221,phone,user1,stand
53.53935258323327,2.4516018676757816,9.413624267578125,-1.0205776977539063,0.011184271425008774,-0.005156264174729586,-0.0003115214640274644,phone,user1,stand
53.559350583236665,2.448458404541016,9.426497497558595,-1.0491682434082032,0.0024015207309275866,-0.007761754095554352,-0.003827248699963093,phone,user1,stand
53.57934858324006,2.418670349121094,9.443262634277344,-1.0406359863281252,0.0075300936587154865,-0.0071256039664149284,-0.004641289357095957,phone,user1,stand
53.599347583251074,2.42136474609375,9.463769989013672,-1.0195298767089844,0.013160585425794125,0.001197885605506599,-0.00743263540789485,phone,user1,stand
53.61934558325447,2.452649688720703,9.468560028076173,-1.0020162963867187,0.0180522408336401,0.009629595093429089,-0.010276425629854202,phone,user1,stand
53.63934358325787,2.474803619384766,9.422156524658204,-1.0053094482421876,0.013819700106978416,0.00886710174381733,-0.008972563780844212,phone,user1,stand
53.659341583261266,2.4698638916015625,9.472451934814453,-1.0322534179687501,0.00651774276047945,0.0072700511664152145,-0.0018093043472617865,phone,user1,stand
53.679339583264664,2.4435186767578125,9.47903823852539,-1.0283615112304687,0.006808234378695488,-9.014405077323318e-05,0.0005828544963151217,phone,user1,stand
53.699338583275676,2.409090270996094,9.48038543701172,-1.012943572998047,0.011967839673161507,0.0075903357937932014,-0.0015166671946644783,phone,user1,stand
53.71933658327907,2.425855407714844,9.401499481201173,-1.0336006164550782,0.009138869121670723,0.008664951659739017,-0.005330316722393036,phone,user1,stand
53.73933458328247,2.4408242797851565,9.441017303466797,-1.0307565307617188,0.003335509914904833,-0.0017713499255478382,-0.0019879797473549843,phone,user1,stand
53.75933258328587,2.4623794555664062,9.427395629882813,-0.9833052062988282,0.006900872103869915,-0.0037422634195536375,-0.003034052439033985,phone,user1,stand
53.779330583289266,2.479893035888672,9.463320922851564,-0.9903405761718751,0.009355179034173489,-0.0019564409740269184,-0.0016764162573963404,phone,user1,stand
53.79932958330028,2.455942840576172,9.467661895751954,-0.9722282409667969,0.007259597070515156,-0.0025612269528210163,0.0003634574241004884,phone,user1,stand
53.819327583303675,2.471959533691406,9.448501739501953,-1.0144404602050783,0.0022637757938355207,-0.009885909967124462,0.004574332386255264,phone,user1,stand
53.83932558330707,2.468965759277344,9.441466369628907,-1.0184820556640626,-0.0035398255567997694,-0.008450859226286411,0.0034775743260979652,phone,user1,stand
53.85932358331047,2.4542962646484376,9.453441467285156,-0.9951306152343751,0.002382466569542885,-0.0028790058568120003,0.0001911295112222433,phone,user1,stand
53.87932158331387,2.452200622558594,9.44356201171875,-0.9493258666992188,0.006147606298327446,0.002110645640641451,0.001032507512718439,phone,user1,stand
53.89932058332488,2.461930389404297,9.447304229736329,-0.9916877746582031,0.0032475681509822607,-0.0020381405483931303,0.0018373767379671335,phone,user1,stand
53.91931858332828,2.4516018676757816,9.456734619140626,-0.9930349731445313,0.0019004965433850884,-0.005732488352805376,0.003964073956012726,phone,user1,stand
53.939316583331674,2.451302490234375,9.447154541015626,-0.9895921325683594,0.0023799510672688484,-0.002830836456269026,0.0026720797177404165,phone,user1,stand
53.95931458333507,2.477647705078125,9.421258392333986,-0.9970765686035157,0.0022525691892951727,0.003639252856373787,0.0009979978203773499,phone,user1,stand
53.97931258333847,2.481090545654297,9.447453918457033,-1.0240205383300782,0.0009949009399861097,0.003181268461048603,2.3459724616259336e-05,phone,user1,stand
53.999311583233066,2.468367004394531,9.441915435791016,-1.015338592529297,0.0017375110182911158,0.002932904986664653,0.0013294087257236242,phone,user1,stand
54.01930937496945,2.429447937011719,9.438023529052735,-1.0105485534667968,0.006564734503626823,0.001879654941149056,0.002709214808419347,phone,user1,stand
54.03930737497285,2.448757781982422,9.437275085449219,-1.0133926391601562,0.005368283949792385,0.0074966358952224255,0.0015234583988785744,phone,user1,stand
54.05930537497625,2.4529490661621094,9.45838119506836,-1.0086026000976562,0.004998493939638138,0.005614232737571001,0.0009674766333773732,phone,user1,stand
54.079303374979645,2.4782464599609377,9.479187927246095,-1.0217752075195312,0.003358865389600396,0.000797817949205637,0.002819957211613655,phone,user1,stand
54.09930237499066,2.472258911132813,9.459429016113281,-1.021475830078125,0.0019974184688180685,0.0032490091398358345,0.002935766940936446,phone,user1,stand
54.119300374994054,2.452050933837891,9.443711700439454,-1.0150392150878906,-0.0013470614794641733,-0.0023541441187262535,0.0060115535743534565,phone,user1,stand
54.13929837499745,2.4279510498046877,9.432634735107422,-1.0154882812500001,-0.0044125644490122795,-0.009945658035576344,0.006585774477571249,phone,user1,stand
54.15929637500085,2.4647744750976566,9.385632476806641,-1.0436297607421876,-0.0030280069913715124,-0.007049896754324436,0.0046564871445298195,phone,user1,stand
54.17929437500425,2.4878265380859377,9.417067108154297,-1.0635383605957032,-0.0003463062457740307,0.006424146704375744,-0.0006933822296559811,phone,user1,stand
54.19929337501526,2.465373229980469,9.430838470458985,-1.020128631591797,0.006894050166010857,0.012857243418693542,-0.0010500054340809584,phone,user1,stand
54.21929137490224,2.435285797119141,9.517657928466797,-1.0002200317382812,0.005683642812073231,0.004413087852299213,0.001505683409050107,phone,user1,stand
54.23928937490564,2.4360342407226563,9.469158782958985,-0.9834548950195313,0.0034206316340714693,-0.003258866723626852,0.004825226496905088,phone,user1,stand
54.259287374909036,2.4432192993164064,9.408385162353516,-1.0141410827636719,-0.0018214941956102848,-0.0029202529694885015,0.0018912896048277617,phone,user1,stand
54.27928537491243,2.4647744750976566,9.426946563720703,-1.0577005004882813,-0.003499654121696949,-0.00128635682631284,0.002489324426278472,phone,user1,stand
54.29928337491583,2.4730073547363283,9.417965240478516,-1.0324031066894532,0.0010641026310622692,0.003405380994081497,-0.002475451910868287,phone,user1,stand
54.31928237492684,2.5167164611816406,9.436526641845704,-0.9903405761718751,0.008025771006941795,0.010962219908833504,-0.005916485097259283,phone,user1,stand
54.33928037493024,2.5225543212890624,9.434281311035157,-1.0050100708007812,0.007224466651678085,0.00755509827286005,-0.004159263335168362,phone,user1,stand
54.35927837493364,2.488724670410156,9.456135864257813,-1.0355465698242188,0.0013100977521389723,-0.0021118763834238052,-0.0006289517041295767,phone,user1,stand
54.379276374937035,2.452350311279297,9.42634780883789,-1.0621911621093751,-0.0010221968404948711,-0.0012112417025491595,0.0009008795022964478,phone,user1,stand
54.39927437494043,2.48842529296875,9.436376953125,-1.0394384765625,0.0017337659373879433,0.012449362315237522,0.00010468089021742344,phone,user1,stand
54.419273374951445,2.4806414794921876,9.432335357666016,-1.0208770751953125,0.0077003734186291695,0.0216703861951828,-0.001716345432214439,phone,user1,stand
54.43927137495484,2.454595642089844,9.467661895751954,-1.0086026000976562,0.00981324352324009,0.014876601286232471,-0.003333435161039233,phone,user1,stand
54.45926937495824,2.4442671203613284,9.461973724365235,-1.0027647399902344,0.007545292377471924,0.01007457822561264,0.00011094575165770948,phone,user1,stand
54.47926737496164,2.487078094482422,9.434281311035157,-1.0235714721679687,0.003717513754963875,0.007018517702817917,-0.0033780031371861696,phone,user1,stand
54.499265374965034,2.4477099609375,9.426497497558595,-1.031205596923828,0.0008339860942214727,0.010418388992547989,-0.005035641137510538,phone,user1,stand
54.51926337496843,2.455942840576172,9.435778198242188,-1.0044113159179688,0.0036755173932760954,0.011935499496757984,-0.002261469606310129,phone,user1,stand
54.539262374979444,2.489323425292969,9.43248504638672,-1.0313552856445314,0.005656437948346138,0.014214192517101765,-0.004567457363009453,phone,user1,stand
54.55926037498284,2.494412841796875,9.468110961914062,-1.0121951293945313,0.008126027882099152,0.012278733775019646,-0.004038751590996981,phone,user1,stand
54.57925837498624,2.465672607421875,9.47185317993164,-0.9722282409667969,0.007724403403699398,0.012787237763404846,-0.002585025504231453,phone,user1,stand
54.599256374989636,2.484683074951172,9.477391662597658,-0.9601034545898438,0.0023023916874080896,0.009050496853888035,0.0024334173649549484,phone,user1,stand
54.619254374993034,2.488275604248047,9.497899017333985,-0.9530680847167969,-0.004541708622127771,0.0012749310117214918,0.004849218763411045,phone,user1,stand
54.639253375004046,2.506088562011719,9.428293762207032,-0.9575587463378906,-0.00841224193572998,0.005076354835182428,0.00392163498327136,phone,user1,stand
54.65925137500744,2.5011488342285157,9.407936096191406,-1.0084529113769531,-0.012678013183176517,0.006674504838883877,0.00318966805934906,phone,user1,stand
54.67924937501084,2.487078094482422,9.383087768554688,-1.0651849365234376,-0.01262562908232212,0.0032358444295823574,0.005044689867645502,phone,user1,stand
54.69924737501424,2.472258911132813,9.41048080444336,-1.0600955200195312,-0.008236473426222801,0.00838293507695198,0.005090496502816677,phone,user1,stand
54.71924537490122,2.4325914001464843,9.45029800415039,-1.0141410827636719,-0.00013604131527245045,0.01853327825665474,0.0015812539495527744,phone,user1,stand
54.73924437491223,2.434387664794922,9.469458160400391,-0.9801617431640626,0.01007664855569601,0.02136555314064026,-2.4898559786379337e-05,phone,user1,stand
54.75924237491563,2.435884552001953,9.448352050781251,-0.9475296020507813,0.00545610673725605,0.015445615164935589,-0.00034864048939198256,phone,user1,stand
54.77924037491903,2.43094482421875,9.481732635498048,-1.0084529113769531,-0.00690905237570405,0.0013340344885364175,0.0019784378819167614,phone,user1,stand
54.799238374922425,2.4230113220214844,9.468709716796875,-1.0298583984375,-0.01405603438615799,-0.006364746950566769,0.004677878692746162,phone,user1,stand
54.81923637492582,2.4132815551757814,9.411828002929688,-1.0303074645996095,-0.008338923566043377,-0.005328291095793247,0.0013208095915615559,phone,user1,stand
54.83923437492922,2.4700135803222656,9.419911193847657,-1.0460247802734375,-0.005752998404204845,-0.0016956122126430273,-0.0022262372076511383,phone,user1,stand
54.85923337494023,2.485431518554688,9.39132064819336,-1.0427316284179688,-0.005529759451746941,-0.002491931663826108,-0.002263495931401849,phone,user1,stand
54.87923137494363,2.4843836975097657,9.426946563720703,-1.0100994873046876,0.001943438546732068,-0.0011334994342178106,-0.0017523238202556968,phone,user1,stand
54.899229374947026,2.4803421020507814,9.472751312255859,-0.9704319763183594,0.006395977456122637,-0.0003033921238966286,-0.0011075724614784122,phone,user1,stand
54.919227374950424,2.4695645141601563,9.473050689697265,-0.9535171508789063,0.0037192741874605417,-0.0034226977732032537,6.614194717258215e-06,phone,user1,stand
54.93922537495382,2.4765998840332033,9.473799133300782,-0.9915380859375,-0.006455495487898588,-0.005946215242147446,0.002310387324541807,phone,user1,stand
54.95922437496483,2.465223541259766,9.435628509521484,-1.0008187866210938,-0.01231047511100769,-0.007568913046270609,0.0025464901700615883,phone,user1,stand
54.97922237496823,2.4815396118164066,9.405690765380859,-1.0268646240234376,-0.010553444735705853,-0.0050033386796712875,0.0004706167965196073,phone,user1,stand
54.99922037497163,2.4764501953125,9.415570220947266,-1.0223739624023438,-0.006804001051932573,-0.0028996053151786327,0.00029208941850811243,phone,user1,stand
55.019218208268285,2.4602838134765626,9.432335357666016,-0.9967771911621094,-0.0025268413592129946,0.0009525083005428314,0.0008989648194983602,phone,user1,stand
55.03921620827168,2.438728637695313,9.449399871826172,-0.9857002258300782,0.002347827423363924,0.0008814306929707527,0.0008223819313570857,phone,user1,stand
55.05921420827508,2.464325408935547,9.454339599609375,-0.9833052062988282,0.004919807892292738,0.0058779665268957615,-0.0010792489629238844,phone,user1,stand
55.07921320828609,2.4575894165039065,9.448501739501953,-0.9662406921386719,0.0019067483954131603,0.00690028490498662,-0.0007053923327475786,phone,user1,stand
55.09921120828949,2.4914190673828127,9.440867614746095,-0.9648934936523438,-0.0010502622462809086,0.0036973468959331512,-0.002619784325361252,phone,user1,stand
55.11920920829289,2.4963587951660156,9.451645202636719,-0.9991722106933594,-0.0031115487217903137,0.0002919629914686084,-0.0031889015808701515,phone,user1,stand
55.139207208296284,2.5077351379394535,9.442813568115234,-0.9979747009277344,-0.004049044102430344,-0.0033081253059208393,-0.0015783878043293953,phone,user1,stand
55.15920520829968,2.510878601074219,9.446555786132812,-0.9854008483886719,-0.0025124598760157824,0.001168490620329976,-0.0004443335928954184,phone,user1,stand
55.17920420831069,2.475402374267578,9.447603607177735,-0.9824070739746095,0.003199342405423522,0.004243625793606043,0.001108517637476325,phone,user1,stand
55.19920220831409,2.4899221801757814,9.445358276367188,-0.9743238830566406,0.0024522251915186644,0.010761624202132225,0.002259667729958892,phone,user1,stand
55.21920020831749,2.482288055419922,9.46077621459961,-0.9731263732910157,-0.001199399121105671,0.01361762173473835,0.0020466065034270287,phone,user1,stand
55.239198208320886,2.439327392578125,9.454040222167968,-0.9464817810058594,-0.002926848130300641,0.007136101834475994,0.003304864512756467,phone,user1,stand
55.25919620832428,2.442919921875,9.452842712402344,-0.9686357116699219,-0.0038025162648409605,0.002784067066386342,0.002879994921386242,phone,user1,stand
55.27919420832768,2.468217315673828,9.485325164794922,-0.9744735717773438,-0.0082175862044096,0.0018774704076349735,0.0022623916156589985,phone,user1,stand
55.29919320833869,2.4632775878906252,9.43967010498047,-0.9741741943359375,-0.005247281864285469,0.003268762491643429,0.0032837302424013615,phone,user1,stand
55.31919120834209,2.4604335021972656,9.423803100585937,-0.9859996032714844,-0.001933756284415722,0.005290064960718155,0.0017212263774126768,phone,user1,stand
55.33918920834549,2.473905487060547,9.412875823974609,-0.9952803039550782,-0.004448270425200462,0.0035790451802313328,0.0032990742474794388,phone,user1,stand
55.359187208348885,2.459235992431641,9.442514190673828,-1.0062075805664064,-0.0029985690489411354,-5.422485992312431e-05,0.004980241414159536,phone,user1,stand
55.37918520823587,2.440375213623047,9.467063140869142,-0.9618997192382813,0.0007294057868421078,0.003990376368165016,0.003828708315268159,phone,user1,stand
55.399183208239265,2.458337860107422,9.434730377197265,-0.9544152832031251,0.0020258529111742973,0.008851871825754642,-0.0015409295447170734,phone,user1,stand
55.41918220825028,2.4707620239257815,9.446256408691406,-0.9696835327148438,0.0003189102280884981,0.010850459337234497,-0.0022351546213030815,phone,user1,stand
55.439180208253674,2.4948619079589847,9.42245590209961,-0.9964778137207032,-0.0031090921256691217,0.004190720617771149,-0.0004240896669216454,phone,user1,stand
55.45917820825707,2.488125915527344,9.428443450927736,-0.98914306640625,-0.0011186434421688318,0.0021163204219192266,-0.0004109158180654049,phone,user1,stand
55.47917620826047,2.4807911682128907,9.454339599609375,-0.9785151672363281,0.002536032348871231,-0.001053942833095789,6.842639413662255e-05,phone,user1,stand
55.49917420826387,2.4530987548828125,9.461973724365235,-0.9768685913085938,-0.002269682241603732,-0.001825122395530343,0.005248327739536762,phone,user1,stand
55.51917320827488,2.438728637695313,9.459728393554688,-1.0030641174316406,-0.005243122112005949,-0.001198644284158945,0.004772325046360493,phone,user1,stand
55.539171208278276,2.4444168090820315,9.439819793701172,-0.9909393310546876,-0.00547283049672842,0.0057037826627492905,0.004564391914755106,phone,user1,stand
55.55916920828167,2.4601341247558595,9.446555786132812,-0.9894424438476563,-0.0005117296241223812,0.006890871096402407,0.002097808290272951,phone,user1,stand
55.57916720828507,2.454595642089844,9.446855163574218,-0.9990225219726563,-0.0017465762794017792,-0.0010407994268462062,0.003004244063049555,phone,user1,stand
55.59916520828847,2.471809844970703,9.429491271972656,-0.975820770263672,-0.004655587486922741,-0.005615901201963425,0.004616599529981613,phone,user1,stand
55.619163208291866,2.442021789550781,9.44401107788086,-0.9934840393066406,-0.005371936596930027,-0.0036210655234754086,0.003940226044505835,phone,user1,stand
55.63916220830288,2.45489501953125,9.415121154785156,-0.9864486694335938,-0.003649589139968157,-0.0026316451840102673,0.001420358894392848,phone,user1,stand
55.659160208306275,2.491868133544922,9.423803100585937,-0.9785151672363281,-0.002038827631622553,0.00027891353238373995,0.00031794869573786855,phone,user1,stand
55.67915820830967,2.5128245544433594,9.423204345703125,-1.009351043701172,0.000706890132278204,0.0006749898893758655,-0.0008627542410977185,phone,user1,stand
55.69915620831307,2.5093817138671874,9.451645202636719,-1.0077044677734375,0.0005794086027890444,0.002571351360529661,-0.0016760885482653975,phone,user1,stand
55.71915420831647,2.5032444763183594,9.454489288330079,-0.9684860229492188,0.0004374613054096699,0.005768276751041412,0.0009062568424269557,phone,user1,stand
55.739152208319865,2.476001129150391,9.4794873046875,-0.928070068359375,-0.0012565548531711102,0.0016676352825015783,0.0030391314066946507,phone,user1,stand
55.75915120833088,2.4614813232421877,9.441316680908203,-0.9563612365722657,-0.000812420854344964,-0.001566760940477252,0.006012946832925081,phone,user1,stand
55.779149208334275,2.4995022583007813,9.414073333740236,-0.9928852844238282,-0.006130878813564777,-0.0010866452939808369,0.003637609537690878,phone,user1,stand
55.79914720833767,2.5004003906250003,9.418264617919922,-1.004710693359375,-0.00965292751789093,-0.0010137035278603435,0.003691289108246565,phone,user1,stand
55.81914520834107,2.4804917907714845,9.43203598022461,-0.9931846618652345,-0.0042078495025634766,-0.002172874752432108,0.002608618699014187,phone,user1,stand
55.83914320834447,2.475252685546875,9.431287536621094,-0.9750723266601563,0.001206765417009592,0.0007490258431062102,0.0009226289112120867,phone,user1,stand
55.859141208347864,2.4956103515625,9.443861389160157,-0.9728269958496094,-0.000872874865308404,0.0006692290771752596,-0.0007597379153594375,phone,user1,stand
55.87914020824246,2.52195556640625,9.468859405517579,-0.9837542724609375,0.0007683495059609413,0.002887387527152896,-0.0005090055637992918,phone,user1,stand
55.89913820824586,2.47884521484375,9.419761505126953,-0.9731263732910157,-0.002885220805183053,0.005540590733289719,0.003569986205548048,phone,user1,stand
55.919136208249256,2.4875271606445315,9.452243957519531,-0.9678872680664063,-0.004284384660422802,0.0015910170041024685,0.005350497551262379,phone,user1,stand
55.93913420825265,2.4807911682128907,9.455836486816407,-0.9873468017578125,-0.005408094264566898,0.001289362902753055,0.0037647662684321404,phone,user1,stand
55.95913220825605,2.438878326416016,9.442214813232422,-0.9746232604980469,-0.00282613979652524,0.003181769046932459,0.0020251628011465073,phone,user1,stand
55.97913020825945,2.467768249511719,9.41766586303711,-0.961600341796875,-0.00013638869859278202,0.004977143835276365,-0.003109481418505311,phone,user1,stand
55.99912920827046,2.5259971618652344,9.399852905273438,-0.9851014709472656,-0.0005445294082164764,0.007095604669302702,-0.006219170056283474,phone,user1,stand
56.019127874984406,2.5532405090332033,9.421557769775392,-0.961600341796875,0.0016246152808889747,0.006758182309567928,-0.00574459508061409,phone,user1,stand
56.0391258749878,2.5262965393066406,9.45748306274414,-0.9598040771484375,0.004335202742367983,0.00682040024548769,-0.0023857192136347294,phone,user1,stand
56.0591238749912,2.510878601074219,9.488618316650392,-0.9193881225585938,0.003383469767868519,0.00021581538021564484,0.0027097221463918686,phone,user1,stand
56.0791218749946,2.4933650207519533,9.476493530273437,-0.9578581237792969,-0.004460398107767105,-0.005000675562769175,0.006237692199647427,phone,user1,stand
56.099119874997996,2.4830364990234375,9.43248504638672,-0.9755213928222657,-0.00824430026113987,-0.0050619179382920265,0.007337173447012901,phone,user1,stand
56.11911887500901,2.5008494567871096,9.431736602783204,-0.9867480468750001,-0.00868148822337389,0.0044244821183383465,0.004518329165875912,phone,user1,stand
56.139116875012405,2.5001010131835937,9.411678314208984,-0.9868977355957032,-0.0038616384845227003,0.011009239591658115,0.00016490230336785316,phone,user1,stand
56.1591148750158,2.4828868103027344,9.433233489990235,-0.9819580078125001,-0.0015938372816890478,0.008754320442676544,-5.11215184815228e-05,phone,user1,stand
56.179112874902785,2.4764501953125,9.441316680908203,-0.9598040771484375,-0.0033274521119892597,0.0044130561873316765,0.0018179973121732473,phone,user1,stand
56.19911087490618,2.4409739685058596,9.447154541015626,-0.9512718200683594,-0.0020960450638085604,0.0030700997449457645,0.00285349041223526,phone,user1,stand
56.21910887490958,2.4542962646484376,9.440418548583985,-0.9735754394531251,0.0019143893150612712,0.0032453727908432484,-8.261733455583453e-05,phone,user1,stand
56.23910787492059,2.4757017517089843,9.432784423828126,-0.9786648559570313,0.0015853836666792631,0.006281750276684761,-0.003413137746974826,phone,user1,stand
56.25910587492399,2.5152195739746097,9.42095901489258,-0.9647438049316407,-0.0028326131869107485,0.00803079642355442,-0.005419454071670771,phone,user1,stand
56.27910387492739,2.5065376281738283,9.448202362060547,-0.9692344665527344,-0.001761674415320158,0.005890204105526209,-0.004090254195034504,phone,user1,stand
56.299101874930784,2.4905209350585937,9.458680572509767,-0.9406439208984375,-0.0014598190318793058,0.002118346281349659,-0.0003040800802409649,phone,user1,stand
56.31909987493418,2.4996519470214844,9.432784423828126,-0.9487271118164063,0.0017065992578864098,-0.0009251665323972702,0.00032308115623891354,phone,user1,stand
56.33909787493758,2.5009991455078127,9.436676330566407,-0.9665400695800782,-0.0008224800694733858,0.004137356765568256,0.0012958773877471685,phone,user1,stand
56.35909687494859,2.4969575500488284,9.456734619140626,-0.9440867614746095,-0.001778945792466402,0.003937499597668648,-0.00017386465333402157,phone,user1,stand
56.37909487495199,2.4730073547363283,9.458081817626953,-0.9539662170410157,-0.002692818408831954,0.0024606306105852127,-0.00037152779987081885,phone,user1,stand
56.399092874955386,2.498604125976563,9.422605590820313,-0.9358538818359375,-0.003157825907692313,0.0022193847689777613,-0.002296966500580311,phone,user1,stand
56.41909087495878,2.515369262695313,9.439370727539062,-0.9596543884277344,-0.006587511394172907,0.0009157987078651786,-0.0015470481012016535,phone,user1,stand
56.43908887496218,2.5080345153808596,9.425599365234376,-0.9815089416503907,-0.006158553529530764,0.000403026700951159,-0.0003860632423311472,phone,user1,stand
56.45908687496558,2.4604335021972656,9.441466369628907,-0.9403445434570313,-0.0006016655825078487,0.005797496531158686,-0.00032391276909038424,phone,user1,stand
56.47908587497659,2.4598347473144533,9.449399871826172,-0.9386979675292969,0.00188753055408597,0.006790764629840851,-0.0003255527117289603,phone,user1,stand
56.49908387497999,2.4995022583007813,9.469458160400391,-0.9517208862304688,-0.0018367343582212925,0.002602393738925457,-2.0075589418411255e-05,phone,user1,stand
56.519081874983385,2.4861799621582032,9.46317123413086,-0.9325607299804688,-0.0017000117804855108,0.004127273336052895,-0.0013763116439804435,phone,user1,stand
56.53907987498678,2.466570739746094,9.448052673339845,-0.9319619750976563,-0.0011270835530012846,0.0037059506867080927,0.00023743559722788632,phone,user1,stand
56.55907787499018,2.4578887939453127,9.456884307861328,-0.9078620910644531,-0.0035939705558121204,0.00565012451261282,-0.0009515220299363136,phone,user1,stand
56.57907587499358,2.5129742431640625,9.391620025634767,-0.9367520141601563,-0.0008461209945380688,4.9496651627123356e-05,-6.255885818973184e-05,phone,user1,stand
56.59907487500459,2.515518951416016,9.422156524658204,-0.9340576171875,-0.00420578196644783,0.0016263624420389533,-0.0029796590097248554,phone,user1,stand
56.61907287500799,2.495460662841797,9.439969482421876,-0.9562115478515626,-0.0031666583381593227,-0.006492413580417633,0.0005542854778468609,phone,user1,stand
56.639070875011384,2.4818389892578128,9.454938354492189,-0.9632469177246095,-0.0029407385736703873,-0.007922272197902203,0.003116120584309101,phone,user1,stand
56.65906887501478,2.4721092224121093,9.452992401123048,-0.9604028320312501,-0.006081588100641966,-0.007524138316512108,0.002404929604381323,phone,user1,stand
56.679066874901764,2.4800427246093752,9.42485092163086,-0.93645263671875,-0.003384546609595418,0.0034663472324609756,0.001706564798951149,phone,user1,stand
56.69906487490516,2.5029450988769533,9.461374969482423,-0.9581575012207032,-0.0014440878294408321,0.003457610262557864,-0.0003459211438894272,phone,user1,stand
56.71906287490856,2.487078094482422,9.441466369628907,-0.9527687072753906,-0.0027329931035637856,0.00422756327316165,0.001762940315529704,phone,user1,stand
56.73906187491957,2.435585174560547,9.459429016113281,-0.9470805358886719,-0.004111567512154579,0.001186050591059029,0.0010832175612449646,phone,user1,stand
56.75905987492297,2.4180715942382816,9.426647186279297,-0.9313632202148437,-0.0027996522840112448,-0.002116672694683075,0.002848430536687374,phone,user1,stand
56.779057874926366,2.458188171386719,9.419761505126953,-0.9752220153808594,-0.005361940711736679,-0.0013337951386347413,0.0012299853842705488,phone,user1,stand
56.79905587492976,2.498304748535156,9.433682556152345,-0.9810598754882813,-0.004748720675706863,0.0033380286768078804,-2.2471649572253227e-05,phone,user1,stand
56.81905387493316,2.498903503417969,9.431437225341798,-0.9635462951660156,0.001318373717367649,0.004963377956300974,-0.0024048937484622,phone,user1,stand
56.83905187493656,2.5008494567871096,9.464219055175782,-0.9514215087890625,0.0034529510885477066,0.004777698777616024,-0.001749170827679336,phone,user1,stand
56.85905087494757,2.4704626464843753,9.44925018310547,-0.9604028320312501,-0.001961536007001996,-5.728792166337371e-05,0.004176521208137274,phone,user1,stand
56.87904887495097,2.4611819458007815,9.476044464111329,-0.9584568786621094,-0.0028449289966374636,-0.0038844188675284386,0.002748168772086501,phone,user1,stand
56.899046874954365,2.461780700683594,9.428892517089844,-0.9476792907714844,-0.0026589571498334408,-0.0021190159022808075,0.0015946284402161837,phone,user1,stand
56.91904487495776,2.4936643981933595,9.428593139648438,-0.9337582397460938,-0.001578143797814846,0.002750262152403593,0.0010312157683074474,phone,user1,stand
56.93904287496116,2.505040740966797,9.426946563720703,-0.9595046997070313,-0.003293405519798398,0.005876598879694939,-0.0006193983717821538,phone,user1,stand
56.95904087496456,2.4867787170410156,9.442663879394532,-0.9630972290039063,-0.001611779909580946,0.002390415407717228,0.0011366625549271703,phone,user1,stand
56.979038874967955,2.485581207275391,9.449399871826172,-0.9427395629882813,-0.0010410675313323736,-0.002479114104062319,0.0024697144981473684,phone,user1,stand
56.99903787497897,2.4869284057617187,9.463919677734376,-0.9363029479980469,0.00028135557658970356,-0.0055574169382452965,0.0028080898337066174,phone,user1,stand
57.01903537497856,2.481988677978516,9.447154541015626,-0.9557624816894532,8.329958654940128e-05,-0.001997043378651142,0.0034484551288187504,phone,user1,stand
57.039033374981955,2.494263153076172,9.414223022460938,-0.9304650878906251,-0.002408354077488184,0.0034981234930455685,0.0028740111738443375,phone,user1,stand
57.05903137498535,2.4807911682128907,9.44880111694336,-0.9502239990234376,-0.004381101578474045,0.0025470240507274866,0.0036152524407953024,phone,user1,stand
57.07902937498875,2.4706123352050784,9.454638977050783,-0.9550140380859375,-0.003794856136664748,-0.004634729120880365,0.003999154549092054,phone,user1,stand
57.09902737499215,2.4743545532226565,9.441915435791016,-0.9122030639648437,-0.0018887710757553577,-0.0027176947332918644,0.0011554732918739319,phone,user1,stand
57.11902637500316,2.501597900390625,9.428742828369142,-0.9264234924316407,-0.002807542448863387,-0.0052456059493124485,0.000745850324165076,phone,user1,stand
57.13902437500656,2.512525177001953,9.428144073486328,-0.9389973449707032,-0.004499985836446285,-0.007380073890089989,0.0022184476256370544,phone,user1,stand
57.159022375009954,2.5283921813964847,9.436526641845704,-0.9415420532226563,-0.0014367299154400826,-0.004933224059641361,0.002088756999000907,phone,user1,stand
57.17902037501335,2.540966033935547,9.440867614746095,-0.9148974609375,-0.00041754194535315037,-0.000668646243866533,0.0017621247097849846,phone,user1,stand
57.199018374900334,2.5222549438476562,9.433682556152345,-0.9349557495117188,-0.0016386169008910656,-0.006264500319957733,0.005444101989269257,phone,user1,stand
57.21901637490373,2.5105792236328126,9.448202362060547,-0.9648934936523438,-0.004958867095410824,-0.00569478515535593,0.005070190876722336,phone,user1,stand
57.23901437490713,2.469115447998047,9.438622283935548,-0.9415420532226563,-0.00537976436316967,0.0002765810349956155,0.00541910994797945,phone,user1,stand
57.25901337491814,2.4770489501953126,9.444460144042969,-0.9473799133300782,-0.002739159855991602,0.011385478079319,0.0009149193647317588,phone,user1,stand
57.27901137492154,2.4836352539062503,9.449100494384766,-0.9111552429199219,0.0002971659414470196,0.010495329275727272,0.0016602491959929466,phone,user1,stand
57.299009374924935,2.4733067321777344,9.446106719970704,-0.9467811584472656,-0.002528010169044137,0.0030946005135774612,0.0030929087661206722,phone,user1,stand
57.31900737492833,2.447560272216797,9.464817810058594,-0.9529183959960938,-0.0037365553434938192,-0.0016052855644375086,0.005490691866725683,phone,user1,stand
57.33900537493173,2.4568409729003906,9.42769500732422,-0.9630972290039063,-0.002445538993924856,-0.0014295114669948816,0.003942188341170549,phone,user1,stand
57.35900337493513,2.47166015625,9.416767730712891,-0.9584568786621094,-0.00338628888130188,0.0026132522616535425,-0.0001658204710111022,phone,user1,stand
57.37900237494614,2.513423309326172,9.428742828369142,-0.9538165283203125,-0.0018836499657481909,0.002797536551952362,-0.0019454697612673044,phone,user1,stand
57.39900037494954,2.525099029541016,9.456584930419922,-0.9383985900878907,0.0016769790090620518,0.005773860029876232,-0.00287103233858943,phone,user1,stand
57.418998374952935,2.515369262695313,9.441765747070313,-0.9386979675292969,0.004319670144468546,0.00792701169848442,-0.0009811681229621172,phone,user1,stand
57.43899637495633,2.5330325317382814,9.449100494384766,-0.923280029296875,0.0003547370433807373,0.008238108828663826,-0.001081007532775402,phone,user1,stand
57.45899437495973,2.5340803527832034,9.463919677734376,-0.9463320922851562,-0.0023413626477122307,0.006227882578969002,-1.2549571692943573e-05,phone,user1,stand
57.47899237496313,2.4800427246093752,9.482032012939454,-0.9529183959960938,-0.003592250868678093,0.010696997866034508,0.002137562958523631,phone,user1,stand
57.498990374966525,2.488275604248047,9.443861389160157,-0.9033714294433595,-0.0015063027385622263,0.014768542721867561,0.005567474290728569,phone,user1,stand
57.51898937497754,2.4767495727539064,9.443711700439454,-0.866847381591797,-0.003242278238758445,0.013988376595079899,0.007927353493869305,phone,user1,stand
57.538987374980934,2.488275604248047,9.400002593994142,-0.8696914672851563,-0.010906916111707687,-0.006807006895542145,0.006752592045813799,phone,user1,stand
57.55898537498433,2.5233027648925783,9.388027496337891,-0.9611512756347657,-0.017030419781804085,-0.02208823524415493,0.0036178031004965305,phone,user1,stand
57.57898337498773,2.540966033935547,9.394164733886718,-1.0105485534667968,-0.015447951853275299,-0.019187025725841522,-0.0022417129948735237,phone,user1,stand
57.598981374991126,2.538421325683594,9.41766586303711,-0.97716796875,-0.0052331723272800446,-0.007472178898751736,-0.004675380885601044,phone,user1,stand
57.618979374994524,2.525099029541016,9.423503723144531,-0.9352551269531251,0.005752324126660824,0.007697854656726122,-0.004536168649792671,phone,user1,stand
57.638978375005536,2.472707977294922,9.510023803710938,-0.9120533752441407,0.009739052504301071,0.008978928439319134,-0.0017269025556743145,phone,user1,stand
57.65897637500893,2.465672607421875,9.502090301513672,-0.8898994445800782,0.007502656430006027,0.007540683262050152,-0.00045955547830089927,phone,user1,stand
57.67897437501233,2.464624786376953,9.476493530273437,-0.8592132568359375,0.002258098218590021,0.00699893943965435,-7.140327943488955e-05,phone,user1,stand
57.69897237501573,2.489622802734375,9.411378936767578,-0.8478369140625001,-0.006516441237181425,0.0029326253570616245,-0.0001577609800733626,phone,user1,stand
57.71897037490271,2.5592280578613282,9.38413558959961,-0.9051676940917969,-0.012814940884709358,-0.00518267834559083,-0.001597941038198769,phone,user1,stand
57.73896837490611,2.5632696533203125,9.41961181640625,-0.9366023254394532,-0.009127737954258919,-0.001146774273365736,-0.003140529850497842,phone,user1,stand
57.758966374909505,2.5629702758789064,9.40763671875,-0.9129515075683594,-0.001989457756280899,-0.0004483769880607724,-0.0008780885254964232,phone,user1,stand
57.77896537492052,2.5307872009277346,9.466913452148438,-0.9108558654785157,0.0019056968158110976,-0.0066489954479038715,0.0045777722261846066,phone,user1,stand
57.798963374923915,2.5081842041015627,9.459578704833985,-0.9122030639648437,-0.0009604957886040211,-0.009366762824356556,0.004525857977569103,phone,user1,stand
57.81896137492731,2.5081842041015627,9.440568237304689,-0.9397457885742188,-0.0042948732152581215,-0.00016129709547385573,0.0031269125174731016,phone,user1,stand
57.83895937493071,2.4968078613281253,9.439071350097656,-0.9331594848632813,-0.002449141815304756,0.016242817044258118,-0.0010837831068783998,phone,user1,stand
57.85895737493411,2.464325408935547,9.424252166748047,-0.9171427917480469,-0.0018132440745830536,0.015292301774024963,2.3654429242014885e-05,phone,user1,stand
57.878955374937505,2.418520660400391,9.435628509521484,-0.9113049316406251,-0.0029734764248132706,0.004714655224233866,0.00037836283445358276,phone,user1,stand
57.8989533749409,2.428699493408203,9.476493530273437,-0.8888516235351563,0.0007760070730000734,-0.0012346190633252263,6.141792982816696e-05,phone,user1,stand
57.918952374951914,2.436632995605469,9.4890673828125,-0.8943901062011719,0.0029085585847496986,-0.0020206840708851814,-0.0010720002464950085,phone,user1,stand
57.93895037495531,2.4861799621582032,9.443711700439454,-0.9053173828125001,0.0002648439258337021,0.0008690573740750551,-0.0030870833434164524,phone,user1,stand
57.95894837495871,2.53632568359375,9.436975708007813,-0.9613009643554687,-0.008964460343122482,-0.00665035517886281,-0.004024207592010498,phone,user1,stand
57.978946374962106,2.5274940490722657,9.422605590820313,-0.9577084350585938,-0.010412796400487423,-0.017891129478812218,-0.0007526158588007092,phone,user1,stand
57.998944374965504,2.506238250732422,9.443711700439454,-0.9204359436035157,-0.0031120027415454388,-0.012182432226836681,0.0001695005630608648,phone,user1,stand
58.01894245832227,2.4998016357421875,9.441466369628907,-0.8997789001464844,-0.0007876562885940075,0.003368739504367113,-0.00038953882176429033,phone,user1,stand
58.03894045832567,2.5274940490722657,9.451046447753907,-0.918340301513672,0.003148055635392666,0.00827461201697588,-0.0011782507644966245,phone,user1,stand
58.05893945833668,2.4828868103027344,9.435628509521484,-0.9119036865234376,0.002615447621792555,0.008036698214709759,-0.0003256700001657009,phone,user1,stand
58.07893745834008,2.4935147094726564,9.411678314208984,-0.9098080444335938,0.0013711764477193356,-0.0003723637491930276,0.0011903959093615413,phone,user1,stand
58.098935458343476,2.474953308105469,9.478140106201172,-0.9090596008300782,-0.0037961129564791918,0.001957767643034458,0.0005417215870693326,phone,user1,stand
58.11893345834687,2.4975563049316407,9.437424774169923,-0.9131011962890625,-0.0071563576348125935,0.01063674595206976,-0.0017904759151861072,phone,user1,stand
58.138931458233856,2.5132736206054687,9.379046173095704,-0.9776170349121094,-0.003307035192847252,0.017378447577357292,-0.0047200703993439674,phone,user1,stand
58.15892945823725,2.478994903564453,9.434580688476563,-0.9960287475585938,0.0005807974375784397,0.004494905937463045,-0.002069377340376377,phone,user1,stand
58.17892745824065,2.4438180541992187,9.47514633178711,-0.9219328308105469,0.007025969214737415,0.011386512778699398,-0.0025110188871622086,phone,user1,stand
58.19892645825166,2.472258911132813,9.465865631103517,-0.85502197265625,0.006802184507250786,0.016562849283218384,-0.0029006502591073513,phone,user1,stand
58.21892445825506,2.4842340087890626,9.502389678955078,-0.8589138793945313,0.006028554867953062,0.01710236631333828,-0.0010915950406342745,phone,user1,stand
58.23892245825846,2.498903503417969,9.472152557373047,-0.9056167602539062,-0.0016915749292820692,0.005526302382349968,5.0344911869615316e-05,phone,user1,stand
58.258920458261855,2.492017822265625,9.469158782958985,-0.9138496398925782,-0.008823786862194538,0.008349785581231117,0.0005238549783825874,phone,user1,stand
58.27891845826525,2.499202880859375,9.426048431396485,-0.9196875,-0.00819224864244461,0.001235638395883143,0.00019852904370054603,phone,user1,stand
58.29891645826865,2.495760040283203,9.416019287109375,-0.9210346984863281,-0.00704047828912735,-0.0019333321833983064,-0.0025034493301063776,phone,user1,stand
58.31891545827966,2.505040740966797,9.3932666015625,-0.910107421875,-0.0009174838196486235,0.008742394857108593,-0.006247239653021097,phone,user1,stand
58.33891345828306,2.478545837402344,9.412127380371095,-0.8997789001464844,0.007700799964368343,0.019408470019698143,-0.00776447681710124,phone,user1,stand
58.35891145828646,2.497855682373047,9.447154541015626,-0.8836125183105469,0.009843617677688599,0.01793087087571621,-0.0036400973331183195,phone,user1,stand
58.378909458289854,2.465822296142578,9.50388656616211,-0.8740324401855469,0.006801367271691561,0.008184585720300674,0.00013005672371946275,phone,user1,stand
58.39890745829325,2.4334895324707033,9.489815826416017,-0.8876541137695313,-0.002086097141727805,-0.0045789615251123905,0.00499106477946043,phone,user1,stand
58.41890545829665,2.434537353515625,9.479187927246095,-0.8870553588867188,-0.007626327220350504,-0.0034195673651993275,0.004209782462567091,phone,user1,stand
58.43890345830005,2.448907470703125,9.450148315429688,-0.9135502624511719,-0.008514758199453354,-0.002792925341054797,0.001602547476068139,phone,user1,stand
58.458901458303444,2.448757781982422,9.478140106201172,-0.9086105346679688,-0.0072628711350262165,-0.0028510165866464376,0.0009613534202799201,phone,user1,stand
58.478900458314456,2.446512451171875,9.449998626708984,-0.8753796386718751,-0.006223270669579506,-0.0069115497171878815,0.002733171684667468,phone,user1,stand
58.49889845831785,2.492915954589844,9.43443099975586,-0.8631051635742188,-0.00617236690595746,-0.008644014596939087,0.0002292092249263078,phone,user1,stand
58.51889645832125,2.518512725830078,9.417067108154297,-0.9021739196777344,-0.00709148496389389,-0.01180208195000887,0.003040134208276868,phone,user1,stand
58.53889445832465,2.5259971618652344,9.406289520263673,-0.9139993286132813,-0.007383675314486027,-0.015072840265929699,0.003077347530052066,phone,user1,stand
58.558892458328046,2.4999513244628906,9.43443099975586,-0.9026229858398438,-0.006194041110575199,-0.012752427719533443,0.001051214523613453,phone,user1,stand
58.57889045833144,2.48842529296875,9.461824035644531,-0.8708889770507813,-0.002268705051392317,-0.008325766772031784,0.0016934152226895094,phone,user1,stand
58.598889458342455,2.5042922973632815,9.463769989013672,-0.8731343078613282,-0.000531110679730773,-0.007043429184705019,0.0016697576502338052,phone,user1,stand
58.61888745834585,2.5090823364257813,9.459878082275392,-0.8970845031738282,-0.0012271853629499674,-0.006327994633466005,0.003390576457604766,phone,user1,stand
58.638885458232835,2.4963587951660156,9.438921661376954,-0.91729248046875,-0.005924959201365709,-0.00799526832997799,0.006013595033437014,phone,user1,stand
58.65888345823623,2.4828868103027344,9.434730377197265,-0.9225315856933595,-0.006459340453147888,-0.011224387213587761,0.005505944602191448,phone,user1,stand
58.67888145823963,2.47884521484375,9.4315869140625,-0.9053173828125001,-0.005109190475195646,-0.009828723967075348,0.005436559207737446,phone,user1,stand
58.69887945824303,2.4902215576171876,9.444759521484375,-0.9032217407226563,-0.0025512301363050938,-0.00953465886414051,0.004835351835936308,phone,user1,stand
58.718877458246425,2.5044419860839846,9.435029754638672,-0.9165440368652344,-0.0011295261792838573,-0.0049581145867705345,0.004661957733333111,phone,user1,stand
58.73887645825744,2.5132736206054687,9.452543334960938,-0.9339079284667969,-0.002305620349943638,-0.005749204196035862,0.006555127911269665,phone,user1,stand
58.758874458260834,2.5005500793457034,9.458231506347657,-0.9211843872070313,-0.004658850375562906,-0.008418580517172813,0.00659130560234189,phone,user1,stand
58.77887245826423,2.505340118408203,9.411828002929688,-0.8922944641113282,-0.005950665567070246,-0.00823669321835041,0.006361350417137146,phone,user1,stand
58.79887045826763,2.5234524536132814,9.430090026855469,-0.9217831420898438,-0.00642896955832839,-0.004053133074194193,0.004857996013015509,phone,user1,stand
58.81886845827103,2.5402175903320314,9.443861389160157,-0.9307644653320313,-0.003346062730997801,-0.0006299333763308823,0.004005858674645424,phone,user1,stand
58.838866458274424,2.518961791992188,9.42440185546875,-0.925675048828125,0.0012673602905124426,0.004233383573591709,0.0028470843099057674,phone,user1,stand
58.85886445827782,2.5268952941894534,9.425000610351564,-0.8937913513183594,0.0023587611503899097,0.004204807337373495,0.0017479388043284416,phone,user1,stand
58.87886345828883,2.5307872009277346,9.445507965087891,-0.8869056701660156,-0.00041944836266338825,0.002824491122737527,2.9400864150375128e-05,phone,user1,stand
58.89886145829223,2.5472529602050784,9.4124267578125,-0.9021739196777344,0.0007152261678129435,0.007049585692584515,-0.0006472909008152783,phone,user1,stand
58.91885945829563,2.548899536132813,9.434580688476563,-0.8782237243652344,0.0017985162558034062,0.01681779883801937,-0.0018336044158786535,phone,user1,stand
58.938857458299026,2.502496032714844,9.477092285156251,-0.8922944641113282,0.0015413342043757439,0.01038098894059658,-0.00031852058600634336,phone,user1,stand
58.95885545830242,2.4963587951660156,9.454638977050783,-0.9026229858398438,-0.0007256278768181801,0.0025461858604103327,0.00425970833748579,phone,user1,stand
58.97885345830582,2.4872277832031253,9.460925903320312,-0.899180145263672,-0.004460837692022324,0.0032384819351136684,0.006141550373286009,phone,user1,stand
58.99885145830922,2.4777973937988285,9.474547576904298,-0.8881031799316407,-0.0037362249568104744,0.009478555992245674,0.004151291213929653,phone,user1,stand
59.018849208252504,2.5174649047851565,9.436676330566407,-0.8864566040039062,-0.0016454469878226519,0.014706897549331188,-0.001255492214113474,phone,user1,stand
59.038848208263516,2.50279541015625,9.451046447753907,-0.9072633361816407,-0.004062937572598457,0.016763783991336823,-0.0016374418046325445,phone,user1,stand
59.058846208266914,2.459086303710938,9.437574462890625,-0.8875044250488282,-0.005337059963494539,0.010677889920771122,-0.0009111044346354902,phone,user1,stand
59.07884420827031,2.4361839294433594,9.426048431396485,-0.8613088989257813,-0.005152563564479351,0.00754166254773736,0.0009509368101134896,phone,user1,stand
59.09884220827371,2.4709117126464846,9.440268859863282,-0.8551716613769532,-0.00122113898396492,0.0075456928461790085,0.0010555051267147064,phone,user1,stand
59.118840208277106,2.496658172607422,9.448651428222657,-0.8622070312500001,-0.0013362905010581017,0.017251094803214073,-0.0023151037748903036,phone,user1,stand
59.138838208280504,2.4734564208984375,9.463021545410157,-0.8602610778808594,0.0008384466636925936,0.017801837995648384,-0.003411260899156332,phone,user1,stand
59.1588362082839,2.5001010131835937,9.508526916503907,-0.8451425170898438,-0.002147489693015814,0.012952487915754318,-5.6743272580206394e-05,phone,user1,stand
59.17883520829491,2.4939637756347657,9.49191146850586,-0.8421487426757813,-0.003319219220429659,0.009169824421405792,0.0014887305442243814,phone,user1,stand
59.19883320829831,2.476150817871094,9.457033996582032,-0.8234376525878907,-0.0025232916232198477,0.011225040070712566,0.0007427685195580125,phone,user1,stand
59.21883120830171,2.5991949462890624,9.342821502685547,-0.9380992126464844,-0.0044904593378305435,0.015962708741426468,-0.008898160420358181,phone,user1,stand
59.238829208305106,2.7336154174804688,9.305249633789064,-1.021475830078125,-0.013503371737897396,0.021120624616742134,-0.010552148334681988,phone,user1,stand
59.2588272083085,2.677482147216797,9.349707183837891,-0.93645263671875,-0.0028262739069759846,0.03562518581748009,-0.0052201710641384125,phone,user1,stand
59.2788252083119,2.532583465576172,9.452543334960938,-0.81191162109375,0.01952892169356346,0.03687122091650963,0.0038644117303192616,phone,user1,stand
59.2988232083153,2.478396148681641,9.521849212646485,-0.7470964050292969,0.02227836474776268,0.02667882665991783,0.0064731137827038765,phone,user1,stand
59.31882220832631,2.5310865783691407,9.505233764648438,-0.8036787414550781,0.007867757230997086,0.035855453461408615,0.003989551216363907,phone,user1,stand
59.33882020832971,2.5731491088867187,9.432784423828126,-0.9250762939453125,-0.0065412940457463264,0.030821850523352623,0.002448142971843481,phone,user1,stand
59.358818208333105,2.5366250610351564,9.448352050781251,-0.9342073059082032,-0.005811677314341068,0.023150939494371414,0.005350980442017317,phone,user1,stand
59.3788162083365,2.455044708251953,9.433981933593751,-0.8729846191406251,0.002882604952901602,0.031069446355104446,0.004877685569226742,phone,user1,stand
59.3988142083399,2.4900718688964845,9.466614074707032,-0.7993377685546875,0.013923060148954391,0.04762991890311241,0.000448222883278504,phone,user1,stand
59.4188122083433,2.588417358398438,9.435927886962892,-0.8220904541015626,0.006729195825755596,0.051443908363580704,-0.007365410681813955,phone,user1,stand
59.438810208346695,2.588117980957031,9.384434967041017,-0.8881031799316407,0.0064522214233875275,0.04392612725496292,-0.0038128846790641546,phone,user1,stand
59.45880920824129,2.555036773681641,9.378297729492187,-0.9060658264160156,0.007874597795307636,0.05010922998189926,-0.004030700773000717,phone,user1,stand
59.47880720824469,2.549198913574219,9.36108352661133,-0.8985813903808594,0.01519519742578268,0.059636641293764114,-0.006302530877292156,phone,user1,stand
59.498805208248086,2.6659561157226563,9.399254150390625,-0.9199868774414063,0.018353786319494247,0.0746835470199585,-0.007194946054369211,phone,user1,stand
59.518803208251484,2.6201513671875003,9.532926177978515,-0.9437873840332032,0.020036926493048668,0.08182072639465332,-0.013187488541007042,phone,user1,stand
59.53880120825488,2.542163543701172,9.462422790527345,-0.8982820129394532,0.025519637390971184,0.085629403591156,-0.0070890747010707855,phone,user1,stand
59.55879920825828,2.4872277832031253,9.45748306274414,-0.8663983154296876,0.02527531608939171,0.07267321646213531,0.0014029662124812603,phone,user1,stand
59.578797208261676,2.401905212402344,9.379195861816406,-0.89334228515625,0.021647153422236443,0.05443868786096573,0.00890450831502676,phone,user1,stand
59.59879620827269,2.462828521728516,9.363478546142579,-0.8930429077148438,0.015813250094652176,0.05974232777953148,0.0024556326679885387,phone,user1,stand
59.618794208276086,2.506088562011719,9.45748306274414,-0.87897216796875,0.017614001408219337,0.08621569722890854,-0.009878008626401424,phone,user1,stand
59.63879220827948,2.538421325683594,9.520352325439454,-0.8472381591796876,0.020947929471731186,0.08509664237499237,-0.012734659016132355,phone,user1,stand
59.65879020828288,2.4664210510253906,9.627679138183595,-0.7813751220703126,0.01857452467083931,0.06546589732170105,-0.007939770817756653,phone,user1,stand
59.67878820828628,2.416125640869141,9.505682830810548,-0.757873992919922,0.012267550453543663,0.04947430267930031,-0.0027068115305155516,phone,user1,stand
59.698786208289675,2.4273522949218753,9.433832244873047,-0.8104147338867188,-0.002060803584754467,0.0352739617228508,-0.0037511622067540884,phone,user1,stand
59.71878420829307,2.415526885986328,9.431437225341798,-0.8946894836425782,-0.014999475330114365,0.031113695353269577,0.0030755542684346437,phone,user1,stand
59.73878220829647,2.3281086730957035,9.499994659423828,-0.9297166442871094,-0.021021662279963493,0.01779252104461193,0.012842667289078236,phone,user1,stand
59.75878120830748,2.335742797851563,9.479187927246095,-0.8875044250488282,-0.02304220385849476,-0.008056119084358215,0.02311953902244568,phone,user1,stand
59.77877920831088,2.393672332763672,9.488768005371094,-0.8919950866699219,-0.022179745137691498,-0.024312729015946388,0.02197778970003128,phone,user1,stand
59.79877720831428,2.4266038513183594,9.43488006591797,-0.9027726745605469,-0.021897461265325546,-0.03231116384267807,0.02023128978908062,phone,user1,stand
59.818775208317675,2.4216641235351566,9.449549560546876,-0.9096583557128907,-0.02209065482020378,-0.027908919379115105,0.01657934859395027,phone,user1,stand
59.83877320832107,2.4504043579101564,9.471254425048828,-0.8762777709960938,-0.01673145592212677,-0.022877229377627373,0.00882910005748272,phone,user1,stand
59.85877120832447,2.4909700012207034,9.455836486816407,-0.8170010375976563,-0.009478989988565445,-0.0234979260712862,0.008462832309305668,phone,user1,stand
59.87876920832787,2.5465045166015625,9.459878082275392,-0.795146484375,-0.01785387471318245,-0.03844930976629257,0.011276391334831715,phone,user1,stand
59.89876820833888,2.521506500244141,9.498497772216798,-0.8120613098144531,-0.02952837571501732,-0.055617909878492355,0.017465578392148018,phone,user1,stand
59.91876620834228,2.480940856933594,9.417815551757814,-0.8315208435058594,-0.028931252658367157,-0.05988549441099167,0.022937912493944168,phone,user1,stand
59.938764208345674,2.5366250610351564,9.448052673339845,-0.8806187438964844,-0.028670713305473328,-0.05026690661907196,0.018079785630106926,phone,user1,stand
59.95876220834907,2.5988955688476563,9.406439208984375,-0.8797206115722657,-0.032390493899583817,-0.040886860340833664,0.010590391233563423,phone,user1,stand
59.978760208236054,2.6801765441894534,9.424701232910158,-0.8913963317871094,-0.0348941907286644,-0.034435443580150604,0.007950624451041222,phone,user1,stand
59.99875820823945,2.6728417968750002,9.442663879394532,-0.8289761352539063,-0.02938101440668106,-0.02261362597346306,0.007731866557151079,phone,user1,stand
60.01875645830296,2.617456970214844,9.512269134521485,-0.8574169921875,-0.02478860132396221,-0.015219535678625107,0.013810040429234505,phone,user1,stand
60.03875545831397,2.4695645141601563,9.471404113769532,-0.8614585876464844,-0.03352942690253258,-0.018732547760009766,0.027040183544158936,phone,user1,stand
60.05875345831737,2.4602838134765626,9.436975708007813,-0.8560697937011719,-0.04217548295855522,-0.03383902087807655,0.03913215547800064,phone,user1,stand
60.07875145832077,2.4866290283203125,9.416767730712891,-0.8018824768066407,-0.0461454764008522,-0.038784198462963104,0.04161291942000389,phone,user1,stand
60.098749458324164,2.5524920654296874,9.36213134765625,-0.7631130981445313,-0.04018280282616615,-0.030178815126419067,0.03543153777718544,phone,user1,stand
60.11874745832756,2.672392730712891,9.327702941894533,-0.8181985473632812,-0.031538981944322586,-0.02177254855632782,0.02009439282119274,phone,user1,stand
60.13874545833096,2.7542724609375,9.321565704345703,-0.8376580810546875,-0.024790531024336815,-0.003207385540008545,0.008696862496435642,phone,user1,stand
60.15874345833436,2.7894493103027345,9.316176910400392,-0.8074209594726562,-0.017211847007274628,0.005677847191691399,0.004528965335339308,phone,user1,stand
60.178741458337754,2.772235107421875,9.361382904052736,-0.7623646545410157,-0.0014151199720799923,0.015946945175528526,0.004108174238353968,phone,user1,stand
60.198740458348766,2.844834136962891,9.411079559326172,-0.7134164428710937,0.011627808213233948,0.038658928126096725,0.0034996229223906994,phone,user1,stand
60.21873845823575,2.90036865234375,9.409133605957031,-0.7270381164550782,0.018010690808296204,0.0709923580288887,-0.0023730366956442595,phone,user1,stand
60.238736458239146,2.8407925415039066,9.401499481201173,-0.7015910339355469,0.02723155915737152,0.10878092795610428,-0.01040197629481554,phone,user1,stand
60.25873445824254,2.6699977111816406,9.506880340576172,-0.6613247680664063,0.029606178402900696,0.11967547237873077,-0.009114153683185577,phone,user1,stand
60.27873245824594,2.535277862548828,9.548344116210938,-0.6123765563964844,0.020576272159814835,0.10402657091617584,0.004003389272838831,phone,user1,stand
60.29873045824934,2.4936643981933595,9.563163299560548,-0.623902587890625,0.001865422585979104,0.08010738343000412,0.017042923718690872,phone,user1,stand
60.318728458252735,2.5339306640625003,9.448501739501953,-0.6761439514160157,-0.010812411084771156,0.07259521633386612,0.016121119260787964,phone,user1,stand
60.33872745826375,2.6699977111816406,9.301806793212892,-0.730331268310547,-0.018968869000673294,0.08761470764875412,0.006609607022255659,phone,user1,stand
60.358725458267145,2.8050169372558593,9.204359436035157,-0.7909552001953125,-0.011940162628889084,0.11547665297985077,-0.0033703080844134092,phone,user1,stand
60.37872345827054,2.890489196777344,9.16573974609375,-0.8355624389648438,0.006928703282028437,0.12732259929180145,-0.01228352915495634,phone,user1,stand
60.39872145827394,2.897524566650391,9.307345275878907,-0.8129594421386719,0.031802572309970856,0.1311052143573761,-0.01870458945631981,phone,user1,stand
60.41871945827734,2.7906468200683596,9.368418273925782,-0.7548802185058594,0.05271190404891968,0.14356549084186554,-0.02651546150445938,phone,user1,stand
60.438717458280735,2.7830126953125003,9.375902709960938,-0.7435038757324219,0.06598855555057526,0.16374564170837402,-0.031262416392564774,phone,user1,stand
60.45871545828413,2.80456787109375,9.408834228515625,-0.77359130859375,0.06414777785539627,0.18873994052410126,-0.03520602360367775,phone,user1,stand
60.47871345828753,2.8030709838867187,9.348359985351562,-0.7502398681640625,0.07214000821113586,0.19819815456867218,-0.035614144057035446,phone,user1,stand
60.49871245829854,2.658022613525391,9.468410339355469,-0.6951544189453125,0.0801425650715828,0.19667527079582214,-0.03554319962859154,phone,user1,stand
60.51871045830194,2.5045916748046877,9.512568511962892,-0.6390211486816406,0.07049114257097244,0.18586325645446777,-0.02748841792345047,phone,user1,stand
60.53870845830534,2.395318908691406,9.533973999023438,-0.6448590087890625,0.05021781474351883,0.16438910365104675,-0.018620461225509644,phone,user1,stand
60.558706458308734,2.378853149414063,9.52304672241211,-0.7039860534667969,0.032522764056921005,0.13863061368465424,-0.01280420832335949,phone,user1,stand
60.57870445831213,2.4141796875000003,9.444160766601563,-0.7740403747558594,0.01769428327679634,0.12760034203529358,-0.013040163554251194,phone,user1,stand
60.59870245831553,2.481988677978516,9.447902984619141,-0.781824188232422,0.015146213583648205,0.12490269541740417,-0.019096387550234795,phone,user1,stand
60.618700458318926,2.492766265869141,9.450148315429688,-0.8123606872558594,0.021129058673977852,0.1106509193778038,-0.02039450593292713,phone,user1,stand
60.63869945832994,2.4373814392089845,9.522747344970703,-0.7899073791503907,0.02524215541779995,0.08485598117113113,-0.015691915526986122,phone,user1,stand
60.658697458333336,2.3932232666015625,9.450447692871094,-0.7768844604492188,0.025649473071098328,0.05764611065387726,-0.010673639364540577,phone,user1,stand
60.67869545833673,2.446512451171875,9.393865356445312,-0.7840695190429688,0.02171289175748825,0.03358041122555733,-0.01308768056333065,phone,user1,stand
60.69869345834013,2.4830364990234375,9.38608154296875,-0.7973918151855469,0.017612293362617493,0.019207466393709183,-0.015489003621041775,phone,user1,stand
60.71869145834353,2.4999513244628906,9.430688781738281,-0.8041278076171875,0.018783122301101685,0.009872776456177235,-0.014247591607272625,phone,user1,stand
60.738689458346926,2.405797119140625,9.5417578125,-0.7632627868652344,0.02680141106247902,0.002580375177785754,-0.017237717285752296,phone,user1,stand
60.75868745823391,2.365680541992188,9.522597656250001,-0.7092251586914062,0.026559390127658844,-0.008161928504705429,-0.017431020736694336,phone,user1,stand
60.778685458237305,2.479743347167969,9.479187927246095,-0.7536827087402345,0.015492630191147327,-0.00976786483079195,-0.019553160294890404,phone,user1,stand
60.79868445824832,2.475102996826172,9.508227539062501,-0.7752378845214845,0.0013321491423994303,-0.018385007977485657,-0.015285434201359749,phone,user1,stand
60.818682458251715,2.401007080078125,9.528285827636719,-0.7530839538574219,-0.003863145597279072,-0.03311867639422417,-0.006441609468311071,phone,user1,stand
60.83868045825511,2.2999671936035155,9.539512481689453,-0.7420069885253907,-0.009621493518352509,-0.05217394977807999,0.0014756612945348024,phone,user1,stand
60.85867845825851,2.371967468261719,9.417965240478516,-0.7725434875488282,-0.017621206119656563,-0.07517744600772858,0.001389391953125596,phone,user1,stand
60.87867645826191,2.492167510986328,9.422904968261719,-0.8114625549316407,-0.02445310913026333,-0.07626215368509293,-0.0015541762113571167,phone,user1,stand
60.898674458265305,2.482587432861328,9.395062866210939,-0.8563691711425782,-0.015320022590458393,-0.07662741094827652,-0.0017884622793644667,phone,user1,stand
60.9186724582687,2.462828521728516,9.470955047607422,-0.8048762512207032,-0.003010074608027935,-0.075263112783432,-0.004610911943018436,phone,user1,stand
60.9386704582721,2.491868133544922,9.415570220947266,-0.7917036437988282,0.0027198370080441236,-0.07107165455818176,-0.013381153345108032,phone,user1,stand
60.95866945828311,2.6062303161621094,9.414073333740236,-0.8228388977050781,0.0008389740251004696,-0.07746044546365738,-0.016654226928949356,phone,user1,stand
60.97866745828651,2.595153350830078,9.485774230957032,-0.8452922058105469,-0.00511534046381712,-0.07984232902526855,-0.0144999660551548,phone,user1,stand
60.998665458289906,2.5538392639160157,9.492659912109376,-0.83107177734375,0.0014966897433623672,-0.0764380544424057,-0.009766371920704842,phone,user1,stand
61.01866308331955,2.541864166259766,9.492959289550782,-0.8126600646972657,0.006084861233830452,-0.06355204433202744,-0.007738100364804268,phone,user1,stand
61.03866108332295,2.542163543701172,9.396859130859376,-0.8448431396484375,0.0013224587310105562,-0.06364165991544724,-0.006291253492236137,phone,user1,stand
61.05865908332635,2.6062303161621094,9.286239166259767,-0.8560697937011719,-0.008387934416532516,-0.06086567044258118,-0.004976880736649036,phone,user1,stand
61.078657083329745,2.6237438964843753,9.314081268310547,-0.9123527526855469,-0.0048409802839159966,-0.046598490327596664,-0.0070165772922337055,phone,user1,stand
61.09865508333314,2.605182495117188,9.37500457763672,-0.8990304565429688,0.01042608730494976,-0.030096393078565598,-0.011360662057995796,phone,user1,stand
61.118654083344154,2.5689578247070313,9.489815826416017,-0.8406518554687501,0.0313001424074173,-0.011478806845843792,-0.017383577302098274,phone,user1,stand
61.13865208334755,2.5557852172851563,9.514215087890625,-0.7584727478027344,0.042745042592287064,-0.0021355529315769672,-0.025130916386842728,phone,user1,stand
61.158650083234534,2.5713528442382816,9.487869873046876,-0.7137158203125,0.036017853766679764,0.005467107519507408,-0.02218339964747429,phone,user1,stand
61.17864808323793,2.4971072387695314,9.506431274414062,-0.7523355102539063,0.022454941645264626,-0.000920570979360491,-0.012924452312290668,phone,user1,stand
61.19864608324133,2.442770233154297,9.478888549804688,-0.7729925537109376,0.013899793848395348,-0.008010177873075008,-0.0073878406547009945,phone,user1,stand
61.218644083244726,2.4768992614746095,9.46466812133789,-0.7779322814941406,0.01244254782795906,0.0014791132416576147,-0.006936763413250446,phone,user1,stand
61.23864208324812,2.5035438537597656,9.43248504638672,-0.7825726318359375,0.010688109323382378,0.0037125744856894016,-0.006666550412774086,phone,user1,stand
61.258641083259135,2.4730073547363283,9.412726135253907,-0.7846682739257813,0.004595526028424501,-0.009152183309197426,-0.004600074607878923,phone,user1,stand
61.27863908326253,2.446213073730469,9.401798858642579,-0.8101153564453125,0.0006266096606850624,-0.02054540626704693,0.0034438674338161945,phone,user1,stand
61.29863708326593,2.4063958740234375,9.542655944824219,-0.7786807250976563,0.0021789553575217724,-0.022957168519496918,0.003438974730670452,phone,user1,stand
61.31863508326933,2.3640339660644534,9.673783264160157,-0.7473957824707032,0.007002139464020729,-0.017971770837903023,0.0019138732459396124,phone,user1,stand
61.338633083272725,2.4538471984863284,9.568103027343751,-0.7774832153320312,0.00705542741343379,-0.01693109981715679,-0.0043322015553712845,phone,user1,stand
61.35863108327612,2.6138644409179688,9.481133880615236,-0.8580157470703126,-0.00867023691534996,-0.023789091035723686,-0.00969666987657547,phone,user1,stand
61.37862908327952,2.5602758789062503,9.340875549316406,-0.9351054382324219,-0.023628655821084976,-0.03114163875579834,0.0013978970237076283,phone,user1,stand
61.39862708328292,2.448757781982422,9.354796600341798,-0.9505233764648438,-0.016524164006114006,-0.03920932486653328,0.009480752982199192,phone,user1,stand
61.41862608329393,2.4602838134765626,9.386680297851562,-0.9039701843261719,0.004005962982773781,-0.020403150469064713,0.005421441514045,phone,user1,stand
61.43862408329733,2.598745880126953,9.400301971435548,-0.8364605712890626,0.020990144461393356,0.011736012995243073,-0.01319027692079544,phone,user1,stand
61.458622083300725,2.6349705505371097,9.429341583251954,-0.8193960571289063,0.021242577582597733,0.02498053014278412,-0.016906654462218285,phone,user1,stand
61.47862008330412,2.5930577087402344,9.43922103881836,-0.8922944641113282,0.01665751449763775,-0.003407478565350175,-0.0066999769769608974,phone,user1,stand
61.49861808330752,2.501448211669922,9.484576721191408,-0.9066645812988282,0.012123605236411095,-0.011931546032428741,0.001891195890493691,phone,user1,stand
61.51861608331092,2.4866290283203125,9.44880111694336,-0.8954379272460938,0.01525550615042448,0.006974675226956606,0.00018154957797378302,phone,user1,stand
61.538614083314314,2.505040740966797,9.425898742675782,-0.8704399108886719,0.016429420560598373,0.026388371363282204,-0.007702607661485672,phone,user1,stand
61.55861208331771,2.492915954589844,9.436676330566407,-0.8710386657714844,0.017040185630321503,0.025437843054533005,-0.010612530633807182,phone,user1,stand
61.578611083328724,2.458188171386719,9.477241973876954,-0.8852590942382813,0.012626202777028084,0.016571026295423508,-0.0073483348824083805,phone,user1,stand
61.59860908333212,2.4159759521484374,9.536967773437501,-0.8866062927246094,0.0077702803537249565,0.0041551003232598305,-0.0020583535078912973,phone,user1,stand
61.61860708333552,2.3870860290527345,9.497599639892579,-0.8728349304199219,0.002866172231733799,0.0005752339493483305,-0.00017618469428271055,phone,user1,stand
61.638605083338916,2.412832489013672,9.44071792602539,-0.9274713134765625,0.00039527309127151966,0.0007803388871252537,0.0004382372135296464,phone,user1,stand
61.658603083342314,2.4194187927246094,9.41048080444336,-0.9503736877441407,-0.005596409551799297,-0.008232817985117435,0.0010855391155928373,phone,user1,stand
61.67860108334571,2.412084045410156,9.440568237304689,-0.918340301513672,-0.003827192820608616,-0.014734878204762936,0.0045425985008478165,phone,user1,stand
61.69859908334911,2.4533981323242187,9.488468627929688,-0.8809181213378907,0.0018288464052602649,-0.019332600757479668,-0.0015456858091056347,phone,user1,stand
61.71859708323609,2.5137226867675784,9.503138122558594,-0.8605604553222657,0.003460230305790901,-0.01700238138437271,-0.00805090181529522,phone,user1,stand
61.7385960832471,2.5209077453613284,9.44071792602539,-0.866847381591797,0.0006725618150085211,-0.015715673565864563,-0.009031791239976883,phone,user1,stand
61.7585940832505,2.476150817871094,9.411079559326172,-0.896785125732422,-0.009055045433342457,-0.02559688873589039,-0.0032435962930321693,phone,user1,stand
61.7785920832539,2.5030947875976564,9.393116912841798,-0.9201365661621094,-0.013673319481313229,-0.027042187750339508,0.0025235991925001144,phone,user1,stand
61.798590083257295,2.5236021423339845,9.40524169921875,-0.9012757873535157,-0.007257756777107716,-0.01740558259189129,-0.0007159982924349606,phone,user1,stand
61.81858808326069,2.515668640136719,9.449848937988282,-0.8876541137695313,0.0022563613019883633,-0.013374267145991325,-0.0027731286827474833,phone,user1,stand
61.83858608326409,2.4861799621582032,9.483229522705079,-0.8876541137695313,0.0021100156009197235,-0.012421255931258202,-0.0035777180455625057,phone,user1,stand
61.85858408326749,2.4757017517089843,9.487420806884765,-0.8912466430664063,-0.0042101554572582245,-0.024769935756921768,0.0008922035340219736,phone,user1,stand
61.878582083270885,2.4536975097656253,9.472152557373047,-0.8863069152832032,-0.00750932190567255,-0.026236403733491898,0.003551563946530223,phone,user1,stand
61.8985810832819,2.482288055419922,9.467362518310548,-0.8975335693359375,-0.008342994377017021,-0.015635913237929344,0.003632943844422698,phone,user1,stand
61.918579083285294,2.459086303710938,9.407786407470704,-0.9297166442871094,-0.005170860327780247,-0.018815327435731888,0.002934202551841736,phone,user1,stand
61.93857708328869,2.446063385009766,9.415719909667969,-0.9524693298339845,0.0005506922025233507,-0.019763989374041557,0.0023022028617560863,phone,user1,stand
61.95857508329209,2.458188171386719,9.42634780883789,-0.9204359436035157,0.0037084626965224743,-0.01654493808746338,-0.0014014150947332382,phone,user1,stand
61.97857308329549,2.4541465759277346,9.411528625488282,-0.8768765258789063,0.0040239933878183365,-0.016915522515773773,-0.005056775640696287,phone,user1,stand
61.998571083298884,2.515968017578125,9.416767730712891,-0.8903485107421876,0.010956631042063236,-0.00928924884647131,-0.0050989664159715176,phone,user1,stand
62.01856958330609,2.5171655273437503,9.442364501953126,-0.8559201049804688,0.009992336854338646,-0.001240462064743042,-0.00835021585226059,phone,user1,stand
62.03856758330949,2.527943115234375,9.437275085449219,-0.839454345703125,0.01323382556438446,-0.002432669745758176,-0.005854286253452301,phone,user1,stand
62.0585665833205,2.5439598083496096,9.412277069091797,-0.8547225952148438,0.011399508453905582,-0.01043116394430399,-0.005770217627286911,phone,user1,stand
62.078564583323896,2.571951599121094,9.452693023681642,-0.9199868774414063,0.005425469949841499,-0.007186548784375191,-0.007145677227526903,phone,user1,stand
62.09856258332729,2.528242492675781,9.47185317993164,-0.9514215087890625,0.007288300432264805,0.007241840474307537,-0.008265478536486626,phone,user1,stand
62.11856058333069,2.5066873168945314,9.423503723144531,-0.9457333374023438,0.016173791140317917,0.02554032951593399,-0.013077464886009693,phone,user1,stand
62.13855858333409,2.5369244384765626,9.475296020507812,-0.9401948547363281,0.020608186721801758,0.042334843426942825,-0.01568596623837948,phone,user1,stand
62.158556583337486,2.482587432861328,9.437873840332031,-0.9093589782714844,0.02252199500799179,0.042369287461042404,-0.014323985204100609,phone,user1,stand
62.17855458334088,2.4171734619140626,9.452693023681642,-0.9011260986328126,0.021368682384490967,0.03351423516869545,-0.014184321276843548,phone,user1,stand
62.19855258334428,2.3569985961914064,9.413025512695313,-0.9312135314941407,0.013529281131923199,0.016909247264266014,-0.015385754406452179,phone,user1,stand
62.21855158323888,2.3306533813476564,9.459728393554688,-0.9511221313476563,0.006869823206216097,0.004334465600550175,-0.011468173004686832,phone,user1,stand
62.238549583242275,2.299069061279297,9.492659912109376,-0.99393310546875,0.006031683646142483,-0.006055723410099745,-0.005186114460229874,phone,user1,stand
62.25854758324567,2.317031707763672,9.540859680175782,-0.9598040771484375,0.004959004931151867,-0.011150218546390533,-0.0022488415706902742,phone,user1,stand
62.27854558324907,2.348466339111328,9.49430648803711,-0.9178912353515626,0.004656212870031595,-0.011142226867377758,-0.010603081434965134,phone,user1,stand
62.29854358325247,2.3897804260253905,9.440568237304689,-0.8857081604003907,0.007389380596578121,-0.0168042853474617,-0.013807331211864948,phone,user1,stand
62.318541583255865,2.3897804260253905,9.425150299072266,-0.89813232421875,0.0013828761875629425,-0.03779932111501694,-0.013587720692157745,phone,user1,stand
62.33853958325926,2.4304957580566406,9.415869598388673,-0.8771759033203126,0.000267622759565711,-0.059574875980615616,-0.010059554129838943,phone,user1,stand
62.35853758326266,2.4192691040039063,9.451046447753907,-0.8767268371582032,-0.001299629220739007,-0.07035033404827118,-0.0066073304042220116,phone,user1,stand
62.37853558326606,2.431992645263672,9.502389678955078,-0.9045689392089844,-0.0025909109972417355,-0.07165662199258804,-0.00418131286278367,phone,user1,stand
62.39853458327707,2.3974145507812503,9.501790924072266,-0.9123527526855469,-0.004271082580089569,-0.06176084652543068,-0.00571031216531992,phone,user1,stand
62.41853258328047,2.4496559143066405,9.473350067138673,-0.8743318176269532,-0.00035710190422832966,-0.053521376103162766,-0.007635641377419233,phone,user1,stand
62.438530583283864,2.4575894165039065,9.435628509521484,-0.8872050476074219,-0.004687161184847355,-0.054871510714292526,-0.007747067604213953,phone,user1,stand
62.45852858328726,2.466570739746094,9.423803100585937,-0.9219328308105469,-0.00861832220107317,-0.0667375847697258,-0.0038086550775915384,phone,user1,stand
62.47852658329066,2.405946807861328,9.497749328613281,-0.9123527526855469,-0.010156486183404922,-0.06870640814304352,0.001285980804823339,phone,user1,stand
62.498524583294056,2.3619383239746097,9.498797149658204,-0.9289682006835938,-0.006820053327828646,-0.06162435561418533,0.0024512179661542177,phone,user1,stand
62.518522583297454,2.336042175292969,9.530980224609376,-0.8755293273925782,-0.01045492384582758,-0.05758962035179138,0.0006618488114327192,phone,user1,stand
62.53852058330085,2.367327117919922,9.472451934814453,-0.9349557495117188,-0.009479261934757233,-0.06495876610279083,0.0012069169897586107,phone,user1,stand
62.55851958331186,2.3643333435058596,9.438472595214844,-0.9725276184082031,-0.014417597092688084,-0.08220073580741882,-0.00025433808332309127,phone,user1,stand
62.57851758331526,2.3496638488769532,9.472002868652345,-0.98914306640625,-0.02008139155805111,-0.08060962706804276,0.002900276333093643,phone,user1,stand
62.59851558331866,2.335293731689453,9.513167266845704,-0.961450653076172,-0.014940631575882435,-0.08121007680892944,0.0035772917326539755,phone,user1,stand
62.618513583322056,2.3306533813476564,9.544302520751954,-0.9162446594238282,-0.01582510396838188,-0.08305264264345169,0.003568833926692605,phone,user1,stand
62.63851158332545,2.3423291015625,9.473499755859375,-0.9548643493652345,-0.021599333733320236,-0.10115423053503036,0.00969483982771635,phone,user1,stand
62.65850958332885,2.346969451904297,9.462722167968751,-1.0330018615722656,-0.03745628148317337,-0.12314994633197784,0.015486754477024078,phone,user1,stand
62.67850758333225,2.3831941223144533,9.479786682128907,-1.0579998779296875,-0.046340469270944595,-0.133237823843956,0.021863775327801704,phone,user1,stand
62.698505583335645,2.4370820617675784,9.53352493286133,-1.0300080871582031,-0.04089100658893585,-0.1314506083726883,0.017582589760422707,phone,user1,stand
62.71850458334666,2.5020469665527343,9.428892517089844,-0.9988728332519532,-0.0394662506878376,-0.12109509855508804,0.012810801155865192,phone,user1,stand
62.73850258323364,2.5503964233398437,9.365723876953126,-1.017733612060547,-0.04044383764266968,-0.12038713693618774,0.013907532207667828,phone,user1,stand
62.75850058323704,2.514620819091797,9.46466812133789,-1.0291099548339844,-0.04833488538861275,-0.12341057509183884,0.016703471541404724,phone,user1,stand
62.778498583240435,2.422562255859375,9.525591430664063,-1.0057585144042969,-0.04847519099712372,-0.12750637531280518,0.023802999407052994,phone,user1,stand
62.79849658324383,2.405348052978516,9.519454193115235,-0.959055633544922,-0.0464349165558815,-0.11935875564813614,0.024305598810315132,phone,user1,stand
62.81849458324723,2.4999513244628906,9.492210845947266,-0.9608518981933595,-0.051273055374622345,-0.10700550675392151,0.023042038083076477,phone,user1,stand
62.83849258325063,2.515518951416016,9.56376205444336,-0.9327104187011719,-0.06564170867204666,-0.11663544923067093,0.02096252702176571,phone,user1,stand
62.858490583254024,2.472258911132813,9.513017578125,-1.1201206970214845,-0.06674090027809143,-0.12693996727466583,0.022093191742897034,phone,user1,stand
62.878489583265036,2.492017822265625,9.490414581298829,-1.0041119384765627,-0.08361716568470001,-0.09283344447612762,0.02742030657827854,phone,user1,stand
62.898487583268434,2.615361328125,9.436376953125,-1.0662327575683594,-0.07980428636074066,-0.050053853541612625,0.024163194000720978,phone,user1,stand
62.91848558327183,2.6878106689453127,9.414522399902344,-1.1050021362304687,-0.08364647626876831,-0.03212238848209381,0.03026699274778366,phone,user1,stand
62.93848358327523,2.7837611389160157,9.44925018310547,-1.0855426025390627,-0.09692227840423584,-0.014385114423930645,0.037737999111413956,phone,user1,stand
62.958481583278626,2.8431875610351565,9.507628784179689,-1.0636880493164063,-0.09876272082328796,0.025769317522644997,0.038436319679021835,phone,user1,stand
62.978479583282024,2.84767822265625,9.549841003417969,-1.0325527954101563,-0.08772425353527069,0.08001489192247391,0.0298750139772892,phone,user1,stand
62.99847758328542,2.8469297790527346,9.600735168457032,-0.931512908935547,-0.09081276506185532,0.13526953756809235,0.03109692595899105,phone,user1,stand
63.01847533334512,2.7666966247558595,9.563163299560548,-0.8144563293457031,-0.10812527686357498,0.1738656610250473,0.042197275906801224,phone,user1,stand
63.03847333334852,2.665057983398438,9.440418548583985,-0.741258544921875,-0.1532139927148819,0.15116962790489197,0.07311879843473434,phone,user1,stand
63.05847233324312,2.546953582763672,9.395960998535157,-0.6815327453613281,-0.21067765355110168,0.08765434473752975,0.1111661046743393,phone,user1,stand
63.078470333246514,2.4376808166503907,9.39371566772461,-0.7204518127441406,-0.2602331340312958,0.057269539684057236,0.13200388848781586,phone,user1,stand
63.09846833324991,2.508932647705078,9.426946563720703,-0.8846603393554688,-0.3009212017059326,0.03894011303782463,0.12696903944015503,phone,user1,stand
63.11846633325331,2.525548095703125,9.487720184326172,-0.8372090148925782,-0.3093591332435608,0.03205890581011772,0.10571442544460297,phone,user1,stand
63.13846433325671,2.5203089904785156,9.442214813232422,-0.6915618896484376,-0.272688627243042,0.028471361845731735,0.07979482412338257,phone,user1,stand
63.158462333260104,2.446063385009766,9.260792083740235,-0.767603759765625,-0.23808039724826813,-0.01910441368818283,0.0638817548751831,phone,user1,stand
63.1784603332635,2.2608984375000003,9.262139282226563,-0.5656736755371095,-0.28902262449264526,-0.09639298170804977,0.07871720939874649,phone,user1,stand
63.1984583332669,2.375410308837891,9.46362030029297,-0.24863296508789065,-0.32319870591163635,-0.14272662997245789,0.0890503004193306,phone,user1,stand
63.2184563332703,2.4897724914550783,9.634265441894533,-0.5513035583496094,-0.2900763154029846,-0.21697430312633514,0.06372398883104324,phone,user1,stand
63.23845533328131,2.648292846679688,9.609417114257813,-0.5276527404785156,-0.28053951263427734,-0.23477709293365479,0.053994860500097275,phone,user1,stand
63.258453333284706,2.568209381103516,9.39221878051758,-0.3384461975097656,-0.32930201292037964,-0.19624479115009308,0.05238211527466774,phone,user1,stand
63.2784513332881,2.497855682373047,9.19537811279297,-0.15881973266601562,-0.38731855154037476,-0.2481285035610199,0.09492143988609314,phone,user1,stand
63.2984493332915,2.421215057373047,9.12697036743164,-0.1922003173828125,-0.40052151679992676,-0.3399420380592346,0.1300661414861679,phone,user1,stand
63.3184473332949,2.4611819458007815,9.11394744873047,-0.25102798461914066,-0.4054911136627197,-0.4447513818740845,0.12722992897033691,phone,user1,stand
63.338445333298296,2.818488922119141,9.217681732177734,-0.33904495239257815,-0.39831432700157166,-0.5332772731781006,0.11235414445400238,phone,user1,stand
63.35844333330169,3.1931597900390627,9.51346664428711,-0.07619155883789062,-0.35856273770332336,-0.4611537754535675,0.08330945670604706,phone,user1,stand
63.37844133330509,3.0505064392089847,9.436676330566407,0.14759307861328125,-0.3248997628688812,-0.36800315976142883,0.04501372203230858,phone,user1,stand
63.3984403333161,2.6538313293457034,9.158854064941407,0.28755203247070316,-0.34167805314064026,-0.3953308165073395,0.06785397231578827,phone,user1,stand
63.4184383333195,2.611319732666016,9.095685424804689,0.3746708679199219,-0.3660358488559723,-0.4780154228210449,0.105317123234272,phone,user1,stand
63.4384363333229,3.0259574890136722,9.118138732910158,0.2662962341308594,-0.3212783634662628,-0.5315974950790405,0.08442351967096329,phone,user1,stand
63.458434333326295,3.3855097961425784,9.510023803710938,0.4041595458984375,-0.2678333520889282,-0.44469398260116577,0.024745460599660873,phone,user1,stand
63.47843233332969,3.2816258239746094,9.53023178100586,0.5276527404785156,-0.24056074023246765,-0.33712971210479736,-0.009959257207810879,phone,user1,stand
63.49843033333309,2.744393005371094,9.164542236328126,0.6108796691894531,-0.2463696449995041,-0.3428066670894623,0.023812981322407722,phone,user1,stand
63.51842833333649,2.5750950622558597,9.08236312866211,0.6282435607910156,-0.2855575978755951,-0.436746209859848,0.07782440632581711,phone,user1,stand
63.538426333339885,2.7132577514648437,9.388027496337891,0.6783892822265626,-0.29030776023864746,-0.477046400308609,0.08455270528793335,phone,user1,stand
63.55842433334328,3.1690599060058595,9.419761505126953,0.7252418518066407,-0.26519086956977844,-0.40791410207748413,0.03934115543961525,phone,user1,stand
63.57842333323788,3.274141387939453,9.401798858642579,0.5607339477539063,-0.23897218704223633,-0.294593870639801,-0.004982811398804188,phone,user1,stand
63.598421333241276,2.7961853027343753,9.069489898681642,0.46373565673828127,-0.2522265315055847,-0.20162004232406616,0.007603557780385017,phone,user1,stand
63.618419333244674,2.3772065734863284,9.154064025878906,0.5559439086914063,-0.2881667912006378,-0.23906110227108002,0.09755402058362961,phone,user1,stand
63.63841733324807,2.6563760375976564,9.19537811279297,0.9581575012207032,-0.3018767833709717,-0.32398441433906555,0.1585492640733719,phone,user1,stand
63.65841533325147,3.049907684326172,9.483379211425781,1.3751902770996094,-0.2766517996788025,-0.3187115490436554,0.10387877374887466,phone,user1,stand
63.678413333254866,3.271147613525391,9.814041595458985,1.1928694152832031,-0.2264927625656128,-0.2688073217868805,-0.042577024549245834,phone,user1,stand
63.698411333258264,3.170706481933594,9.661359100341798,1.0190808105468752,-0.1897163838148117,-0.16738642752170563,-0.11404916644096375,phone,user1,stand
63.71840933326166,2.9096493530273437,9.497150573730469,0.7707472229003907,-0.1875656694173813,-0.1528290957212448,-0.05255882069468498,phone,user1,stand
63.73840733326506,2.9758117675781253,9.165889434814453,0.6438111877441407,-0.20322339236736298,-0.28108900785446167,0.03443804383277893,phone,user1,stand
63.75840633327607,3.1069390869140627,8.916957092285157,0.6048921203613281,-0.19382308423519135,-0.31403809785842896,0.056890539824962616,phone,user1,stand
63.77840433327947,3.0445188903808593,9.04688690185547,0.7952961730957032,-0.1700119972229004,-0.20101411640644073,0.007982444018125534,phone,user1,stand
63.798402333282866,2.9761111450195314,9.2351953125,0.8484356689453125,-0.11670100688934326,-0.09811578691005707,-0.048358071595430374,phone,user1,stand
63.81840033328626,2.8957283020019533,9.440418548583985,0.9797126770019532,-0.07165101170539856,-0.05673842877149582,-0.05335622280836105,phone,user1,stand
63.83839833328966,2.7428961181640625,9.61645248413086,1.2361294555664064,-0.062121666967868805,-0.1235627755522728,-0.039258815348148346,phone,user1,stand
63.85839633329306,2.872526550292969,9.38413558959961,0.99393310546875,-0.042956408113241196,-0.2284359335899353,0.006024922709912062,phone,user1,stand
63.878394333296455,2.8125013732910156,9.67872299194336,0.408350830078125,-0.0357486754655838,-0.2193443328142166,-0.00748980650678277,phone,user1,stand
63.89839233329985,2.6800268554687503,9.57903030395508,1.6196319580078127,-0.07278694212436676,0.0008242406183853745,-0.03881219029426575,phone,user1,stand
63.91839033330325,2.568209381103516,9.653126220703125,1.1931687927246095,-0.06498914957046509,-0.07587949931621552,-0.042239997535943985,phone,user1,stand
63.93838933331426,2.66565673828125,9.557175750732423,0.890797576904297,-0.05278407409787178,-0.21304503083229065,-0.0373309850692749,phone,user1,stand
63.95838733331766,2.8050169372558593,9.411828002929688,0.6655160522460938,-0.11150088906288147,-0.24418120086193085,-0.05840021371841431,phone,user1,stand
63.97838533332106,3.1320867919921875,9.215885467529297,0.6927593994140625,-0.17821072041988373,-0.17714717984199524,-0.08421564102172852,phone,user1,stand
63.998383333324455,3.304079132080078,9.268875274658203,0.8601113891601563,-0.19012758135795593,-0.04963231831789017,-0.1816861480474472,phone,user1,stand
64.01838133332785,3.0109886169433597,9.391470336914063,1.1048524475097656,-0.15139910578727722,0.10209786891937256,-0.25700294971466064,phone,user1,stand
64.03837933333125,2.9731173706054688,9.223818969726564,1.1317964172363282,-0.0848563015460968,0.10978135466575623,-0.1867828667163849,phone,user1,stand
64.05837733333465,3.1925610351562503,8.893455963134766,0.8821156311035157,-0.012064633890986443,0.055322859436273575,-0.0703234001994133,phone,user1,stand
64.07837533333804,2.3634352111816406,9.40374481201172,0.15013778686523438,0.07879692316055298,0.010107667185366154,-0.12321003526449203,phone,user1,stand
64.09837333334144,2.8692333984375002,9.455686798095703,0.7262896728515625,0.08568549901247025,0.32470542192459106,-0.16178558766841888,phone,user1,stand
64.11837233323604,2.135159912109375,9.552984466552735,1.026265869140625,0.09938994795084,0.6350571513175964,-0.3375953435897827,phone,user1,stand
64.13837033323944,2.1543200683593753,9.34671340942383,0.9750723266601563,0.08234643191099167,0.664469838142395,-0.36861878633499146,phone,user1,stand
64.15836833324283,2.689457244873047,9.244625701904297,0.6379733276367188,0.05332116037607193,0.6570967435836792,-0.35782021284103394,phone,user1,stand
64.17836633324623,2.6999354553222656,10.028096466064454,0.36973114013671876,0.05467715859413147,0.808721661567688,-0.4994752109050751,phone,user1,stand
64.19836433324963,1.7756076049804688,10.44273422241211,0.863404541015625,0.0732487216591835,1.0790976285934448,-0.6557310223579407,phone,user1,stand
64.21836233325303,1.4614109802246094,9.768985290527345,1.4564712524414063,0.021252712234854698,1.1721590757369995,-0.5096442699432373,phone,user1,stand
64.23836033325642,1.5732284545898438,8.93192596435547,1.1713142395019531,0.0648496001958847,1.1210408210754395,-0.3034731447696686,phone,user1,stand
64.25835833325982,1.9850221252441407,8.399632873535158,0.9349557495117188,0.06271441280841827,1.1386774778366089,-0.37807729840278625,phone,user1,stand
64.27835633326322,1.2989987182617189,9.346414031982423,0.9833052062988282,-0.02033555507659912,1.104692816734314,-0.6879377961158752,phone,user1,stand
64.29835533327423,1.8276992797851563,10.322384490966797,1.0642868041992188,-0.058829180896282196,1.0233734846115112,-0.6932348012924194,phone,user1,stand
64.31835333327763,1.670526123046875,10.177485809326173,1.6480728149414063,-0.05721380561590195,1.0657697916030884,-0.5393815636634827,phone,user1,stand
64.33835133328103,2.039209442138672,9.279054107666017,1.7583934020996095,-0.05043491721153259,1.0619101524353027,-0.3567049503326416,phone,user1,stand
64.35834933328442,1.657203826904297,9.00332748413086,1.1897259521484376,-0.04419068992137909,0.79770427942276,-0.35144537687301636,phone,user1,stand
64.37834733328782,0.9773176574707032,9.290580139160157,0.830922088623047,-0.06534066796302795,0.5592334866523743,-0.2361442595720291,phone,user1,stand
64.39834533329122,0.8996292114257813,10.181826782226564,0.860859832763672,-0.1081647127866745,0.5122528076171875,-0.155312180519104,phone,user1,stand
64.41834333329462,1.4673985290527345,10.560239868164063,1.8038987731933596,-0.13630551099777222,0.8302136659622192,-0.22321699559688568,phone,user1,stand
64.43834133329801,1.485959930419922,9.698032836914063,2.078577575683594,-0.10614767670631409,0.9804446697235107,-0.32674258947372437,phone,user1,stand
64.45833933330141,1.0394384765625,9.033714294433594,1.6863931274414063,-0.06647989153862,0.9104354977607727,-0.21170255541801453,phone,user1,stand
64.47833833331242,0.999920654296875,9.141639862060547,1.0021659851074218,-0.10982618480920792,0.7156630158424377,-0.16144250333309174,phone,user1,stand
64.49833633331582,0.7804769897460938,9.855355682373048,1.3672567749023439,-0.18989792466163635,0.670890748500824,-0.1956871747970581,phone,user1,stand
64.51833433331922,0.9223818969726563,10.38570281982422,1.7826429748535157,-0.11719655990600586,0.7452003359794617,-0.2642277181148529,phone,user1,stand
64.53833233332261,0.7610174560546875,9.74009536743164,2.1701870727539063,0.01998850330710411,0.7940378189086914,-0.31821954250335693,phone,user1,stand
64.55833033332601,0.7222480773925781,9.022787017822266,1.7678237915039063,0.065711610019207,0.7102470397949219,-0.24656666815280914,phone,user1,stand
64.57832833332941,0.7179071044921875,9.537716217041016,1.3461506652832032,0.03874381631612778,0.4729023873806,-0.18953531980514526,phone,user1,stand
64.5983263333328,0.6177653503417969,9.809401245117188,1.5147001647949219,0.0007346814963966608,0.3320240080356598,-0.1558016538619995,phone,user1,stand
64.6183243333362,0.10568023681640626,10.084379425048828,1.5376025390625,0.028366146609187126,0.3446364104747772,-0.2221004217863083,phone,user1,stand
64.6383223333396,-0.38350250244140627,9.921368408203126,1.6181350708007813,0.03764515742659569,0.4325275719165802,-0.2896338105201721,phone,user1,stand
64.6583213332342,-0.269439697265625,9.483229522705079,1.7070501708984376,0.05138730630278587,0.4214068353176117,-0.2660960853099823,phone,user1,stand
64.6783193332376,0.5667214965820313,8.992549896240234,1.2671150207519533,0.0822833999991417,0.3346821665763855,-0.303987592458725,phone,user1,stand
64.698317333241,0.2812651062011719,9.608818359375,1.2663665771484376,0.07404735684394836,0.15074947476387024,-0.4426683187484741,phone,user1,stand
64.71831533324439,-0.204774169921875,9.96657440185547,1.3126203918457031,0.04967818036675453,0.09126567840576172,-0.4934545159339905,phone,user1,stand
64.73831333324779,-0.07858657836914062,11.002570037841798,0.7505392456054688,0.07109542936086655,0.03458743542432785,-0.41786903142929077,phone,user1,stand
64.75831133325119,0.16795074462890625,10.743009796142578,0.5993536376953126,0.013437796384096146,0.3554858863353729,-0.32705211639404297,phone,user1,stand
64.77830933325458,-0.24444168090820315,8.009095001220704,1.9520906066894532,-0.2657814621925354,0.9917634129524231,-0.009101897478103638,phone,user1,stand
64.79830733325798,0.8063731384277344,7.472311248779297,1.398541717529297,-0.40913739800453186,0.9999655485153198,0.07093234360218048,phone,user1,stand
64.81830533326138,1.1505075073242188,8.128995666503906,0.336500244140625,-0.44217246770858765,0.8654858469963074,-0.11516391485929489,phone,user1,stand
64.83830433327239,4.554129638671875,9.259295196533204,3.217559051513672,-0.5774170160293579,1.1260346174240112,-0.3329176604747772,phone,user1,stand
64.85830233327579,1.1942166137695314,9.670490112304687,6.946903839111329,-0.9036664962768555,0.871234118938446,-0.5120595693588257,phone,user1,stand
64.87830033327918,-2.299368438720703,10.83312240600586,-2.484832763671875,0.27062833309173584,-3.4941725730895996,-0.9152302742004395,phone,user1,stand
64.89829833328258,-2.0677999877929687,9.01769760131836,0.16795074462890625,0.3383709788322449,-2.8031160831451416,0.3275715112686157,phone,user1,stand
64.91829633328598,0.2124082946777344,10.328521728515625,4.7487249755859375,-0.07272705435752869,-1.9874792098999023,0.40571099519729614,phone,user1,stand
64.93829433328938,-1.1789483642578125,9.534123687744142,2.908302154541016,0.40182197093963623,-1.3818966150283813,-0.020494362339377403,phone,user1,stand
64.95829233329277,-1.2340338134765625,10.380613403320313,1.555415496826172,-0.015948724001646042,-0.6532964706420898,-0.020272526890039444,phone,user1,stand
64.97829033329617,-0.6843768310546875,9.572743377685548,2.146985321044922,-1.1312812566757202,-0.004235105123370886,0.40970680117607117,phone,user1,stand
64.99828833329957,-2.013013916015625,9.389225006103516,2.5533901977539064,-1.4857397079467773,0.2999121844768524,0.495138555765152,phone,user1,stand
65.01828737498727,-0.34323623657226565,9.649683380126953,2.454745330810547,-0.9179263710975647,-0.220490962266922,0.5837706327438354,phone,user1,stand
65.03828537499066,0.47571075439453125,9.627679138183595,2.31598388671875,-0.12538102269172668,-0.5031922459602356,0.2503381669521332,phone,user1,stand
65.05828337499406,0.7430548095703126,9.347012786865236,2.934647369384766,0.45433953404426575,-0.22560405731201172,-0.2266295850276947,phone,user1,stand
65.07828137499746,0.5882766723632813,9.454638977050783,2.0932470703125,0.5617715120315552,-0.4075486660003662,-0.25478920340538025,phone,user1,stand
65.09827937500086,0.5514532470703125,8.90707763671875,1.924248504638672,0.354702889919281,-0.38089519739151,-0.06452567130327225,phone,user1,stand
65.11827737500425,0.67300048828125,9.060059509277345,2.2233265686035155,-0.11290706694126129,0.12451622635126114,0.1681220382452011,phone,user1,stand
65.13827537500765,0.5718109130859376,9.686057739257812,2.3704705810546876,-0.23201802372932434,0.151290625333786,0.16510026156902313,phone,user1,stand
65.15827337501105,0.9955796813964845,8.420289916992187,2.250120849609375,0.0032348569948226213,-0.24172689020633698,0.08092992752790451,phone,user1,stand
65.17827137501445,1.370849304199219,9.894424438476562,2.9698242187500004,0.13932307064533234,-0.5211853384971619,0.2986113131046295,phone,user1,stand
65.19826937490143,0.8985813903808594,11.29820526123047,2.5677603149414066,-0.009210411459207535,-0.772304892539978,0.8121179342269897,phone,user1,stand
65.21826837491244,-0.969833221435547,9.67872299194336,1.5760725402832032,-0.08664079010486603,-1.0401740074157715,0.6424804925918579,phone,user1,stand
65.23826637491584,0.21525238037109376,8.470435638427734,3.1651679992675783,0.07867089658975601,-0.2080812156200409,0.07209977507591248,phone,user1,stand
65.25826437491924,0.4996609497070313,9.428892517089844,2.6376649475097658,0.15661317110061646,-0.18228791654109955,-0.2572229206562042,phone,user1,stand
65.27826237492263,0.9077124023437501,9.441765747070313,2.266436920166016,0.10481036454439163,-0.21542727947235107,0.0046196263283491135,phone,user1,stand
65.29826037492603,1.391356658935547,8.835975494384765,2.5906626892089846,-0.01291950885206461,-0.10795874893665314,0.21679678559303284,phone,user1,stand
65.31825837492943,1.1235635375976563,8.882229309082032,3.190465393066406,0.0014061564579606056,-0.08606086671352386,0.1227380633354187,phone,user1,stand
65.33825637493283,1.2674143981933594,9.626182250976562,3.0431716918945315,0.12573598325252533,-0.15573309361934662,0.20746153593063354,phone,user1,stand
65.35825437493622,0.85981201171875,9.21259231567383,2.5210574340820315,0.14760923385620117,-0.38687068223953247,0.30395546555519104,phone,user1,stand
65.37825237493962,0.9235794067382813,9.974058837890626,2.276466064453125,0.07194747030735016,-0.520442008972168,0.3211134374141693,phone,user1,stand
65.39825137495063,0.6200106811523438,10.680290222167969,2.3903791809082033,0.03803877532482147,-0.6424744129180908,0.2568061053752899,phone,user1,stand
65.41824937495403,0.18291961669921875,10.920989685058593,1.0641371154785157,0.1833227425813675,-0.6165309548377991,0.09731532633304596,phone,user1,stand
65.43824737495743,0.781824188232422,8.228538665771485,1.6744180297851563,0.29024338722229004,-0.19054944813251495,0.04257066547870636,phone,user1,stand
65.45824537496082,1.2286450195312502,9.531429290771484,2.16509765625,0.2004362940788269,0.34573835134506226,0.02254243940114975,phone,user1,stand
65.47824337496422,2.3932232666015625,8.62820755004883,2.6914031982421878,-0.03878866136074066,0.5516913533210754,0.02565922960639,phone,user1,stand
65.49824137496762,1.6543597412109377,10.455906829833985,2.362387390136719,-0.16773483157157898,-0.08515432476997375,-0.0043497029691934586,phone,user1,stand
65.51823937497102,0.7649093627929688,10.692714385986328,1.9790345764160158,0.06443846970796585,-0.31307271122932434,0.014331039972603321,phone,user1,stand
65.53823737497441,-0.22917343139648438,10.733429718017579,2.1559666442871093,0.3186805844306946,-0.33286264538764954,0.0881098285317421,phone,user1,stand
65.55823537497781,-0.2552192687988281,10.863958282470703,2.3379881286621096,0.5126747488975525,-0.24462781846523285,4.484201781451702e-05,phone,user1,stand
65.57823437498882,-0.5225633239746094,10.915451202392578,2.049687652587891,0.7822701930999756,-0.44549986720085144,-0.22673742473125458,phone,user1,stand
65.59823237499222,1.0835966491699218,11.18848342895508,-0.7554789733886719,1.0582122802734375,-1.2273961305618286,-0.38721513748168945,phone,user1,stand
65.61823037499562,0.5643264770507813,12.556937713623048,0.3838018798828125,1.0608367919921875,-1.2845287322998047,-0.7473560571670532,phone,user1,stand
65.63822837499902,1.61663818359375,13.111983489990235,3.416195983886719,0.9686654806137085,-0.08759088814258575,-0.8272832632064819,phone,user1,stand
65.65822637500241,2.0158580017089847,11.794573059082031,1.2630734252929687,0.6665305495262146,-0.763161301612854,-0.6462815999984741,phone,user1,stand
65.67822437500581,2.7786717224121094,11.112142181396486,0.4197271728515625,0.010356149636209011,-1.655282974243164,-0.1599372774362564,phone,user1,stand
65.69822237500921,1.9919078063964846,12.712913360595703,-0.5803431701660157,-0.32449105381965637,-2.058933973312378,0.09656187891960144,phone,user1,stand
65.7182203750126,0.27572662353515626,13.241164855957033,0.9310638427734376,-0.3134104311466217,-1.960702657699585,0.4250548779964447,phone,user1,stand
65.73821837489959,2.7089167785644532,10.914852447509766,1.2434642028808593,-0.04849754273891449,-1.6141159534454346,0.9309379458427429,phone,user1,stand
65.75821637490299,1.5923886108398437,8.914113006591798,-0.8782237243652344,0.18792033195495605,-1.5953470468521118,1.4112883806228638,phone,user1,stand
65.778215374914,0.42691223144531254,6.238876190185548,-1.9187100219726563,-0.17758776247501373,-1.3889421224594116,1.7998290061950684,phone,user1,stand
65.7982133749174,1.707499237060547,6.231990509033204,1.2222084045410158,-0.6112111210823059,0.7254790663719177,1.8891689777374268,phone,user1,stand
65.81821137492079,1.1743080139160156,4.455484771728516,-0.3330574035644531,-0.6344889402389526,0.6663563847541809,1.4478062391281128,phone,user1,stand
65.83820937492419,0.810714111328125,4.020339660644532,3.5320550537109376,-0.6309536695480347,0.6022992730140686,0.7992004156112671,phone,user1,stand
65.85820737492759,1.821412353515625,4.950954437255859,2.634222106933594,-0.5663381218910217,0.44161275029182434,0.09956002235412598,phone,user1,stand
65.87820537493099,2.508782958984375,7.098089447021485,1.294508056640625,-0.4111086428165436,-0.11854737997055054,-0.4126327633857727,phone,user1,stand
65.89820337493438,3.4747242736816406,9.05990982055664,1.244212646484375,-0.464502215385437,-0.5382569432258606,-0.6635119318962097,phone,user1,stand
65.91820137493778,2.4333398437500002,9.65282684326172,1.1090437316894532,-0.5816795825958252,-0.7575011253356934,-0.39429157972335815,phone,user1,stand
65.93819937494118,2.8936326599121096,9.409882049560547,2.1142034912109375,-0.40836071968078613,-0.5132269859313965,-0.14428208768367767,phone,user1,stand
65.95819737494458,2.448608093261719,9.143885192871094,2.002984771728516,-0.20924989879131317,-0.3020935654640198,-0.185476154088974,phone,user1,stand
65.97819637495559,2.1884490966796877,9.306147766113282,2.082170104980469,-0.140530526638031,-0.13991491496562958,-0.29588136076927185,phone,user1,stand
65.99819437495898,2.096839599609375,9.574539642333985,1.4847624206542969,-0.042183294892311096,-0.030915364623069763,-0.37160632014274597,phone,user1,stand
66.01819249999244,2.7129583740234375,9.997110900878907,1.7241146850585938,0.06109529733657837,0.18935318291187286,-0.2867933213710785,phone,user1,stand
66.03819049999584,2.6744883728027347,9.416468353271485,1.9637663269042969,0.05812642350792885,0.28408363461494446,-0.1957409530878067,phone,user1,stand
66.05818849999923,2.561323699951172,8.977880401611328,1.6491206359863282,0.11544445157051086,0.01944328285753727,-0.11843255907297134,phone,user1,stand
66.07818650000263,2.250120849609375,9.039552154541017,1.9248472595214845,0.09237180650234222,0.15084019303321838,-0.08655528724193573,phone,user1,stand
66.09818450000603,1.609303436279297,9.341174926757812,2.525697784423828,0.0711614266037941,0.32393205165863037,-0.12105536460876465,phone,user1,stand
66.11818250000942,1.6694783020019532,9.667047271728515,2.372266845703125,0.1509382277727127,0.23982533812522888,-0.09486214816570282,phone,user1,stand
66.13818050001282,2.0255877685546877,9.658814392089845,1.2846286010742187,0.21244004368782043,0.04662518948316574,-0.03723619878292084,phone,user1,stand
66.15817949990742,2.578837280273438,9.530531158447266,1.0590476989746094,0.16104508936405182,0.216713085770607,-0.05774608626961708,phone,user1,stand
66.17817749991082,2.1116587829589846,9.650132446289064,1.6730708312988283,0.08335529267787933,0.3419034481048584,-0.13787545263767242,phone,user1,stand
66.19817549991421,1.9356248474121094,9.425749053955078,1.9633172607421876,0.11404101550579071,0.29217401146888733,-0.1443341225385666,phone,user1,stand
66.21817349991761,1.7931211853027345,9.33054702758789,1.8318905639648437,0.12549743056297302,0.2352008819580078,-0.14207684993743896,phone,user1,stand
66.23817149992101,1.3826747131347656,9.747280426025391,1.5643968200683596,0.15471968054771423,0.3098146617412567,-0.15316133201122284,phone,user1,stand
66.2581694999244,1.8652711486816407,9.716444549560547,1.532662811279297,0.09582995623350143,0.24132469296455383,-0.10640322417020798,phone,user1,stand
66.2781674999278,1.778302001953125,9.85550537109375,1.3597723388671876,0.10518638789653778,0.18138910830020905,-0.0930352583527565,phone,user1,stand
66.2981654999312,1.8642233276367188,9.536219329833985,1.5244299316406251,0.06494859606027603,0.14797307550907135,-0.09082338958978653,phone,user1,stand
66.3181634999346,1.65974853515625,9.574389953613283,1.712289276123047,0.006138072349131107,0.12870439887046814,-0.08902331441640854,phone,user1,stand
66.33816249994561,1.6290623474121095,9.493258666992189,1.6125965881347657,0.033823125064373016,0.1282157450914383,-0.06530424952507019,phone,user1,stand
66.35816049994901,1.717079315185547,9.60492645263672,1.3573773193359375,0.08463028073310852,0.133915975689888,-0.029448222368955612,phone,user1,stand
66.3781584999524,1.6865428161621094,9.688452758789063,1.4546749877929688,0.06597473472356796,0.13691291213035583,-0.041222844272851944,phone,user1,stand
66.3981564999558,1.6326548767089843,9.52304672241211,1.5859519958496096,0.06110203638672829,0.14106078445911407,0.001750689698383212,phone,user1,stand
66.4181544999592,1.620230712890625,9.463021545410157,1.5341596984863282,0.05372292920947075,0.11466625332832336,0.011296470649540424,phone,user1,stand
66.4381524999626,1.6338523864746095,9.475595397949219,1.5911911010742188,0.05609783157706261,0.14654754102230072,0.005417696200311184,phone,user1,stand
66.458150499966,1.7797988891601564,9.465865631103517,0.688568115234375,0.056769367307424545,0.13962233066558838,-0.003989111166447401,phone,user1,stand
66.4781484999694,1.32205078125,9.765243072509767,1.8426681518554688,-0.1421302855014801,-0.14945487678050995,-0.04249260202050209,phone,user1,stand
66.49814649997279,1.8314414978027345,9.723180541992187,1.6983682250976564,-0.010909035801887512,0.11126850545406342,-0.008372997865080833,phone,user1,stand
66.51814449997619,1.8009049987792969,9.421408081054688,1.4599140930175782,-0.013455482199788094,0.054311297833919525,-0.037232208997011185,phone,user1,stand
66.5381434999872,1.9371217346191407,9.61405746459961,1.5684384155273439,-0.016639092937111855,0.08911260217428207,-0.04128354415297508,phone,user1,stand
66.5581414999906,1.4804214477539064,9.473948822021486,1.3596226501464845,0.06145232915878296,0.22592078149318695,-0.018552519381046295,phone,user1,stand
66.578139499994,1.3762380981445312,9.486822052001953,1.4051280212402344,0.07002213597297668,0.3218741714954376,-0.007988324388861656,phone,user1,stand
66.59813749999739,1.3437556457519533,9.629774780273438,1.4233900451660157,0.03266645967960358,0.3352929353713989,-0.011349095031619072,phone,user1,stand
66.61813550000079,1.8411712646484375,9.486971740722657,1.551822967529297,-0.024162592366337776,0.21002113819122314,-0.007025351282209158,phone,user1,stand
66.63813350000419,1.2403207397460938,9.55178695678711,1.682351531982422,-0.04483652114868164,0.08876603841781616,-0.01850331574678421,phone,user1,stand
66.65813150000758,1.4162049865722657,9.588610382080079,1.3959970092773437,-0.03509924188256264,0.010347522795200348,0.002191059524193406,phone,user1,stand
66.67812950001098,1.646575927734375,9.801018676757813,1.2531939697265626,-0.018695028498768806,0.03461389243602753,-0.011011067777872086,phone,user1,stand
66.69812750001438,1.5281721496582032,9.559870147705078,1.5760725402832032,-0.026508167386054993,0.13915136456489563,-0.035367198288440704,phone,user1,stand
66.71812549990136,1.8145266723632814,9.30120803833008,1.6699273681640625,-0.04574204981327057,0.15417984127998352,-0.0629492923617363,phone,user1,stand
66.73812449991237,1.287173309326172,9.61645248413086,1.5768209838867189,-0.04673473909497261,0.07631898671388626,-0.0912887454032898,phone,user1,stand
66.75812249991577,1.4929953002929688,9.756411437988282,1.5444882202148438,-0.04017346724867821,0.04651915282011032,-0.05886548385024071,phone,user1,stand
66.77812049991917,1.4870077514648439,9.360484771728515,1.6169375610351564,-0.010504097677767277,0.046786051243543625,-0.029974384233355522,phone,user1,stand
66.79811849992257,1.4403048706054689,9.1825048828125,1.7377363586425782,-0.001111404038965702,0.0968172624707222,-0.03782148286700249,phone,user1,stand
66.81811649992596,1.5088623046875,9.492809600830078,1.5492782592773438,-0.000775863416492939,0.08960790932178497,-0.053238000720739365,phone,user1,stand
66.83811449992936,1.5217355346679688,9.721084899902344,1.5947836303710938,-0.040553756058216095,0.0332440547645092,-0.07392790913581848,phone,user1,stand
66.85811249993276,1.4419514465332033,9.712552642822265,1.7862355041503908,-0.0518893301486969,0.011906575411558151,-0.0791701078414917,phone,user1,stand
66.87811049993616,1.5142510986328126,9.516011352539063,1.7920733642578126,-0.008664499968290329,0.02078596130013466,-0.056810781359672546,phone,user1,stand
66.89810849993955,1.4278807067871095,9.429940338134767,1.7503102111816407,0.00295870378613472,0.004237567074596882,-0.0516316182911396,phone,user1,stand
66.91810649994295,1.4982344055175782,9.46751220703125,1.6244219970703127,-0.009884484112262726,-0.023493390530347824,-0.057463377714157104,phone,user1,stand
66.93810549995396,1.4639556884765625,9.426946563720703,1.636846160888672,-0.015846066176891327,-0.010772768408060074,-0.07790476083755493,phone,user1,stand
66.95810349995736,1.45377685546875,9.58052719116211,1.8038987731933596,-0.009625411592423916,0.015476280823349953,-0.09692898392677307,phone,user1,stand
66.97810149996076,1.3373190307617189,9.609866180419923,1.7712666320800783,0.0036861433181911707,0.0037727165035903454,-0.09926974773406982,phone,user1,stand
66.99809949996416,1.2353810119628907,9.622589721679688,1.8729052734375,0.005900965072214603,-0.004553568549454212,-0.06342831254005432,phone,user1,stand
67.01809749996755,1.2304412841796875,9.6615087890625,1.7592915344238282,-0.0016402385663241148,-0.01794332079589367,-0.02041172981262207,phone,user1,stand
67.0380951249972,1.6554075622558595,9.58337127685547,1.6042140197753907,0.0030237878672778606,-0.016569487750530243,-0.010401243343949318,phone,user1,stand
67.0580931250006,1.483714599609375,9.59055633544922,1.5748750305175783,-0.001998031511902809,0.005383437965065241,-0.05025693401694298,phone,user1,stand
67.078091125004,1.6024177551269532,9.609117736816406,1.8233583068847656,-0.02075563743710518,0.02644287422299385,-0.056806065142154694,phone,user1,stand
67.09808912500739,1.5691868591308595,9.441166992187501,1.8730549621582033,-0.019222890958189964,0.010272917337715626,-0.040162619203329086,phone,user1,stand
67.11808812490199,1.407073974609375,9.433682556152345,1.7708175659179688,-0.025284839794039726,-0.05042300745844841,-0.022565556690096855,phone,user1,stand
67.13808612490539,1.2379257202148437,9.648934936523437,1.6217276000976564,-0.03557359799742699,-0.05730435252189636,-0.009334998205304146,phone,user1,stand
67.15808412490878,1.196162567138672,9.74817855834961,1.610500946044922,-0.01708950288593769,-0.015188812278211117,-0.0014838457573205233,phone,user1,stand
67.17808212491218,1.3748908996582032,9.598190460205078,1.6040643310546876,-0.002551556332036853,0.03845945745706558,-0.005030944012105465,phone,user1,stand
67.19808012491558,1.3296849060058595,9.472152557373047,1.684746551513672,-0.003912664949893951,0.05048593133687973,-0.02031170018017292,phone,user1,stand
67.21807812491897,1.1334429931640626,9.506730651855468,1.7413288879394533,-0.021591320633888245,0.016948921605944633,-0.00590323843061924,phone,user1,stand
67.23807612492237,1.2563374328613282,9.613309020996095,1.6904347229003907,-0.007552809547632933,-0.021717021241784096,0.01273622177541256,phone,user1,stand
67.25807412492577,1.31965576171875,9.650731201171876,1.6422349548339845,-0.0067071253433823586,-0.03592298552393913,0.0061003779992461205,phone,user1,stand
67.27807212492917,1.4263838195800782,9.634265441894533,1.6720230102539064,-0.023533940315246582,-0.035445522516965866,-0.011722714640200138,phone,user1,stand
67.29807012493256,1.3898597717285157,9.526489562988282,1.8140776062011719,-0.03234196826815605,-0.05378010869026184,-0.025683334097266197,phone,user1,stand
67.31806912494358,1.3454022216796875,9.506580963134766,1.789977722167969,-0.014660400338470936,-0.07737690955400467,-0.008429705165326595,phone,user1,stand
67.33806712494697,1.391356658935547,9.476942596435547,1.731449432373047,-0.003976653330028057,-0.08023538440465927,-0.0003253946779295802,phone,user1,stand
67.35806512495037,1.5042219543457032,9.581425323486329,1.6230747985839844,0.00031837890855968,-0.06127814203500748,0.013531542383134365,phone,user1,stand
67.37806312495377,1.4894027709960938,9.681716766357422,1.5148498535156252,0.011521309614181519,-0.040520090609788895,0.011881721206009388,phone,user1,stand
67.39806112495717,1.3989907836914064,9.622589721679688,1.6851956176757814,0.02251971885561943,0.007701502181589603,-0.0029386242385953665,phone,user1,stand
67.41805912496056,1.25259521484375,9.562714233398438,1.7263600158691408,0.020031027495861053,0.018946610391139984,0.0008997229160740972,phone,user1,stand
67.43805712496396,1.1933184814453126,9.514514465332033,1.7528549194335938,0.008915422484278679,0.008677504025399685,0.006607030052691698,phone,user1,stand
67.45805512496736,1.2377760314941406,9.542506256103517,1.7113911437988283,0.0028414318803697824,-0.0073847295716404915,0.007527605630457401,phone,user1,stand
67.47805312497076,1.3168116760253907,9.603130187988281,1.6325051879882813,0.007864332757890224,-0.03129565715789795,0.004815561231225729,phone,user1,stand
67.49805112497415,1.6181350708007813,9.504036254882813,1.5331118774414063,0.01495149452239275,-0.03895131126046181,0.001967769116163254,phone,user1,stand
67.51805012498517,1.4247372436523438,9.522447967529297,1.3421090698242188,-0.0834374949336052,0.02870314009487629,-0.03420339897274971,phone,user1,stand
67.53804812498856,1.2436138916015627,9.59878921508789,1.9429595947265625,-0.025587812066078186,0.018097195774316788,-0.007408733479678631,phone,user1,stand
67.55804612499196,1.354084167480469,9.619595947265626,1.914668426513672,0.022963641211390495,-0.03496624529361725,0.003791343653574586,phone,user1,stand
67.57804412499536,1.5018269348144533,9.703421630859376,1.52562744140625,0.0490044504404068,-0.07843134552240372,-0.0070615606382489204,phone,user1,stand
67.59804212499876,1.6218772888183595,9.56466018676758,1.65495849609375,0.016233719885349274,-0.0519707128405571,-0.02135634422302246,phone,user1,stand
67.61804012500215,1.4676979064941407,9.464518432617188,1.6139437866210937,0.00547393225133419,-0.0022964044474065304,-0.00105596287176013,phone,user1,stand
67.63803812500555,1.4341676330566406,9.565258941650391,1.5862513732910157,0.015485063195228577,0.018507277593016624,0.009738434106111526,phone,user1,stand
67.65803612500895,1.3555810546875,9.598489837646484,1.639241180419922,0.011616683565080166,0.04332917928695679,0.014221505261957645,phone,user1,stand
67.67803412501235,1.2864248657226562,9.557026062011719,1.7510586547851563,0.009446816518902779,0.05357333645224571,0.01712195947766304,phone,user1,stand
67.69803212501574,1.327738952636719,9.590406646728516,1.7827926635742188,-0.00021139299497008324,0.03679218515753746,0.017266711220145226,phone,user1,stand
67.71803112491034,1.3491444396972656,9.576635284423828,1.651365966796875,-0.011050811968743801,-0.009739899076521397,0.017567502334713936,phone,user1,stand
67.73802912491374,1.364113311767578,9.589807891845703,1.5160473632812501,-0.010389505885541439,-0.01800328679382801,0.011023390106856823,phone,user1,stand
67.75802712491713,1.3382171630859376,9.543554077148437,1.5759228515625001,-0.007659146096557379,0.0027717682532966137,0.01058757770806551,phone,user1,stand
67.77802512492053,1.3259426879882814,9.49954559326172,1.6892372131347657,-0.010850591585040092,0.012910955585539341,0.008250267244875431,phone,user1,stand
67.79802312492393,1.3392649841308595,9.547745361328126,1.7173786926269532,-0.010993070900440216,-0.01040608435869217,0.011797597631812096,phone,user1,stand
67.81802112492733,1.3964460754394532,9.539213104248047,1.7073495483398438,-0.007506092078983784,-0.02784450724720955,0.013576436787843704,phone,user1,stand
67.83801912493072,1.390159149169922,9.600286102294922,1.6558566284179688,-0.002011347096413374,-0.042394738644361496,0.004343728069216013,phone,user1,stand
67.85801712493412,1.3358221435546875,9.683363342285157,1.4888040161132814,0.0025984742678701878,-0.03791685029864311,0.00022521111532114446,phone,user1,stand
67.87801512493752,1.2647200012207032,9.686656494140626,1.6661851501464844,-0.002508532488718629,0.006000672932714224,-0.0005459939711727202,phone,user1,stand
67.89801312494092,1.2668156433105469,9.630972290039063,1.7672250366210938,-0.009775388054549694,0.01751742511987686,0.011160450056195259,phone,user1,stand
67.91801212495193,1.3798306274414063,9.485624542236328,1.7360897827148438,-0.004425003193318844,-0.002369198016822338,0.009486893191933632,phone,user1,stand
67.93801012495533,1.4801220703125,9.44311294555664,1.6521144104003906,-0.005482141859829426,-0.02748826891183853,0.015771998092532158,phone,user1,stand
67.95800812495872,1.5861016845703126,9.605375518798828,1.545835418701172,-0.007504562847316265,-0.044066667556762695,0.01361726876348257,phone,user1,stand
67.97800612496212,1.4665003967285157,9.61166244506836,1.6461268615722657,-0.0022170105949044228,-0.01338048093020916,-0.003312725340947509,phone,user1,stand
67.99800412496552,1.4103671264648439,9.508526916503907,1.7137861633300782,0.00805828720331192,0.014213278889656067,-0.006695681717246771,phone,user1,stand
68.01800245826598,1.6310083007812501,9.435778198242188,0.37631744384765625,-0.0013153168838471174,0.0103146368637681,0.004744188394397497,phone,user1,stand
68.03800045826938,1.0364447021484375,9.618248748779298,2.0353175354003907,-0.200476735830307,0.1127857118844986,-0.009541618637740612,phone,user1,stand
68.05799845827278,1.2690609741210939,9.513766021728516,2.071542205810547,0.00022702314890921116,0.01697728969156742,0.021801315248012543,phone,user1,stand
68.07799645827617,1.4599140930175782,9.490264892578125,1.6878900146484377,0.04012533277273178,0.005500973667949438,0.023836389183998108,phone,user1,stand
68.09799445827957,1.3654605102539064,9.599387969970703,1.434467010498047,0.0329710952937603,0.0038125705905258656,0.008652914315462112,phone,user1,stand
