Time,Acc_X,Acc_Y,Acc_Z,Gyro_X,Gyro_Y,Gyro_Z,Device,Subject,Activity
1763575503867236096,-0.0032708048820495,0.0005182176828384,0.0090245008468627,-0.0709148719906807,0.003653262509033,0.0506335273385047,watch,user3,walk
1763575503877235200,-0.0056866705417633,0.0077204704284667,0.004632830619812,-0.0587623380124568,0.0081289708614349,0.0479693002998828,watch,user3,walk
1763575503887234048,-0.0056903064250946,0.014030635356903,-0.000417947769165,-0.0332932844758033,0.0099933613091707,0.0375141315162181,watch,user3,walk
1763575503897232896,-0.004560649394989,0.0192584693431854,-0.0047847032546997,-0.0068848468363285,0.013648816384375,0.0338754542171955,watch,user3,walk
1763575503907232000,-0.0008763968944549,0.0191436260938644,-0.0045007467269897,0.0013626967556774,0.0139135345816612,0.027278272435069,watch,user3,walk
1763575503917231104,0.000650405883789,0.0192307084798812,0.000392735004425,-0.0031854496337473,0.0131279025226831,0.0187886469066143,watch,user3,walk
1763575503927230208,-0.0006811320781707,0.0120511949062347,0.0035374164581298,-0.0131682194769382,0.0097106220200657,0.0153450472280383,watch,user3,walk
1763575503937229056,-0.0023505985736846,0.0066937506198883,0.0022597908973693,-0.019354211166501,0.0046210549771785,0.0141761852428317,watch,user3,walk
1763575503947226880,-0.0041712224483489,0.0075226724147796,-0.0002180933952331,-0.0218858122825622,0.0041928188875317,0.0081955241039395,watch,user3,walk
1763575503957225984,-0.0019919574260711,0.0077626854181289,-0.003003180027008,-0.0235002189874649,0.0034426064230501,0.0077569019049406,watch,user3,walk
1763575503967225088,0.0024443864822387,0.001672476530075,-0.0029428005218505,-0.0282118394970893,-0.0001751203089952,0.0105012226849794,watch,user3,walk
1763575503977224192,0.0048846006393432,-0.0048026442527771,0.0024884343147277,-0.0326537266373634,-0.0039528138004243,0.0153183480724692,watch,user3,walk
1763575503987223040,0.0037439167499542,-0.0080102831125259,0.006212294101715,-0.0406357087194919,-0.00621525850147,0.0213331636041402,watch,user3,walk
1763575503997222144,0.0003401637077331,-0.0128020644187927,0.009560227394104,-0.0431350842118263,-0.0088509889319539,0.0291833635419607,watch,user3,walk
1763575504007220992,-1.8417835235595703e-05,-0.0134216547012329,0.0067080855369567,-0.0449665859341621,-0.0062905368395149,0.0344161428511142,watch,user3,walk
1763575504017220096,-0.0001764893531799,-0.0144735723733901,0.0068235397338867,-0.0505738705396652,-0.0052689486183226,0.039229542016983,watch,user3,walk
1763575504027218944,-0.0021662712097167,-0.0149330794811248,0.0086129903793334,-0.0478154607117176,-0.009714120067656,0.043266624212265,watch,user3,walk
1763575504037218048,-0.0019852817058563,-0.0135385245084762,0.0056650042533874,-0.0493981763720512,-0.0095945438370108,0.0485306270420551,watch,user3,walk
1763575504047216128,-0.0036196410655975,-0.0131724178791046,0.0059131383895874,-0.05085439234972,-0.003311613574624,0.0548186190426349,watch,user3,walk
1763575504057214976,1.6182661056518555e-05,-0.0122325271368026,0.0111225843429565,-0.0517058037221431,-0.0052112461999058,0.0617449693381786,watch,user3,walk
1763575504067214080,0.0006653666496276,-0.0118059962987899,0.0131460428237915,-0.0622801929712295,-0.006038867868483,0.0647223144769668,watch,user3,walk
1763575504077212928,0.000422716140747,-0.0092642754316329,0.0129881501197814,-0.0724651888012886,-0.0070484727621078,0.0658967718482017,watch,user3,walk
1763575504087212032,-9.527802467346191e-05,-0.003429427742958,0.0097646713256835,-0.0824491083621978,-0.0047762631438672,0.06965022534132,watch,user3,walk
1763575504097211136,-0.0020073354244232,-0.0001213252544403,0.0045409202575683,-0.0848124027252197,0.0021974900737404,0.0741035640239715,watch,user3,walk
1763575504107210240,-0.0022640526294708,0.001307338476181,0.0045971274375915,-0.0744888335466384,0.0057987049221992,0.0747340694069862,watch,user3,walk
1763575504117209088,-0.0006477534770965,-0.0021994262933731,0.005985140800476,-0.0770135149359703,0.0048937629908323,0.0728251188993454,watch,user3,walk
1763575504127207936,0.0020067691802978,-0.0026316046714782,0.0079159140586853,-0.0850161388516426,0.0088005317375063,0.0730833113193512,watch,user3,walk
1763575504137207040,0.0044602155685424,-0.0051826387643814,0.0119469165802001,-0.0947435945272445,0.0140259200707077,0.0816597566008567,watch,user3,walk
1763575504147206144,0.0040578246116638,-0.0117346793413162,0.0178745985031127,-0.1045623570680618,0.0203199461102485,0.0841120555996894,watch,user3,walk
1763575504157204224,0.0003470182418823,-0.0163065195083618,0.022152841091156,-0.1103723123669624,0.0167174879461526,0.0830414667725563,watch,user3,walk
1763575504167203072,0.0004215836524963,-0.0125945508480072,0.0181963443756103,-0.123994693160057,0.0219469591975212,0.0826043784618377,watch,user3,walk
1763575504177201920,-0.0013120770454406,-0.0035815238952636,0.015338122844696,-0.1255260109901428,0.0324504673480987,0.0847346410155296,watch,user3,walk
1763575504187201024,-0.0008184611797332,-0.0008653104305267,0.0170472860336303,-0.126974806189537,0.0450323931872844,0.0938255414366722,watch,user3,walk
1763575504197200128,-0.0011458396911621,-0.004031628370285,0.0237568020820617,-0.1315549165010452,0.0585162416100502,0.0978165492415428,watch,user3,walk
1763575504207198976,-0.0030113458633422,-0.0118011087179183,0.0310267210006713,-0.1420691609382629,0.0613066144287586,0.0919248461723327,watch,user3,walk
1763575504217198080,-0.0001850128173828,-0.0178203731775283,0.031587541103363,-0.16017946600914,0.063506118953228,0.0900656878948211,watch,user3,walk
1763575504227197184,0.0049134790897369,-0.0188673585653305,0.0304569602012634,-0.1844219863414764,0.0755684673786163,0.0912086516618728,watch,user3,walk
1763575504237196032,0.01240935921669,-0.0192460566759109,0.0349057912826538,-0.2126214057207107,0.0956686735153198,0.0937679484486579,watch,user3,walk
1763575504247194112,0.0148699581623077,-0.0260371714830398,0.0422294735908508,-0.2418866604566574,0.1135769262909889,0.1018909215927124,watch,user3,walk
1763575504257193216,0.0117243826389312,-0.0332431197166442,0.0540541410446167,-0.2799597382545471,0.1315479278564453,0.1069290861487388,watch,user3,walk
1763575504267192064,0.0105013251304626,-0.0438148081302642,0.067327857017517,-0.327721506357193,0.1588084846735,0.1217172294855117,watch,user3,walk
1763575504277188864,0.0028391480445861,-0.0524499714374542,0.0753222107887268,-0.3671418726444244,0.1833380758762359,0.131802350282669,watch,user3,walk
1763575504287187712,-0.0018354952335357,-0.0582249760627746,0.0775148272514343,-0.4056687951087951,0.2156087458133697,0.1447126269340515,watch,user3,walk
1763575504297186560,-0.0064686238765716,-0.0554184913635253,0.0808735489845275,-0.4357257485389709,0.2556616365909576,0.1597999632358551,watch,user3,walk
1763575504307185664,-0.0036726295948028,-0.0571509003639221,0.082212746143341,-0.4343370795249939,0.2592888474464416,0.1909965723752975,watch,user3,walk
1763575504317184768,0.0112781226634979,-0.0551782250404357,0.0671953558921814,-0.4221688210964203,0.2581980228424072,0.2035038322210312,watch,user3,walk
1763575504327183616,0.0200596451759338,-0.0344786643981933,0.0500292181968688,-0.4026986956596374,0.2957130968570709,0.2038101553916931,watch,user3,walk
1763575504337182720,0.0231501162052154,-0.013450264930725,0.0492509007453918,-0.3644202649593353,0.3373470902442932,0.221073031425476,watch,user3,walk
1763575504347181824,0.0325961112976074,-0.0126241445541381,0.0603551864624023,-0.326470285654068,0.3734370768070221,0.2470445781946182,watch,user3,walk
1763575504357179648,0.0294520556926727,-0.0287805497646331,0.0703136324882507,-0.3118601739406585,0.4030738174915313,0.2669605016708374,watch,user3,walk
1763575504367178752,0.0186967253684997,-0.0445477664470672,0.0754623413085937,-0.3121502101421356,0.4373151361942291,0.2842929065227508,watch,user3,walk
1763575504377177600,0.0131575465202331,-0.0495171546936035,0.0717717409133911,-0.3188152909278869,0.4273431897163391,0.3047228157520294,watch,user3,walk
1763575504387176704,0.018229603767395,-0.0403726994991302,0.045657992362976,-0.3337300419807434,0.4218543171882629,0.3147862553596496,watch,user3,walk
1763575504397175808,0.0213001370429992,-0.0166169703006744,0.0174827575683593,-0.3134306371212005,0.4269739687442779,0.3163577914237976,watch,user3,walk
1763575504407174656,0.0334811806678772,0.0113469362258911,-0.011846899986267,-0.285660982131958,0.4469353556632995,0.3171730935573578,watch,user3,walk
1763575504417173504,0.040612518787384,0.0261560976505279,-0.0197396278381347,-0.2473335862159729,0.4511881470680237,0.3222953975200653,watch,user3,walk
1763575504427172608,0.045409470796585,0.0290811359882354,-0.0259832143783569,-0.2280494123697281,0.4526849389076233,0.3087937831878662,watch,user3,walk
1763575504437171712,0.0412432849407196,0.0299710035324096,-0.0236194729804992,-0.2218628823757171,0.4548546373844147,0.2994388937950134,watch,user3,walk
1763575504447170816,0.0355255007743835,0.0257890820503234,-0.0143892168998718,-0.2282301485538482,0.4549146294593811,0.3011182844638824,watch,user3,walk
1763575504457168896,0.0248804688453674,0.0124088525772094,-0.0037264227867126,-0.257804274559021,0.4421261250972748,0.3080193400382995,watch,user3,walk
1763575504467167488,0.0208710432052612,-0.0006337463855743,0.0013983845710754,-0.2882331609725952,0.3800616860389709,0.2999251186847687,watch,user3,walk
1763575504477166592,0.0280126929283142,-0.0017741620540618,-0.0206425786018371,-0.3156799674034118,0.3260615766048431,0.2609058320522308,watch,user3,walk
1763575504487165696,0.0295411944389343,0.0247440636157989,-0.0381298065185546,-0.3491007089614868,0.3148971796035766,0.2215866297483444,watch,user3,walk
1763575504497164800,0.0244860053062438,0.0497588515281677,-0.0462362766265869,-0.3454106152057647,0.3106486201286316,0.2000909298658371,watch,user3,walk
1763575504507163648,0.0201265215873718,0.0609669387340545,-0.0519088506698608,-0.3310541808605194,0.2915188670158386,0.1959551125764846,watch,user3,walk
1763575504517162752,0.0080990195274353,0.0578275322914123,-0.0544877648353576,-0.3304997086524963,0.2699491381645202,0.1888055801391601,watch,user3,walk
1763575504527161600,-0.0072965621948242,0.0466318726539611,-0.0506295561790466,-0.325191855430603,0.2509662806987762,0.1858828961849212,watch,user3,walk
1763575504537160704,-0.0186667442321777,0.0314980447292327,-0.0487945675849914,-0.3211843371391296,0.217471182346344,0.180595725774765,watch,user3,walk
1763575504547159552,-0.0171098113059997,0.0214344561100006,-0.0537225604057312,-0.3309787511825561,0.1909034848213195,0.1585147231817245,watch,user3,walk
1763575504557157632,-0.0212352871894836,0.0220049917697906,-0.0616304874420166,-0.3487937152385711,0.1812404692173004,0.138882964849472,watch,user3,walk
1763575504567156736,-0.0204757452011108,0.0222221910953521,-0.0584787130355834,-0.3821505308151245,0.1656309813261032,0.1299507170915603,watch,user3,walk
1763575504577155584,-0.0161544680595397,0.0177603662014007,-0.0505872964859008,-0.4341926872730255,0.1379641890525818,0.1334588974714279,watch,user3,walk
1763575504587154688,-0.0143465399742126,0.0070870816707611,-0.051503300666809,-0.5090319514274597,0.1020102798938751,0.1186887398362159,watch,user3,walk
1763575504597153536,-0.0104461908340454,0.0080321133136749,-0.0528861284255981,-0.6017872095108032,0.0659295096993446,0.1056416481733322,watch,user3,walk
1763575504607152640,-0.0022050142288208,0.0163128972053527,-0.0588904023170471,-0.6928732991218567,0.0374521501362323,0.0894652158021926,watch,user3,walk
1763575504617151744,0.0038921236991882,0.0212182402610778,-0.0579587817192077,-0.7579071521759033,0.0119326757267117,0.0717093870043754,watch,user3,walk
1763575504627150848,0.0029038190841674,0.026809275150299,-0.0531497597694397,-0.7551566362380981,-0.0124177606776356,0.0519718341529369,watch,user3,walk
1763575504637149696,-0.0007699728012084,0.0393018722534179,-0.0525837540626525,-0.6837508678436279,-0.0362423993647098,0.0156804043799638,watch,user3,walk
1763575504647148544,-0.008426547050476,0.0570227801799774,-0.0577675104141235,-0.5632830858230591,-0.041848886758089,-0.027354946359992,watch,user3,walk
1763575504657147648,-0.0126845240592956,0.0709145963191986,-0.0606024265289306,-0.4217296540737152,-0.031020738184452,-0.0631478279829025,watch,user3,walk
1763575504667145728,-0.0175904631614685,0.0741352140903472,-0.0594737529754638,-0.2972029447555542,-0.0153277069330215,-0.0796473771333694,watch,user3,walk
1763575504677144832,-0.0221019983291625,0.0674940645694732,-0.0563126802444458,-0.2073913216590881,-0.0154528748244047,-0.0976540744304657,watch,user3,walk
1763575504687143680,-0.022608458995819,0.0669133067131042,-0.0499908924102783,-0.1432293355464935,-0.0276483781635761,-0.1149551048874855,watch,user3,walk
1763575504697142528,-0.0231096744537353,0.0645532608032226,-0.0436542034149169,-0.0828120559453964,-0.0338354334235191,-0.126861035823822,watch,user3,walk
1763575504707141632,-0.0217736959457397,0.0554222166538238,-0.0338861346244812,-0.02236820012331,-0.0373129025101661,-0.1377612799406051,watch,user3,walk
1763575504717140736,-0.024995744228363,0.0424006283283233,-0.023714542388916,0.0380757041275501,-0.0370876006782054,-0.147500455379486,watch,user3,walk
1763575504727139584,-0.0243121981620788,0.031510442495346,-0.0171583294868469,0.0878121852874755,-0.0474051311612129,-0.1634279042482376,watch,user3,walk
1763575504737138688,-0.0179226994514465,0.023863673210144,-0.0124047994613647,0.1145338118076324,-0.0587869435548782,-0.1817927956581115,watch,user3,walk
1763575504747137792,-0.0136646628379821,0.0224103033542633,-0.009482204914093,0.143766850233078,-0.0612163729965686,-0.1948593854904174,watch,user3,walk
1763575504757136896,-0.0073179602622985,0.0189931094646453,-0.0056427121162414,0.1739404648542404,-0.0648688897490501,-0.1976698189973831,watch,user3,walk
1763575504767134720,-0.0037465095520019,0.0126534700393676,-0.0005608797073364,0.1959453970193863,-0.0626590996980667,-0.1951364129781723,watch,user3,walk
1763575504777133824,-0.0060550570487976,0.0040228366851806,0.0012446045875549,0.2156450748443603,-0.0630697533488273,-0.1982230246067047,watch,user3,walk
1763575504787132672,-0.0085994005203247,-0.0039869248867034,0.002387523651123,0.230046734213829,-0.0604648292064666,-0.1979694962501526,watch,user3,walk
1763575504797131776,-0.0045782923698425,-0.0045792758464813,0.001378059387207,0.2526551187038421,-0.055926002562046,-0.1982099711894989,watch,user3,walk
1763575504807130880,-0.0016451478004455,-0.0058592855930328,0.0019166469573974,0.2661095261573791,-0.0508526787161827,-0.1922056823968887,watch,user3,walk
1763575504817129728,0.0032699108123779,-0.0056283473968505,0.0025774240493774,0.2846091687679291,-0.0476986989378929,-0.1857893168926239,watch,user3,walk
1763575504827128576,0.005177617073059,-0.0073893368244171,0.0054430961608886,0.2859797179698944,-0.0403306186199188,-0.1801953017711639,watch,user3,walk
1763575504837127680,0.0027911067008972,-0.0089679658412933,0.0126605629920959,0.2796078324317932,-0.0373305678367614,-0.1760884374380111,watch,user3,walk
1763575504847126784,0.0020977854728698,-0.011601835489273,0.0170013904571533,0.2741608917713165,-0.0441193208098411,-0.1676269769668579,watch,user3,walk
1763575504857125632,0.0028126835823059,-0.0108749866485595,0.020082950592041,0.2613806426525116,-0.0507681667804718,-0.1637589931488037,watch,user3,walk
1763575504867124736,0.0029042363166809,-0.0124000906944274,0.0208852291107177,0.2428503781557083,-0.0529008284211158,-0.153776541352272,watch,user3,walk
1763575504877122560,0.006218671798706,-0.0133594572544097,0.0197646617889404,0.2240191549062729,-0.0533714070916175,-0.1463282108306884,watch,user3,walk
1763575504887121664,0.0116614699363708,-0.0161083936691284,0.0219851732254028,0.1982790380716323,-0.0527775213122367,-0.1312132477760315,watch,user3,walk
1763575504897120768,0.0122391581535339,-0.0211872458457946,0.0230083465576171,0.170561134815216,-0.0538196191191673,-0.1185094192624092,watch,user3,walk
1763575504907119872,0.0115752220153808,-0.0202604234218597,0.0226507186889648,0.1406260430812835,-0.051652692258358,-0.1057068109512329,watch,user3,walk
1763575504917118720,0.0123069286346435,-0.0175635516643524,0.0204882025718688,0.1223684847354888,-0.0578831583261489,-0.0939497575163841,watch,user3,walk
1763575504927117568,0.0132114887237548,-0.0162228643894195,0.0174390077590942,0.1142623946070671,-0.0553628280758857,-0.0844792202115058,watch,user3,walk
1763575504937116672,0.0119297504425048,-0.0131252110004425,0.0157957673072814,0.1122418567538261,-0.050182182341814,-0.080321229994297,watch,user3,walk
1763575504947115776,0.0124517083168029,-0.0109939277172088,0.0199269652366638,0.1141752153635025,-0.0482267141342163,-0.0762290135025978,watch,user3,walk
1763575504957114624,0.0155447125434875,-0.0114341378211975,0.0209957957267761,0.1096643581986427,-0.0471438691020011,-0.065715916454792,watch,user3,walk
1763575504967113728,0.0140274763107299,-0.014390081167221,0.0219847559928894,0.0905877351760864,-0.0405552089214324,-0.0553336516022682,watch,user3,walk
1763575504977112832,0.0098267197608947,-0.0168631970882415,0.0229536294937133,0.0693362429738044,-0.0353761613368988,-0.0475068874657154,watch,user3,walk
1763575504987110656,0.0070236325263977,-0.0207390487194061,0.0239672660827636,0.0436335429549217,-0.032017383724451,-0.034816924482584,watch,user3,walk
1763575504997109760,0.0065523386001586,-0.0188578069210052,0.0227803587913513,0.0207575224339962,-0.0261547025293111,-0.0306738428771495,watch,user3,walk
1763575505007108608,0.0056349039077758,-0.0145102143287658,0.0178638100624084,0.0075498861260712,-0.0196492187678813,-0.022132221609354,watch,user3,walk
1763575505017107712,0.0069330334663391,-0.0078158974647521,0.0130801200866699,0.0053951223380863,-0.0099593074992299,-0.020336452871561,watch,user3,walk
1763575505027106816,0.0072910189628601,-0.0026876032352447,0.0127301812171936,0.0151119763031601,-0.0011230278760194,-0.0239411052316427,watch,user3,walk
1763575505037105920,0.0052329897880554,0.0022071599960327,0.0153495073318481,0.0230790898203849,0.0040309876203536,-0.0304860901087522,watch,user3,walk
1763575505047104512,0.0036908388137817,0.006569355726242,0.0163827538490295,0.0358394905924797,0.0014490531757473,-0.0430074110627174,watch,user3,walk
1763575505057103616,0.001108169555664,0.0083744525909423,0.0168047547340393,0.0508261658251285,0.0059418058954179,-0.0516048930585384,watch,user3,walk
1763575505067102720,-0.000123381614685,0.0108905434608459,0.0145908594131469,0.055252693593502,0.0226146150380373,-0.0569186955690383,watch,user3,walk
1763575505077101824,-0.0052812099456787,0.0084068179130554,0.013897955417633,0.0587475597858428,0.0301846489310264,-0.0609278194606304,watch,user3,walk
1763575505087100672,-0.0083754658699035,0.0069813430309295,0.014219045639038,0.0501911342144012,0.0373599156737327,-0.0634292587637901,watch,user3,walk
1763575505097098496,-0.0094613432884216,0.0050490498542785,0.0148457884788513,0.0324898995459079,0.0423639975488185,-0.0688935294747352,watch,user3,walk
1763575505107097600,-0.0112709403038024,0.0022122263908386,0.0112941265106201,0.0168393906205892,0.0392777472734451,-0.0673765912652015,watch,user3,walk
1763575505117096704,-0.0117901563644409,0.0020249783992767,0.0046725869178771,-0.0007651688647456,0.0384188778698444,-0.0704714506864547,watch,user3,walk
1763575505127095808,-0.0109700560569763,0.0030354857444763,0.0050057172775268,-0.0076822862029075,0.0404121652245521,-0.0718835964798927,watch,user3,walk
1763575505137094656,-0.0096967220306396,0.0030095279216766,0.0055710077285766,-0.0084482105448842,0.0360714793205261,-0.0692966058850288,watch,user3,walk
1763575505147093760,-0.0083596110343933,-0.0003300011157989,0.0042532682418823,-0.0037682382389903,0.0297123827040195,-0.0669169351458549,watch,user3,walk
1763575505157092864,-0.0078279972076416,-0.0028163790702819,0.0006494522094726,0.0040830271318554,0.0269610714167356,-0.0587618052959442,watch,user3,walk
1763575505167091712,-0.0082249045372009,-0.004865676164627,-0.0026909112930297,0.004204511642456,0.0232466701418161,-0.0530817508697509,watch,user3,walk
1763575505177090560,-0.004848301410675,-0.0065031945705413,-0.0076777338981628,0.003231659065932,0.0166241880506277,-0.0416370816528797,watch,user3,walk
1763575505187089664,-0.0022233724594116,-0.0080644190311431,-0.0126778483390808,-0.0084842965006828,0.0073199919424951,-0.0326056331396102,watch,user3,walk
1763575505197088768,-0.0019952058792114,-0.0096495747566223,-0.0151359438896179,-0.0199878215789794,0.0019787559285759,-0.0228078663349151,watch,user3,walk
1763575505207086848,0.0012304782867431,-0.0100403726100921,-0.0168496966361999,-0.030743308365345,-0.0092935170978307,-0.0129495756700634,watch,user3,walk
1763575505217085696,0.0032591819763183,-0.0110775530338287,-0.0174328684806823,-0.0339705236256122,-0.0185935422778129,-0.0027773650363087,watch,user3,walk
1763575505227084544,0.0041711330413818,-0.0107160210609436,-0.0171484947204589,-0.019766291603446,-0.0265276320278644,0.0031915779691189,watch,user3,walk
1763575505237083648,0.008506953716278,-0.0051798522472381,-0.0174037218093872,-0.0083937942981719,-0.0354191288352012,0.0062430277466773,watch,user3,walk
1763575505247082752,0.011387825012207,0.0004685521125793,-0.0164588689804077,0.011186521500349,-0.0391477271914482,0.0103896362707018,watch,user3,walk
1763575505257081856,0.0114819407463073,0.0001116394996643,-0.0148428082466125,0.0225728657096624,-0.0406145974993705,0.0177293084561824,watch,user3,walk
1763575505267080704,0.0114554762840271,-0.0008119046688079,-0.0097336769104003,0.0277546234428882,-0.043377187103033,0.0242298860102891,watch,user3,walk
1763575505277081344,0.0101309418678283,-0.0018596053123474,-0.0069023370742797,0.0248067695647478,-0.0477322526276111,0.0282400734722614,watch,user3,walk
1763575505287079936,0.0074332356452941,-0.0010780692100524,-0.0035828351974487,0.0239684507250785,-0.0497906990349292,0.0358583778142929,watch,user3,walk
1763575505297079040,0.0064274072647094,0.0004955232143402,-0.0001763105392456,0.0240291710942983,-0.0502056181430816,0.0350887216627597,watch,user3,walk
1763575505307078144,0.0044201612472534,0.0046588480472564,0.000644028186798,0.0284148193895816,-0.0475157387554645,0.0302084162831306,watch,user3,walk
1763575505317077248,0.0015444159507751,0.0064818561077117,0.0070844292640686,0.0226232428103685,-0.0429673269391059,0.0256813075393438,watch,user3,walk
1763575505327075328,0.0011613965034484,0.0048661828041076,0.0105170011520385,0.0201004762202501,-0.043357565999031,0.0213729105889797,watch,user3,walk
1763575505337074176,-0.0051096081733703,0.0021112263202667,0.0149520635604858,0.0137123512104153,-0.0374488122761249,0.0114843286573886,watch,user3,walk
1763575505347073024,-0.0062014460563659,0.0011377334594726,0.0158841609954834,0.0086362781003117,-0.034281600266695,0.0051349531859159,watch,user3,walk
1763575505357072128,-0.0088433027267456,0.0019131302833557,0.0185211300849914,0.0053757699206471,-0.0265576373785734,-0.0029112552292644,watch,user3,walk
1763575505367071232,-0.0080492496490478,0.0015396177768707,0.0186768174171447,-0.0013242552522569,-0.0213097892701625,-0.0065393466502428,watch,user3,walk
1763575505377070080,-0.0097460150718688,0.0029573142528533,0.0157437920570373,-0.0096295895054936,-0.0084749497473239,-0.0125607540830969,watch,user3,walk
1763575505387069184,-0.0087101459503173,0.001777708530426,0.0136753916740417,-0.0138090653344988,-0.0019490518607199,-0.0141111128032207,watch,user3,walk
1763575505397068288,-0.0095457434654235,0.0004608333110809,0.0119585394859313,-0.0151638155803084,0.0047852834686636,-0.0222302917391061,watch,user3,walk
1763575505407067136,-0.0072696208953857,-0.0001281201839447,0.0087887048721313,-0.0125155681744217,0.0106785930693149,-0.0262992028146982,watch,user3,walk
1763575505417065984,-0.0072079896926879,0.0006071925163269,0.006648302078247,-0.0132974721491336,0.019118683412671,-0.0303088575601577,watch,user3,walk
1763575505427065088,-0.0044877529144287,-0.0012388825416564,0.007084310054779,-0.0064451587386429,0.017678178846836,-0.0327300727367401,watch,user3,walk
1763575505437063168,-0.0036192536354064,-0.0027152895927429,0.0039027333259582,-0.0020850314758718,0.0207072589546442,-0.0392630733549594,watch,user3,walk
1763575505447062272,-0.0029076933860778,-0.0024389624595642,0.0019509196281433,0.0076609840616583,0.0223554000258445,-0.0407817363739013,watch,user3,walk
1763575505457061120,0.0009655952453613,-0.0013081133365631,0.001110017299652,0.0146834729239344,0.0226760432124137,-0.0391998179256916,watch,user3,walk
1763575505467059968,0.0027312040328979,-0.0004540085792541,-0.0011417865753173,0.0185467880219221,0.0209876000881195,-0.0362975746393203,watch,user3,walk
1763575505477059072,9.191036224365234e-05,-0.0007840096950531,-0.0057069063186645,0.0227015856653451,0.0208682902157306,-0.031850628554821,watch,user3,walk
1763575505487058176,0.0021206140518188,-0.0024446547031402,-0.0070111751556396,0.0233515314757823,0.0169664938002824,-0.0302131157368421,watch,user3,walk
1763575505497057280,0.0024735927581787,-0.0025534033775329,-0.0069934725761413,0.020952820777893,0.0150660621002316,-0.0287584979087114,watch,user3,walk
1763575505507056128,0.0018512606620788,-0.0037435889244079,-0.0056859850883483,0.0209778547286987,0.013144857250154,-0.0220137760043144,watch,user3,walk
1763575505517055232,0.0039603114128112,-0.00549978017807,-0.0054728984832763,0.0266583785414695,0.0087836645543575,-0.0192464850842952,watch,user3,walk
1763575505527054080,0.0058570504188537,-0.003222107887268,-0.0071285367012023,0.033610999584198,0.0062258760444819,-0.0143145788460969,watch,user3,walk
1763575505537053184,0.003909409046173,-0.0004404187202453,-0.0065884590148925,0.0452833697199821,0.0058325268328189,-0.0123744653537869,watch,user3,walk
1763575505547051264,0.0015078783035278,0.000133454799652,-0.0040767788887023,0.0562418363988399,0.0023422772064805,-0.0058204256929457,watch,user3,walk
1763575505557050112,0.0018237233161926,-0.0037994980812072,-0.0013203024864196,0.0617995895445346,-0.0004095677286386,-0.0035127969458699,watch,user3,walk
1763575505567049216,0.0002508759498596,-0.0070797204971313,0.0012238025665283,0.0536759234964847,-0.0040150438435375,4.658452235162258e-05,watch,user3,walk
1763575505577048064,0.0028517842292785,-0.0088215172290802,0.0059958100318908,0.0454134680330753,-0.0077855470590293,0.0032218713313341,watch,user3,walk
1763575505587047168,0.0036167502403259,-0.009180337190628,0.0071490406990051,0.029472230002284,-0.0122685339301824,0.007941392250359,watch,user3,walk
1763575505597046016,0.002606451511383,-0.0096967220306396,0.0092568397521972,0.0146583952009677,-0.0142350122332572,0.0162967946380376,watch,user3,walk
1763575505607045120,0.0039131641387939,-0.0101992785930633,0.010515809059143,-0.0002676904550753,-0.0140946637839078,0.0193674862384796,watch,user3,walk
1763575505617044224,0.0037730932235717,-0.0087274014949798,0.0108527541160583,-0.0055327601730823,-0.0171375907957553,0.0244280248880386,watch,user3,walk
1763575505627043328,0.0051591992378234,-0.0063033103942871,0.0082337856292724,-0.0124331433326005,-0.0093161538243293,0.0244944021105766,watch,user3,walk
1763575505637041920,0.0046812295913696,-0.0046918392181396,0.0062167644500732,-0.0156124243512749,-0.007141416426748,0.028494469821453,watch,user3,walk
1763575505647041024,0.0033712983131408,-0.005252331495285,0.0101696252822875,-0.0173758827149868,-0.0046707135625183,0.0291967466473579,watch,user3,walk
1763575505657040128,0.0043862462043762,-0.0062366425991058,0.0119130611419677,-0.0236209947615861,-0.0010000788606703,0.0300782527774572,watch,user3,walk
1763575505667039232,0.0030004382133483,-0.0069068968296051,0.0122485160827636,-0.0312780700623989,0.004926165100187,0.0309200137853622,watch,user3,walk
1763575505677037312,0.0029029250144958,-0.0055305659770965,0.0140879154205322,-0.0327276289463043,0.0043381392024457,0.0332385599613189,watch,user3,walk
1763575505687036160,0.005216896533966,-0.0040255784988403,0.0110171437263488,-0.0368905924260616,0.0009264517575502,0.0376512855291366,watch,user3,walk
1763575505697035008,0.0044571161270141,-0.000964730978012,0.0082090497016906,-0.0446113646030426,0.0086943600326776,0.0399815514683723,watch,user3,walk
1763575505707034112,0.0016342401504516,0.001970499753952,0.0069908499717712,-0.036826454102993,0.009818835183978,0.0357719585299491,watch,user3,walk
1763575505717033216,0.0049333572387695,0.0031070113182067,0.0054225921630859,-0.0330618098378181,0.0088025731965899,0.0390827991068363,watch,user3,walk
1763575505727032064,0.004730999469757,0.0088850855827331,0.0051093101501464,-0.0226403754204511,0.0107861850410699,0.0335303097963333,watch,user3,walk
1763575505737031168,0.0037802457809448,0.0114223361015319,0.0012173056602478,-0.0141867017373442,0.0126711707562208,0.0297262482345104,watch,user3,walk
1763575505747030272,0.0040736198425292,0.0108055174350738,0.001771867275238,-0.0063871461898088,0.0190045218914747,0.023539125919342,watch,user3,walk
1763575505757029120,0.0016435980796813,0.0100417733192443,0.0039379000663757,-0.0018059766152873,0.0200937539339065,0.0226347167044878,watch,user3,walk
1763575505767027968,-3.8623809814453125e-05,0.0074719488620758,0.0035076141357421,-0.0032070213928818,0.0219637379050254,0.0160666294395923,watch,user3,walk
1763575505777027072,-0.0013678669929504,0.0095358192920684,0.000794768333435,-0.0010064513189718,0.0212239120155572,0.0106817185878753,watch,user3,walk
1763575505787026176,-0.0020518898963928,0.0124537646770477,-0.0039933323860168,0.0136015638709068,0.023305881768465,0.0069064879789948,watch,user3,walk
1763575505797025280,-0.0032055377960205,0.016982614994049,-0.0100876092910766,0.037894919514656,0.0342850312590599,0.0024704607203602,watch,user3,walk
1763575505807023104,-0.008535623550415,0.0196480751037597,-0.0132138729095458,0.0655709356069564,0.0432438142597675,-0.0023254931438714,watch,user3,walk
1763575505817022208,-0.0085200667381286,0.0194459855556488,-0.0127649307250976,0.0932984352111816,0.0445383787155151,-0.0111868949607014,watch,user3,walk
1763575505827021056,-0.0098384022712707,0.0145459771156311,-0.010342538356781,0.1147273406386375,0.0444107204675674,-0.0232604015618562,watch,user3,walk
1763575505837020160,-0.0108224153518676,0.0137022137641906,-0.0111171603202819,0.1358177065849304,0.0415094792842865,-0.0283915139734745,watch,user3,walk
1763575505847019264,-0.0079129338264465,0.0147698819637298,-0.0110539197921752,0.143474742770195,0.0409431979060173,-0.0367682203650474,watch,user3,walk
1763575505857018112,-0.0061709284782409,0.0096290707588195,-0.0101948380470275,0.157764196395874,0.0407999195158481,-0.0412106402218341,watch,user3,walk
1763575505867017216,-0.0047858953475952,0.0066120624542236,-0.0072513818740844,0.1668372303247451,0.0406136773526668,-0.049754723906517,watch,user3,walk
1763575505877016064,-0.0031801462173461,0.0042507350444793,-0.0025737285614013,0.168904110789299,0.0416078343987464,-0.0494503267109394,watch,user3,walk
1763575505887015168,-0.0046288967132568,0.002051293849945,-0.0033393502235412,0.1686402410268783,0.0363972708582878,-0.0506923571228981,watch,user3,walk
1763575505897014016,-0.0034120678901672,-0.0014675557613372,0.0007603764533996,0.1713342815637588,0.0318635068833828,-0.0522774718701839,watch,user3,walk
1763575505907013120,-0.0009846687316894,-0.0023952424526214,0.0012603998184204,0.1751003563404083,0.0317983478307724,-0.0569466613233089,watch,user3,walk
1763575505917012224,0.0044327974319458,-0.0030427873134613,0.0021359324455261,0.1719666123390197,0.0340593717992305,-0.0552483648061752,watch,user3,walk
1763575505927011328,0.0036211013793945,-0.0050852298736572,0.0047444105148315,0.1689718961715698,0.0307988636195659,-0.0564547739923,watch,user3,walk
1763575505937009152,0.0051912665367126,-0.0047836005687713,0.0062277317047119,0.1612772196531295,0.0313264355063438,-0.0542611293494701,watch,user3,walk
1763575505947008256,0.0079501271247863,-0.0089160501956939,0.0080188512802124,0.1518415957689285,0.033331885933876,-0.0497053265571594,watch,user3,walk
1763575505957007104,0.0075280666351318,-0.015430748462677,0.0143005847930908,0.134735569357872,0.0348616056144237,-0.04434784501791,watch,user3,walk
1763575505967006208,0.0052753686904907,-0.0184886157512664,0.015617549419403,0.1134205684065818,0.0293443351984024,-0.0381416790187358,watch,user3,walk
1763575505977005312,0.0057255625724792,-0.0181642472743988,0.0145788192749023,0.0926971808075904,0.026649747043848,-0.0376764275133609,watch,user3,walk
1763575505987004160,0.0049552917480468,-0.0160746872425079,0.0152243971824646,0.074624478816986,0.0257005076855421,-0.030497008934617,watch,user3,walk
1763575505997003008,0.0056574344635009,-0.0162383913993835,0.0149319171905517,0.0667170211672782,0.027239017188549,-0.0198065489530563,watch,user3,walk
1763575506007002112,0.0038197040557861,-0.0154343843460083,0.0140169858932495,0.0604033805429935,0.0257179960608482,-0.0143149774521589,watch,user3,walk
1763575506017001216,0.0046218037605285,-0.0128303468227386,0.0123533606529235,0.0551060885190963,0.0256564766168594,-0.0083558876067399,watch,user3,walk
1763575506027000064,0.0054910778999328,-0.011825293302536,0.0116794109344482,0.0442044809460639,0.0269759837538003,-0.0008367859991267,watch,user3,walk
1763575506036999168,0.0071419477462768,-0.0129422545433044,0.0122644901275634,0.024140490218997,0.0237961690872907,0.0042732874862849,watch,user3,walk
1763575506046998272,0.0056523084640502,-0.012948602437973,0.0107889175415039,0.0129656009376049,0.0208230167627334,0.0073031662032008,watch,user3,walk
1763575506056997120,0.0069221854209899,-0.0090483129024505,0.0085750818252563,0.0031555811874568,0.0174333453178405,0.0114142876118421,watch,user3,walk
1763575506066995200,0.0069721341133117,-0.0055504143238067,0.0087285637855529,0.0020258238073438,0.0147942416369915,0.0117850666865706,watch,user3,walk
1763575506076994304,0.0076403021812438,-0.000483900308609,0.0056968331336975,0.0029347606468945,0.0176688581705093,0.0112274009734392,watch,user3,walk
1763575506086993152,0.0045557022094726,0.0016114711761474,0.004236876964569,0.0128105161711573,0.0200170557945966,0.0102167967706918,watch,user3,walk
1763575506096992256,0.0020645260810852,0.0030878782272338,0.0028830766677856,0.0115953162312507,0.0222836714237928,0.0175623279064893,watch,user3,walk
1763575506106991104,0.0013229250907897,0.0011378526687622,0.0024115443229675,0.006092426367104,0.0188543200492858,0.0110941752791404,watch,user3,walk
1763575506116990208,0.0010444521903991,0.0017322897911071,0.0024317502975463,-0.0005468340823426,0.0180428549647331,0.0130436094477772,watch,user3,walk
1763575506126989056,0.0025680661201477,0.005630612373352,0.0009482502937316,-0.0040447185747325,0.0165617819875478,0.0162232909351587,watch,user3,walk
1763575506136988160,0.002416968345642,0.0076244175434112,-0.0004549622535705,-0.0017024683766067,0.0135052725672721,0.0166832190006971,watch,user3,walk
1763575506146987264,0.0002046227455139,0.0096328556537628,0.0008521080017089,0.0093725537881255,0.0128322914242744,0.0063662654720246,watch,user3,walk
1763575506156986112,0.0003394484519958,0.0102947950363159,0.0014818310737609,0.0177993271499872,0.0138075407594442,0.0046599782072007,watch,user3,walk
1763575506166985216,0.0012363791465759,0.0090455114841461,0.0022151470184326,0.0245119575411081,0.013794757425785,0.0072600888088345,watch,user3,walk
1763575506176984064,0.0033414959907531,0.0097650587558746,0.0003789067268371,0.0278558228164911,0.01048285048455,0.0051234350539743,watch,user3,walk
1763575506186983168,0.0026341676712036,0.0096964836120605,0.0007004141807556,0.023388635367155,0.0132770389318466,-0.0001887723919935,watch,user3,walk
1763575506196982272,0.0009810924530029,0.0072854161262512,0.0032197833061218,0.0182023961097002,0.0099917631596326,0.0015081940218806,watch,user3,walk
1763575506206981120,0.0009258389472961,0.0036017298698425,0.0054614543914794,0.0139304203912615,0.0095835011452436,-0.0040927003137767,watch,user3,walk
1763575506216979200,-0.000700294971466,0.0011092722415924,0.0076657533645629,0.0152417616918683,0.0088740345090627,-0.0063414736650884,watch,user3,walk
1763575506226978048,-0.0006295442581176,0.0003101825714111,0.0079986453056335,0.0136260213330388,0.0105238631367683,-0.0080379070714116,watch,user3,walk
1763575506236977152,-0.0030151009559631,-9.626150131225586e-05,0.0097851157188415,0.0139650413766503,0.0109486375004053,-0.0064147105440497,watch,user3,walk
1763575506246976256,-0.00159752368927,-0.0023622214794158,0.0081209540367126,0.011521590873599,0.0065253931097686,-0.0051230774261057,watch,user3,walk
1763575506256975104,-0.0006920099258422,-0.0036224424839019,0.0041009187698364,0.0114592732861638,0.0132243083789944,-0.0051735443994402,watch,user3,walk
1763575506266974208,0.0016437768936157,-0.0005218386650085,0.0033645629882812,0.0176366530358791,0.0136900069192051,-0.0039721922948956,watch,user3,walk
1763575506276974080,0.0012616515159606,-0.0004684329032897,0.0050779581069946,0.018893664702773,0.0158700700849294,-0.0044172061607241,watch,user3,walk
1763575506286972928,0.0012393593788146,-0.0015066862106323,0.0066888332366943,0.0232324432581663,0.0137811750173568,-0.0041477610357105,watch,user3,walk
1763575506296971776,0.0023118257522583,-0.0035643279552459,0.0087161660194396,0.0198755282908678,0.0174209177494049,-0.0028060604818165,watch,user3,walk
1763575506306970880,0.0021656155586242,-0.0048789680004119,0.0076947212219238,0.0143303386867046,0.0141762997955083,0.0015352249611169,watch,user3,walk
1763575506316969984,0.0028446316719055,-0.0038126409053802,0.0077042579650878,0.0034542544744908,0.0122835915535688,3.160425694659352e-05,watch,user3,walk
1763575506326968832,0.0008546113967895,-0.0040374398231506,0.0060711503028869,-0.0032939291559159,0.0134151680395007,0.0062627349980175,watch,user3,walk
1763575506336967936,1.1920928955078125e-06,-0.0041815638542175,0.0061317682266235,-0.0109832743182778,0.0161981713026762,0.0113903861492872,watch,user3,walk
1763575506346967040,0.0020152330398559,-0.0043438374996185,0.0046217441558837,-0.0195348188281059,0.0122425779700279,0.0120016476139426,watch,user3,walk
1763575506356966144,0.0006326436996459,-0.0042161345481872,0.0066626667976379,-0.022713566198945,0.0107141900807619,0.0121491868048906,watch,user3,walk
1763575506366963968,-0.0016465187072753,-0.0023427605628967,0.0068512558937072,-0.0248239003121852,0.0108391810208559,0.0135475462302565,watch,user3,walk
1763575506376962816,-0.0019948482513427,-0.0026664435863494,0.0058684945106506,-0.0247847512364387,0.0136312395334243,0.0126846823841333,watch,user3,walk
1763575506386961920,-0.0006119012832641,-0.0011806190013885,0.0080523490905761,-0.0202886704355478,0.0092671178281307,0.01350739877671,watch,user3,walk
1763575506396961024,-0.001355230808258,0.0008804202079772,0.0044364929199218,-0.0193107575178146,0.0122450646013021,0.0151779986917972,watch,user3,walk
1763575506406960128,-0.004126489162445,0.0048182904720306,0.0038812160491943,-0.0138512765988707,0.0178614035248756,0.0149018298834562,watch,user3,walk
1763575506416958720,-0.003962755203247,0.0035787522792816,0.0018450021743774,-0.0047469940036535,0.0206673108041286,0.0109489001333713,watch,user3,walk
1763575506426957824,-0.0045497417449951,0.0038403570652008,0.0024605989456176,-0.0014332227874547,0.019901119172573,0.0075356601737439,watch,user3,walk
1763575506436956928,-0.003377079963684,0.0016146302223205,0.0044415593147277,-0.0002752804430201,0.0203032568097114,0.0043507856316864,watch,user3,walk
1763575506446956032,-0.0029307007789611,0.00266695022583,0.001673936843872,0.0029635671526193,0.0200507007539272,-0.001213357085362,watch,user3,walk
1763575506456954880,-0.0025081038475036,0.004249483346939,0.0040456056594848,0.0035036564804613,0.0248395968228578,-0.0058435285463929,watch,user3,walk
1763575506466953984,-0.0041264295578002,0.0068008601665496,0.0035855174064636,0.0122680747881531,0.0271648913621902,-0.0064340182580053,watch,user3,walk
1763575506476953088,-0.0088917613029479,0.0074486136436462,0.0011695027351379,0.0220653116703033,0.0335311777889728,-0.012476198375225,watch,user3,walk
1763575506486951936,-0.0108164548873901,0.009313017129898,-0.0019443035125732,0.0362692363560199,0.0388477332890033,-0.0155064091086387,watch,user3,walk
1763575506496950784,-0.0138531923294067,0.0110666155815124,-0.0031554698944091,0.0512910634279251,0.0453887246549129,-0.0186966098845005,watch,user3,walk
1763575506506949888,-0.0130857825279235,0.0132889747619628,-0.00263512134552,0.0654750168323516,0.056713905185461,-0.0181030593812465,watch,user3,walk
1763575506516948992,-0.0160571336746215,0.015824943780899,-0.0007322430610656,0.0883369222283363,0.0629659444093704,-0.0232370998710393,watch,user3,walk
1763575506526947072,-0.0207122564315795,0.0205548107624053,-0.0061790943145751,0.1204947680234909,0.0700016617774963,-0.0274716597050428,watch,user3,walk
1763575506536945920,-0.0235605835914611,0.0271168649196624,-0.0146542787551879,0.164991408586502,0.0758198648691177,-0.0362254679203033,watch,user3,walk
1763575506546944768,-0.0222418308258056,0.0310413539409637,-0.017489731311798,0.2136586308479309,0.0812328308820724,-0.0510587431490421,watch,user3,walk
1763575506556943872,-0.0190553665161132,0.0294277667999267,-0.0142056941986083,0.2573139369487762,0.0796586349606514,-0.0642248839139938,watch,user3,walk
1763575506566942976,-0.0134246945381164,0.0260801017284393,-0.0097356438636779,0.2933681011199951,0.0714997798204422,-0.0760204195976257,watch,user3,walk
1763575506576942080,-0.0053054690361022,0.0191766619682312,-0.0071873664855957,0.3055379390716553,0.0692992061376571,-0.0897242501378059,watch,user3,walk
1763575506586940928,-0.0022661685943603,0.0106691718101501,-0.0011862516403198,0.3051207065582275,0.06027277931571,-0.1012598648667335,watch,user3,walk
1763575506596939776,-0.0004961490631103,0.004237949848175,0.0014315247535705,0.2864367663860321,0.0488968193531036,-0.1093020811676979,watch,user3,walk
1763575506606938880,-0.0021761059761047,-0.0016672611236572,0.0047977566719055,0.2702949047088623,0.0365379750728607,-0.1124075874686241,watch,user3,walk
1763575506616937984,0.0013020038604736,-0.0077069997787475,0.0084674358367919,0.2553524374961853,0.0293112210929393,-0.1153272166848182,watch,user3,walk
1763575506626936832,0.0039665102958679,-0.0105910003185272,0.0106350779533386,0.2391844987869262,0.0216017253696918,-0.1155696958303451,watch,user3,walk
1763575506636935936,0.0062823295593261,-0.0136962831020355,0.0124751329421997,0.2231623828411102,0.0181763675063848,-0.112278826534748,watch,user3,walk
1763575506646935040,0.0087316632270812,-0.016599029302597,0.0125535726547241,0.1939845234155655,0.0168628972023725,-0.1034102365374565,watch,user3,walk
1763575506656934144,0.0087778568267822,-0.0186714231967926,0.0165033340454101,0.1648255735635757,0.0134694967418909,-0.0979198589920997,watch,user3,walk
1763575506666932736,0.0104286074638366,-0.020066499710083,0.0186548233032226,0.1304904967546463,0.0105914184823632,-0.0830624848604202,watch,user3,walk
1763575506676931840,0.0085977911949157,-0.0199584662914276,0.0189458727836608,0.0982073917984962,0.0092707565054297,-0.068676620721817,watch,user3,walk
1763575506686930944,0.0096652507781982,-0.0216449499130249,0.0150485038757324,0.0683091506361961,0.0064496705308556,-0.0578492730855941,watch,user3,walk
1763575506696930048,0.0122579932212829,-0.0213713347911834,0.0124260783195495,0.0401598066091537,0.0045721419155597,-0.0434500910341739,watch,user3,walk
1763575506706928128,0.0141764283180236,-0.0248005390167236,0.0117115378379821,0.0074189910665154,-0.0026987316086888,-0.031201284378767,watch,user3,walk
1763575506716926720,0.0185157656669616,-0.0273586809635162,0.0171025395393371,-0.0384310521185398,-0.0098503837361931,-0.0163504332304,watch,user3,walk
1763575506726925824,0.0205301642417907,-0.0310316681861877,0.0195070505142211,-0.0880072191357612,-0.015433257445693,-0.0005833196919411,watch,user3,walk
1763575506736924928,0.0163412690162658,-0.0304053723812103,0.0222688913345336,-0.126605212688446,-0.0254427473992109,0.0158193558454513,watch,user3,walk
1763575506746924032,0.0117924809455871,-0.0236798226833343,0.0148395299911499,-0.1552518457174301,-0.0326986201107502,0.0267814602702856,watch,user3,walk
1763575506756922880,0.0097575187683105,-0.0131825506687164,0.0066105723381042,-0.1638546586036682,-0.0354520604014396,0.0334944911301136,watch,user3,walk
1763575506766921984,0.0053353309631347,-0.0038472712039947,-0.0011610388755798,-0.1552740484476089,-0.0343168452382087,0.0388463772833347,watch,user3,walk
1763575506776920832,0.0057418346405029,-0.0012170672416687,-0.0058156251907348,-0.1376993060111999,-0.0318656712770462,0.0389734096825122,watch,user3,walk
1763575506786919936,0.0043120980262756,0.002421885728836,-0.0055016279220581,-0.1296686828136444,-0.0324065573513507,0.0393845364451408,watch,user3,walk
1763575506796918784,0.0029201507568359,0.0014418065547943,-0.0011776685714721,-0.125379130244255,-0.0308142565190792,0.0360081829130649,watch,user3,walk
1763575506806917888,0.0018472075462341,0.0013297498226165,0.0025534033775329,-0.1275026053190231,-0.036063078790903,0.0367629900574684,watch,user3,walk
1763575506816916992,0.0001478195190429,0.0009986162185668,0.000806450843811,-0.130405992269516,-0.0375075787305831,0.0313684865832328,watch,user3,walk
1763575506826916096,-0.0036408305168151,0.0026668608188629,-0.0011039972305297,-0.1265867054462433,-0.036460243165493,0.0245560556650161,watch,user3,walk
1763575506836914944,-0.0038347840309143,0.0050840079784393,0.0002020597457885,-0.1131119057536125,-0.0318926572799682,0.0245581846684217,watch,user3,walk
1763575506846913792,-0.0043219327926635,0.0069634914398193,0.0013954639434814,-0.099657617509365,-0.0286220293492078,0.0175910890102386,watch,user3,walk
1763575506856912896,-0.0066023468971252,0.0073813498020172,-0.0007384419441223,-0.0811880603432655,-0.0275767389684915,0.0150970397517085,watch,user3,walk
1763575506866912000,-0.0056504011154174,0.008603423833847,0.0011212825775146,-0.0659376010298729,-0.0251037273555994,0.0097988806664943,watch,user3,walk
1763575506876910848,-0.0023704171180725,0.0062349140644073,0.0022195577621459,-0.0583886094391346,-0.0289730336517095,0.0067050866782665,watch,user3,walk
1763575506886908928,-0.0044447779655456,0.0056011378765106,0.0021284222602844,-0.0519078038632869,-0.0259631294757127,0.0053042639046907,watch,user3,walk
1763575506896907776,-0.003747284412384,0.006038099527359,-3.439188003540039e-05,-0.0495956502854824,-0.0257570017129182,0.0016637223307043,watch,user3,walk
1763575506906906880,-0.0006651282310485,0.0029537379741668,0.0019665360450744,-0.0493115335702896,-0.027187030762434,0.0015619231853634,watch,user3,walk
1763575506916905984,6.830692291259766e-05,0.002013623714447,0.0029481649398803,-0.0508748106658458,-0.0209006369113922,0.0002362015657126,watch,user3,walk
1763575506926904832,0.0018364787101745,-0.0002208054065704,0.0026302337646484,-0.0551310293376445,-0.025229962542653,-3.990164259448648e-05,watch,user3,walk
1763575506936903936,0.0029396414756774,-0.0018494427204132,0.0002235770225524,-0.0585784912109375,-0.0231630820780992,0.0014432128518819,watch,user3,walk
1763575506946903040,0.0032637119293212,-0.0009301006793975,-0.0001035928726196,-0.0561925210058689,-0.0213072150945663,0.0051778303459286,watch,user3,walk
1763575506956902144,0.0023847222328186,-6.008148193359375e-05,0.000950276851654,-0.0487894639372825,-0.0267818756401538,0.0084860082715749,watch,user3,walk
1763575506966900736,0.0023736357688903,0.0005682110786437,-0.0015492439270019,-0.0387149900197982,-0.025404755026102,0.0070882486179471,watch,user3,walk
1763575506976899840,0.0029553771018981,0.0031664967536926,-0.0038778185844421,-0.0276679322123527,-0.0256372466683387,0.0067455000244081,watch,user3,walk
1763575506986898944,0.0031177401542663,0.0015575587749481,-0.0035658478736877,-0.016562907025218,-0.0242106802761554,0.0100623331964015,watch,user3,walk
1763575506996898048,0.0038414001464843,-0.0009035468101501,-0.0003125667572021,-0.0120291421189904,-0.0244237333536148,0.0123965945094823,watch,user3,walk
1763575507006896896,0.0025584697723388,-0.0027523040771484,-0.0001248121261596,-0.0155846830457448,-0.0242291446775198,0.0145102785900235,watch,user3,walk
1763575507016896000,0.0046973824501037,-0.0055714547634124,0.002263069152832,-0.0240649878978729,-0.0264076124876737,0.016142264008522,watch,user3,walk
1763575507026894848,0.0044823884963989,-0.0070611834526062,0.0074028968811035,-0.036384992301464,-0.0278980061411857,0.0209354870021343,watch,user3,walk
1763575507036893952,0.0040264725685119,-0.0070508420467376,0.0060747265815734,-0.0422559306025505,-0.0303246788680553,0.0213509406894445,watch,user3,walk
1763575507046892800,0.0024572610855102,-0.0025158524513244,0.0054193139076232,-0.0426439978182315,-0.0292393509298563,0.0192240737378597,watch,user3,walk
1763575507056891904,0.0042526125907897,-0.0027684271335601,0.0052279233932495,-0.0404562130570411,-0.0262952242046594,0.021183893084526,watch,user3,walk
1763575507066891008,0.0021562576293945,-0.0023596882820129,0.0066654682159423,-0.0453258045017719,-0.0229020919650793,0.0230268016457557,watch,user3,walk
1763575507076888832,0.0012485384941101,-0.0050788521766662,0.0092915892601013,-0.0491418465971946,-0.0223446935415267,0.0207375474274158,watch,user3,walk
1763575507086887936,0.0003477334976196,-0.0010495483875274,0.0115706920623779,-0.0510322451591491,-0.0199790969491004,0.0196918584406375,watch,user3,walk
1763575507096886784,0.0001308321952819,0.0016291141510009,0.0088452100753784,-0.0502191819250583,-0.0178730692714452,0.0205243621021509,watch,user3,walk
1763575507106885888,0.0003461837768554,0.0032734274864196,0.005185067653656,-0.0433302074670791,-0.0152568677440285,0.0174846313893795,watch,user3,walk
1763575507116884992,0.0008739233016967,0.0061028599739074,0.0043784379959106,-0.0397064425051212,-0.0119369709864258,0.0164702329784631,watch,user3,walk
1763575507126884096,0.0033556222915649,0.0054549872875213,0.0052204132080078,-0.0436401069164276,-0.0089916922152042,0.0172385536134243,watch,user3,walk
1763575507136882944,0.005950391292572,0.0034164786338806,0.0059829950332641,-0.0466574691236019,-0.0077727641910314,0.0163394715636968,watch,user3,walk
1763575507146881792,0.0049603581428527,0.0019415318965911,0.0063636302947998,-0.0490468591451644,-0.0054600751027464,0.0152980415150523,watch,user3,walk
1763575507156880896,0.004669964313507,0.002139925956726,0.0053768754005432,-0.0457884818315506,-0.008864926174283,0.0126724317669868,watch,user3,walk
1763575507166880000,0.0036478042602539,0.003171682357788,0.0028417706489562,-0.0453610457479953,-0.0059327855706214,0.0082688946276903,watch,user3,walk
1763575507176878848,0.0055360198020935,0.0046471953392028,0.0016781687736511,-0.0380533300340175,-0.0035934653133153,0.0052909478545188,watch,user3,walk
1763575507186877952,0.0070195198059082,0.0047619938850402,-0.0003503561019897,-0.0384341590106487,0.0015570884570479,0.0020444213878363,watch,user3,walk
1763575507196877056,0.0066685080528259,-0.0008057951927185,0.0052239894866943,-0.0405633561313152,0.0035278275609016,-0.0026685746852308,watch,user3,walk
1763575507206875904,0.0037162899971008,-0.0054523646831512,0.008258581161499,-0.0516183637082576,7.572583854198456e-06,-0.0028053948190063,watch,user3,walk
1763575507216874752,-0.0005182027816772,-0.0125256180763244,0.0112329721450805,-0.059246189892292,-0.0002243886701762,-0.0042996942065656,watch,user3,walk
1763575507226873856,-0.0027302503585815,-0.0132668614387512,0.008575439453125,-0.0577862001955509,0.0016450616531074,-0.0011288681998848,watch,user3,walk
1763575507236872960,-0.0051409006118774,-0.0093401670455932,0.0033929347991943,-0.0502800829708576,0.007833182811737,0.0037500427570194,watch,user3,walk
1763575507246871040,-0.0051953196525573,-0.0083788633346557,-0.0011766552925109,-0.0431519523262977,0.0132028255611658,0.0120726879686117,watch,user3,walk
1763575507256869888,-0.0054432749748229,-0.0058522522449493,-0.0006232857704162,-0.037132941186428,0.0165647994726896,0.0167558547109365,watch,user3,walk
1763575507266868736,-0.0062463879585266,-0.0078982710838317,0.0005155801773071,-0.0356806330382823,0.0179646462202072,0.0158509127795696,watch,user3,walk
1763575507276867840,-0.0060979723930358,-0.0092036724090576,0.0001506209373474,-0.0337852612137794,0.0169696882367134,0.0156501103192567,watch,user3,walk
1763575507286866944,-0.0063589811325073,-0.00953009724617,-0.0019727349281311,-0.0390141978859901,0.0163706541061401,0.0139255821704864,watch,user3,walk
1763575507296866048,-0.0083287954330444,-0.0083605349063873,-0.0043563246726989,-0.0364985764026641,0.0110906725749373,0.0121857384219765,watch,user3,walk
1763575507306864640,-0.0077041983604431,0.0001833438873291,-0.011259913444519,-0.0321783982217311,0.0123271783813834,0.0114005059003829,watch,user3,walk
1763575507316863744,-0.0060955882072448,0.0053479075431823,-0.0154104828834533,-0.0172497816383838,0.0169666707515716,0.0072182770818471,watch,user3,walk
1763575507326862848,-0.0056879520416259,0.0120036900043487,-0.0154057741165161,0.0086471969261765,0.0167815815657377,0.0014853572938591,watch,user3,walk
1763575507336861952,-0.0040263533592224,0.0166914463043212,-0.0162085890769958,0.0336231179535388,0.0195992067456245,-0.0065248990431427,watch,user3,walk
1763575507346860800,-0.0051366090774536,0.0172793567180633,-0.0127049684524536,0.0530648604035377,0.0221379958093166,-0.0125756673514842,watch,user3,walk
1763575507356859904,-0.0050110816955566,0.0124858617782592,-0.0078007578849792,0.0669362097978591,0.0221025757491588,-0.0118222590535879,watch,user3,walk
1763575507366858752,-0.0017614960670471,0.0068885684013366,-0.0036379098892211,0.0673811286687851,0.0191530380398035,-0.020322136580944,watch,user3,walk
1763575507376857856,-0.0036125779151916,0.0040589570999145,-0.0030552148818969,0.065345674753189,0.0184797905385494,-0.0245070271193981,watch,user3,walk
1763575507386856704,-0.0011236667633056,0.0082777142524719,-0.0024095773696899,0.0668863132596015,0.0203272253274917,-0.0302324257791042,watch,user3,walk
1763575507396855808,0.0010972023010253,0.0095014870166778,-0.0005321502685546,0.0652505978941917,0.0217054113745689,-0.0331951938569545,watch,user3,walk
1763575507406854912,0.0018019676208496,0.0082126557826995,0.0030770301818847,0.0653227716684341,0.0209293663501739,-0.0366634279489517,watch,user3,walk
1763575507416854016,0.0007998943328857,0.0047740936279296,0.007752239704132,0.0553585551679134,0.023342989385128,-0.0462505407631397,watch,user3,walk
1763575507426852864,-0.0010743737220764,0.0013856291770935,0.0120857954025268,0.0486512929201126,0.022562326863408,-0.0516093522310256,watch,user3,walk
1763575507436850688,-0.0037461519241333,-0.0039034187793731,0.0166106224060058,0.0302520468831062,0.0253296196460723,-0.0531348101794719,watch,user3,walk
1763575507446849792,-0.0006584525108337,-0.008123755455017,0.0197343826293945,0.0163372512906789,0.0227411147207021,-0.0545307733118534,watch,user3,walk
1763575507456848896,0.0013834834098815,-0.0095250308513641,0.0177143216133117,0.0031759100966155,0.0213181879371404,-0.0514923706650733,watch,user3,walk
1763575507466848000,-0.0033484101295471,-0.0066627264022827,0.012447714805603,-0.0040070349350571,0.0289436168968677,-0.0511737950146198,watch,user3,walk
1763575507476846848,-0.0003652572631835,-0.0020418465137481,0.0101976990699768,-0.0063532795757055,0.0335745885968208,-0.0513215996325016,watch,user3,walk
1763575507486845696,0.0007326602935791,-0.0037629902362823,0.0098812580108642,-0.0109628122299909,0.0335903018712997,-0.0508841052651405,watch,user3,walk
1763575507496844800,-0.0005325078964233,-0.0094059407711029,0.0095260739326477,-0.0231544971466064,0.0362768955528736,-0.053118497133255,watch,user3,walk
1763575507506843904,0.000459611415863,-0.0126118659973144,0.0117368102073669,-0.0351594053208828,0.035510528832674,-0.0550500899553298,watch,user3,walk
1763575507516842752,0.0013095736503601,-0.0124427378177642,0.0100479125976562,-0.0462493412196636,0.0291466377675533,-0.051825001835823,watch,user3,walk
1763575507526841856,0.0026891231536865,-0.0078984498977661,0.0044558048248291,-0.049324981868267,0.0258008204400539,-0.047775600105524,watch,user3,walk
1763575507536840960,0.0033943057060241,-0.0028982758522033,-0.0032189488410949,-0.0454261153936386,0.0305460393428802,-0.0446921922266483,watch,user3,walk
1763575507546839808,0.0034547448158264,-0.0026214122772216,-0.0058482885360717,-0.0320897586643695,0.0313603468239307,-0.0420569293200969,watch,user3,walk
1763575507556838656,0.0019312500953674,-0.0019305050373077,-0.0046406984329223,-0.0275962073355913,0.0289464574307203,-0.0396733991801738,watch,user3,walk
1763575507566837760,0.0014620423316955,-0.0039328336715698,-0.0064430236816406,-0.0285487305372953,0.0257041491568088,-0.0378303565084934,watch,user3,walk
1763575507576836864,0.0030600428581237,-0.0056885480880737,-0.004949927330017,-0.0287527274340391,0.0242857486009597,-0.0337709002196788,watch,user3,walk
1763575507586835968,0.0002010464668273,-0.0058303475379943,-0.0052346587181091,-0.0298503506928682,0.0179791152477264,-0.0309878308326005,watch,user3,walk
1763575507596834816,-0.0026881694793701,-0.0038121342658996,-0.0070819854736328,-0.0294961500912904,0.0131433485075831,-0.0298418719321489,watch,user3,walk
1763575507606832640,-0.0056522488594055,-0.0024834275245666,-0.0068747997283935,-0.0272689908742904,0.0126496870070695,-0.0320140123367309,watch,user3,walk
1763575507616831744,-0.007559597492218,0.0003241896629333,-0.0054940581321716,-0.0207074955105781,0.0100722797214984,-0.0307796392589807,watch,user3,walk
1763575507626830848,-0.007066011428833,0.0033825039863586,-0.0038319826126098,-0.0061745373532176,0.0110337696969509,-0.0309077370911836,watch,user3,walk
1763575507636829952,-0.0061471462249755,0.0045060813426971,-0.003539502620697,-0.0006964150234125,0.0074986894614994,-0.0346060693264007,watch,user3,walk
1763575507646828800,-0.0080810189247131,0.0050379931926727,0.0008265376091003,0.0082855392247438,0.005918014794588,-0.0385290384292602,watch,user3,walk
1763575507656827904,-0.006973385810852,0.0068004131317138,0.0012181401252746,0.0131798963993787,0.0050940327346324,-0.0411599762737751,watch,user3,walk
1763575507666826752,-0.0059531331062316,0.0073447823524475,0.0006400346755981,0.0211720447987318,0.0097580263391137,-0.0402627550065517,watch,user3,walk
1763575507676825856,-0.0063673257827758,0.0098171532154083,-0.0009645819664001,0.028425695374608,0.0132694039493799,-0.0406009741127491,watch,user3,walk
1763575507686824704,-0.0047237873077392,0.0084176659584045,0.0006494522094726,0.0383650995790958,0.0194629412144422,-0.0440892502665519,watch,user3,walk
1763575507696823808,-0.002152681350708,0.0075752735137939,0.0026571154594421,0.0377571024000644,0.0199321899563074,-0.046097807586193,watch,user3,walk
1763575507706822912,-0.0013089179992675,0.0086890459060668,0.0031219124794006,0.0349781811237335,0.0214769132435321,-0.0425777770578861,watch,user3,walk
1763575507716822016,-0.0002809762954711,0.0112162232398986,0.0055352449417114,0.025227814912796,0.0207237713038921,-0.0441716760396957,watch,user3,walk
1763575507726820864,0.0011109113693237,0.00957852602005,0.0080270767211914,0.0119987409561872,0.0187697205692529,-0.0444779396057128,watch,user3,walk
1763575507736819712,0.0029444098472595,0.0065696537494659,0.005635380744934,0.0088546127080917,0.0217761620879173,-0.0487312749028205,watch,user3,walk
1763575507746818816,0.0033336877822875,0.0041760504245758,0.0057354569435119,0.0118843587115406,0.0221149157732725,-0.0516423098742961,watch,user3,walk
1763575507756817920,0.0065875649452209,0.002704232931137,0.0075064897537231,0.006061356049031,0.0211793482303619,-0.054887905716896,watch,user3,walk
1763575507766816000,0.0063469409942626,-0.0004482567310333,0.01395183801651,-0.0082139857113361,0.0178453363478183,-0.0494309552013874,watch,user3,walk
1763575507776814848,0.0056256055831909,-0.0035144090652465,0.0105682611465454,-0.0237506013363599,0.0121491011232137,-0.0427613332867622,watch,user3,walk
1763575507786813696,0.0041678547859191,-0.0060496032238006,0.0071489810943603,-0.0341168232262134,0.0042951731011271,-0.0411508530378341,watch,user3,walk
1763575507796812800,0.002102792263031,0.0007755756378173,0.0039700269699096,-0.0355275012552738,0.0039649410173296,-0.0381092578172683,watch,user3,walk
1763575507806811904,0.0040091872215271,1.0281801223754885e-05,0.0025955438613891,-0.0294985026121139,0.0088835339993238,-0.0336972661316394,watch,user3,walk
1763575507816810752,0.0038709044456481,-0.0063531696796417,0.0049071311950683,-0.0300620272755622,0.006108253262937,-0.0316037535667419,watch,user3,walk
1763575507826809856,0.0023889541625976,-0.0108939409255981,0.0073751211166381,-0.0423439070582389,0.0009876159019768,-0.030068440362811,watch,user3,walk
1763575507836808960,0.0013761520385742,-0.0128043889999389,0.0092500448226928,-0.0581273958086967,-0.0083281211555004,-0.0236592758446931,watch,user3,walk
1763575507846807808,0.0026087164878845,-0.0141320526599884,0.0101463794708251,-0.066250704228878,-0.0130922505632042,-0.0139443986117839,watch,user3,walk
1763575507856806656,0.00286865234375,-0.0134705901145935,0.0063241720199584,-0.0646714493632316,-0.011849352158606,-0.0016781452577561,watch,user3,walk
1763575507866805760,-0.0008924007415771,-0.008661925792694,0.0005626678466796,-0.0595894716680049,-0.0153711168095469,0.0050673088990151,watch,user3,walk
1763575507876804864,-0.0025150775909423,-0.0020896792411804,-0.0053706169128417,-0.0517997257411479,-0.0171056352555751,0.0145505592226982,watch,user3,walk
1763575507886803968,0.001310110092163,0.0017553269863128,-0.0084002017974853,-0.0399890467524528,-0.0189122334122657,0.0199925955384969,watch,user3,walk
1763575507896802816,0.0075113773345947,-0.0015015304088592,-0.0077236294746398,-0.0323439128696918,-0.0213298518210649,0.0252720471471548,watch,user3,walk
1763575507906801920,0.006162941455841,-0.0042636394500732,-0.0055586695671081,-0.0346648097038269,-0.0258863437920808,0.0351207479834556,watch,user3,walk
1763575507916800768,0.0090980529785156,-0.006922960281372,-0.0031247735023498,-0.0456673949956893,-0.0348042026162147,0.0401812866330146,watch,user3,walk
1763575507926798848,0.0093107223510742,-0.0094005465507507,-0.0042393207550048,-0.0560778267681598,-0.0410858020186424,0.0485434122383594,watch,user3,walk
1763575507936797952,0.0066340565681457,-0.007440447807312,-0.0051206946372985,-0.063654787838459,-0.0426935516297817,0.0605564005672931,watch,user3,walk
1763575507946796800,0.0077343583106994,-0.005859762430191,-0.0070198774337768,-0.0622165016829967,-0.0421490259468555,0.0712832137942314,watch,user3,walk
1763575507956795904,0.006390631198883,-0.001450628042221,-0.0081335306167602,-0.0492825917899608,-0.0500125400722026,0.0774755924940109,watch,user3,walk
1763575507966794752,0.0041147470474243,-0.0008361935615539,-0.010904312133789,-0.033467099070549,-0.0505593754351139,0.0810861065983772,watch,user3,walk
1763575507976793856,0.0059235095977783,-0.0002634525299072,-0.0105865597724914,-0.0238488279283046,-0.0511756315827369,0.0857540965080261,watch,user3,walk
1763575507986792704,0.0051800608634948,-0.0055234134197235,-0.0066540241241455,-0.0171631835401058,-0.052630603313446,0.0933066233992576,watch,user3,walk
1763575507996791808,0.003612995147705,-0.0111045539379119,-0.0008414983749389,-0.0214671175926923,-0.0563803315162658,0.1012223362922668,watch,user3,walk
1763575508006790912,0.0007486343383789,-0.0118711590766906,0.0013765096664428,-0.0283745136111974,-0.0646743029356002,0.1085909754037857,watch,user3,walk
1763575508016790016,0.0027181506156921,-0.0066285133361816,-0.0027821063995361,-0.0344888679683208,-0.0696650668978691,0.1194119304418563,watch,user3,walk
1763575508026788608,0.0050072073936462,-0.0008031725883483,-0.0026351809501647,-0.0348210930824279,-0.0676069781184196,0.1268408894538879,watch,user3,walk
1763575508036787712,0.0028917789459228,0.0043683052062988,-0.0025873780250549,-0.0325590036809444,-0.0675678327679634,0.1323352456092834,watch,user3,walk
1763575508046786816,0.0022212862968444,0.0040247738361358,-0.0002162456512451,-0.0359129905700683,-0.0742065608501434,0.135598286986351,watch,user3,walk
1763575508056785920,0.0015226006507873,0.006797045469284,0.003438651561737,-0.038316760212183,-0.0784218087792396,0.1403480321168899,watch,user3,walk
1763575508066784768,0.0018020868301391,0.0070234835147857,0.0066940784454345,-0.050356425344944,-0.0820183232426643,0.1375540494918823,watch,user3,walk
1763575508076783872,-0.0018907785415649,0.0066789090633392,0.0070152878761291,-0.055467564612627,-0.0859864354133606,0.141722172498703,watch,user3,walk
1763575508086781696,-0.0029002428054809,0.0087549686431884,0.0065765976905822,-0.0618620328605175,-0.0884986817836761,0.1395043432712555,watch,user3,walk
1763575508096780800,-0.0022456049919128,0.0100548565387725,0.0075040459632873,-0.066185675561428,-0.0898848548531532,0.1381533294916153,watch,user3,walk
1763575508106779904,-0.0005936622619628,0.0110594034194946,0.0070776939392089,-0.0693964287638664,-0.0881092399358749,0.1390227824449539,watch,user3,walk
1763575508116778752,-0.002099871635437,0.0109771192073822,0.0077875256538391,-0.0718614533543586,-0.0849209055304527,0.137034997344017,watch,user3,walk
1763575508126777856,-0.0022383332252502,0.0110687613487243,0.0101775527000427,-0.0730511248111724,-0.0846345275640487,0.1334674954414367,watch,user3,walk
1763575508136776960,-0.0006242394447326,0.0069131851196289,0.0121702551841735,-0.0796962454915046,-0.0821673721075058,0.1326935738325119,watch,user3,walk
1763575508146775808,-0.0027639865875244,0.0012326836585998,0.0125417113304138,-0.0838041752576828,-0.0788509398698806,0.1274791061878204,watch,user3,walk
1763575508156774656,-0.002004325389862,-0.0026954412460327,0.0129246711730957,-0.0870497673749923,-0.0752492770552635,0.1272860318422317,watch,user3,walk
1763575508166773760,-0.0016714334487915,0.0016643106937408,0.0109320878982543,-0.0913722589612007,-0.0728534087538719,0.1284254640340805,watch,user3,walk
1763575508176772864,-0.0044615864753723,0.0053182244300842,0.0082314014434814,-0.0784695073962211,-0.0660045593976974,0.123540960252285,watch,user3,walk
1763575508186771968,-0.0041257739067077,0.0057497322559356,0.0061544775962829,-0.070154495537281,-0.0599790662527084,0.1205514296889305,watch,user3,walk
1763575508196770816,-0.0056089162826538,0.0053940415382385,0.0068166851997375,-0.0656660050153732,-0.0547685883939266,0.1198331713676452,watch,user3,walk
1763575508206769920,-0.0045397281646728,0.0005227923393249,0.0073919296264648,-0.0629577040672302,-0.0514998249709606,0.1160839051008224,watch,user3,walk
1763575508216768768,-0.002934992313385,-0.0043539404869079,0.0068117380142211,-0.0797268226742744,-0.0492009855806827,0.1152870878577232,watch,user3,walk
1763575508226767872,0.0003184676170349,-0.0053657889366149,0.0083830952644348,-0.0905161798000335,-0.0532485470175743,0.115084558725357,watch,user3,walk
1763575508236765952,-0.001388132572174,-0.0030590593814849,0.0045552849769592,-0.0952297076582908,-0.0532669238746166,0.1166422441601753,watch,user3,walk
1763575508246764800,0.0017038583755493,0.00061696767807,0.0003194212913513,-0.0889237448573112,-0.056444875895977,0.115966260433197,watch,user3,walk
1763575508256763904,0.0023900866508483,0.0047282874584198,-0.0026167631149291,-0.0705929398536682,-0.0529516041278839,0.112884983420372,watch,user3,walk
1763575508266762752,0.0017525553703308,0.0038481652736663,-0.0063151717185974,-0.0557794198393821,-0.0525491088628768,0.1175579652190208,watch,user3,walk
1763575508276760576,0.0045509338378906,0.0019972920417785,-0.0049293637275695,-0.0383929722011089,-0.0509916953742504,0.1206581518054008,watch,user3,walk
1763575508286759680,0.0053406357765197,-2.440810203552246e-05,-0.000188410282135,-0.0390464216470718,-0.0543048456311225,0.1263075172901153,watch,user3,walk
1763575508296758528,0.0043898224830627,-0.0019837021827697,0.0003325343132019,-0.0427990816533565,-0.0619691535830497,0.134552925825119,watch,user3,walk
1763575508306757376,0.0072322487831115,-0.0028505623340606,0.0010436177253723,-0.0527898855507373,-0.065439872443676,0.1431170552968979,watch,user3,walk
1763575508316756480,0.0076878666877746,-0.0029215216636657,0.0002325177192687,-0.0627812668681144,-0.0690905377268791,0.1510117352008819,watch,user3,walk
1763575508326755584,0.007592499256134,-0.0013802647590637,-3.9458274841308594e-05,-0.070882111787796,-0.0690877884626388,0.1561839133501052,watch,user3,walk
1763575508336754688,0.0082523226737976,-0.0045539438724517,0.0037019848823547,-0.0756901875138282,-0.0696355998516082,0.1653236150741577,watch,user3,walk
1763575508346753536,0.00639408826828,-0.0097814202308654,0.0066132545471191,-0.0853111669421196,-0.0743056312203407,0.1661624610424041,watch,user3,walk
1763575508356752640,0.003673493862152,-0.0109307765960693,0.0075429081916809,-0.0929416567087173,-0.080015979707241,0.1687081754207611,watch,user3,walk
1763575508366751488,0.0044502019882202,-0.008171260356903,0.0054004192352294,-0.0920712053775787,-0.0764617249369621,0.1682091653347015,watch,user3,walk
1763575508376750592,0.0060619115829467,-0.0062521398067474,0.0062795281410217,-0.0865504741668701,-0.0737042874097824,0.1737871468067169,watch,user3,walk
1763575508386748672,0.0079576969146728,-0.0054105520248413,0.0046091079711914,-0.0782889872789383,-0.0659083276987075,0.1749834418296814,watch,user3,walk
1763575508396747520,0.0048545598983764,-0.0049139261245727,0.003742516040802,-0.0699146762490272,-0.0638755410909652,0.171420931816101,watch,user3,walk
1763575508406746624,0.0072755217552185,-0.0067889690399169,0.0057343244552612,-0.0714858546853065,-0.0614319965243339,0.173219233751297,watch,user3,walk
1763575508416745472,0.0067060589790344,-0.0120243728160858,0.0116091966629028,-0.0814476683735847,-0.0586734935641288,0.1735758334398269,watch,user3,walk
1763575508426744576,0.0066104531288146,-0.0181881189346313,0.0140162706375122,-0.0894398242235183,-0.0600511506199836,0.1733637154102325,watch,user3,walk
1763575508436743424,0.0069717168807983,-0.0176463723182678,0.0141953825950622,-0.1074598357081413,-0.0590564534068107,0.1721607595682144,watch,user3,walk
1763575508446742528,0.007363736629486,-0.0129211843013763,0.0123959183692932,-0.1137393042445182,-0.0581216886639595,0.1733019202947616,watch,user3,walk
1763575508456741632,0.0053077936172485,-0.0063291788101196,0.0092011094093322,-0.1085061952471733,-0.0525610074400901,0.1720989793539047,watch,user3,walk
1763575508466740736,0.007358431816101,-0.0037411153316497,0.0086292028427124,-0.1025980114936828,-0.0452726483345031,0.1719298064708709,watch,user3,walk
1763575508476739584,0.0072755813598632,-0.0047535300254821,0.0108616352081298,-0.0961507707834243,-0.0420270524919033,0.1752917766571045,watch,user3,walk
1763575508486738432,0.0066106915473937,-0.0050666332244873,0.0110515356063842,-0.1046556606888771,-0.0392340160906314,0.1757560968399047,watch,user3,walk
1763575508496737536,0.0080330967903137,-0.0062774419784545,0.0116581916809082,-0.1144683435559272,-0.0401725135743618,0.1750066876411438,watch,user3,walk
1763575508506736640,0.0070887804031372,-0.006671667098999,0.0117319822311401,-0.1268090307712555,-0.0442010797560215,0.1785615384578704,watch,user3,walk
1763575508516735488,0.0092548727989196,-0.0033870339393615,0.0106203556060791,-0.1351705640554428,-0.0385985858738422,0.1801493167877197,watch,user3,walk
1763575508526733568,0.0092220902442932,0.0001000463962554,0.0152503848075866,-0.1404360234737396,-0.0343300700187683,0.1845080405473709,watch,user3,walk
1763575508536732416,0.0089034438133239,-0.0041234195232391,0.0179423093795776,-0.1460387855768203,-0.0391559861600399,0.1888154447078704,watch,user3,walk
1763575508546731520,0.0073189735412597,-0.0069847702980041,0.0154440402984619,-0.1572505235671997,-0.0458224974572658,0.1889174431562423,watch,user3,walk
1763575508556730624,0.0032532811164855,-0.0040717720985412,0.0115161538124084,-0.1707066744565963,-0.0458067841827869,0.1898684501647949,watch,user3,walk
1763575508566729472,0.0037863254547119,-0.0011764466762542,0.007608413696289,-0.1748871207237243,-0.0447757020592689,0.1958248764276504,watch,user3,walk
1763575508576728576,0.0017158985137939,0.000136375427246,0.0095930695533752,-0.173029825091362,-0.0445666424930095,0.2069544941186905,watch,user3,walk
1763575508586727680,0.001360535621643,-0.0016297698020935,0.0084117650985717,-0.1753298342227935,-0.0489079505205154,0.2104440331459045,watch,user3,walk
1763575508596726528,0.003017783164978,0.0007894039154052,0.0077941417694091,-0.1775801926851272,-0.0537929832935333,0.2096887528896331,watch,user3,walk
1763575508606725376,0.0045984387397766,0.001238614320755,0.0088273882865905,-0.1810194551944732,-0.0558184944093227,0.2145855873823166,watch,user3,walk
1763575508616724480,0.0054363012313842,0.0043343305587768,0.0089932680130004,-0.1803025305271148,-0.0603701062500476,0.223443791270256,watch,user3,walk
1763575508626723584,0.0049548149108886,0.0060999691486358,0.0052173733711242,-0.180688202381134,-0.0610091760754585,0.2227005660533905,watch,user3,walk
1763575508636722688,0.0057339668273925,0.0088309347629547,0.0027409195899963,-0.179215207695961,-0.0664007440209388,0.2267445772886276,watch,user3,walk
1763575508646721536,0.0079071521759033,0.0101659595966339,0.0020395517349243,-0.1680657416582107,-0.0733518674969673,0.2313962578773498,watch,user3,walk
1763575508656720640,0.0118732452392578,0.010513037443161,0.0021267533302307,-0.1548527479171753,-0.0750032886862754,0.2366208434104919,watch,user3,walk
1763575508666719488,0.0144692659378051,0.0084088146686553,0.0022596716880798,-0.1473372131586074,-0.0858081728219986,0.2399407476186752,watch,user3,walk
1763575508676717568,0.01656174659729,0.0078100264072418,0.0066767930984497,-0.1459726095199585,-0.0907030627131462,0.2467634975910186,watch,user3,walk
1763575508686716672,0.017300546169281,0.0061871111392974,0.0089026689529418,-0.1480710059404373,-0.0986090153455734,0.2588326632976532,watch,user3,walk
1763575508696715520,0.0184937119483947,0.0054365396499633,0.0084099769592285,-0.1439622789621353,-0.1032756716012954,0.2697657346725464,watch,user3,walk
1763575508706714624,0.0186195969581604,0.0042315423488616,0.012130320072174,-0.1401172429323196,-0.1078500971198082,0.2783557176589966,watch,user3,walk
1763575508716713472,0.0206726789474487,-0.0012467205524444,0.0150535106658935,-0.1418728083372116,-0.1134824156761169,0.2878535985946655,watch,user3,walk
1763575508726712576,0.0253382921218872,-0.0081802606582641,0.0181664824485778,-0.1483300328254699,-0.1198308542370796,0.3001056611537933,watch,user3,walk
1763575508736711424,0.0299235582351684,-0.0128020942211151,0.0227271318435668,-0.1647119373083114,-0.1263481527566909,0.3159317672252655,watch,user3,walk
1763575508746710528,0.0367941856384277,-0.0144000947475433,0.026738166809082,-0.1887128800153732,-0.1349347233772277,0.3367235958576202,watch,user3,walk
1763575508756709632,0.0424765944480896,-0.0141763091087341,0.0311794281005859,-0.2133489847183227,-0.1436152905225753,0.356315940618515,watch,user3,walk
1763575508766708736,0.0440123081207275,-0.0146165490150451,0.0358299612998962,-0.2279566824436187,-0.14715276658535,0.3762864470481872,watch,user3,walk
1763575508776707584,0.0461317896842956,-0.0126186609268188,0.0340477228164672,-0.239073246717453,-0.1532495468854904,0.3947650492191314,watch,user3,walk
1763575508786706432,0.0479629039764404,-0.0093407034873962,0.0359166264533996,-0.2405004352331161,-0.1574006080627441,0.4162703454494476,watch,user3,walk
1763575508796705536,0.0488252639770507,-0.0071615874767303,0.0382976531982421,-0.2301599234342575,-0.157536432147026,0.4303680658340454,watch,user3,walk
1763575508806704640,0.051432192325592,-0.0066654682159423,0.0398867726325988,-0.2164306193590164,-0.1603240519762039,0.44110968708992,watch,user3,walk
1763575508816702720,0.0527973771095275,-0.002823919057846,0.0413848161697387,-0.2059064209461212,-0.1546353548765182,0.4524162709712982,watch,user3,walk
1763575508826701568,0.0506427288055419,-0.0010048449039459,0.0454745888710022,-0.1978977620601654,-0.1553056836128235,0.4590187668800354,watch,user3,walk
1763575508836700416,0.0504028797149658,-0.0021713078022003,0.0456950664520263,-0.1892515420913696,-0.1549197882413864,0.4676465988159179,watch,user3,walk
1763575508846699520,0.0512973070144653,-0.0076950788497924,0.0449433326721191,-0.1913897097110748,-0.1501073688268661,0.4757065176963806,watch,user3,walk
1763575508856698624,0.0544838309288024,-0.0158779025077819,0.0468448400497436,-0.2090933471918106,-0.1409969478845596,0.4809081852436065,watch,user3,walk
1763575508866697472,0.0609048604965209,-0.0276249051094055,0.0511175990104675,-0.2479806840419769,-0.1409897655248642,0.4916160702705383,watch,user3,walk
1763575508876696576,0.0679751634597778,-0.0361084043979644,0.0545020103454589,-0.3152026236057281,-0.1411671340465545,0.5097082257270813,watch,user3,walk
1763575508886695680,0.0730065107345581,-0.0437960922718048,0.0538577437400817,-0.3896487653255462,-0.1508052945137024,0.5292037725448608,watch,user3,walk
1763575508896694528,0.0779351592063903,-0.0465434491634368,0.0492521524429321,-0.459528237581253,-0.162694975733757,0.5455422401428223,watch,user3,walk
1763575508906693376,0.0838236808776855,-0.0487579405307769,0.0402336716651916,-0.5084238052368164,-0.1706569194793701,0.5646829605102539,watch,user3,walk
1763575508916692480,0.0851801037788391,-0.0504023134708404,0.0328782796859741,-0.5316790342330933,-0.1685777902603149,0.5801013112068176,watch,user3,walk
1763575508926691584,0.0864776372909545,-0.0501211881637573,0.0273802280426025,-0.5416470170021057,-0.1639521569013595,0.588488757610321,watch,user3,walk
1763575508936690688,0.0854264497756958,-0.0549777448177337,0.0287939310073852,-0.5513414740562439,-0.1665351539850235,0.6026591658592224,watch,user3,walk
1763575508946688768,0.0810000300407409,-0.0597032904624938,0.0280295014381408,-0.5770527124404907,-0.1720028966665268,0.6129211783409119,watch,user3,walk
1763575508956687360,0.0723007321357727,-0.0619256794452667,0.0275517702102661,-0.611478865146637,-0.1778405457735061,0.6338416337966919,watch,user3,walk
1763575508966686464,0.0679085850715637,-0.0621095299720764,0.0261878371238708,-0.6368648409843445,-0.173540323972702,0.6604264974594116,watch,user3,walk
1763575508976685568,0.0629345774650573,-0.0577382743358612,0.0219078063964843,-0.6328075528144836,-0.1676763147115707,0.6771242618560791,watch,user3,walk
1763575508986684672,0.0543360114097595,-0.0530868470668792,0.0199570059776306,-0.6216903924942017,-0.1579064279794693,0.6985114216804504,watch,user3,walk
1763575508996683520,0.0484972596168518,-0.0493195056915283,0.0208303928375244,-0.6103993654251099,-0.1546475291252136,0.7111358642578125,watch,user3,walk
1763575509006682624,0.0402917265892028,-0.0490193665027618,0.0258632898330688,-0.6230181455612183,-0.1510821729898452,0.7251183390617371,watch,user3,walk
1763575509016681472,0.034426987171173,-0.0508807003498077,0.0330331325531005,-0.6506394147872925,-0.150220900774002,0.7408216595649719,watch,user3,walk
1763575509026680576,0.0307743549346923,-0.0557390451431274,0.0379905104637146,-0.6881365776062012,-0.1552388221025467,0.7628941535949707,watch,user3,walk
1763575509036679424,0.0259323120117187,-0.0594014525413513,0.0445911288261413,-0.729694664478302,-0.1616160273551941,0.7790142893791199,watch,user3,walk
1763575509046678528,0.0224784016609191,-0.0660845935344696,0.0466182827949523,-0.7665706276893616,-0.1676259785890579,0.7911405563354492,watch,user3,walk
1763575509056677632,0.0170638561248779,-0.0694446265697479,0.0505275726318359,-0.7960281372070312,-0.1750071942806244,0.8004427552223206,watch,user3,walk
1763575509066676736,0.0154768228530883,-0.0716792643070221,0.0547811388969421,-0.8280062675476074,-0.1860953718423843,0.8097242116928101,watch,user3,walk
1763575509076674560,0.0159779787063598,-0.0766076445579528,0.0565310716629028,-0.8633567690849304,-0.196822851896286,0.8144108057022095,watch,user3,walk
1763575509086673408,0.0201257467269897,-0.0823840498924255,0.0592797398567199,-0.906984269618988,-0.2006685435771942,0.8260416388511658,watch,user3,walk
1763575509096672512,0.0238066315650939,-0.0948781371116638,0.0605308413505554,-0.9530268311500548,-0.1978932619094848,0.8490002155303955,watch,user3,walk
1763575509106671616,0.0254329442977905,-0.1129421293735504,0.0551746487617492,-1.011849284172058,-0.185758039355278,0.8715316653251648,watch,user3,walk
1763575509116670720,0.0243459939956665,-0.1359964907169342,0.0483908653259277,-1.1182020902633667,-0.1862840056419372,0.8986013531684875,watch,user3,walk
1763575509126669568,0.0280331373214721,-0.1562816798686981,0.0511379241943359,-1.260090947151184,-0.2092127650976181,0.936022162437439,watch,user3,walk
1763575509136668416,0.0314868688583374,-0.1659888327121734,0.0521984696388244,-1.4097379446029663,-0.2333511263132095,0.9711140990257264,watch,user3,walk
1763575509146667520,0.032410442829132,-0.1741520166397094,0.049970805644989,-1.5249981880187988,-0.2400858849287033,1.0071691274642944,watch,user3,walk
1763575509156666624,0.0298984050750732,-0.180432915687561,0.0504940152168273,-1.613221526145935,-0.2208389639854431,1.0570658445358276,watch,user3,walk
1763575509166665472,0.0240299105644226,-0.1929983794689178,0.0545289516448974,-1.6886459589004517,-0.1862336695194244,1.091440200805664,watch,user3,walk
1763575509176664576,0.0115699768066406,-0.2108359634876251,0.0640046596527099,-1.7687444686889648,-0.1456433683633804,1.1222082376480105,watch,user3,walk
1763575509186663680,0.0034078955650329,-0.2249391376972198,0.072161316871643,-1.8345595598220823,-0.1211201921105384,1.164976954460144,watch,user3,walk
1763575509196662528,-0.0023658275604248,-0.2269844710826873,0.0642440915107727,-1.8806525468826292,-0.1000460609793663,1.2084293365478516,watch,user3,walk
1763575509206660608,-0.007157027721405,-0.2091923952102661,0.041361927986145,-1.8949379920959477,-0.0761440992355346,1.2515734434127808,watch,user3,walk
1763575509216659456,-0.0039135217666625,-0.1840673089027404,0.0149726867675781,-1.846752882003784,-0.0549285560846328,1.30549156665802,watch,user3,walk
1763575509226658560,0.0050603747367858,-0.1652651131153106,-0.0102998614311218,-1.727502942085266,-0.0346026904881,1.354047417640686,watch,user3,walk
1763575509236657664,0.0112839341163635,-0.1497594714164734,-0.0322259664535522,-1.552911400794983,-0.0042455838993191,1.3839682340621948,watch,user3,walk
1763575509246656512,0.0135295391082763,-0.1384367942810058,-0.0413309335708618,-1.338080644607544,0.0347821526229381,1.404995679855347,watch,user3,walk
1763575509256655360,0.017419159412384,-0.137389600276947,-0.0409201383590698,-1.119107007980347,0.0752360969781875,1.4241907596588137,watch,user3,walk
1763575509266654464,0.0203007459640502,-0.1523755192756652,-0.0355672240257263,-0.934333324432373,0.1082924082875251,1.454459309577942,watch,user3,walk
1763575509276654336,0.0240399241447448,-0.1819552183151245,-0.0249161124229431,-0.7973152995109558,0.1354728937149047,1.4877301454544067,watch,user3,walk
1763575509286653184,0.0341863632202148,-0.2041368782520294,-0.01324462890625,-0.7467443943023682,0.1602571606636047,1.524956464767456,watch,user3,walk
1763575509296652032,0.0462070107460022,-0.2164351642131805,-0.0038034915924072,-0.7598969340324402,0.1746254563331604,1.5549644231796265,watch,user3,walk
1763575509306651136,0.0568156242370605,-0.2217110097408294,0.0022281408309936,-0.815024197101593,0.1830028742551803,1.5877530574798584,watch,user3,walk
1763575509316650240,0.0699917674064636,-0.2253122627735138,0.0052133202552795,-0.9039918780326844,0.1918030232191085,1.6268904209136963,watch,user3,walk
1763575509326649088,0.0777480602264404,-0.2329626083374023,0.0085945725440979,-1.0107795000076294,0.1997502446174621,1.6635923385620115,watch,user3,walk
1763575509336647168,0.0777623057365417,-0.2378276586532592,0.0157806873321533,-1.113768458366394,0.2100233882665634,1.699049949645996,watch,user3,walk
1763575509346646016,0.0816144347190857,-0.2391132116317749,0.0243739485740661,-1.2212344408035278,0.2192603796720504,1.7308154106140137,watch,user3,walk
1763575509356645120,0.0847075581550598,-0.2377823889255523,0.0328009128570556,-1.3260128498077393,0.2199935466051101,1.758792757987976,watch,user3,walk
1763575509366644224,0.0925118923187255,-0.2371594011783599,0.0402726531028747,-1.3972424268722534,0.2074882388114929,1.7878468036651611,watch,user3,walk
1763575509376643072,0.0996031761169433,-0.2355493009090423,0.0338019728660583,-1.4358553886413574,0.2109450250864029,1.8118877410888672,watch,user3,walk
1763575509386642176,0.1026085019111633,-0.2234103083610534,0.0337637066841125,-1.453563213348389,0.2301469445228576,1.814898133277893,watch,user3,walk
1763575509396641280,0.1082592606544494,-0.2153869569301605,0.0378652811050415,-1.4690910577774048,0.2495837658643722,1.8110541105270384,watch,user3,walk
1763575509406640128,0.1072701215744018,-0.2169297933578491,0.0413445830345153,-1.497878909111023,0.2725256383419037,1.8205820322036743,watch,user3,walk
1763575509416638976,0.1064761281013488,-0.2187750935554504,0.0389212369918823,-1.5233933925628662,0.3039197921752929,1.8444260358810425,watch,user3,walk
1763575509426638080,0.1134805679321289,-0.2197307348251342,0.0349432229995727,-1.556084156036377,0.3384821116924286,1.866289138793945,watch,user3,walk
1763575509436637184,0.1291781067848205,-0.2190757095813751,0.0341502428054809,-1.6047015190124512,0.3612545430660248,1.88993501663208,watch,user3,walk
1763575509446636288,0.1525441408157348,-0.2150739431381225,0.0296542644500732,-1.6372628211975098,0.3629922568798065,1.920314073562622,watch,user3,walk
1763575509456635136,0.1918045282363891,-0.1987839341163635,0.0208858251571655,-1.6094032526016235,0.3506314754486084,1.9648433923721316,watch,user3,walk
1763575509466632960,0.2423865795135498,-0.1646216213703155,0.0119835138320922,-1.50133216381073,0.3349288403987884,2.013799905776977,watch,user3,walk
1763575509476632064,0.2931203842163086,-0.1170535385608673,0.0020027756690979,-1.3532878160476685,0.3489906191825866,2.0736284255981445,watch,user3,walk
1763575509486631168,0.324724018573761,-0.0743011832237243,0.0021097660064697,-1.1926023960113523,0.3848733007907867,2.136410713195801,watch,user3,walk
1763575509496630272,0.344264268875122,-0.0490228235721588,0.0048713684082031,-1.078274846076965,0.4049945473670959,2.196877241134644,watch,user3,walk
1763575509506629120,0.3467146754264831,-0.03456711769104,0.0124271512031555,-1.0355204343795776,0.4282420873641968,2.255742311477661,watch,user3,walk
1763575509516628224,0.3352450132369995,-0.0312675237655639,0.0205492973327636,-1.0400691032409668,0.4284231960773468,2.3088901042938232,watch,user3,walk
1763575509526627072,0.3256070613861084,-0.0272763967514038,0.0206255316734313,-1.0737135410308838,0.3964780271053314,2.3288376331329346,watch,user3,walk
1763575509536626176,0.3131242990493774,-0.0149043798446655,0.0286942720413208,-1.123740553855896,0.347570925951004,2.3014461994171143,watch,user3,walk
1763575509546625024,0.2949455976486206,0.0055925399065017,0.0404788851737976,-1.1565169095993042,0.314434289932251,2.258127212524414,watch,user3,walk
1763575509556624128,0.2725957036018371,0.0270121842622756,0.0529866218566894,-1.1697053909301758,0.2975988388061523,2.2053117752075195,watch,user3,walk
1763575509566623232,0.2541763186454773,0.0405803471803665,0.0673729181289672,-1.195802927017212,0.2806277871131897,2.1412248611450195,watch,user3,walk
1763575509576622336,0.2351728081703186,0.0520750731229782,0.0844039618968963,-1.2285068035125732,0.2549810111522674,2.064558267593384,watch,user3,walk
1763575509586620928,0.2137448191642761,0.0608341991901397,0.0982235372066497,-1.2789034843444824,0.2113252282142639,1.969698548316956,watch,user3,walk
1763575509596620032,0.1930728554725647,0.0628286004066467,0.1092051863670349,-1.3718632459640503,0.1615017354488372,1.8708641529083248,watch,user3,walk
1763575509606618112,0.1640580892562866,0.0638078898191452,0.1181447505950927,-1.520300030708313,0.1052294224500656,1.7777040004730225,watch,user3,walk
1763575509616617216,0.1336181163787841,0.0679047852754592,0.1258246600627899,-1.6756646633148191,0.04589818790555,1.712365984916687,watch,user3,walk
1763575509626616320,0.1027598977088928,0.0813132673501968,0.1237767040729522,-1.8032668828964236,-0.0429098904132843,1.6475433111190796,watch,user3,walk
1763575509636615168,0.0867279767990112,0.0992089062929153,0.1238122582435607,-1.8942958116531368,-0.1399850398302078,1.580597758293152,watch,user3,walk
1763575509646614016,0.073614478111267,0.1218626797199249,0.1235187053680419,-1.9501023292541504,-0.2046726942062378,1.5237822532653809,watch,user3,walk
1763575509656613120,0.0639499425888061,0.1428166627883911,0.1249216794967651,-1.9675565958023071,-0.2583582997322082,1.4897968769073486,watch,user3,walk
1763575509666612224,0.0519320964813232,0.1626325845718383,0.1295668184757232,-1.9489270448684688,-0.3025729656219482,1.4486501216888428,watch,user3,walk
1763575509676611072,0.0365895628929138,0.1802347302436828,0.1362740993499755,-1.902176856994629,-0.3418247699737549,1.410441756248474,watch,user3,walk
1763575509686610176,0.0296851992607116,0.1921374648809433,0.1464193165302276,-1.8391993045806885,-0.3748245537281036,1.3692082166671753,watch,user3,walk
1763575509696609280,0.0202942490577697,0.1972600817680359,0.1572051644325256,-1.7819709777832031,-0.3915499746799469,1.3329883813858032,watch,user3,walk
1763575509706608128,0.0149802565574646,0.1948476135730743,0.1718257069587707,-1.7547732591629028,-0.3947589993476867,1.2985471487045288,watch,user3,walk
1763575509716606976,0.016876995563507,0.1888262927532196,0.1897256970405578,-1.762143850326538,-0.3916979730129242,1.2634382247924805,watch,user3,walk
1763575509726606080,0.0288350582122802,0.1825418174266815,0.2045582830905914,-1.8153451681137085,-0.3978372812271118,1.2434619665145874,watch,user3,walk
1763575509736604160,0.0568533539772033,0.1754873692989349,0.2197638154029846,-1.9044917821884155,-0.3931394517421722,1.2361472845077517,watch,user3,walk
1763575509746603264,0.0811263918876648,0.1688988804817199,0.231023907661438,-2.035118818283081,-0.3789874911308288,1.2250362634658811,watch,user3,walk
1763575509756602112,0.1030918359756469,0.1611610651016235,0.2418276071548462,-2.2043874263763428,-0.3492988348007202,1.2146227359771729,watch,user3,walk
1763575509766600960,0.1160863637924194,0.1524957418441772,0.2536767125129699,-2.409059524536133,-0.3196689486503601,1.201173186302185,watch,user3,walk
1763575509776600064,0.1210394501686096,0.1413429081439972,0.2681578993797302,-2.645759105682373,-0.2973157167434692,1.186098575592041,watch,user3,walk
1763575509786599168,0.1182173490524292,0.1319537609815597,0.2833275198936462,-2.893819570541382,-0.2968952059745788,1.1655669212341309,watch,user3,walk
1763575509796598272,0.1067607998847961,0.1262174993753433,0.295520544052124,-3.13916563987732,-0.3070740699768066,1.137772798538208,watch,user3,walk
1763575509806597120,0.0969445705413818,0.1224040687084198,0.3059262037277221,-3.3566665649414062,-0.3404566943645477,1.107905030250549,watch,user3,walk
1763575509816596224,0.0894163846969604,0.1229162514209747,0.3101801872253418,-3.5216097831726074,-0.378844290971756,1.081033706665039,watch,user3,walk
1763575509826595072,0.0823948383331298,0.1238829344511032,0.308225929737091,-3.6225743293762207,-0.407755047082901,1.0614826679229736,watch,user3,walk
1763575509836594176,0.0725689530372619,0.1274307966232299,0.3055572509765625,-3.667764663696289,-0.424373984336853,1.051380276679993,watch,user3,walk
1763575509846593024,0.0615237355232238,0.1339316368103027,0.3036112189292907,-3.6454479694366455,-0.4477601647377014,1.031856656074524,watch,user3,walk
1763575509856592128,0.0552557110786438,0.1448067873716354,0.30082768201828,-3.577555656433105,-0.4702622890472412,1.0142146348953247,watch,user3,walk
1763575509866590208,0.0478062033653259,0.1522696167230606,0.3004399240016937,-3.463634490966797,-0.4743199646472931,0.9946991801261902,watch,user3,walk
1763575509876589056,0.0372704267501831,0.1523543000221252,0.2929480671882629,-3.332524299621582,-0.4513651132583618,0.9760527610778807,watch,user3,walk
1763575509886588160,0.024001121520996,0.1504980623722076,0.2845229506492615,-3.190575361251831,-0.4117853939533233,0.9585599899291992,watch,user3,walk
1763575509896587008,0.0149754285812377,0.1464647799730301,0.2812515497207641,-3.0648624897003174,-0.3738731741905212,0.9427149891853333,watch,user3,walk
1763575509906586112,0.012542188167572,0.1375307142734527,0.275216281414032,-2.9429142475128174,-0.3386686444282532,0.92702317237854,watch,user3,walk
1763575509916585216,0.013040006160736,0.1248153150081634,0.2647633254528045,-2.82136869430542,-0.3021993339061737,0.9238321781158448,watch,user3,walk
1763575509926584320,0.0190048217773437,0.1119261682033538,0.2505080997943878,-2.697651624679565,-0.2644384801387787,0.926763653755188,watch,user3,walk
1763575509936583168,0.0266937017440795,0.0995597094297409,0.2339774668216705,-2.579197645187378,-0.2314482927322387,0.9411726593971252,watch,user3,walk
1763575509946582016,0.0295273661613464,0.0917095392942428,0.2228968739509582,-2.4620625972747803,-0.1894707530736923,0.9609972834587096,watch,user3,walk
1763575509956581120,0.0343450307846069,0.088186889886856,0.2147781550884246,-2.3645033836364746,-0.1440726369619369,0.9882025718688964,watch,user3,walk
1763575509966580224,0.0423409342765808,0.0882418006658554,0.2115990221500396,-2.2897090911865234,-0.1004026532173156,1.019939661026001,watch,user3,walk
1763575509976579072,0.0530312061309814,0.0902703255414962,0.20895516872406,-2.235747575759888,-0.0676662772893905,1.0649334192276,watch,user3,walk
1763575509986578176,0.0646791458129882,0.090698093175888,0.2024061679840088,-2.185822010040283,-0.0444293990731239,1.1184512376785278,watch,user3,walk
1763575509996576000,0.0663616061210632,0.0882241427898407,0.1900338530540466,-2.148050308227539,-0.0288746748119592,1.1708539724349976,watch,user3,walk
1763575510006575104,0.0626495480537414,0.0848101377487182,0.1697762012481689,-2.10915470123291,-0.0085454359650611,1.2240666151046753,watch,user3,walk
1763575510016574208,0.0543367266654968,0.0807255506515502,0.1493853330612182,-2.077183961868286,0.0166893471032381,1.2640990018844604,watch,user3,walk
1763575510026573056,0.0450193881988525,0.0783083736896514,0.1374066472053527,-2.0614569187164307,0.0458038225769996,1.2940645217895508,watch,user3,walk
1763575510036572160,0.0383753776550293,0.0805122107267379,0.1307047009468078,-2.062815427780152,0.0676276311278343,1.3168774843215942,watch,user3,walk
1763575510046571264,0.0384279489517211,0.0838625580072403,0.1247678995132446,-2.07568883895874,0.0800999253988266,1.3313509225845337,watch,user3,walk
1763575510056570112,0.0419995188713073,0.0932761877775192,0.1172591745853424,-2.090828418731689,0.0863900408148765,1.346182107925415,watch,user3,walk
1763575510066569216,0.0477054715156555,0.099738597869873,0.1004668474197387,-2.093736410140991,0.0801895782351493,1.356232762336731,watch,user3,walk
1763575510076568064,0.0506258010864257,0.1092416197061538,0.0806789994239807,-2.0884575843811035,0.0818226262927055,1.3437106609344482,watch,user3,walk
1763575510086567168,0.0482364892959594,0.1222710013389587,0.0639868378639221,-2.0683982372283936,0.0733045116066932,1.3254399299621582,watch,user3,walk
1763575510096566272,0.0487304925918579,0.134849265217781,0.0379745066165924,-2.0253493785858154,0.0642377808690071,1.2990214824676514,watch,user3,walk
1763575510106565120,0.0435804724693298,0.1409452259540558,0.0144663155078887,-1.971932053565979,0.0533931218087673,1.2550958395004272,watch,user3,walk
1763575510116564224,0.0393965244293212,0.1467576324939727,0.0026414096355438,-1.9227021932601929,0.0384879410266876,1.1999709606170654,watch,user3,walk
1763575510126563072,0.0345324277877807,0.1508520692586898,-0.0015865564346313,-1.8914324045181277,0.0237303897738456,1.147972583770752,watch,user3,walk
1763575510136561152,0.0346804857254028,0.1469795107841491,-0.0062468945980072,-1.874748706817627,-0.0040618260391056,1.099010348320007,watch,user3,walk
1763575510146560256,0.035781443119049,0.1385215669870376,-0.0100005865097045,-1.882731556892395,-0.0320972763001918,1.051979422569275,watch,user3,walk
1763575510156559104,0.0292830467224121,0.1282410621643066,-0.0136122703552246,-1.9086512327194212,-0.0624410659074783,1.003193974494934,watch,user3,walk
1763575510166558208,0.0178297758102417,0.1144457757472992,-0.013965368270874,-1.9543906450271609,-0.0896091312170028,0.9577040672302246,watch,user3,walk
1763575510176557056,0.0072163343429565,0.1090009063482284,-0.0121533870697021,-2.0030994415283203,-0.1246869564056396,0.917264997959137,watch,user3,walk
1763575510186556160,0.0030372142791748,0.105652779340744,-0.0146323442459106,-2.047938108444214,-0.1614383161067962,0.8831896781921387,watch,user3,walk
1763575510196555264,0.0006001591682434,0.1057730019092559,-0.0149145424365997,-2.0764288902282715,-0.1837569326162338,0.8537918329238892,watch,user3,walk
1763575510206554112,-0.0032825469970703,0.1223681271076202,-0.0194771289825439,-2.0720293521881104,-0.2109544724225998,0.8176047801971436,watch,user3,walk
1763575510216553216,0.0077601075172424,0.117707535624504,-0.0184462070465087,-2.0802929401397705,-0.2530356049537658,0.7888820171356201,watch,user3,walk
1763575510226552320,0.0185842514038085,0.1083407402038574,-0.0099927484989166,-2.134509563446045,-0.2999651134014129,0.7688291072845459,watch,user3,walk
1763575510236551168,0.0240170359611511,0.1076149642467498,-0.0025869607925415,-2.2168004512786865,-0.3438846468925476,0.7607240080833435,watch,user3,walk
1763575510246550016,0.026498258113861,0.105933666229248,0.0035833120346069,-2.30994200706482,-0.3883594274520874,0.7685617208480835,watch,user3,walk
1763575510256549120,0.028759479522705,0.1056166291236877,0.0090578198432922,-2.4019815921783447,-0.4264681935310364,0.7737801671028137,watch,user3,walk
1763575510266547200,0.0252342820167541,0.1077792644500732,0.0103287100791931,-2.472156524658203,-0.455211877822876,0.7613725066184998,watch,user3,walk
1763575510276547072,0.0191679000854492,0.1104268431663513,0.0109348595142364,-2.5193445682525635,-0.4751333892345428,0.7396323084831238,watch,user3,walk
1763575510286546176,0.0148307085037231,0.1140453368425369,0.0108471810817718,-2.548004627227783,-0.4995700120925903,0.7217506766319275,watch,user3,walk
1763575510296545280,0.0192731618881225,0.1139012724161148,0.0111310184001922,-2.578071594238281,-0.5147244334220886,0.7116764783859253,watch,user3,walk
1763575510306544384,0.0301732420921325,0.1114402413368225,0.0215769112110137,-2.618292093276977,-0.5320496559143066,0.704539954662323,watch,user3,walk
1763575510316543232,0.0496798157691955,0.1064116507768631,0.0265885889530181,-2.6650619506835938,-0.5645117163658142,0.7049325108528137,watch,user3,walk
1763575510326542336,0.0698110461235046,0.1016146391630172,0.0309222340583801,-2.711856842041016,-0.6126471161842346,0.7094829678535461,watch,user3,walk
1763575510336541184,0.0942580699920654,0.0958166271448135,0.030934989452362,-2.761037826538086,-0.6666597723960876,0.7162695527076721,watch,user3,walk
1763575510346540288,0.1251698732376098,0.0927949994802475,0.0266168415546417,-2.803020715713501,-0.7058121562004089,0.7218005061149597,watch,user3,walk
1763575510356539136,0.1590317487716674,0.091540053486824,0.0308050513267517,-2.8516626358032227,-0.7275651097297668,0.7189937829971313,watch,user3,walk
1763575510366538240,0.196874737739563,0.0880570262670517,0.0486732721328735,-2.9185593128204346,-0.7316836714744568,0.7101763486862183,watch,user3,walk
1763575510376537344,0.2298798561096191,0.0766056030988693,0.0725317299365997,-3.012509346008301,-0.7402353882789612,0.712363600730896,watch,user3,walk
1763575510386536448,0.2436828017234802,0.0629002600908279,0.0975759327411651,-3.1387360095977783,-0.7657903432846069,0.7193130254745483,watch,user3,walk
1763575510396535296,0.2277706265449524,0.0477944314479827,0.112784057855606,-3.287769317626953,-0.8003587126731873,0.7124162316322327,watch,user3,walk
1763575510406534144,0.1778993606567382,0.0359528064727783,0.1218297481536865,-3.4378342628479004,-0.8231819868087769,0.6861584782600403,watch,user3,walk
1763575510416532224,0.106960117816925,0.0276396721601486,0.1286322176456451,-3.5636582374572754,-0.8408520817756653,0.6428664326667786,watch,user3,walk
1763575510426531328,0.0361530184745788,0.0206899493932724,0.1375159919261932,-3.654948711395264,-0.846548318862915,0.5887256264686584,watch,user3,walk
1763575510436530432,-0.0225562453269958,0.0160589516162872,0.1472004950046539,-3.718395233154297,-0.8454729318618774,0.5364171266555786,watch,user3,walk
1763575510446529280,-0.0646758675575256,0.0125440657138824,0.1541975438594818,-3.749334335327149,-0.8388915657997131,0.49123615026474,watch,user3,walk
1763575510456528128,-0.0967648029327392,0.0100262463092803,0.1558938324451446,-3.74910044670105,-0.8303753137588501,0.4464567005634308,watch,user3,walk
1763575510466527232,-0.123659074306488,0.0072065591812133,0.1503203809261322,-3.719230890274048,-0.8088308572769165,0.4111625552177429,watch,user3,walk
1763575510476526336,-0.1438104510307312,0.0049637556076049,0.1433947682380676,-3.6523807048797607,-0.7774369716644287,0.3703783750534057,watch,user3,walk
1763575510486525184,-0.1586142778396606,0.0017773509025573,0.1324152052402496,-3.5540919303894043,-0.7486769556999207,0.3426396250724792,watch,user3,walk
1763575510496524288,-0.1642407178878784,0.004495084285736,0.1132380366325378,-3.4028263092041016,-0.7317035794258118,0.3251000642776489,watch,user3,walk
1763575510506523392,-0.168554425239563,0.0068666934967041,0.0930271744728088,-3.2056884765625,-0.7025419473648071,0.3204299807548523,watch,user3,walk
1763575510516522240,-0.1685490608215332,0.0080591440200805,0.0828940570354461,-2.9137353897094727,-0.697851836681366,0.3088580369949341,watch,user3,walk
1763575510526521088,-0.1668343544006347,-0.0128774046897888,0.0848824977874755,-2.682786703109741,-0.6435874700546265,0.3218092322349548,watch,user3,walk
1763575510536520192,-0.137399137020111,0.0112533867359161,0.0670879483222961,-2.3764634132385254,-0.5773833990097046,0.3642022311687469,watch,user3,walk
1763575510546519296,-0.1046750545501709,0.0259612202644348,0.0552558004856109,-1.9029573202133176,-0.4994024038314819,0.4367963373661041,watch,user3,walk
1763575510556517376,-0.0696954727172851,0.0803792774677276,0.0448396205902099,-1.5393987894058228,-0.4325402975082397,0.5384010076522827,watch,user3,walk
1763575510566516480,-0.0357835888862609,0.0763986706733703,0.0484446585178375,-1.2860828638076782,-0.4609439969062805,0.6553181409835815,watch,user3,walk
1763575510576515072,-0.0202522873878479,0.0135186612606048,0.0699551403522491,-1.102406024932861,-0.4564043581485748,0.6702179908752441,watch,user3,walk
1763575510586514176,-0.0075681209564208,-0.033115267753601,0.075021207332611,-1.0051089525222778,-0.4394062757492065,0.6829747557640076,watch,user3,walk
1763575510596513280,0.0162997841835021,-0.0440568625926971,0.0918141603469848,-1.0023638010025024,-0.4208528101444244,0.7063442468643188,watch,user3,walk
1763575510606512384,0.0416168570518493,-0.0555521845817565,0.1140684187412262,-1.0670603513717651,-0.4107606112957001,0.7404066324234009,watch,user3,walk
1763575510616511232,0.0639614462852478,-0.0695813298225402,0.1252860724925995,-1.1546865701675415,-0.4172736406326294,0.7612562775611877,watch,user3,walk
1763575510626510336,0.0739524960517883,-0.0808964073657989,0.1267560720443725,-1.260368585586548,-0.4243486821651459,0.781270444393158,watch,user3,walk
1763575510636509184,0.0676310658454895,-0.0863570868968963,0.1235653162002563,-1.4010649919509888,-0.4065606296062469,0.793664813041687,watch,user3,walk
1763575510646508288,0.0527768731117248,-0.0909252762794494,0.1092458665370941,-1.563198208808899,-0.3713007271289825,0.7862836718559265,watch,user3,walk
1763575510656507136,0.0351664423942565,-0.0909809470176696,0.0950851738452911,-1.7257496118545532,-0.3293639421463012,0.7689667344093323,watch,user3,walk
1763575510666506240,0.0170518159866333,-0.0895330905914306,0.0817108154296875,-1.861140251159668,-0.2905060946941376,0.7442325949668884,watch,user3,walk
1763575510676505344,0.0001499056816101,-0.0813809335231781,0.0669663250446319,-1.9604450464248655,-0.2529025077819824,0.7275425791740417,watch,user3,walk
1763575510686504448,-0.0133293867111206,-0.0715197026729583,0.052601158618927,-2.0062005519866943,-0.2136221528053283,0.7184815406799316,watch,user3,walk
1763575510696502272,-0.0270958542823791,-0.0560685396194458,0.0357160568237304,-1.9822708368301392,-0.1812221407890319,0.7138886451721191,watch,user3,walk
1763575510706501120,-0.0364704728126525,-0.0393499135971069,0.0155494511127471,-1.8900399208068848,-0.1638196110725402,0.7108429074287415,watch,user3,walk
1763575510716500224,-0.041137158870697,-0.0238888561725616,-0.0056205093860626,-1.7412333488464355,-0.1456059962511062,0.7135114073753357,watch,user3,walk
1763575510726499328,-0.045653223991394,-0.0122909247875213,-0.0230099558830261,-1.5634225606918335,-0.1177492439746856,0.7246905565261841,watch,user3,walk
1763575510736498432,-0.044891357421875,-0.0076624751091003,-0.0300424098968505,-1.3979718685150146,-0.0886254459619522,0.7408013939857483,watch,user3,walk
1763575510746497280,-0.0480742454528808,-0.008681833744049,-0.0292356312274932,-1.262001395225525,-0.070137158036232,0.7618755102157593,watch,user3,walk
1763575510756496128,-0.0482771396636962,-0.0168873369693756,-0.0228582024574279,-1.180471897125244,-0.0708327740430831,0.792015552520752,watch,user3,walk
1763575510766495232,-0.0501608848571777,-0.0256564617156982,-0.0223082900047302,-1.1385051012039185,-0.0737417489290237,0.827526867389679,watch,user3,walk
1763575510776494336,-0.0508066415786743,-0.0294182002544403,-0.0282621383666992,-1.1249291896820068,-0.0622145235538482,0.8755870461463928,watch,user3,walk
1763575510786493184,-0.0503391027450561,-0.030097872018814,-0.0319227576255798,-1.1391841173171997,-0.0492000989615917,0.925816535949707,watch,user3,walk
1763575510796492288,-0.0452305078506469,-0.0262856185436248,-0.0379140377044677,-1.1711196899414062,-0.0348403342068195,0.9795538187026978,watch,user3,walk
1763575510806491392,-0.0407900810241699,-0.0223574936389923,-0.0423187315464019,-1.2200943231582642,-0.017969386652112,1.0279455184936523,watch,user3,walk
1763575510816490240,-0.0384770631790161,-0.0181790739297866,-0.0465474426746368,-1.2883601188659668,-0.0085417963564395,1.0831611156463623,watch,user3,walk
1763575510826488320,-0.0393497347831726,-0.0112047046422958,-0.0533727705478668,-1.364043951034546,0.0054087294265627,1.1399774551391602,watch,user3,walk
1763575510836487168,-0.0426059365272522,-0.0020321309566497,-0.0558634996414184,-1.444783329963684,0.0212920885533094,1.1934173107147217,watch,user3,walk
1763575510846486272,-0.04522305727005,0.0069111287593841,-0.0582378506660461,-1.5318944454193115,0.0366979427635669,1.2369648218154907,watch,user3,walk
1763575510856485376,-0.0533846020698547,0.0195919126272201,-0.0594816803932189,-1.6098036766052246,0.046965230256319,1.2722452878952026,watch,user3,walk
1763575510866484480,-0.0641870498657226,0.0342085063457489,-0.0583693981170654,-1.6715706586837769,0.0532178878784179,1.298511028289795,watch,user3,walk
1763575510876483328,-0.0715796947479248,0.0518083274364471,-0.0604157745838165,-1.702800154685974,0.0567124858498573,1.3161413669586182,watch,user3,walk
1763575510886482176,-0.0767121911048889,0.0701687335968017,-0.0693975090980529,-1.7048041820526123,0.0616807006299495,1.33134126663208,watch,user3,walk
1763575510896481280,-0.0830664634704589,0.0960437953472137,-0.076989471912384,-1.6658086776733398,0.0694185197353363,1.3390133380889893,watch,user3,walk
1763575510906480384,-0.0869369506835937,0.1212349385023117,-0.094401478767395,-1.576453685760498,0.0890949293971061,1.3404885530471802,watch,user3,walk
1763575510916479232,-0.0918278098106384,0.1415979415178299,-0.1080979406833648,-1.4771201610565186,0.1144668608903884,1.3237006664276123,watch,user3,walk
1763575510926478336,-0.0908839106559753,0.152662992477417,-0.1181541979312896,-1.37904691696167,0.132199078798294,1.3001898527145386,watch,user3,walk
1763575510936477184,-0.0906165838241577,0.1613049656152725,-0.1190017759799957,-1.3090624809265137,0.143504723906517,1.276566505432129,watch,user3,walk
1763575510946476288,-0.0939231514930725,0.171478271484375,-0.1168414801359176,-1.260049819946289,0.1579171270132064,1.2493078708648682,watch,user3,walk
1763575510956475136,-0.1017335653305053,0.1876112967729568,-0.1238550990819931,-1.2019031047821045,0.1660874485969543,1.2055683135986328,watch,user3,walk
1763575510966474240,-0.1028366684913635,0.1893920302391052,-0.1320806741714477,-1.150079369544983,0.1603226661682129,1.1455485820770264,watch,user3,walk
1763575510976472320,-0.0922540426254272,0.1855036616325378,-0.1273926347494125,-1.2226427793502808,0.0978947207331657,1.0831936597824097,watch,user3,walk
1763575510986471168,-0.0662565231323242,0.1726765632629394,-0.111879825592041,-1.320509672164917,0.0410587787628173,1.0385905504226685,watch,user3,walk
1763575510996470272,-0.0484557151794433,0.1770904660224914,-0.132074236869812,-1.3832355737686155,0.0789696797728538,1.039664387702942,watch,user3,walk
1763575511006469376,-0.0392245054244995,0.201235145330429,-0.1448771953582763,-1.4396058320999146,0.1277263909578323,1.035286784172058,watch,user3,walk
1763575511016468224,-0.0269421339035034,0.2201731503009796,-0.1506358385086059,-1.4477192163467407,0.1551289856433868,1.0061523914337158,watch,user3,walk
1763575511026467328,-0.0144549012184143,0.2345941960811615,-0.1621824204921722,-1.42836332321167,0.1361746340990066,0.951444149017334,watch,user3,walk
1763575511036466432,-0.0124391317367553,0.2478793114423751,-0.1643056720495224,-1.4461021423339844,0.1122330948710441,0.8690534234046936,watch,user3,walk
1763575511046465280,-0.0150467157363891,0.2616747617721557,-0.1661364883184433,-1.5067715644836426,0.1042471602559089,0.807984471321106,watch,user3,walk
1763575511056464128,-0.0113115310668945,0.2669372856616974,-0.1728613078594207,-1.5602225065231323,0.099714457988739,0.7693473100662231,watch,user3,walk
1763575511066463232,-0.01102215051651,0.2693587839603424,-0.182749718427658,-1.5715117454528809,0.0884086266160011,0.7085711359977722,watch,user3,walk
1763575511076462336,-0.0151783227920532,0.2754960060119629,-0.1940642893314361,-1.557759404182434,0.068159282207489,0.6176958084106445,watch,user3,walk
1763575511086461184,-0.0202434062957763,0.2846559286117553,-0.2028937935829162,-1.5376803874969482,0.0468462742865085,0.5294857621192932,watch,user3,walk
1763575511096460288,-0.0133939981460571,0.2928548455238342,-0.2124139070510864,-1.480548858642578,0.0493198186159133,0.4564546644687652,watch,user3,walk
1763575511106459392,0.0149648785591125,0.2979656159877777,-0.2244587391614914,-1.3997745513916016,0.0543381012976169,0.399077445268631,watch,user3,walk
1763575511116458240,0.0689015388488769,0.307529866695404,-0.2246379256248474,-1.3350317478179932,0.0282580293715,0.3501418828964233,watch,user3,walk
1763575511126456320,0.1532124280929565,0.3154485821723938,-0.2334036231040954,-1.2538516521453855,3.260653465986252e-05,0.2898301482200622,watch,user3,walk
1763575511136455424,0.244860827922821,0.3213845193386078,-0.2519174814224243,-1.1939281225204468,-0.0297279525548219,0.231046438217163,watch,user3,walk
1763575511146454272,0.3246209621429443,0.3266588449478149,-0.2706758975982666,-1.158522605895996,-0.0485311113297939,0.1602403819561004,watch,user3,walk
1763575511156453376,0.3570297956466675,0.317217081785202,-0.2816620469093323,-1.1580314636230469,-0.0698598399758338,0.0760850310325622,watch,user3,walk
1763575511166452224,0.3298977613449096,0.2995212972164154,-0.2782126665115356,-1.1127524375915527,-0.0900580510497093,-0.0386202484369277,watch,user3,walk
1763575511176451328,0.2544164657592773,0.290266215801239,-0.2752873301506042,-0.9714783430099488,-0.1181237697601318,-0.1832091361284256,watch,user3,walk
1763575511186450176,0.1750469803810119,0.2863748073577881,-0.2580893635749817,-0.7755563855171204,-0.1719066649675369,-0.326476126909256,watch,user3,walk
1763575511196449280,0.1133528351783752,0.263654500246048,-0.2403381764888763,-0.5851662158966064,-0.2354446351528167,-0.4795117378234863,watch,user3,walk
1763575511206448384,0.0511630177497863,0.2230059504508972,-0.2183717787265777,-0.4470569193363189,-0.3086863458156585,-0.6386178731918335,watch,user3,walk
1763575511216447232,-0.0112814903259277,0.1798564493656158,-0.2040179967880249,-0.3521064221858978,-0.3701821863651275,-0.7704935669898987,watch,user3,walk
1763575511226446336,-0.0653696656227111,0.1447016596794128,-0.201926052570343,-0.2818107008934021,-0.4449150264263153,-0.896580159664154,watch,user3,walk
1763575511236445184,-0.1107552647590637,0.1116294637322425,-0.2068967819213867,-0.2270933836698532,-0.5411826968193054,-1.0496037006378174,watch,user3,walk
1763575511246444288,-0.1350443959236145,0.0781211704015731,-0.2192270159721374,-0.1823234260082245,-0.6374761462211609,-1.2191143035888672,watch,user3,walk
1763575511256443136,-0.1287845373153686,0.0428791791200637,-0.2252980470657348,-0.1671772301197052,-0.7177534103393555,-1.3563624620437622,watch,user3,walk
1763575511266441472,-0.0944603085517883,0.0126273781061172,-0.2184768319129943,-0.1842272728681564,-0.7736774682998657,-1.4419279098510742,watch,user3,walk
1763575511276439552,-0.0408572554588317,-0.0144574493169784,-0.1908113956451416,-0.2559118270874023,-0.8355440497398376,-1.4881439208984375,watch,user3,walk
1763575511286438400,0.0037569403648376,-0.0438607633113861,-0.1532734334468841,-0.3716406226158142,-0.9147285223007202,-1.5227664709091189,watch,user3,walk
1763575511296437504,0.0305148363113403,-0.0760895460844039,-0.1137947440147399,-0.5229246616363525,-1.0069698095321655,-1.5615434646606443,watch,user3,walk
1763575511306436608,0.0400705337524414,-0.1008652746677398,-0.075188934803009,-0.6856791973114014,-1.083804965019226,-1.583038330078125,watch,user3,walk
1763575511316435456,0.0502553582191467,-0.1201717406511306,-0.034921258687973,-0.8109031915664673,-1.184314489364624,-1.6065170764923096,watch,user3,walk
1763575511326434560,0.0661275386810302,-0.1557186841964721,0.0100020468235015,-1.0407716035842896,-1.2255159616470337,-1.584885835647583,watch,user3,walk
1763575511336433664,0.1032204031944274,-0.1312173902988433,0.0322960019111633,-1.2291481494903564,-1.241607904434204,-1.5187305212020874,watch,user3,walk
1763575511346432512,0.1343902349472046,-0.1227508783340454,0.050492376089096,-1.2436027526855469,-1.2361009120941162,-1.436357855796814,watch,user3,walk
1763575511356431360,0.1462411880493164,-0.1455117464065551,0.0617580413818359,-1.0693392753601074,-1.2163589000701904,-1.5627647638320925,watch,user3,walk
1763575511366430464,0.1679807305335998,-0.0809025466442108,0.0681743621826171,-1.1261621713638306,-1.1353660821914673,-1.44749915599823,watch,user3,walk
1763575511376429568,0.1700435876846313,-0.0947925448417663,0.0981941819190979,-1.1622488498687744,-1.1294817924499512,-1.4131888151168823,watch,user3,walk
1763575511386428672,0.1594346761703491,-0.1773668825626373,0.1207757294178009,-1.212390661239624,-1.1478989124298096,-1.356500267982483,watch,user3,walk
1763575511396427520,0.1574219465255737,-0.1888233125209808,0.1315100491046905,-1.2949081659317017,-1.1545075178146362,-1.2646830081939695,watch,user3,walk
1763575511406426368,0.147340714931488,-0.1886818706989288,0.1383421719074249,-1.3024158477783203,-1.138447880744934,-1.2472957372665403,watch,user3,walk
1763575511416424448,0.1345105767250061,-0.1843089461326599,0.1312849521636963,-1.2465882301330566,-1.0772219896316528,-1.24905264377594,watch,user3,walk
1763575511426423552,0.1315391659736633,-0.1774322986602783,0.1174921989440918,-1.1876429319381714,-1.018019199371338,-1.1780115365982056,watch,user3,walk
1763575511436422656,0.1265712976455688,-0.1751611530780792,0.1172983050346374,-1.119334697723389,-0.9803009033203124,-1.04954195022583,watch,user3,walk
1763575511446421504,0.109390377998352,-0.1962741911411285,0.1215622127056121,-0.991027295589447,-0.962105929851532,-0.9384868144989014,watch,user3,walk
1763575511456420352,0.0925427675247192,-0.2026487290859222,0.1174534559249877,-0.8558761477470398,-0.926091969013214,-0.8616726994514465,watch,user3,walk
1763575511466419456,0.0791223645210266,-0.2007577717304229,0.1154541969299316,-0.734151303768158,-0.8688771724700928,-0.7825139760971069,watch,user3,walk
1763575511476418560,0.0697200894355773,-0.2067413926124572,0.1246024668216705,-0.6429826021194458,-0.807129979133606,-0.6682705283164978,watch,user3,walk
1763575511486417408,0.0579676628112793,-0.224990427494049,0.1388386785984039,-0.5579440593719482,-0.7622345685958862,-0.5471963882446289,watch,user3,walk
1763575511496416512,0.0471483469009399,-0.2465938627719879,0.1564637124538421,-0.5128548741340637,-0.7281267046928406,-0.4609949588775635,watch,user3,walk
1763575511506415616,0.0416570901870727,-0.2652340829372406,0.174285352230072,-0.4847443699836731,-0.6944247484207153,-0.3772788047790527,watch,user3,walk
1763575511516414720,0.0394911766052246,-0.2830762863159179,0.1811405718326568,-0.468725174665451,-0.6587396860122681,-0.2606565654277801,watch,user3,walk
1763575511526413568,0.0405786037445068,-0.2940220236778259,0.184048980474472,-0.4455524981021881,-0.6257324814796448,-0.1238117814064025,watch,user3,walk
1763575511536412416,0.0469631552696228,-0.3056099414825439,0.1914502084255218,-0.4493703842163086,-0.6061809062957764,-0.0135111017152667,watch,user3,walk
1763575511546411520,0.0493754148483276,-0.3087714612483978,0.1977753341197967,-0.4840306639671325,-0.5720379948616028,0.107241615653038,watch,user3,walk
1763575511556409600,0.0553802251815795,-0.3064434826374054,0.1948466300964355,-0.5275227427482605,-0.5360488295555115,0.2222390323877334,watch,user3,walk
1763575511566408704,0.0610859990119934,-0.3107542693614959,0.1903619766235351,-0.5858197212219238,-0.5096370577812195,0.3187727630138397,watch,user3,walk
1763575511576407552,0.0662671327590942,-0.3098857700824737,0.1920159459114074,-0.6627416610717773,-0.4881314933300018,0.4321251511573791,watch,user3,walk
1763575511586406400,0.0695000290870666,-0.3043498694896698,0.1922378242015838,-0.7418444156646729,-0.4629964828491211,0.5455455780029297,watch,user3,walk
1763575511596405504,0.0720650553703308,-0.3015986680984497,0.1877771019935608,-0.8023852109909058,-0.436739057302475,0.6478085517883301,watch,user3,walk
1763575511606404608,0.069581925868988,-0.2930898666381836,0.181649625301361,-0.8522326350212097,-0.4090749025344848,0.757365345954895,watch,user3,walk
1763575511616403456,0.0697444677352905,-0.2830453515052795,0.1735415160655975,-0.8917475938796997,-0.3861714601516723,0.8713890910148621,watch,user3,walk
1763575511626402560,0.072923719882965,-0.2739369869232178,0.1647418737411499,-0.9099753499031068,-0.3679809272289276,0.9724140167236328,watch,user3,walk
1763575511636401664,0.0739339590072631,-0.2625307440757751,0.160382330417633,-0.9236842393875122,-0.3450777232646942,1.078125238418579,watch,user3,walk
1763575511646400512,0.0694204568862915,-0.2484866678714752,0.1566361188888549,-0.9321379065513612,-0.3256760835647583,1.1855460405349731,watch,user3,walk
1763575511656399616,0.0710920095443725,-0.2327988147735595,0.1460092663764953,-0.9256690740585328,-0.3266364336013794,1.285860896110535,watch,user3,walk
1763575511666398464,0.0799166560173034,-0.2141920030117035,0.1264873147010803,-0.925137221813202,-0.3329039812088012,1.375238299369812,watch,user3,walk
1763575511676397568,0.091488242149353,-0.193052053451538,0.1105343103408813,-0.9292006492614746,-0.3397416472434997,1.4498811960220337,watch,user3,walk
1763575511686396672,0.1029756069183349,-0.1718940734863281,0.1002190113067627,-0.9453294277191162,-0.357208639383316,1.5153387784957886,watch,user3,walk
1763575511696395520,0.1050965785980224,-0.1580446660518646,0.0948303043842315,-0.9809057712554932,-0.3803525567054748,1.564367651939392,watch,user3,walk
1763575511706393600,0.0957278609275817,-0.1439819931983947,0.0959149599075317,-1.0489104986190796,-0.4010301530361175,1.586444854736328,watch,user3,walk
1763575511716392448,0.0823773145675659,-0.1308373212814331,0.1016337275505065,-1.1418687105178833,-0.4179345667362213,1.5774412155151367,watch,user3,walk
1763575511726391552,0.0692115426063537,-0.1166673898696899,0.1094570159912109,-1.2404210567474363,-0.4355672597885132,1.56592059135437,watch,user3,walk
1763575511736390656,0.0672973990440368,-0.1025110185146331,0.1124289333820343,-1.3237210512161257,-0.4540927410125732,1.5692777633666992,watch,user3,walk
1763575511746389504,0.0712630748748779,-0.0875737965106964,0.1100965142250061,-1.3730491399765017,-0.4603152871131897,1.5833745002746582,watch,user3,walk
1763575511756388352,0.0727321505546569,-0.0734840631484985,0.106122225522995,-1.400745153427124,-0.4533588588237762,1.5909515619277954,watch,user3,walk
1763575511766387456,0.0715060830116272,-0.0627465546131134,0.1068165898323059,-1.4148006439208984,-0.4363816380500793,1.587970733642578,watch,user3,walk
1763575511776386560,0.0771722793579101,-0.0491544902324676,0.1077601313591003,-1.4307957887649536,-0.4254805445671081,1.58013653755188,watch,user3,walk
1763575511786385664,0.0876203775405883,-0.0365356802940368,0.1121531128883361,-1.4567874670028689,-0.4160034656524658,1.579858422279358,watch,user3,walk
1763575511796384512,0.1033385396003723,-0.0215417146682739,0.1167156398296356,-1.4901083707809448,-0.4129581451416015,1.590528964996338,watch,user3,walk
1763575511806383616,0.1211100816726684,-0.0063185095787048,0.1230814158916473,-1.534512281417847,-0.4227958917617798,1.60342538356781,watch,user3,walk
1763575511816382720,0.1369146704673767,0.0113100111484527,0.1281960606575012,-1.5955828428268433,-0.4351236522197723,1.6132375001907349,watch,user3,walk
1763575511826381568,0.1444223523139953,0.0308788418769836,0.1261077523231506,-1.6664259433746338,-0.4490749835968017,1.6184865236282349,watch,user3,walk
1763575511836380416,0.1445081233978271,0.0492548644542694,0.1252530813217163,-1.7343288660049438,-0.4584562480449676,1.629103183746338,watch,user3,walk
1763575511846379520,0.1435324549674987,0.0657083690166473,0.1238273978233337,-1.7931745052337646,-0.4650998413562774,1.637902021408081,watch,user3,walk
1763575511856377600,0.1413587927818298,0.0798122584819793,0.1261177957057953,-1.8357679843902588,-0.4639160633087158,1.6508792638778689,watch,user3,walk
1763575511866376704,0.1414157748222351,0.0900265276432037,0.1331727802753448,-1.8640425205230715,-0.4506182670593261,1.663335204124451,watch,user3,walk
1763575511876375552,0.1513210535049438,0.0998434424400329,0.1446294486522674,-1.884547591209412,-0.4239637553691864,1.6757700443267822,watch,user3,walk
1763575511886374400,0.1738386750221252,0.1138941049575805,0.158427208662033,-1.8994547128677368,-0.3827498257160187,1.6958317756652832,watch,user3,walk
1763575511896373504,0.2146600484848022,0.1323875784873962,0.1678423881530761,-1.916572451591492,-0.3319929242134094,1.720255732536316,watch,user3,walk
1763575511906372608,0.2659960389137268,0.1466336548328399,0.176870971918106,-1.944879651069641,-0.2863390445709228,1.7444186210632324,watch,user3,walk
1763575511916371456,0.3150247931480407,0.1581456065177917,0.1803827285766601,-1.991825819015503,-0.262669950723648,1.7687218189239502,watch,user3,walk
1763575511926370560,0.3449053764343261,0.1683137714862823,0.1775330305099487,-2.0626308917999268,-0.2613107860088348,1.7847914695739746,watch,user3,walk
1763575511936369408,0.3353098630905151,0.1777576357126236,0.1723431050777435,-2.14265775680542,-0.2784039974212646,1.791548728942871,watch,user3,walk
1763575511946368512,0.2803196907043457,0.1872134059667587,0.1685279607772827,-2.223505735397339,-0.2957265377044678,1.7691981792449951,watch,user3,walk
1763575511956367616,0.2029528021812439,0.19625985622406,0.1723510324954986,-2.283747673034668,-0.3020965456962585,1.7242546081542969,watch,user3,walk
1763575511966366464,0.1265248656272888,0.203513041138649,0.1816299557685852,-2.3265504837036133,-0.2971549332141876,1.6561377048492432,watch,user3,walk
1763575511976365568,0.0581682324409484,0.2105467170476913,0.1910313963890075,-2.3412020206451416,-0.292121559381485,1.5733038187026978,watch,user3,walk
1763575511986364672,-0.0022768378257751,0.211521029472351,0.1943965554237365,-2.323755979537964,-0.2803123295307159,1.4708279371261597,watch,user3,walk
1763575511996363520,-0.05303555727005,0.2133783847093582,0.1872500777244568,-2.269035577774048,-0.2554314732551574,1.351254105567932,watch,user3,walk
1763575512006361600,-0.0938356518745422,0.2107269763946533,0.1681043207645416,-2.179403305053711,-0.2209024280309677,1.2233963012695312,watch,user3,walk
1763575512016360448,-0.1236234307289123,0.2076430320739746,0.1446801424026489,-2.048863887786865,-0.1821417212486267,1.0948333740234375,watch,user3,walk
1763575512026359552,-0.1442853212356567,0.2036915123462677,0.1249492764472961,-1.902575135231018,-0.1431739926338195,0.9593353271484376,watch,user3,walk
1763575512036358656,-0.1596236228942871,0.1971330791711807,0.1117355227470398,-1.7526227235794067,-0.1152060180902481,0.8219617605209351,watch,user3,walk
1763575512046357504,-0.1758208274841308,0.1857693344354629,0.1034495532512664,-1.6055129766464231,-0.0858139470219612,0.6866257786750793,watch,user3,walk
1763575512056356352,-0.1912574172019958,0.1720829904079437,0.0978849828243255,-1.482529878616333,-0.0513574369251728,0.5672740936279297,watch,user3,walk
1763575512066355456,-0.1928597688674926,0.1608012169599533,0.0926895439624786,-1.4011274576187134,-0.0273776240646839,0.4527739882469177,watch,user3,walk
1763575512076354560,-0.1803871989250183,0.1462634950876236,0.0931355953216552,-1.339523434638977,-0.0172341763973236,0.3492097556591034,watch,user3,walk
1763575512086353664,-0.1513174772262573,0.1333400756120681,0.0961557328701019,-1.28867769241333,-0.0147273428738117,0.2622577548027038,watch,user3,walk
1763575512096352512,-0.1103258728981018,0.1193912029266357,0.0896022617816925,-1.2362275123596191,-0.0130780469626188,0.1844535022974014,watch,user3,walk
1763575512106351616,-0.0609017014503479,0.1110576391220092,0.073913425207138,-1.178950548171997,-0.0110310520976781,0.118161641061306,watch,user3,walk
1763575512116350720,-0.0101709365844726,0.1062670946121215,0.0524485409259796,-1.112606644630432,-0.013687290251255,0.0642454102635383,watch,user3,walk
1763575512126349568,0.0458206534385681,0.0999401062726974,0.0286005139350891,-1.0414478778839111,-0.0278372839093208,0.021975053474307,watch,user3,walk
1763575512136348416,0.0921770334243774,0.0918656587600708,0.005449891090393,-0.9824223518371582,-0.052382044494152,-0.0167638193815946,watch,user3,walk
1763575512146346496,0.1267557740211486,0.0827075839042663,-0.0165327489376068,-0.959129273891449,-0.0909456834197044,-0.0455567203462123,watch,user3,walk
1763575512156345600,0.1325161457061767,0.0644505470991134,-0.0362376570701599,-0.9592459201812744,-0.1332856863737106,-0.0667938292026519,watch,user3,walk
1763575512166344704,0.1081697940826416,0.0411434322595596,-0.056197315454483,-0.9862997531890868,-0.166761964559555,-0.0830811932682991,watch,user3,walk
1763575512176343552,0.0713869929313659,0.0202037841081619,-0.0713591277599334,-1.0265406370162964,-0.198497787117958,-0.0916501805186271,watch,user3,walk
1763575512186342400,0.0356632471084594,0.0001660734415054,-0.0899535119533538,-1.0606684684753418,-0.2293834537267685,-0.0891790315508842,watch,user3,walk
1763575512196341504,0.0087712407112121,-0.0122388750314712,-0.1107063889503479,-1.0927011966705322,-0.2446098178625106,-0.0764291435480117,watch,user3,walk
1763575512206340608,-0.0130422115325927,-0.0284161567687988,-0.1168290078639984,-1.1109802722930908,-0.252301812171936,-0.0576526634395122,watch,user3,walk
1763575512216339712,-0.0335947275161743,-0.0434299558401107,-0.1209717690944671,-1.1348235607147217,-0.257720023393631,-0.0308085326105356,watch,user3,walk
1763575512226338560,-0.0583050847053527,-0.0569265037775039,-0.1230157017707824,-1.17105233669281,-0.2679358124732971,-0.0009604898514226,watch,user3,walk
1763575512236337408,-0.0780888199806213,-0.0720186978578567,-0.1224538683891296,-1.2268389463424685,-0.2766739130020141,0.0454224571585655,watch,user3,walk
1763575512246336512,-0.1011141538619995,-0.08836629986763,-0.1235559284687042,-1.2992149591445925,-0.2820245623588562,0.0916143208742141,watch,user3,walk
1763575512256335616,-0.1212760210037231,-0.1015743911266326,-0.122050940990448,-1.387834072113037,-0.2916241884231567,0.1507982760667801,watch,user3,walk
1763575512266334464,-0.1349593997001648,-0.1137764751911163,-0.1267626285552978,-1.4816253185272217,-0.3143046498298645,0.2126442641019821,watch,user3,walk
1763575512276333568,-0.1483151316642761,-0.1198565512895584,-0.1326622366905212,-1.5740114450454712,-0.3343739807605743,0.2827852964401245,watch,user3,walk
1763575512286332928,-0.160574734210968,-0.1187543421983718,-0.1386062800884246,-1.6561522483825684,-0.3392081260681152,0.3542290329933166,watch,user3,walk
1763575512296331008,-0.1706573963165283,-0.1127482503652572,-0.1443775594234466,-1.7186741828918457,-0.3392318487167358,0.4208956658840179,watch,user3,walk
1763575512306329856,-0.1761049032211303,-0.1079918146133422,-0.1453565955162048,-1.7516863346099854,-0.3361978828907013,0.482452243566513,watch,user3,walk
1763575512316328960,-0.1767706274986267,-0.097118079662323,-0.1369865834712982,-1.7702970504760742,-0.3261095583438873,0.5505061149597168,watch,user3,walk
1763575512326328064,-0.1711037755012512,-0.0887839049100875,-0.1173983812332153,-1.784388542175293,-0.3027341961860657,0.6244916319847107,watch,user3,walk
1763575512336326912,-0.1564668416976928,-0.0734351426362991,-0.095409482717514,-1.80568528175354,-0.2811852395534515,0.71546870470047,watch,user3,walk
1763575512346325760,-0.1342139244079589,-0.0551924556493759,-0.0772232115268707,-1.8131122589111328,-0.2608466446399688,0.8179382085800171,watch,user3,walk
1763575512356324864,-0.1136277318000793,-0.0350709110498428,-0.0654588937759399,-1.8123059272766116,-0.2246990352869033,0.9250489473342896,watch,user3,walk
1763575512366323968,-0.0989801287651062,-0.0156972259283065,-0.0639824569225311,-1.797533392906189,-0.1858895123004913,1.0283830165863037,watch,user3,walk
1763575512376323072,-0.0919077396392822,-0.0005283504724502,-0.0665799081325531,-1.7818686962127686,-0.1350359171628952,1.1184247732162476,watch,user3,walk
1763575512386321920,-0.089411973953247,0.0139082372188568,-0.0661903023719787,-1.7712293863296509,-0.0820897817611694,1.1865464448928833,watch,user3,walk
1763575512396321024,-0.0873949527740478,0.0298224240541458,-0.0609218478202819,-1.7674278020858765,-0.0438119024038314,1.249319076538086,watch,user3,walk
1763575512406319872,-0.0815688371658325,0.0510686784982681,-0.0550962388515472,-1.750560998916626,-0.0280116349458694,1.3132790327072144,watch,user3,walk
1763575512416318976,-0.0761589407920837,0.0730750560760498,-0.05534628033638,-1.7101352214813232,-0.0164234209805727,1.3696693181991575,watch,user3,walk
1763575512426317824,-0.0739758014678955,0.0982841253280639,-0.0546920895576477,-1.6485320329666138,0.006694414652884,1.4191327095031738,watch,user3,walk
1763575512436315904,-0.0726639628410339,0.1216287463903427,-0.0540550053119659,-1.5683696269989014,0.0427344404160976,1.4614924192428589,watch,user3,walk
1763575512446315008,-0.0677914023399353,0.146219253540039,-0.0509532392024993,-1.466801643371582,0.0822369307279586,1.4907253980636597,watch,user3,walk
1763575512456313856,-0.0589205622673034,0.1677999794483184,-0.0485565364360809,-1.3541570901870728,0.0995386913418769,1.5048326253890991,watch,user3,walk
1763575512466312960,-0.0533975362777709,0.1916281878948211,-0.0477054119110107,-1.226301193237305,0.1118656620383262,1.5097252130508425,watch,user3,walk
1763575512476311808,-0.0446911454200744,0.21219302713871,-0.0583367049694061,-1.071315884590149,0.140765756368637,1.505801558494568,watch,user3,walk
1763575512486310912,-0.0423660278320312,0.2253507673740387,-0.066215306520462,-0.9152606725692748,0.1951953619718551,1.4942142963409424,watch,user3,walk
1763575512496310016,-0.047594130039215,0.2583011984825134,-0.0814965367317199,-0.7180703282356262,0.2607794106006622,1.4780710935592651,watch,user3,walk
1763575512506309120,-0.0511586666107177,0.2695353031158447,-0.0783483386039733,-0.7220451235771179,0.1785271614789962,1.3890749216079712,watch,user3,walk
1763575512516307968,-0.0391998887062072,0.2130622863769531,-0.0286176204681396,-0.704175591468811,0.1415667384862899,1.2610682249069214,watch,user3,walk
1763575512526306816,-0.031374454498291,0.2074443399906158,-0.0716858804225921,-0.8037352561950684,0.1756587624549865,1.2446480989456177,watch,user3,walk
1763575512536305920,-0.0187666416168212,0.2499754726886749,-0.0597808063030242,-0.8852221369743347,0.2232712805271148,1.2599601745605469,watch,user3,walk
1763575512546305024,-0.0123634934425354,0.2734221220016479,-0.0734771937131881,-0.8393257260322571,0.2572323679924011,1.1707136631011963,watch,user3,walk
1763575512556303872,-0.0245012044906616,0.2822873592376709,-0.0812361240386962,-0.7947632670402527,0.2491161078214645,1.050257444381714,watch,user3,walk
1763575512566302976,-0.0196984410285949,0.2935172021389007,-0.0655286312103271,-0.7739736437797546,0.2402899414300918,0.9307681322097778,watch,user3,walk
1763575512576302080,-0.0133024454116821,0.3001178801059723,-0.0628684610128402,-0.7733129262924194,0.2708358764648437,0.844688355922699,watch,user3,walk
1763575512586299904,0.000934898853302,0.3014609813690185,-0.0597880333662033,-0.7989856004714966,0.2668238282203674,0.7593364119529724,watch,user3,walk
1763575512596299008,0.0116686820983886,0.2954793274402618,-0.0587121546268463,-0.839452862739563,0.2428359240293502,0.6743160486221313,watch,user3,walk
1763575512606297856,0.0085386633872985,0.2937696874141693,-0.0681963562965393,-0.857835054397583,0.2299389541149139,0.5922732949256897,watch,user3,walk
1763575512616296960,-0.0002359747886657,0.3062239587306976,-0.0838162899017334,-0.8526163101196289,0.2344831079244613,0.5227376222610474,watch,user3,walk
1763575512626296064,-0.0017318725585937,0.3280893266201019,-0.1035786271095275,-0.7985740900039673,0.2549821734428406,0.4549612998962402,watch,user3,walk
1763575512636294912,0.0133358240127563,0.347486287355423,-0.1281715035438537,-0.6857228875160217,0.2768251299858093,0.3900347650051117,watch,user3,walk
1763575512646293760,0.0520327687263488,0.3711701035499573,-0.1540964245796203,-0.5615057349205017,0.2754593789577484,0.3305747807025909,watch,user3,walk
1763575512656292864,0.0989729166030883,0.3960252404212951,-0.178983673453331,-0.4320896863937378,0.2663532197475433,0.2690230011940002,watch,user3,walk
1763575512666291968,0.1368347406387329,0.4115864336490631,-0.2018508911132812,-0.3037421107292175,0.2448003739118576,0.2110935896635055,watch,user3,walk
1763575512676291072,0.1631876230239868,0.4155678451061249,-0.2274960130453109,-0.184522271156311,0.2085230499505996,0.157784029841423,watch,user3,walk
1763575512686289920,0.1755558848381042,0.4133777320384979,-0.2543863654136657,-0.06882806122303,0.1752538830041885,0.0896021649241447,watch,user3,walk
1763575512696289024,0.1752831935882568,0.4057906866073608,-0.269556313753128,0.033741720020771,0.1430224329233169,-0.001689929747954,watch,user3,walk
1763575512706287872,0.1763975024223327,0.3961430490016937,-0.2763382196426391,0.1200214773416519,0.1158600524067878,-0.1107671484351158,watch,user3,walk
1763575512716286976,0.1738139986991882,0.3848891854286194,-0.2763604521751404,0.1831229478120803,0.061892956495285,-0.2471710592508316,watch,user3,walk
1763575512726285056,0.1505993604660034,0.3629655241966247,-0.2711296379566192,0.2420832961797714,0.0109595563262701,-0.4180587828159332,watch,user3,walk
1763575512736283904,0.097798466682434,0.3307181298732757,-0.2620709538459778,0.3116357624530792,-0.0339562520384788,-0.5964348912239075,watch,user3,walk
1763575512746283008,0.0412933826446533,0.2926626801490783,-0.2551469802856445,0.3994449079036712,-0.0799207240343093,-0.7590696811676025,watch,user3,walk
1763575512756281856,-0.0019067525863647,0.25640669465065,-0.2457635998725891,0.4596544504165649,-0.11256655305624,-0.8951305747032166,watch,user3,walk
1763575512766280960,-0.0319052338600158,0.2194267362356186,-0.233460783958435,0.4429963827133178,-0.1440557837486267,-0.9831643104553224,watch,user3,walk
1763575512776279808,-0.0533788800239563,0.1775537133216858,-0.2160883247852325,0.3471353650093078,-0.222448319196701,-1.0622048377990725,watch,user3,walk
1763575512786278912,-0.0726163387298584,0.1308135092258453,-0.2003564834594726,0.2100156396627426,-0.3489027619361877,-1.1932672262191772,watch,user3,walk
1763575512796278016,-0.1019167900085449,0.0941838398575782,-0.1993980258703231,0.0856172516942024,-0.4523460566997528,-1.3504323959350586,watch,user3,walk
1763575512806277120,-0.1262393593788147,0.0715366899967193,-0.2048901915550232,-0.0115707227960228,-0.4998604655265808,-1.4791628122329712,watch,user3,walk
1763575512816275712,-0.1271683573722839,0.0637514889240264,-0.2009928822517395,-0.0614211037755012,-0.5197540521621704,-1.5632814168930054,watch,user3,walk
1763575512826274816,-0.1132341027259826,0.0632398277521133,-0.1883741617202758,-0.0656877532601356,-0.5528441071510315,-1.61468243598938,watch,user3,walk
1763575512836273920,-0.0901428461074829,0.0663707181811332,-0.1696721762418747,-0.0342704430222511,-0.6009700894355774,-1.6585649251937866,watch,user3,walk
1763575512846273024,-0.0601981282234191,0.0671194046735763,-0.1566055417060852,0.0272250529378652,-0.6435841917991638,-1.6934164762496948,watch,user3,walk
1763575512856271872,-0.0211485624313354,0.0611350387334823,-0.1422013938426971,0.1037491261959075,-0.6718086004257202,-1.7151556015014648,watch,user3,walk
1763575512866269952,0.0267501473426818,0.049457773566246,-0.1249528527259826,0.1791848838329315,-0.7009838223457336,-1.7178055047988892,watch,user3,walk
1763575512876268800,0.0775814056396484,0.0338418036699295,-0.102926105260849,0.2300339490175247,-0.7289635539054871,-1.7156474590301514,watch,user3,walk
1763575512886267904,0.1278262138366699,0.0072144418954849,-0.0745538771152496,0.3153311908245086,-0.855741560459137,-1.7539345026016235,watch,user3,walk
1763575512896267008,0.1718721389770507,-0.0419668853282928,-0.0228943526744842,0.1771040707826614,-0.8867122530937195,-1.7386956214904783,watch,user3,walk
1763575512906265856,0.2072322964668274,-0.0525453388690948,-0.0115360021591186,0.2264348715543747,-0.8881213068962097,-1.7422343492507937,watch,user3,walk
1763575512916264960,0.2214148640632629,-0.0520414113998413,0.0041744410991668,0.3436056971549988,-0.8987483978271484,-1.7375309467315674,watch,user3,walk
1763575512926264064,0.2171868085861206,0.0053345561027526,0.0116063058376312,0.4303251504898071,-0.813909649848938,-1.6446024179458618,watch,user3,walk
1763575512936262912,0.2005819678306579,-0.0121900737285614,0.0029200315475463,0.363236665725708,-0.686572790145874,-1.4849326610565186,watch,user3,walk
1763575512946261760,0.1823263168334961,-0.0692405700683593,0.0258926451206207,0.1618836224079132,-0.6971317529678345,-1.3777234554290771,watch,user3,walk
1763575512956260864,0.1555866599082946,-0.1606465578079223,0.0743077397346496,-0.1511914730072021,-0.7762302756309509,-1.3958297967910769,watch,user3,walk
1763575512966259968,0.1425038576126098,-0.1892221570014953,0.1071441769599914,-0.4437776505947113,-0.865729570388794,-1.3897513151168823,watch,user3,walk
1763575512976259072,0.1299064755439758,-0.182334303855896,0.1287786960601806,-0.6426904797554016,-0.9090527892112732,-1.447293996810913,watch,user3,walk
1763575512986257920,0.098751425743103,-0.1674697399139404,0.1302002966403961,-0.7624756097793579,-0.8529484868049622,-1.4063299894332886,watch,user3,walk
1763575512996257024,0.062979519367218,-0.1488203704357147,0.1307957172393798,-0.7648320198059082,-0.767932116985321,-1.2969839572906494,watch,user3,walk
1763575513006254848,0.0210223793983459,-0.1540190279483795,0.1410340368747711,-0.6968823075294495,-0.7017630934715271,-1.2293684482574463,watch,user3,walk
1763575513016253952,-0.0168421268463134,-0.172168493270874,0.157073825597763,-0.6134934425354004,-0.6544216275215149,-1.2119667530059814,watch,user3,walk
1763575513026253056,-0.0420310497283935,-0.1846817433834076,0.1743974387645721,-0.5592315196990967,-0.620654821395874,-1.180087327957153,watch,user3,walk
1763575513036251904,-0.0486576557159423,-0.1933666765689849,0.1963974833488464,-0.5058671236038208,-0.5814126133918762,-1.1197563409805298,watch,user3,walk
1763575513046251008,-0.0479024052619934,-0.200901448726654,0.2031336426734924,-0.4898308515548706,-0.5221853256225586,-1.044162631034851,watch,user3,walk
1763575513056249856,-0.0415313243865966,-0.2072391808032989,0.2054941654205322,-0.4707924425601959,-0.4554473161697387,-0.9394287467002868,watch,user3,walk
1763575513066248960,-0.0269761681556701,-0.2125664949417114,0.2099974155426025,-0.4426819682121277,-0.4076768457889557,-0.8288493752479553,watch,user3,walk
1763575513076247808,-0.0033999681472778,-0.2091889977455139,0.2042342722415924,-0.3852298855781555,-0.3678133189678192,-0.7293222546577454,watch,user3,walk
1763575513086246912,0.0205837488174438,-0.200135201215744,0.1929477453231811,-0.2720812261104584,-0.3434064984321594,-0.63597172498703,watch,user3,walk
1763575513096246016,0.0404918193817138,-0.1938225030899047,0.1849595308303833,-0.1328186839818954,-0.3193421959877014,-0.5366637706756592,watch,user3,walk
1763575513106245120,0.0541474223136901,-0.1853907704353332,0.181573212146759,0.0058658802881836,-0.2622848451137543,-0.4217173159122467,watch,user3,walk
1763575513116243712,0.0510078072547912,-0.1830627918243408,0.1801986098289489,0.1041809991002082,-0.1976174414157867,-0.3084879517555237,watch,user3,walk
1763575513126242816,0.0511725544929504,-0.1943394243717193,0.1960114240646362,0.1819006949663162,-0.1607193499803543,-0.1989699155092239,watch,user3,walk
1763575513136240896,0.0540240406990051,-0.2190612554550171,0.2080087065696716,0.1937858462333679,-0.1314003318548202,-0.1258198022842407,watch,user3,walk
1763575513146240000,0.0550379157066345,-0.2415106296539306,0.2177415490150451,0.1481294929981231,-0.1077423319220542,-0.0349053405225276,watch,user3,walk
1763575513156239104,0.055133581161499,-0.2557562589645386,0.2260529994964599,0.0575969405472278,-0.0770454034209251,0.0695377066731453,watch,user3,walk
1763575513166237952,0.0517797470092773,-0.2669658660888672,0.2247481346130371,-0.0198834259063005,-0.0453408248722553,0.1657218337059021,watch,user3,walk
1763575513176236800,0.0440994501113891,-0.2559530436992645,0.2178981304168701,-0.0996190011501312,-0.0073108826763927,0.2679526209831238,watch,user3,walk
1763575513186235904,0.0290653109550476,-0.2454386353492736,0.2108470797538757,-0.1615118831396103,0.0444864481687545,0.3555212616920471,watch,user3,walk
1763575513196235008,0.0182207226753234,-0.2342168092727661,0.1976645588874817,-0.2026731669902801,0.1030706614255905,0.4434481859207153,watch,user3,walk
1763575513206233856,0.0049238204956054,-0.2250645458698272,0.1821675896644592,-0.2280633896589279,0.1489338427782058,0.528769850730896,watch,user3,walk
1763575513216232960,-0.0030534267425537,-0.2131414115428924,0.166480153799057,-0.2292876541614532,0.1933734863996505,0.6118277311325073,watch,user3,walk
1763575513226232064,-0.0082135796546936,-0.2010619938373565,0.1455386877059936,-0.2073331177234649,0.2257807850837707,0.7000564932823181,watch,user3,walk
1763575513236230912,-0.0134044289588928,-0.1890766322612762,0.123465210199356,-0.1539354175329208,0.2603576779365539,0.7881722450256348,watch,user3,walk
1763575513246229760,-0.016129732131958,-0.1741506159305572,0.0954464077949523,-0.0737208724021911,0.2936682105064392,0.8663501739501953,watch,user3,walk
1763575513256228864,-0.0131471753120422,-0.1553345620632171,0.0699282586574554,0.0398230031132698,0.3249433040618896,0.9521303176879884,watch,user3,walk
1763575513266227968,0.0003385543823242,-0.1324844360351562,0.0430581867694854,0.1838747560977935,0.346600592136383,1.039189696311951,watch,user3,walk
1763575513276226048,0.0219330787658691,-0.1051089167594909,0.0163576304912567,0.3492269814014435,0.3586055934429168,1.1301711797714231,watch,user3,walk
1763575513286224896,0.0459803938865661,-0.0823041200637817,-0.0014950037002563,0.5263587832450867,0.3606713116168976,1.206406831741333,watch,user3,walk
1763575513296224000,0.0670925378799438,-0.0651078820228576,-0.0141230821609497,0.6881564855575562,0.363919049501419,1.2642022371292114,watch,user3,walk
1763575513306222848,0.0799950361251831,-0.0530818104743957,-0.0173427164554595,0.8062472939491272,0.370038092136383,1.311129093170166,watch,user3,walk
1763575513316221696,0.0902056097984314,-0.048646867275238,-0.0158604979515075,0.8714132905006409,0.3775372803211212,1.3482342958450315,watch,user3,walk
1763575513326220800,0.1069298386573791,-0.0488855242729187,-0.0213393568992614,0.8798007369041443,0.3753642141819,1.3867732286453247,watch,user3,walk
1763575513336219904,0.1254515647888183,-0.0552201271057128,-0.0236554145812988,0.8270115256309509,0.3716544508934021,1.4197407960891724,watch,user3,walk
1763575513346218752,0.1406874656677246,-0.0585067868232727,-0.0236449837684631,0.7225356101989746,0.3762367665767669,1.4401394128799438,watch,user3,walk
1763575513356217856,0.1524190306663513,-0.0593306124210357,-0.0238842964172363,0.5801635384559631,0.3818965256214142,1.4373302459716797,watch,user3,walk
1763575513366216960,0.1615602374076843,-0.0571880042552948,-0.0299623906612396,0.4249032437801361,0.3807962834835052,1.4266276359558103,watch,user3,walk
1763575513376215808,0.1749224662780761,-0.0462026000022888,-0.0366730093955993,0.2702827751636505,0.3673555850982666,1.4163012504577637,watch,user3,walk
1763575513386214656,0.1974139213562011,-0.0321798026561737,-0.042874127626419,0.1372575908899307,0.3568308651447296,1.3917094469070437,watch,user3,walk
1763575513396213760,0.22738116979599,-0.0139820575714111,-0.0496639311313629,0.0101744746789336,0.36236572265625,1.3578710556030271,watch,user3,walk
1763575513406211840,0.2614697217941284,0.0044445097446441,-0.0510651171207428,-0.0967922285199165,0.3783026933670044,1.3151746988296509,watch,user3,walk
1763575513416210944,0.2902633547782898,0.0226014107465744,-0.053825557231903,-0.1868195980787277,0.3632699251174927,1.266575813293457,watch,user3,walk
1763575513426210048,0.3024959564208984,0.0390069037675857,-0.067873477935791,-0.2734061181545257,0.3245096504688263,1.2182999849319458,watch,user3,walk
1763575513436208640,0.2797647714614868,0.0495229065418243,-0.08168625831604,-0.3628883063793182,0.2895223796367645,1.1587544679641724,watch,user3,walk
1763575513446207744,0.2267928123474121,0.0537123531103134,-0.0885587334632873,-0.4569356739521026,0.2788563370704651,1.0945329666137695,watch,user3,walk
1763575513456206848,0.1690006852149963,0.0573292970657348,-0.0840621292591095,-0.5652701258659363,0.2632914781570434,1.022396683692932,watch,user3,walk
1763575513466205952,0.1266742944717407,0.065012902021408,-0.069161981344223,-0.692919135093689,0.2265099585056305,0.9469659328460692,watch,user3,walk
1763575513476204800,0.1026955246925354,0.0692975223064422,-0.0522349178791046,-0.8334816098213196,0.1766190975904464,0.8651278018951416,watch,user3,walk
1763575513486203904,0.0776869058609008,0.0728741437196731,-0.036668837070465,-0.9652674198150636,0.1192820370197296,0.7929719090461731,watch,user3,walk
1763575513496203008,0.0484474301338195,0.0864925384521484,-0.0374147593975067,-1.0663188695907593,0.0980537161231041,0.7375328540802002,watch,user3,walk
1763575513506201856,0.0168775916099548,0.1160854548215866,-0.0517578125,-1.0813153982162476,0.0718105658888816,0.6585053205490112,watch,user3,walk
1763575513516200704,-0.0119319558143615,0.114687755703926,-0.0686621069908142,-1.0429372787475586,0.0463616661727428,0.5656774044036865,watch,user3,walk
1763575513526199808,-0.0393947958946228,0.117272138595581,-0.084506869316101,-1.005937576293945,0.0330273061990737,0.4710548520088196,watch,user3,walk
1763575513536197888,-0.0712273120880127,0.1249193549156189,-0.0761390626430511,-1.0210065841674805,-0.025867698714137,0.373551994562149,watch,user3,walk
1763575513546196992,-0.0991923213005065,0.1000092327594757,-0.0542803704738616,-1.0719093084335327,-0.1070383638143539,0.2848299741744995,watch,user3,walk
1763575513556195840,-0.1429353952407837,0.0826133489608764,-0.0370148718357086,-1.1519304513931274,-0.1704088151454925,0.2249208390712738,watch,user3,walk
1763575513566194688,-0.197148859500885,0.0695070773363113,-0.0225141942501068,-1.2235320806503296,-0.2234559506177902,0.1571188867092132,watch,user3,walk
1763575513576193792,-0.2474576830863952,0.0596870481967926,-0.0081577599048614,-1.277593970298767,-0.2605894804000854,0.0745148211717605,watch,user3,walk
1763575513586192896,-0.2758569717407226,0.0640937685966491,0.0026536285877227,-1.295825719833374,-0.2685155868530273,-0.0092102969065308,watch,user3,walk
1763575513596192000,-0.2748226523399353,0.0733465552330017,0.0082489550113677,-1.2579193115234375,-0.2522545754909515,-0.0872145518660545,watch,user3,walk
1763575513606190848,-0.2425072789192199,0.0765046030282974,0.0087655782699584,-1.1700578927993774,-0.2200031727552414,-0.1500698179006576,watch,user3,walk
1763575513616189696,-0.1800230741500854,0.08054019510746,0.0141670107841491,-1.062893629074097,-0.1943635791540146,-0.1946018636226654,watch,user3,walk
1763575513626188800,-0.1075099110603332,0.0823746919631958,0.0169622600078582,-0.9494685530662536,-0.188642680644989,-0.2347460240125656,watch,user3,walk
1763575513636187904,-0.0306657552719116,0.0813908129930496,0.0122356712818145,-0.8503550291061401,-0.1958167105913162,-0.2765483260154724,watch,user3,walk
1763575513646186752,0.0334089398384094,0.0770394653081893,0.0052925944328308,-0.7628200650215149,-0.1868802011013031,-0.3077549934387207,watch,user3,walk
1763575513656185856,0.0864397883415222,0.0649697631597518,0.0035593509674072,-0.7041887044906616,-0.1809615939855575,-0.3320153355598449,watch,user3,walk
1763575513666184960,0.1230244636535644,0.0518023669719696,0.0004497170448303,-0.6917701959609985,-0.185014396905899,-0.3450261950492859,watch,user3,walk
1763575513676182784,0.1320381760597229,0.0385926365852355,0.0020955502986907,-0.7182579636573792,-0.2034591883420944,-0.3495256006717682,watch,user3,walk
1763575513686181888,0.1106904745101928,0.0246753245592117,0.0052907168865203,-0.774225652217865,-0.2208291143178939,-0.3497631549835205,watch,user3,walk
1763575513696180736,0.0738030672073364,0.0159569531679153,0.00379079580307,-0.830937385559082,-0.2309304922819137,-0.3543610870838165,watch,user3,walk
1763575513706179840,0.0365316271781921,0.0081343203783035,-0.0020569562911987,-0.8793250918388367,-0.2282290607690811,-0.3564912676811218,watch,user3,walk
1763575513716178944,0.0037670731544494,-0.0008706599473953,-0.0064323246479034,-0.9163230657577516,-0.2098418027162552,-0.3617957532405853,watch,user3,walk
1763575513726178048,-0.0213399529457092,-0.0118167698383331,-0.0076615810394287,-0.930489420890808,-0.1867142021656036,-0.3685340285301208,watch,user3,walk
1763575513736176640,-0.0491923689842224,-0.023207664489746,-0.0068639814853668,-0.936031460762024,-0.175588846206665,-0.3759943544864654,watch,user3,walk
1763575513746175744,-0.0795426964759826,-0.0444999635219574,-0.0071185231208801,-0.9236250519752502,-0.1851744502782821,-0.4136300683021545,watch,user3,walk
1763575513756174848,-0.1099380850791931,-0.0724007189273834,-0.0129106640815734,-0.9417502880096436,-0.1568927466869354,-0.4022291004657745,watch,user3,walk
1763575513766173952,-0.1333007216453552,-0.0579369068145751,-0.0307236611843109,-0.9246111512184144,-0.1058439388871193,-0.3497852683067322,watch,user3,walk
1763575513776172800,-0.1510444283485412,-0.0522586703300476,-0.0477285981178283,-0.8842320442199707,-0.059174969792366,-0.3401323556900024,watch,user3,walk
1763575513786171904,-0.1607714295387268,-0.0749482810497284,-0.0583167076110839,-0.8856765627861023,-0.0113850748166441,-0.3480947017669678,watch,user3,walk
1763575513796169728,-0.1585736870765686,-0.1027133464813232,-0.0578709542751312,-0.9747936129570008,0.0408200733363628,-0.3430184423923492,watch,user3,walk
1763575513806168832,-0.1403160691261291,-0.1357708871364593,-0.0556926727294921,-1.1516644954681396,0.0767480656504631,-0.3192292749881744,watch,user3,walk
1763575513816167936,-0.112170398235321,-0.1608648300170898,-0.0450108647346496,-1.363743543624878,0.0666642785072326,-0.2792304754257202,watch,user3,walk
1763575513826166784,-0.0829672813415527,-0.1692435145378112,-0.0367211103439331,-1.549552321434021,0.0223165173083543,-0.2316970229148864,watch,user3,walk
1763575513836165888,-0.0625730752944946,-0.1627105176448822,-0.0415283739566803,-1.6645675897598269,-0.0276867300271987,-0.17583829164505,watch,user3,walk
1763575513846164992,-0.0455495119094848,-0.1398643255233764,-0.0578232705593109,-1.687735080718994,-0.0588148236274719,-0.1164608523249626,watch,user3,walk
1763575513856163840,-0.0344821214675903,-0.1067348718643188,-0.0790601372718811,-1.6137354373931885,-0.0669832676649093,-0.0482106953859329,watch,user3,walk
1763575513866162688,-0.0262389183044433,-0.0739610195159912,-0.1023096740245819,-1.447510838508606,-0.0663302615284919,0.0192168168723583,watch,user3,walk
1763575513876161792,-0.0191444158554077,-0.0436682999134063,-0.122051328420639,-1.226953148841858,-0.0734251886606216,0.0811779275536537,watch,user3,walk
1763575513886160896,-0.0157523155212402,-0.0210728645324707,-0.140143483877182,-0.975128412246704,-0.0819366499781608,0.1580913364887237,watch,user3,walk
1763575513896160000,-0.0216894149780273,-0.0097685754299163,-0.1512762904167175,-0.7590759992599487,-0.0788537785410881,0.2476097792387008,watch,user3,walk
1763575513906158848,-0.0362387299537658,-0.0155805349349975,-0.1594590842723846,-0.565380871295929,-0.0703127533197403,0.3238483667373657,watch,user3,walk
1763575513916157696,-0.0597500801086425,-0.0262856185436248,-0.16116663813591,-0.3988339304924011,-0.0626172795891761,0.3657553493976593,watch,user3,walk
1763575513926155776,-0.0821371078491211,-0.0353860259056091,-0.1652353405952453,-0.247220978140831,-0.0640529915690422,0.3776109218597412,watch,user3,walk
1763575513936154880,-0.0978218913078308,-0.0445132255554199,-0.16952845454216,-0.1288954317569732,-0.0619620531797409,0.4117227494716644,watch,user3,walk
1763575513946153984,-0.1063660979270935,-0.0498720109462738,-0.1732592582702636,-0.0472863316535949,-0.0497618503868579,0.4734634757041931,watch,user3,walk
1763575513956152832,-0.1149925589561462,-0.0580114126205444,-0.1710940301418304,-0.0116188814863562,-0.0273119304329156,0.5289030075073242,watch,user3,walk
1763575513966151680,-0.118557333946228,-0.0607934892177581,-0.1655031442642212,-0.0121119655668735,-0.014343136921525,0.567890465259552,watch,user3,walk
1763575513976150784,-0.1119223237037658,-0.0574662089347839,-0.1598348319530487,-0.0231931135058403,-0.0208734739571809,0.600256085395813,watch,user3,walk
1763575513986149888,-0.0959644317626953,-0.0517466068267822,-0.1526113152503967,-0.0402124859392643,-0.0348142348229885,0.6412904858589172,watch,user3,walk
1763575513996148736,-0.0794424414634704,-0.0419950485229492,-0.1413910984992981,-0.0655516684055328,-0.0473191067576408,0.691068708896637,watch,user3,walk
1763575514006147840,-0.0675008296966552,-0.0375716090202331,-0.1273361146450042,-0.1131458133459091,-0.0519812367856502,0.7426717877388,watch,user3,walk
1763575514016146944,-0.0617939233779907,-0.0325621366500854,-0.1146576106548309,-0.1933266669511795,-0.0582966543734073,0.7915525436401367,watch,user3,walk
1763575514026146048,-0.0571033358573913,-0.0272598266601562,-0.0976277291774749,-0.3014246821403503,-0.0563950724899768,0.8368216753005981,watch,user3,walk
1763575514036144640,-0.053637683391571,-0.0213829576969146,-0.0829000473022461,-0.4188703596591949,-0.0585274659097194,0.8720467686653137,watch,user3,walk
1763575514046143744,-0.0442004799842834,-0.0110031366348266,-0.0762552618980407,-0.5562877058982849,-0.0463914386928081,0.9043121337890624,watch,user3,walk
1763575514056141824,-0.0339618921279907,0.0029543489217758,-0.0690849125385284,-0.7134962677955627,-0.027038250118494,0.9196772575378418,watch,user3,walk
1763575514066140928,-0.0234608054161071,0.0129189193248748,-0.0657529830932617,-0.8840777277946472,-0.0106662008911371,0.932669162750244,watch,user3,walk
1763575514076140032,-0.0165989398956298,0.0253814607858657,-0.0590597689151763,-1.065099596977234,0.0023489347659051,0.9344859719276428,watch,user3,walk
1763575514086138624,-0.0118670463562011,0.0381812751293182,-0.0504128634929657,-1.2438770532608032,0.0053938161581754,0.9306135177612304,watch,user3,walk
1763575514096137728,-0.0116652846336364,0.053920492529869,-0.0497540533542633,-1.5022616386413574,0.006968542933464,0.947811722755432,watch,user3,walk
1763575514106136832,-0.0094738006591796,0.0923276096582412,-0.0168084949254989,-1.790768027305603,-0.078825369477272,0.9618801474571228,watch,user3,walk
1763575514116135936,-0.0050985813140869,0.0937646329402923,-0.01434788107872,-1.7399756908416748,-0.1061238348484039,0.9066597819328308,watch,user3,walk
1763575514126134784,-0.0214379429817199,0.1106209009885788,-0.0616324543952941,-1.635783314704895,-0.0360718704760074,0.8699991106987,watch,user3,walk
1763575514136133888,-0.0267137289047241,0.1722905039787292,-0.0640962421894073,-1.5097020864486694,0.0210297666490077,0.8529955744743347,watch,user3,walk
1763575514146132992,0.0023159384727478,0.2285928726196289,-0.0627424418926239,-1.2825652360916138,0.0412879921495914,0.8350188136100769,watch,user3,walk
1763575514156131840,0.0587114691734313,0.2623895704746246,-0.083787202835083,-0.9746397733688354,0.0873169973492622,0.825454592704773,watch,user3,walk
1763575514166130688,0.1348844170570373,0.2984252274036407,-0.1013532280921936,-0.6885377168655396,0.1252334862947464,0.8117294907569885,watch,user3,walk
1763575514176128768,0.2152137756347656,0.3345169425010681,-0.1060520410537719,-0.4657816290855407,0.1102393567562103,0.8060521483421326,watch,user3,walk
1763575514186127872,0.2890532612800598,0.3611060976982116,-0.1013944149017334,-0.275561660528183,0.0677194222807884,0.8083988428115845,watch,user3,walk
1763575514196126976,0.3263596892356872,0.3729690015316009,-0.1057963073253631,-0.0615212842822074,0.0344472154974937,0.784826934337616,watch,user3,walk
1763575514206125824,0.3240808248519897,0.3812252283096313,-0.0994902551174163,0.0987763777375221,0.0072763157077133,0.7415544986724854,watch,user3,walk
1763575514216124672,0.2939138412475586,0.3823432326316833,-0.0777090787887573,0.2119258493185043,-0.0087295491248369,0.6817215085029602,watch,user3,walk
1763575514226123776,0.2353137731552124,0.3740290403366089,-0.0586162805557251,0.2876545786857605,-0.0239730384200811,0.5796963572502136,watch,user3,walk
1763575514236122880,0.1575391888618469,0.3550201654434204,-0.0374757051467895,0.3612774014472961,-0.0235967356711626,0.4355213344097137,watch,user3,walk
1763575514246121984,0.0778257846832275,0.3383950591087341,-0.0229996442794799,0.4831428229808807,0.0086619583889842,0.2688010036945343,watch,user3,walk
1763575514256120832,0.0008797645568847,0.3302941918373108,-0.0171307325363159,0.6821475028991699,0.0393831208348274,0.0722860991954803,watch,user3,walk
1763575514266119680,-0.0661308765411377,0.3288139998912811,-0.0181459039449691,0.916082799434662,0.0468863099813461,-0.1277657747268676,watch,user3,walk
1763575514276118784,-0.1196087002754211,0.3139920234680176,-0.0234510749578475,1.114545226097107,0.0622394308447837,-0.2920921444892883,watch,user3,walk
1763575514286118144,-0.1540172100067138,0.2797509431838989,-0.0272015631198883,1.2323166131973269,0.0928461700677871,-0.4171228110790252,watch,user3,walk
1763575514296116224,-0.1799887418746948,0.2310975492000579,-0.0326210558414459,1.2861946821212769,0.1014841347932815,-0.5675171613693237,watch,user3,walk
1763575514306115072,-0.2066928744316101,0.1894354969263076,-0.0395433753728866,1.2805439233779907,0.0927356407046318,-0.7510908246040344,watch,user3,walk
1763575514316114176,-0.219290018081665,0.1695606559514999,-0.0439137071371078,1.2358697652816772,0.0682414844632148,-0.9357754588127136,watch,user3,walk
1763575514326113280,-0.2146825194358825,0.1651544421911239,-0.0413986146450042,1.1857502460479736,0.0411450676620006,-1.082703709602356,watch,user3,walk
1763575514336112384,-0.1887845993041992,0.1670202761888504,-0.0405318737030029,1.1567140817642212,0.0148913580924272,-1.1774570941925049,watch,user3,walk
1763575514346110976,-0.1505780816078186,0.166961133480072,-0.0331159830093383,1.1553219556808472,-0.0039883228018879,-1.2317863702774048,watch,user3,walk
1763575514356110080,-0.1031365990638732,0.1571690142154693,-0.0155835747718811,1.1650047302246094,-0.0279029756784439,-1.2633399963378906,watch,user3,walk
1763575514366109184,-0.0525077581405639,0.1446596682071685,0.0042645335197448,1.16840660572052,-0.0552178658545017,-1.2877147197723389,watch,user3,walk
1763575514376108288,0.0041201710700988,0.1321408748626709,0.0198508501052856,1.1652218103408811,-0.0901984870433807,-1.2973343133926392,watch,user3,walk
1763575514386107136,0.0691126585006713,0.1223180890083313,0.0306674242019653,1.1835005283355713,-0.1484776884317398,-1.3048619031906128,watch,user3,walk
1763575514396106240,0.1363998055458068,0.1046628057956695,0.0498654842376709,1.151302933692932,-0.2287006229162216,-1.329373121261597,watch,user3,walk
1763575514406105344,0.2082725167274475,0.0904031842947006,0.0648708939552307,1.0948652029037476,-0.2547888457775116,-1.3128437995910645,watch,user3,walk
1763575514416103168,0.2601490020751953,0.0914506167173385,0.0622037053108215,1.072338581085205,-0.2496058046817779,-1.282276630401611,watch,user3,walk
1763575514426102272,0.2767412662506103,0.0780878216028213,0.0810418725013732,1.0439454317092896,-0.2772512137889862,-1.275164246559143,watch,user3,walk
1763575514436101120,0.2707470059394836,0.0553982257843017,0.0942011177539825,0.9806233644485474,-0.3374210596084595,-1.2811778783798218,watch,user3,walk
1763575514446100224,0.2407718300819397,0.0300573706626892,0.1063438653945922,0.8998802900314331,-0.3771344721317291,-1.3210569620132446,watch,user3,walk
1763575514456099328,0.2048745155334472,-0.0056660771369934,0.118955373764038,0.8135613799095154,-0.4612951576709747,-1.388581395149231,watch,user3,walk
1763575514466098176,0.1878135800361633,-0.0002709925174713,0.1305268108844757,0.6696550846099854,-0.4365898072719574,-1.4123722314834597,watch,user3,walk
1763575514476097024,0.153522789478302,-0.0167407989501953,0.126997023820877,0.5260148048400879,-0.3451240956783294,-1.4357422590255735,watch,user3,walk
1763575514486096128,0.1190276145935058,-0.0624952912330627,0.1320967674255371,0.3699522912502289,-0.2813303470611572,-1.421092867851257,watch,user3,walk
1763575514496095232,0.0895487070083618,-0.0976442992687225,0.1465017795562744,0.2167374640703201,-0.2514954805374145,-1.416634202003479,watch,user3,walk
1763575514506094336,0.0551917552947998,-0.1156470477581024,0.1508814394474029,0.1134472861886024,-0.2394127398729324,-1.4586161375045776,watch,user3,walk
1763575514516093184,0.030220627784729,-0.1115576326847076,0.1567568778991699,0.113787904381752,-0.2391568124294281,-1.535489559173584,watch,user3,walk
1763575514526092032,0.0168247818946838,-0.102957397699356,0.1584267616271972,0.2112296968698501,-0.2575529515743255,-1.5545976161956787,watch,user3,walk
1763575514536090112,0.0110744833946228,-0.0914937555789947,0.1563730537891388,0.318409651517868,-0.22428660094738,-1.5236881971359253,watch,user3,walk
1763575514546089216,-0.0014904737472534,-0.10191610455513,0.1502662301063537,0.4310630559921264,-0.1718952059745788,-1.4941171407699585,watch,user3,walk
1763575514556088320,-0.0061407089233398,-0.119580864906311,0.15053790807724,0.5085251331329346,-0.1217058151960372,-1.4481043815612793,watch,user3,walk
1763575514566087168,-0.0056792497634887,-0.14314004778862,0.1569537818431854,0.526181161403656,-0.0784288272261619,-1.399428129196167,watch,user3,walk
1763575514576086016,0.0069369077682495,-0.1697657704353332,0.1693500578403473,0.4971276521682739,-0.0709123238921165,-1.376410961151123,watch,user3,walk
1763575514586085120,0.0242776870727539,-0.1969525218009948,0.1819935142993927,0.4597707390785217,-0.0922073125839233,-1.3663448095321655,watch,user3,walk
1763575514596084224,0.0464935302734375,-0.21099853515625,0.1891267299652099,0.4384934306144714,-0.1272300034761428,-1.3257914781570437,watch,user3,walk
1763575514606083072,0.0640338659286499,-0.2109693884849548,0.1937114000320434,0.4375918805599212,-0.1363991796970367,-1.2386705875396729,watch,user3,walk
1763575514616082176,0.0627931952476501,-0.2136119902133941,0.198464035987854,0.4434838593006134,-0.1245782151818275,-1.1386843919754028,watch,user3,walk
1763575514626081280,0.0560881495475769,-0.2236756086349487,0.1979847848415374,0.4320491254329681,-0.1051988303661346,-1.0428954362869265,watch,user3,walk
1763575514636080384,0.0480604767799377,-0.2359360158443451,0.1952085494995117,0.4007695019245147,-0.0931807830929756,-0.956482470035553,watch,user3,walk
1763575514646078208,0.0493649840354919,-0.2500066757202148,0.1893200278282165,0.3413951992988586,-0.0928482413291931,-0.8532542586326599,watch,user3,walk
1763575514656077056,0.0524439811706543,-0.2657077014446258,0.1881957650184631,0.2765424251556396,-0.0892785415053367,-0.7411823272705078,watch,user3,walk
1763575514666076160,0.0556432604789733,-0.2727358043193817,0.1928926706314087,0.2120418101549148,-0.0855407118797302,-0.63812655210495,watch,user3,walk
1763575514676075264,0.0562371611595153,-0.2755288481712341,0.1945526897907257,0.1292425394058227,-0.0818181335926055,-0.5366731286048889,watch,user3,walk
1763575514686074368,0.0545553565025329,-0.2789182960987091,0.188997209072113,0.0477247349917888,-0.0770547166466713,-0.4271042346954345,watch,user3,walk
1763575514696072960,0.0457226037979126,-0.2813786268234253,0.1782186627388,-0.0191554948687553,-0.0725390613079071,-0.3095903694629669,watch,user3,walk
1763575514706072064,0.0325912237167358,-0.2808670699596405,0.162795603275299,-0.0575871281325817,-0.065141424536705,-0.1889571547508239,watch,user3,walk
1763575514716071168,0.0164350867271423,-0.2735484540462494,0.1472721993923187,-0.0725753977894783,-0.031032457947731,-0.0574888810515403,watch,user3,walk
1763575514726070272,0.0020645260810852,-0.2619397640228271,0.1310532391071319,-0.0563458278775215,0.0046847937628626,0.0618905089795589,watch,user3,walk
1763575514736069120,0.0047443509101867,-0.2509627938270569,0.1119940280914306,-0.005253882613033,0.0397967100143432,0.1819870918989181,watch,user3,walk
1763575514746068224,0.0220122337341308,-0.2397011220455169,0.0943538844585418,0.0709729343652725,0.0596290901303291,0.2958860397338867,watch,user3,walk
1763575514756067328,0.0536412596702575,-0.231440782546997,0.0822649896144867,0.1582865417003631,0.0715834870934486,0.4078085720539093,watch,user3,walk
1763575514766065152,0.0837202072143554,-0.226021409034729,0.0737182199954986,0.2236982434988021,0.0722693428397178,0.5162343978881836,watch,user3,walk
1763575514776064256,0.1054480075836181,-0.2227002382278442,0.0755810439586639,0.2696777284145355,0.070520706474781,0.6283609867095947,watch,user3,walk
1763575514786063104,0.1193208694458007,-0.2167942523956298,0.0791380703449249,0.3062820732593536,0.0560621432960033,0.7252330780029297,watch,user3,walk
1763575514796062208,0.1312099695205688,-0.2122024297714233,0.0750393271446228,0.3333155512809753,0.0380919314920902,0.7966686487197876,watch,user3,walk
1763575514806061312,0.145330011844635,-0.2029911577701568,0.0704336166381836,0.3530944883823395,0.0245320908725261,0.8511784672737122,watch,user3,walk
1763575514816060160,0.1577276587486267,-0.1946498155593872,0.0652646422386169,0.3635034561157226,0.0160073116421699,0.9049146771430968,watch,user3,walk
1763575514826059008,0.1680179238319397,-0.187952309846878,0.0580342710018157,0.354813665151596,0.0155282979831099,0.9537486433982848,watch,user3,walk
1763575514836058112,0.1704044938087463,-0.1888514757156372,0.0526356995105743,0.3139418661594391,0.0253926459699869,0.9931759238243104,watch,user3,walk
1763575514846057216,0.168509304523468,-0.1949453949928283,0.051249086856842,0.2470274865627288,0.0386675260961055,1.026740312576294,watch,user3,walk
1763575514856056320,0.1745971441268921,-0.2039490938186645,0.0541810095310211,0.1460787802934646,0.0666658729314804,1.0552388429641724,watch,user3,walk
1763575514866055168,0.187599241733551,-0.2068717777729034,0.0624319612979888,0.0077781188301742,0.0956198498606681,1.0871957540512085,watch,user3,walk
1763575514876054016,0.2028770446777343,-0.2062179744243621,0.0686097145080566,-0.1547593921422958,0.1190940216183662,1.1203864812850952,watch,user3,walk
1763575514886052096,0.2133644819259643,-0.2036350071430206,0.0677351057529449,-0.3242685794830322,0.133590742945671,1.1447840929031372,watch,user3,walk
1763575514896051200,0.2049989700317382,-0.2001477181911468,0.0613666176795959,-0.4969758987426758,0.1360560357570648,1.1625852584838867,watch,user3,walk
1763575514906050304,0.1821406483650207,-0.1917959749698639,0.0541176795959472,-0.6564831733703613,0.1499572992324829,1.1899521350860596,watch,user3,walk
1763575514916049152,0.1564989686012268,-0.1717834174633026,0.0461576879024505,-0.7730745077133179,0.1641005426645279,1.2238022089004517,watch,user3,walk
1763575514926048256,0.1406921744346618,-0.147946298122406,0.033454954624176,-0.8518943786621094,0.1792550981044769,1.26129412651062,watch,user3,walk
1763575514936047104,0.1409876346588134,-0.1157457828521728,0.0335019826889038,-0.9055323004722596,0.1938018202781677,1.2927112579345703,watch,user3,walk
1763575514946046208,0.1462425589561462,-0.0909303426742553,0.0370998680591583,-0.9389792084693908,0.1967604905366897,1.3233282566070557,watch,user3,walk
1763575514956045056,0.1408402323722839,-0.0692692399024963,0.0386270582675933,-0.9625452756881714,0.1835368275642395,1.3534371852874756,watch,user3,walk
1763575514966044160,0.1231455206871032,-0.0535627007484436,0.0376195609569549,-0.9717589616775512,0.1535950899124145,1.3868969678878784,watch,user3,walk
1763575514976043264,0.1049666404724121,-0.0356374084949493,0.0228082537651062,-0.9629268646240234,0.1173382848501205,1.418476939201355,watch,user3,walk
1763575514986042368,0.0810105800628662,-0.0168646574020385,0.007460594177246,-0.9414569139480592,0.0986159965395927,1.4449849128723145,watch,user3,walk
1763575514996040192,0.0597509145736694,-0.0040808320045471,0.0021859407424926,-0.9251341819763184,0.0914004296064376,1.460621356964111,watch,user3,walk
1763575515006039040,0.045270025730133,0.0084947943687438,0.0086311101913452,-0.9345898628234864,0.0741924047470092,1.4679503440856934,watch,user3,walk
1763575515016038144,0.0362184643745422,0.0186497867107391,0.019732654094696,-0.9720965027809144,0.0562008917331695,1.474766969680786,watch,user3,walk
1763575515026037248,0.0197222828865051,0.0424040257930755,0.0143023431301116,-1.0001945495605469,0.0602661184966564,1.4560669660568235,watch,user3,walk
1763575515036036352,-0.0058218240737915,0.0806574821472168,0.0198115110397338,-1.093588948249817,-0.0273830387741327,1.4093700647354126,watch,user3,walk
1763575515046034944,-0.0045787096023559,0.0572499483823776,0.0349963009357452,-1.1436001062393188,-0.1013931781053543,1.3374390602111816,watch,user3,walk
1763575515056034048,-0.0101250410079956,0.026395708322525,0.0168796479701995,-1.2669047117233276,-0.1253333836793899,1.312233328819275,watch,user3,walk
1763575515066033152,-0.0277299284934997,0.0447522401809692,0.0340289771556854,-1.42788827419281,-0.1512262374162674,1.2474911212921145,watch,user3,walk
1763575515076032256,-0.0426839590072631,0.0581485927104949,0.0610255599021911,-1.558284044265747,-0.188869759440422,1.1535624265670776,watch,user3,walk
1763575515086031104,-0.0451842546463012,0.0622342824935913,0.0782985091209411,-1.614968180656433,-0.2083237916231155,1.053282618522644,watch,user3,walk
1763575515096030208,-0.0476840734481811,0.0669688582420349,0.0781431794166565,-1.5996549129486084,-0.177018865942955,0.969757914543152,watch,user3,walk
1763575515106028032,-0.0456264019012451,0.0765776634216308,0.0907517373561859,-1.6015352010726929,-0.1597543954849243,0.8815149068832397,watch,user3,walk
1763575515116027136,-0.0311455726623535,0.0853270143270492,0.1045239567756652,-1.586539387702942,-0.1496037542819976,0.8003012537956238,watch,user3,walk
1763575515126026240,-0.0138756036758422,0.0896431356668472,0.1038422882556915,-1.5606458187103271,-0.1339093893766403,0.7187939286231995,watch,user3,walk
1763575515136025088,0.0108745098114013,0.0993087291717529,0.0949407517910003,-1.5191806554794312,-0.12019944190979,0.6341400146484375,watch,user3,walk
1763575515146024192,0.0422630906105041,0.1119047403335571,0.0756836831569671,-1.4605610370635986,-0.0855826064944267,0.5562052130699158,watch,user3,walk
1763575515156023296,0.0759559273719787,0.1283420771360397,0.0534984171390533,-1.391145944595337,-0.0444879010319709,0.5137874484062195,watch,user3,walk
1763575515166022144,0.1082015633583068,0.142187014222145,0.0391843020915985,-1.3192167282104492,-0.0239575933665037,0.470512181520462,watch,user3,walk
1763575515176020992,0.1258594393730163,0.1474162638187408,0.0297370254993438,-1.2659175395965576,-0.0286034774035215,0.4289692640304565,watch,user3,walk
1763575515186020096,0.1194245815277099,0.1446148455142974,0.0256286859512329,-1.2478312253952026,-0.0494789332151412,0.3964862823486328,watch,user3,walk
1763575515196019200,0.0902157425880432,0.141315758228302,0.0170686542987823,-1.2216393947601318,-0.0627683699131012,0.3662444949150085,watch,user3,walk
1763575515206018304,0.048888087272644,0.1398015767335891,0.0039100348949432,-1.18419349193573,-0.0590909868478775,0.3334788680076599,watch,user3,walk
1763575515216016128,0.0128445625305175,0.1400354951620102,-0.0089702308177948,-1.1385087966918943,-0.0458201915025711,0.3019542396068573,watch,user3,walk
1763575515226014976,-0.0194423794746398,0.136224091053009,-0.0193383395671844,-1.0821905136108398,-0.0314891897141933,0.2733530104160309,watch,user3,walk
1763575515236014080,-0.0489209294319152,0.1236907243728637,-0.0203678309917449,-1.0288617610931396,-0.0301070101559162,0.2375774532556533,watch,user3,walk
1763575515246013184,-0.0786029696464538,0.106823906302452,-0.0261490046977996,-0.9778977632522584,-0.0365685485303401,0.1940192431211471,watch,user3,walk
1763575515256012288,-0.1072474718093872,0.0940661430358886,-0.0312256217002868,-0.9368051886558532,-0.0406037718057632,0.164627805352211,watch,user3,walk
1763575515266011136,-0.1280104517936706,0.0831672251224517,-0.0381940603256225,-0.9193234443664552,-0.0464900657534599,0.1257903277873993,watch,user3,walk
1763575515276010240,-0.1494197845458984,0.072535291314125,-0.041099339723587,-0.8994919657707214,-0.0440708473324775,0.0933762043714523,watch,user3,walk
1763575515286008320,-0.1548641324043274,0.0657799988985061,-0.0472607612609863,-0.8930429220199585,-0.0357056856155395,0.0743152871727943,watch,user3,walk
1763575515296007424,-0.149518072605133,0.0610203146934509,-0.0507903695106506,-0.8900668025016785,-0.0332148298621177,0.0693458318710327,watch,user3,walk
1763575515306006528,-0.1317362785339355,0.0611939281225204,-0.0570283532142639,-0.8864985704421997,-0.050107792019844,0.0731098800897598,watch,user3,walk
1763575515316005376,-0.1108849048614502,0.0611020028591156,-0.0659244656562805,-0.8774201273918152,-0.0752962306141853,0.0662338659167289,watch,user3,walk
1763575515326003456,-0.0994115471839904,0.0641888380050659,-0.0730360150337219,-0.858670711517334,-0.0860403999686241,0.0641651824116706,watch,user3,walk
1763575515336002304,-0.0930212140083313,0.0641329586505889,-0.0772389471530914,-0.852171003818512,-0.0941478610038757,0.0691351741552352,watch,user3,walk
1763575515346001408,-0.0946628451347351,0.0629408508539199,-0.078429490327835,-0.8576419353485107,-0.1008651554584503,0.0766221135854721,watch,user3,walk
1763575515356000512,-0.0961544513702392,0.05958953499794,-0.0790275335311889,-0.8597745895385742,-0.1075318455696106,0.0744460448622703,watch,user3,walk
1763575515365999360,-0.0961174964904785,0.0580870062112808,-0.0777051746845245,-0.8565875291824341,-0.1052712649106979,0.0759857594966888,watch,user3,walk
1763575515375998464,-0.0871450901031494,0.0565845966339111,-0.0806979537010192,-0.8346036672592163,-0.1011577546596527,0.0851441025733947,watch,user3,walk
1763575515385997568,-0.0735791325569152,0.0596688985824584,-0.090087816119194,-0.7845545411109924,-0.094502069056034,0.0929023548960685,watch,user3,walk
1763575515395996672,-0.0585113763809204,0.0643851906061172,-0.1025358438491821,-0.7205981612205505,-0.0833892300724983,0.0963894948363304,watch,user3,walk
1763575515405995264,-0.0491724610328674,0.0666226148605346,-0.1171365678310394,-0.6428377628326416,-0.0703366249799728,0.0980441197752952,watch,user3,walk
1763575515415994368,-0.0442432165145874,0.0665875524282455,-0.1252285242080688,-0.573926568031311,-0.0519946441054344,0.0989839434623718,watch,user3,walk
1763575515425993472,-0.0397287011146545,0.0682917237281799,-0.1319806277751922,-0.5152580142021179,-0.0458572097122669,0.1017316654324531,watch,user3,walk
1763575515435991552,-0.0322473049163818,0.0679884552955627,-0.1359435021877288,-0.4628166556358337,-0.041194811463356,0.1073623821139335,watch,user3,walk
1763575515445990656,-0.0223968029022216,0.0662124156951904,-0.1389001011848449,-0.4138567745685577,-0.0474368184804916,0.116855964064598,watch,user3,walk
1763575515455989248,-0.0168915390968322,0.0647622793912887,-0.1412693113088607,-0.3715657889842987,-0.0520696565508842,0.127007395029068,watch,user3,walk
1763575515465988352,-0.0126158595085144,0.0624701827764511,-0.1424624919891357,-0.3358767330646515,-0.064809501171112,0.1317088752985,watch,user3,walk
1763575515475987456,-0.011693000793457,0.057107537984848,-0.1430472135543823,-0.3119138777256012,-0.0722312033176422,0.1289604902267456,watch,user3,walk
1763575515485986560,-0.02007657289505,0.0527010262012481,-0.1372881829738617,-0.3009171783924103,-0.0784810185432434,0.1234306320548057,watch,user3,walk
1763575515495985408,-0.027143657207489,0.0476857125759124,-0.1272240281105041,-0.309380441904068,-0.0842986926436424,0.124335840344429,watch,user3,walk
1763575515505984512,-0.0380685329437255,0.0425695478916168,-0.1168969869613647,-0.3347251415252685,-0.0941658914089202,0.1248020231723785,watch,user3,walk
1763575515515983360,-0.0472320914268493,0.0385328531265258,-0.1066648066043853,-0.3801029920578003,-0.1059940531849861,0.1293408572673797,watch,user3,walk
1763575515525982464,-0.0520909428596496,0.0329354107379913,-0.0965741425752639,-0.4347400963306427,-0.1235403716564178,0.1277080029249191,watch,user3,walk
1763575515535980544,-0.0544911623001098,0.0321474969387054,-0.0877693742513656,-0.5002312064170837,-0.1442302167415619,0.128087505698204,watch,user3,walk
1763575515545979392,-0.0533170104026794,0.0351366102695465,-0.0836873054504394,-0.5615847706794739,-0.1623524874448776,0.1258731633424759,watch,user3,walk
1763575515555978496,-0.0513834953308105,0.0382895171642303,-0.0811341404914856,-0.6065412759780884,-0.1748973131179809,0.1257636994123459,watch,user3,walk
1763575515565977344,-0.0516057014465332,0.044571578502655,-0.078753113746643,-0.6414920687675476,-0.1792209446430206,0.1211267337203025,watch,user3,walk
1763575515575976448,-0.0532616972923278,0.0522737205028533,-0.0752265900373458,-0.6701628565788269,-0.1797226816415786,0.1169908419251442,watch,user3,walk
1763575515585975296,-0.0551468729972839,0.0586319267749786,-0.0694616585969924,-0.6846901178359985,-0.1781232804059982,0.1066662445664405,watch,user3,walk
1763575515595974400,-0.0566701889038085,0.0607113242149353,-0.0622556805610656,-0.6915831565856934,-0.1676069945096969,0.0939571037888526,watch,user3,walk
1763575515605973504,-0.0544851422309875,0.0606335997581481,-0.0515022277832031,-0.6808288097381592,-0.1536751091480255,0.0880382880568504,watch,user3,walk
1763575515615972608,-0.0390249490737915,0.0629212856292724,-0.0450213551521301,-0.6533998250961304,-0.1461213231086731,0.081845112144947,watch,user3,walk
1763575515625971456,-0.015956699848175,0.0683453232049942,-0.0443925857543945,-0.6123138070106506,-0.1415132582187652,0.0810843110084533,watch,user3,walk
1763575515635970304,0.0095122456550598,0.0742127150297164,-0.0486669540405273,-0.5566771626472473,-0.123129978775978,0.0812129452824592,watch,user3,walk
1763575515645968384,0.0384082794189453,0.0821186602115631,-0.0479524135589599,-0.4929654002189636,-0.1070927754044532,0.0881552696228027,watch,user3,walk
1763575515655967488,0.0690426230430603,0.0896039456129074,-0.0458517670631408,-0.4314943253993988,-0.0911636129021644,0.0993301570415496,watch,user3,walk
1763575515665966592,0.1025392413139343,0.0945179015398025,-0.0420184731483459,-0.3811424970626831,-0.0841748565435409,0.110865443944931,watch,user3,walk
1763575515675965440,0.1273527145385742,0.0939620733261108,-0.0344896912574768,-0.3496445119380951,-0.0812805369496345,0.1199966296553611,watch,user3,walk
1763575515685964288,0.1391023993492126,0.0925176292657852,-0.0274751484394073,-0.3400242626667022,-0.0861769393086433,0.1275452226400375,watch,user3,walk
1763575515695963392,0.1375026106834411,0.087835818529129,-0.0213461518287658,-0.3452310264110565,-0.0882568657398223,0.1238458231091499,watch,user3,walk
1763575515705962496,0.1224617362022399,0.0850906521081924,-0.0147452354431152,-0.3507727682590484,-0.0859309509396553,0.1089425683021545,watch,user3,walk
1763575515715961344,0.0999722480773925,0.0793167948722839,-0.0106993913650512,-0.3384034335613251,-0.0710683837532997,0.0703323259949684,watch,user3,walk
1763575515725960448,0.0753014683723449,0.0745532065629959,-0.0092703998088836,-0.304206520318985,-0.0517208687961101,0.0265107490122318,watch,user3,walk
1763575515735959552,0.0568932890892028,0.0746425986289978,-0.0086956620216369,-0.2641142308712005,-0.0274102054536342,-0.0260187722742557,watch,user3,walk
1763575515745958656,0.0440552234649658,0.0694461017847061,-0.0065392255783081,-0.220310091972351,-0.0140676777809858,-0.0735723823308944,watch,user3,walk
1763575515755956480,0.0395283102989196,0.062972143292427,-0.0114911198616027,-0.1834673881530761,-0.0123805645853281,-0.1248781755566597,watch,user3,walk
1763575515765955328,0.030187964439392,0.0545354336500167,-0.0218820571899414,-0.1571792662143707,-0.0070913494564592,-0.1831573992967605,watch,user3,walk
1763575515775954432,0.0151342749595642,0.0482601672410965,-0.0311959981918334,-0.1419009864330291,-0.0007351827807724,-0.2448798865079879,watch,user3,walk
1763575515785953536,-0.0023333430290222,0.0393414497375488,-0.0395688116550445,-0.1221267953515052,-0.0008160546422004,-0.306333065032959,watch,user3,walk
1763575515795952640,-0.0200821161270141,0.0326808393001556,-0.0455584824085235,-0.1085830256342887,-0.0137366466224193,-0.3643793165683746,watch,user3,walk
1763575515805951232,-0.0330568552017211,0.0250770598649978,-0.057551771402359,-0.076126329600811,-0.0457027442753315,-0.4176726937294006,watch,user3,walk
1763575515815950336,-0.040908932685852,0.0128176659345626,-0.0678426027297973,-0.0420003123581409,-0.0874280929565429,-0.4628268480300903,watch,user3,walk
1763575515825949440,-0.0429053902626037,-0.0027593374252319,-0.0788618922233581,-0.0149077968671917,-0.1480648964643478,-0.510177731513977,watch,user3,walk
1763575515835948544,-0.0372535586357116,-0.0229722708463668,-0.0978619307279586,-0.0178679004311561,-0.2093548774719238,-0.5651972889900208,watch,user3,walk
1763575515845947392,-0.0343979597091674,-0.0431807935237884,-0.0998320281505584,-0.0950760021805763,-0.2480072081089019,-0.6275569796562195,watch,user3,walk
1763575515855946496,-0.0355389714241027,-0.0717933773994445,-0.0591603815555572,-0.2413727641105651,-0.3134405314922333,-0.6892033219337463,watch,user3,walk
1763575515865944320,-0.0266383290290832,-0.1038250625133514,-0.0240358114242553,-0.4207237362861633,-0.4281061291694641,-0.7388211488723755,watch,user3,walk
1763575515875943424,-0.0124409794807434,-0.1260387599468231,-0.0150532126426696,-0.599545955657959,-0.5400875210762024,-0.7740777134895325,watch,user3,walk
1763575515885942528,0.0062432289123535,-0.1360617876052856,-0.022019475698471,-0.7256000638008118,-0.598719596862793,-0.791775107383728,watch,user3,walk
1763575515895941376,0.028489351272583,-0.1436176598072052,-0.0371238589286804,-0.7764603495597839,-0.6113795042037964,-0.7945250868797302,watch,user3,walk
1763575515905940480,0.0571601390838623,-0.142627865076065,-0.0565268099308013,-0.7538188695907593,-0.6171346306800842,-0.8025718927383423,watch,user3,walk
1763575515915939584,0.0833324193954467,-0.1457325220108032,-0.0588147938251495,-0.6739512085914612,-0.6449159383773804,-0.8558010458946228,watch,user3,walk
1763575515925938432,0.1177148818969726,-0.1474283635616302,-0.0608613491058349,-0.6855141520500183,-0.6217213869094849,-0.8638352751731873,watch,user3,walk
1763575515935937280,0.1463618874549865,-0.1303120851516723,-0.0625342428684234,-0.5963097214698792,-0.5798730254173279,-0.8324065208435059,watch,user3,walk
1763575515945936384,0.1661890149116516,-0.1413239538669586,-0.052889347076416,-0.4947598874568939,-0.5747171640396118,-0.8193065524101257,watch,user3,walk
1763575515955934464,0.1862161755561828,-0.1192978620529174,-0.0283347368240356,-0.4356419742107391,-0.607650876045227,-0.7964574098587036,watch,user3,walk
1763575515965933568,0.1944409608840942,-0.1370243728160858,-0.0154400467872619,-0.3699460029602051,-0.5923566818237305,-0.7565695643424988,watch,user3,walk
1763575515975932416,0.1862527728080749,-0.1602395176887512,-0.0129704177379608,-0.3643515110015869,-0.5787239670753479,-0.7468416094779968,watch,user3,walk
1763575515985931520,0.1653979420661926,-0.1896364986896515,-0.0004863142967224,-0.4224852919578552,-0.586669921875,-0.7524281144142151,watch,user3,walk
1763575515995930368,0.1459241509437561,-0.2028767466545105,0.019509881734848,-0.4885822832584381,-0.6178949475288391,-0.7238891124725342,watch,user3,walk
1763575516005929472,0.1305466294288635,-0.2144851684570312,0.0327956676483154,-0.5194423794746399,-0.6362924575805664,-0.7032273411750793,watch,user3,walk
1763575516015928576,0.110173761844635,-0.2253018021583557,0.0358801782131195,-0.5459334254264832,-0.6397122144699097,-0.6886172294616699,watch,user3,walk
1763575516025927424,0.0920202732086181,-0.2329355478286743,0.044982373714447,-0.5653594732284546,-0.6504069566726685,-0.6518710255622864,watch,user3,walk
1763575516035926272,0.0743031501770019,-0.242858350276947,0.0566544234752655,-0.596409797668457,-0.6556877493858337,-0.6015311479568481,watch,user3,walk
1763575516045925376,0.0560743808746337,-0.2508239448070526,0.0655986070632934,-0.6493270993232727,-0.6491804718971252,-0.542395830154419,watch,user3,walk
1763575516055924480,0.0467544794082641,-0.2598733007907867,0.0720918476581573,-0.6874670386314392,-0.6483354568481445,-0.4513064324855804,watch,user3,walk
1763575516065922560,0.0488744378089904,-0.2680307626724243,0.0813879966735839,-0.7271474003791809,-0.6526947617530823,-0.367262065410614,watch,user3,walk
1763575516075921408,0.0530892610549926,-0.2706192135810852,0.084970474243164,-0.7746962904930115,-0.644569993019104,-0.2760517299175262,watch,user3,walk
1763575516085920256,0.0621764063835144,-0.275157630443573,0.0821587443351745,-0.8183404803276062,-0.6490697860717773,-0.1898951977491378,watch,user3,walk
1763575516095919360,0.0763551592826843,-0.2850951254367828,0.0813453793525695,-0.8902311325073242,-0.6810287833213806,-0.0809130445122718,watch,user3,walk
1763575516105918464,0.0866383910179138,-0.2939024269580841,0.0809517502784729,-0.9820151925086976,-0.7225455045700073,0.0424371846020221,watch,user3,walk
1763575516115917568,0.0903487801551818,-0.3007263839244842,0.0811799764633178,-1.1091574430465698,-0.7693619728088379,0.1619806289672851,watch,user3,walk
1763575516125916416,0.0940188765525817,-0.3108192682266235,0.0894933640956878,-1.2583253383636477,-0.8287634253501892,0.2858032286167145,watch,user3,walk
1763575516135915520,0.0949891805648803,-0.3155559003353119,0.0995903313159942,-1.4392094612121582,-0.8746302723884583,0.4149649441242218,watch,user3,walk
1763575516145914624,0.0904934406280517,-0.3167342841625213,0.1102285087108612,-1.630219578742981,-0.901371955871582,0.5452765226364136,watch,user3,walk
1763575516155912448,0.0846360921859741,-0.3168818056583404,0.1289483904838562,-1.8276528120040891,-0.9213557839393616,0.6630175709724426,watch,user3,walk
1763575516165911552,0.0765355825424194,-0.3103874623775482,0.1488284468650818,-2.0315849781036377,-0.9513773918151855,0.783460795879364,watch,user3,walk
1763575516175910400,0.0712081789970398,-0.294994980096817,0.1603458821773529,-2.209883451461792,-0.9782870411872864,0.903228759765625,watch,user3,walk
1763575516185909504,0.0671706795692443,-0.2747576534748077,0.1587482988834381,-2.3192567825317383,-0.9889315366744996,1.0210877656936646,watch,user3,walk
1763575516195908608,0.0627381205558776,-0.2543866038322449,0.1362167000770568,-2.3458175659179688,-0.9616804718971252,1.1252741813659668,watch,user3,walk
1763575516205907456,0.0593617558479309,-0.2303831875324249,0.1160259544849395,-2.3183131217956543,-0.907029926776886,1.2222319841384888,watch,user3,walk
1763575516215906304,0.0608736872673034,-0.2067787051200866,0.100574642419815,-2.24832534790039,-0.8531858921051025,1.3071469068527222,watch,user3,walk
1763575516225905408,0.0698153376579284,-0.1851411759853363,0.0930591821670532,-2.139610290527344,-0.8125978708267212,1.37041974067688,watch,user3,walk
1763575516235904512,0.0763980746269226,-0.1605326235294342,0.0884175598621368,-2.0374796390533447,-0.7869631052017212,1.4380693435668943,watch,user3,walk
1763575516245903616,0.0820273756980896,-0.1456202864646911,0.0837242305278778,-1.9329423904418943,-0.7613739371299744,1.508466720581055,watch,user3,walk
1763575516255901440,0.0820598006248474,-0.1346406042575836,0.0739080607891082,-1.839685082435608,-0.7458879351615906,1.57448410987854,watch,user3,walk
1763575516265900288,0.0777408480644226,-0.1228937804698944,0.0730262398719787,-1.749364972114563,-0.7271608114242554,1.6301798820495603,watch,user3,walk
1763575516275899392,0.075627863407135,-0.1135376989841461,0.0739235877990722,-1.651865839958191,-0.7107285857200623,1.6733111143112185,watch,user3,walk
1763575516285898496,0.0834142565727233,-0.1002704203128814,0.0760870575904846,-1.5606038570404053,-0.6931516528129578,1.7196111679077148,watch,user3,walk
1763575516295897600,0.0954569578170776,-0.0861978828907013,0.0843486487865448,-1.476237654685974,-0.6757343411445618,1.7573667764663696,watch,user3,walk
1763575516305896448,0.1113929748535156,-0.0761058330535888,0.092766135931015,-1.3990625143051147,-0.6656162142753601,1.7851717472076416,watch,user3,walk
1763575516315895552,0.1260650753974914,-0.0663565397262573,0.1051091253757476,-1.345728874206543,-0.6570278406143188,1.798795461654663,watch,user3,walk
1763575516325894656,0.1321147084236145,-0.0562738478183746,0.1145495772361755,-1.3220313787460327,-0.6566761136054993,1.7943733930587769,watch,user3,walk
1763575516335893504,0.1321867108345031,-0.0501946210861206,0.1207384467124939,-1.3073956966400146,-0.6629582047462463,1.7792909145355225,watch,user3,walk
1763575516345892352,0.127872347831726,-0.0401275753974914,0.1220820844173431,-1.3172683715820312,-0.6733753681182861,1.7581795454025269,watch,user3,walk
1763575516355890432,0.1234024763107299,-0.0277291536331176,0.1234429478645324,-1.3400710821151731,-0.6802002787590027,1.7371453046798706,watch,user3,walk
1763575516365889536,0.1215241551399231,-0.0169006586074829,0.1251751482486724,-1.3695608377456665,-0.6842386722564697,1.7012265920639038,watch,user3,walk
1763575516375888640,0.1228426098823547,-0.0112105906009674,0.1331551074981689,-1.4252257347106934,-0.690573513507843,1.6507914066314695,watch,user3,walk
1763575516385887744,0.1204286813735961,-0.0100982785224914,0.1503144204616546,-1.5047063827514648,-0.7009823322296143,1.589302897453308,watch,user3,walk
1763575516395886336,0.1194093823432922,-0.0074635744094848,0.1701226830482483,-1.605271339416504,-0.7246386408805847,1.5483365058898926,watch,user3,walk
1763575516405885440,0.1246243119239807,-0.0016445517539978,0.182486742734909,-1.7002791166305542,-0.7482686042785645,1.5130071640014648,watch,user3,walk
1763575516415884544,0.1334409117698669,0.0136463642120361,0.1902098953723907,-1.7813100814819336,-0.761311411857605,1.488143801689148,watch,user3,walk
1763575516425883648,0.1452592015266418,0.0297661423683166,0.1895434856414795,-1.8460909128189087,-0.7692287564277649,1.4541579484939575,watch,user3,walk
1763575516435882496,0.1565572023391723,0.0412462204694747,0.1894272267818451,-1.909402012825012,-0.7632163763046265,1.4127076864242554,watch,user3,walk
1763575516445881600,0.1607993245124817,0.0567746609449386,0.1982778310775756,-1.9871606826782229,-0.7519112825393677,1.3608964681625366,watch,user3,walk
1763575516455879424,0.160466194152832,0.069881871342659,0.2066551744937896,-2.061845064163208,-0.7534633874893188,1.3243796825408936,watch,user3,walk
1763575516465878528,0.1537352800369262,0.0777577906847,0.2111293971538543,-2.151641368865967,-0.7686111330986023,1.296707034111023,watch,user3,walk
1763575516475877632,0.1296620965003967,0.082657366991043,0.2194104492664337,-2.2451539039611816,-0.785363495349884,1.271536946296692,watch,user3,walk
1763575516485876480,0.0937393903732299,0.0820985436439514,0.2182420492172241,-2.324209451675415,-0.7977154850959778,1.2403489351272583,watch,user3,walk
1763575516495875584,0.0632347464561462,0.0829972773790359,0.2127636969089508,-2.394082307815552,-0.7986705303192139,1.207871675491333,watch,user3,walk
1763575516505874688,0.039577841758728,0.0833858549594879,0.2086113691329956,-2.4623351097106934,-0.7867770195007324,1.1714715957641602,watch,user3,walk
1763575516515873536,0.0153660774230957,0.0829414725303649,0.2204203605651855,-2.516329288482666,-0.7446540594100952,1.1294714212417605,watch,user3,walk
1763575516525872384,-0.0039414167404174,0.0907595455646514,0.229758471250534,-2.559725046157837,-0.6891815662384033,1.1072349548339844,watch,user3,walk
1763575516535871488,-0.0135620832443237,0.1053983569145202,0.2357043027877807,-2.584284543991089,-0.6463715434074402,1.1074362993240356,watch,user3,walk
1763575516545870592,-0.0195205211639404,0.1202381551265716,0.233851671218872,-2.5677504539489746,-0.6075219511985779,1.1120859384536743,watch,user3,walk
1763575516555868672,-0.0247520804405212,0.1312824934720993,0.2182779908180236,-2.5088932514190674,-0.5635249614715576,1.1149879693984983,watch,user3,walk
1763575516565867520,-0.0277214050292968,0.145052820444107,0.2014143466949463,-2.4052321910858154,-0.5272023677825928,1.1046793460845947,watch,user3,walk
1763575516575866368,-0.0269997119903564,0.1599962711334228,0.18940269947052,-2.2591614723205566,-0.4653869271278381,1.121614694595337,watch,user3,walk
1763575516585865472,-0.0256862640380859,0.1908565461635589,0.1625752449035644,-2.0579679012298584,-0.3725351095199585,1.128881573677063,watch,user3,walk
1763575516595864576,-0.0397124886512756,0.2100315988063812,0.1515735983848571,-1.8310178518295288,-0.2881477773189544,1.102437973022461,watch,user3,walk
1763575516605863680,-0.0395705103874206,0.212068885564804,0.1418837606906891,-1.6026475429534912,-0.2439046800136566,1.065656065940857,watch,user3,walk
1763575516615862528,-0.0322245359420776,0.2131765037775039,0.128800094127655,-1.3946354389190674,-0.2043253183364868,1.0354957580566406,watch,user3,walk
1763575516625861632,-0.0267420411109924,0.2105653285980224,0.117879718542099,-1.225778341293335,-0.1534995138645172,1.0000395774841309,watch,user3,walk
1763575516635860480,-0.0209448337554931,0.2007375806570053,0.1040940880775451,-1.0806522369384766,-0.1160469502210617,0.956929326057434,watch,user3,walk
1763575516645858560,-0.0189937949180603,0.1914405822753906,0.0949414372444152,-0.9669424295425416,-0.1105559542775154,0.8877176642417908,watch,user3,walk
1763575516655857664,-0.0207712650299072,0.1818825751543045,0.0864218771457672,-0.8854944109916687,-0.1198980584740638,0.8139854073524475,watch,user3,walk
1763575516665856512,-0.0316658616065979,0.1706739962100982,0.0804602801799774,-0.8434051275253296,-0.1350552588701248,0.7388361692428589,watch,user3,walk
1763575516675855616,-0.0498498082160949,0.1549107581377029,0.0776830315589904,-0.8417174816131592,-0.1327108740806579,0.6683500409126282,watch,user3,walk
1763575516685854464,-0.07278972864151,0.1373928487300872,0.0780664086341857,-0.8953360915184021,-0.1179895475506782,0.5991706848144531,watch,user3,walk
1763575516695853568,-0.092896282672882,0.115125223994255,0.0845063030719757,-0.9942932724952698,-0.0997737944126129,0.5223067998886108,watch,user3,walk
1763575516705852416,-0.0974256992340087,0.092202603816986,0.0883348882198333,-1.1435766220092771,-0.0910232663154602,0.4566229879856109,watch,user3,walk
1763575516715851520,-0.0905942916870117,0.0743830949068069,0.0897331237792968,-1.3048245906829834,-0.092865377664566,0.4108379185199737,watch,user3,walk
1763575516725850624,-0.0779532194137573,0.0631508082151413,0.08689746260643,-1.4478422403335571,-0.0853154957294464,0.3675573468208313,watch,user3,walk
1763575516735849728,-0.0700333714485168,0.0604618489742279,0.0771737396717071,-1.5640015602111816,-0.0813322067260742,0.3320283889770508,watch,user3,walk
1763575516745847552,-0.0626369714736938,0.0635744333267211,0.0608298480510711,-1.6461182832717896,-0.070992924273014,0.2962753176689148,watch,user3,walk
1763575516755846400,-0.0666731595993042,0.0703336894512176,0.0490526854991912,-1.695419430732727,-0.0606113895773887,0.2687914967536926,watch,user3,walk
1763575516765845504,-0.0704270005226135,0.0787159949541091,0.0369529426097869,-1.7121115922927856,-0.0450747720897197,0.2612350583076477,watch,user3,walk
1763575516775844608,-0.0702642202377319,0.0848844796419143,0.0200154483318328,-1.6986876726150513,-0.0253418125212192,0.2636750340461731,watch,user3,walk
1763575516785843712,-0.065612256526947,0.0916954427957534,0.0074507594108581,-1.662311553955078,0.0017210505902767,0.2718946933746338,watch,user3,walk
1763575516795842560,-0.0673543810844421,0.0968339592218399,-0.0005172789096832,-1.6164034605026243,0.0262072179466485,0.2903375923633575,watch,user3,walk
1763575516805841408,-0.0637252926826477,0.1019131243228912,-0.0029341578483581,-1.5539259910583496,0.0484633445739746,0.3146924674510956,watch,user3,walk
1763575516815840512,-0.055416464805603,0.1065955609083175,-0.0106350779533386,-1.4907443523406982,0.0701374858617782,0.3507988154888153,watch,user3,walk
1763575516825839616,-0.0467498302459716,0.1061238348484039,-0.0144112706184387,-1.4273985624313354,0.0986064076423645,0.3855135142803192,watch,user3,walk
1763575516835837696,-0.0368600487709045,0.1051806658506393,-0.0193099975585937,-1.3738008737564087,0.1279195547103881,0.4284135699272156,watch,user3,walk
1763575516845836544,-0.029881477355957,0.1054432839155197,-0.0274859368801116,-1.327431559562683,0.1528627276420593,0.4720416069030761,watch,user3,walk
1763575516855835392,-0.0259538888931274,0.1035109609365463,-0.0382488369941711,-1.2959314584732056,0.1484285593032837,0.5146918296813965,watch,user3,walk
1763575516865834496,-0.025647222995758,0.0999947041273117,-0.0582161247730255,-1.2759932279586792,0.146196648478508,0.559086263179779,watch,user3,walk
1763575516875833600,-0.0386692881584167,0.0957016795873642,-0.0681294798851013,-1.279143214225769,0.159043475985527,0.6009601950645447,watch,user3,walk
1763575516885832448,-0.0570772886276245,0.0939894318580627,-0.0734689235687255,-1.2938262224197388,0.1603425592184066,0.6328003406524658,watch,user3,walk
1763575516895831552,-0.0727819204330444,0.0898432582616806,-0.08149915933609,-1.3207465410232544,0.1512161791324615,0.6552736759185791,watch,user3,walk
1763575516905830656,-0.0896968841552734,0.08618625998497,-0.0849753618240356,-1.3539553880691528,0.1401982307434082,0.6661134958267212,watch,user3,walk
1763575516915829504,-0.1041217446327209,0.0837359130382537,-0.0844738483428955,-1.3919237852096558,0.1389377564191818,0.6726150512695312,watch,user3,walk
1763575516925827584,-0.1124175190925598,0.0849334299564361,-0.0807350873947143,-1.425492525100708,0.1370919197797775,0.6681907773017883,watch,user3,walk
1763575516935826432,-0.1162459254264831,0.0920505970716476,-0.0786008536815643,-1.446744084358215,0.1317863762378692,0.6555692553520203,watch,user3,walk
1763575516945825536,-0.1104986071586608,0.1035484820604324,-0.0788127481937408,-1.442521095275879,0.1227306500077247,0.6380358338356018,watch,user3,walk
1763575516955824640,-0.0993000268936157,0.1129039078950882,-0.0829526484012603,-1.406735062599182,0.1098625212907791,0.6134191751480103,watch,user3,walk
1763575516965823744,-0.0876083970069885,0.1199910789728164,-0.0890049338340759,-1.354799509048462,0.1078305318951606,0.5836373567581177,watch,user3,walk
1763575516975822336,-0.075159728527069,0.126488447189331,-0.0962210595607757,-1.30015230178833,0.1104513481259346,0.5506309866905212,watch,user3,walk
1763575516985821440,-0.0644885301589965,0.1269414275884628,-0.0964688658714294,-1.252423644065857,0.106655903160572,0.5105478167533875,watch,user3,walk
1763575516995820544,-0.0529614686965942,0.1269401609897613,-0.0934401005506515,-1.2168747186660769,0.0965382829308509,0.4737556874752044,watch,user3,walk
1763575517005819648,-0.0419327020645141,0.1267545372247696,-0.0982452929019928,-1.2039979696273804,0.0861118286848068,0.4343668818473816,watch,user3,walk
1763575517015818496,-0.0358830690383911,0.1241406798362732,-0.0996755361557006,-1.2058994770050049,0.0806784480810165,0.3943680822849273,watch,user3,walk
1763575517025816320,-0.028525948524475,0.1197373270988464,-0.1021844148635864,-1.2202739715576172,0.0674672201275825,0.356294721364975,watch,user3,walk
1763575517035815424,-0.02255779504776,0.1155947595834732,-0.1056376546621322,-1.245591640472412,0.051211018115282,0.3250686228275299,watch,user3,walk
1763575517045814528,-0.0149260759353637,0.1154925823211669,-0.1101679503917694,-1.2727429866790771,0.0428294241428375,0.3005172610282898,watch,user3,walk
1763575517055813632,-0.0073875188827514,0.1148376762866973,-0.1139106154441833,-1.3017230033874512,0.0327914394438266,0.2807422280311584,watch,user3,walk
1763575517065812480,-0.0045468211174011,0.1117102205753326,-0.1169682592153549,-1.3337751626968384,0.0212825909256935,0.2649599313735962,watch,user3,walk
1763575517075811584,-0.0037809014320373,0.1108006685972213,-0.1153820157051086,-1.3614145517349243,0.0018449760973453,0.2509887218475342,watch,user3,walk
1763575517085810432,-0.0059139132499694,0.1097244620323181,-0.1112319231033325,-1.388660192489624,-0.0214423257857561,0.2474045753479004,watch,user3,walk
1763575517095809536,-0.009207546710968,0.11589977145195,-0.1109182685613632,-1.4055798053741455,-0.0397459641098976,0.2512248754501343,watch,user3,walk
1763575517105808384,-0.0127614140510559,0.1230966299772262,-0.1156654953956604,-1.396182656288147,-0.0441308580338954,0.2599717676639557,watch,user3,walk
1763575517115806464,-0.0176767706871032,0.1300031691789627,-0.1220092177391052,-1.365546941757202,-0.0446890592575073,0.2719972729682922,watch,user3,walk
1763575517125805568,-0.0162503123283386,0.1341215223073959,-0.1288433074951172,-1.323595643043518,-0.0531014539301395,0.2807571291923523,watch,user3,walk
1763575517135804672,-0.0167503952980041,0.1359873414039611,-0.1344622373580932,-1.2865053415298462,-0.0681624263525009,0.2864128947257995,watch,user3,walk
1763575517145803520,-0.0166454315185546,0.1362142413854599,-0.1353601664304733,-1.262935996055603,-0.0752356052398681,0.3006889820098877,watch,user3,walk
1763575517155802368,-0.0175702571868896,0.13577301800251,-0.1351645588874817,-1.252477765083313,-0.0806258395314216,0.324758917093277,watch,user3,walk
1763575517165801472,-0.0160371661186218,0.1369185596704483,-0.1317781209945678,-1.250983715057373,-0.0926430001854896,0.3459822237491607,watch,user3,walk
1763575517175800576,-0.0140436291694641,0.142424538731575,-0.1301949620246887,-1.2455670833587646,-0.1131464093923568,0.3707874417304992,watch,user3,walk
1763575517185799680,-0.0093162059783935,0.1466460824012756,-0.1337419748306274,-1.224299430847168,-0.1330232620239257,0.4012286365032196,watch,user3,walk
1763575517195798528,-0.0092533826828002,0.1526922732591629,-0.1404524445533752,-1.187907338142395,-0.1398414969444275,0.4289484322071075,watch,user3,walk
1763575517205797376,-0.012873351573944,0.164166048169136,-0.1457543671131134,-1.1270607709884644,-0.1343702971935272,0.4535298347473144,watch,user3,walk
1763575517215795456,-0.0092484951019287,0.1690473109483719,-0.1517009735107422,-1.053709626197815,-0.1247653439640998,0.4821324646472931,watch,user3,walk
1763575517225794560,0.0012743473052978,0.1774328052997589,-0.1530387997627258,-0.9887079000473022,-0.1227913126349449,0.5126281976699829,watch,user3,walk
1763575517235793664,0.0172098875045776,0.1852749288082122,-0.1518204659223556,-0.9310483336448668,-0.1236563101410865,0.5466614961624146,watch,user3,walk
1763575517245792512,0.034050703048706,0.1929617673158645,-0.1508827060461044,-0.8757152557373047,-0.1309096068143844,0.5853776335716248,watch,user3,walk
1763575517255791360,0.0400254726409912,0.2001960575580597,-0.1512739062309265,-0.8282044529914856,-0.137589082121849,0.6050391793251038,watch,user3,walk
1763575517265790464,0.0343523025512695,0.2092657387256622,-0.1468622088432312,-0.7747632265090942,-0.146415501832962,0.6278702020645142,watch,user3,walk
1763575517275789568,0.0338274836540222,0.2199691236019134,-0.1408047527074813,-0.7239565253257751,-0.14273501932621,0.6475014686584473,watch,user3,walk
1763575517285788416,0.0353273749351501,0.2284166514873504,-0.1401797384023666,-0.678474485874176,-0.1336395144462585,0.6572185158729553,watch,user3,walk
1763575517295787264,0.0485833287239074,0.2324289828538894,-0.1394860446453094,-0.6402376294136047,-0.1405221968889236,0.6310678720474243,watch,user3,walk
1763575517305785344,0.0709387063980102,0.2349611520767212,-0.140010267496109,-0.6020191311836243,-0.1621138602495193,0.5760647654533386,watch,user3,walk
1763575517315784192,0.0880074501037597,0.2411824762821197,-0.144446775317192,-0.5581768155097961,-0.1799501180648803,0.502070963382721,watch,user3,walk
1763575517325783296,0.0939576625823974,0.2475804686546325,-0.1491517424583435,-0.5125503540039062,-0.2002799063920974,0.4280521869659424,watch,user3,walk
1763575517335782400,0.0912668704986572,0.2559775710105896,-0.1481957733631134,-0.4498579204082489,-0.2224845439195633,0.3396858274936676,watch,user3,walk
1763575517345781248,0.0778047442436218,0.252348244190216,-0.1511369347572326,-0.3898812532424927,-0.2398188710212707,0.2371580004692077,watch,user3,walk
1763575517355780352,0.0571393370628356,0.243820920586586,-0.1421563327312469,-0.353472888469696,-0.2612919509410858,0.1140296757221221,watch,user3,walk
1763575517365779456,0.0348833203315734,0.2298028469085693,-0.1302634179592132,-0.3491762578487396,-0.2779545485973358,-0.0168719459325075,watch,user3,walk
1763575517375778560,0.0147072672843933,0.2110876441001892,-0.1140551418066024,-0.3676053583621979,-0.2924336194992065,-0.1434448063373565,watch,user3,walk
1763575517385776384,-0.0015761256217956,0.1864294409751892,-0.0992014706134796,-0.406370997428894,-0.3170934319496155,-0.2677045166492462,watch,user3,walk
1763575517395775232,-0.0105262398719787,0.1605400741100311,-0.0897915810346603,-0.459755390882492,-0.3536232113838196,-0.3798422217369079,watch,user3,walk
1763575517405774336,-0.0164794921875,0.1338926255702972,-0.0781872868537902,-0.5279642939567566,-0.3897901773452759,-0.4851456582546234,watch,user3,walk
1763575517415773440,-0.0208130478858947,0.1170776337385177,-0.0724035203456878,-0.6079038977622986,-0.42149618268013,-0.5843031406402588,watch,user3,walk
1763575517425772544,-0.0221585035324096,0.1061218827962875,-0.0695565938949585,-0.6671276092529297,-0.4502165913581848,-0.671106219291687,watch,user3,walk
1763575517435771136,-0.0172875523567199,0.1063915640115737,-0.0672585219144821,-0.6929144859313965,-0.4691042602062225,-0.7468529343605042,watch,user3,walk
1763575517445770240,-0.0053404569625854,0.1142886281013488,-0.0679949223995208,-0.6762139201164246,-0.4873229563236236,-0.809912383556366,watch,user3,walk
1763575517455769344,0.0087155699729919,0.1187076568603515,-0.0679588913917541,-0.6216697096824646,-0.4968749284744262,-0.8586660623550415,watch,user3,walk
1763575517465768448,0.0126566886901855,0.1124644130468368,-0.0624433159828186,-0.5636017322540283,-0.5014178156852722,-0.9080122709274292,watch,user3,walk
1763575517475766528,0.007051944732666,0.0989439189434051,-0.0541715919971466,-0.5029194355010986,-0.5096278190612793,-0.95397686958313,watch,user3,walk
1763575517485765120,-0.0075196623802185,0.0846621692180633,-0.0409818887710571,-0.4649841785430908,-0.5180058479309082,-0.994446873664856,watch,user3,walk
1763575517495764224,-0.0347605347633361,0.065359890460968,-0.02091845870018,-0.4314214289188385,-0.5173097252845764,-1.0291041135787964,watch,user3,walk
1763575517505763328,-0.061987280845642,0.0436576604843139,-0.0005526542663574,-0.4032193124294281,-0.5087038278579712,-1.0650864839553833,watch,user3,walk
1763575517515762432,-0.0884848237037658,0.0182480961084365,0.0187936127185821,-0.3984828889369964,-0.5084209442138672,-1.0876972675323486,watch,user3,walk
1763575517525761280,-0.1000380516052246,0.0117236971855163,0.0378676950931549,-0.3604760766029358,-0.4874334633350372,-1.102912187576294,watch,user3,walk
1763575517535760384,-0.0967984199523925,0.0177078247070312,0.034835547208786,-0.2310703992843628,-0.4501121938228607,-1.107377529144287,watch,user3,walk
1763575517545759488,-0.0766345858573913,0.0274679064750671,0.0241219997406005,-0.0321205146610736,-0.4030337333679199,-1.099800944328308,watch,user3,walk
1763575517555758336,-0.0411074757575988,0.0333724021911621,0.0075019299983978,0.1985182762145996,-0.3453640341758728,-1.0905849933624268,watch,user3,walk
1763575517565756416,-0.0045093297958374,0.0308644771575927,0.0041698813438415,0.4140816926956177,-0.2653798758983612,-1.0473061800003052,watch,user3,walk
1763575517575755264,0.0345873236656188,0.0202692151069641,0.0170145332813262,0.5634293556213379,-0.2066955268383026,-0.9593765139579772,watch,user3,walk
1763575517585754368,0.0730232000350952,0.0075187981128692,0.039968192577362,0.6641967296600342,-0.2264719158411026,-0.8589866757392883,watch,user3,walk
1763575517595753472,0.1050184369087219,-0.0094334483146667,0.0719924867153167,0.7046064734458923,-0.2746231853961944,-0.7429426312446594,watch,user3,walk
1763575517605752320,0.1040172576904296,-0.0257515609264373,0.0914092659950256,0.7027595043182373,-0.2997632622718811,-0.6838890910148621,watch,user3,walk
1763575517615751168,0.089385986328125,-0.0467340648174285,0.1035372018814086,0.6812794804573059,-0.3114209771156311,-0.6740724444389343,watch,user3,walk
1763575517625750272,0.0774481892585754,-0.0547887682914733,0.1149983406066894,0.6275685429573059,-0.3200921416282654,-0.6421948671340942,watch,user3,walk
1763575517635749376,0.0734851956367492,-0.0654863715171814,0.1236042380332946,0.5546005964279175,-0.3334119319915771,-0.6027161478996277,watch,user3,walk
1763575517645748480,0.0626734495162963,-0.0838428735733032,0.1300935447216034,0.461834579706192,-0.3292110562324524,-0.5775200724601746,watch,user3,walk
1763575517655746304,0.0533851981163024,-0.1062049269676208,0.1434181928634643,0.3591284453868866,-0.3389302790164947,-0.5797909498214722,watch,user3,walk
1763575517665745152,0.0388110280036926,-0.127841830253601,0.1636929512023925,0.2350795269012451,-0.3283182680606842,-0.5679590702056885,watch,user3,walk
1763575517675744256,0.0197950005531311,-0.1380906403064727,0.1722877025604248,0.0579273961484432,-0.3002679944038391,-0.5368818640708923,watch,user3,walk
1763575517685743360,-0.00089693069458,-0.1479260623455047,0.1822393238544464,-0.1178842484951019,-0.2669252455234527,-0.4763514697551727,watch,user3,walk
1763575517695742464,-0.0057982206344604,-0.1568898856639862,0.1862104535102844,-0.24900683760643,-0.2433634400367736,-0.4491898715496063,watch,user3,walk
1763575517705741312,-0.0016339421272277,-0.1510455012321472,0.1852588951587677,-0.3540564179420471,-0.2159518003463745,-0.4156759083271026,watch,user3,walk
1763575517715740416,0.0121816396713256,-0.1319145560264587,0.1796334087848663,-0.4026234149932861,-0.189534842967987,-0.3748640418052673,watch,user3,walk
1763575517725739264,0.0201268792152404,-0.116026371717453,0.1717186272144317,-0.3983860313892364,-0.1625672280788421,-0.3257355988025665,watch,user3,walk
1763575517735738368,0.018782615661621,-0.1081702411174774,0.1569651067256927,-0.3524244129657745,-0.1259367763996124,-0.262978732585907,watch,user3,walk
1763575517745736448,0.0072425603866577,-0.1005850136280059,0.142879843711853,-0.2783719599246979,-0.0850853025913238,-0.1905759572982788,watch,user3,walk
1763575517755735296,-0.009273886680603,-0.096551775932312,0.1290279924869537,-0.1944610923528671,-0.047919824719429,-0.1237282156944274,watch,user3,walk
1763575517765734400,-0.0274252295494079,-0.0944308340549469,0.1179737448692321,-0.1162804886698722,-0.0160551965236663,-0.0581741780042648,watch,user3,walk
1763575517775733248,-0.0427063703536987,-0.0903386175632476,0.1108441948890686,-0.0439785979688167,0.0212002992630004,0.0090101854875683,watch,user3,walk
1763575517785732352,-0.0538923740386962,-0.0841438174247741,0.1119956672191619,0.0179993752390146,0.0525146350264549,0.0755489990115165,watch,user3,walk
1763575517795731200,-0.0593933463096618,-0.082356184720993,0.1102736890316009,0.0453159511089324,0.09166070073843,0.1501103192567825,watch,user3,walk
1763575517805730304,-0.0618910789489746,-0.0767294764518737,0.1060732305049896,0.0614420585334301,0.1322517991065979,0.2483900934457779,watch,user3,walk
1763575517815729408,-0.0612567663192749,-0.0693369209766388,0.0982745587825775,0.0828959494829177,0.1667914092540741,0.3513832986354828,watch,user3,walk
1763575517825727232,-0.0578463673591613,-0.0645069181919097,0.0900960266590118,0.1006369069218635,0.2082897573709488,0.4470285475254059,watch,user3,walk
1763575517835726336,-0.0492697358131408,-0.0613302290439605,0.0832018852233886,0.1200865060091018,0.236218586564064,0.5190188884735107,watch,user3,walk
1763575517845725184,-0.0377238988876342,-0.0551627576351165,0.0756111741065979,0.1218151673674583,0.2555467486381531,0.5707879066467285,watch,user3,walk
1763575517855724288,-0.0238357186317443,-0.0457034111022949,0.066211998462677,0.1172560974955558,0.2536681592464447,0.6077539324760437,watch,user3,walk
1763575517865723392,-0.0141117572784423,-0.033998042345047,0.0557270050048828,0.1118477508425712,0.2452842593193054,0.6370838284492493,watch,user3,walk
1763575517875722496,-0.0090184211730957,-0.0216970443725585,0.0451290607452392,0.1158086732029914,0.2414927184581756,0.655182421207428,watch,user3,walk
1763575517885721344,-0.0074525475502014,-0.006774753332138,0.0343321859836578,0.1369021087884903,0.2397233247756958,0.6728825569152832,watch,user3,walk
1763575517895720192,-0.0041562318801879,0.0111175179481506,0.0257084965705871,0.179882064461708,0.2346265614032745,0.6765829920768738,watch,user3,walk
1763575517905719296,0.0023049116134643,0.0251868069171905,0.0141640305519104,0.2387506067752838,0.2205695062875747,0.6584480404853821,watch,user3,walk
1763575517915717376,0.0056502819061279,0.0367746949195861,0.002844363451004,0.317664086818695,0.2007918059825897,0.629319429397583,watch,user3,walk
1763575517925716480,0.0136993527412414,0.0463844239711761,-0.0113102793693542,0.4105458259582519,0.1768161654472351,0.5992991328239441,watch,user3,walk
1763575517935715328,0.0310263037681579,0.0569369494915008,-0.0322442650794982,0.5190160870552063,0.1429775059223175,0.5655403733253479,watch,user3,walk
1763575517945714176,0.053813099861145,0.0626834034919738,-0.0538387596607208,0.6255080699920654,0.0922972857952117,0.5227978825569153,watch,user3,walk
1763575517955713280,0.0714634656906127,0.0622326135635376,-0.0747050344944,0.6988781094551086,0.0478033237159252,0.4590966403484344,watch,user3,walk
1763575517965712384,0.0730934739112854,0.0524027645587921,-0.0759068131446838,0.7047585248947144,0.0242690593004226,0.3980931043624878,watch,user3,walk
1763575517975711232,0.0679215788841247,0.0321395397186279,-0.0627931058406829,0.6494265198707581,-0.0036224937066435,0.3372859358787536,watch,user3,walk
1763575517985710336,0.0610703229904174,0.0083326697349548,-0.0471882820129394,0.5242630243301392,-0.0523924306035041,0.2845642566680908,watch,user3,walk
1763575517995709440,0.0572141408920288,-0.0136807411909103,-0.0331404507160186,0.3568527102470398,-0.1152262464165687,0.238634318113327,watch,user3,walk
1763575518005707264,0.0565701723098754,-0.0347613394260406,-0.0249346494674682,0.1783965975046157,-0.1804873645305633,0.2085043936967849,watch,user3,walk
1763575518015706368,0.0551308393478393,-0.0492636412382125,-0.0267652869224548,0.0105862887576222,-0.2304544001817703,0.1950519680976867,watch,user3,walk
1763575518025705216,0.0591428279876709,-0.0519022941589355,-0.0356068611145019,-0.1402288377285003,-0.2559293210506439,0.1900287866592407,watch,user3,walk
1763575518035704320,0.0811973214149475,-0.0431786030530929,-0.0402532219886779,-0.263094812631607,-0.2684072852134704,0.1881174147129058,watch,user3,walk
1763575518045703424,0.127058744430542,-0.0283429026603698,-0.0418468415737152,-0.3483957648277282,-0.2681697309017181,0.2041925936937332,watch,user3,walk
1763575518055702272,0.1931203603744506,-0.0089193284511566,-0.0416885614395141,-0.4110016226768493,-0.2611240744590759,0.2348458468914032,watch,user3,walk
1763575518065701120,0.2656131386756897,0.012648582458496,-0.0362752974033355,-0.4746974110603332,-0.2417849004268646,0.274794727563858,watch,user3,walk
1763575518075700224,0.3221744894981384,0.0258209407329559,-0.0341169238090515,-0.5660739541053772,-0.2305594086647033,0.3259620368480682,watch,user3,walk
1763575518085698304,0.3318887948989868,0.0289210677146911,-0.0329208374023437,-0.6739214062690735,-0.2335758060216903,0.3836189210414886,watch,user3,walk
1763575518095697408,0.2908850908279419,0.0286664217710495,-0.0463646650314331,-0.7704492807388306,-0.2397466152906417,0.4526723027229309,watch,user3,walk
1763575518105696512,0.2210114002227783,0.0339138507843017,-0.0678346753120422,-0.8416317701339722,-0.2376129627227783,0.502895176410675,watch,user3,walk
1763575518115695360,0.1526415348052978,0.0492560416460037,-0.0903279185295105,-0.8665001392364502,-0.2297406643629074,0.5349178314208984,watch,user3,walk
1763575518125694208,0.0996394753456115,0.0700031518936157,-0.1082542836666107,-0.8454890847206116,-0.2177649736404419,0.5551473498344421,watch,user3,walk
1763575518135693312,0.0598204731941223,0.0905719548463821,-0.1222214996814727,-0.7888708114624023,-0.2011359184980392,0.5716919898986816,watch,user3,walk
1763575518145692416,0.0145468115806579,0.1029255986213684,-0.126658022403717,-0.7088381052017212,-0.1959628164768219,0.5772553086280823,watch,user3,walk
1763575518155691264,-0.0382760167121887,0.1054134517908096,-0.1241825222969055,-0.6177611947059631,-0.2076580971479416,0.5717191696166992,watch,user3,walk
1763575518165690368,-0.0984335541725158,0.1029516011476516,-0.1264147758483886,-0.5160008072853088,-0.2370258420705795,0.5466623902320862,watch,user3,walk
1763575518175688192,-0.1688783764839172,0.0927396416664123,-0.1270890831947326,-0.4233696162700653,-0.2702357172966003,0.5043995976448059,watch,user3,walk
1763575518185687296,-0.234808087348938,0.083005204796791,-0.1201901137828826,-0.3478417694568634,-0.2855826318264007,0.4358091056346893,watch,user3,walk
1763575518195686400,-0.2928017973899841,0.0749707818031311,-0.1023725569248199,-0.2834521234035492,-0.2922844588756561,0.341495931148529,watch,user3,walk
1763575518205685504,-0.3314248323440552,0.0693294703960418,-0.080521672964096,-0.1959379017353058,-0.2848075628280639,0.2379989624023437,watch,user3,walk
1763575518215684352,-0.3429569005966186,0.0660140812397003,-0.0579403042793273,-0.0813599228858947,-0.2671020627021789,0.1507236957550048,watch,user3,walk
1763575518225683200,-0.3242524862289428,0.0602587163448333,-0.0374318957328796,0.0731983184814453,-0.2467399984598159,0.0806384980678558,watch,user3,walk
1763575518235682304,-0.2790948152542114,0.0539751201868057,-0.0214734375476837,0.2362649887800216,-0.2201344817876815,0.0302288550883531,watch,user3,walk
1763575518245681408,-0.2179553508758545,0.0473486334085464,0.0006460547447204,0.3684906959533691,-0.2109236568212509,-0.0199846476316452,watch,user3,walk
1763575518255679488,-0.1505370140075683,0.0426855683326721,0.0188352763652801,0.4513245820999145,-0.2319905906915664,-0.0696355625987052,watch,user3,walk
1763575518265678336,-0.0795550346374511,0.0374126285314559,0.024907648563385,0.4684649109840393,-0.2628533542156219,-0.1139205321669578,watch,user3,walk
1763575518275677440,-0.0208078026771545,0.0326059013605117,0.0314509868621826,0.4149281680583954,-0.2831410467624664,-0.1477972716093063,watch,user3,walk
1763575518285675776,0.0295473337173461,0.0232008546590805,0.0439193844795227,0.3011305630207062,-0.2972734570503235,-0.1697982549667358,watch,user3,walk
1763575518295674880,0.0677408576011657,0.0128964036703109,0.0568355917930603,0.1416210532188415,-0.3155848383903503,-0.1803949624300003,watch,user3,walk
1763575518305673728,0.0934609174728393,0.0034342259168624,0.0692647099494934,-0.0471280068159103,-0.3327919542789459,-0.186168298125267,watch,user3,walk
1763575518315672832,0.0912860631942749,-0.004557266831398,0.0836473405361175,-0.2363525331020355,-0.353327065706253,-0.1937801539897918,watch,user3,walk
1763575518325671680,0.0657283663749694,-0.0053021609783172,0.0896172523498535,-0.3934076130390167,-0.3595370948314667,-0.2073648571968078,watch,user3,walk
1763575518335670784,0.0314896702766418,-0.0004995912313461,0.0828145742416381,-0.5041508674621582,-0.3440302908420563,-0.2255345433950424,watch,user3,walk
1763575518345668864,-0.0060338973999023,0.0107731521129608,0.0711787343025207,-0.5685979723930359,-0.3048038184642792,-0.2427347749471664,watch,user3,walk
1763575518355667712,-0.0369656085968017,0.0155406445264816,0.0644491314888,-0.589514434337616,-0.2558527886867523,-0.2602250576019287,watch,user3,walk
1763575518365666816,-0.0576357245445251,0.0148121416568756,0.0583845973014831,-0.5933654308319092,-0.2052569836378097,-0.2706564664840698,watch,user3,walk
1763575518375665920,-0.0750433802604675,0.0108872801065444,0.0594574511051178,-0.5822256803512573,-0.1683671474456787,-0.2792222499847412,watch,user3,walk
1763575518385664768,-0.0846851468086242,0.0059522241353988,0.057987093925476,-0.5142886638641357,-0.1571492850780487,-0.2843749523162842,watch,user3,walk
1763575518395663616,-0.0989965200424194,-0.001199260354042,0.0520598292350769,-0.457699179649353,-0.1279922127723693,-0.2796233296394348,watch,user3,walk
1763575518405662720,-0.1131407618522644,0.0145798325538635,0.039427638053894,-0.3868107795715332,-0.077419213950634,-0.2738693058490753,watch,user3,walk
1763575518415661824,-0.1340458393096923,0.0244427472352981,0.0199900865554809,-0.2017479985952377,-0.0317478738725185,-0.2628664672374725,watch,user3,walk
1763575518425659904,-0.1334465742111206,0.0404410064220428,-0.0170878767967224,0.0510268807411193,0.0240445528179407,-0.2548975646495819,watch,user3,walk
1763575518435658752,-0.113504946231842,0.059279978275299,-0.0518679022789001,0.387989729642868,0.0602366477251052,-0.2919775545597076,watch,user3,walk
1763575518445657856,-0.0899411439895629,0.0702658891677856,-0.0833268165588378,0.7642546892166138,0.09076739102602,-0.3295277059078216,watch,user3,walk
1763575518455656704,-0.0814704895019531,0.0781744420528411,-0.0997779965400695,1.1435534954071045,0.1265203356742859,-0.3537680804729461,watch,user3,walk
1763575518465655808,-0.0882015824317932,0.0630809664726257,-0.0928753912448883,1.4814279079437256,0.1750469356775283,-0.3643832504749298,watch,user3,walk
1763575518475654912,-0.0987858176231384,0.0286411494016647,-0.0676895976066589,1.735822677612305,0.2110789716243744,-0.3633294403553009,watch,user3,walk
1763575518485653760,-0.0985179543495178,-0.0182852894067764,-0.0310671329498291,1.8906954526901243,0.2146483212709427,-0.3466393947601318,watch,user3,walk
1763575518495652608,-0.086864948272705,-0.0671321153640747,0.0019361674785614,1.936519145965576,0.2171405106782913,-0.2995088994503021,watch,user3,walk
1763575518505650688,-0.0727409124374389,-0.1114164888858795,0.0267422497272491,1.8858580589294436,0.2168868035078048,-0.2181709110736847,watch,user3,walk
1763575518515649792,-0.0600785017013549,-0.1477436423301696,0.037904143333435,1.751616358757019,0.2182244956493377,-0.107053704559803,watch,user3,walk
1763575518525648896,-0.0507752299308776,-0.1659568846225738,0.035850703716278,1.5473839044570925,0.1986348330974578,0.0160411968827247,watch,user3,walk
1763575518535647744,-0.0444821119308471,-0.163324236869812,0.029352992773056,1.3018603324890137,0.1682191342115402,0.139054462313652,watch,user3,walk
1763575518545646592,-0.0368009805679321,-0.1444536447525024,0.016336441040039,1.045226812362671,0.1413714438676834,0.2584752738475799,watch,user3,walk
1763575518555645696,-0.0262967348098754,-0.117961511015892,0.0044505298137664,0.7912268042564392,0.1309667378664016,0.3636773526668548,watch,user3,walk
1763575518565644800,-0.0216777920722961,-0.0933425426483154,0.0019953846931457,0.5354800820350647,0.1280208379030227,0.4529326558113098,watch,user3,walk
1763575518575643904,-0.0210640430450439,-0.067431554198265,0.0019554495811462,0.3070404827594757,0.1188672930002212,0.5317347645759583,watch,user3,walk
1763575518585641984,-0.0230687856674194,-0.0327839106321334,0.0052837133407592,0.1478153765201568,0.1000183224678039,0.5993981957435608,watch,user3,walk
1763575518595640832,-0.030102252960205,-0.0028470307588577,0.0059758424758911,0.055829532444477,0.106829360127449,0.6624972224235535,watch,user3,walk
1763575518605639680,-0.0342465639114379,0.0209746062755584,0.0053694546222686,0.040825817734003,0.1303514689207077,0.71022629737854,watch,user3,walk
1763575518615638784,-0.0357164740562438,0.0488601475954055,-0.0013136863708496,0.0818281099200248,0.159948244690895,0.7465938925743103,watch,user3,walk
1763575518625637888,-0.0316125154495239,0.0750773251056671,-0.0038670897483825,0.1589286625385284,0.1795809715986251,0.7552549242973328,watch,user3,walk
1763575518635636736,-0.0297584533691406,0.099101722240448,-0.0040934979915618,0.2435689717531204,0.193245381116867,0.7657451033592224,watch,user3,walk
1763575518645635840,-0.0203251838684082,0.1203853338956832,-0.0048078894615173,0.337446391582489,0.2129092812538147,0.7789780497550964,watch,user3,walk
1763575518655634944,-0.0141201019287109,0.1314294040203094,-0.0036054551601409,0.4091887772083282,0.2464046627283096,0.7847632765769958,watch,user3,walk
1763575518665632768,-0.0079702138900756,0.141298234462738,-0.0026736855506896,0.4600278735160827,0.2892630696296692,0.7680290937423706,watch,user3,walk
1763575518675631872,-0.0037791728973388,0.1454013139009475,0.0020385086536407,0.4653747081756592,0.3161503374576568,0.7309456467628479,watch,user3,walk
1763575518685630720,-0.0032035112380981,0.149640291929245,0.0091097950935363,0.4432260990142822,0.3300918340682983,0.6947213411331177,watch,user3,walk
1763575518695629824,-0.0020027756690979,0.1589745879173278,0.0129490494728088,0.381147027015686,0.3344902992248535,0.6744278073310852,watch,user3,walk
1763575518705628928,-0.0047435760498046,0.1708267033100128,0.0157037377357482,0.3216479420661926,0.3377825915813446,0.6484775543212891,watch,user3,walk
1763575518715627776,-0.0081870555877685,0.1832604706287384,0.013606458902359,0.2748625874519348,0.3592838943004608,0.6161094903945923,watch,user3,walk
1763575518725626624,0.0005726218223571,0.2008666098117828,0.0125089585781097,0.2730087339878082,0.3717462420463562,0.5881170034408569,watch,user3,walk
1763575518735625728,0.0388535261154174,0.223259150981903,0.0050155520439147,0.3132286071777344,0.395596981048584,0.5820639133453369,watch,user3,walk
1763575518745624832,0.1054987907409668,0.2530660033226013,-0.0043411552906036,0.3863462805747986,0.4280593991279602,0.579030454158783,watch,user3,walk
1763575518755622912,0.1832102537155151,0.2772594094276428,-0.0168477296829223,0.470291256904602,0.4445550441741943,0.5452040433883667,watch,user3,walk
1763575518765622016,0.249856948852539,0.299242615699768,-0.0322689116001129,0.5457678437232971,0.4470994770526886,0.4973950386047363,watch,user3,walk
1763575518775620608,0.2866159081459045,0.324997067451477,-0.0436127185821533,0.5956680178642273,0.4405523836612701,0.4501449763774872,watch,user3,walk
1763575518785619712,0.2794863581657409,0.3406696319580078,-0.0554239451885223,0.6244073510169983,0.4357460737228393,0.3952250480651855,watch,user3,walk
1763575518795618816,0.2286083102226257,0.3434718251228332,-0.0599240958690643,0.6106252074241638,0.4172898530960083,0.3158261179924011,watch,user3,walk
1763575518805617920,0.1592656373977661,0.3411544263362884,-0.0498567521572113,0.5589568614959717,0.3793410360813141,0.1836688667535781,watch,user3,walk
1763575518815616768,0.0944198369979858,0.3319302499294281,-0.0336197614669799,0.5103954672813416,0.3400908410549164,0.0213609281927347,watch,user3,walk
1763575518825615872,0.037596046924591,0.3200725018978119,-0.0148429274559021,0.4772311449050903,0.3114436566829681,-0.165287584066391,watch,user3,walk
1763575518835613696,-0.0066050887107849,0.3069443702697754,-0.0012738704681396,0.4796580672264099,0.2886027991771698,-0.342328131198883,watch,user3,walk
1763575518845612800,-0.0471761226654052,0.2912840843200683,0.0122249126434326,0.5276421308517456,0.2638768553733825,-0.524692177772522,watch,user3,walk
1763575518855611904,-0.0926064252853393,0.2665368318557739,0.0182383060455322,0.6060365438461304,0.2477378398180008,-0.6876384615898132,watch,user3,walk
1763575518865610752,-0.1378041505813598,0.2446750104427337,0.0196654200553894,0.6993932127952576,0.2356363385915756,-0.8197913765907288,watch,user3,walk
1763575518875609856,-0.1754894852638244,0.2306887954473495,0.0192677080631256,0.8076160550117493,0.2284950762987136,-0.9280425310134888,watch,user3,walk
1763575518885608704,-0.2021774053573608,0.2224214076995849,0.0215855240821838,0.8979460000991821,0.2359070926904678,-1.0233196020126345,watch,user3,walk
1763575518895607808,-0.2147810459136963,0.2228924483060836,0.0289590954780578,0.985201060771942,0.2437088340520858,-1.1038434505462646,watch,user3,walk
1763575518905606656,-0.2006034255027771,0.232688695192337,0.0348922610282897,1.0756981372833252,0.2504498958587646,-1.152595281600952,watch,user3,walk
1763575518915604736,-0.1612157225608825,0.2461608648300171,0.0378246903419494,1.1917452812194824,0.2487771660089492,-1.1617066860198977,watch,user3,walk
1763575518925603840,-0.1104089021682739,0.2530736923217773,0.0435574948787689,1.33448326587677,0.2420255243778228,-1.1567761898040771,watch,user3,walk
1763575518935602944,-0.0582188367843627,0.2568671703338623,0.0425126254558563,1.517642617225647,0.2311233431100845,-1.1344267129898071,watch,user3,walk
1763575518945601792,-0.0055487751960754,0.2669385075569153,0.0371104180812835,1.7068113088607788,0.2264128476381302,-1.1040451526641846,watch,user3,walk
1763575518955600640,0.0550949573516845,0.2763358056545257,0.0359532237052917,1.8644120693206787,0.2240303754806518,-1.0846211910247805,watch,user3,walk
1763575518965599744,0.1173546314239502,0.2785732448101043,0.0423788428306579,1.9783560037612915,0.1998563408851623,-1.071976900100708,watch,user3,walk
1763575518975598848,0.1743702292442321,0.2786787450313568,0.058715671300888,2.0267562866210938,0.1455368995666504,-1.0650596618652344,watch,user3,walk
1763575518985597952,0.2064548730850219,0.2710227966308594,0.0845343172550201,2.015231847763061,0.0731838718056678,-1.07000732421875,watch,user3,walk
1763575518995595776,0.2085015177726745,0.2528100907802582,0.107166975736618,1.945286512374878,0.0059667504392564,-1.0829657316207886,watch,user3,walk
1763575519005594624,0.1839478611946106,0.224894568324089,0.1286070644855499,1.839911103248596,-0.0498286038637161,-1.1314387321472168,watch,user3,walk
1763575519015593728,0.1488603353500366,0.1920103430747985,0.151271641254425,1.7154375314712524,-0.0872753113508224,-1.20033597946167,watch,user3,walk
1763575519025592832,0.1153067350387573,0.1638606190681457,0.1724870204925537,1.604800820350647,-0.1026571989059448,-1.2685667276382446,watch,user3,walk
1763575519035591936,0.088575541973114,0.140146255493164,0.1869683861732483,1.5022739171981812,-0.0967902541160583,-1.3397722244262695,watch,user3,walk
1763575519045590784,0.071911334991455,0.1208816915750503,0.2020858228206634,1.4273061752319336,-0.0739925280213356,-1.4139279127120972,watch,user3,walk
1763575519055589632,0.0583561062812805,0.1053043007850647,0.2111308574676513,1.3737244606018066,-0.0568789690732955,-1.4892401695251465,watch,user3,walk
1763575519065588736,0.0550446510314941,0.0987665206193924,0.2173125147819519,1.3405500650405884,-0.041458111256361,-1.531623363494873,watch,user3,walk
1763575519075586816,0.0558584928512573,0.099056452512741,0.219114750623703,1.326722502708435,-0.0344374850392341,-1.5693987607955933,watch,user3,walk
1763575519085585920,0.0623113512992858,0.0948037356138229,0.2217409610748291,1.302173376083374,-0.0375081114470958,-1.598824143409729,watch,user3,walk
1763575519095584768,0.0758666396141052,0.0945168584585189,0.2239997386932373,1.2507458925247192,-0.035236433148384,-1.606958508491516,watch,user3,walk
1763575519105583616,0.0920702219009399,0.0883169174194336,0.231743574142456,1.1956549882888794,-0.0353703908622264,-1.5967851877212524,watch,user3,walk
1763575519115582720,0.1059045791625976,0.0748489201068878,0.243769884109497,1.1414871215820312,-0.0334174931049346,-1.5679702758789062,watch,user3,walk
1763575519125581824,0.1163288950920105,0.0626882761716842,0.2585598528385162,1.0965391397476196,-0.0482813939452171,-1.5695762634277344,watch,user3,walk
1763575519135580672,0.1203973293304443,0.0488434135913848,0.2766816318035126,1.0490515232086182,-0.0733140408992767,-1.5847567319869995,watch,user3,walk
1763575519145579776,0.1238821744918823,0.0374080091714859,0.2894120812416076,1.0130456686019895,-0.0951828584074974,-1.5799987316131592,watch,user3,walk
1763575519155577856,0.128728449344635,0.0329945236444473,0.2919097542762756,1.001630783081055,-0.0965583771467208,-1.5624213218688965,watch,user3,walk
1763575519165576704,0.1348634958267212,0.0291714072227478,0.2894762754440307,1.0184721946716309,-0.0776209980249404,-1.5509215593338013,watch,user3,walk
1763575519175575808,0.1472079157829284,0.0210692584514617,0.288669228553772,1.049464225769043,-0.0612683929502964,-1.5602681636810305,watch,user3,walk
1763575519185574656,0.1578329801559448,0.0086033046245574,0.2985475063323974,1.0626612901687622,-0.0441493242979049,-1.5469303131103516,watch,user3,walk
1763575519195573760,0.164536714553833,-0.0108416378498077,0.312400758266449,1.054881930351257,-0.0369803644716739,-1.5368553400039673,watch,user3,walk
1763575519205572864,0.1596735715866089,-0.0326235294342041,0.3262446522712707,1.007735013961792,-0.0345129445195198,-1.5223991870880127,watch,user3,walk
1763575519215571968,0.1453974843025207,-0.0535499453544616,0.3351312279701233,0.9354795217514038,-0.0257831010967493,-1.5097148418426514,watch,user3,walk
1763575519225570560,0.1298660039901733,-0.0737707614898681,0.3351644277572632,0.8412567377090454,-0.018884714692831,-1.4921118021011353,watch,user3,walk
1763575519235568640,0.1160947680473327,-0.0885884463787078,0.3324542641639709,0.7437269687652588,0.0013145632110536,-1.4646689891815186,watch,user3,walk
1763575519245567744,0.1026161909103393,-0.1008625626564025,0.3251888751983642,0.6510853171348572,0.0300407502800226,-1.424507975578308,watch,user3,walk
1763575519255566848,0.094487190246582,-0.1057363450527191,0.3135656118392944,0.5667259693145752,0.0642258822917938,-1.3868684768676758,watch,user3,walk
1763575519265565952,0.0913118720054626,-0.1091966331005096,0.3024437725543976,0.4873839914798736,0.097821220755577,-1.3345134258270264,watch,user3,walk
1763575519275564544,0.0992409586906433,-0.1129412949085235,0.2953686118125915,0.4229147136211395,0.1212887242436409,-1.2792093753814695,watch,user3,walk
1763575519285564416,0.0986976623535156,-0.1222895681858062,0.2936782240867615,0.359563410282135,0.1379117369651794,-1.2254763841629028,watch,user3,walk
1763575519295563520,0.0915847420692443,-0.1343087255954742,0.2967369854450226,0.2889933586120605,0.1446197032928466,-1.172091722488403,watch,user3,walk
1763575519305562624,0.0731860995292663,-0.1499999463558197,0.296510636806488,0.2168490886688232,0.152727261185646,-1.1221730709075928,watch,user3,walk
1763575519315560448,0.0494833588600158,-0.1624188423156738,0.2887892127037048,0.1619972884654998,0.1632305085659027,-1.06974458694458,watch,user3,walk
1763575519325559296,0.0287943482398986,-0.1736619770526886,0.2799890041351318,0.1189807206392288,0.1947197020053863,-1.0126445293426514,watch,user3,walk
1763575519335558400,0.0141778588294982,-0.1780094802379608,0.2668603658676147,0.1039743423461914,0.2379414737224578,-0.9497531652450562,watch,user3,walk
1763575519345557504,0.0090543627738952,-0.1787583827972412,0.2479991912841797,0.115899883210659,0.2822968661785126,-0.8900884985923767,watch,user3,walk
1763575519355556608,0.0106234550476074,-0.1761090755462646,0.230959951877594,0.1561618149280548,0.3283522427082062,-0.8199083805084229,watch,user3,walk
1763575519365555456,0.0231039524078369,-0.1733436286449432,0.2153413295745849,0.2185900509357452,0.3664266467094421,-0.7434079647064209,watch,user3,walk
1763575519375554560,0.0426557064056396,-0.1723391413688659,0.1996119022369384,0.2949436604976654,0.4078947305679321,-0.6639549732208252,watch,user3,walk
1763575519385552384,0.0543062686920166,-0.1724451780319214,0.1908469200134277,0.3695036172866821,0.4309114813804626,-0.5907487273216248,watch,user3,walk
1763575519395551488,0.056519865989685,-0.1752089858055114,0.1889846324920654,0.42861407995224,0.4594214260578155,-0.5198548436164856,watch,user3,walk
1763575519405550592,0.0493471026420593,-0.1823637783527374,0.1851252615451812,0.456171452999115,0.4805556237697601,-0.4402800500392914,watch,user3,walk
1763575519415549440,0.0389512181282043,-0.1924571692943573,0.1757303178310394,0.4557386934757232,0.5211864113807678,-0.3195152878761291,watch,user3,walk
1763575519425548544,0.0313000679016113,-0.2011965811252594,0.1621127724647522,0.4682520627975464,0.5546042919158936,-0.2124431729316711,watch,user3,walk
1763575519435547392,0.0307770371437072,-0.1998559236526489,0.147016704082489,0.4924505949020386,0.5857329368591309,-0.1155195608735084,watch,user3,walk
1763575519445546496,0.0370346307754516,-0.1880529522895813,0.1290093660354614,0.5319110751152039,0.6202176809310913,-0.0101200994104146,watch,user3,walk
1763575519455545344,0.0514003634452819,-0.1790193617343902,0.1166991591453552,0.579483151435852,0.65976482629776,0.109148770570755,watch,user3,walk
1763575519465544448,0.0756565332412719,-0.1694235801696777,0.1077949702739715,0.6282103061676025,0.7095299959182739,0.2438154369592666,watch,user3,walk
1763575519475542528,0.1178699135780334,-0.1628394722938537,0.1030156910419464,0.671589195728302,0.772806704044342,0.384500116109848,watch,user3,walk
1763575519485541376,0.1775953769683838,-0.1515893340110778,0.0957837700843811,0.6913734674453735,0.8290928602218628,0.5246930122375488,watch,user3,walk
1763575519495540480,0.2482678890228271,-0.1392320990562439,0.0893270969390869,0.6766048669815063,0.870017945766449,0.6581453084945679,watch,user3,walk
1763575519505539328,0.2953503131866455,-0.1291016936302185,0.0830088853836059,0.6206666827201843,0.8859678506851196,0.77646803855896,watch,user3,walk
1763575519515538432,0.2977510690689087,-0.1261234283447265,0.0775133073329925,0.5283907651901245,0.8832905888557434,0.8881572484970093,watch,user3,walk
1763575519525537536,0.2461935877799987,-0.1206372380256652,0.0637888312339782,0.425863116979599,0.8797815442085266,0.9970762133598328,watch,user3,walk
1763575519535536640,0.1707738637924194,-0.1122070848941803,0.0438124239444732,0.3439511954784393,0.8851999640464783,1.090653896331787,watch,user3,walk
1763575519545534464,0.100199282169342,-0.0960497558116912,0.0217331051826477,0.3075842261314392,0.8888877630233765,1.1562312841415403,watch,user3,walk
1763575519555533312,0.049024224281311,-0.0750240981578826,0.0004948675632476,0.3207628726959228,0.9017526507377625,1.1969339847564695,watch,user3,walk
1763575519565532416,0.006449282169342,-0.0444410741329193,-0.0092681944370269,0.3643125295639038,0.9405338168144226,1.235865592956543,watch,user3,walk
1763575519575531520,-0.0204624533653259,-0.0170638561248779,-0.018709510564804,0.4499033093452453,0.9731455445289612,1.2709481716156006,watch,user3,walk
1763575519585530624,-0.0236928462982177,0.0101938843727111,-0.036680519580841,0.5634926557540894,0.97165185213089,1.3047997951507568,watch,user3,walk
1763575519595529472,-0.0095393061637878,0.0362441539764404,-0.0610319674015045,0.6881762742996216,0.944369375705719,1.3283464908599854,watch,user3,walk
1763575519605528320,0.0099523663520812,0.0616969466209411,-0.0864739716053009,0.7940501570701599,0.9084305763244628,1.3389692306518557,watch,user3,walk
1763575519615527424,0.0228534936904907,0.0826360881328582,-0.0987156629562377,0.8643330931663513,0.8767658472061157,1.330937147140503,watch,user3,walk
1763575519625525504,0.0178713798522949,0.0995314717292785,-0.0989052653312683,0.8934358358383179,0.8406012654304504,1.289215087890625,watch,user3,walk
1763575519635524608,0.0058031678199768,0.1090701073408126,-0.0918342173099517,0.877285361289978,0.7943512201309204,1.2245895862579346,watch,user3,walk
1763575519645523456,-0.0079716444015502,0.1198228895664215,-0.0760051310062408,0.8286675810813904,0.7357565760612488,1.1431220769882202,watch,user3,walk
1763575519655522304,-0.016261875629425,0.1333492547273636,-0.0620695948600769,0.7784630060195923,0.6694425344467163,1.045120120048523,watch,user3,walk
1763575519665521408,-0.0216676592826843,0.1486590504646301,-0.0581450462341308,0.7342861294746399,0.6082901954650879,0.9268752336502076,watch,user3,walk
1763575519675520512,-0.0234884023666381,0.1586499214172363,-0.0549933910369873,0.7072204351425171,0.5578701496124268,0.7888731956481934,watch,user3,walk
1763575519685519360,-0.0189393162727355,0.1655251830816269,-0.0540980398654937,0.7000033259391785,0.517005980014801,0.6313881874084473,watch,user3,walk
1763575519695517440,-0.0057304501533508,0.1746177077293396,-0.0585239231586456,0.7132794260978699,0.4809744656085968,0.4588589668273926,watch,user3,walk
1763575519705516288,0.0120384693145751,0.1790932118892669,-0.0608652532100677,0.7324220538139343,0.4503905475139618,0.268110454082489,watch,user3,walk
1763575519715515392,0.03817880153656,0.1757856011390686,-0.0597239732742309,0.7497696280479431,0.4255733489990234,0.0746603012084961,watch,user3,walk
1763575519725514496,0.0718719363212585,0.1661580801010131,-0.0651927888393402,0.7434325814247131,0.3986020684242248,-0.122375801205635,watch,user3,walk
1763575519735513344,0.0982435345649719,0.14908267557621,-0.0708894729614257,0.6995202302932739,0.3692015707492828,-0.3161985278129577,watch,user3,walk
1763575519745512448,0.1210358142852783,0.1223130971193313,-0.073553442955017,0.5948965549468994,0.333401620388031,-0.4856504797935486,watch,user3,walk
1763575519755511552,0.1345958709716797,0.1003132760524749,-0.0745759010314941,0.4446926712989807,0.2863557934761047,-0.6406136751174927,watch,user3,walk
1763575519765510656,0.1392974853515625,0.0828218311071395,-0.0823711156845092,0.2830853760242462,0.2378213703632354,-0.7862638831138611,watch,user3,walk
1763575519775508480,0.1366246342658996,0.0748201161623001,-0.0934355556964874,0.1458103358745575,0.1894107013940811,-0.9259618520736694,watch,user3,walk
1763575519785507328,0.1283292770385742,0.077238380908966,-0.1095516681671142,0.0591959469020366,0.155927300453186,-1.0470906496047974,watch,user3,walk
1763575519795506432,0.1094762682914733,0.0767736434936523,-0.123552918434143,0.0359934195876121,0.1384340673685073,-1.148005723953247,watch,user3,walk
1763575519805505536,0.0855848789215087,0.0677158236503601,-0.1327239722013473,0.0506280697882175,0.1245735585689544,-1.2279731035232544,watch,user3,walk
1763575519815504640,0.061278760433197,0.0542369037866592,-0.1388173103332519,0.077380321919918,0.1095205694437027,-1.2997969388961792,watch,user3,walk
1763575519825503232,0.0409908294677734,0.0395464897155761,-0.1409489214420318,0.1116087287664413,0.0896283611655235,-1.34686279296875,watch,user3,walk
1763575519835502336,0.0277626514434814,0.0239456593990325,-0.1367127895355224,0.1502093970775604,0.0710203200578689,-1.360761046409607,watch,user3,walk
1763575519845501440,0.019610583782196,0.0057948231697082,-0.1327854841947555,0.1881311237812042,0.0489841699600219,-1.3629683256149292,watch,user3,walk
1763575519855499520,0.0029707551002502,-0.0082145035266876,-0.1268991827964782,0.215962216258049,0.0267198756337165,-1.3602207899093628,watch,user3,walk
1763575519865498624,-0.0093992352485656,-0.0216484367847442,-0.1183038055896759,0.2299331575632095,0.0037511782720685,-1.3462213277816772,watch,user3,walk
1763575519875497216,-0.0192055702209472,-0.0341455042362213,-0.1116261482238769,0.242483839392662,-0.0169338583946228,-1.3262624740600586,watch,user3,walk
1763575519885496320,-0.0306202173233032,-0.0511462688446044,-0.1023865640163421,0.2508036196231842,-0.0306815430521965,-1.2955522537231443,watch,user3,walk
1763575519895495424,-0.0407606363296508,-0.0662471055984497,-0.0970642268657684,0.2602133750915527,-0.0388742238283157,-1.2494937181472778,watch,user3,walk
1763575519905494528,-0.0501720309257507,-0.0853105783462524,-0.0936376452445983,0.2907214760780334,-0.0602375715970993,-1.2069426774978638,watch,user3,walk
1763575519915493376,-0.0616994500160217,-0.1158156394958496,-0.0808261632919311,0.2774432301521301,-0.0593648552894592,-1.16462242603302,watch,user3,walk
1763575519925492480,-0.0738822221755981,-0.1258491575717926,-0.0769535899162292,0.2374310195446014,-0.0280823856592178,-1.0903013944625854,watch,user3,walk
1763575519935490304,-0.0806611776351928,-0.1268293261528015,-0.0739433169364929,0.2428489625453949,-7.178960368037224e-05,-1.0104401111602783,watch,user3,walk
1763575519945489408,-0.0832027792930603,-0.1427770555019378,-0.073852002620697,0.2801471352577209,0.0140851307660341,-0.9622271060943604,watch,user3,walk
1763575519955488512,-0.0814152956008911,-0.1641563475131988,-0.0687774270772934,0.2492763251066208,0.016806349158287,-0.8992217779159546,watch,user3,walk
1763575519965487360,-0.0653425455093383,-0.1444238126277923,-0.0601563453674316,0.2661330103874206,0.0378046631813049,-0.7912156581878662,watch,user3,walk
1763575519975486464,-0.0523359775543212,-0.1305727660655975,-0.0705257952213287,0.3422757387161255,0.078968346118927,-0.6683749556541443,watch,user3,walk
1763575519985485568,-0.0491376519203186,-0.1276994943618774,-0.0812124907970428,0.4617034494876861,0.1321583241224289,-0.5813499689102173,watch,user3,walk
1763575519995484416,-0.0499156713485717,-0.1256497800350189,-0.0886606872081756,0.6100417971611023,0.177366554737091,-0.5037204027175903,watch,user3,walk
1763575520005482496,-0.0474185943603515,-0.1143668591976165,-0.0948743224143982,0.7524309754371643,0.2119925320148468,-0.3893994390964508,watch,user3,walk
1763575520015481600,-0.0458585619926452,-0.1046535670757293,-0.0900408625602722,0.874756932258606,0.2265038192272186,-0.265726238489151,watch,user3,walk
1763575520025480448,-0.0521398186683654,-0.1074370443820953,-0.0835256874561309,0.9853107333183287,0.2313070148229599,-0.1670406758785247,watch,user3,walk
1763575520035479552,-0.0622839927673339,-0.1145202219486236,-0.0819334387779235,1.0909138917922974,0.2359755486249923,-0.1053490787744522,watch,user3,walk
1763575520045478400,-0.0768917202949523,-0.1165886223316192,-0.0747602880001068,1.192965388298035,0.2446589469909668,-0.050266720354557,watch,user3,walk
1763575520055477504,-0.0835845470428466,-0.1163207590579986,-0.0714328289031982,1.2922723293304443,0.2531589567661285,0.0232815332710742,watch,user3,walk
1763575520065476352,-0.081095278263092,-0.1156331598758697,-0.0755338072776794,1.3950871229171753,0.267592579126358,0.1036512777209281,watch,user3,walk
1763575520075474432,-0.0761942863464355,-0.1140353381633758,-0.0789322257041931,1.4875749349594116,0.2839821875095367,0.1792230010032653,watch,user3,walk
1763575520085473536,-0.0650981664657592,-0.1080544888973236,-0.0742557048797607,1.560190200805664,0.2919661104679107,0.2457048743963241,watch,user3,walk
1763575520095472384,-0.0495475530624389,-0.1043614447116851,-0.0686061680316925,1.6058136224746704,0.2873223721981048,0.2985723614692688,watch,user3,walk
1763575520105471488,-0.0334474444389343,-0.1000900566577911,-0.0614970028400421,1.6186630725860596,0.2732785940170288,0.3607308566570282,watch,user3,walk
1763575520115470336,-0.020334243774414,-0.0954518914222717,-0.0570403337478637,1.6085816621780396,0.2594519853591919,0.4289786219596863,watch,user3,walk
1763575520125469440,-0.0069206357002258,-0.0906334221363067,-0.0604296922683715,1.587218999862671,0.2512431740760803,0.4928432404994964,watch,user3,walk
1763575520135468544,0.0027394294738769,-0.086520254611969,-0.0598471760749816,1.5578275918960571,0.2540171146392822,0.540969729423523,watch,user3,walk
1763575520145467392,0.0153782963752746,-0.0760170221328735,-0.0585672259330749,1.509272575378418,0.2644339799880981,0.5790042877197266,watch,user3,walk
1763575520155465472,0.0341533422470092,-0.0637218952178955,-0.0523216426372528,1.4558697938919067,0.2859291434288025,0.6112607717514038,watch,user3,walk
1763575520165464320,0.0543665289878845,-0.0503953099250793,-0.0430916249752044,1.386608362197876,0.3136893510818481,0.6366602778434753,watch,user3,walk
1763575520175463424,0.0786306858062744,-0.0391237139701843,-0.037196546792984,1.3047455549240112,0.3370809555053711,0.6509881019592285,watch,user3,walk
1763575520185462528,0.094089388847351,-0.0299693048000335,-0.0323977768421173,1.2213678359985352,0.3562107682228088,0.668656051158905,watch,user3,walk
1763575520195461632,0.1091628074645996,-0.0176410675048828,-0.0384762585163116,1.134168028831482,0.3830602169036865,0.6725935339927673,watch,user3,walk
1763575520205460480,0.116121232509613,-0.0033673346042633,-0.0437579154968261,1.0486271381378174,0.405467540025711,0.6712665557861328,watch,user3,walk
1763575520215459328,0.1154081225395202,0.0132171511650085,-0.0527822971343994,0.9738213419914246,0.4277265071868896,0.6682199239730835,watch,user3,walk
1763575520225458432,0.1072620749473571,0.032695859670639,-0.0605951249599456,0.9247501492500304,0.4462684094905853,0.654132068157196,watch,user3,walk
1763575520235456512,0.0866217613220214,0.0564886033535003,-0.0713071227073669,0.9159329533576964,0.4714739024639129,0.6428442597389221,watch,user3,walk
1763575520245455616,0.0670200586318969,0.0849667340517044,-0.0878854393959045,0.972241222858429,0.5017415285110474,0.6217508316040039,watch,user3,walk
1763575520255454464,0.0479419827461242,0.1097120493650436,-0.1035535335540771,1.074107050895691,0.5404753684997559,0.5981996655464172,watch,user3,walk
1763575520265453312,0.0270885229110717,0.1319824159145355,-0.115642249584198,1.2140772342681885,0.5876609683036804,0.5780985951423645,watch,user3,walk
1763575520275452416,0.0105860233306884,0.159138023853302,-0.1313634216785431,1.3974415063858032,0.6190149188041687,0.5525985360145569,watch,user3,walk
1763575520285451776,0.0004296898841857,0.1784628182649612,-0.1518095135688781,1.601236343383789,0.6333290338516235,0.5105832815170288,watch,user3,walk
1763575520295450624,-0.0066754817962646,0.1884751170873642,-0.1741895675659179,1.813732385635376,0.6450783610343933,0.4616594314575195,watch,user3,walk
1763575520305448704,-0.0046397447586059,0.1990543901920318,-0.1934676766395568,2.015784978866577,0.6501926779747009,0.4101566672325134,watch,user3,walk
1763575520315447808,0.0062733888626098,0.2053597569465637,-0.202976256608963,2.182349920272827,0.6443595886230469,0.3416092991828918,watch,user3,walk
1763575520325446912,0.0171671509742736,0.1999019533395767,-0.1975275874137878,2.3030707836151123,0.6261959671974182,0.2532722651958465,watch,user3,walk
1763575520335445760,0.0269832015037536,0.1920415610074997,-0.1824771463871002,2.373218536376953,0.5969166159629822,0.1782725751399994,watch,user3,walk
1763575520345444608,0.0438752770423889,0.1791553348302841,-0.1669533550739288,2.388270139694214,0.5730330944061279,0.1322806626558303,watch,user3,walk
1763575520355443712,0.0603425502777099,0.1642236709594726,-0.1460315585136413,2.3578784465789795,0.545242428779602,0.0894937738776207,watch,user3,walk
1763575520365442816,0.0688651800155639,0.1515267640352249,-0.1212231218814849,2.296313762664795,0.5115749835968018,0.0309669505804777,watch,user3,walk
1763575520375440896,0.0797740817070007,0.1440818309783935,-0.1060384213924408,2.2290799617767334,0.4633477926254272,-0.0412039160728454,watch,user3,walk
1763575520385440000,0.091984212398529,0.1462701112031936,-0.0965251922607421,2.1877572536468506,0.4005822539329529,-0.1059315130114555,watch,user3,walk
1763575520395438592,0.1027895808219909,0.1591100841760635,-0.0929983556270599,2.19425106048584,0.3369047343730926,-0.1763401627540588,watch,user3,walk
1763575520405437696,0.1010446548461914,0.181243285536766,-0.0932819843292236,2.256193161010742,0.2675263583660126,-0.2445897310972213,watch,user3,walk
1763575520415436800,0.0915711522102356,0.1999317407608032,-0.1089566946029663,2.3606560230255127,0.204376146197319,-0.316360592842102,watch,user3,walk
1763575520425435904,0.0701274871826171,0.2066424489021301,-0.112653374671936,2.467226982116699,0.1638084948062896,-0.3926299214363098,watch,user3,walk
1763575520435434752,0.0420615673065185,0.1964471638202667,-0.0884625315666198,2.520650148391724,0.1210644915699958,-0.4692613184452057,watch,user3,walk
1763575520445433856,0.0170066952705383,0.1768172681331634,-0.0466772019863128,2.4963507652282715,0.0403042174875736,-0.5423137545585632,watch,user3,walk
1763575520455431680,-0.0054001808166503,0.1599163711071014,0.0051699578762054,2.3993444442749023,-0.0746748298406601,-0.6014308333396912,watch,user3,walk
1763575520465430784,-0.0340247750282287,0.1387787610292434,0.0462123751640319,2.2576701641082764,-0.1920114904642105,-0.6510477066040039,watch,user3,walk
1763575520475429888,-0.0655676126480102,0.1179696694016456,0.0730900168418884,2.1096248626708984,-0.2726498544216156,-0.6894856691360474,watch,user3,walk
1763575520485428736,-0.0903278589248657,0.10571750998497,0.0974951684474945,1.971806764602661,-0.3121950030326843,-0.7259349822998047,watch,user3,walk
1763575520495427840,-0.0969800949096679,0.1072130724787712,0.1206417679786682,1.857279896736145,-0.3320765495300293,-0.75385582447052,watch,user3,walk
1763575520505426944,-0.0840924978256225,0.1133707761764526,0.1425618827342987,1.7751076221466064,-0.335200697183609,-0.7691541910171509,watch,user3,walk
1763575520515425792,-0.061019480228424,0.1206866726279258,0.1703849732875824,1.723849534988403,-0.3286961913108825,-0.7615165114402771,watch,user3,walk
1763575520525423872,-0.0324102044105529,0.1270602345466613,0.19964000582695,1.6881314516067505,-0.310701847076416,-0.7384862303733826,watch,user3,walk
1763575520535422720,-0.0031498670578002,0.1306767761707306,0.2332490682601928,1.6578023433685305,-0.2876252830028534,-0.7064287066459656,watch,user3,walk
1763575520545421824,0.0242226719856262,0.1405981332063675,0.2757335603237152,1.6294164657592771,-0.2443126887083053,-0.6692683100700378,watch,user3,walk
1763575520555420928,0.0467624068260192,0.1556339561939239,0.3235410749912262,1.6408405303955078,-0.185363620519638,-0.6249152421951294,watch,user3,walk
1763575520565419776,0.0612049102783203,0.1803835183382034,0.3700648546218872,1.7287343740463257,-0.113612025976181,-0.5712902545928955,watch,user3,walk
1763575520575418624,0.0646584630012512,0.2185634523630142,0.4080689549446106,1.9651533365249636,-0.0273895170539617,-0.5410135388374329,watch,user3,walk
1763575520585417728,0.0576483607292175,0.2470368146896362,0.4361329674720764,2.260843276977539,0.0493572801351547,-0.4894194006919861,watch,user3,walk
1763575520595416832,0.0686712861061096,0.3352267146110534,0.4254726767539978,2.657274007797241,0.1228101849555969,-0.4168503880500793,watch,user3,walk
1763575520605414912,0.0575419664382934,0.3707659840583801,0.3859578967094421,3.3658716678619385,0.2220693230628967,-0.3858351409435272,watch,user3,walk
1763575520615414016,0.0367853641510009,0.4142469465732574,0.3751567006111145,4.066765785217285,0.3484669327735901,-0.3657136261463165,watch,user3,walk
1763575520625412608,-0.0060277581214904,0.4213241636753082,0.3815511465072632,4.642094612121582,0.4963316619396209,-0.3464537858963012,watch,user3,walk
1763575520635411712,-0.0427250862121582,0.3880844116210937,0.393259733915329,5.072448253631592,0.6284031867980957,-0.3482407629489898,watch,user3,walk
1763575520645410816,-0.0642921924591064,0.354674756526947,0.4270322620868683,5.234787940979004,0.7219619154930115,-0.3404745161533355,watch,user3,walk
1763575520655409920,-0.0733635425567627,0.3307353258132934,0.4697986543178558,5.125072956085205,0.7829256653785706,-0.3387083113193512,watch,user3,walk
1763575520665408000,-0.0791097283363342,0.287642627954483,0.5078442096710205,4.774230003356934,0.8134297728538513,-0.3498120903968811,watch,user3,walk
1763575520675406592,-0.0905185937881469,0.2471548318862915,0.5287314653396606,4.264164447784424,0.8323328495025635,-0.3733237981796264,watch,user3,walk
1763575520685405696,-0.1130790710449218,0.2162247896194458,0.5279208421707153,3.723676443099976,0.837931215763092,-0.3947910666465759,watch,user3,walk
1763575520695404800,-0.136062741279602,0.2151604443788528,0.5071536302566528,3.2475082874298096,0.8550904393196106,-0.4037976264953613,watch,user3,walk
1763575520705403904,-0.1578485369682312,0.2407418191432953,0.4654716551303863,2.882916212081909,0.8930898308753967,-0.4121700525283813,watch,user3,walk
1763575520715402752,-0.1724786162376403,0.2780435085296631,0.4183641076087951,2.660018920898437,0.9558671712875366,-0.4201385080814361,watch,user3,walk
1763575520725401856,-0.1736013889312744,0.3168049156665802,0.3682681322097778,2.574418544769287,0.9920584559440612,-0.4364745318889618,watch,user3,walk
1763575520735400704,-0.1517963409423828,0.358817458152771,0.3216965794563293,2.562148332595825,0.9848697781562804,-0.4201592206954956,watch,user3,walk
1763575520745398784,-0.1191397905349731,0.3803613185882568,0.2893182337284088,2.599414587020874,0.9509024024009703,-0.3702737390995025,watch,user3,walk
1763575520755397888,-0.0868381261825561,0.3879620134830475,0.2705700993537903,2.6262340545654297,0.914469301700592,-0.3425044119358063,watch,user3,walk
1763575520765396736,-0.0666667819023132,0.3830539882183075,0.2563655376434326,2.6182103157043457,0.8730342388153076,-0.358095645904541,watch,user3,walk
1763575520775395840,-0.0522562265396118,0.3700437843799591,0.247357964515686,2.5719120502471924,0.8185027837753296,-0.3837783634662628,watch,user3,walk
1763575520785394688,-0.0322979688644409,0.3629800379276275,0.2357853800058365,2.4823803901672363,0.7517294883728027,-0.3873484134674072,watch,user3,walk
1763575520795393792,-0.0068410634994506,0.3529562652111053,0.2222597748041153,2.3580093383789062,0.6843549609184265,-0.3740858733654022,watch,user3,walk
1763575520805392640,0.019009530544281,0.3437722325325012,0.2032862305641174,2.217329263687134,0.604474663734436,-0.3869030475616455,watch,user3,walk
1763575520815390720,0.0448431372642517,0.3343338668346405,0.1795522272586822,2.0578346252441406,0.5226621031761169,-0.3949213027954101,watch,user3,walk
1763575520825389824,0.0660691261291503,0.3310628533363342,0.1564801931381225,1.8854166269302368,0.4481635093688965,-0.4257039129734039,watch,user3,walk
1763575520835388928,0.0798062086105346,0.3223679363727569,0.1412630081176757,1.702557921409607,0.3806329369544983,-0.4636981785297394,watch,user3,walk
1763575520845387776,0.0903259515762329,0.3129703402519226,0.1344850212335586,1.502788543701172,0.3156119585037231,-0.5072816610336304,watch,user3,walk
1763575520855386624,0.1005753874778747,0.3034426867961883,0.1347818970680236,1.3011459112167358,0.2609985172748565,-0.5480954051017761,watch,user3,walk
1763575520865385728,0.1093457341194152,0.2904160618782043,0.1343194395303726,1.0839585065841677,0.2023857980966568,-0.6020368337631226,watch,user3,walk
1763575520875384832,0.1174426078796386,0.2783476412296295,0.1318130046129226,0.8696022629737854,0.1421264559030532,-0.6706909537315369,watch,user3,walk
1763575520885382912,0.1224604249000549,0.26772141456604,0.1247592121362686,0.6772487163543701,0.0822146534919738,-0.7442721724510193,watch,user3,walk
1763575520895381760,0.1244775652885437,0.2587478458881378,0.1105946451425552,0.5195906162261963,0.0383182987570762,-0.8177464008331299,watch,user3,walk
1763575520905380608,0.1203615069389343,0.2584863007068634,0.0966982096433639,0.4015321135520935,0.0214653722941875,-0.8995836973190308,watch,user3,walk
1763575520915379712,0.1122457981109619,0.2609071433544159,0.0836053043603897,0.3533203899860382,0.0234587490558624,-0.9900723099708556,watch,user3,walk
1763575520925378816,0.1080148816108703,0.2678013443946838,0.0751114040613174,0.3517863154411316,0.0299405269324779,-1.0590397119522097,watch,user3,walk
1763575520935377920,0.1078218817710876,0.2744134366512298,0.0735499262809753,0.3652901351451874,0.0322060771286487,-1.1110483407974243,watch,user3,walk
1763575520945376768,0.1056297421455383,0.2781813740730285,0.0702929943799972,0.394264817237854,0.0357994809746742,-1.167912483215332,watch,user3,walk
1763575520955375616,0.1021178364753723,0.2739391624927521,0.06726735830307,0.4675576686859131,0.0478124693036079,-1.224925875663757,watch,user3,walk
1763575520965373696,0.1037443876266479,0.2691184878349304,0.0625368356704711,0.5766569375991821,0.0598326474428176,-1.2634626626968384,watch,user3,walk
1763575520975372800,0.1065536737442016,0.2656673789024353,0.0544758439064025,0.7452619671821594,0.0783256292343139,-1.2956805229187012,watch,user3,walk
1763575520985371904,0.1122649312019348,0.2644399404525757,0.0536539107561111,0.9308739900588988,0.0944849848747253,-1.31915283203125,watch,user3,walk
1763575520995370752,0.1163607239723205,0.2577102482318878,0.0599467754364013,1.123859405517578,0.0876478552818298,-1.3560553789138794,watch,user3,walk
1763575521005369856,0.110436201095581,0.2436395287513733,0.0674596577882766,1.335087776184082,0.0718918815255165,-1.3932409286499023,watch,user3,walk
1763575521015368704,0.1035428643226623,0.2289419323205948,0.0708272010087966,1.5634628534317017,0.0646952241659164,-1.4216910600662231,watch,user3,walk
1763575521025367808,0.0950180888175964,0.2195095419883728,0.075971782207489,1.7905508279800415,0.0632457509636879,-1.4459336996078491,watch,user3,walk
1763575521035365888,0.0884866118431091,0.2054592669010162,0.0825365334749221,2.0053861141204834,0.0609610266983509,-1.4724531173706057,watch,user3,walk
1763575521045364736,0.0829366445541381,0.1854004710912704,0.0927598625421524,2.2062556743621826,0.042670615017414,-1.4963487386703491,watch,user3,walk
1763575521055363840,0.0854091048240661,0.1633033901453018,0.1063206493854522,2.3888847827911377,0.0260053500533103,-1.5155525207519531,watch,user3,walk
1763575521065362688,0.0883513689041137,0.1417711824178695,0.1181679964065551,2.53860092163086,0.0042916219681501,-1.5219309329986572,watch,user3,walk
1763575521075361792,0.0958957076072692,0.1193327456712722,0.1352812647819519,2.627041339874268,-0.0169396307319402,-1.513127088546753,watch,user3,walk
1763575521085360640,0.1039925217628479,0.0940147340297699,0.1523488163948059,2.682319402694702,-0.0502229295670986,-1.4968492984771729,watch,user3,walk
1763575521095359744,0.1135828495025634,0.0668435096740722,0.1646957695484161,2.69136381149292,-0.0843486711382865,-1.4764896631240845,watch,user3,walk
1763575521105357824,0.1291211247444152,0.0468699187040329,0.1748805791139602,2.666383743286133,-0.1152314916253089,-1.434914469718933,watch,user3,walk
1763575521115356672,0.1517431139945984,0.0311830639839172,0.1875202357769012,2.603515863418579,-0.1517743170261383,-1.3836935758590698,watch,user3,walk
1763575521125355776,0.1805459856986999,0.0173995345830917,0.1991791725158691,2.505758762359619,-0.20131516456604,-1.3287687301635742,watch,user3,walk
1763575521135354880,0.1996510624885559,0.0004435330629348,0.2159892916679382,2.378598928451538,-0.260267972946167,-1.26429545879364,watch,user3,walk
1763575521145353728,0.2061490416526794,-0.0168070495128631,0.2323830127716064,2.213618040084839,-0.3214701414108276,-1.190407633781433,watch,user3,walk
1763575521155352832,0.1940198540687561,-0.0350531041622161,0.2481868267059326,2.006179094314575,-0.3752942383289337,-1.1182631254196167,watch,user3,walk
1763575521165351936,0.1680343151092529,-0.0521442890167236,0.2590519189834595,1.767139196395874,-0.411271333694458,-1.060369849205017,watch,user3,walk
1763575521175349760,0.1376037001609802,-0.0669368803501129,0.2658315896987915,1.5185655355453491,-0.4463129341602325,-1.002322793006897,watch,user3,walk
1763575521185348864,0.1070672273635864,-0.0768362283706665,0.276777982711792,1.2702860832214355,-0.4693808853626251,-0.949745774269104,watch,user3,walk
1763575521195347712,0.0785528421401977,-0.0809678435325622,0.2857399880886078,1.0236749649047852,-0.4765375852584839,-0.9156450629234314,watch,user3,walk
1763575521205346816,0.0570552945137023,-0.0872513651847839,0.2913146913051605,0.798006534576416,-0.4904968738555908,-0.8725132942199707,watch,user3,walk
1763575521215345920,0.0390818119049072,-0.0921916663646698,0.2981991469860077,0.5930816531181335,-0.4886632859706878,-0.8411303758621216,watch,user3,walk
1763575521225345024,0.0185025930404663,-0.0976828336715698,0.3022781908512115,0.4096390902996063,-0.4773429334163666,-0.8195818662643433,watch,user3,walk
1763575521235343616,0.0067781805992126,-0.1004407703876495,0.3014107048511505,0.2583699524402618,-0.4519779086112976,-0.7926186919212341,watch,user3,walk
1763575521245341696,-0.0003278851509094,-0.097992330789566,0.3004339039325714,0.1541091352701187,-0.4145212471485138,-0.7680469155311584,watch,user3,walk
1763575521255340800,0.0072057843208312,-0.0910899341106414,0.2937019169330597,0.0858185067772865,-0.3690216839313507,-0.7430872321128845,watch,user3,walk
1763575521265339904,0.0200623869895935,-0.0820077657699585,0.2788782715797424,0.049333993345499,-0.334776371717453,-0.7325108647346497,watch,user3,walk
1763575521275339008,0.0331991910934448,-0.0771045088768005,0.264890044927597,0.0503832809627056,-0.3142961263656616,-0.7240779399871826,watch,user3,walk
1763575521285337600,0.0384517908096313,-0.0782331824302673,0.2547094821929931,0.07084222137928,-0.2871012389659881,-0.7206667065620422,watch,user3,walk
1763575521295336960,0.0306868553161621,-0.0819233655929565,0.2564976811408996,0.0901245698332786,-0.2402767539024353,-0.7152386903762817,watch,user3,walk
1763575521305336064,0.0179547667503356,-0.0877432823181152,0.2579011619091034,0.098376415669918,-0.1906696110963821,-0.7135442495346069,watch,user3,walk
1763575521315334912,0.0117438435554504,-0.0964376628398895,0.256293922662735,0.1057190150022506,-0.1388431638479232,-0.7118832468986511,watch,user3,walk
1763575521325332992,0.0131075978279113,-0.107720673084259,0.255103200674057,0.1107215881347656,-0.0856581553816795,-0.7167850732803345,watch,user3,walk
1763575521335331840,0.0229604840278625,-0.1170189976692199,0.2458707988262176,0.1273634135723114,-0.0301376357674598,-0.7208850383758545,watch,user3,walk
1763575521345330944,0.0364242196083068,-0.1220892071723938,0.2379582226276397,0.1443805694580078,0.0263379793614149,-0.7203485369682312,watch,user3,walk
1763575521355330048,0.0515459775924682,-0.1263877153396606,0.2334493398666381,0.1621270775794983,0.0911896824836731,-0.7206295132637024,watch,user3,walk
1763575521365329152,0.0653092265129089,-0.1303035616874694,0.231662780046463,0.1837290823459625,0.1613385826349258,-0.7197970747947693,watch,user3,walk
1763575521375327744,0.0762608647346496,-0.1314886808395385,0.2276051640510559,0.2161946147680282,0.2324039787054062,-0.7116174101829529,watch,user3,walk
1763575521385325824,0.0862401127815246,-0.1346208453178405,0.2218882441520691,0.2556125819683075,0.3181095719337463,-0.702927827835083,watch,user3,walk
1763575521395324928,0.0941578149795532,-0.1379688084125518,0.2133371233940124,0.3330634534358978,0.4000222682952881,-0.6836928725242615,watch,user3,walk
1763575521405324032,0.1005175709724426,-0.1368341147899627,0.1978574693202972,0.4131670296192169,0.4865261018276214,-0.6602094769477844,watch,user3,walk
1763575521415323136,0.1022693514823913,-0.1340306997299194,0.1774859130382537,0.5202359557151794,0.5753179788589478,-0.6334361433982849,watch,user3,walk
1763575521425321728,0.1039785146713256,-0.1326828896999359,0.1539050042629242,0.6567124724388123,0.6517976522445679,-0.6029679179191589,watch,user3,walk
1763575521435320832,0.1069207191467285,-0.1304933130741119,0.1218088865280151,0.8096255660057068,0.707385778427124,-0.56889808177948,watch,user3,walk
1763575521445319936,0.105205237865448,-0.1318144500255584,0.0872029662132263,0.9944630861282348,0.7376682162284851,-0.533633828163147,watch,user3,walk
1763575521455318016,0.1001010537147522,-0.1298655569553375,0.0552470982074737,1.1914547681808472,0.7559952735900879,-0.4896114468574524,watch,user3,walk
1763575521465317120,0.0931174755096435,-0.132528007030487,0.0312184691429138,1.3641948699951172,0.7717429995536804,-0.4545328915119171,watch,user3,walk
1763575521475315712,0.0871270298957824,-0.1396500170230865,0.0146671831607818,1.5306187868118286,0.7638174295425415,-0.4379485845565796,watch,user3,walk
1763575521485314816,0.0857890248298645,-0.143021285533905,0.0129992365837097,1.6780071258544922,0.7416569590568542,-0.4155285060405731,watch,user3,walk
1763575521495313920,0.0862584114074707,-0.1464928388595581,0.0104914903640747,1.8122833967208865,0.7121806144714355,-0.3892841041088104,watch,user3,walk
1763575521505313024,0.0807245969772338,-0.1551626026630401,0.0098108053207397,1.919719099998474,0.6959121227264404,-0.3502428531646728,watch,user3,walk
1763575521515311872,0.0690667629241943,-0.1691825091838836,0.007658451795578,2.000149965286255,0.6916457414627075,-0.3074631690979004,watch,user3,walk
1763575521525310976,0.0559303760528564,-0.1865976750850677,-0.0011930465698242,2.0275979042053223,0.6942663788795471,-0.2659071981906891,watch,user3,walk
1763575521535308800,0.0469866394996643,-0.2098197042942047,-0.0129170417785644,2.000252723693848,0.6955223083496094,-0.2255435287952423,watch,user3,walk
1763575521545307904,0.0395746827125549,-0.2311092019081115,-0.0245440900325775,1.9110511541366575,0.6974262595176697,-0.1874214559793472,watch,user3,walk
1763575521555307008,0.0351247191429138,-0.2533439099788666,-0.0356246829032897,1.7636398077011108,0.6993684768676758,-0.1572571545839309,watch,user3,walk
1763575521565305856,0.0339022278785705,-0.2725882530212402,-0.0435753166675567,1.5665127038955688,0.6911557912826538,-0.1231830716133117,watch,user3,walk
1763575521575304960,0.0357544422149658,-0.2847460210323334,-0.0523801445960998,1.328615427017212,0.6772650480270386,-0.0768371447920799,watch,user3,walk
1763575521585304064,0.0416874885559082,-0.288678914308548,-0.0622854828834533,1.0877220630645752,0.6474919319152832,-0.0136485872790217,watch,user3,walk
1763575521595301888,0.0431837439537048,-0.2887994349002838,-0.0805104970932006,0.8610479235649109,0.6122045516967773,0.0622520335018634,watch,user3,walk
1763575521605300992,0.0410476922988891,-0.2875799536705017,-0.1015292406082153,0.653997540473938,0.5864989161491394,0.1446443796157837,watch,user3,walk
1763575521615299840,0.0335220694541931,-0.2800029218196869,-0.1198124587535858,0.4668855965137481,0.5662508010864258,0.2330709099769592,watch,user3,walk
1763575521625298944,0.0241169929504394,-0.2680384218692779,-0.1362360119819641,0.3142168819904327,0.5388574600219727,0.3187601268291473,watch,user3,walk
1763575521635298048,0.0160901546478271,-0.247622013092041,-0.1490440666675567,0.1839560717344284,0.5183069109916687,0.4140387177467346,watch,user3,walk
1763575521645296896,0.0103750824928283,-0.2343569695949554,-0.1610444784164428,0.0839445739984512,0.496381551027298,0.5043746829032898,watch,user3,walk
1763575521655295744,0.0044391751289367,-0.2246253788471222,-0.1689696609973907,-0.0009620652999728,0.4758951961994171,0.5961389541625977,watch,user3,walk
1763575521665293824,0.000515878200531,-0.2111023962497711,-0.1783199906349182,-0.0730394124984741,0.4515815079212188,0.6956345438957214,watch,user3,walk
1763575521675292928,-0.0045830011367797,-0.1925709843635559,-0.1873940527439117,-0.1295620650053024,0.4234031438827514,0.7930817604064941,watch,user3,walk
1763575521685292032,-0.0152108073234558,-0.1720867455005645,-0.1928577423095703,-0.1666684299707412,0.3975531756877899,0.8845187425613403,watch,user3,walk
1763575521695290880,-0.0276179909706115,-0.1523657143115997,-0.1945312917232513,-0.1858013719320297,0.3739207983016968,0.9675962924957277,watch,user3,walk
1763575521705289728,-0.0377337932586669,-0.1326324045658111,-0.1938863098621368,-0.188183844089508,0.3477512300014496,1.0438183546066284,watch,user3,walk
1763575521715288832,-0.0473565459251403,-0.1127665936946868,-0.1928069591522216,-0.18405781686306,0.3242389857769012,1.1159166097640991,watch,user3,walk
1763575521725287936,-0.0518333315849304,-0.0946065485477447,-0.1909652948379516,-0.1779486536979675,0.303176075220108,1.1826786994934082,watch,user3,walk
1763575521735286016,-0.0559471845626831,-0.0766701698303222,-0.1896735727787017,-0.1789481341838836,0.2809269428253174,1.2401052713394165,watch,user3,walk
1763575521745284864,-0.0587297081947326,-0.052636444568634,-0.1849167048931121,-0.1658374369144439,0.2884131968021393,1.3094133138656616,watch,user3,walk
1763575521755283712,-0.0619611740112304,0.0212502777576446,-0.1971639394760131,-0.1038811206817627,0.2476455122232437,1.402254343032837,watch,user3,walk
1763575521765282816,-0.0576390027999877,0.0125753432512283,-0.1637240350246429,-0.0783095434308052,0.1512531042098999,1.2756301164627075,watch,user3,walk
1763575521775281920,-0.0624809861183166,-0.042713776230812,-0.1646094918251037,-0.1378072202205658,0.1505596190690994,1.3053816556930542,watch,user3,walk
1763575521785281024,-0.0320642590522766,0.0164472013711929,-0.154420256614685,-0.2861997187137604,0.1123969629406929,1.4114009141921997,watch,user3,walk
1763575521795279872,-0.0239251255989074,0.0526231974363327,-0.1475922465324401,-0.3310531973838806,0.0750954002141952,1.42402982711792,watch,user3,walk
1763575521805277952,-0.0403767824172973,0.0583161264657974,-0.1513049006462097,-0.3340373933315277,0.0422189384698867,1.360800862312317,watch,user3,walk
1763575521815276800,-0.0596130490303039,0.0620850622653961,-0.1388088762760162,-0.3694201409816742,0.0164272934198379,1.2906291484832764,watch,user3,walk
1763575521825275904,-0.067334234714508,0.0782922953367233,-0.1168700754642486,-0.4459823668003082,-0.0076175015419721,1.2352044582366943,watch,user3,walk
1763575521835275008,-0.0731220245361328,0.0881713926792144,-0.0912806391716003,-0.5484471917152405,-0.0403911583125591,1.1953760385513306,watch,user3,walk
1763575521845273856,-0.0724505186080932,0.1014470905065536,-0.0687119364738464,-0.6575224995613098,-0.0806175842881202,1.1738567352294922,watch,user3,walk
1763575521855272960,-0.0676811337471008,0.1125305444002151,-0.060881108045578,-0.7739838361740112,-0.1198747083544731,1.1430940628051758,watch,user3,walk
1763575521865271808,-0.0646405816078186,0.1269866526126861,-0.0637194812297821,-0.8362632393836975,-0.1300481706857681,1.0882877111434937,watch,user3,walk
1763575521875269888,-0.0620224475860595,0.1457379013299942,-0.0694208443164825,-0.8932714462280273,-0.1269493103027343,1.013733148574829,watch,user3,walk
1763575521885268992,-0.0495917201042175,0.1633342802524566,-0.065355896949768,-0.9434806108474731,-0.1354262381792068,0.9240584969520568,watch,user3,walk
1763575521895267840,-0.0349105596542358,0.1794671714305877,-0.054987609386444,-0.9870323538780212,-0.1584884077310562,0.8272395133972168,watch,user3,walk
1763575521905266944,-0.0243165493011474,0.1962151378393173,-0.0429049730300903,-1.0303354263305664,-0.1780282109975814,0.7552205324172974,watch,user3,walk
1763575521915265792,-0.0209057331085205,0.2109926342964172,-0.0357847511768341,-1.0362907648086548,-0.1928910464048385,0.6870097517967224,watch,user3,walk
1763575521925264896,-0.0222919583320617,0.2273755371570587,-0.0285229682922363,-1.0044256448745728,-0.1771762669086456,0.6209388375282288,watch,user3,walk
1763575521935264000,-0.0125431418418884,0.2450179755687713,-0.0223636031150817,-0.9379267692565918,-0.1495131999254226,0.5564122796058655,watch,user3,walk
1763575521945262080,0.0197248458862304,0.2645972967147827,-0.0172480642795562,-0.8326319456100464,-0.1123905256390571,0.4910433888435364,watch,user3,walk
1763575521955260928,0.0841650962829589,0.2866991460323334,-0.0187691152095794,-0.698110044002533,-0.0758964270353317,0.4398417174816131,watch,user3,walk
1763575521965260032,0.1805328726768493,0.3130891025066376,-0.021630972623825,-0.5299451351165771,-0.0359314307570457,0.415100485086441,watch,user3,walk
1763575521975258880,0.2902348041534424,0.3389396071434021,-0.0307483673095703,-0.3448405563831329,-0.0069173565134406,0.399965226650238,watch,user3,walk
1763575521985257984,0.3927345275878906,0.3610292971134186,-0.0377672910690307,-0.1808129698038101,0.0032196114771068,0.3930252492427826,watch,user3,walk
1763575521995256832,0.4425342082977295,0.3730314671993255,-0.03693687915802,-0.067690409719944,-0.0177892670035362,0.3837230801582336,watch,user3,walk
1763575522005255936,0.4181631803512573,0.3716114163398742,-0.0340001881122589,-0.0153629761189222,-0.052630428224802,0.3848393857479095,watch,user3,walk
1763575522015254016,0.3289027214050293,0.3634843230247497,-0.0308715999126434,0.004486362915486,-0.0843776986002922,0.3717052340507507,watch,user3,walk
1763575522025252864,0.2023434042930603,0.3542814254760742,-0.0221491456031799,0.0118592353537678,-0.0963303223252296,0.3028965890407562,watch,user3,walk
1763575522035251968,0.0839563608169555,0.3420758843421936,-0.0048644542694091,0.0215323697775602,-0.1071768477559089,0.1789970248937606,watch,user3,walk
1763575522045250816,-0.0145994424819946,0.3276952803134918,0.0167532563209533,0.0263824723660945,-0.1285283863544464,0.0276154279708862,watch,user3,walk
1763575522055249920,-0.0928245782852172,0.3073294162750244,0.0314204096794128,0.0417611636221408,-0.151701882481575,-0.1328541338443756,watch,user3,walk
1763575522065249024,-0.1596704125404358,0.2861642241477966,0.0292698442935943,0.0835205540060997,-0.1548901349306106,-0.2921285331249237,watch,user3,walk
1763575522075248128,-0.2173516154289245,0.2626438736915588,0.0266098380088806,0.1368391662836074,-0.1335877776145935,-0.4456104934215545,watch,user3,walk
1763575522085245952,-0.2554246783256531,0.2375264763832092,0.0238419771194458,0.193639874458313,-0.1066014319658279,-0.5875599384307861,watch,user3,walk
1763575522095244800,-0.2694144248962402,0.2164175361394882,0.0222884118556976,0.252820611000061,-0.0717505067586898,-0.7135782837867737,watch,user3,walk
1763575522105243904,-0.259380578994751,0.2018560171127319,0.0236709117889404,0.297337919473648,-0.0476558208465576,-0.8209007382392883,watch,user3,walk
1763575522115243008,-0.2208976149559021,0.1987418532371521,0.0270253419876098,0.3462108969688415,-0.040106825530529,-0.9042155742645264,watch,user3,walk
1763575522125242112,-0.1596254110336303,0.2073187977075576,0.0293096601963043,0.4226630926132202,-0.0528855584561824,-0.962355613708496,watch,user3,walk
1763575522135240704,-0.0855318903923034,0.2208197116851806,0.0257230699062347,0.5482860207557678,-0.0806671157479286,-1.0057624578475952,watch,user3,walk
1763575522145238784,-0.0095963478088378,0.2392462342977523,0.0144071877002716,0.717688798904419,-0.1113407015800476,-1.0376802682876587,watch,user3,walk
1763575522155237888,0.0676904916763305,0.2510625422000885,-4.77135181427002e-05,0.91306871175766,-0.1307974904775619,-1.0666298866271973,watch,user3,walk
1763575522165236992,0.1381185054779052,0.2515161037445068,-0.0066055953502655,1.094715595245361,-0.1347444653511047,-1.1001856327056885,watch,user3,walk
1763575522175236096,0.2039219737052917,0.2384309321641922,0.0013197362422943,1.2099348306655884,-0.1453867256641388,-1.139529824256897,watch,user3,walk
1763575522185234944,0.2530463337898254,0.2089864462614059,0.0159175395965576,1.242049217224121,-0.1856803596019745,-1.1873202323913574,watch,user3,walk
1763575522195233792,0.2729712724685669,0.1654366701841354,0.038301020860672,1.1752963066101074,-0.2431931942701339,-1.2418620586395264,watch,user3,walk
1763575522205232896,0.2542852163314819,0.116280972957611,0.0616035163402557,1.0378621816635132,-0.3146625757217407,-1.3065242767333984,watch,user3,walk
1763575522215230976,0.2060471177101135,0.0629292279481887,0.0812003314495086,0.8773493766784668,-0.3985119163990021,-1.4112317562103271,watch,user3,walk
1763575522225230080,0.1501035094261169,0.0093702673912048,0.0955734848976135,0.6449581384658813,-0.4323339164257049,-1.5138393640518188,watch,user3,walk
1763575522235228928,0.1112486124038696,-0.0058855861425399,0.0907568335533142,0.4490083456039428,-0.4299708902835846,-1.5988324880599976,watch,user3,walk
1763575522245227776,0.0808485150337219,-0.0201572626829147,0.0827853977680206,0.3343547880649566,-0.4204288721084595,-1.684536099433899,watch,user3,walk
1763575522255226880,0.0686944127082824,-0.0388131886720657,0.0671189725399017,0.2546943128108978,-0.4066033363342285,-1.7836014032363892,watch,user3,walk
1763575522265225984,0.0701707005500793,-0.0605773329734802,0.0633730888366699,0.1665700674057006,-0.3924433887004852,-1.875713586807251,watch,user3,walk
1763575522275224832,0.0839710235595703,-0.0829642117023468,0.0700830519199371,0.0739924684166908,-0.3991881310939789,-1.9447869062423704,watch,user3,walk
1763575522285222912,0.1019688844680786,-0.1054026186466217,0.0785914957523346,-0.0360059812664985,-0.4228459596633911,-1.965827703475952,watch,user3,walk
1763575522295222016,0.1146960258483886,-0.120954692363739,0.0885500609874725,-0.1402213275432586,-0.4582974314689636,-1.9685395956039429,watch,user3,walk
1763575522305221120,0.1214886903762817,-0.1397786140441894,0.0939468443393707,-0.218400165438652,-0.504831075668335,-1.980737328529358,watch,user3,walk
1763575522315220224,0.1205165982246398,-0.1606793105602264,0.0957429409027099,-0.2759034037590027,-0.5426464080810547,-1.9863464832305908,watch,user3,walk
1763575522325219072,0.110067069530487,-0.1773412227630615,0.0954004824161529,-0.3180064857006073,-0.5610307455062866,-1.969038963317871,watch,user3,walk
1763575522335218176,0.0980376005172729,-0.1922913193702697,0.0978856086730957,-0.3328000903129577,-0.5714064240455627,-1.9376569986343384,watch,user3,walk
1763575522345217280,0.0870651602745056,-0.2066080272197723,0.1041882634162902,-0.3354719579219818,-0.5820751786231995,-1.893438577651977,watch,user3,walk
1763575522355215104,0.0796741843223571,-0.219436377286911,0.1132259964942932,-0.3196434378623962,-0.5950559973716736,-1.8269532918930051,watch,user3,walk
1763575522365214208,0.075853407382965,-0.2344879508018493,0.1215935945510864,-0.2970841825008392,-0.5969141721725464,-1.7566779851913452,watch,user3,walk
1763575522375213056,0.0804885029792785,-0.2529394924640655,0.127488762140274,-0.2844578623771667,-0.5969048142433167,-1.6999927759170532,watch,user3,walk
1763575522385212160,0.086423635482788,-0.2747189700603485,0.1337812542915344,-0.2905273735523224,-0.5954996943473816,-1.6293808221817017,watch,user3,walk
1763575522395211264,0.095028281211853,-0.2939585745334625,0.1367958188056945,-0.3084504604339599,-0.5844470262527466,-1.5407723188400269,watch,user3,walk
1763575522405210368,0.0990980863571167,-0.3140594065189361,0.1374018490314483,-0.3273547887802124,-0.569329023361206,-1.426526427268982,watch,user3,walk
1763575522415208192,0.0968919992446899,-0.3262039124965668,0.1374103128910064,-0.340876966714859,-0.5537692308425903,-1.3040093183517456,watch,user3,walk
1763575522425207040,0.0877334475517273,-0.3335257768630981,0.1376433670520782,-0.35095876455307,-0.5324775576591492,-1.1647566556930542,watch,user3,walk
1763575522435206144,0.0770211815834045,-0.3374209403991699,0.1321560740470886,-0.3479885458946228,-0.5045889616012573,-1.0118358135223389,watch,user3,walk
1763575522445205248,0.0667650699615478,-0.3438011407852173,0.1246171593666076,-0.335426390171051,-0.4782817959785461,-0.8507823944091797,watch,user3,walk
1763575522455204352,0.063209056854248,-0.3476817011833191,0.1163972020149231,-0.3317812979221344,-0.4488551914691925,-0.6940393447875977,watch,user3,walk
1763575522465202944,0.058700144290924,-0.3553351163864136,0.1179124116897583,-0.3391566872596741,-0.4215486347675323,-0.5413517355918884,watch,user3,walk
1763575522475202048,0.0535349249839782,-0.3640138506889343,0.1212364435195922,-0.3528317511081695,-0.3861845135688782,-0.3797487616539001,watch,user3,walk
1763575522485200128,0.0496371388435363,-0.3676711916923523,0.1232444643974304,-0.3666316866874695,-0.3566006124019623,-0.2122431695461273,watch,user3,walk
1763575522495199232,0.0436146259307861,-0.3690806627273559,0.1233961582183837,-0.3803523182868957,-0.3257952928543091,-0.034226831048727,watch,user3,walk
1763575522505198336,0.0390229821205139,-0.3645256161689758,0.1232083439826965,-0.3812406659126282,-0.2991707921028137,0.1475040763616562,watch,user3,walk
1763575522515197184,0.0399193167686462,-0.3622002601623535,0.1189987063407898,-0.3737212121486664,-0.2777235805988312,0.3286757171154022,watch,user3,walk
1763575522525196032,0.0426520109176635,-0.3572528958320617,0.1101357638835907,-0.3536321818828583,-0.2468998581171035,0.5007984638214111,watch,user3,walk
1763575522535195136,0.050029456615448,-0.3489052653312683,0.1026898622512817,-0.3308373987674713,-0.2078182399272918,0.6768935918807983,watch,user3,walk
1763575522545194240,0.0598968863487243,-0.3390421271324157,0.0999326705932617,-0.3136002719402313,-0.1718982309103012,0.8477675914764404,watch,user3,walk
1763575522555192320,0.0735446810722351,-0.3330675959587097,0.1009660065174102,-0.3171923458576202,-0.149685338139534,1.0080041885375977,watch,user3,walk
1763575522565191168,0.0844117999076843,-0.3304359912872314,0.1046936213970184,-0.3384865224361419,-0.1354811936616897,1.1529817581176758,watch,user3,walk
1763575522575190016,0.0920568704605102,-0.3241990208625793,0.1063119769096374,-0.3771617412567138,-0.1277865320444107,1.293898582458496,watch,user3,walk
1763575522585189120,0.0970560312271118,-0.3173369765281677,0.1055289506912231,-0.4278241097927093,-0.1171683147549629,1.4270858764648438,watch,user3,walk
1763575522595188224,0.104453444480896,-0.3041240274906158,0.1022689938545227,-0.479593276977539,-0.1053225770592689,1.5615603923797607,watch,user3,walk
1763575522605187072,0.1093852519989013,-0.2892226278781891,0.0969154238700866,-0.5314412117004395,-0.0867615938186645,1.6849099397659302,watch,user3,walk
1763575522615186176,0.1157471537590026,-0.2700002789497375,0.093695044517517,-0.5747691988945007,-0.0613417141139507,1.8115060329437256,watch,user3,walk
1763575522625184000,0.1291513442993164,-0.2521604597568512,0.0902649760246276,-0.6214672923088074,-0.0287397429347038,1.9378578662872317,watch,user3,walk
1763575522635183104,0.15474534034729,-0.2322957217693328,0.0921264886856079,-0.6737281084060669,0.0120460372418165,2.06522798538208,watch,user3,walk
1763575522645182208,0.1936820745468139,-0.2096519470214843,0.09731125831604,-0.7265294790267944,0.0565383173525333,2.190272569656372,watch,user3,walk
1763575522655181056,0.2483502030372619,-0.1838560104370117,0.1054557263851165,-0.7880269289016724,0.1001529023051261,2.2950828075408936,watch,user3,walk
1763575522665180160,0.3096670508384704,-0.154564619064331,0.1093541085720062,-0.8542094230651855,0.1369781196117401,2.393166303634644,watch,user3,walk
1763575522675179264,0.3653431534767151,-0.1200326383113861,0.1132590472698211,-0.9372342824935912,0.1697088927030563,2.4878416061401367,watch,user3,walk
1763575522685177088,0.3879702091217041,-0.0893147587776184,0.1102194786071777,-1.0418593883514404,0.1883369088172912,2.570498466491699,watch,user3,walk
1763575522695176192,0.3671299815177917,-0.063850313425064,0.1042364835739135,-1.1587966680526731,0.2084802687168121,2.638047933578491,watch,user3,walk
1763575522705175040,0.3160978555679321,-0.0358676016330719,0.0967884361743927,-1.252510905265808,0.2295545637607574,2.681401014328003,watch,user3,walk
1763575522715174144,0.2696845531463623,0.0010876357555389,0.0887563228607177,-1.2998062372207642,0.2294427156448364,2.69918155670166,watch,user3,walk
1763575522725173248,0.2407760620117187,0.0439497828483581,0.0739049613475799,-1.306100368499756,0.2031980603933334,2.691377878189087,watch,user3,walk
1763575522735172352,0.2207596898078918,0.0899008214473724,0.0589440762996673,-1.2646878957748413,0.1854781955480575,2.6695830821990967,watch,user3,walk
1763575522745170944,0.1988587379455566,0.1257770955562591,0.0438835024833679,-1.1752915382385254,0.1965621709823608,2.620180368423462,watch,user3,walk
1763575522755169280,0.1693493723869323,0.154949277639389,0.0311210751533508,-1.075791835784912,0.2192770689725875,2.544563055038452,watch,user3,walk
1763575522765168128,0.1422168016433715,0.1773193031549453,0.0295164883136749,-0.9886157512664796,0.2331598699092865,2.451425552368164,watch,user3,walk
1763575522775167232,0.1236264705657959,0.1942474246025085,0.0276530086994171,-0.931713044643402,0.2266135513782501,2.347297191619873,watch,user3,walk
1763575522785166336,0.1072084903717041,0.2111502289772033,0.0288125872611999,-0.894648551940918,0.2184803336858749,2.2344532012939453,watch,user3,walk
1763575522795165184,0.0898060798645019,0.2291504591703415,0.0240046083927154,-0.8586570024490356,0.2062867879867553,2.1168558597564697,watch,user3,walk
1763575522805164032,0.0666449666023254,0.2546380162239074,0.0136239230632781,-0.8166632056236267,0.2005199790000915,1.9681318998336792,watch,user3,walk
1763575522815163136,0.0352489352226257,0.2790303528308868,0.0035841166973114,-0.7655131816864014,0.1833955943584442,1.7893818616867063,watch,user3,walk
1763575522825161216,-0.0004085302352905,0.279659241437912,-0.0066990256309509,-0.7076320052146912,0.1683893054723739,1.5807307958602903,watch,user3,walk
1763575522835160320,-0.0390887260437011,0.2722465991973877,-0.0021887421607971,-0.7008134722709656,0.1498678177595138,1.3676248788833618,watch,user3,walk
1763575522845159168,-0.0722648501396179,0.2641149759292602,0.0129066705703735,-0.7448642253875732,0.1183792203664779,1.161571979522705,watch,user3,walk
1763575522855158016,-0.1053419709205627,0.2534837424755096,0.0207337439060211,-0.8227864503860474,0.0773657411336898,0.9537885785102844,watch,user3,walk
1763575522865157120,-0.1307111978530883,0.2318808585405349,0.0285962522029876,-0.9252762794494628,0.0452627576887607,0.7507518529891968,watch,user3,walk
1763575522875156224,-0.1488305926322937,0.2058778703212738,0.0338182151317596,-1.047175049781799,0.0259881280362606,0.5621628165245056,watch,user3,walk
1763575522885154304,-0.1567744016647339,0.185108333826065,0.0376154482364654,-1.1798897981643677,0.0075286063365638,0.3897045254707336,watch,user3,walk
1763575522895153152,-0.1473510861396789,0.1709504574537277,0.0342982113361358,-1.313652753829956,-0.0186566580086946,0.2237949222326278,watch,user3,walk
1763575522905152000,-0.1248154044151306,0.1697596460580825,0.03059583902359,-1.4240885972976685,-0.0455268919467926,0.0743253454566001,watch,user3,walk
1763575522915151104,-0.0915215611457824,0.1800223141908645,0.0225879251956939,-1.4891868829727173,-0.074253611266613,-0.0580460131168365,watch,user3,walk
1763575522925150208,-0.0575745105743408,0.1910566389560699,0.013215810060501,-1.5067293643951416,-0.0919266119599342,-0.1768847852945327,watch,user3,walk
1763575522935149312,-0.0308519005775451,0.2020339071750641,0.0027302503585815,-1.4781770706176758,-0.1046863496303558,-0.2795893251895904,watch,user3,walk
1763575522945148160,-0.0024147629737854,0.2036598324775695,-0.0121711492538452,-1.4281870126724243,-0.1201447546482086,-0.376043826341629,watch,user3,walk
1763575522955145984,0.0218778252601623,0.1970467865467071,-0.0294827222824096,-1.3781864643096924,-0.1422692388296127,-0.4675391018390655,watch,user3,walk
1763575522965145088,0.0402827858924865,0.1815227270126342,-0.0463848114013671,-1.336814045906067,-0.1640938520431518,-0.5420838594436646,watch,user3,walk
1763575522975144192,0.0500817894935607,0.1615534722805023,-0.0597877502441406,-1.3139513731002808,-0.1789705157279968,-0.6091036200523376,watch,user3,walk
1763575522985143296,0.0442135334014892,0.1386273801326751,-0.0666936933994293,-1.322014570236206,-0.2099446803331375,-0.6669665575027466,watch,user3,walk
1763575522995142144,0.0298241972923278,0.1159295588731765,-0.0711548626422882,-1.3545141220092771,-0.2540519833564758,-0.7216468453407288,watch,user3,walk
1763575523005141248,0.0076680183410644,0.0945594608783721,-0.0704547762870788,-1.3709847927093506,-0.2925275266170501,-0.7662816643714905,watch,user3,walk
1763575523015139072,-0.0181819200515747,0.0701269954442977,-0.0716205835342407,-1.3848422765731812,-0.3026337027549743,-0.8017987012863159,watch,user3,walk
1763575523025138176,-0.0422322750091552,0.0577365607023239,-0.0785010755062103,-1.394034743309021,-0.2812525928020477,-0.8103293180465698,watch,user3,walk
1763575523035137280,-0.0640502572059631,0.0487705171108245,-0.0832633972167968,-1.3662787675857544,-0.2656360864639282,-0.8177518248558044,watch,user3,walk
1763575523045136128,-0.0760536193847656,0.0314358919858932,-0.0919175446033477,-1.3011950254440308,-0.2693223357200622,-0.819908618927002,watch,user3,walk
1763575523055135232,-0.0767759680747985,0.018708050251007,-0.1041136980056762,-1.2119911909103394,-0.2789890766143799,-0.8059917092323303,watch,user3,walk
1763575523065134080,-0.0768009424209594,0.0066025704145431,-0.1177210211753845,-1.1063460111618042,-0.2676607966423034,-0.7766799330711365,watch,user3,walk
1763575523075132160,-0.0735789537429809,-0.0086978077888488,-0.1276728212833404,-1.0014415979385376,-0.2563679218292236,-0.7361785769462585,watch,user3,walk
1763575523085131264,-0.079203724861145,-0.025072157382965,-0.1281681656837463,-0.915039837360382,-0.2514853775501251,-0.6873929500579834,watch,user3,walk
1763575523095130112,-0.0882413983345031,-0.0431576520204544,-0.124844491481781,-0.8574550747871399,-0.247587040066719,-0.6252340078353882,watch,user3,walk
1763575523105129216,-0.0944286584854126,-0.0578361749649047,-0.1193891465663909,-0.8143412470817566,-0.2457819581031799,-0.547764003276825,watch,user3,walk
1763575523115128320,-0.0956000685691833,-0.0681772232055664,-0.1174390614032745,-0.7765542268753052,-0.2385472059249878,-0.4579601287841797,watch,user3,walk
1763575523125127168,-0.0984987616539001,-0.0790255367755889,-0.1167132854461669,-0.7427958250045776,-0.2304074317216873,-0.3609440326690674,watch,user3,walk
1763575523135126016,-0.0973939895629882,-0.0790240466594696,-0.1149827241897583,-0.7243829965591431,-0.2128745168447494,-0.2556319832801819,watch,user3,walk
1763575523145124096,-0.0977993607521057,-0.0763930082321167,-0.1154445707798004,-0.6908822655677795,-0.1934564262628555,-0.1464744210243225,watch,user3,walk
1763575523155123200,-0.0998793244361877,-0.0751426815986633,-0.1160121262073516,-0.6511234045028687,-0.1771498918533325,-0.0419940762221813,watch,user3,walk
1763575523165122304,-0.1002412438392639,-0.0768561959266662,-0.1176486909389495,-0.6258704662322998,-0.1629659086465835,0.0576640740036964,watch,user3,walk
1763575523175121152,-0.1012061834335327,-0.0797776579856872,-0.1235687732696533,-0.5932672619819641,-0.1197007149457931,0.1674819141626358,watch,user3,walk
1763575523185120000,-0.1139266490936279,-0.0761304795742034,-0.1315280199050903,-0.5305734276771545,-0.0603712573647499,0.2697960436344147,watch,user3,walk
1763575523195119104,-0.122854471206665,-0.0669625401496887,-0.1324504315853119,-0.4785719811916351,-0.0301851276308298,0.3537923991680145,watch,user3,walk
1763575523205118208,-0.1257256865501403,-0.0614223480224609,-0.1287249624729156,-0.4478736519813537,-0.0175318289548158,0.4145239293575287,watch,user3,walk
1763575523215116288,-0.1274165511131286,-0.0612731575965881,-0.1287352442741394,-0.4162075817584991,0.0032480182126164,0.4709453880786896,watch,user3,walk
1763575523225115136,-0.1248400211334228,-0.0618594586849212,-0.1321752965450287,-0.379362404346466,0.0326310321688652,0.5352832078933716,watch,user3,walk
1763575523235113984,-0.1178776621818542,-0.0518535673618316,-0.1316017508506775,-0.3362535536289215,0.0667309463024139,0.6076759099960327,watch,user3,walk
1763575523245113088,-0.1126710772514343,-0.0415572226047515,-0.1309544742107391,-0.2886871099472046,0.1082778498530387,0.6820605993270874,watch,user3,walk
1763575523255112192,-0.1061505079269409,-0.0269118249416351,-0.1298386454582214,-0.2365101873874664,0.1361017525196075,0.7461063861846924,watch,user3,walk
1763575523265111296,-0.0968390703201294,-0.0144824683666229,-0.1310745179653167,-0.19093719124794,0.1509013921022415,0.7914097309112549,watch,user3,walk
1763575523275109120,-0.0823032855987548,-0.0048066824674606,-0.1289863288402557,-0.157487615942955,0.1553209125995636,0.8303731083869934,watch,user3,walk
1763575523285107968,-0.0727267861366272,0.0038789808750152,-0.1236857175827026,-0.1416790187358856,0.1531609147787094,0.8620991706848145,watch,user3,walk
1763575523295106816,-0.0669561028480529,0.0091061443090438,-0.1146389842033386,-0.1502946019172668,0.1529427915811538,0.8869696259498596,watch,user3,walk
1763575523305105664,-0.0610062479972839,0.0148674696683883,-0.1046124398708343,-0.1788424402475357,0.1504201591014862,0.904365301132202,watch,user3,walk
1763575523315104768,-0.0589314103126525,0.025149255990982,-0.0942520797252655,-0.2122669816017151,0.1437255144119262,0.913709282875061,watch,user3,walk
1763575523325103872,-0.05258709192276,0.0371712148189544,-0.0886969566345214,-0.2464989423751831,0.1356698870658874,0.9099688529968262,watch,user3,walk
1763575523335102720,-0.0477979779243469,0.0499031245708465,-0.0864963829517364,-0.2739779949188232,0.1376800388097763,0.9003878831863403,watch,user3,walk
1763575523345100800,-0.0414003133773803,0.0646959990262985,-0.0849832892417907,-0.2952875196933746,0.139527216553688,0.8812320828437805,watch,user3,walk
1763575523355099648,-0.0331354141235351,0.0788888037204742,-0.0830202996730804,-0.3187638223171234,0.1423735916614532,0.8565605282783508,watch,user3,walk
1763575523365098752,-0.026172935962677,0.0904454141855239,-0.0801588594913482,-0.3472659587860107,0.1644363701343536,0.8352591395378113,watch,user3,walk
1763575523375097856,-0.0196691155433654,0.1470069289207458,-0.0876498222351074,-0.3260592222213745,0.1912581324577331,0.9040619134902954,watch,user3,walk
1763575523385096704,0.0017994046211242,0.1497469693422317,-0.0704416036605835,-0.3809684813022613,0.0903056040406227,0.7430362701416016,watch,user3,walk
1763575523395095808,-0.0027462244033813,0.0590334385633468,-0.0600563734769821,-0.4469549357891083,0.0726357921957969,0.6323385238647461,watch,user3,walk
1763575523405093632,0.0399370789527893,0.0976755321025848,-0.0830548256635665,-0.5761210322380066,0.1068487986922264,0.669145941734314,watch,user3,walk
1763575523415092736,0.0886745452880859,0.1525810211896896,-0.0724377036094665,-0.6316620111465454,0.1228695809841156,0.6973325610160828,watch,user3,walk
1763575523425091840,0.1424864530563354,0.1786968857049942,-0.0790628790855407,-0.5794928669929504,0.1277178674936294,0.667011559009552,watch,user3,walk
1763575523435090688,0.1968663334846496,0.1931703090667724,-0.0929372906684875,-0.5060175657272339,0.1166630834341049,0.5770875215530396,watch,user3,walk
1763575523445089792,0.2508838176727295,0.2105040401220321,-0.1025646328926086,-0.468847781419754,0.101895235478878,0.4941133558750152,watch,user3,walk
1763575523455088896,0.295491099357605,0.2230881601572036,-0.1052204370498657,-0.4714981615543365,0.0929044038057327,0.4325149655342102,watch,user3,walk
1763575523465086720,0.3070678114891052,0.2247976064682006,-0.1011607646942138,-0.513597846031189,0.0665895268321037,0.3862982094287872,watch,user3,walk
1763575523475085824,0.2790188193321228,0.2164717614650726,-0.090650737285614,-0.5942010879516602,0.0255400966852903,0.3229597210884094,watch,user3,walk
1763575523485084672,0.2143065929412841,0.2064702212810516,-0.0831133723258972,-0.6721882820129395,-0.0129229631274938,0.2268160879611969,watch,user3,walk
1763575523495083776,0.1384230256080627,0.2014130502939224,-0.0805129408836364,-0.675289511680603,-0.0224818456918001,0.103812925517559,watch,user3,walk
1763575523505082880,0.062032401561737,0.2047184705734253,-0.0808210968971252,-0.6413600444793701,-0.0358352027833461,-0.0454704351723194,watch,user3,walk
1763575523515081984,0.0003905296325683,0.1955833584070205,-0.0712773650884628,-0.6074990034103394,-0.0578116066753864,-0.2022256851196289,watch,user3,walk
1763575523525080576,-0.0469326376914978,0.1732507348060608,-0.0615383833646774,-0.5934191346168518,-0.0803363621234893,-0.3289561867713928,watch,user3,walk
1763575523535078656,-0.073851466178894,0.1438026130199432,-0.0618716180324554,-0.5844943523406982,-0.1042052060365676,-0.4401359856128692,watch,user3,walk
1763575523545077760,-0.0968150496482849,0.1197299063205719,-0.0699639618396759,-0.5828912258148193,-0.1328680962324142,-0.5611399412155151,watch,user3,walk
1763575523555076864,-0.1151691079139709,0.0998352020978927,-0.0827083587646484,-0.5710595846176147,-0.1645991206169128,-0.6936835646629333,watch,user3,walk
1763575523565075968,-0.1334121823310852,0.0893408954143524,-0.0966183394193649,-0.5598793625831604,-0.194011703133583,-0.8228394985198975,watch,user3,walk
1763575523575074560,-0.1496347784996032,0.0831178724765777,-0.1067440956830978,-0.5362906455993652,-0.2270463556051254,-0.9404382705688475,watch,user3,walk
1763575523585073664,-0.1581393480300903,0.0797440260648727,-0.1056001186370849,-0.4861176908016205,-0.2583857178688049,-1.029797077178955,watch,user3,walk
1763575523595071744,-0.1572954058647155,0.0737472772598266,-0.0965132564306259,-0.4105353355407715,-0.2769279778003692,-1.0968579053878784,watch,user3,walk
1763575523605070848,-0.1381868124008178,0.0617515593767166,-0.0860199779272079,-0.3192008137702942,-0.2924221456050873,-1.1449763774871826,watch,user3,walk
1763575523615069952,-0.092869758605957,0.0463082045316696,-0.075241595506668,-0.2395608276128769,-0.3266349732875824,-1.1833099126815796,watch,user3,walk
1763575523625068800,-0.0321658253669738,0.0321502536535263,-0.0605062544345855,-0.1828219592571258,-0.3834324181079864,-1.2070683240890503,watch,user3,walk
1763575523635067648,0.0374882817268371,0.0154584646224975,-0.0542210638523101,-0.1299619376659393,-0.4332298040390014,-1.2190719842910769,watch,user3,walk
1763575523645066752,0.1046200394630432,-0.0027630925178527,-0.0491586625576019,-0.074268102645874,-0.5103647112846375,-1.2397992610931396,watch,user3,walk
1763575523655064832,0.1776195168495178,-0.0376207828521728,-0.0265034735202789,-0.098990224301815,-0.5593746304512024,-1.2639868259429932,watch,user3,walk
1763575523665063936,0.2573179006576538,-0.0497637391090393,-0.0286773145198822,-0.1815007627010345,-0.5614542961120605,-1.240383505821228,watch,user3,walk
1763575523675062784,0.3056409358978271,-0.0593758225440979,-0.0112863779067993,-0.2734403014183044,-0.5723533034324646,-1.2341673374176023,watch,user3,walk
1763575523685061632,0.3220367431640625,-0.0965994000434875,0.0111193656921386,-0.3944346308708191,-0.6191341280937195,-1.2627137899398804,watch,user3,walk
1763575523695060736,0.2980442643165588,-0.1498591303825378,0.0322072505950927,-0.6028232574462891,-0.7005892992019653,-1.2797844409942627,watch,user3,walk
1763575523705059840,0.2505378127098083,-0.161326378583908,0.0543715059757232,-0.7501975297927856,-0.7415764331817627,-1.314685344696045,watch,user3,walk
1763575523715058688,0.1961147785186767,-0.1492647528648376,0.0512337088584899,-0.843201220035553,-0.725128710269928,-1.3613373041152954,watch,user3,walk
1763575523725056768,0.1332812309265136,-0.167058914899826,0.0539693534374237,-0.9129587411880492,-0.6850407123565674,-1.3771183490753174,watch,user3,walk
1763575523735055616,0.0951539874076843,-0.1961329579353332,0.0614623725414276,-0.9769976735115052,-0.6552958488464355,-1.3868485689163208,watch,user3,walk
1763575523745054720,0.0659116506576538,-0.2212858498096466,0.0713244080543518,-1.0679765939712524,-0.6261727809906006,-1.350419044494629,watch,user3,walk
1763575523755053824,0.0430266261100769,-0.2279433906078338,0.0792499184608459,-1.0804671049118042,-0.5906821489334106,-1.3191404342651367,watch,user3,walk
1763575523765052672,0.0238101482391357,-0.2279631793498993,0.080432504415512,-1.0219440460205078,-0.5390231609344482,-1.3160876035690308,watch,user3,walk
1763575523775051776,0.0147064328193664,-0.2260046899318695,0.0815617144107818,-0.908144235610962,-0.49466472864151,-1.3003469705581665,watch,user3,walk
1763575523785049600,0.0166563391685485,-0.2218143939971923,0.0861125886440277,-0.806669294834137,-0.4666549265384674,-1.2006694078445437,watch,user3,walk
1763575523795048704,0.0186156630516052,-0.2306589484214782,0.0902734100818634,-0.7099912166595459,-0.4598817229270935,-1.0904611349105835,watch,user3,walk
1763575523805047808,0.0185961723327636,-0.2467032372951507,0.0963619351387023,-0.6341068148612976,-0.4624418318271637,-0.974951446056366,watch,user3,walk
1763575523815046912,0.0159488916397094,-0.2548267245292663,0.093529611825943,-0.5737795829772949,-0.4531830847263336,-0.8636563420295715,watch,user3,walk
1763575523825045760,0.0008447766304016,-0.2622215151786804,0.0898472964763641,-0.5369092226028442,-0.4168511033058166,-0.742325484752655,watch,user3,walk
1763575523835044864,-0.0129794478416442,-0.2697670459747314,0.0969472825527191,-0.5004758238792419,-0.3793737590312958,-0.6226810812950134,watch,user3,walk
1763575523845042688,-0.0177689790725708,-0.2762506008148193,0.1100518107414245,-0.4773415923118591,-0.33402019739151,-0.487697422504425,watch,user3,walk
1763575523855041792,-0.0166899561882019,-0.2747400999069214,0.1213360428810119,-0.4506793320178985,-0.299466997385025,-0.3398043811321258,watch,user3,walk
1763575523865040896,-0.008985161781311,-0.275141954421997,0.1292634308338165,-0.4353679716587066,-0.2640555799007416,-0.1843345612287521,watch,user3,walk
1763575523875039744,0.0005480647087097,-0.2742282152175903,0.1344026923179626,-0.4031938016414642,-0.2356678992509842,0.0073736058548092,watch,user3,walk
1763575523885038848,0.013980746269226,-0.2685507535934448,0.1351454555988311,-0.376961350440979,-0.1892733126878738,0.1888854056596756,watch,user3,walk
1763575523895037952,0.0119257569313049,-0.2723677158355713,0.1317203938961029,-0.3459608256816864,-0.1412519961595535,0.3234381675720215,watch,user3,walk
1763575523905036800,0.0028787851333618,-0.2730270028114319,0.1338183879852295,-0.3605772256851196,-0.0805038660764694,0.4433318078517914,watch,user3,walk
1763575523915034880,-0.0067415237426757,-0.2734121978282928,0.1408136487007141,-0.3810715973377228,-0.0168420691043138,0.6012159585952759,watch,user3,walk
1763575523925033728,-0.0151841640472412,-0.2793331742286682,0.1484920978546142,-0.3983448445796966,0.0425845049321651,0.7627988457679749,watch,user3,walk
1763575523935032832,-0.0253449082374572,-0.289165735244751,0.1472699344158172,-0.3911250233650207,0.09555184841156,0.9326755404472352,watch,user3,walk
1763575523945031936,-0.0399128794670105,-0.2942314147949219,0.1322088837623596,-0.3641639947891235,0.138818085193634,1.076406717300415,watch,user3,walk
1763575523955030784,-0.0509121417999267,-0.2779349684715271,0.1182045936584472,-0.3491197824478149,0.1731134951114654,1.1982498168945312,watch,user3,walk
1763575523965029632,-0.0518115162849426,-0.245379626750946,0.1076559722423553,-0.342223197221756,0.1924772411584854,1.2970309257507324,watch,user3,walk
1763575523975027712,-0.0440764427185058,-0.2006361186504364,0.0900495946407318,-0.3229219317436218,0.2017772644758224,1.394709229469299,watch,user3,walk
1763575523985026816,-0.035527765750885,-0.1522368192672729,0.0709436237812042,-0.275526612997055,0.2144366055727005,1.4841896295547483,watch,user3,walk
1763575523995025920,-0.0242009162902832,-0.1123501062393188,0.0533173978328704,-0.2130371183156967,0.2348995357751846,1.592798948287964,watch,user3,walk
1763575524005024768,-0.0171164870262146,-0.0838784277439117,0.0364684164524078,-0.1429764628410339,0.2574720382690429,1.704336404800415,watch,user3,walk
1763575524015023616,-0.0146088600158691,-0.0640201866626739,0.0245042741298675,-0.0868599340319633,0.2751181423664093,1.802595376968384,watch,user3,walk
1763575524025022720,-0.0106636881828308,-0.0448746681213378,0.0136876702308654,-0.0493184998631477,0.2861352860927582,1.877483606338501,watch,user3,walk
1763575524035020800,-5.048513412475586e-05,-0.027273029088974,0.0040473639965057,-0.0245255380868911,0.2868290245532989,1.9205242395401,watch,user3,walk
1763575524045019904,0.0184175372123718,-0.0059863924980163,-0.0035627782344818,-0.0122442813590168,0.277421236038208,1.938937187194824,watch,user3,walk
1763575524055019008,0.0443117618560791,0.022046685218811,-0.0138083696365356,0.0061227418482303,0.2543055415153503,1.949376463890076,watch,user3,walk
1763575524065017600,0.0652531385421752,0.0562376081943511,-0.027504563331604,0.0328655838966369,0.2349594533443451,1.9503804445266724,watch,user3,walk
1763575524075016704,0.0857123136520385,0.0929208695888519,-0.0400021970272064,0.0558726340532302,0.2200907617807388,1.9372444152832031,watch,user3,walk
1763575524085015808,0.0942789912223815,0.1244499683380127,-0.050743281841278,0.0705800279974937,0.2110203802585601,1.9021363258361816,watch,user3,walk
1763575524095014912,0.0951811075210571,0.1533604562282562,-0.0593055784702301,0.0777620449662208,0.2074871659278869,1.8594591617584229,watch,user3,walk
1763575524105012992,0.0919083952903747,0.1724670231342315,-0.0655719637870788,0.0749047398567199,0.2035731375217437,1.8050545454025269,watch,user3,walk
1763575524115011584,0.0880616903305053,0.1889878511428833,-0.0735933631658554,0.0602379105985164,0.1979290843009948,1.7372368574142456,watch,user3,walk
1763575524125010688,0.0896638631820678,0.2009987235069275,-0.0819839835166931,0.0277113914489746,0.1900852918624878,1.657261610031128,watch,user3,walk
1763575524135009792,0.0936717987060546,0.2150631695985794,-0.0889236330986023,-0.0240519382059574,0.166793018579483,1.5659375190734863,watch,user3,walk
1763575524145008896,0.0999953150749206,0.2284289300441742,-0.094681978225708,-0.0852697566151619,0.1356952786445617,1.467538833618164,watch,user3,walk
1763575524155007744,0.0986040234565734,0.2413850575685501,-0.0991845726966857,-0.1528357416391372,0.0987577587366104,1.36765718460083,watch,user3,walk
1763575524165005568,0.0933319926261901,0.2546088695526123,-0.1045441031455993,-0.2723451256752014,0.0625531524419784,1.2536203861236572,watch,user3,walk
1763575524175004672,0.073992908000946,0.2745141983032226,-0.0908554792404174,-0.514418363571167,-0.0204681400209665,1.1558449268341064,watch,user3,walk
1763575524185003776,0.0802603363990783,0.2768065929412842,-0.0849202275276184,-0.5351569056510925,-0.0603943429887294,1.0496954917907717,watch,user3,walk
1763575524195002880,0.0802316069602966,0.2782878577709198,-0.1074055284261703,-0.5168135762214661,-0.0205646362155675,0.9557684063911438,watch,user3,walk
1763575524205001728,0.0908063650131225,0.3140662014484405,-0.1119548082351684,-0.5263265371322632,-0.0241374429315328,0.8469306230545044,watch,user3,walk
1763575524215000832,0.1128053069114685,0.332557737827301,-0.1027855724096298,-0.4786610305309295,-0.0513336472213268,0.7527210116386414,watch,user3,walk
1763575524224998656,0.1386018991470337,0.3315946757793426,-0.0992786288261413,-0.4259331822395324,-0.058845181018114,0.6744131445884705,watch,user3,walk
1763575524234997760,0.1465437412261963,0.3355323672294616,-0.0938945859670639,-0.4423228204250335,-0.0760510712862014,0.5902671217918396,watch,user3,walk
1763575524244996864,0.128165066242218,0.335378885269165,-0.0876433700323104,-0.4990468919277191,-0.1087457165122032,0.4920022189617157,watch,user3,walk
1763575524254995712,0.0962024331092834,0.3258893489837646,-0.0860566794872284,-0.5513410568237305,-0.1438917219638824,0.3968205749988556,watch,user3,walk
1763575524264994816,0.059410274028778,0.3138105273246765,-0.0837944597005844,-0.5941452980041504,-0.1589983254671096,0.3058009147644043,watch,user3,walk
1763575524274993920,0.026739478111267,0.3098059296607971,-0.0773783028125763,-0.6325203776359558,-0.173412948846817,0.2149772644042968,watch,user3,walk
1763575524284991744,0.0022571086883544,0.3114022612571716,-0.0677417963743209,-0.6504409909248352,-0.1837498247623443,0.1243102774024009,watch,user3,walk
1763575524294989824,-0.0087190866470336,0.313701868057251,-0.0657712072134018,-0.6185895800590515,-0.1708963513374328,0.0483294948935508,watch,user3,walk
1763575524304988928,-0.0142496228218078,0.3170051574707031,-0.0663392543792724,-0.5811746716499329,-0.170449286699295,-0.017154973000288,watch,user3,walk
1763575524314987776,-0.0156761407852172,0.3167105317115783,-0.0626495331525802,-0.5371779203414917,-0.184870570898056,-0.0771613121032714,watch,user3,walk
1763575524324986880,-0.0293093919754028,0.3100340366363525,-0.0567022413015365,-0.4906220734119415,-0.1941035836935043,-0.1385411322116851,watch,user3,walk
1763575524334985728,-0.0521237850189209,0.302878201007843,-0.0477325171232223,-0.4394893944263458,-0.2032422125339508,-0.2049403935670852,watch,user3,walk
1763575524344983808,-0.0782589316368103,0.2967103123664856,-0.0392084717750549,-0.3685817420482635,-0.2001490443944931,-0.2780951559543609,watch,user3,walk
1763575524354982912,-0.1047249436378479,0.2914654016494751,-0.031105488538742,-0.2739551067352295,-0.1960200816392898,-0.3525688350200653,watch,user3,walk
1763575524364982016,-0.1296085715293884,0.2861664295196533,-0.0219345092773437,-0.160457894206047,-0.191977322101593,-0.4236670732498169,watch,user3,walk
1763575524374980864,-0.1505650281906128,0.2817590534687042,-0.0132533609867095,-0.0343652069568634,-0.1789142489433288,-0.4968611299991607,watch,user3,walk
1763575524384979712,-0.1706416010856628,0.2732815742492676,-0.0023690164089202,0.1020168662071228,-0.1668967306613922,-0.5774575471878052,watch,user3,walk
1763575524394978816,-0.1854369640350341,0.2608107924461365,0.0090181827545166,0.2310834974050521,-0.1502881795167923,-0.66159588098526,watch,user3,walk
1763575524404977920,-0.1911758780479431,0.2469028085470199,0.0220574736595153,0.3569600880146026,-0.1294135302305221,-0.7422804832458496,watch,user3,walk
1763575524414976000,-0.1916425228118896,0.2303130775690078,0.0342097282409668,0.4627027511596679,-0.1090534031391143,-0.8276830315589905,watch,user3,walk
1763575524424974848,-0.1839295625686645,0.2150482237339019,0.0464493632316589,0.5608939528465271,-0.0881093293428421,-0.9122742414474488,watch,user3,walk
1763575524434973696,-0.1666169762611389,0.1977338939905166,0.0571029484272003,0.6361700892448425,-0.0624513663351535,-0.9933424592018129,watch,user3,walk
1763575524444972800,-0.1447862386703491,0.1796964108943939,0.0677769184112548,0.7016087174415588,-0.0404446013271808,-1.0721862316131592,watch,user3,walk
1763575524454971904,-0.1146183609962463,0.16585074365139,0.0730288624763488,0.7563558220863342,-0.0119839310646057,-1.1435835361480713,watch,user3,walk
1763575524464970752,-0.0789663195610046,0.1517953276634216,0.0773544311523437,0.805931806564331,0.0165422521531581,-1.205947995185852,watch,user3,walk
1763575524474968832,-0.0415835380554199,0.1401337236166,0.0821927487850189,0.8567582368850708,0.0500882267951965,-1.261363863945007,watch,user3,walk
1763575524484967936,-0.002096951007843,0.1301197111606598,0.0859085619449615,0.9102192521095276,0.0818703025579452,-1.3100266456604004,watch,user3,walk
1763575524494966784,0.0408310294151306,0.1200203746557235,0.0859019458293914,0.9628558158874512,0.1114244610071182,-1.3540785312652588,watch,user3,walk
1763575524504965888,0.0806682705879211,0.1092761158943176,0.0830839872360229,1.015666365623474,0.1337623596191406,-1.3859388828277588,watch,user3,walk
1763575524514964736,0.1171746253967285,0.0972436070442199,0.0805168747901916,1.0596647262573242,0.1598964929580688,-1.40585196018219,watch,user3,walk
1763575524524963840,0.1397950649261474,0.0810701549053192,0.0802580118179321,1.0863133668899536,0.1967297792434692,-1.4419844150543213,watch,user3,walk
1763575524534961920,0.1432987451553344,0.0605028867721557,0.0771775543689727,1.2232043743133545,0.2086753845214843,-1.4787240028381348,watch,user3,walk
1763575524544960768,0.1398307681083679,0.0486598312854766,0.0836349129676818,1.1856826543807983,0.2380313128232956,-1.449202537536621,watch,user3,walk
1763575524554959872,0.1243616938591003,0.0322818458080291,0.1007803082466125,1.165514588356018,0.236896812915802,-1.446547031402588,watch,user3,walk
1763575524564958720,0.0960423946380615,-0.0009246170520782,0.106286734342575,1.167496919631958,0.2326045036315918,-1.4544439315795898,watch,user3,walk
1763575524574957824,0.0681565999984741,-0.012381374835968,0.1031542420387268,1.141654372215271,0.2610904574394226,-1.439263939857483,watch,user3,walk
1763575524584956928,0.0430019497871398,-0.011943906545639,0.0984360873699188,1.1300088167190552,0.3007822334766388,-1.381262183189392,watch,user3,walk
1763575524594954752,0.0210199952125549,-0.0196973383426666,0.0951360166072845,1.1794536113739014,0.3338714838027954,-1.3503684997558594,watch,user3,walk
1763575524604953856,0.0016086101531982,-0.0345067679882049,0.0916928350925445,1.2366517782211304,0.3734748065471649,-1.3305933475494385,watch,user3,walk
1763575524614952704,-0.0069068074226379,-0.0406455397605896,0.0906808674335479,1.3023079633712769,0.419833779335022,-1.3074164390563965,watch,user3,walk
1763575524624951808,-0.0039694309234619,-0.0432937443256378,0.089532732963562,1.3864543437957764,0.4573107659816742,-1.2638390064239502,watch,user3,walk
1763575524634950912,0.0053711533546447,-0.0474413037300109,0.0900559723377227,1.4799879789352417,0.485906183719635,-1.209627389907837,watch,user3,walk
1763575524644950016,0.013013482093811,-0.0522701442241668,0.0896548628807067,1.579568862915039,0.5093221664428711,-1.1529829502105713,watch,user3,walk
1763575524654947840,0.0160639286041259,-0.057294487953186,0.0912637710571289,1.6659868955612185,0.535342812538147,-1.0969449281692505,watch,user3,walk
1763575524664946688,0.0187265872955322,-0.0599400997161865,0.0933634042739868,1.733376145362854,0.5701121091842651,-1.0413745641708374,watch,user3,walk
1763575524674945792,0.0223516225814819,-0.0666536688804626,0.1016587316989898,1.7797926664352417,0.5971381068229675,-0.9780517220497132,watch,user3,walk
1763575524684944896,0.0288619995117187,-0.0733726918697357,0.1098268032073974,1.8042367696762085,0.6110761761665344,-0.9066014289855956,watch,user3,walk
1763575524694944000,0.035715103149414,-0.0801649391651153,0.1169347167015075,1.8084999322891235,0.6255112886428833,-0.8297542929649353,watch,user3,walk
1763575524704942848,0.041806936264038,-0.0877126455307006,0.1192438006401062,1.806215047836304,0.6455207467079163,-0.7551270723342896,watch,user3,walk
1763575524714940672,0.0438593626022338,-0.089474081993103,0.1162349581718444,1.7968835830688477,0.6679378747940063,-0.6895400881767273,watch,user3,walk
1763575524724939776,0.04446542263031,-0.0917304456233978,0.1143839359283447,1.7963415384292605,0.6868749260902405,-0.6338280439376831,watch,user3,walk
1763575524734938880,0.040640115737915,-0.0909391641616821,0.1135825812816619,1.803722023963928,0.7064459323883057,-0.592739462852478,watch,user3,walk
1763575524744937984,0.0340096950531005,-0.0899648666381836,0.107738196849823,1.814425110816956,0.7253578901290894,-0.5334556698799133,watch,user3,walk
1763575524754936832,0.0290374159812927,-0.0863031446933746,0.1039330959320068,1.8361908197402956,0.7441605925559998,-0.4926158487796783,watch,user3,walk
1763575524764935680,0.018476665019989,-0.0838811695575714,0.0966844856739044,1.8599001169204712,0.766489565372467,-0.4596533477306366,watch,user3,walk
1763575524774934784,0.0093674063682556,-0.0773935317993164,0.0958864092826843,1.8756734132766724,0.7842935919761658,-0.4276850521564483,watch,user3,walk
1763575524784932864,-0.003125250339508,-0.0757003724575042,0.0969593226909637,1.8989819288253784,0.7936745882034302,-0.3897202014923095,watch,user3,walk
1763575524794931968,-0.013171374797821,-0.0731869339942932,0.0995993316173553,1.922466278076172,0.8102061748504639,-0.3558589220046997,watch,user3,walk
1763575524804930816,-0.022292137145996,-0.0724557936191558,0.0971516370773315,1.9511072635650637,0.8305768966674805,-0.3274711668491363,watch,user3,walk
1763575524814929664,-0.0306087136268615,-0.0672371685504913,0.0935779511928558,1.9820129871368408,0.8545405268669128,-0.293022096157074,watch,user3,walk
1763575524824928768,-0.0299738049507141,-0.0600680708885192,0.0895488560199737,2.021469593048096,0.8806443214416504,-0.2605611681938171,watch,user3,walk
1763575524834927872,-0.0252924561500549,-0.053293764591217,0.0886647701263427,2.0622003078460693,0.9048777222633362,-0.2364390641450882,watch,user3,walk
1763575524844925952,-0.0151957273483276,-0.0484788715839386,0.0898151099681854,2.102576732635498,0.9247093796730042,-0.1948141902685165,watch,user3,walk
1763575524854924800,-0.0049507617950439,-0.0425769090652465,0.0938102900981903,2.1286277770996094,0.9427940845489502,-0.1338014304637909,watch,user3,walk
1763575524864923648,0.000286042690277,-0.036564290523529,0.0960339307785034,2.1371467113494877,0.951490879058838,-0.0741375014185905,watch,user3,walk
1763575524874922752,0.0010488033294677,-0.0317661762237548,0.0939480662345886,2.131242275238037,0.9509297609329224,-0.026975579559803,watch,user3,walk
1763575524884921856,-0.0046405792236328,-0.0216085612773895,0.0945309996604919,2.1131246089935303,0.9495205283164978,0.0158072374761104,watch,user3,walk
1763575524894920704,-0.0189365148544311,-0.0153914093971252,0.0942403078079223,2.087879180908203,0.955341935157776,0.0626104325056076,watch,user3,walk
1763575524904918784,-0.0321640968322753,-0.0090342760086059,0.0939981937408447,2.053607225418091,0.9634161591529846,0.1165616810321807,watch,user3,walk
1763575524914917888,-0.0414531230926513,0.0015141069889068,0.0954760909080505,2.037858486175537,0.9756057262420654,0.1630655229091644,watch,user3,walk
1763575524924916736,-0.0441057682037353,0.0184796154499053,0.08913254737854,2.0390782356262207,0.9966576099395752,0.204395055770874,watch,user3,walk
1763575524934915840,-0.0331426858901977,0.0435980260372161,0.0796639025211334,2.086728572845459,1.01997172832489,0.2367023974657058,watch,user3,walk
1763575524944914944,-0.0173237919807434,0.0701223909854888,0.0639711022377014,2.1868908405303955,1.0260745286941528,0.2725559175014496,watch,user3,walk
1763575524954913792,0.0015233755111694,0.0993188023567199,0.0440375208854675,2.3175477981567383,1.0344185829162598,0.2917738258838653,watch,user3,walk
1763575524964911872,0.0109032392501831,0.1236197352409362,0.0221320986747741,2.4619405269622803,1.0356872081756592,0.2962816953659057,watch,user3,walk
1763575524974910720,0.0102837681770324,0.14112389087677,0.0071007013320922,2.594232082366944,1.0265110731124878,0.2927530109882355,watch,user3,walk
1763575524984909824,0.0053739547729492,0.1528142690658569,-0.0009829401969909,2.688350915908813,1.012923240661621,0.2715893983840942,watch,user3,walk
1763575524994908928,-0.0058604478836059,0.1574606001377105,-0.0004964768886566,2.7577390670776367,1.0005717277526855,0.23271444439888,watch,user3,walk
1763575525004907776,-0.0152478814125061,0.164296492934227,0.0036593675613403,2.8012917041778564,0.9863434433937072,0.1824218481779098,watch,user3,walk
1763575525014906880,-0.0148305892944335,0.1696643531322479,0.012444794178009,2.822882652282715,0.9637438654899596,0.1251383274793625,watch,user3,walk
1763575525024904704,-0.0053320527076721,0.1769783049821853,0.017901062965393,2.8512394428253174,0.9612516760826112,0.0797391533851623,watch,user3,walk
1763575525034903808,0.0172923803329467,0.1792176216840744,0.0147880911827087,2.884504795074463,0.9667031764984132,0.0482989363372325,watch,user3,walk
1763575525044902912,0.0620955228805542,0.1820549517869949,0.0094335675239562,2.9287679195404053,0.9480880498886108,0.0201266855001449,watch,user3,walk
1763575525054901760,0.1195203065872192,0.1922929137945175,-0.0057568699121475,3.04154109954834,0.8710135221481323,-0.0101579828187823,watch,user3,walk
1763575525064900864,0.1777114272117614,0.2278737425804138,-0.0259268283843994,3.281732082366944,0.732185959815979,-0.0456131808459758,watch,user3,walk
1763575525074899968,0.2339392900466919,0.297970175743103,-0.052290141582489,3.6819427013397217,0.6105583310127258,-0.0729515925049781,watch,user3,walk
1763575525084897792,0.2611884474754333,0.3763475716114044,-0.0756266117095947,4.167485237121582,0.5840693712234497,-0.1116688251495361,watch,user3,walk
1763575525094896896,0.2342592477798462,0.4282448291778564,-0.0695767253637313,4.674402236938477,0.6371060013771057,-0.1607879102230072,watch,user3,walk
1763575525104895744,0.1678269505500793,0.4336601197719574,-0.046563982963562,5.087331295013428,0.7068390846252441,-0.1978178322315216,watch,user3,walk
1763575525114894848,0.088270366191864,0.4098707139492035,0.0027288794517517,5.341423034667969,0.7412697672843933,-0.2383380979299545,watch,user3,walk
1763575525124893952,0.014925479888916,0.3656681180000305,0.064637154340744,5.450971603393555,0.7334880232810974,-0.3071732819080353,watch,user3,walk
1763575525134893056,-0.039179503917694,0.3156547844409942,0.1134056746959686,5.468282222747803,0.7111116051673889,-0.4044532477855682,watch,user3,walk
1763575525144890880,-0.072269856929779,0.265699565410614,0.1390169560909271,5.376250267028809,0.6915584206581116,-0.4894123375415802,watch,user3,walk
1763575525154889728,-0.0893306732177734,0.2258218824863433,0.1579391360282898,5.19923734664917,0.6774615049362183,-0.5534693598747253,watch,user3,walk
1763575525164888832,-0.0938022136688232,0.1955445408821106,0.1787206679582595,4.969489574432373,0.6401052474975586,-0.6102784276008606,watch,user3,walk
1763575525174887936,-0.0833563804626464,0.1777445077896118,0.1950231194496154,4.7081170082092285,0.5844078660011292,-0.6557335257530212,watch,user3,walk
1763575525184887040,-0.071258544921875,0.1754719913005828,0.2049863934516906,4.485557556152344,0.520433783531189,-0.7045067548751831,watch,user3,walk
1763575525194885632,-0.0601949095726013,0.1937195956707,0.2135348916053772,4.238763809204102,0.4854947328567505,-0.6953931450843811,watch,user3,walk
1763575525204883712,-0.0516786575317382,0.2238432765007019,0.2098962068557739,4.045263290405273,0.4474433958530426,-0.6790354251861572,watch,user3,walk
1763575525214882816,-0.0519438385963439,0.2394581288099289,0.1958231925964355,3.969142436981201,0.416211724281311,-0.6758151054382324,watch,user3,walk
1763575525224881920,-0.0598267316818237,0.2573057413101196,0.1762558221817016,3.9812474250793457,0.4291332960128784,-0.6544541120529175,watch,user3,walk
1763575525234881024,-0.0649096965789794,0.2820106148719787,0.172433391213417,4.013035297393799,0.4179219305515289,-0.5831010937690735,watch,user3,walk
1763575525244879616,-0.0463241934776306,0.3116461038589477,0.1889048516750335,4.033951759338379,0.3790048658847809,-0.5122478008270264,watch,user3,walk
1763575525254878720,-0.0153415203094482,0.3380092680454254,0.2069512158632278,4.096648216247559,0.3170655965805053,-0.4492169022560119,watch,user3,walk
1763575525264876800,0.0218582153320312,0.37095707654953,0.2176819592714309,4.201397895812988,0.2530428469181061,-0.3812224864959717,watch,user3,walk
1763575525274875904,0.0537769794464111,0.4106529057025909,0.2118237167596817,4.328190326690674,0.2105526477098465,-0.3047657907009125,watch,user3,walk
1763575525284875008,0.0653511881828308,0.4465911388397217,0.2123571038246154,4.525397777557373,0.1314862370491027,-0.2450013905763626,watch,user3,walk
1763575525294874112,0.0725502967834472,0.4845847487449646,0.2007136344909668,4.806742668151856,0.0466317981481552,-0.2121499627828598,watch,user3,walk
1763575525304873216,0.0585339665412902,0.5326375365257263,0.2138900458812713,5.115713596343994,-0.0148022649809718,-0.1914841681718826,watch,user3,walk
1763575525314872320,0.0305469036102294,0.5636489987373352,0.2281688153743744,5.423569679260254,-0.0273060761392116,-0.1855242848396301,watch,user3,walk
1763575525324870144,0.0019361972808837,0.5733959674835205,0.2455391585826873,5.64463472366333,0.0256567448377609,-0.1881036162376403,watch,user3,walk
1763575525334869248,-0.0137255787849426,0.562773585319519,0.2721255421638489,5.696677684783936,0.070793330669403,-0.2013256847858429,watch,user3,walk
1763575525344868096,-0.0111946463584899,0.5339784622192383,0.303869754076004,5.5636067390441895,0.078468382358551,-0.2411719560623169,watch,user3,walk
1763575525354867200,-0.0051620602607727,0.4945048987865448,0.3366432189941406,5.353854656219482,0.0418174266815185,-0.3133524060249328,watch,user3,walk
1763575525364866304,0.0109479427337646,0.4652541875839233,0.3571158051490783,5.005106925964356,0.0132194263860583,-0.3574935495853424,watch,user3,walk
1763575525374865152,0.0267016887664794,0.4550159573554992,0.3641590774059295,4.603546619415283,-0.0011315494775772,-0.3803048729896545,watch,user3,walk
1763575525384863232,0.0205544233322143,0.4258336424827575,0.3547585010528564,4.226139068603516,-0.0095546841621398,-0.4269324839115143,watch,user3,walk
1763575525394862080,-0.0003573298454284,0.3896637558937073,0.3399426937103271,3.881555795669556,-0.0213527549058198,-0.4729721546173095,watch,user3,walk
1763575525404861184,-0.0236305594444274,0.3647555708885193,0.3209704756736755,3.552905321121216,-0.0497088506817817,-0.529041051864624,watch,user3,walk
1763575525414860288,-0.0443299412727355,0.359953910112381,0.2971331477165222,3.2221932411193848,-0.0759284645318985,-0.6147189140319824,watch,user3,walk
1763575525424859136,-0.0559244155883789,0.3694478273391723,0.2671831548213959,2.8906514644622803,-0.0881804302334785,-0.7080893516540527,watch,user3,walk
1763575525434857984,-0.0509960055351257,0.3893039524555206,0.2327729612588882,2.5973448753356934,-0.1100250110030174,-0.7659872770309448,watch,user3,walk
1763575525444856064,-0.0350807309150695,0.4111325740814209,0.1969329714775085,2.412177324295044,-0.1134625300765037,-0.8292617201805115,watch,user3,walk
1763575525454855168,-0.0174026489257812,0.4337016940116882,0.1659578084945678,2.2674009799957275,-0.0939141288399696,-0.8790963888168335,watch,user3,walk
1763575525464854272,-0.0022693276405334,0.4424632787704468,0.1443188339471817,2.1430234909057617,-0.0793374925851821,-0.9048851728439332,watch,user3,walk
1763575525474853376,0.0158360600471496,0.4332842528820038,0.1287033855915069,2.0244569778442383,-0.0733517706394195,-0.9352483749389648,watch,user3,walk
1763575525484851968,0.0314636826515197,0.4239639639854431,0.1213206052780151,1.922401070594788,-0.0890554562211036,-0.9536049962043762,watch,user3,walk
1763575525494851072,0.0443387031555175,0.4244751632213592,0.1194356381893158,1.8571815490722656,-0.1005304902791976,-0.9680976271629332,watch,user3,walk
1763575525504849152,0.0520741939544677,0.4292720258235931,0.1175867915153503,1.8435375690460205,-0.1005941331386566,-0.9703348278999328,watch,user3,walk
1763575525514848256,0.0535025596618652,0.4357251226902008,0.1110073328018188,1.877953290939331,-0.0988436341285705,-0.9689251780509948,watch,user3,walk
1763575525524847360,0.0426093935966491,0.4304712414741516,0.1047516763210296,1.940550208091736,-0.0987391546368599,-0.9772726893424988,watch,user3,walk
1763575525534845952,0.0227435827255249,0.420764297246933,0.1031373739242553,2.015920639038086,-0.0942722335457801,-0.984811544418335,watch,user3,walk
1763575525544845056,0.0002248287200927,0.4070932269096374,0.1029308438301086,2.091055393218994,-0.0953857079148292,-0.998214602470398,watch,user3,walk
1763575525554844160,-0.0204845666885375,0.3845654428005218,0.1036936342716217,2.1359450817108154,-0.0998542234301567,-1.014560341835022,watch,user3,walk
1763575525564842240,-0.0343194603919982,0.3564712703227997,0.1040839850902557,2.1545894145965576,-0.105250671505928,-1.0213274955749512,watch,user3,walk
1763575525574841344,-0.0392534136772155,0.3286838829517364,0.1106709390878677,2.1526122093200684,-0.1238789483904838,-1.018041491508484,watch,user3,walk
1763575525584839936,-0.0386310815811157,0.302920252084732,0.119745910167694,2.129293203353882,-0.1550653725862503,-1.016168475151062,watch,user3,walk
1763575525594839040,-0.0375639796257019,0.2837670445442199,0.1248770058155059,2.0820062160491943,-0.1858107596635818,-1.0151290893554688,watch,user3,walk
1763575525604838144,-0.0337418317794799,0.2628971934318542,0.133529394865036,2.0295560359954834,-0.2068517804145813,-0.990648090839386,watch,user3,walk
1763575525614837248,-0.0261753797531127,0.2343461215496063,0.1475921273231506,1.9866015911102293,-0.2385660260915756,-0.9463309645652772,watch,user3,walk
1763575525624835328,-0.0142067670822143,0.2086037546396255,0.1516799628734588,1.9607421159744265,-0.2826034426689148,-0.9021345973014832,watch,user3,walk
1763575525634834176,-0.0017991662025451,0.2076970189809799,0.1517896056175232,1.9354554414749143,-0.3078291416168213,-0.8830362558364868,watch,user3,walk
1763575525644833024,0.0127021670341491,0.2317571640014648,0.1551234424114227,1.904204249382019,-0.3148624002933502,-0.8933477997779846,watch,user3,walk
1763575525654832128,0.0364434719085693,0.2687509953975677,0.1491959393024444,1.8702635765075684,-0.3254242241382599,-0.9327346086502076,watch,user3,walk
1763575525664831232,0.0646439790725708,0.3028700947761535,0.1417468339204788,1.7913639545440674,-0.3422001004219055,-0.988985240459442,watch,user3,walk
1763575525674830080,0.0827594399452209,0.325543075799942,0.1336853504180908,1.6818400621414185,-0.3688197135925293,-1.0350148677825928,watch,user3,walk
1763575525684828160,0.0902633070945739,0.3354274034500122,0.1226945519447326,1.546009182929993,-0.373471051454544,-1.038601636886597,watch,user3,walk
1763575525694827008,0.0851587057113647,0.3243971765041351,0.113046258687973,1.406044602394104,-0.3657281696796417,-1.037625789642334,watch,user3,walk
1763575525704826112,0.0721555948257446,0.2956867516040802,0.1108534038066864,1.2846609354019165,-0.3683307766914367,-1.0507876873016355,watch,user3,walk
1763575525714825216,0.0699629783630371,0.2622029781341553,0.1189991533756256,1.1730999946594238,-0.3738171458244324,-1.0824942588806152,watch,user3,walk
1763575525724824064,0.0790895223617553,0.2351176738739013,0.1345980763435363,1.082115888595581,-0.3804315626621246,-1.1039611101150513,watch,user3,walk
1763575525734823168,0.0860981345176696,0.2135271728038787,0.1507548987865448,1.0252294540405271,-0.3843945860862732,-1.1243265867233276,watch,user3,walk
1763575525744820992,0.0888600349426269,0.2077774703502655,0.1643430888652801,0.9967077374458312,-0.3733253479003906,-1.1459689140319824,watch,user3,walk
1763575525754820096,0.086849570274353,0.2117011845111847,0.1777453124523162,0.9879243969917296,-0.3455965220928192,-1.170864224433899,watch,user3,walk
1763575525764819200,0.0913501977920532,0.2167290449142456,0.1902860403060913,0.983997106552124,-0.3067995011806488,-1.1831616163253784,watch,user3,walk
1763575525774818304,0.1028143167495727,0.2119325399398803,0.1980591416358947,0.9713580012321472,-0.2552691996097564,-1.1922539472579956,watch,user3,walk
1763575525784817152,0.1213428974151611,0.1968354284763336,0.2070566117763519,0.9293633103370668,-0.2055691182613372,-1.194084644317627,watch,user3,walk
1763575525794816256,0.146056592464447,0.1760741472244262,0.2142288386821746,0.8405290842056274,-0.1466288268566131,-1.1975758075714111,watch,user3,walk
1763575525804815104,0.1703873872756958,0.1497345864772796,0.2135966718196869,0.7402550578117371,-0.1062624976038932,-1.1920151710510254,watch,user3,walk
1763575525814813184,0.1942863464355468,0.1284392774105072,0.2114147543907165,0.631172776222229,-0.0768473520874977,-1.1677913665771484,watch,user3,walk
1763575525824812288,0.211017906665802,0.1132762134075164,0.1989209949970245,0.5410170555114746,-0.0644514039158821,-1.1387624740600586,watch,user3,walk
1763575525834811136,0.2224981784820556,0.1007003188133239,0.1822065711021423,0.4781922698020935,-0.0288438722491264,-1.113876223564148,watch,user3,walk
1763575525844810240,0.2291207909584045,0.0956672877073288,0.1725932359695434,0.4256285727024078,0.0187398046255111,-1.0815026760101318,watch,user3,walk
1763575525854809088,0.2296792864799499,0.0913500040769577,0.1708720624446869,0.3900684416294098,0.063990905880928,-1.0405843257904053,watch,user3,walk
1763575525864807168,0.2279092073440551,0.080358862876892,0.1703777909278869,0.3670846223831177,0.073915883898735,-0.9902740716934204,watch,user3,walk
1763575525874806272,0.2232015132904052,0.070664569735527,0.1602802276611328,0.3283042013645172,0.0712673738598823,-0.9432109594345092,watch,user3,walk
1763575525884805120,0.2076855897903442,0.056952103972435,0.1512178778648376,0.2818821966648102,0.0718003585934639,-0.9146661758422852,watch,user3,walk
1763575525894804224,0.1804453730583191,0.0453517287969589,0.1422589719295501,0.2364816963672638,0.0789418891072273,-0.9016459584236144,watch,user3,walk
1763575525904803328,0.1427088379859924,0.0309337377548217,0.1426138579845428,0.1915809214115142,0.0849286764860153,-0.9044148921966552,watch,user3,walk
1763575525914802176,0.1005737781524658,0.0145074725151062,0.1477928459644317,0.1499581187963485,0.0810271427035331,-0.9275098443031312,watch,user3,walk
1763575525924800256,0.0571895241737365,-0.001324713230133,0.1549626886844635,0.1088500544428825,0.0685013234615325,-0.96563321352005,watch,user3,walk
1763575525934799104,0.0187233686447143,-0.0184123814105987,0.1610628962516784,0.0642772614955902,0.0536432825028896,-1.0081889629364014,watch,user3,walk
1763575525944798208,-0.0145414471626281,-0.0347289741039276,0.1621659696102142,0.0420584604144096,0.0343399792909622,-1.0466943979263306,watch,user3,walk
1763575525954797312,-0.0322350263595581,-0.0562745630741119,0.158528596162796,0.0475048907101154,0.0151420515030622,-1.0948991775512695,watch,user3,walk
1763575525964796160,-0.0421053767204284,-0.0770274102687835,0.1507905721664428,0.0702197030186653,0.0015715584158897,-1.1483441591262815,watch,user3,walk
1763575525974795008,-0.0420729517936706,-0.0907330811023712,0.1492776572704315,0.0896003246307373,0.0020924727432429,-1.209868311882019,watch,user3,walk
1763575525984793088,-0.0290303826332092,-0.098509132862091,0.1539070606231689,0.1015296876430511,0.0079884454607963,-1.2561801671981812,watch,user3,walk
1763575525994792192,-0.0032005906105041,-0.1029140353202819,0.1617605090141296,0.0972358733415603,0.0183191131800413,-1.2757136821746826,watch,user3,walk
1763575526004791296,0.0297328233718872,-0.1087329685688018,0.1683874130249023,0.0730174854397773,0.0314463675022125,-1.279070258140564,watch,user3,walk
1763575526014790144,0.0604572296142578,-0.1207570731639862,0.1733696162700653,0.0257296003401279,0.0559447854757308,-1.2738065719604492,watch,user3,walk
1763575526024788992,0.0879485011100769,-0.136994868516922,0.1745873689651489,-0.0110385790467262,0.090470366179943,-1.2539719343185425,watch,user3,walk
1763575526034788096,0.1081426739692688,-0.1523409187793731,0.1745335459709167,-0.0835471302270889,0.1410424560308456,-1.219125509262085,watch,user3,walk
1763575526044787200,0.1210055947303772,-0.1660936772823333,0.1692192554473877,-0.1653556823730468,0.1990055441856384,-1.1832268238067627,watch,user3,walk
1763575526054785280,0.1368571519851684,-0.1822790503501892,0.1639931499958038,-0.2285021543502807,0.2446073740720749,-1.1188923120498655,watch,user3,walk
1763575526064784128,0.1510877609252929,-0.1931832730770111,0.1499308347702026,-0.2572933137416839,0.2745266556739807,-1.0291484594345093,watch,user3,walk
1763575526074782976,0.1566576361656189,-0.200053721666336,0.1303364038467407,-0.2328756004571914,0.2892094552516937,-0.931698441505432,watch,user3,walk
1763575526084782080,0.1490103006362915,-0.1991002857685089,0.1060896217823028,-0.156866043806076,0.3033284842967987,-0.8327538371086121,watch,user3,walk
1763575526094781184,0.1314455270767212,-0.1885034143924713,0.085193246603012,-0.0186242815107107,0.299153983592987,-0.7288045287132263,watch,user3,walk
1763575526104779264,0.1085044145584106,-0.1722595989704132,0.0750339329242706,0.1907158941030502,0.288735419511795,-0.623420238494873,watch,user3,walk
1763575526114778368,0.0847495794296264,-0.1539962887763977,0.068475604057312,0.4795186817646026,0.3173705339431762,-0.512107789516449,watch,user3,walk
1763575526124776960,0.0577186346054077,-0.139086365699768,0.0566771030426025,0.7763139605522156,0.3815670907497406,-0.4175572395324707,watch,user3,walk
1763575526134776064,0.0318814516067504,-0.1361156702041626,0.0539377033710479,1.0488483905792236,0.4486827254295349,-0.3365894258022308,watch,user3,walk
1763575526144775168,0.0154746770858764,-0.1413229405879974,0.0513141751289367,1.2963969707489014,0.4975048899650574,-0.2631042301654815,watch,user3,walk
1763575526154774272,0.009289264678955,-0.1482165157794952,0.0423524677753448,1.5028632879257202,0.5328346490859985,-0.1884747296571731,watch,user3,walk
1763575526164773120,0.0080593228340148,-0.1586886644363403,0.0400750637054443,1.660541534423828,0.5709657073020935,-0.1230411231517791,watch,user3,walk
1763575526174770944,0.0055608749389648,-0.1759295761585235,0.0406165421009063,1.7702741622924805,0.6089870929718018,-0.0773364901542663,watch,user3,walk
1763575526184770048,0.0059661865234375,-0.1893189251422882,0.0412428975105285,1.811943769454956,0.6325227618217468,-0.0429768487811088,watch,user3,walk
1763575526194769152,0.0123651027679443,-0.2000955641269683,0.04221773147583,1.7912888526916504,0.6396190524101257,-0.0121449008584022,watch,user3,walk
1763575526204768256,0.01657235622406,-0.2110349237918853,0.0425003468990325,1.725944995880127,0.6238794922828674,0.0267003662884235,watch,user3,walk
1763575526214767104,0.0223009586334228,-0.2167578637599945,0.0351068079471588,1.6218146085739136,0.602094292640686,0.0658730715513229,watch,user3,walk
1763575526224765184,0.0233123302459716,-0.2192938029766082,0.0300676226615905,1.4879578351974487,0.5817691683769226,0.100103810429573,watch,user3,walk
1763575526234764032,0.0219801068305969,-0.2186337113380432,0.0282146334648132,1.3449461460113523,0.5646708607673645,0.1327107548713684,watch,user3,walk
1763575526244763136,0.0178455710411071,-0.2173334658145904,0.0287341773509979,1.1939202547073364,0.547380268573761,0.1689380556344986,watch,user3,walk
1763575526254762240,0.0105396509170532,-0.213411271572113,0.0269500911235809,1.0468053817749023,0.5333736538887024,0.2041855305433273,watch,user3,walk
1763575526264761088,0.0044150948524475,-0.2070664167404174,0.02141535282135,0.9078509211540222,0.5204542279243469,0.2400665134191513,watch,user3,walk
1763575526274760192,0.0010340213775634,-0.1949603855609893,0.014466106891632,0.7861348986625671,0.5176123380661011,0.2813910245895386,watch,user3,walk
1763575526284758016,-0.0039294958114624,-0.186234176158905,0.0072206258773803,0.6916196346282959,0.5133545398712158,0.3217933475971222,watch,user3,walk
1763575526294756864,-0.0074109435081481,-0.1783603131771087,-0.0061314404010772,0.615166425704956,0.508095383644104,0.3683387339115143,watch,user3,walk
1763575526304755968,-0.0166548490524292,-0.171115905046463,-0.0149386525154113,0.5631052851676941,0.5077343583106995,0.4070583581924438,watch,user3,walk
1763575526314755072,-0.0215359926223754,-0.1630813181400299,-0.0220531523227691,0.5343191623687744,0.5050160884857178,0.4462369084358215,watch,user3,walk
1763575526324753920,-0.0212780237197875,-0.1518779695034027,-0.0295662879943847,0.5147049427032471,0.4953452348709106,0.4847277402877807,watch,user3,walk
1763575526334752768,-0.02207612991333,-0.1431144773960113,-0.0350996851921081,0.4907266199588775,0.4848158955574035,0.5203174352645874,watch,user3,walk
1763575526344750848,-0.0240082740783691,-0.1328830420970916,-0.0394229292869567,0.4815064966678619,0.4775265753269195,0.556067168712616,watch,user3,walk
1763575526354749952,-0.0231521725654602,-0.1209504306316375,-0.0443307757377624,0.4652377665042877,0.473602145910263,0.5900240540504456,watch,user3,walk
1763575526364749056,-0.0205423235893249,-0.1111785471439361,-0.0480082929134368,0.4497081339359283,0.4667790234088897,0.6207677721977234,watch,user3,walk
1763575526374747904,-0.0186921954154968,-0.1024737656116485,-0.054161787033081,0.4318013191223144,0.4558110535144806,0.645458996295929,watch,user3,walk
1763575526384747008,-0.0220197439193725,-0.0922623574733734,-0.0591684281826019,0.3928640186786651,0.4458774626255035,0.6637446880340576,watch,user3,walk
1763575526394745856,-0.0258004665374755,-0.0793374478816986,-0.0682207345962524,0.3645463585853576,0.4304511249065399,0.6765385270118713,watch,user3,walk
1763575526404743936,-0.0356488227844238,-0.0696963667869567,-0.0823609232902526,0.3320781290531158,0.4224992394447326,0.6819897890090942,watch,user3,walk
1763575526414743040,-0.0456292629241943,-0.0584647357463836,-0.0916356742382049,0.3276780545711517,0.4197354316711426,0.692383885383606,watch,user3,walk
1763575526424741888,-0.0480129122734069,-0.0437017381191253,-0.0981663465499877,0.3359347283840179,0.4165748953819275,0.6942484378814697,watch,user3,walk
1763575526434740992,-0.0470547080039978,-0.0245768725872039,-0.104672372341156,0.3575979471206665,0.4158041775226593,0.6920020580291748,watch,user3,walk
1763575526444739840,-0.0430624485015869,-0.0077932476997375,-0.110115647315979,0.384294182062149,0.4191319644451141,0.693452000617981,watch,user3,walk
1763575526454738944,-0.0332083106040954,0.0073594152927398,-0.1149488389492034,0.4131633937358856,0.4190403521060943,0.6879051923751831,watch,user3,walk
1763575526464737024,-0.022027313709259,0.024646908044815,-0.1198405921459198,0.4403502345085144,0.4127814471721649,0.6794418692588806,watch,user3,walk
1763575526474735872,-0.0103946924209594,0.0429691672325134,-0.1255659461021423,0.4703035950660705,0.4005948305130005,0.666933000087738,watch,user3,walk
1763575526484734976,-0.0009877085685729,0.059775561094284,-0.1296626329421997,0.4990851879119873,0.3852822184562683,0.6438955068588257,watch,user3,walk
1763575526494733824,0.0058830380439758,0.0755667239427566,-0.1332650184631347,0.5205180644989014,0.373761922121048,0.6155738234519958,watch,user3,walk
1763575526504732928,0.0158478617668151,0.0834820568561554,-0.1308929324150085,0.5372189283370972,0.3622528910636902,0.5856049656867981,watch,user3,walk
1763575526514731776,0.0258222222328186,0.0814962238073349,-0.1231350898742675,0.5513381958007812,0.3483011126518249,0.5561985969543457,watch,user3,walk
1763575526524729856,0.0368998050689697,0.0723191201686859,-0.1124382615089416,0.5458768010139465,0.3323356509208679,0.5164523124694824,watch,user3,walk
1763575526534728960,0.0497521758079528,0.0678529292345047,-0.0970629751682281,0.5143700242042542,0.3109371364116668,0.4718436300754547,watch,user3,walk
1763575526544727808,0.0666913986206054,0.0687793642282486,-0.0833350121974945,0.4678330719470978,0.290606141090393,0.4260929822921753,watch,user3,walk
1763575526554726912,0.0955139398574829,0.0770139098167419,-0.07325279712677,0.4234887957572937,0.2722012996673584,0.3822743892669678,watch,user3,walk
1763575526564725760,0.1450344324111938,0.0902480781078338,-0.0713156461715698,0.3917346596717834,0.2566724717617035,0.3458243608474731,watch,user3,walk
1763575526574724864,0.2071865200996399,0.103210762143135,-0.0759347379207611,0.3674836456775665,0.2468454092741012,0.3117199242115021,watch,user3,walk
1763575526584722944,0.2670867443084717,0.1133027821779251,-0.0844848453998565,0.3416165113449096,0.2270895540714264,0.2802290320396423,watch,user3,walk
1763575526594721792,0.3068405985832214,0.1158578544855117,-0.0935385078191757,0.2890249192714691,0.1998043954372406,0.253687709569931,watch,user3,walk
1763575526604720896,0.309446632862091,0.1126542687416076,-0.1033511757850647,0.2036381661891937,0.1577498018741607,0.2217696607112884,watch,user3,walk
1763575526614719744,0.2694495320320129,0.1021439731121063,-0.108329564332962,0.0969351604580879,0.1133884564042091,0.1764828711748123,watch,user3,walk
1763575526624718848,0.1976838707923889,0.096054583787918,-0.105619192123413,-0.007976965047419,0.0643260180950164,0.1211976408958435,watch,user3,walk
1763575526634717952,0.1268385648727417,0.0952534526586532,-0.0983428210020065,-0.0961917787790298,0.0245229471474885,0.0600426793098449,watch,user3,walk
1763575526644716032,0.0646376609802246,0.0953325480222702,-0.0797134488821029,-0.15138640999794,-0.0035487241111695,-0.013465229421854,watch,user3,walk
1763575526654714880,0.0125836133956909,0.0950435101985931,-0.0597996711730957,-0.1724195182323455,-0.0387099049985408,-0.0847689732909202,watch,user3,walk
1763575526664713984,-0.0308159589767456,0.092704638838768,-0.0505140125751495,-0.1668425947427749,-0.0703325495123863,-0.1543938517570495,watch,user3,walk
1763575526674712832,-0.0730737447738647,0.0870216637849807,-0.0436948984861373,-0.1295777857303619,-0.0991418212652206,-0.223546028137207,watch,user3,walk
1763575526684711936,-0.1090614795684814,0.0777086019515991,-0.0332420915365219,-0.0708676055073738,-0.1240490302443504,-0.2835345268249511,watch,user3,walk
1763575526694711040,-0.1439542770385742,0.0691402554512023,-0.0217426419258117,-0.003629176877439,-0.150571197271347,-0.3432993292808532,watch,user3,walk
1763575526704708864,-0.1688537001609802,0.0614646226167678,-0.010454922914505,0.0625919178128242,-0.180179163813591,-0.4010646343231201,watch,user3,walk
1763575526714707968,-0.1862192153930664,0.0573879927396774,-0.0032355040311813,0.1186951324343681,-0.2065290063619613,-0.4454544484615326,watch,user3,walk
1763575526724706816,-0.191167414188385,0.0507765114307403,0.0087735056877136,0.1598146110773086,-0.2279634624719619,-0.4758051633834839,watch,user3,walk
1763575526734705920,-0.1823508143424987,0.0456759631633758,0.0222025513648986,0.1885964572429657,-0.2328682094812393,-0.4825408458709717,watch,user3,walk
1763575526744705024,-0.1576172113418579,0.0457061529159545,0.0382966995239257,0.202078178524971,-0.2294511049985885,-0.4710668921470642,watch,user3,walk
1763575526754703872,-0.1214572191238403,0.045230820775032,0.0593577921390533,0.2039721310138702,-0.2249557673931121,-0.440068632364273,watch,user3,walk
1763575526764701952,-0.0815160870552063,0.0462599992752075,0.0743733793497085,0.1985152214765548,-0.2254751771688461,-0.3915210664272308,watch,user3,walk
1763575526774700800,-0.0413674712181091,0.0515064448118209,0.0820038318634033,0.2007517367601394,-0.2319770157337188,-0.3234296143054962,watch,user3,walk
1763575526784699904,-0.0033941864967346,0.0577697455883026,0.0807505846023559,0.227402314543724,-0.1978971511125564,-0.2606091797351837,watch,user3,walk
1763575526794699008,0.0258238315582275,0.0283170044422149,0.0726256072521209,0.2168332934379577,-0.2457509785890579,-0.2459138482809066,watch,user3,walk
1763575526804698112,0.0711085796356201,0.0611611008644104,0.0890589356422424,0.2576251029968261,-0.2565874457359314,-0.1401341557502746,watch,user3,walk
1763575526814695936,0.1210706233978271,0.1416552811861038,0.0690662562847137,0.2971836924552917,-0.233125552535057,0.0326647795736789,watch,user3,walk
1763575526824694784,0.131457507610321,0.1480203717947006,0.0691327154636383,0.3527255952358246,-0.263844221830368,0.1182800829410553,watch,user3,walk
1763575526834693888,0.1121757626533508,0.1251988857984542,0.0927487909793853,0.3789335191249847,-0.3130695819854736,0.1378295570611953,watch,user3,walk
1763575526844692992,0.0788004994392395,0.1191868036985397,0.1107831895351409,0.3733605444431305,-0.3272888958454132,0.1495444625616073,watch,user3,walk
1763575526854692096,0.0325285196304321,0.1192198693752288,0.1344565451145172,0.3277017176151275,-0.3303909599781036,0.1501215696334839,watch,user3,walk
1763575526864690944,-0.0103859305381774,0.1042408645153045,0.1621483862400055,0.2627809643745422,-0.3246527910232544,0.1414282768964767,watch,user3,walk
1763575526874689792,-0.0443181991577148,0.0853128731250763,0.1887117326259613,0.1788221597671508,-0.3196654915809631,0.1100165620446205,watch,user3,walk
1763575526884687872,-0.0715534090995788,0.0702741593122482,0.2054165005683899,0.0921128839254379,-0.3019529283046722,0.051967304199934,watch,user3,walk
1763575526894686976,-0.0897023677825927,0.0592186748981475,0.2125070095062255,0.0247948318719863,-0.2834292948246002,-0.023072849959135,watch,user3,walk
1763575526904686080,-0.0946764349937439,0.0595363229513168,0.2125151753425598,-0.0165675673633813,-0.2510824203491211,-0.079388253390789,watch,user3,walk
1763575526914684928,-0.0896716117858886,0.0653513073921203,0.2033553421497345,-0.0220147967338562,-0.210303321480751,-0.1212472841143608,watch,user3,walk
1763575526924683776,-0.0709947347640991,0.0707115828990936,0.1888198256492614,-0.0013050360139459,-0.1761197000741958,-0.1633684337139129,watch,user3,walk
1763575526934682880,-0.0480862855911254,0.0726331323385238,0.1792334914207458,0.0290299672633409,-0.1457341015338897,-0.2024804204702377,watch,user3,walk
1763575526944680960,-0.0303801894187927,0.0712746232748031,0.1838712394237518,0.0403958484530448,-0.1176154613494873,-0.2383652478456497,watch,user3,walk
1763575526954680064,-0.0179826617240905,0.0684295296669006,0.1897026896476745,0.0216935351490974,-0.1040525138378143,-0.2683987617492676,watch,user3,walk
1763575526964678912,-0.0133257508277893,0.0664895623922348,0.1929085552692413,-0.0225236397236585,-0.1027461513876915,-0.2871726155281067,watch,user3,walk
1763575526974677760,-0.0151843428611755,0.0685821920633316,0.190468281507492,-0.0666370391845703,-0.0976315513253212,-0.2959152460098266,watch,user3,walk
1763575526984676864,-0.0235786437988281,0.069566786289215,0.1860503256320953,-0.081074520945549,-0.0923215597867965,-0.2946487069129944,watch,user3,walk
1763575526994675968,-0.0328298211097717,0.0689715296030044,0.1842734515666961,-0.0524537973105907,-0.0768350139260292,-0.2955358028411865,watch,user3,walk
1763575527004674048,-0.0372266769409179,0.0721271634101867,0.1762389838695526,-0.0352785810828208,-0.0443659275770187,-0.3005435466766357,watch,user3,walk
1763575527014672896,-0.0361520051956176,0.0782473236322403,0.1631782352924347,-0.0022780220024287,-0.0053647337481379,-0.3066986501216888,watch,user3,walk
1763575527024671744,-0.0300653576850891,0.0676718354225158,0.1543135046958923,0.0460837818682193,0.0237649213522672,-0.3019436299800873,watch,user3,walk
1763575527034670848,-0.0168092846870422,0.0580568760633468,0.1505019962787628,0.0785751491785049,0.0474595986306667,-0.296095073223114,watch,user3,walk
1763575527044669952,-0.0053520798683166,0.0523543506860733,0.1487657129764557,0.0758391469717025,0.070670910179615,-0.2873892486095428,watch,user3,walk
1763575527054668032,-0.0005900263786315,0.0448594689369201,0.1390533149242401,0.0692283809185028,0.0816348791122436,-0.2830307185649872,watch,user3,walk
1763575527064666880,0.0043001770973205,0.0379359722137451,0.1233805418014526,0.069201223552227,0.0785107240080833,-0.2864395678043365,watch,user3,walk
1763575527074665984,0.0039494633674621,0.0371769368648529,0.1003351211547851,0.0791694372892379,0.0847672894597053,-0.2752441763877868,watch,user3,walk
1763575527084664832,-0.0006921887397766,0.037558376789093,0.0803092420101165,0.1197290271520614,0.0983325466513633,-0.253006637096405,watch,user3,walk
1763575527094663936,-0.0067543387413024,0.040997177362442,0.0598253011703491,0.1890931725502014,0.1057268157601356,-0.2395060211420059,watch,user3,walk
1763575527104662784,-0.0086780190467834,0.0471216142177581,0.046615183353424,0.2712023258209228,0.1164311170578002,-0.2329178303480148,watch,user3,walk
1763575527114661888,-0.0123701691627502,0.0492230951786041,0.0361213088035583,0.3543352782726288,0.1235020831227302,-0.2260700464248657,watch,user3,walk
1763575527124659968,-0.0158007144927978,0.0428212285041809,0.0304599404335021,0.4280728697776794,0.1303924769163131,-0.21656334400177,watch,user3,walk
1763575527134658816,-0.0163379311561584,0.0371856093406677,0.0249260663986206,0.4864397943019867,0.1374173760414123,-0.2065996676683426,watch,user3,walk
1763575527144657920,-0.0144798159599304,0.0278024971485137,0.0186903476715087,0.5262826681137085,0.1336646229028701,-0.1998912990093231,watch,user3,walk
1763575527154656768,-0.0039346814155578,0.0216145813465118,0.012724757194519,0.5464723706245422,0.1305516511201858,-0.1905718296766281,watch,user3,walk
1763575527164655872,0.0058326125144958,0.0149656534194946,0.0082638561725616,0.552298903465271,0.1245791465044021,-0.177217349410057,watch,user3,walk
1763575527174653952,0.0170522332191467,0.0086610019207,0.0002144873142242,0.5446601510047913,0.1157374531030654,-0.1626248210668563,watch,user3,walk
1763575527184652800,0.0271174311637878,0.0039834976196289,-0.0095158517360687,0.5209217667579651,0.1042952686548233,-0.1481279581785202,watch,user3,walk
1763575527194651904,0.0305220484733581,-0.00584477186203,-0.0106521546840667,0.4829099476337433,0.0922702997922897,-0.1295974254608154,watch,user3,walk
1763575527204650752,0.0323051214218139,-0.0155843496322631,-0.0107687413692474,0.4209493696689605,0.0781028121709823,-0.1142138093709945,watch,user3,walk
1763575527214649856,0.0281064510345459,-0.0257661342620849,-0.0139550864696502,0.343469500541687,0.062207743525505,-0.1023675352334976,watch,user3,walk
1763575527224648960,0.0181295275688171,-0.0379088819026947,-0.0108981430530548,0.2481989711523056,0.0469460524618625,-0.0956337302923202,watch,user3,walk
1763575527234648064,0.0102529525756835,-0.0469174087047576,-0.018318235874176,0.1541611552238464,0.0311013087630271,-0.0822838395833969,watch,user3,walk
1763575527244645888,0.0075898766517639,-0.0521028041839599,-0.0270415544509887,0.0609658844769001,0.0178658440709114,-0.061192937195301,watch,user3,walk
1763575527254644992,0.0075790882110595,-0.0539795458316803,-0.0434507727622985,-0.0087223835289478,0.0135805513709783,-0.0330659635365009,watch,user3,walk
1763575527264643840,0.0130617618560791,-0.0509352087974548,-0.0560210943222045,-0.0557841695845127,0.0189066063612699,-0.0057006501592695,watch,user3,walk
1763575527274642944,0.0291472673416137,-0.04385706782341,-0.0603911876678466,-0.0819364115595817,0.0363444536924362,0.0384857170283794,watch,user3,walk
1763575527284642048,0.0662175416946411,-0.0331522226333618,-0.0589508116245269,-0.094751626253128,0.0667845606803894,0.0930083468556404,watch,user3,walk
1763575527294640128,0.1224827170372009,-0.0185208022594451,-0.0513615608215332,-0.1017552092671394,0.0969765558838844,0.1579556614160537,watch,user3,walk
1763575527304638976,0.2042070627212524,-0.0018031001091003,-0.0438351333141326,-0.1175860613584518,0.1206200122833252,0.2237893342971801,watch,user3,walk
1763575527314638080,0.2930018305778503,0.0103904604911804,-0.0390089452266693,-0.1491141617298126,0.1379004567861557,0.2864870727062225,watch,user3,walk
1763575527324637184,0.3519455194473266,0.0147815346717834,-0.0303043723106384,-0.2095480412244796,0.1509123146533966,0.3488528430461883,watch,user3,walk
1763575527334636032,0.3634326457977295,0.0122099518775939,-0.0238181352615356,-0.3060798943042755,0.1530010253190994,0.4122152924537658,watch,user3,walk
1763575527344635136,0.3220843076705932,0.0073790550231933,-0.0243112742900848,-0.4208794832229614,0.1620105952024459,0.4646415412425995,watch,user3,walk
1763575527354633216,0.2433348298072815,0.0070558488368988,-0.0300878584384918,-0.5236548781394958,0.1673715412616729,0.4889327585697174,watch,user3,walk
1763575527364632064,0.1532288789749145,0.0140615701675415,-0.0359139144420623,-0.5887902975082397,0.1761987507343292,0.4839425384998321,watch,user3,walk
1763575527374631168,0.0723459720611572,0.0227525979280471,-0.042677491903305,-0.5977776646614075,0.187461256980896,0.4641057252883911,watch,user3,walk
1763575527384630016,0.001696765422821,0.0338696241378784,-0.0457872450351715,-0.5393589735031128,0.1865235716104507,0.4269513487815857,watch,user3,walk
1763575527394629120,-0.0557796359062194,0.0458766222000122,-0.0535314679145813,-0.4263879358768463,0.1822734326124191,0.3963854610919952,watch,user3,walk
1763575527404627968,-0.0982519388198852,0.0613732635974884,-0.0671868622303009,-0.2711121737957001,0.1847309917211532,0.3624002635478973,watch,user3,walk
1763575527414626048,-0.1303882002830505,0.0708631426095962,-0.0780045092105865,-0.0952391698956489,0.1869861632585525,0.3283429741859436,watch,user3,walk
1763575527424625152,-0.1498168110847473,0.0753511190414428,-0.0834526121616363,0.0828505456447601,0.1724543571472168,0.2959986925125122,watch,user3,walk
1763575527434624256,-0.1600187420845031,0.0779443234205246,-0.0885290205478668,0.2226143032312393,0.1337519735097885,0.2556627094745636,watch,user3,walk
1763575527444623104,-0.1712768077850341,0.0773580968379974,-0.0859504342079162,0.3126598596572876,0.0898815393447876,0.2086364775896072,watch,user3,walk
1763575527454621952,-0.1891365051269531,0.0660567283630371,-0.0717904865741729,0.3612111508846283,0.0348638221621513,0.1535660326480865,watch,user3,walk
1763575527464621056,-0.208400011062622,0.0476862043142318,-0.0548930764198303,0.367418497800827,-0.0229505635797977,0.0992477387189865,watch,user3,walk
1763575527474619136,-0.2264219522476196,0.0323382019996643,-0.0260413885116577,0.3394984602928161,-0.06332728266716,0.0433948561549186,watch,user3,walk
1763575527484618240,-0.2336979508399963,0.0189131498336792,0.007828801870346,0.2932271659374237,-0.0895047336816787,-0.0021132391411811,watch,user3,walk
1763575527494617088,-0.2183908224105835,0.0091422647237777,0.0382739007472991,0.2443717569112777,-0.1024865806102752,-0.039760485291481,watch,user3,walk
1763575527504615936,-0.1815599799156189,0.0060863345861434,0.0573109686374664,0.2184749841690063,-0.1106703802943229,-0.0677842646837234,watch,user3,walk
1763575527514615040,-0.1286378502845764,0.0043573081493377,0.0709494352340698,0.1954578161239624,-0.1196241974830627,-0.088311105966568,watch,user3,walk
1763575527524614144,-0.0751281380653381,0.006681278347969,0.0801396071910858,0.1733235865831375,-0.1237591952085495,-0.111320823431015,watch,user3,walk
1763575527534612224,-0.0235633254051208,0.0154386311769485,0.0796486139297485,0.1337213069200515,-0.1206254661083221,-0.1345196068286895,watch,user3,walk
1763575527544611072,0.0241619348526,0.0253642946481704,0.0769291520118713,0.0786908641457557,-0.1154694035649299,-0.1535964459180832,watch,user3,walk
1763575527554609920,0.0769165158271789,0.0314088314771652,0.0734603703022003,0.0054470095783472,-0.1032729223370552,-0.1673295646905899,watch,user3,walk
1763575527564609024,0.1273949742317199,0.0343037396669387,0.0728325545787811,-0.084145501255989,-0.0905919298529625,-0.1747499853372573,watch,user3,walk
1763575527574608128,0.1634150147438049,0.0337975770235061,0.0767416059970855,-0.2019677460193634,-0.0894321203231811,-0.1752839535474777,watch,user3,walk
1763575527584607232,0.1753303408622741,0.0295124351978302,0.0818569064140319,-0.3404008746147156,-0.099256694316864,-0.1817221492528915,watch,user3,walk
1763575527594605056,0.1576457619667053,0.0283276587724685,0.0782907605171203,-0.4689311683177948,-0.1088832244277,-0.1991424113512039,watch,user3,walk
1763575527604603904,0.1188152432441711,0.0280524045228958,0.0672087669372558,-0.5604029893875122,-0.1149244308471679,-0.2239080220460891,watch,user3,walk
1763575527614603008,0.0677602291107177,0.0285378396511077,0.0524161756038665,-0.587171196937561,-0.0982258766889572,-0.2577559947967529,watch,user3,walk
1763575527624602112,0.0181043148040771,0.0296323299407959,0.0410943627357482,-0.5526867508888245,-0.0642048791050911,-0.2997321486473083,watch,user3,walk
1763575527634601216,-0.0245677828788757,0.0292457193136215,0.0380123555660247,-0.4465123116970062,-0.022462761029601,-0.3496075570583343,watch,user3,walk
1763575527644600064,-0.0576957464218139,0.0241642892360687,0.0412665605545043,-0.3004951775074005,0.0033437148667871,-0.3946636617183685,watch,user3,walk
1763575527654597888,-0.0846602916717529,0.0253746956586837,0.0511733889579772,-0.1851946711540222,0.0410580709576606,-0.4188086688518524,watch,user3,walk
1763575527664596992,-0.0996479988098144,0.0258382558822631,0.0543447732925415,-0.0470626726746559,0.071979321539402,-0.4462382197380066,watch,user3,walk
1763575527674596096,-0.1020484566688537,0.0153917968273162,0.049383133649826,0.0835427418351173,0.0949909016489982,-0.4635045528411865,watch,user3,walk
1763575527684595200,-0.0953508615493774,0.0100034773349761,0.041929006576538,0.2015347182750702,0.1172526180744171,-0.4680865406990051,watch,user3,walk
1763575527694594048,-0.0839070081710815,0.0025927126407623,0.0350650250911712,0.2971222400665283,0.1375696063041687,-0.4584275186061859,watch,user3,walk
1763575527704593152,-0.0732372403144836,-0.010904461145401,0.0347427725791931,0.3493725061416626,0.151212453842163,-0.4594192206859588,watch,user3,walk
1763575527714590976,-0.0645731091499328,-0.0301551520824432,0.0401747822761535,0.3679645657539367,0.1380686908960342,-0.4804549813270569,watch,user3,walk
1763575527724590080,-0.0592813491821289,-0.0447244644165039,0.0475598275661468,0.3636869192123413,0.1174045950174331,-0.4741966724395752,watch,user3,walk
1763575527734589184,-0.0583043694496154,-0.0496194660663604,0.0529394745826721,0.3438279926776886,0.1133810877799987,-0.4337358176708221,watch,user3,walk
1763575527744588032,-0.0633521676063537,-0.0570120513439178,0.0554974675178527,0.3073644638061523,0.1375048905611038,-0.3811948895454407,watch,user3,walk
1763575527754587136,-0.0707336068153381,-0.064475804567337,0.0550072789192199,0.2618409395217895,0.1644211858510971,-0.3249654471874237,watch,user3,walk
1763575527764585984,-0.0633215904235839,-0.0680606067180633,0.0521729588508605,0.217898279428482,0.1822182089090347,-0.2884454429149627,watch,user3,walk
1763575527774584064,-0.0529324412345886,-0.068767100572586,0.0459895133972168,0.1747795790433883,0.1873218864202499,-0.2581232488155365,watch,user3,walk
1763575527784583168,-0.0395417213439941,-0.0673215687274932,0.038707822561264,0.1337504833936691,0.2105847001075744,-0.2020403891801834,watch,user3,walk
1763575527794582016,-0.0268728137016296,-0.0607315897941589,0.0260967016220092,0.111389510333538,0.2414480745792389,-0.1346922516822815,watch,user3,walk
1763575527804581120,-0.0182864665985107,-0.0519599020481109,0.0133857727050781,0.1016025692224502,0.2722362577915191,-0.0623822398483753,watch,user3,walk
1763575527814579968,-0.0155454874038696,-0.0414310693740844,0.0012415051460266,0.1087891086935997,0.3005238175392151,0.004660977050662,watch,user3,walk
1763575527824579072,-0.0195682048797607,-0.0316165685653686,-0.0121858417987823,0.1397958397865295,0.3298636972904205,0.066031128168106,watch,user3,walk
1763575527834577152,-0.0246412754058837,-0.0227068364620208,-0.0258246660232543,0.184401124715805,0.3608104288578033,0.122583620250225,watch,user3,walk
1763575527844576000,-0.0299864411354064,-0.0143066644668579,-0.040217638015747,0.2474046796560287,0.3911801278591156,0.1758341789245605,watch,user3,walk
1763575527854575104,-0.0340563058853149,-0.0109642744064331,-0.0553450882434845,0.324248343706131,0.4220528304576874,0.2175872176885604,watch,user3,walk
1763575527864574208,-0.0367262363433837,-0.0080968141555786,-0.064214289188385,0.4168985486030578,0.439483642578125,0.2459355145692825,watch,user3,walk
1763575527874573056,-0.0379810333251953,-0.0004139840602874,-0.0763019025325775,0.5250924229621887,0.4488025605678558,0.2648876309394836,watch,user3,walk
1763575527884571904,-0.0481667518615722,0.0063989460468292,-0.087024986743927,0.6387572288513184,0.4591891765594482,0.2826278805732727,watch,user3,walk
1763575527894570240,-0.0570453405380249,0.0147382616996765,-0.0942508280277252,0.7629702091217041,0.4743020832538605,0.3004351258277893,watch,user3,walk
1763575527904569088,-0.0640171766281127,0.0210235714912414,-0.1038285791873931,0.888001024723053,0.4900684654712677,0.3167163431644439,watch,user3,walk
1763575527914568192,-0.0620971322059631,0.0303899645805358,-0.1133113801479339,1.0076168775558472,0.5000909566879272,0.3282148241996765,watch,user3,walk
1763575527924567040,-0.0510852932929992,0.0376634001731872,-0.120769202709198,1.1177780628204346,0.500542938709259,0.3261324167251587,watch,user3,walk
1763575527934566144,-0.0376539230346679,0.0406225770711898,-0.1285109966993332,1.2038536071777344,0.4933912754058838,0.3255894184112549,watch,user3,walk
1763575527944564992,-0.0282750725746154,0.0421976745128631,-0.1330618858337402,1.2657556533813477,0.4807696640491485,0.3216288089752197,watch,user3,walk
1763575527954564096,-0.0236890316009521,0.0415428578853607,-0.134039044380188,1.3021376132965088,0.4703745245933532,0.3233263194561004,watch,user3,walk
1763575527964562176,-0.0219743847846984,0.0410715341567993,-0.1308089792728424,1.310298204421997,0.4659091532230377,0.3242445886135101,watch,user3,walk
1763575527974561024,-0.0172452926635742,0.0432136803865432,-0.1212199330329895,1.295818328857422,0.4744395017623901,0.3203092217445373,watch,user3,walk
1763575527984560128,-0.0102413296699523,0.0445032566785812,-0.1044338345527648,1.2656878232955933,0.4986279308795929,0.3149283528327942,watch,user3,walk
1763575527994558976,0.0070846676826477,0.0508227199316024,-0.0811948031187057,1.2324273586273191,0.5209223031997681,0.300448477268219,watch,user3,walk
1763575528004558080,0.0385999083518981,0.0614419281482696,-0.062088593840599,1.21081805229187,0.5354713797569275,0.2753280997276306,watch,user3,walk
1763575528014556160,0.0787258148193359,0.0884430110454559,-0.0512362718582153,1.2221416234970093,0.5615440011024475,0.2415911555290222,watch,user3,walk
1763575528024555008,0.1280518174171447,0.1222277581691742,-0.0566649883985519,1.2868943214416504,0.6053863763809204,0.215039312839508,watch,user3,walk
1763575528034554112,0.1878049969673156,0.1550518870353698,-0.0733845829963684,1.4113481044769287,0.6600708961486816,0.187528595328331,watch,user3,walk
1763575528044552960,0.2482247948646545,0.1877439022064209,-0.093024343252182,1.565361738204956,0.7107413411140442,0.1637429744005203,watch,user3,walk
1763575528054552064,0.2874957919120788,0.2067129015922546,-0.1028428673744201,1.7053704261779783,0.7435043454170227,0.1338391453027725,watch,user3,walk
1763575528064551168,0.2815945744514465,0.2122782319784164,-0.0916822552680969,1.812363624572754,0.7454131841659546,0.103747010231018,watch,user3,walk
1763575528074548992,0.2425624132156372,0.2113799601793289,-0.0729436725378036,1.874815583229065,0.721770167350769,0.0626821368932724,watch,user3,walk
1763575528084548096,0.1885046958923339,0.2102990895509719,-0.0507758259773254,1.9050109386444087,0.6791504621505737,0.0087549882009625,watch,user3,walk
1763575528094546944,0.1312586665153503,0.2083742767572403,-0.0246550440788269,1.931262731552124,0.6324729919433594,-0.0511307157576084,watch,user3,walk
1763575528104546048,0.0795393586158752,0.2084725350141525,-0.0026655793190002,1.9509445428848269,0.5903602242469788,-0.111727088689804,watch,user3,walk
1763575528114545152,0.0271559357643127,0.2045246511697769,0.0138788372278213,2.001083374023437,0.5426731705665588,-0.1905571818351745,watch,user3,walk
1763575528124544256,-0.0346093773841857,0.1934533566236496,0.0239241123199462,2.054373264312744,0.5530593395233154,-0.3266578912734985,watch,user3,walk
1763575528134543104,-0.0878155827522277,0.1812772154808044,0.0502525120973587,2.128962516784668,0.4928234815597534,-0.3957993984222412,watch,user3,walk
1763575528144540928,-0.1235054731369018,0.1818863153457641,0.0672853589057922,2.1618783473968506,0.4383362829685211,-0.4641816616058349,watch,user3,walk
1763575528154540032,-0.1701122522354126,0.1635731011629104,0.0737751126289367,2.178391218185425,0.4301816821098327,-0.5555363297462463,watch,user3,walk
1763575528164539136,-0.2119694352149963,0.1370517462491989,0.088308572769165,2.160515785217285,0.4209345877170563,-0.6257286071777344,watch,user3,walk
1763575528174538240,-0.2352244853973388,0.1146711707115173,0.1005550175905227,2.099539041519165,0.4059196710586548,-0.6918247938156128,watch,user3,walk
1763575528184537088,-0.2444374561309814,0.0956051796674728,0.1189716756343841,1.9948947429656985,0.388249397277832,-0.7525620460510254,watch,user3,walk
1763575528194535936,-0.2372727990150451,0.0814909785985946,0.1353431940078735,1.8657028675079343,0.3882712423801422,-0.7904947996139526,watch,user3,walk
1763575528204534016,-0.2084628343582153,0.0689094513654708,0.1517226696014404,1.7279887199401855,0.4041692614555359,-0.792487621307373,watch,user3,walk
1763575528214533120,-0.1633466482162475,0.059636190533638,0.1607767939567566,1.588083028793335,0.4147635698318481,-0.7884870171546936,watch,user3,walk
1763575528224532224,-0.1101990342140197,0.0556924939155578,0.1657208949327469,1.4601881504058838,0.4205256104469299,-0.7674365639686584,watch,user3,walk
1763575528234531072,-0.0587742924690246,0.0551158189773559,0.1627519726753235,1.35627019405365,0.4072342813014984,-0.7242169380187988,watch,user3,walk
1763575528244529920,-0.0099751949310302,0.0644023716449737,0.1527709513902664,1.2678492069244385,0.3824638724327087,-0.6396816372871399,watch,user3,walk
1763575528254529024,0.0327470302581787,0.0781018584966659,0.1440297365188598,1.204464554786682,0.3640121519565582,-0.5480451583862305,watch,user3,walk
1763575528264527104,0.0762776732444763,0.0893445909023284,0.1330753713846206,1.155720829963684,0.3483554124832153,-0.4688460230827331,watch,user3,walk
1763575528274526208,0.1182597875595092,0.104802668094635,0.1187191009521484,1.1387735605239868,0.3096834123134613,-0.3891700804233551,watch,user3,walk
1763575528284525056,0.1501582264900207,0.1192075759172439,0.1037269383668899,1.1444706916809082,0.2212615609169006,-0.3218425512313843,watch,user3,walk
1763575528294525184,0.1598643064498901,0.1307509243488311,0.0985046774148941,1.1490294933319092,0.123149923980236,-0.2685878574848175,watch,user3,walk
1763575528304524288,0.1352563500404358,0.1342225670814514,0.1015673726797103,1.1251091957092283,0.0488911382853984,-0.2210328727960586,watch,user3,walk
1763575528314523136,0.0844125747680664,0.1253570914268493,0.1155028790235519,1.0715956687927246,-0.0079226102679967,-0.1724400371313095,watch,user3,walk
1763575528324520960,0.0275078415870666,0.1018040031194686,0.1318017244338989,0.986566960811615,-0.050026386976242,-0.1585261523723602,watch,user3,walk
1763575528334520064,-0.0208383202552795,0.0713357776403427,0.1463066339492797,0.8663833141326904,-0.078497439622879,-0.1943797618150711,watch,user3,walk
1763575528344519168,-0.0552702546119689,0.0519623458385467,0.15594083070755,0.7252586483955383,-0.1054507717490196,-0.250149667263031,watch,user3,walk
1763575528354518272,-0.0760172605514526,0.0397609621286392,0.1614648699760437,0.5892485976219177,-0.1282138675451278,-0.2918720841407776,watch,user3,walk
1763575528364517120,-0.0864956974983215,0.0323898494243621,0.1587517261505127,0.4669633209705353,-0.1379088461399078,-0.3276804983615875,watch,user3,walk
1763575528374516224,-0.0894100666046142,0.028887003660202,0.1548548638820648,0.3665847778320312,-0.1367445141077041,-0.3615284860134125,watch,user3,walk
1763575528384514048,-0.092530071735382,0.0262276530265808,0.1478991657495498,0.2876189947128296,-0.1258116960525512,-0.3945426642894745,watch,user3,walk
1763575528394513152,-0.0863234400749206,0.0256622582674026,0.1374076902866363,0.2302095144987106,-0.1112894862890243,-0.4270473420619964,watch,user3,walk
1763575528404512256,-0.0667874813079834,0.0267701148986816,0.127634584903717,0.1900611966848373,-0.1014622375369072,-0.449495404958725,watch,user3,walk
1763575528414511104,-0.047133982181549,0.0327125191688537,0.1237050294876098,0.1643038988113403,-0.0978762879967689,-0.4703692495822906,watch,user3,walk
1763575528424510208,-0.0298598408699035,0.0396835356950759,0.1178100109100341,0.1649217903614044,-0.1023954972624778,-0.4865421652793884,watch,user3,walk
1763575528434509312,-0.015129804611206,0.0537633299827575,0.116472378373146,0.1884987652301788,-0.1016644537448883,-0.4884111881256103,watch,user3,walk
1763575528444507136,-0.0106443762779235,0.0656926184892654,0.1127042472362518,0.244911178946495,-0.1005198284983635,-0.474059522151947,watch,user3,walk
1763575528454506240,-0.007326066493988,0.0715457051992416,0.1096481084823608,0.3177922964096069,-0.0908714681863784,-0.4540930092334747,watch,user3,walk
1763575528464505088,-0.0041092038154602,0.0731728821992874,0.1093877553939819,0.4034794270992279,-0.07998988032341,-0.4335255622863769,watch,user3,walk
1763575528474504192,-0.0026875734329223,0.0718231201171875,0.1115018129348754,0.4796303808689117,-0.0741335898637771,-0.4173548519611358,watch,user3,walk
1763575528484503296,-0.0008260607719421,0.0647621154785156,0.1162396967411041,0.5456759333610535,-0.0771886780858039,-0.3994626104831695,watch,user3,walk
1763575528494502144,-0.0022618174552917,0.056663304567337,0.1219956874847412,0.5975713729858398,-0.0722093656659126,-0.3833094835281372,watch,user3,walk
1763575528504500224,-0.0082347393035888,0.0481281876564025,0.1284399032592773,0.6275023221969604,-0.056964635848999,-0.3771864473819732,watch,user3,walk
1763575528514499072,-0.0077835917472839,0.0374248623847961,0.1343975961208343,0.6380676031112671,-0.0341053903102874,-0.364059716463089,watch,user3,walk
1763575528524498176,0.0033414363861083,0.0319181680679321,0.1387540400028228,0.6283451914787292,-0.0138642117381095,-0.3432534635066986,watch,user3,walk
1763575528534497280,0.0237651467323303,0.0279236435890197,0.1404693126678466,0.6117582321166992,0.0003165882080793,-0.3238371610641479,watch,user3,walk
1763575528544496128,0.0495030283927917,0.0259535312652587,0.1353951096534729,0.6187459826469421,0.0073124454356729,-0.3212751150131225,watch,user3,walk
1763575528554494976,0.0726856589317321,0.0293877720832824,0.1285145282745361,0.6076701879501343,0.0101061016321182,-0.3006007075309753,watch,user3,walk
1763575528564493056,0.0923251509666442,0.0374605357646942,0.1242360770702362,0.5865417718887329,0.0169708430767059,-0.2694613933563232,watch,user3,walk
1763575528574492160,0.1070942878723144,0.0369394719600677,0.1194312125444412,0.5758976340293884,0.0056217825040221,-0.2347185909748077,watch,user3,walk
1763575528584491264,0.113240897655487,0.0329445898532867,0.108774721622467,0.5626433491706848,-0.0087243998423218,-0.2028096616268158,watch,user3,walk
1763575528594490112,0.1064526438713073,0.0305172204971313,0.1068970561027526,0.5409306287765503,-0.0249774046242237,-0.1833358258008957,watch,user3,walk
1763575528604489216,0.09319669008255,0.0267341136932373,0.1044107377529144,0.4978921115398407,-0.0328211262822151,-0.1677713841199875,watch,user3,walk
1763575528614488064,0.0814481973648071,0.0209972262382507,0.1041441112756729,0.4474513232707977,-0.0371468961238861,-0.1531383842229843,watch,user3,walk
1763575528624486144,0.0691295862197876,0.0139060318470001,0.1040830612182617,0.3841704428195953,-0.0387183390557765,-0.1479268372058868,watch,user3,walk
1763575528634485248,0.0575285553932189,0.0085084736347198,0.1041161715984344,0.3132752180099487,-0.0375129953026771,-0.1385421156883239,watch,user3,walk
1763575528644484096,0.0472240447998046,0.0017600059509277,0.1012550592422485,0.2324979901313781,-0.0387442633509635,-0.1358020007610321,watch,user3,walk
1763575528654483200,0.034805953502655,-0.0063322484493255,0.0970049649477005,0.1523991674184799,-0.0375002995133399,-0.1407450884580612,watch,user3,walk
1763575528664482048,0.019759714603424,-0.0108561515808105,0.0920445322990417,0.0713299810886383,-0.0341630019247531,-0.152157261967659,watch,user3,walk
1763575528674481152,0.0046567916870117,-0.01459801197052,0.0829240679740905,0.0005676543805748,-0.0213598553091287,-0.1601099967956543,watch,user3,walk
1763575528684479232,-0.0083191990852355,-0.0136009752750396,0.070756196975708,-0.0582251772284507,-0.0028674877248704,-0.1624796688556671,watch,user3,walk
1763575528694478336,-0.01646089553833,-0.0138235688209533,0.0585433840751647,-0.1009707823395729,0.0227971300482749,-0.173243373632431,watch,user3,walk
1763575528704477184,-0.0106045603752136,-0.0101747214794158,0.0452057123184204,-0.0962612405419349,0.0462968647480011,-0.1848829984664917,watch,user3,walk
1763575528714476032,0.015307068824768,0.0005569756031036,0.0329615473747253,-0.0627922341227531,0.0690541043877601,-0.1784258931875229,watch,user3,walk
1763575528724475136,0.0545260310173034,0.0146733820438385,0.0238405615091323,0.0164469741284847,0.0975157544016838,-0.1602048724889755,watch,user3,walk
1763575528734474240,0.1027306318283081,0.0259370505809783,0.0184552073478698,0.1169618666172027,0.1272488832473755,-0.1346015036106109,watch,user3,walk
1763575528744473344,0.1525933146476745,0.032297670841217,0.0149378329515457,0.2242732644081115,0.1437474340200424,-0.099591925740242,watch,user3,walk
1763575528754471168,0.1884201765060424,0.029539555311203,0.0162303447723388,0.2996439337730407,0.1467416286468505,-0.0681671574711799,watch,user3,walk
1763575528764470016,0.1872816681861877,0.0201956927776336,0.0218280404806137,0.3282827138900757,0.1400579810142517,-0.0425473488867282,watch,user3,walk
1763575528774469120,0.1556821465492248,0.0037142038345336,0.0321128964424133,0.3199670016765594,0.1397067010402679,-0.0162065550684928,watch,user3,walk
1763575528784468224,0.111281931400299,-0.0088766515254974,0.0373847633600235,0.2822908163070678,0.1525672078132629,0.0040365322493016,watch,user3,walk
1763575528794467328,0.0764133334159851,-0.0153622329235076,0.0389647632837295,0.2324098050594329,0.1742522567510604,0.0208874177187681,watch,user3,walk
1763575528804466176,0.0571810007095336,-0.0184006094932556,0.0358384400606155,0.1889534592628479,0.1956250965595245,0.0375588722527027,watch,user3,walk
1763575528814464000,0.0460767745971679,-0.0152915716171264,0.0241697132587432,0.175041377544403,0.2055890560150146,0.0491883642971515,watch,user3,walk
1763575528824463104,0.0284602642059326,-0.0070052444934844,0.0102823376655578,0.1881176233291626,0.2091462314128875,0.0599226988852024,watch,user3,walk
1763575528834462208,0.0101911425590515,0.002376914024353,-0.002705380320549,0.2317180931568145,0.223664179444313,0.0672309473156929,watch,user3,walk
1763575528844461312,-0.0107697248458862,0.0173012912273406,-0.0163012444972991,0.3043585121631622,0.2344248741865158,0.0697579532861709,watch,user3,walk
1763575528854460160,-0.0241079330444335,0.0270449221134185,-0.0261930078268051,0.4052017629146576,0.2436543256044387,0.0643480122089386,watch,user3,walk
1763575528864459264,-0.038044273853302,0.0328678488731384,-0.0334191620349884,0.5166069269180298,0.2366505712270736,0.062426671385765,watch,user3,walk
1763575528874457088,-0.0508098006248474,0.0375985503196716,-0.0366821885108947,0.6330552697181702,0.2283095419406891,0.0605185180902481,watch,user3,walk
1763575528884456192,-0.0670917034149169,0.0417698323726654,-0.0371801257133483,0.7369210720062256,0.2161749303340912,0.0617998950183391,watch,user3,walk
1763575528894455296,-0.0849334597587585,0.0388202667236328,-0.0382262468338012,0.8380647301673889,0.2007839828729629,0.0509160868823528,watch,user3,walk
1763575528904454144,-0.0995332598686218,0.0348807871341705,-0.0369225442409515,0.9158385396003724,0.1864387840032577,0.034656424075365,watch,user3,walk
1763575528914453248,-0.1099421381950378,0.0323088765144348,-0.031513974070549,0.9878764748573304,0.171659305691719,0.0145354457199573,watch,user3,walk
1763575528924452096,-0.1145965456962585,0.0274464786052703,-0.022067368030548,1.0422321557998655,0.1540852934122085,-0.0035220514982938,watch,user3,walk
1763575528934450176,-0.1097220182418823,0.0263264179229736,-0.0092890858650207,1.0648152828216553,0.1304177790880203,-0.008283250965178,watch,user3,walk
1763575528944449280,-0.0974903106689453,0.0223921835422515,0.0051679760217666,1.0726135969161987,0.0962271392345428,-0.0149930855259299,watch,user3,walk
1763575528954448128,-0.0831967592239379,0.0211670994758605,0.014698714017868,1.0423600673675537,0.0586078576743602,-0.0185737051069736,watch,user3,walk
1763575528964447232,-0.0721735954284668,0.0169321596622467,0.0237213969230651,0.9753856658935548,0.012499307282269,-0.0205123536288738,watch,user3,walk
1763575528974446080,-0.0636007785797119,0.010560929775238,0.027463674545288,0.8856803178787231,-0.0273775346577167,-0.027652820572257,watch,user3,walk
1763575528984445184,-0.0607579946517944,0.0039823353290557,0.0347955971956253,0.7849074006080627,-0.0616416782140731,-0.0362752042710781,watch,user3,walk
1763575528994443264,-0.0497133731842041,0.0040028989315032,0.0385769754648208,0.6701645851135254,-0.0892804935574531,-0.0460708439350128,watch,user3,walk
1763575529004442112,-0.0375634431838989,0.0085399448871612,0.0416074693202972,0.5521315336227417,-0.1119007617235183,-0.0564727485179901,watch,user3,walk
1763575529014441216,-0.0183870196342468,0.0142378211021423,0.0459863543510437,0.4332336485385895,-0.1274813264608383,-0.0738903582096099,watch,user3,walk
1763575529024440064,-0.0004410743713378,0.0176019370555877,0.0505794584751129,0.3117232322692871,-0.1317997276782989,-0.1006678417325019,watch,user3,walk
1763575529034439168,0.0191079378128051,0.0209606289863586,0.0580354332923889,0.2014481127262115,-0.1324079930782318,-0.1344220787286758,watch,user3,walk
1763575529044438016,0.0337346792221069,0.0248219668865203,0.0609786510467529,0.1071387007832527,-0.1341489851474762,-0.1700387299060821,watch,user3,walk
1763575529054436096,0.0497544407844543,0.031220257282257,0.0612769871950149,0.0434968769550323,-0.1345071941614151,-0.2146538645029068,watch,user3,walk
1763575529064435200,0.0602799654006958,0.036251276731491,0.0586708188056945,0.0153421619907021,-0.1310929208993911,-0.2654906213283539,watch,user3,walk
1763575529074434304,0.0661292672157287,0.0418643057346344,0.0544901043176651,0.0251897331327199,-0.1191244125366211,-0.3218407034873962,watch,user3,walk
1763575529084433152,0.0641054511070251,0.0465384423732757,0.0454466938972473,0.0625849962234497,-0.1019884794950485,-0.3789586424827575,watch,user3,walk
1763575529094432000,0.0633624792098999,0.0486573278903961,0.0409398972988128,0.1186661124229431,-0.0682062804698944,-0.4370427131652832,watch,user3,walk
1763575529104431104,0.0568088293075561,0.0443100333213806,0.0404555797576904,0.1811797320842743,-0.0346510745584964,-0.4939405024051666,watch,user3,walk
1763575529114429184,0.0556814670562744,0.0338636934757232,0.0450038611888885,0.2350490987300872,-0.0121228592470288,-0.5486793518066406,watch,user3,walk
1763575529124428288,0.0469084382057189,0.0217130184173584,0.0477140843868255,0.2746535241603851,-0.0009933318942785,-0.5953838229179382,watch,user3,walk
1763575529134427136,0.0291118025779724,0.0072768926620483,0.0481526553630828,0.3018822073936462,0.016738262027502,-0.6354430913925171,watch,user3,walk
1763575529144425984,0.0037705302238464,-0.0050312280654907,0.0474453270435333,0.3260628283023834,0.039995290338993,-0.6564975380897522,watch,user3,walk
1763575529154425088,-0.0173825025558471,-0.0152132809162139,0.0459251999855041,0.3625856935977936,0.0708749070763588,-0.6686237454414368,watch,user3,walk
1763575529164424192,-0.0355339050292968,-0.0221620798110961,0.0399767756462097,0.4153503775596618,0.102826714515686,-0.6656425595283508,watch,user3,walk
1763575529174423296,-0.0505498051643371,-0.0266867578029632,0.0337841808795928,0.535485565662384,0.1323228329420089,-0.6889630556106567,watch,user3,walk
1763575529184421120,-0.0606836080551147,-0.0490501821041107,0.0355932116508483,0.5455902218818665,0.154017299413681,-0.6935596466064453,watch,user3,walk
1763575529194420224,-0.0544617176055908,-0.0209591090679168,0.0327430665493011,0.5784328579902649,0.2103279531002044,-0.6396673917770386,watch,user3,walk
1763575529204419072,-0.0492883920669555,-0.0020107328891754,0.0203106701374053,0.638283371925354,0.2574540376663208,-0.5695971250534058,watch,user3,walk
1763575529214418176,-0.0437272787094116,-0.0117399394512176,0.0127067863941192,0.6770666837692261,0.2434545755386352,-0.5188591480255127,watch,user3,walk
1763575529224417280,-0.0375324487686157,-0.0188689529895782,0.0078761577606201,0.6631567478179932,0.231142520904541,-0.4675261974334717,watch,user3,walk
1763575529234415104,-0.0400751829147338,-0.0201017260551452,0.0046580135822296,0.5794019103050232,0.2550052404403686,-0.4155980348587036,watch,user3,walk
1763575529244414208,-0.0448116064071655,-0.0164456963539123,0.0043752789497375,0.4638958573341369,0.2966648042201996,-0.3691698014736175,watch,user3,walk
1763575529254413056,-0.0445960760116577,-0.0175589025020599,0.0047847628593444,0.3190204203128814,0.322854608297348,-0.3464133739471435,watch,user3,walk
1763575529264412160,-0.03764009475708,-0.0246196389198303,0.007754772901535,0.1024825200438499,0.3423007428646087,-0.3472677171230316,watch,user3,walk
1763575529274411264,-0.0305045247077941,-0.0370409190654754,0.0180917680263519,-0.1853615045547485,0.3496177792549133,-0.362335056066513,watch,user3,walk
1763575529284410112,-0.0190781354904174,-0.0482085943222045,0.0311699211597442,-0.5211568474769592,0.3381624519824981,-0.3745888173580169,watch,user3,walk
1763575529294409216,-0.0115031003952026,-0.0535678565502166,0.0369505882263183,-0.8765753507614136,0.313550591468811,-0.3817184865474701,watch,user3,walk
1763575529304406784,-0.0089326500892639,-0.0470416843891143,0.035794973373413,-1.1965069770812988,0.2940381467342376,-0.3983957469463348,watch,user3,walk
1763575529314405632,-0.0073967576026916,-0.0297490358352661,0.0254940539598464,-1.4422603845596311,0.288152277469635,-0.4169396162033081,watch,user3,walk
1763575529324404736,-0.0130027532577514,-0.0017368197441101,0.0126861482858657,-1.5766254663467407,0.2967314720153808,-0.4436443746089935,watch,user3,walk
1763575529334403840,-0.0133631229400634,0.0337604284286499,-0.0096938014030456,-1.5917447805404663,0.3003621697425842,-0.4716554880142212,watch,user3,walk
1763575529344402688,-0.0132693648338317,0.0722257494926452,-0.0322414934635162,-1.4863481521606443,0.3050317466259002,-0.4975164532661438,watch,user3,walk
1763575529354401792,-0.0228303670883178,0.1062963306903839,-0.0466443747282028,-1.2900038957595823,0.3122776746749878,-0.5164204239845276,watch,user3,walk
1763575529364399616,-0.035567820072174,0.1264804899692535,-0.0524667650461196,-1.0313547849655151,0.324162483215332,-0.5392149090766907,watch,user3,walk
1763575529374398720,-0.0555853843688964,0.1349105536937713,-0.058704987168312,-0.7500991821289062,0.3517866432666778,-0.5497927665710449,watch,user3,walk
1763575529384397824,-0.076161503791809,0.1316498219966888,-0.0630508512258529,-0.4701901376247406,0.3887019455432892,-0.5679398775100708,watch,user3,walk
1763575529394396672,-0.0952712893486023,0.1184279024600982,-0.0652263015508651,-0.1970158517360687,0.4311564862728119,-0.5881655216217041,watch,user3,walk
1763575529404395776,-0.1034681797027587,0.1020789742469787,-0.0681964755058288,0.0464688763022422,0.4854441285133362,-0.6065454483032227,watch,user3,walk
1763575529414394880,-0.1037695407867431,0.0859003365039825,-0.0712787508964538,0.2640390396118164,0.5377376675605774,-0.6204032301902771,watch,user3,walk
1763575529424392704,-0.0976501703262329,0.0683887302875518,-0.0680879801511764,0.4523977637290954,0.5842098593711853,-0.6153333783149719,watch,user3,walk
1763575529434391808,-0.083489179611206,0.0516969263553619,-0.0627240538597107,0.61928391456604,0.6269540786743164,-0.5993530750274658,watch,user3,walk
1763575529444390656,-0.0639621019363403,0.0431084632873535,-0.0615977048873901,0.7641291618347168,0.6512445211410522,-0.5673512816429138,watch,user3,walk
1763575529454389760,-0.0462440252304077,0.037074327468872,-0.0638738125562667,0.8911874890327454,0.6640591025352478,-0.526384174823761,watch,user3,walk
1763575529464388864,-0.027704894542694,0.0329762399196624,-0.067936360836029,1.0151633024215698,0.6680795550346375,-0.4772902131080627,watch,user3,walk
1763575529474387968,-0.0161635279655456,0.0318072736263275,-0.069150909781456,1.1295149326324463,0.6753798127174377,-0.42093425989151,watch,user3,walk
1763575529484385792,-0.0069379210472106,0.0305380225181579,-0.0688065737485885,1.2337361574172974,0.6843258142471313,-0.3689488768577575,watch,user3,walk
1763575529494384640,-0.001488447189331,0.0242805182933807,-0.062820091843605,1.3141188621520996,0.6874784827232361,-0.3102144598960876,watch,user3,walk
1763575529504383744,0.0076574683189392,0.0182165801525115,-0.0579551458358764,1.3701531887054443,0.6852584481239319,-0.2459277659654617,watch,user3,walk
1763575529514382848,0.011392056941986,0.0148304998874664,-0.0575546026229858,1.412624478340149,0.6843082308769226,-0.2014441788196563,watch,user3,walk
1763575529524381952,0.011021077632904,0.0148068666458129,-0.0573232769966125,1.4248725175857544,0.6821637749671936,-0.1481929570436477,watch,user3,walk
1763575529534380800,0.0087949633598327,0.0133160650730133,-0.0539044886827468,1.4131498336791992,0.672421395778656,-0.0931185111403465,watch,user3,walk
1763575529544378880,0.0018481016159057,0.0062466561794281,-0.0411251783370971,1.3775180578231812,0.6467472910881042,-0.0687320753931999,watch,user3,walk
1763575529554377728,-0.0108178257942199,-0.001016616821289,-0.0284647345542907,1.3056620359420776,0.6291805505752563,-0.0561595596373081,watch,user3,walk
1763575529564376832,-0.0165213346481323,-0.0019224286079406,-0.0162426680326461,1.213171362876892,0.6269842982292175,-0.0353305786848068,watch,user3,walk
1763575529574375936,-0.0172852277755737,-0.0013426840305328,-0.0098462700843811,1.1257623434066772,0.6300423741340637,-0.0101559860631823,watch,user3,walk
1763575529584374784,-0.0210565328598022,-0.0010604560375213,-0.0064475536346435,0.9964447617530824,0.7063654661178589,-0.0697584003210067,watch,user3,walk
1763575529594373632,-0.023438811302185,-0.0141553878784179,-0.0007816553115844,0.9119975566864014,0.7517475485801697,-0.1386282742023468,watch,user3,walk
1763575529604372736,0.0058706998825073,-0.0315310359001159,0.0216164141893386,0.8068415522575378,0.7090463638305664,-0.208123117685318,watch,user3,walk
1763575529614370816,0.0534571409225463,-0.0387399494647979,0.0397914201021194,0.6350282430648804,0.745699942111969,-0.2200069427490234,watch,user3,walk
1763575529624369920,0.1031463146209716,0.0022140741348266,0.0130435675382614,0.4737649857997894,0.9093766808509828,-0.2119658142328262,watch,user3,walk
1763575529634369024,0.1643375158309936,0.0220366120338439,0.0268415659666061,0.4383862316608429,0.7759925127029419,0.0370815694332122,watch,user3,walk
1763575529644367616,0.2681929469108581,0.1349838078022003,0.0699096396565437,0.6170616149902344,0.6670692563056946,0.2215637266635894,watch,user3,walk
1763575529654366720,0.2779170274734497,0.1366110444068908,-0.0143820196390151,0.9050273299217224,0.6635029911994934,0.0492436215281486,watch,user3,walk
1763575529664365824,0.274094820022583,0.0993804335594177,-0.0193207263946533,1.0638221502304075,0.6879650950431824,0.0360238254070282,watch,user3,walk
1763575529674363904,0.3005862832069397,0.0898295044898986,0.019842691719532,1.091958999633789,0.5896475315093994,0.1305554062128067,watch,user3,walk
1763575529684363008,0.309070885181427,0.0786478221416473,0.0250113606452941,1.1122461557388306,0.431468516588211,0.2238525152206421,watch,user3,walk
1763575529694361600,0.2758316397666931,0.0722098350524902,0.0280866175889968,1.0874812602996826,0.3034666180610657,0.2658047676086426,watch,user3,walk
1763575529704360704,0.2078349590301513,0.0672916769981384,0.0900928452610969,0.9602060914039612,0.2228343486785888,0.261811226606369,watch,user3,walk
1763575529714359808,0.1206595301628112,0.0337769985198974,0.1678100377321243,0.8010702133178711,0.1905477792024612,0.2670603096485138,watch,user3,walk
1763575529724358912,0.0380057096481323,0.0145089924335479,0.2101653814315796,0.6137037873268127,0.1689839959144592,0.2794539332389831,watch,user3,walk
1763575529734356992,-0.0367586016654968,0.0073089599609375,0.2123034000396728,0.3675355315208435,0.1370550990104675,0.2965719401836395,watch,user3,walk
1763575529744355584,-0.0927215218544006,0.0010726153850555,0.200523555278778,0.1466421335935592,0.0940256863832473,0.2790282368659973,watch,user3,walk
1763575529754354688,-0.1395543813705444,0.009415864944458,0.1704862713813781,-0.014883117750287,0.1094674915075302,0.1635807156562805,watch,user3,walk
1763575529764353792,-0.1892915964126587,0.0025763511657714,0.1119284778833389,-0.1023077741265297,0.1693201661109924,0.0007394724525511,watch,user3,walk
1763575529774352896,-0.2043412923812866,-0.0048785805702209,0.0401356220245361,-0.1293862611055374,0.2071636915206909,-0.1526245176792144,watch,user3,walk
1763575529784351744,-0.186453104019165,-0.013940542936325,-0.0136468335986137,-0.1095550805330276,0.20242840051651,-0.2728648483753204,watch,user3,walk
1763575529794349568,-0.1590736508369445,-0.0367682874202728,0.0206508636474609,-0.1113881319761276,0.1766223758459091,-0.3525444865226745,watch,user3,walk
1763575529804348672,-0.1453049778938293,-0.0626665949821472,0.11836539208889,-0.2516103982925415,0.1452850550413131,-0.3773521184921264,watch,user3,walk
1763575529814347776,-0.1465141177177429,-0.0823960900306701,0.1989421099424362,-0.5568771362304688,0.1040758341550827,-0.3875709176063537,watch,user3,walk
1763575529824346880,-0.1638783812522888,-0.0938524007797241,0.2265270948410034,-0.8950139880180359,0.0786799266934394,-0.3864673674106598,watch,user3,walk
1763575529834345728,-0.1870773434638977,-0.0945346057415008,0.2092823386192321,-1.1168073415756226,0.1100397109985351,-0.3753449320793152,watch,user3,walk
1763575529844344832,-0.2020545601844787,-0.0792629718780517,0.1669021248817443,-1.1545675992965698,0.2087789922952652,-0.3818061947822571,watch,user3,walk
1763575529854342656,-0.1940811276435852,-0.0412839353084564,0.1188797280192375,-0.9707746505737304,0.3350849747657776,-0.389993280172348,watch,user3,walk
1763575529864341760,-0.1534602046012878,0.003328651189804,0.0790793299674987,-0.576882541179657,0.4220756292343139,-0.382468044757843,watch,user3,walk
1763575529874340864,-0.089769959449768,0.0435320138931274,0.0609756633639335,-0.0512392148375511,0.4424549341201782,-0.3476930260658264,watch,user3,walk
1763575529884339712,-0.031081199645996,0.0636844933032989,0.0625668689608573,0.4921144843101501,0.4341818392276764,-0.279234379529953,watch,user3,walk
1763575529894338816,0.0117347240447998,0.0625478327274322,0.0738232657313346,0.9676437377929688,0.421813040971756,-0.1989858895540237,watch,user3,walk
1763575529904337920,0.0347886681556701,0.0432457029819488,0.0886595249176025,1.3248387575149536,0.4159800112247467,-0.1316982060670852,watch,user3,walk
1763575529914336768,0.041793942451477,0.0144344568252563,0.1060112118721008,1.567823886871338,0.4235950708389282,-0.0843184292316436,watch,user3,walk
1763575529924334848,0.0501413941383361,-0.01277357339859,0.1202296614646911,1.7307120561599731,0.432354211807251,-0.0525931902229785,watch,user3,walk
1763575529934333696,0.0593483448028564,-0.0313780605792999,0.1270959973335266,1.8673697710037231,0.4382089078426361,-0.0204243343323469,watch,user3,walk
1763575529944332800,0.072378933429718,-0.0416145622730255,0.1256895065307617,2.008390426635742,0.4296563267707824,0.0051364181563258,watch,user3,walk
1763575529954331904,0.0854150652885437,-0.0400813519954681,0.1246325820684433,2.1620657444000244,0.3962632119655609,0.0276872683316469,watch,user3,walk
1763575529964330752,0.0844478011131286,-0.0375968217849731,0.1255434155464172,2.304537534713745,0.3504043817520141,0.0488213151693344,watch,user3,walk
1763575529974329600,0.0683771967887878,-0.0390606224536895,0.1323437690734863,2.418358325958252,0.3187684416770935,0.0545383244752883,watch,user3,walk
1763575529984327680,0.0369484424591064,-0.0496350228786468,0.1448519229888916,2.483729600906372,0.3203241527080536,0.0513669624924659,watch,user3,walk
1763575529994326784,0.0080742835998535,-0.0638890862464904,0.1600354015827179,2.484386444091797,0.3507584929466247,0.0362700335681438,watch,user3,walk
1763575530004325888,-0.0069221854209899,-0.0840335488319397,0.1788656860589981,2.436421632766724,0.3938100039958954,0.0240195617079734,watch,user3,walk
1763575530014324992,-0.0004928112030029,-0.1009358465671539,0.190308928489685,2.3367176055908203,0.4220011532306671,0.0246611181646585,watch,user3,walk
1763575530024323584,0.0165662765502929,-0.1122510135173797,0.1935930699110031,2.2113149166107178,0.434213787317276,0.0497462302446365,watch,user3,walk
1763575530034322688,0.0376229286193847,-0.1166507005691528,0.1909645795822143,2.0680744647979736,0.4342441260814667,0.0939214155077934,watch,user3,walk
1763575530044320768,0.0536816716194152,-0.114610344171524,0.1838796287775039,1.916861057281494,0.4235616624355316,0.1334259361028671,watch,user3,walk
1763575530054319872,0.0624831914901733,-0.1078402996063232,0.1776639223098755,1.772418737411499,0.4108740985393524,0.1770554482936859,watch,user3,walk
1763575530064318976,0.0636054277420044,-0.0982604920864105,0.1675175428390503,1.6442395448684692,0.399673581123352,0.2217466235160827,watch,user3,walk
1763575530074317568,0.0541075468063354,-0.0892998278141021,0.159415066242218,1.5351755619049072,0.3909133672714233,0.2715472280979156,watch,user3,walk
1763575530084316672,0.0413393974304199,-0.0762159824371337,0.1485687643289566,1.4510151147842407,0.3903093636035919,0.3211777806282043,watch,user3,walk
1763575530094315776,0.0266862511634826,-0.0588341653347015,0.1347772628068924,1.4084601402282717,0.4039444625377655,0.3733408749103546,watch,user3,walk
1763575530104313856,0.0188093781471252,-0.0409677028656005,0.1241370886564254,1.4103747606277466,0.4205419421195984,0.4261378943920135,watch,user3,walk
1763575530114312960,0.0189505815505981,-0.0212027430534362,0.1189842820167541,1.4474542140960691,0.4333754479885101,0.4788884818553924,watch,user3,walk
1763575530124311808,0.0276991128921508,0.0003060698509216,0.1174147725105285,1.498309850692749,0.4347430467605591,0.5335347652435303,watch,user3,walk
1763575530134310656,0.0392974019050598,0.0172464251518249,0.1187106370925903,1.548818826675415,0.4228768050670624,0.5845077037811279,watch,user3,walk
1763575530144309760,0.0533428192138671,0.0342543125152587,0.1230419278144836,1.584827542304993,0.4056359529495239,0.6319736242294312,watch,user3,walk
1763575530154308864,0.0547409057617187,0.0445814430713653,0.1261046081781387,1.6065623760223389,0.3817412853240967,0.6719838976860046,watch,user3,walk
1763575530164306944,0.0463307499885559,0.0528390109539032,0.1237280368804931,1.6081184148788452,0.3561430275440216,0.6948564052581787,watch,user3,walk
1763575530174305792,0.0308394432067871,0.0595197975635528,0.1194658726453781,1.5952441692352295,0.3402101397514343,0.7029699683189392,watch,user3,walk
1763575530184304640,0.0140517354011535,0.0670910477638244,0.109250009059906,1.5643892288208008,0.3405906558036804,0.6942294836044312,watch,user3,walk
1763575530194303744,0.0021650791168212,0.0751422345638275,0.1027109324932098,1.517976999282837,0.350673645734787,0.6733037233352661,watch,user3,walk
1763575530204302848,-0.0051535367965698,0.0842202007770538,0.1066591441631317,1.479149580001831,0.3550821244716644,0.6471527218818665,watch,user3,walk
1763575530214301952,-0.013558030128479,0.0944363176822662,0.1107160747051239,1.4424514770507812,0.3618063330650329,0.6226329803466797,watch,user3,walk
1763575530224300800,-0.022418737411499,0.1082312762737274,0.0968660712242126,1.4223120212554932,0.3651441633701324,0.5911566019058228,watch,user3,walk
1763575530234298624,-0.0268076658248901,0.1261036992073059,0.0754592418670654,1.4366347789764404,0.3751720488071441,0.5522797703742981,watch,user3,walk
1763575530244297728,-0.0319318771362304,0.1476609408855438,0.0602647364139556,1.4924681186676023,0.4027281999588012,0.5008165836334229,watch,user3,walk
1763575530254296832,-0.0401465892791748,0.1709776818752288,0.0650424361228942,1.6009291410446167,0.4331673383712768,0.4387774765491485,watch,user3,walk
1763575530264295936,-0.0433554649353027,0.1962991058826446,0.0569995045661926,1.7605708837509155,0.4396843612194061,0.368806391954422,watch,user3,walk
1763575530274294784,-0.0318609476089477,0.2287358194589615,0.0099634528160095,1.995287299156189,0.412901222705841,0.2981607019901275,watch,user3,walk
1763575530284293888,-0.0155321359634399,0.2543442249298095,-0.0459385365247726,2.290419578552246,0.3928938508033752,0.2148375809192657,watch,user3,walk
1763575530294291712,-0.0052639245986938,0.2644856870174408,-0.0541520118713378,2.5758535861968994,0.3840447068214416,0.131449744105339,watch,user3,walk
1763575530304290816,0.0062254667282104,0.2591173350811004,-0.0305079519748687,2.784152030944824,0.3797240853309631,0.0507131554186344,watch,user3,walk
1763575530314289664,0.0196819901466369,0.2343893349170684,0.0009724050760269,2.894510269165039,0.3580070734024048,-0.0194462221115827,watch,user3,walk
1763575530324288512,0.035057783126831,0.1918433159589767,0.0392020344734191,2.8854763507843018,0.3047728836536407,-0.0780783146619796,watch,user3,walk
1763575530334287616,0.0536514520645141,0.1516799181699752,0.0704719424247741,2.7669243812561035,0.2413571625947952,-0.1117249578237533,watch,user3,walk
1763575530344286720,0.0735526084899902,0.1209568083286285,0.0765051394701004,2.572448968887329,0.1703552603721618,-0.1245829612016677,watch,user3,walk
1763575530354284800,0.0875709652900695,0.0989027321338653,0.0729847848415374,2.331629991531372,0.0911363214254379,-0.1406673938035965,watch,user3,walk
1763575530364283648,0.0930443406105041,0.0851823985576629,0.0584210157394409,2.0679802894592285,0.0083127291873097,-0.1706362664699554,watch,user3,walk
1763575530374282496,0.0863851308822631,0.0764046609401702,0.0413548350334167,1.8013312816619873,-0.0593033321201801,-0.2038269788026809,watch,user3,walk
1763575530384281600,0.0731171369552612,0.0683973133563995,0.0267535150051116,1.5452864170074463,-0.1107843667268753,-0.2293033152818679,watch,user3,walk
1763575530394280704,0.0547806024551391,0.0595052987337112,0.0180214643478393,1.2887073755264282,-0.1418954133987426,-0.2420100569725036,watch,user3,walk
1763575530404279808,0.036224365234375,0.048280581831932,0.0152457952499389,1.015663504600525,-0.1594598591327667,-0.2529301941394806,watch,user3,walk
1763575530414277632,0.0266712307929992,0.035360112786293,0.0230334401130676,0.7191469073295593,-0.1677023321390152,-0.2562868595123291,watch,user3,walk
1763575530424276480,0.029585063457489,0.0203178077936172,0.0340141803026199,0.3943984508514404,-0.1737637817859649,-0.2596258521080017,watch,user3,walk
1763575530434275584,0.0461180806159973,0.0101120322942733,0.0457488596439361,0.0549434088170528,-0.1912860423326492,-0.259228765964508,watch,user3,walk
1763575530444274688,0.0682399272918701,0.0067508220672607,0.0482950955629348,-0.2648108899593353,-0.224310040473938,-0.2537387013435364,watch,user3,walk
1763575530454273792,0.0819652080535888,0.0110011249780654,0.0437773466110229,-0.5736837387084961,-0.257038414478302,-0.2314291149377823,watch,user3,walk
1763575530464272640,0.078672170639038,0.0193743258714675,0.0360050499439239,-0.7419744729995728,-0.3006816208362579,-0.2190236449241638,watch,user3,walk
1763575530474270464,0.0492737889289855,0.0210946351289749,0.0301835536956787,-0.9000834226608276,-0.2928974628448486,-0.2168510407209396,watch,user3,walk
1763575530484269568,0.0125086903572082,0.0502008348703384,0.0273829996585845,-1.0166231393814087,-0.2774973511695862,-0.2131979167461395,watch,user3,walk
1763575530494268672,-0.0222892165184021,0.0653638541698455,0.0341330170631408,-1.0415202379226685,-0.2677355408668518,-0.2334206253290176,watch,user3,walk
1763575530504267776,-0.0503420829772949,0.0633822679519653,0.0408098101615905,-1.0136313438415527,-0.2422165125608444,-0.256553441286087,watch,user3,walk
1763575530514266624,-0.0738927125930786,0.0686396658420562,0.047819048166275,-0.974604606628418,-0.2012858688831329,-0.2710232138633728,watch,user3,walk
1763575530524265728,-0.0816218852996826,0.072039246559143,0.0505678951740264,-0.9051754474639891,-0.1647316664457321,-0.2685272097587585,watch,user3,walk
1763575530534264576,-0.0779419541358947,0.0765400975942611,0.0471110641956329,-0.793721079826355,-0.124111533164978,-0.2623199224472046,watch,user3,walk
1763575530544262656,-0.0661391019821167,0.0800148844718933,0.043814480304718,-0.6396165490150452,-0.0890640690922737,-0.2553562223911285,watch,user3,walk
1763575530554261760,-0.0503743290901184,0.0906982719898223,0.03463876247406,-0.4543809592723846,-0.0521047189831733,-0.2511867582798004,watch,user3,walk
1763575530564260608,-0.0334499478340148,0.1028110086917877,0.026926651597023,-0.2427390068769455,-0.0168782882392406,-0.2463267743587494,watch,user3,walk
1763575530574259712,-0.0159758925437927,0.1099703311920166,0.024739384651184,-0.0251451656222343,0.0073684612289071,-0.2454338073730468,watch,user3,walk
1763575530584258560,-0.0068185329437255,0.1152197122573852,0.0228775888681411,0.1887829154729843,0.029893834143877,-0.2382547408342361,watch,user3,walk
1763575530594257664,-0.0028517246246337,0.1102004647254943,0.0239308476448059,0.3901951313018799,0.0483263693749904,-0.2332418709993362,watch,user3,walk
1763575530604255744,-0.0041139721870422,0.1049289405345916,0.0269482731819152,0.568713903427124,0.0662827342748642,-0.2269818931818008,watch,user3,walk
1763575530614254592,-0.0136173367500305,0.0973454713821411,0.034038633108139,0.7248598337173462,0.0839421525597572,-0.228199228644371,watch,user3,walk
1763575530624253696,-0.0249255299568176,0.0865305364131927,0.0409653186798095,0.8468665480613708,0.1027386561036109,-0.2337675094604492,watch,user3,walk
1763575530634252544,-0.0371391773223876,0.07370126247406,0.0471771359443664,0.9447965621948242,0.1155167669057846,-0.2453506588935852,watch,user3,walk
1763575530644251648,-0.0479393601417541,0.0592427253723144,0.0545888245105743,1.0017787218093872,0.1294077336788177,-0.2590174078941345,watch,user3,walk
1763575530654250496,-0.0586476325988769,0.0460863411426544,0.0648910701274871,1.030473232269287,0.1380771249532699,-0.2779405117034912,watch,user3,walk
1763575530664248832,-0.0636678338050842,0.0354499518871307,0.0712238550186157,1.0292868614196775,0.1477218568325042,-0.3001194298267364,watch,user3,walk
1763575530674247680,-0.0714854001998901,0.0233728885650634,0.0773403644561767,0.9986943602561952,0.1623987853527069,-0.3220279216766357,watch,user3,walk
1763575530684246784,-0.0706449747085571,0.0122340619564056,0.0835375487804412,0.9435327649116516,0.1829925775527954,-0.3415145874023437,watch,user3,walk
1763575530694245632,-0.0637785792350769,0.0048898458480834,0.0821480751037597,0.8774259090423584,0.1948031634092331,-0.3527219891548157,watch,user3,walk
1763575530704244736,-0.0521533489227294,0.0028914809226989,0.0796639025211334,0.7986648678779602,0.2043882310390472,-0.3567824959754944,watch,user3,walk
1763575530714243584,-0.0376137495040893,0.003389298915863,0.0716170668601989,0.777754008769989,0.2085922956466674,-0.3543129563331604,watch,user3,walk
1763575530724241664,-0.0249386429786682,0.0114366114139556,0.0642034709453582,0.7587501406669617,0.2278987020254135,-0.3508562445640564,watch,user3,walk
1763575530734240768,-0.0089174509048461,0.0256396234035491,0.0564885735511779,0.7611259818077087,0.2562285959720611,-0.3462399244308471,watch,user3,walk
1763575530744239616,0.0088980197906494,0.0319167971611022,0.053244799375534,0.793611466884613,0.2918060421943664,-0.3473342359066009,watch,user3,walk
1763575530754238720,0.0331028699874877,0.0380353331565856,0.0549420416355133,0.8406729698181152,0.3116623163223266,-0.3299635052680969,watch,user3,walk
1763575530764237568,0.0605691075325012,0.0458074212074279,0.0559495389461517,0.8880927562713623,0.3129833936691284,-0.3012643754482269,watch,user3,walk
1763575530774236672,0.0754393339157104,0.0456541180610656,0.0589787662029266,0.9248244166374208,0.3155922293663025,-0.278131902217865,watch,user3,walk
1763575530784235776,0.0761632919311523,0.0443267226219177,0.0596087872982025,0.9544891715049744,0.3174880743026733,-0.2652415931224823,watch,user3,walk
1763575530794233600,0.0625297427177429,0.0384880006313324,0.0540412664413452,0.9766544103622437,0.3238146603107452,-0.2646130919456482,watch,user3,walk
1763575530804232704,0.0426092743873596,0.0312000513076782,0.0516918003559112,0.9954109191894532,0.3329026103019714,-0.2740935683250427,watch,user3,walk
1763575530814231552,0.0253138542175292,0.0264300107955932,0.0483331084251403,1.0085296630859375,0.3463901877403259,-0.2924752533435821,watch,user3,walk
1763575530824230656,0.0092209577560424,0.0237928032875061,0.0446761548519134,1.0221761465072632,0.359110414981842,-0.3187324106693268,watch,user3,walk
1763575530834229760,-0.00151127576828,0.0248694419860839,0.0398971438407897,1.037670612335205,0.3660697937011719,-0.3436364233493805,watch,user3,walk
1763575530844228864,-0.0086040496826171,0.0236330330371856,0.0330906510353088,1.0616225004196167,0.3752191960811615,-0.3688399791717529,watch,user3,walk
1763575530854226688,-0.0140463709831237,0.0184035897254943,0.0282038152217865,1.0928515195846558,0.3833543360233307,-0.3951330780982971,watch,user3,walk
1763575530864225536,-0.0195332765579223,0.0156324505805969,0.0252206921577453,1.1277482509613037,0.3895037472248077,-0.4211941361427307,watch,user3,walk
1763575530874224640,-0.0211548209190368,0.0133187174797058,0.0187838673591613,1.1648391485214231,0.3889127969741821,-0.4420914053916931,watch,user3,walk
1763575530884223744,-0.0207825899124145,0.0132469236850738,0.0089616477489471,1.2105066776275637,0.3769120872020721,-0.4588440954685211,watch,user3,walk
1763575530894222848,-0.0182141065597534,0.009397268295288,0.0062618851661682,1.2501027584075928,0.3731202781200409,-0.4734193086624145,watch,user3,walk
1763575530904221696,-0.0154862999916076,0.0023454427719116,0.0070354342460632,1.277426838874817,0.3733289539813995,-0.4811192452907562,watch,user3,walk
1763575530914219520,-0.0138893127441406,-0.0031696259975433,0.0111087560653686,1.291841983795166,0.363238513469696,-0.4840300679206848,watch,user3,walk
1763575530924218624,-0.0106210112571716,-0.0110614895820617,0.015305072069168,1.2862483263015747,0.3499028980731964,-0.4817462265491485,watch,user3,walk
1763575530934217728,-0.0079182982444763,-0.0180306732654571,0.0173626244068145,1.2440452575683594,0.339957594871521,-0.4819898903369903,watch,user3,walk
1763575530944216832,-0.0115435719490051,-0.0365783870220184,0.0159059464931488,1.2432572841644287,0.3302131593227386,-0.4924063086509704,watch,user3,walk
1763575530954215680,-0.0111555457115173,-0.0459654629230499,0.0171726047992706,1.158587098121643,0.3284320533275604,-0.4611852765083313,watch,user3,walk
1763575530964214528,-0.0019369721412658,-0.0341699719429016,0.024007111787796,1.0836199522018433,0.3211351633071899,-0.4141782522201538,watch,user3,walk
1763575530974212608,-0.0023286342620849,-0.0329473316669464,0.0205877125263214,1.041967272758484,0.3129483461380005,-0.3898974061012268,watch,user3,walk
1763575530984211712,-0.0085836052894592,-0.0404515862464904,0.0161536931991577,0.9957739114761353,0.3043327331542969,-0.3848145008087158,watch,user3,walk
1763575530994210816,-0.0184372067451477,-0.046708732843399,0.0185737013816833,0.9435538053512572,0.3053072094917297,-0.3823175132274627,watch,user3,walk
1763575531004209664,-0.0268836617469787,-0.0536341369152069,0.0167988836765289,0.8940938711166382,0.3064702153205871,-0.3667971491813659,watch,user3,walk
1763575531014208512,-0.0330654382705688,-0.0573618710041046,0.0161961615085601,0.8426205515861511,0.3071293234825134,-0.3422169685363769,watch,user3,walk
1763575531024207616,-0.0365414023399353,-0.0543983876705169,0.0200951397418975,0.8018379807472229,0.3128490149974823,-0.3118490576744079,watch,user3,walk
1763575531034206720,-0.0385650396347045,-0.0503641366958618,0.0196439027786254,0.7806174159049988,0.3081107139587402,-0.2821002304553985,watch,user3,walk
1763575531044204800,-0.041797935962677,-0.046057790517807,0.0173159837722778,0.7697233557701111,0.3084934055805206,-0.2508861720561981,watch,user3,walk
1763575531054203648,-0.0450571775436401,-0.0425813496112823,0.0115488767623901,0.7757450342178345,0.312304139137268,-0.2223368138074875,watch,user3,walk
1763575531064202496,-0.0484540462493896,-0.0398783385753631,0.0051260590553283,0.7935349941253662,0.3257787525653839,-0.1917765140533447,watch,user3,walk
1763575531074201600,-0.0499373078346252,-0.0366389453411102,0.0014107227325439,0.8086886405944824,0.3393276035785675,-0.1539388447999954,watch,user3,walk
1763575531084200704,-0.0506548285484313,-0.0342815220355987,-0.0006824731826782,0.8191334009170532,0.3539357185363769,-0.114729605615139,watch,user3,walk
1763575531094199552,-0.0513776540756225,-0.0339997708797454,-0.0003357827663421,0.8295881152153015,0.354259043931961,-0.0796845331788063,watch,user3,walk
1763575531104197632,-0.0558360815048217,-0.0313580930233001,-0.0023292750120162,0.8345534205436707,0.3526452481746673,-0.0411876067519187,watch,user3,walk
1763575531114196736,-0.0631590485572815,-0.0262484848499298,-0.0066942572593688,0.838573157787323,0.3554485142230987,-0.0062218974344432,watch,user3,walk
1763575531124195584,-0.0741518139839172,-0.0190477073192596,-0.0135113596916198,0.8550910949707031,0.3632838726043701,0.0284257624298334,watch,user3,walk
1763575531134194688,-0.0819138288497924,-0.0140729546546936,-0.0197012722492218,0.8798662424087524,0.3777677416801452,0.0617352500557899,watch,user3,walk
1763575531144193536,-0.0856998562812805,-0.0068637728691101,-0.0265250653028488,0.913534700870514,0.391066312789917,0.0900060981512069,watch,user3,walk
1763575531154192640,-0.0853810906410217,0.002591460943222,-0.0315848439931869,0.9842602610588074,0.3826483488082886,0.1135729476809501,watch,user3,walk
1763575531164190720,-0.0792871713638305,0.018044501543045,-0.0427843332290649,1.141851782798767,0.3422239422798157,0.1207549571990966,watch,user3,walk
1763575531174189568,-0.0667089819908142,0.060623824596405,-0.0554530024528503,1.3777577877044678,0.2810484766960144,0.1216567084193229,watch,user3,walk
1763575531184188672,-0.0464433431625366,0.1275941729545593,-0.0727642178535461,1.6642578840255735,0.2412630766630172,0.1068117767572403,watch,user3,walk
1763575531194187520,-0.0389086604118347,0.1857640743255615,-0.0824179053306579,1.9614983797073364,0.2527215778827667,0.0708356648683548,watch,user3,walk
1763575531204186624,-0.0358540415763855,0.2133452296257019,-0.0801142156124115,2.2179291248321533,0.3038554191589355,0.0239415317773818,watch,user3,walk
1763575531214185728,-0.0279424786567688,0.212701678276062,-0.0696306526660919,2.357470989227295,0.3649280965328216,-0.0343673154711723,watch,user3,walk
1763575531224183552,-0.0160216093063354,0.1985156238079071,-0.0428124964237213,2.32665753364563,0.4174298644065857,-0.1075714230537414,watch,user3,walk
1763575531234182656,0.0023777484893798,0.185447096824646,-0.0100308060646057,2.163171529769897,0.4142082333564758,-0.187229499220848,watch,user3,walk
1763575531244181760,0.034830629825592,0.1771703213453292,0.0033870637416839,1.9561172723770144,0.3526540398597717,-0.2638643383979797,watch,user3,walk
1763575531254180608,0.0628576278686523,0.1769029200077057,-0.0060701072216033,1.7770439386367798,0.268533319234848,-0.3397383391857147,watch,user3,walk
1763575531264179712,0.0701792240142822,0.1923631727695465,-0.0173941552639007,1.636680006980896,0.2166451662778854,-0.4307408034801483,watch,user3,walk
1763575531274178816,0.0642807483673095,0.2304434031248092,-0.0124960839748382,1.570087432861328,0.1934128105640411,-0.5386606454849243,watch,user3,walk
1763575531284176640,0.076602816581726,0.293026864528656,0.0034713149070739,1.600001573562622,0.1959326863288879,-0.643585205078125,watch,user3,walk
1763575531294175744,0.1147682666778564,0.3596695363521576,0.0213006138801574,1.7125766277313232,0.2034276276826858,-0.7214142084121704,watch,user3,walk
1763575531304174592,0.1602648496627807,0.4037357568740845,0.0139864683151245,1.8929455280303955,0.2219646424055099,-0.788353681564331,watch,user3,walk
1763575531314173440,0.1768746972084045,0.4095996022224426,0.0021934807300567,2.0538790225982666,0.259403645992279,-0.8996328115463257,watch,user3,walk
1763575531324172544,0.1595046520233154,0.3912906050682068,-0.0090958476066589,2.1591079235076904,0.2952137291431427,-0.9887811541557312,watch,user3,walk
1763575531334171648,0.1163986325263977,0.3696215152740478,-0.0084255933761596,2.2423255443573,0.3222024738788605,-1.0660969018936155,watch,user3,walk
1763575531344169728,0.066130518913269,0.3446810841560364,0.0031758546829223,2.327638864517212,0.3251074552536011,-1.1628029346466064,watch,user3,walk
1763575531354168576,0.0328326821327209,0.3221163749694824,0.0216878354549407,2.366100311279297,0.3285050988197326,-1.2656784057617188,watch,user3,walk
1763575531364167680,0.0132274627685546,0.2969091534614563,0.044289082288742,2.3715713024139404,0.3494586050510406,-1.3494952917099,watch,user3,walk
1763575531374166528,0.0038753151893615,0.2658858597278595,0.0651719272136688,2.345391035079956,0.3683561384677887,-1.4579185247421265,watch,user3,walk
1763575531384165632,0.0045186281204223,0.2313344180583953,0.0865249335765838,2.303171873092652,0.362137109041214,-1.5377373695373535,watch,user3,walk
1763575531394164480,0.0070827603340148,0.2005625963211059,0.1025477945804596,2.2385287284851074,0.3532245755195617,-1.6209044456481934,watch,user3,walk
1763575531404163584,0.004277765750885,0.1716331839561462,0.114810049533844,2.160206794738769,0.3390989005565643,-1.6804373264312744,watch,user3,walk
1763575531414161664,0.0065847635269165,0.1421166956424713,0.1247772276401519,2.0769710540771484,0.3291091322898865,-1.7196816205978394,watch,user3,walk
1763575531424160512,0.0078563690185546,0.1167232394218444,0.1368301808834076,1.9979956150054927,0.3134369552135467,-1.7638003826141355,watch,user3,walk
1763575531434159616,0.0092845559120178,0.0885688662528991,0.1469755470752716,1.894818425178528,0.3142324388027191,-1.7970070838928225,watch,user3,walk
1763575531444158464,0.0060645937919616,0.0542362034320831,0.1516571342945099,1.7879992723464966,0.3193300068378448,-1.828275203704834,watch,user3,walk
1763575531454157568,0.0043690800666809,0.0221038460731506,0.161311388015747,1.6778773069381714,0.3054714500904083,-1.823070049285889,watch,user3,walk
1763575531464156672,0.003737449645996,-0.0047753155231475,0.17093226313591,1.5708552598953247,0.2861139178276062,-1.819056510925293,watch,user3,walk
1763575531474154496,-0.0089278817176818,-0.0326665937900543,0.1784161329269409,1.4502025842666626,0.2766322493553161,-1.820878028869629,watch,user3,walk
1763575531484153600,-0.0234094858169555,-0.0633646845817565,0.1865079402923584,1.3121899366378784,0.2753096222877502,-1.8002692461013794,watch,user3,walk
1763575531494152448,-0.0368054509162902,-0.0929009616374969,0.1953612565994262,1.18774676322937,0.2565963864326477,-1.7865750789642334,watch,user3,walk
1763575531504151552,-0.0437322854995727,-0.1135017871856689,0.2031439840793609,1.0561354160308838,0.2606912553310394,-1.7680625915527344,watch,user3,walk
1763575531514150656,-0.0480875968933105,-0.1338386237621307,0.2089523077011108,0.9177287220954896,0.2829957604408264,-1.7093331813812256,watch,user3,walk
1763575531524149760,-0.0422241687774658,-0.1474379897117614,0.2134005725383758,0.8080682754516602,0.3130418062210083,-1.6294082403182983,watch,user3,walk
1763575531534147584,-0.0225003957748413,-0.1560330688953399,0.2122330963611602,0.7478893995285034,0.3432140946388244,-1.5374703407287598,watch,user3,walk
1763575531544146432,0.0099949240684509,-0.154086947441101,0.2091529369354248,0.7186776995658875,0.3871267139911651,-1.426228642463684,watch,user3,walk
1763575531554145536,0.0468888282775878,-0.1512790024280548,0.2020851671695709,0.7154696583747864,0.4406448006629944,-1.2802655696868896,watch,user3,walk
1763575531564144640,0.0888498425483703,-0.1489458978176117,0.1977342963218689,0.7119993567466736,0.4658352732658386,-1.0737807750701904,watch,user3,walk
1763575531574143744,0.1262665390968322,-0.1492986679077148,0.1925258934497833,0.7116196155548096,0.4900591373443603,-0.8511719703674316,watch,user3,walk
1763575531584142592,0.1495344042778015,-0.15178182721138,0.1812381148338318,0.7614310383796692,0.5160359740257263,-0.6726992130279541,watch,user3,walk
1763575531594140416,0.167957603931427,-0.1439666450023651,0.1691743731498718,0.8320189118385315,0.5346418619155884,-0.4903919696807861,watch,user3,walk
1763575531604139520,0.1822845935821533,-0.1301725208759308,0.1599462628364563,0.9317906498908995,0.5411622524261475,-0.3232662379741668,watch,user3,walk
1763575531614138624,0.1910312175750732,-0.1219723224639892,0.1555278003215789,1.0314549207687378,0.527292013168335,-0.1794752478599548,watch,user3,walk
1763575531624137728,0.1882067322731018,-0.1131150126457214,0.1587995290756225,1.0912200212478638,0.514266312122345,-0.0307620614767074,watch,user3,walk
1763575531634136576,0.1801664233207702,-0.1146863996982574,0.1650413274765014,1.1335664987564087,0.4990234375,0.1192484721541404,watch,user3,walk
1763575531644135424,0.1679884195327758,-0.122883141040802,0.1750955879688263,1.1442866325378418,0.4694220125675201,0.2414457499980926,watch,user3,walk
1763575531654134528,0.1490528583526611,-0.1353168785572052,0.1889833211898803,1.1219840049743652,0.4346286356449127,0.3233353197574615,watch,user3,walk
1763575531664132608,0.126170814037323,-0.1488153040409088,0.2006580829620361,1.0543426275253296,0.3949240148067474,0.3862836360931396,watch,user3,walk
1763575531674131712,0.1032044887542724,-0.1624940633773803,0.2154219150543213,0.914958655834198,0.3557960391044616,0.4460276663303375,watch,user3,walk
1763575531684130560,0.0855178236961364,-0.1725150942802429,0.2291316986083984,0.728472113609314,0.3274771273136139,0.4770562350749969,watch,user3,walk
1763575531694129408,0.067882239818573,-0.1820656061172485,0.2413404285907745,0.5125470161437988,0.304344117641449,0.4831825494766235,watch,user3,walk
1763575531704128512,0.0467406511306762,-0.1932249367237091,0.2484763860702514,0.2682807147502899,0.2947176694869995,0.466533213853836,watch,user3,walk
1763575531714127616,0.0311862230300903,-0.2094232141971588,0.2506172060966491,0.0134891783818602,0.2940817177295685,0.4377002418041229,watch,user3,walk
1763575531724125696,0.0172672867774963,-0.2218745052814483,0.2512305974960327,-0.2424923032522201,0.300221174955368,0.4054363667964935,watch,user3,walk
1763575531734124544,0.0070852041244506,-0.2254379093647003,0.242320567369461,-0.4687153398990631,0.3089446425437927,0.3771690428256988,watch,user3,walk
1763575531744123392,0.0013591051101684,-0.2144815623760223,0.2294308841228485,-0.6459255218505859,0.338761568069458,0.3552787005901336,watch,user3,walk
1763575531754122496,-0.0039675235748291,-0.1967066526412964,0.21096932888031,-0.7493730783462524,0.381468266248703,0.3404467701911926,watch,user3,walk
1763575531764121600,-0.004297912120819,-0.1723029315471649,0.19071626663208,-0.7824347019195557,0.4307309091091156,0.3201931118965149,watch,user3,walk
1763575531774120448,0.0010215044021606,-0.1436414718627929,0.1660434007644653,-0.7471651434898376,0.4872330725193023,0.3119604885578155,watch,user3,walk
1763575531784118528,0.0071070790290832,-0.113656610250473,0.143230527639389,-0.6571025848388672,0.5492962002754211,0.3184828162193298,watch,user3,walk
1763575531794117632,0.0198161005973815,-0.0831835865974426,0.1197377145290374,-0.5009598731994629,0.5949403643608093,0.3477222025394439,watch,user3,walk
1763575531804116480,0.0353406071662902,-0.0614148378372192,0.097212940454483,-0.3090240359306335,0.6455798745155334,0.3964812159538269,watch,user3,walk
1763575531814115584,0.0513678789138793,-0.0435400307178497,0.0758708715438842,-0.0966172218322753,0.6794819235801697,0.4515492618083954,watch,user3,walk
1763575531824114688,0.0637080073356628,-0.0325571596622467,0.0623850226402282,0.1344234645366668,0.6932576298713684,0.5106378793716431,watch,user3,walk
1763575531834113536,0.0697734355926513,-0.024020493030548,0.0492778718471527,0.3608150482177734,0.6891928315162659,0.5670266151428223,watch,user3,walk
1763575531844111616,0.0697497725486755,-0.0176816880702972,0.0449331402778625,0.5654856562614441,0.671026885509491,0.6209577322006226,watch,user3,walk
1763575531854110464,0.0608787536621093,-0.017173022031784,0.0383966565132141,0.7355430126190186,0.6670999526977539,0.6810915470123291,watch,user3,walk
1763575531864109568,0.0484593510627746,-0.0208059549331665,0.0359862148761749,0.8632871508598328,0.6622268557548523,0.7390444874763489,watch,user3,walk
1763575531874108672,0.0403854846954345,-0.025610476732254,0.0364324152469635,0.9349797368049622,0.6589836478233337,0.8030221462249756,watch,user3,walk
1763575531884107520,0.0310887098312377,-0.0350182354450225,0.0404173284769058,0.9482458233833312,0.6543356776237488,0.8495343327522278,watch,user3,walk
1763575531894106624,0.0254281163215637,-0.0383774638175964,0.0404865145683288,0.9199955463409424,0.6388081312179565,0.8912208080291748,watch,user3,walk
1763575531904104448,0.0216051936149597,-0.0410114526748657,0.0349928140640258,0.8510088324546814,0.6203389763832092,0.9385308623313904,watch,user3,walk
1763575531914103552,0.0160375833511352,-0.0335400104522705,0.0192058682441711,0.7639144062995911,0.6097047328948975,0.9799094796180724,watch,user3,walk
1763575531924102656,-0.000522494316101,-0.0228714346885681,-0.0024090856313705,0.7149208188056946,0.5990182161331177,1.0144826173782349,watch,user3,walk
1763575531934101504,-0.0134279727935791,-0.0048954784870147,-0.0344232618808746,0.6755494475364685,0.583386242389679,1.0468730926513672,watch,user3,walk
1763575531944100608,-0.0234374403953552,0.012573629617691,-0.0635597109794616,0.6601100564002991,0.5708618760108948,1.0627171993255615,watch,user3,walk
1763575531954099712,-0.0303994417190551,0.0297014415264129,-0.0847181677818298,0.6472794413566589,0.5607543587684631,1.0711642503738403,watch,user3,walk
1763575531964097536,-0.031796395778656,0.0458009839057922,-0.0985832810401916,0.6379638314247131,0.5447880029678345,1.077759861946106,watch,user3,walk
1763575531974096640,-0.0234475135803222,0.0578917562961578,-0.1056470870971679,0.6114867329597473,0.5182565450668335,1.0821468830108645,watch,user3,walk
1763575531984095488,-0.012971818447113,0.0639909356832504,-0.1062202453613281,0.5725645422935486,0.4767004549503326,1.084487795829773,watch,user3,walk
1763575531994094592,-0.0026296973228454,0.0704002529382705,-0.1065455675125122,0.5152828693389893,0.4318528175354004,1.096379637718201,watch,user3,walk
1763575532004093696,0.0046930909156799,0.0787506848573684,-0.1062589138746261,0.435743510723114,0.3881761729717254,1.1027802228927612,watch,user3,walk
1763575532014092800,0.0104251503944396,0.0865451395511627,-0.1067731231451034,0.3302187025547027,0.3497190475463867,1.106058120727539,watch,user3,walk
1763575532024091392,0.0166085958480834,0.0953733772039413,-0.1040037721395492,0.2229435592889785,0.3046750724315643,1.1008319854736328,watch,user3,walk
1763575532034089472,0.0225358009338378,0.1045245677232742,-0.1003154516220092,0.0967749655246734,0.2592212855815887,1.0936415195465088,watch,user3,walk
1763575532044088576,0.0336999297142028,0.1137326061725616,-0.096628725528717,-0.0322740487754344,0.2086677551269531,1.0850069522857666,watch,user3,walk
1763575532054087680,0.0432235598564147,0.1219005286693573,-0.0939278900623321,-0.1547126173973083,0.1556013375520706,1.0657445192337036,watch,user3,walk
1763575532064086784,0.0542160868644714,0.1313520818948745,-0.0933301150798797,-0.281836450099945,0.1149294525384903,1.0436540842056274,watch,user3,walk
1763575532074085376,0.0658726692199707,0.1406724900007248,-0.0913760066032409,-0.4077373743057251,0.0727372542023658,1.0166877508163452,watch,user3,walk
1763575532084084480,0.0839690566062927,0.1524404883384704,-0.0833369344472885,-0.537256121635437,0.0288137421011924,0.9915151000022888,watch,user3,walk
1763575532094082560,0.1088196635246276,0.1708976626396179,-0.0748710483312606,-0.6782323718070984,-0.0194896068423986,0.971782386302948,watch,user3,walk
1763575532104081664,0.1399275660514831,0.1853066384792328,-0.0696258246898651,-0.8203083872795105,-0.0675227344036102,0.942562460899353,watch,user3,walk
1763575532114080768,0.1635203957557678,0.2010433673858642,-0.0638462305068969,-0.9668456315994264,-0.1142574846744537,0.901858687400818,watch,user3,walk
1763575532124079360,0.1666560173034668,0.2154587060213089,-0.056094080209732,-1.1251285076141355,-0.1661466807126999,0.8551061749458313,watch,user3,walk
1763575532134078464,0.1512143611907959,0.2264175117015838,-0.0503084063529968,-1.2807562351226809,-0.2126958072185516,0.7966567277908325,watch,user3,walk
1763575532144077568,0.127093493938446,0.2351759821176529,-0.0433405339717865,-1.4337449073791504,-0.2439184337854385,0.7243101000785828,watch,user3,walk
1763575532154075648,0.102104902267456,0.2413307577371597,-0.0282308906316757,-1.5596429109573364,-0.2644357085227966,0.640828013420105,watch,user3,walk
1763575532164074752,0.0826578736305236,0.2457267045974731,-0.0146459341049194,-1.6721796989440918,-0.2843335270881653,0.5523322224617004,watch,user3,walk
1763575532174073600,0.0685290694236755,0.2505398988723755,-0.0030019283294677,-1.761078953742981,-0.3058428168296814,0.4629243612289428,watch,user3,walk
1763575532184072448,0.0507426261901855,0.2538115084171295,0.0056911706924438,-1.8194732666015625,-0.3362656831741333,0.3688834011554718,watch,user3,walk
1763575532194071552,0.0275147557258605,0.2526479363441467,0.0022331476211547,-1.84259295463562,-0.3604440093040466,0.2705698907375335,watch,user3,walk
1763575532204070656,-0.0022556185722351,0.2501167953014374,-0.0034797638654708,-1.833919644355774,-0.3685655891895294,0.159676194190979,watch,user3,walk
1763575532214068736,-0.0280317068099975,0.2481057345867157,-0.0057592839002609,-1.8039904832839968,-0.364897608757019,0.0528123266994953,watch,user3,walk
1763575532224067584,-0.0491644740104675,0.2449033260345459,-0.0021644085645675,-1.757916808128357,-0.355631411075592,-0.0475371778011322,watch,user3,walk
1763575532234066432,-0.0616013407707214,0.2422380745410919,0.007968783378601,-1.7038527727127075,-0.3529823720455169,-0.1430802196264267,watch,user3,walk
1763575532244065536,-0.0700418353080749,0.2367324233055114,0.0182414054870605,-1.631345272064209,-0.3566915988922119,-0.2311939597129821,watch,user3,walk
1763575532254064640,-0.0775723457336425,0.2365978509187698,0.020801305770874,-1.529797911643982,-0.3617920875549316,-0.3150755167007446,watch,user3,walk
1763575532264063488,-0.0807256698608398,0.2378741651773452,0.0188262611627578,-1.3936666250228882,-0.3597201704978943,-0.3862896859645843,watch,user3,walk
1763575532274061568,-0.0853215456008911,0.2372695207595825,0.0159294605255126,-1.2200716733932495,-0.3531741201877594,-0.4520039856433868,watch,user3,walk
1763575532284060416,-0.0944621562957763,0.2317824214696884,0.0131277740001678,-1.019559025764465,-0.3378814458847046,-0.513359546661377,watch,user3,walk
1763575532294059520,-0.0997305512428283,0.2241102010011673,0.0065746307373046,-0.7259345054626465,-0.3330291509628296,-0.5882516503334045,watch,user3,walk
1763575532304058624,-0.1026304364204406,0.2156518846750259,0.0042812824249267,-0.4858536124229431,-0.3113718032836914,-0.6515814065933228,watch,user3,walk
1763575532314057472,-0.0907691717147827,0.205251082777977,0.0119158178567886,-0.3081235587596893,-0.2937022745609283,-0.694893479347229,watch,user3,walk
1763575532324056576,-0.0769731402397155,0.1854204833507537,0.0185686349868774,-0.1758956164121627,-0.2897780835628509,-0.7394355535507202,watch,user3,walk
1763575532334055680,-0.0680649876594543,0.1576151847839355,0.0236710309982299,-0.0946553573012352,-0.2966754138469696,-0.8016818761825562,watch,user3,walk
1763575532344053504,-0.0648329257965087,0.1197946816682815,0.037300169467926,-0.0502725355327129,-0.3227497041225433,-0.8759953379631042,watch,user3,walk
1763575532354052608,-0.0589423775672912,0.0840331017971038,0.0471878796815872,-0.0534243881702423,-0.3344963788986206,-0.9388284087181092,watch,user3,walk
1763575532364051456,-0.0461277365684509,0.0563517808914184,0.0536713600158691,-0.0953167974948883,-0.3367401957511902,-0.9851095080375672,watch,user3,walk
1763575532374050560,-0.0230887532234191,0.0320935994386673,0.058887556195259,-0.1574581861495971,-0.3383021354675293,-1.030548334121704,watch,user3,walk
1763575532384049664,0.0042439699172973,0.0104390680789947,0.063078299164772,-0.224239319562912,-0.3360760807991028,-1.0893033742904663,watch,user3,walk
1763575532394048768,0.034695565700531,-0.0117536336183547,0.0614943653345108,-0.3051021993160248,-0.3325918614864349,-1.1485779285430908,watch,user3,walk
1763575532404046592,0.0636534690856933,-0.0294121950864791,0.0569867491722106,-0.4045991897583008,-0.317885160446167,-1.1957919597625732,watch,user3,walk
1763575532414045696,0.0834465622901916,-0.0473367273807525,0.0611505806446075,-0.5010474324226379,-0.291016012430191,-1.2279767990112305,watch,user3,walk
1763575532424044544,0.1007564663887023,-0.0685741305351257,0.0665654242038726,-0.5853983759880066,-0.2576082646846771,-1.220588445663452,watch,user3,walk
1763575532434043648,0.1128613352775573,-0.0893984735012054,0.0683229565620422,-0.6533332467079163,-0.2323148697614669,-1.2047053575515747,watch,user3,walk
1763575532444042752,0.1191108226776123,-0.1064472496509552,0.0617223978042602,-0.6717686057090759,-0.2139517664909362,-1.173384428024292,watch,user3,walk
1763575532454041600,0.1204999685287475,-0.1123226583003997,0.0490459203720092,-0.655931830406189,-0.1850298345088958,-1.136277198791504,watch,user3,walk
1763575532464039680,0.1089702248573303,-0.1195351183414459,0.0284042060375213,-0.5968368053436279,-0.1528965681791305,-1.1000690460205078,watch,user3,walk
1763575532474038528,0.0968483686447143,-0.1179330050945282,0.0014569163322448,-0.4631149172782898,-0.1266205012798309,-1.0584502220153809,watch,user3,walk
1763575532484037632,0.088672935962677,-0.1138141155242919,-0.0254162549972534,-0.3279629945755005,-0.0974353551864624,-1.0229918956756592,watch,user3,walk
1763575532494036736,0.0718372464179992,-0.1161570847034454,-0.0330608487129211,-0.1756491065025329,-0.0664883628487587,-0.9906107783317566,watch,user3,walk
1763575532504035584,0.0583367943763732,-0.1222774386405944,-0.0369241535663604,-0.0157675091177225,-0.0430853925645351,-0.95485657453537,watch,user3,walk
1763575532514034432,0.0444530844688415,-0.1353104412555694,-0.0338936150074005,0.1370201706886291,-0.0222525466233491,-0.9166077375411988,watch,user3,walk
1763575532524032512,0.0342972874641418,-0.1490046083927154,-0.030334323644638,0.2700211405754089,-0.0040227663703262,-0.8782895803451538,watch,user3,walk
1763575532534031616,0.0295721292495727,-0.1644928753376007,-0.0252803266048431,0.3889073133468628,0.0142872650176286,-0.8265142440795898,watch,user3,walk
1763575532544030720,0.0277183055877685,-0.181779682636261,-0.0194031000137329,0.4818889796733856,0.0219110064208507,-0.7642226219177246,watch,user3,walk
1763575532554029568,0.0268238186836242,-0.2082964181900024,-0.0149189531803131,0.5349739789962769,0.02965734526515,-0.7115708589553833,watch,user3,walk
1763575532564028416,0.0231909155845642,-0.2342485189437866,-0.01413494348526,0.5621971487998962,0.026883041486144,-0.6731123328208923,watch,user3,walk
1763575532574027520,0.0171815156936645,-0.2545096576213836,-0.0153643488883972,0.5834398865699768,0.0137469982728362,-0.6258702278137207,watch,user3,walk
1763575532584025600,0.0116806030273437,-0.2654544711112976,-0.0166331529617309,0.5885723829269409,0.012636637315154,-0.5637287497520447,watch,user3,walk
1763575532594024704,0.0090289115905761,-0.270558625459671,-0.0174019038677215,0.5645090937614441,0.0135988369584083,-0.4777219593524933,watch,user3,walk
1763575532604023808,0.0101516842842102,-0.2722216844558716,-0.0137434303760528,0.5182647109031677,0.0101169319823384,-0.3870721757411957,watch,user3,walk
1763575532614022400,0.0132426619529724,-0.2731985747814178,-0.0098387598991394,0.4514515697956085,0.0120362723246216,-0.3095906972885132,watch,user3,walk
1763575532624021504,0.0155688524246215,-0.2754462957382202,-0.0036867558956146,0.3617548644542694,0.00930617749691,-0.2195470929145813,watch,user3,walk
1763575532634020608,0.0213953256607055,-0.274454265832901,0.0039325356483459,0.2552010118961334,0.0066020032390952,-0.1091899573802948,watch,user3,walk
1763575532644019712,0.0199233889579772,-0.2724463939666748,0.0129199028015136,0.1385239660739898,-0.0070132301189005,0.0008279559551738,watch,user3,walk
1763575532654017792,0.0129221081733703,-0.2693628966808319,0.018142282962799,0.0197965204715728,-0.0103642866015434,0.0900361239910125,watch,user3,walk
1763575532664016384,0.0008371472358703,-0.2612523734569549,0.0174989700317382,-0.0883986577391624,-0.0130831077694892,0.1779739707708358,watch,user3,walk
1763575532674015488,-0.009937584400177,-0.2524449229240417,0.0105117261409759,-0.1764491647481918,-0.0093586761504411,0.2757607102394104,watch,user3,walk
1763575532684014592,-0.0199191570281982,-0.2457562983036041,-0.0013031065464019,-0.2496676743030548,0.0085773589089512,0.3482223451137543,watch,user3,walk
1763575532694013696,-0.0318524837493896,-0.2332705855369568,-0.0076696872711181,-0.3016275465488434,0.0319167710840702,0.4054283797740936,watch,user3,walk
1763575532704012544,-0.041117787361145,-0.21637624502182,-0.0093230903148651,-0.3329350352287292,0.0411212779581546,0.4820899665355682,watch,user3,walk
1763575532714010368,-0.0460532903671264,-0.196685642004013,-0.0066924095153808,-0.3390805423259735,0.0392770394682884,0.571635365486145,watch,user3,walk
1763575532724009472,-0.05339115858078,-0.1762042939662933,-0.0074304342269897,-0.3297290802001953,0.0469569712877273,0.6621506214141846,watch,user3,walk
1763575532734008576,-0.0679993033409118,-0.1611599028110504,-0.0108232498168945,-0.2982015013694763,0.0702481791377067,0.7437829375267029,watch,user3,walk
1763575532744007680,-0.0775234103202819,-0.1493010818958282,-0.0182302892208099,-0.257397323846817,0.0969279035925865,0.8144688606262207,watch,user3,walk
1763575532754006528,-0.081647515296936,-0.1396894454956054,-0.0193871855735778,-0.2202052026987075,0.1268354654312133,0.8778068423271179,watch,user3,walk
1763575532764005632,-0.0767884254455566,-0.1314679086208343,-0.0175857841968536,-0.189848393201828,0.1510189175605774,0.9394159317016602,watch,user3,walk
1763575532774003456,-0.0646204352378845,-0.1223770081996917,-0.0161516368389129,-0.1778005212545395,0.159726932644844,1.0008350610733032,watch,user3,walk
1763575532784002560,-0.0489729046821594,-0.1107949316501617,-0.0132837891578674,-0.1805684864521026,0.1612398624420166,1.0575255155563354,watch,user3,walk
1763575532794001664,-0.0417494773864746,-0.0962388515472412,-0.0127637982368469,-0.1883395910263061,0.1677867174148559,1.1127078533172607,watch,user3,walk
1763575532804000512,-0.0383825898170471,-0.0822922587394714,-0.0138341784477233,-0.2051107585430145,0.1789340078830719,1.1727213859558103,watch,user3,walk
1763575532813999616,-0.0358162522315979,-0.0673252344131469,-0.0162622779607772,-0.2297087758779525,0.1911603063344955,1.222212314605713,watch,user3,walk
1763575532823998720,-0.0316417813301086,-0.0515183210372924,-0.016875684261322,-0.2595899105072021,0.1994106024503708,1.2653964757919312,watch,user3,walk
1763575532833996544,-0.0229590535163879,-0.0331194102764129,-0.0152073502540588,-0.2959971725940704,0.2078650742769241,1.306140422821045,watch,user3,walk
1763575532843995648,-0.012208878993988,-0.0169347822666168,-0.0147659033536911,-0.3414738774299621,0.2115440666675567,1.3371676206588743,watch,user3,walk
1763575532853994496,0.0038316249847412,0.0008059740066528,-0.0132616758346557,-0.3963549733161926,0.2178501635789871,1.358877182006836,watch,user3,walk
1763575532863993600,0.0216498374938964,0.0185089707374572,-0.0118854045867919,-0.4589939415454864,0.2246770858764648,1.373679757118225,watch,user3,walk
1763575532873992704,0.0407799482345581,0.0375641733407974,-0.0076387971639633,-0.5213311314582825,0.2204098999500274,1.3777732849121094,watch,user3,walk
1763575532883991552,0.0524746775627136,0.0600140392780303,-0.009841114282608,-0.5556833148002625,0.2044289708137512,1.3595629930496216,watch,user3,walk
1763575532893989632,0.0588757395744323,0.0812113285064697,-0.0204093754291534,-0.5594751238822937,0.1949084401130676,1.3250073194503784,watch,user3,walk
1763575532903988480,0.0607696771621704,0.1043583005666732,-0.0290790796279907,-0.5668816566467285,0.1934507191181183,1.2848587036132812,watch,user3,walk
1763575532913987584,0.0601825714111328,0.1216626465320587,-0.0332401394844055,-0.5872687101364136,0.1892035007476806,1.2268164157867432,watch,user3,walk
1763575532923986688,0.058792769908905,0.133808359503746,-0.0347430408000946,-0.6172730922698975,0.1753173321485519,1.1474820375442505,watch,user3,walk
1763575532933985536,0.0596098899841308,0.1403794288635254,-0.0282754898071289,-0.6596235036849976,0.1536306887865066,1.0563708543777466,watch,user3,walk
1763575532943984384,0.0597550272941589,0.149642676115036,-0.0212908387184143,-0.7155656218528748,0.1333847939968109,0.9756232500076294,watch,user3,walk
1763575532953982464,0.0715503692626953,0.1629121899604797,-0.0181459188461303,-0.751494288444519,0.128477931022644,0.8930168151855469,watch,user3,walk
1763575532963981568,0.0972932577133178,0.1676497459411621,-0.015298768877983,-0.7581736445426941,0.1240694224834442,0.7941555976867676,watch,user3,walk
1763575532973980672,0.1422295570373535,0.1574135273694992,-0.0199045836925506,-0.7092269062995911,0.1262620091438293,0.6809283494949341,watch,user3,walk
1763575532983979520,0.1927874684333801,0.170211374759674,-0.0364420711994171,-0.6738858222961426,0.1265780329704284,0.5863956212997437,watch,user3,walk
1763575532993978624,0.231407880783081,0.1952134668827057,-0.0421573817729949,-0.6765342950820923,0.0897963196039199,0.4978990256786346,watch,user3,walk
1763575533003977472,0.2414570450782776,0.2003732770681381,-0.0412904918193817,-0.6851528882980347,0.0366548895835876,0.4060283303260803,watch,user3,walk
1763575533013975552,0.2160617113113403,0.1959565281867981,-0.0414312481880188,-0.7365795373916626,-0.0055681988596916,0.3040295243263244,watch,user3,walk
1763575533023974656,0.1711834669113159,0.190848171710968,-0.0344651341438293,-0.8142741918563843,-0.035831831395626,0.1843729615211486,watch,user3,walk
1763575533033973760,0.1303498744964599,0.1805861145257949,-0.0249427855014801,-0.8961224555969238,-0.0613667517900466,0.0572541467845439,watch,user3,walk
1763575533043972608,0.1057273149490356,0.1657981127500534,-0.0100478827953338,-0.9862423539161682,-0.0939709395170211,-0.0627968236804008,watch,user3,walk
1763575533053971456,0.0876100063323974,0.1418940424919128,0.0037170201539993,-1.0613527297973633,-0.1258420497179031,-0.180878460407257,watch,user3,walk
1763575533063970560,0.0610752701759338,0.1201954334974289,0.0126334726810455,-1.1190723180770874,-0.1473234742879867,-0.2936564087867737,watch,user3,walk
1763575533073968640,0.0326205492019653,0.1007556170225143,0.0132911801338195,-1.177951455116272,-0.1470329314470291,-0.3842425048351288,watch,user3,walk
1763575533083967744,0.0090486407279968,0.0824036300182342,0.011559784412384,-1.2580275535583496,-0.1492363363504409,-0.462455689907074,watch,user3,walk
1763575533093966592,-0.0126722455024719,0.0656534880399704,0.0112535059452056,-1.343621015548706,-0.1666877567768097,-0.5519556999206543,watch,user3,walk
1763575533103965440,-0.0343316197395324,0.0541063547134399,0.0045622885227203,-1.423101782798767,-0.1931938380002975,-0.6354734897613525,watch,user3,walk
1763575533113964544,-0.0596433281898498,0.0488212257623672,-0.0075592398643493,-1.460684299468994,-0.2133334577083587,-0.7027941942214966,watch,user3,walk
1763575533123963648,-0.0910602211952209,0.0438805073499679,-0.0147251188755035,-1.4793163537979126,-0.2364743947982788,-0.7639421820640564,watch,user3,walk
1763575533133962752,-0.1236873865127563,0.0341258943080902,-0.0215625762939453,-1.4266490936279297,-0.2458926439285278,-0.8169859051704407,watch,user3,walk
1763575533143960576,-0.1501444578170776,0.0193234831094741,-0.0313687920570373,-1.363941669464111,-0.2277443706989288,-0.8649203777313232,watch,user3,walk
1763575533153959424,-0.1620410680770874,0.0084500908851623,-0.0256733745336532,-1.2663257122039795,-0.2060049921274185,-0.9047340750694276,watch,user3,walk
1763575533163958528,-0.1550635695457458,-0.0101856887340545,-0.0296848863363266,-1.130649447441101,-0.1827443987131118,-0.922224462032318,watch,user3,walk
1763575533173957632,-0.1281730532646179,-0.0260790586471557,-0.0332401990890502,-0.9867541193962096,-0.1661270707845688,-0.9077776074409484,watch,user3,walk
1763575533183956736,-0.0848758220672607,-0.0391897559165954,-0.0322653651237487,-0.8253756165504456,-0.1646606475114822,-0.8797591328620911,watch,user3,walk
1763575533193955584,-0.0295480489730834,-0.0478549301624298,-0.0358702540397644,-0.6510645151138306,-0.1770954877138137,-0.8418239951133728,watch,user3,walk
1763575533203953408,0.0335880517959594,-0.0453507900238037,-0.0406011939048767,-0.4734535813331604,-0.2015123069286346,-0.8026530146598816,watch,user3,walk
1763575533213952512,0.1049523949623107,-0.0415011942386627,-0.0417303293943405,-0.3000223934650421,-0.2261260449886322,-0.7638561129570007,watch,user3,walk
1763575533223951616,0.1818074584007263,-0.0403677225112915,-0.0369546264410018,-0.1545985341072082,-0.2587099969387054,-0.7207738757133484,watch,user3,walk
1763575533233950720,0.2498640418052673,-0.0498782694339752,-0.0203578323125839,-0.0512114316225051,-0.3046154379844665,-0.6786237955093384,watch,user3,walk
1763575533243949568,0.2940378189086914,-0.0766518712043762,-4.601478576660156e-05,-0.0146100558340549,-0.3668712675571441,-0.6380070447921753,watch,user3,walk
1763575533253948672,0.3000751733779907,-0.112028419971466,0.0247768759727478,-0.0644103661179542,-0.4287871122360229,-0.5938044786453247,watch,user3,walk
1763575533263946496,0.2703122496604919,-0.160357266664505,0.0363206565380096,0.1039023399353027,-0.5220714807510376,-0.6662949323654175,watch,user3,walk
1763575533273945600,0.2172462940216064,-0.2431196272373199,0.0523307472467422,-0.0186723079532384,-0.5390493869781494,-0.7233534455299377,watch,user3,walk
1763575533283944704,0.1999369859695434,-0.1618985831737518,0.0598125755786895,-0.3881732523441314,-0.5107165575027466,-0.433890163898468,watch,user3,walk
1763575533293943552,0.1528630852699279,-0.192197173833847,0.0712735652923584,-0.6283427476882935,-0.5550539493560791,-0.3556861579418182,watch,user3,walk
1763575533303942912,0.0930514931678772,-0.2683227360248565,0.0677980482578277,-0.7920352816581726,-0.6035162210464478,-0.4060909450054168,watch,user3,walk
1763575533313941760,0.047648549079895,-0.2754218876361847,0.0432779788970947,-0.9500491619110109,-0.613364040851593,-0.479227751493454,watch,user3,walk
1763575533323939840,0.01524019241333,-0.2543867528438568,0.0361299216747283,-1.1133337020874023,-0.5724578499794006,-0.4903756976127624,watch,user3,walk
1763575533333938944,-0.0049802064895629,-0.2455938756465912,0.0337377339601516,-1.19832181930542,-0.5673126578330994,-0.4746960997581482,watch,user3,walk
1763575533343937792,-0.015858769416809,-0.2408289015293121,0.025675430893898,-1.2290449142456057,-0.576897919178009,-0.4407037794589996,watch,user3,walk
1763575533353936896,-0.0260892510414123,-0.2384890615940094,0.0182297229766845,-1.2285418510437012,-0.5762529373168945,-0.4116955697536468,watch,user3,walk
1763575533363935744,-0.0330636501312255,-0.2355694472789764,0.0159300863742828,-1.1667861938476562,-0.5699197053909302,-0.3758507966995239,watch,user3,walk
1763575533373934848,-0.0228595733642578,-0.2257315218448639,0.0135340690612792,-1.104883074760437,-0.556103527545929,-0.320026695728302,watch,user3,walk
1763575533383932928,-0.0096118450164794,-0.2184862792491912,0.0167064666748046,-1.0484603643417358,-0.5580801963806152,-0.2424399554729461,watch,user3,walk
1763575533393931776,0.0069226026535034,-0.2118814587593078,0.0283327102661132,-1.012508749961853,-0.583501398563385,-0.1620399206876754,watch,user3,walk
1763575533403930880,0.0224776268005371,-0.2059839069843292,0.0409117341041564,-0.9919525384902954,-0.6172887086868286,-0.081794686615467,watch,user3,walk
1763575533413929984,0.030481994152069,-0.2058129608631134,0.043341651558876,-0.9826914072036744,-0.6399482488632202,-0.0041238591074943,watch,user3,walk
1763575533423928832,0.03787761926651,-0.2089678347110748,0.045591801404953,-0.9951555728912354,-0.6495504975318909,0.0713752284646034,watch,user3,walk
1763575533433927680,0.0431222915649414,-0.2170851528644561,0.0525434762239456,-1.0155822038650513,-0.6684690713882446,0.1577588468790054,watch,user3,walk
1763575533443925760,0.0421714782714843,-0.2229387462139129,0.0567286610603332,-1.0671628713607788,-0.6749417185783386,0.2469077706336975,watch,user3,walk
1763575533453924864,0.0339875817298889,-0.2253454327583313,0.0665345788002014,-1.1407949924468994,-0.676105797290802,0.3260363936424255,watch,user3,walk
1763575533463923968,0.0220889449119567,-0.2240932583808899,0.0755908191204071,-1.2317463159561155,-0.6798338890075684,0.4231011569499969,watch,user3,walk
1763575533473922816,0.0195369124412536,-0.2206534445285797,0.0797589719295501,-1.3265963792800903,-0.6777363419532776,0.5257721543312073,watch,user3,walk
1763575533483921664,0.0131535530090332,-0.2080031633377075,0.077150359749794,-1.4068163633346558,-0.654911458492279,0.6169074177742004,watch,user3,walk
1763575533493920768,0.0070857405662536,-0.1915565729141235,0.0719869136810302,-1.465829372406006,-0.6342578530311584,0.7096086144447327,watch,user3,walk
1763575533503918848,0.0061315298080444,-0.1735154390335083,0.0627281665802002,-1.501306653022766,-0.6188539862632751,0.8197228908538818,watch,user3,walk
1763575533513917952,0.0080106258392333,-0.1527112424373626,0.0541087090969085,-1.5084381103515625,-0.6059847474098206,0.9169362783432008,watch,user3,walk
1763575533523916800,0.0089654326438903,-0.1359131634235382,0.049777865409851,-1.5088669061660769,-0.5849460959434509,1.009739637374878,watch,user3,walk
1763575533533915648,0.009627342224121,-0.1226775348186492,0.0528563559055328,-1.49843430519104,-0.5659026503562927,1.089336633682251,watch,user3,walk
1763575533543914752,0.0077409744262695,-0.1120418310165405,0.0597086548805236,-1.497603178024292,-0.5657646059989929,1.1627497673034668,watch,user3,walk
1763575533553913856,0.0011278390884399,-0.1030241250991821,0.0652683526277542,-1.5017411708831787,-0.5708059668540955,1.2307817935943604,watch,user3,walk
1763575533563912960,-0.0096276402473449,-0.0962345898151397,0.0671666860580444,-1.5106816291809082,-0.5691621899604797,1.2941017150878906,watch,user3,walk
1763575533573910784,-0.0173362493515014,-0.0848267674446106,0.0689660310745239,-1.510814189910889,-0.5546264052391052,1.3484874963760376,watch,user3,walk
1763575533583909632,-0.0185809135437011,-0.0699999928474426,0.0656614005565643,-1.507606029510498,-0.5339884757995605,1.397943377494812,watch,user3,walk
1763575533593908736,-0.0109044909477233,-0.0517848432064056,0.0642387270927429,-1.4898488521575928,-0.5166387557983398,1.4355677366256714,watch,user3,walk
1763575533603907840,0.0053625106811523,-0.0322189927101135,0.0579994022846221,-1.4554753303527832,-0.4978139102458954,1.4551129341125488,watch,user3,walk
1763575533613906944,0.0301330685615539,-0.0145109891891479,0.0496270805597305,-1.4162511825561523,-0.4827708005905151,1.471062421798706,watch,user3,walk
1763575533623905792,0.0599905848503112,0.0018700957298278,0.0478763580322265,-1.3891167640686035,-0.4837387800216675,1.479374647140503,watch,user3,walk
1763575533633903616,0.0828701257705688,0.0157954394817352,0.0475221872329711,-1.387512445449829,-0.4947626888751983,1.483412504196167,watch,user3,walk
1763575533643902720,0.095513641834259,0.0258817374706268,0.0517947971820831,-1.4135476350784302,-0.5099412798881531,1.4779438972473145,watch,user3,walk
1763575533653901824,0.0967726111412048,0.0332415997982025,0.0599280446767807,-1.4653778076171875,-0.5282302498817444,1.4571841955184937,watch,user3,walk
1763575533663900928,0.0891264677047729,0.0380350053310394,0.0687350928783416,-1.5373244285583496,-0.5470765829086304,1.4273681640625,watch,user3,walk
1763575533673899776,0.0778554677963256,0.04824760556221,0.0740621834993362,-1.613057017326355,-0.5516060590744019,1.395477533340454,watch,user3,walk
1763575533683898880,0.0711750984191894,0.061865746974945,0.0775966644287109,-1.6759023666381836,-0.5499799251556396,1.3597255945205688,watch,user3,walk
1763575533693896704,0.0766444206237793,0.0776947438716888,0.0782279074192047,-1.7147796154022217,-0.5426759123802185,1.3211003541946411,watch,user3,walk
1763575533703895808,0.0891798734664917,0.0941578149795532,0.0799183845520019,-1.7359799146652222,-0.5363103151321411,1.275982141494751,watch,user3,walk
1763575533713894912,0.1117058992385864,0.1102532595396041,0.0809330940246582,-1.7457205057144165,-0.517554521560669,1.2290998697280884,watch,user3,walk
1763575533723893760,0.1341878175735473,0.1219382435083389,0.0848879516124725,-1.7485486268997192,-0.5038887858390808,1.1749428510665894,watch,user3,walk
1763575533733892864,0.1560353636741638,0.130650520324707,0.0934925824403762,-1.7616980075836182,-0.4968220889568329,1.1203099489212036,watch,user3,walk
1763575533743891712,0.1624653339385986,0.1397135108709335,0.0997125506401062,-1.792285442352295,-0.4946546256542206,1.063341498374939,watch,user3,walk
1763575533753889792,0.1491819024085998,0.1418679356575012,0.1032355576753616,-1.837065935134888,-0.5039170980453491,1.0116971731185913,watch,user3,walk
1763575533763888896,0.1203349828720092,0.1451215147972107,0.1003649979829788,-1.8853132724761963,-0.5126240253448486,0.9508715867996216,watch,user3,walk
1763575533773888000,0.0837067365646362,0.1468795239925384,0.0957791805267334,-1.9251967668533323,-0.5079544186592102,0.8884108662605286,watch,user3,walk
1763575533783886848,0.04811292886734,0.1517105400562286,0.090607613325119,-1.9456244707107544,-0.4931463897228241,0.8255475759506226,watch,user3,walk
1763575533793885952,0.019135296344757,0.1563911586999893,0.0869494676589965,-1.9566504955291748,-0.4723843932151794,0.7671796083450317,watch,user3,walk
1763575533803884800,-0.0046404004096984,0.1606248915195465,0.0917066037654876,-1.9545767307281492,-0.4527251124382019,0.7095181345939636,watch,user3,walk
1763575533813882880,-0.0232706665992736,0.1623350381851196,0.0971212089061737,-1.9402763843536377,-0.4373698532581329,0.6618760228157043,watch,user3,walk
1763575533823881984,-0.03115975856781,0.1657077968120575,0.0898981988430023,-1.912365198135376,-0.4285340309143066,0.6249311566352844,watch,user3,walk
1763575533833880832,-0.0310782790184021,0.1765283346176147,0.0768793225288391,-1.856398344039917,-0.4112687408924103,0.5928587317466736,watch,user3,walk
1763575533843879936,-0.0276349782943725,0.1849815249443054,0.0650516748428344,-1.7831395864486694,-0.4008921682834625,0.5534895658493042,watch,user3,walk
1763575533853878784,-0.0223879814147949,0.1873890906572342,0.0512276887893676,-1.6951050758361816,-0.3957131206989288,0.5167486071586609,watch,user3,walk
1763575533863877888,-0.0204395651817321,0.1923729628324508,0.0415680110454559,-1.611136794090271,-0.4107816517353058,0.4747233688831329,watch,user3,walk
1763575533873875968,-0.0304149389266967,0.1893494129180908,0.0379752516746521,-1.5360708236694336,-0.4372667670249939,0.4287031292915344,watch,user3,walk
1763575533883874816,-0.0420860052108764,0.1764223128557205,0.0149162113666534,-1.4733346700668335,-0.4901798069477081,0.3723990619182586,watch,user3,walk
1763575533893873920,-0.0583032369613647,0.1562467366456985,-0.0185466110706329,-1.4424136877059937,-0.5662828683853149,0.3022447228431701,watch,user3,walk
1763575533903872768,-0.07254159450531,0.1312362849712371,-0.0399392843246459,-1.4711748361587524,-0.6171724796295166,0.2175838351249694,watch,user3,walk
1763575533913871872,-0.0989789962768554,0.0949677973985672,-0.0103813409805297,-1.5891735553741455,-0.6228386163711548,0.1354016065597534,watch,user3,walk
1763575533923870720,-0.1258888840675354,0.0551329553127288,0.0380603075027465,-1.804023623466492,-0.6392098069190979,0.0481851510703563,watch,user3,walk
1763575533933868800,-0.1399428844451904,0.0208576023578643,0.0866236388683319,-2.068060398101806,-0.6883416771888733,-0.0275825802236795,watch,user3,walk
1763575533943867904,-0.1466765403747558,-0.0050772875547409,0.1008732914924621,-2.3377668857574463,-0.7608541250228882,-0.0864089429378509,watch,user3,walk
1763575533953866752,-0.1494643092155456,-0.0204935073852539,0.0884197354316711,-2.5543737411499023,-0.7853932976722717,-0.1280272305011749,watch,user3,walk
1763575533963865856,-0.1567738652229309,-0.0225308686494827,0.0721760094165802,-2.6860668659210205,-0.7620531916618347,-0.1530247777700424,watch,user3,walk
1763575533973864704,-0.1574874520301818,-0.0117094963788986,0.0471923649311065,-2.7041497230529785,-0.7119378447532654,-0.1845606118440628,watch,user3,walk
1763575533983863808,-0.1393418908119201,0.018743023276329,0.0113490223884582,-2.650136232376098,-0.6481814384460449,-0.2174742817878723,watch,user3,walk
1763575533993861888,-0.1041048765182495,0.060596764087677,-0.0056147277355194,-2.507195949554444,-0.5837582349777222,-0.2354831099510193,watch,user3,walk
1763575534003860736,-0.0583935379981994,0.0904437750577926,-0.0255117118358612,-2.280190944671631,-0.5330120921134949,-0.2269700616598129,watch,user3,walk
1763575534013859840,-0.012317419052124,0.1025908589363098,-0.0512642264366149,-1.988634467124939,-0.4871900379657745,-0.1935135573148727,watch,user3,walk
1763575534023858688,0.0256571769714355,0.1046946942806243,-0.0752114951610565,-1.6795324087142944,-0.4360924065113067,-0.1485905647277832,watch,user3,walk
1763575534033857792,0.0431013107299804,0.0987192690372467,-0.0905002355575561,-1.3947120904922483,-0.3921457231044769,-0.1079475209116935,watch,user3,walk
1763575534043856896,0.0414475202560424,0.0922589004039764,-0.1031065583229065,-1.1540422439575195,-0.3595457077026367,-0.0707187354564666,watch,user3,walk
1763575534053854976,0.0215578079223632,0.0791708827018737,-0.1147340238094329,-0.9632200002670288,-0.3263155817985534,-0.0373911373317241,watch,user3,walk
1763575534063853824,-0.0150736570358276,0.0621604323387146,-0.1152002215385437,-0.8102372884750366,-0.2788695096969604,0.0021085371263325,watch,user3,walk
1763575534073852672,-0.0553894639015197,0.043528527021408,-0.1088151633739471,-0.6950832605361938,-0.2210626751184463,0.0408865585923194,watch,user3,walk
1763575534083851776,-0.0852978229522705,0.0232436954975128,-0.100351333618164,-0.608692467212677,-0.1767655164003372,0.0754163041710853,watch,user3,walk
1763575534093850880,-0.1078100204467773,0.0072664022445678,-0.0939515531063079,-0.5426002144813538,-0.1483218818902969,0.0964582115411758,watch,user3,walk
1763575534103849984,-0.1259812712669372,-0.0023130178451538,-0.099645584821701,-0.4949028491973877,-0.1316900104284286,0.1099208891391754,watch,user3,walk
1763575534113847808,-0.1391042470932006,-0.0068499147891998,-0.1108604073524475,-0.450647234916687,-0.1068030297756195,0.1218736842274665,watch,user3,walk
1763575534123846656,-0.1531848907470703,-0.0049319267272949,-0.1169250905513763,-0.40556201338768,-0.0783762708306312,0.140941321849823,watch,user3,walk
1763575534133845760,-0.1597122550010681,0.0022925436496734,-0.1260342895984649,-0.3571478724479675,-0.0535414926707744,0.1528211385011673,watch,user3,walk
1763575534143844864,-0.156456172466278,0.0118023753166198,-0.1260072886943817,-0.3116112053394317,-0.0457151755690574,0.163804680109024,watch,user3,walk
1763575534153843968,-0.1424145698547363,0.0211270451545715,-0.125030905008316,-0.2794793546199798,-0.051361609250307,0.1843568384647369,watch,user3,walk
1763575534163842816,-0.1231819987297058,0.028689295053482,-0.134082406759262,-0.2528951466083526,-0.0689179599285125,0.2214920818805694,watch,user3,walk
1763575534173840640,-0.109710693359375,0.0353682935237884,-0.1452409923076629,-0.2249135822057724,-0.0851251631975174,0.2458991557359695,watch,user3,walk
1763575534183839744,-0.1114287972450256,0.0341290533542633,-0.1422142386436462,-0.2022997885942459,-0.0945302993059158,0.2575691342353821,watch,user3,walk
1763575534193838848,-0.1168877482414245,0.0408708453178405,-0.1353663802146911,-0.1815593540668487,-0.1057818904519081,0.2703041136264801,watch,user3,walk
1763575534203837952,-0.1187257170677185,0.0488952100276947,-0.134500116109848,-0.1559983938932418,-0.1189679056406021,0.2768543362617492,watch,user3,walk
1763575534213836800,-0.116093099117279,0.0604563057422637,-0.1368223428726196,-0.1199034973978996,-0.1246396452188491,0.2908812165260315,watch,user3,walk
1763575534223835904,-0.1105836033821106,0.0691568851470947,-0.1480925977230072,-0.0647560060024261,-0.1360634416341781,0.3032911419868469,watch,user3,walk
1763575534233833728,-0.0996140837669372,0.071989893913269,-0.1620127856731414,-0.0355171561241149,-0.1502141505479812,0.2918062508106231,watch,user3,walk
1763575534243832832,-0.0944836139678955,0.0675826966762542,-0.1663947999477386,-0.0477365367114543,-0.1527223140001297,0.2602300941944122,watch,user3,walk
1763575534253831936,-0.0964022874832153,0.0632949471473693,-0.1532774865627288,-0.1085607409477233,-0.1474790871143341,0.2326970100402832,watch,user3,walk
1763575534263830784,-0.0868714451789856,0.0584484040737152,-0.1330376267433166,-0.1952201873064041,-0.1531358212232589,0.2030907869338989,watch,user3,walk
1763575534273829888,-0.0746189355850219,0.0524938106536865,-0.1078870296478271,-0.2808557152748108,-0.1663821190595626,0.1805668324232101,watch,user3,walk
1763575534283828736,-0.0697237849235534,0.055157333612442,-0.0965028405189514,-0.353410929441452,-0.1965351402759552,0.157827615737915,watch,user3,walk
1763575534293826816,-0.0677340626716613,0.0664766728878021,-0.1059451699256897,-0.3895444273948669,-0.2331685125827789,0.1473233103752136,watch,user3,walk
1763575534303825152,-0.0701318979263305,0.0861380100250244,-0.1362363398075103,-0.380070686340332,-0.261687159538269,0.1129352524876594,watch,user3,walk
1763575534313824256,-0.0731877088546752,0.0973929762840271,-0.1623665690422058,-0.3561898469924927,-0.2638938724994659,0.0664079636335372,watch,user3,walk
1763575534323823104,-0.0711881518363952,0.095354676246643,-0.166577935218811,-0.3300578594207763,-0.2466666400432586,0.0359682999551296,watch,user3,walk
1763575534333822208,-0.0636042356491088,0.0867164433002471,-0.1408365964889526,-0.3288708925247192,-0.2255443185567855,0.0056266393512487,watch,user3,walk
1763575534343821056,-0.0524284839630126,0.0815490782260894,-0.1091236770153045,-0.3494603037834167,-0.2249083667993545,-0.0260777603834867,watch,user3,walk
1763575534353819136,-0.046343982219696,0.0808506608009338,-0.0965991020202636,-0.3730170428752899,-0.243903636932373,-0.0500744394958019,watch,user3,walk
1763575534363818240,-0.0510251522064209,0.0807507932186126,-0.1067190170288086,-0.3864279091358185,-0.2702337503433227,-0.0772389471530914,watch,user3,walk
1763575534373817088,-0.0640398859977722,0.0798680782318115,-0.1298238337039947,-0.3807652294635772,-0.2842119038105011,-0.1105186119675636,watch,user3,walk
1763575534383816192,-0.0844430923461914,0.0817103087902069,-0.1447246670722961,-0.3638714849948883,-0.2818446159362793,-0.1663358062505722,watch,user3,walk
1763575534393815296,-0.1012464165687561,0.0788076817989349,-0.1421563029289245,-0.3352257013320923,-0.2770956754684448,-0.2330506592988968,watch,user3,walk
1763575534403814144,-0.1070412397384643,0.066784530878067,-0.1338728070259094,-0.3248942494392395,-0.3063536882400512,-0.2857074737548828,watch,user3,walk
1763575534413812224,-0.106723666191101,0.050817459821701,-0.1273048222064972,-0.3280223906040191,-0.3209251761436462,-0.3082655072212219,watch,user3,walk
1763575534423811072,-0.1093714833259582,0.0355720520019531,-0.0983401238918304,-0.3569613695144653,-0.3219563364982605,-0.3162845373153686,watch,user3,walk
1763575534433810176,-0.1075528264045715,0.0272541940212249,-0.0755868852138519,-0.4060232639312744,-0.3115237653255462,-0.3028872609138489,watch,user3,walk
1763575534443809280,-0.1052057743072509,0.0239150822162628,-0.0733126997947692,-0.4458609223365783,-0.3155873119831085,-0.2942803800106048,watch,user3,walk
1763575534453808128,-0.1034965515136718,0.0168484151363372,-0.0839702486991882,-0.4452049732208252,-0.3367471694946289,-0.2998732924461365,watch,user3,walk
1763575534463807232,-0.1101829409599304,0.0135029256343841,-0.0991073846817016,-0.4163425862789154,-0.3591036200523376,-0.3020998835563659,watch,user3,walk
1763575534473805312,-0.1181339621543884,0.0165821015834808,-0.1108300387859344,-0.3643659353256225,-0.3843855559825897,-0.2931223809719085,watch,user3,walk
1763575534483804160,-0.1153631806373596,0.0115454494953155,-0.1330479383468628,-0.3065449893474579,-0.4022095501422882,-0.2769264876842499,watch,user3,walk
1763575534493803264,-0.1126757264137268,0.0030000209808349,-0.1399864852428436,-0.2564503848552704,-0.403378427028656,-0.2714073657989502,watch,user3,walk
1763575534503802112,-0.1073538661003112,-0.005104511976242,-0.1119211316108703,-0.2483041733503341,-0.3842403888702392,-0.2845614552497864,watch,user3,walk
1763575534513801216,-0.0908733606338501,-0.0124387741088867,-0.0765145719051361,-0.2660780847072601,-0.3874809443950653,-0.2689462602138519,watch,user3,walk
1763575534523800064,-0.073102593421936,-0.0413582026958465,-0.057215929031372,-0.2806395292282104,-0.411321759223938,-0.226253867149353,watch,user3,walk
1763575534533798144,-0.0698238611221313,-0.0760231018066406,-0.0478138327598571,-0.319857507944107,-0.4274740815162658,-0.1712494641542434,watch,user3,walk
1763575534543797248,-0.0781155824661254,-0.1047920584678649,-0.0493833422660827,-0.4066260457038879,-0.4206279814243316,-0.1360276937484741,watch,user3,walk
1763575534553796096,-0.0759637355804443,-0.1183342635631561,-0.0512608587741851,-0.4915627837181091,-0.4089593291282654,-0.1206458136439323,watch,user3,walk
1763575534563795200,-0.0581123232841491,-0.1078276932239532,-0.0256035923957824,-0.5502196550369263,-0.3917844295501709,-0.1082059815526008,watch,user3,walk
1763575534573794048,-0.0241210460662841,-0.0827028453350067,-0.0154687464237213,-0.5542846918106079,-0.3872045874595642,-0.0862346366047859,watch,user3,walk
1763575534583793152,0.0089836716651916,-0.0690203309059143,-0.0277836322784423,-0.489218920469284,-0.3961599171161651,-0.0540245734155178,watch,user3,walk
1763575534593791232,0.0276334285736084,-0.0656664669513702,-0.0370787680149078,-0.399073839187622,-0.3986544907093048,-0.0185632519423961,watch,user3,walk
1763575534603790080,0.0271130800247192,-0.064610481262207,-0.0243045687675476,-0.3083120286464691,-0.3869585990905761,0.0257898978888988,watch,user3,walk
1763575534613789184,0.0332207679748535,-0.0718183815479278,-0.0261992812156677,-0.2165008783340454,-0.3774311244487762,0.0678079277276992,watch,user3,walk
1763575534623788032,0.0345957279205322,-0.0838129818439483,-0.0084950923919677,-0.1487727016210556,-0.3591956794261932,0.0717716366052627,watch,user3,walk
1763575534633787136,0.0384904146194458,-0.0892218649387359,0.0246720910072326,-0.101738341152668,-0.3452236652374267,0.0646364986896514,watch,user3,walk
1763575534643786240,0.0554269552230834,-0.0787658989429473,0.046477198600769,-0.051849789917469,-0.3412099182605743,0.0721106529235839,watch,user3,walk
1763575534653784320,0.0709340572357177,-0.0592519640922546,0.0669042766094207,0.0533232316374778,-0.3251870274543762,0.0947073101997375,watch,user3,walk
1763575534663783168,0.0927667617797851,-0.0438528656959533,0.080927550792694,0.2088924050331115,-0.2953978776931762,0.128178060054779,watch,user3,walk
1763575534673782016,0.1228938102722168,-0.0329507291316986,0.0829027295112609,0.3591426312923431,-0.2734702229499817,0.1558805257081985,watch,user3,walk
1763575534683781120,0.1554006934165954,-0.0333771109580993,0.0850459635257721,0.4381572306156158,-0.26935875415802,0.1557891070842743,watch,user3,walk
1763575534693780224,0.1790631413459777,-0.0327556133270263,0.0988494157791137,0.4084693789482116,-0.27055424451828,0.1428778320550918,watch,user3,walk
1763575534703779328,0.1972166895866394,-0.0459233820438385,0.1053643822669982,0.3297792673110962,-0.2835050225257873,0.154609739780426,watch,user3,walk
1763575534713777152,0.1996055245399475,-0.0734481513500213,0.1241973042488098,0.2007912099361419,-0.2668464183807373,0.1883392035961151,watch,user3,walk
1763575534723776000,0.1922847032546997,-0.0927059650421142,0.1664732098579406,0.0002532682847231,-0.2354415208101272,0.2193114310503006,watch,user3,walk
1763575534733775104,0.1860271692276001,-0.1004361510276794,0.1817854642868042,-0.2332918345928192,-0.2267809212207794,0.2281781584024429,watch,user3,walk
1763575534743774208,0.1824628710746765,-0.1045798063278198,0.1613330245018005,-0.4422917366027832,-0.2493803352117538,0.1938586682081222,watch,user3,walk
1763575534753773312,0.1806176900863647,-0.102334439754486,0.1234697699546814,-0.5751504898071289,-0.2772963643074035,0.1464235037565231,watch,user3,walk
1763575534763772160,0.1761468648910522,-0.0935400426387786,0.1087996363639831,-0.6426465511322021,-0.2635206282138824,0.1308271586894989,watch,user3,walk
1763575534773769984,0.1673095822334289,-0.0822799503803253,0.1263864636421203,-0.6739847660064697,-0.2366877049207687,0.1440601497888565,watch,user3,walk
1763575534783769088,0.1501221656799316,-0.0754148066043853,0.1461852788925171,-0.6701104640960693,-0.2036994844675064,0.1592399030923843,watch,user3,walk
1763575534793768192,0.1200746893882751,-0.0758545696735382,0.15111044049263,-0.6560492515563965,-0.1759570688009262,0.1812541186809539,watch,user3,walk
1763575534803767296,0.0926111340522766,-0.0862047672271728,0.1115394532680511,-0.6243791580200195,-0.1668998301029205,0.1945498138666153,watch,user3,walk
1763575534813766144,0.0776119232177734,-0.1013837456703186,0.048816442489624,-0.5544970035552979,-0.1647525280714035,0.1845246106386184,watch,user3,walk
1763575534823765248,0.0691294074058532,-0.1056698858737945,0.0348718166351318,-0.4834545850753784,-0.1390701532363891,0.1876631528139114,watch,user3,walk
1763575534833763072,0.0727619528770446,-0.0969748795032501,0.0614486932754516,-0.4016574621200561,-0.1111559644341468,0.2127141803503036,watch,user3,walk
1763575534843762176,0.0825932025909423,-0.0935614705085754,0.0842711925506591,-0.311712771654129,-0.0943737924098968,0.2422254085540771,watch,user3,walk
1763575534853761280,0.0820652246475219,-0.1070721745491027,0.0907875299453735,-0.2347799390554428,-0.0844447240233421,0.2842940390110016,watch,user3,walk
1763575534863760128,0.075078547000885,-0.126282125711441,0.0718158483505249,-0.1865751594305038,-0.065101034939289,0.3388341665267944,watch,user3,walk
1763575534873759232,0.0664737224578857,-0.1370993554592132,0.0478554964065551,-0.1590287536382675,-0.0541173592209816,0.3834748864173889,watch,user3,walk
1763575534883758080,0.0679475665092468,-0.1306419372558593,0.0453564226627349,-0.1440989375114441,-0.0422162264585495,0.4109129607677459,watch,user3,walk
1763575534893756160,0.0848264694213867,-0.1001024842262268,0.0647961795330047,-0.1724102050065994,-0.0246396269649267,0.4308352470397949,watch,user3,walk
1763575534903755264,0.1136452555656433,-0.0692417323589325,0.0808493494987487,-0.212190955877304,-0.0070533552207052,0.4605362117290497,watch,user3,walk
1763575534913754112,0.122323989868164,-0.071124255657196,0.085371047258377,-0.2655780017375946,0.0212794821709394,0.4906893372535705,watch,user3,walk
1763575534923753216,0.1106964349746704,-0.0895564258098602,0.0745933651924133,-0.3510867655277252,0.0439567416906356,0.5190803408622742,watch,user3,walk
1763575534933752064,0.0998599529266357,-0.1042874455451965,0.0786502957344055,-0.4495573937892914,0.0802058279514312,0.5170110464096069,watch,user3,walk
1763575534943751168,0.0914273858070373,-0.0965407490730285,0.1099507808685302,-0.5383607149124146,0.119649551808834,0.4990065395832062,watch,user3,walk
1763575534953749248,0.0874778032302856,-0.0709199011325836,0.1336449980735778,-0.5890893936157227,0.1451924592256546,0.4891901314258575,watch,user3,walk
1763575534963748096,0.0766947269439697,-0.0380071103572845,0.1287774443626403,-0.5894866585731506,0.1631735861301422,0.4856607019901275,watch,user3,walk
1763575534973747200,0.0646082162857055,0.0015934109687805,0.1088624000549316,-0.5245656967163086,0.1947421729564666,0.4692372381687164,watch,user3,walk
1763575534983746048,0.0622878670692443,0.0338628590106964,0.066821664571762,-0.3867932260036468,0.2198167145252227,0.4273906648159027,watch,user3,walk
1763575534993745152,0.0729142427444458,0.0586522221565246,0.0208213031291961,-0.2286184728145599,0.2383563071489334,0.3565641641616821,watch,user3,walk
1763575535003743232,0.082491934299469,0.0775010883808136,0.0073649585247039,-0.113976277410984,0.2621127068996429,0.2927373051643371,watch,user3,walk
1763575535013742336,0.0950211882591247,0.0688035190105438,0.0235746502876281,-0.0305125452578067,0.2796735763549804,0.2493799775838852,watch,user3,walk
1763575535023741184,0.0982857942581176,0.041039228439331,0.1274658739566803,0.0937732309103012,0.3117824196815491,0.1823907494544983,watch,user3,walk
1763575535033740032,0.0917708873748779,0.0488134324550628,0.2383294105529785,0.1267727166414261,0.2791813313961029,0.0962995514273643,watch,user3,walk
1763575535043739136,0.1127919554710388,0.1171899437904357,0.1583740413188934,-0.0158511325716972,0.1386069059371948,0.0728159993886947,watch,user3,walk
1763575535053738240,0.1295427083969116,0.1436589062213897,0.0403192937374115,-0.0004500725772231,0.030444486066699,0.0736841857433319,watch,user3,walk
1763575535063736320,0.1045343875885009,0.1308091282844543,-0.0183926224708557,0.1297750324010849,0.0435773320496082,0.0821189433336258,watch,user3,walk
1763575535073735168,0.0815246105194091,0.093639850616455,-0.0460197925567626,0.2377214729785919,0.0854720473289489,0.0604341626167297,watch,user3,walk
1763575535083734272,0.0617641806602478,0.0455733835697174,-0.0122063755989074,0.2259784042835235,0.0790562331676483,0.0120105035603046,watch,user3,walk
1763575535093733120,0.0493794083595275,0.0166627168655395,0.0183115899562835,0.0927306041121482,0.069236621260643,0.0008947346941567,watch,user3,walk
1763575535103732224,0.0326509475708007,-0.0011292099952697,0.0378285944461822,-0.0971442610025405,0.0984243378043174,0.0253759752959013,watch,user3,walk
1763575535113731072,0.0245559811592102,-0.0188691616058349,0.0336978733539581,-0.2833141386508941,0.1139548271894455,0.0426606908440589,watch,user3,walk
1763575535123729152,0.029045820236206,-0.0234911441802978,0.0042983293533325,-0.4079136252403259,0.1044349148869514,0.0387505702674388,watch,user3,walk
1763575535133728256,0.0410826802253723,-0.0092632472515106,-0.026436448097229,-0.4434577524662018,0.0931332558393478,0.0274912565946578,watch,user3,walk
1763575535143727104,0.0583906769752502,0.0168759822845459,-0.0477049052715301,-0.398768663406372,0.0964644253253936,0.0263368431478738,watch,user3,walk
1763575535153726208,0.0751088857650756,0.046479046344757,-0.0408949255943298,-0.3134007453918457,0.106852613389492,0.0452809743583202,watch,user3,walk
1763575535163725056,0.0825340151786804,0.0704244077205658,-0.0101882219314575,-0.2085221856832504,0.1015695258975029,0.0640843585133552,watch,user3,walk
1763575535173724160,0.0799490809440612,0.0863127410411834,0.014111191034317,-0.1221942156553268,0.0686195641756057,0.0766238495707511,watch,user3,walk
1763575535183723264,0.0778788924217224,0.0882452726364135,0.0139291882514953,-0.0128438472747802,0.0307040549814701,0.0931431651115417,watch,user3,walk
1763575535193721088,0.0677099227905273,0.0760809779167175,0.0024807155132293,0.1630653887987136,0.0312675796449184,0.0829443261027336,watch,user3,walk
1763575535203720192,0.0402894020080566,0.0906644463539123,0.0272443890571594,0.3470048308372497,0.0588444359600544,0.0170957427471876,watch,user3,walk
1763575535213719040,0.0298051238059997,0.1532309651374817,0.0675348937511444,0.4949365258216858,0.0915339365601539,-0.0725047141313552,watch,user3,walk
1763575535223718144,0.0464116930961608,0.2067626118659973,0.1186342239379882,0.551710307598114,0.0826293900609016,-0.1233548521995544,watch,user3,walk
1763575535233717248,0.0873470902442932,0.1837754547595977,0.1178929209709167,0.5440406799316406,0.0706931054592132,-0.1164063960313797,watch,user3,walk
1763575535243715072,0.117796778678894,0.0850737392902374,0.1225905418395996,0.3967525064945221,0.0759952813386917,-0.1473132967948913,watch,user3,walk
1763575535253714176,0.1117483377456665,0.0068230628967285,0.1466966867446899,0.0370939299464225,0.0781255438923835,-0.2045611441135406,watch,user3,walk
1763575535263713024,0.1015524864196777,-0.035350352525711,0.1621396541595459,-0.4004400372505188,0.0550040677189827,-0.2577920854091644,watch,user3,walk
1763575535273712128,0.088994026184082,-0.0522243976593017,0.1747027039527893,-0.7687070369720459,0.0425170361995697,-0.3069870769977569,watch,user3,walk
1763575535283711232,0.0729151964187622,-0.0347757637500762,0.1800714433193206,-0.9782571196556092,0.1023202687501907,-0.3581456542015075,watch,user3,walk
1763575535293710336,0.058078110218048,0.0104736685752868,0.1949275434017181,-0.9991714358329772,0.2282209545373916,-0.4010201394557953,watch,user3,walk
1763575535303708672,0.0536864399909973,0.0560692548751831,0.2059202790260315,-0.8511831760406494,0.3743866682052612,-0.4267885684967041,watch,user3,walk
1763575535313707520,0.0569104552268981,0.0804491341114044,0.2071559131145477,-0.5887438058853149,0.4974814355373382,-0.4541836977005005,watch,user3,walk
1763575535323706624,0.0634583234786987,0.0875317156314849,0.188011348247528,-0.2946378290653229,0.5481000542640686,-0.4783159792423248,watch,user3,walk
1763575535333705728,0.0795844793319702,0.0711080133914947,0.141178548336029,-0.0158424340188503,0.5275521874427795,-0.4942470192909241,watch,user3,walk
1763575535343704576,0.0858736038208007,0.0353679955005645,0.1184011995792388,0.2308523505926132,0.5000125765800476,-0.5024093985557556,watch,user3,walk
1763575535353703680,0.076808750629425,0.0009927749633789,0.1452476680278778,0.4109898805618286,0.5051647424697876,-0.479055106639862,watch,user3,walk
1763575535363701504,0.0591917634010314,-0.0175808370113372,0.1759349703788757,0.5190198421478271,0.5198586583137512,-0.4475511014461517,watch,user3,walk
1763575535373700608,0.0464664697647094,-0.0265935063362121,0.1993988752365112,0.556529700756073,0.5493049621582031,-0.4055077731609344,watch,user3,walk
1763575535383699712,0.0353788137435913,-0.0251960754394531,0.2186264991760254,0.5828853249549866,0.5947242379188538,-0.3586697578430176,watch,user3,walk
1763575535393698816,0.0254073739051818,-0.0180533528327941,0.2240114212036132,0.6422879099845886,0.674126386642456,-0.317543625831604,watch,user3,walk
1763575535403697664,0.0171928405761718,0.0069854259490966,0.2191294729709625,0.7658225297927856,0.7927717566490173,-0.2823190093040466,watch,user3,walk
1763575535413696768,0.0090855956077575,0.0336606204509735,0.1979544162750244,0.9580751061439514,0.8991727828979492,-0.265071839094162,watch,user3,walk
1763575535423694592,0.0123636722564697,0.0505610406398773,0.160955935716629,1.2109280824661257,0.9609734416007996,-0.2538326978683471,watch,user3,walk
1763575535433693696,0.019222617149353,0.0533270537853241,0.1433831453323364,1.4769669771194458,1.00573992729187,-0.2297470569610595,watch,user3,walk
1763575535443692800,0.0193288922309875,0.0476307570934295,0.1543540954589843,1.7017992734909058,1.0629843473434448,-0.1979539096355438,watch,user3,walk
1763575535453691648,0.0144713521003723,0.0293842554092407,0.1698541641235351,1.866527795791626,1.1232506036758425,-0.1708706319332122,watch,user3,walk
1763575535463690752,0.0087437629699707,0.0064421296119689,0.1921047270298004,1.956017255783081,1.1604965925216677,-0.1481313109397888,watch,user3,walk
1763575535473689600,0.0040406584739685,-0.0104468464851379,0.2107153832912445,1.9722782373428345,1.1812777519226074,-0.1270931363105774,watch,user3,walk
1763575535483687680,-0.0034201741218566,-0.0137503445148468,0.2155627012252807,1.94317638874054,1.213034749031067,-0.1118672341108322,watch,user3,walk
1763575535493686784,-0.015557587146759,-0.0083367228507995,0.2047762423753738,1.9146922826766968,1.2595473527908323,-0.0951729416847229,watch,user3,walk
1763575535503685632,-0.0251203775405883,0.0111509561538696,0.1808632612228393,1.9278035163879397,1.3053627014160156,-0.0899236500263214,watch,user3,walk
1763575535513684736,-0.0254315733909606,0.0358868539333343,0.1454649567604065,1.9986004829406736,1.3421741724014282,-0.0926139801740646,watch,user3,walk
1763575535523683584,-0.0183303952217102,0.0506675243377685,0.1154452264308929,2.1069588661193848,1.369665265083313,-0.0969990044832229,watch,user3,walk
1763575535533682688,-0.0116770267486572,0.0622447431087493,0.0999155044555664,2.226300001144409,1.3897521495819092,-0.0925848111510276,watch,user3,walk
1763575535543680768,-0.0064042210578918,0.0655672550201416,0.0904538035392761,2.338275671005249,1.39771831035614,-0.0823150053620338,watch,user3,walk
1763575535553679616,-0.0066072344779968,0.0581731796264648,0.0863866806030273,2.4118423461914062,1.3941563367843628,-0.0657504051923751,watch,user3,walk
1763575535563678720,-0.0092928409576416,0.0561105012893676,0.0877692103385925,2.442206382751465,1.3943822383880615,-0.0593847818672657,watch,user3,walk
1763575535573677824,-0.0078566670417785,0.0527768731117248,0.0923601686954498,2.4403514862060547,1.3946882486343384,-0.0618660487234592,watch,user3,walk
1763575535583676672,-0.0011633038520812,0.0489424765110015,0.0902350544929504,2.4269683361053467,1.3992239236831665,-0.0700110644102096,watch,user3,walk
1763575535593675520,0.0113410353660583,0.0452321767807006,0.0829758048057556,2.4141032695770264,1.392183542251587,-0.079462356865406,watch,user3,walk
1763575535603673600,0.0272287726402282,0.0427534878253936,0.0743436813354492,2.417620658874512,1.362162470817566,-0.0919854044914245,watch,user3,walk
1763575535613672704,0.0367923974990844,0.0528100728988647,0.0567860007286071,2.423782587051392,1.3180879354476929,-0.123552918434143,watch,user3,walk
1763575535623671808,0.0386424660682678,0.0794191360473632,0.0387675166130065,2.441652536392212,1.2765785455703735,-0.1707898676395416,watch,user3,walk
1763575535633670656,0.0347348451614379,0.1033281683921814,0.0222777873277664,2.475013971328736,1.2394392490386963,-0.2147203087806701,watch,user3,walk
1763575535643669504,0.0301762819290161,0.1204701364040374,0.0033862590789794,2.499032974243164,1.2147772312164309,-0.2493441998958587,watch,user3,walk
1763575535653668608,0.026149570941925,0.1229693889617919,0.0010583847761154,2.526136875152588,1.1960768699645996,-0.3000955283641815,watch,user3,walk
1763575535663666688,0.0215667486190795,0.1093605756759643,0.0012654811143875,2.535223960876465,1.162769079208374,-0.3441444635391235,watch,user3,walk
1763575535673665792,0.0208659172058105,0.1078964471817016,-0.0050108432769775,2.486729621887207,1.1205265522003174,-0.3921359479427337,watch,user3,walk
1763575535683664640,0.0191965103149414,0.0928541123867034,-0.0190148204565048,2.401160478591919,1.0823301076889038,-0.433112233877182,watch,user3,walk
1763575535693663488,0.0163940787315368,0.0636270642280578,-0.0329066514968872,2.2962357997894287,1.036742925643921,-0.4892420768737793,watch,user3,walk
1763575535703662592,0.013254165649414,0.0432577431201934,-0.0463584065437316,2.183566093444824,0.9903698563575744,-0.5350049138069153,watch,user3,walk
1763575535713661696,0.0154883861541748,0.0383335351943969,-0.0588688254356384,2.078329563140869,0.9470948576927184,-0.5731858611106873,watch,user3,walk
1763575535723659776,0.0231525301933288,0.0441911816596984,-0.0651986002922058,1.993396282196045,0.9108390808105468,-0.5989900827407837,watch,user3,walk
1763575535733658624,0.0357193946838378,0.0520126223564147,-0.0785418078303337,1.958229422569275,0.8739780187606812,-0.6129242777824402,watch,user3,walk
1763575535743657472,0.0498218536376953,0.0549227595329284,-0.0899358987808227,1.939030408859253,0.8461059331893921,-0.6204959154129028,watch,user3,walk
1763575535753656576,0.0611760020256042,0.047919362783432,-0.0957709550857544,1.9277384281158447,0.8142406344413757,-0.6241700053215027,watch,user3,walk
1763575535763655680,0.0694572329521179,0.0328209996223449,-0.1021149754524231,1.894181728363037,0.7660059928894043,-0.6320844888687134,watch,user3,walk
1763575535773653760,0.0664260983467102,0.0157204270362854,-0.1032193899154663,1.8278921842575075,0.7108399868011475,-0.6408207416534424,watch,user3,walk
1763575535783652608,0.0502408146858215,0.0009442865848541,-0.1042612120509147,1.73163640499115,0.6663644313812256,-0.653681218624115,watch,user3,walk
1763575535793651456,0.0284035205841064,-0.010168582201004,-0.1022854968905448,1.633877873420715,0.6379764676094055,-0.6651512384414673,watch,user3,walk
1763575535803650560,0.0083789825439453,-0.01547771692276,-0.098128393292427,1.5418593883514404,0.6192576885223389,-0.673816442489624,watch,user3,walk
1763575535813649664,-0.0042668581008911,-0.0248399376869201,-0.1033790633082389,1.4641563892364502,0.6067357659339905,-0.6742976903915405,watch,user3,walk
1763575535823648768,-0.0131085515022277,-0.0342006087303161,-0.1172163486480712,1.3900066614151,0.5880504846572876,-0.6592082381248474,watch,user3,walk
1763575535833646848,-0.0145550370216369,-0.0424937307834625,-0.1351618766784668,1.3272032737731934,0.5765475034713745,-0.6452820301055908,watch,user3,walk
1763575535843645696,-0.0156154632568359,-0.049299269914627,-0.1545813083648681,1.3142324686050415,0.5773959755897522,-0.6373298764228821,watch,user3,walk
1763575535853644544,-0.0099961757659912,-0.0518707931041717,-0.1711737513542175,1.321972131729126,0.5593181252479553,-0.6188986897468567,watch,user3,walk
1763575535863643648,-0.0104534029960632,-0.0477575063705444,-0.1811638474464416,1.3729007244110107,0.5164298415184021,-0.5804392099380493,watch,user3,walk
1763575535873642752,-0.0210676193237304,-0.0460240244865417,-0.1887781620025634,1.4789952039718628,0.4635724723339081,-0.5435126423835754,watch,user3,walk
1763575535883641600,-0.0365888476371765,-0.032180517911911,-0.1947243809700012,1.6018060445785522,0.456228107213974,-0.5196118950843811,watch,user3,walk
1763575535893639680,-0.0512464642524719,-0.0303030014038085,-0.2076200246810913,1.74716317653656,0.4772740006446838,-0.4890825152397156,watch,user3,walk
1763575535903638528,-0.0501549243927001,-0.0462982356548309,-0.2170934081077575,1.9143544435501096,0.4682060182094574,-0.4498884975910187,watch,user3,walk
1763575535913637632,-0.0419381856918334,-0.0601125359535217,-0.2185845226049423,2.095543146133423,0.4223128259181976,-0.4207375347614288,watch,user3,walk
1763575535923636736,-0.0349876880645751,-0.0650030970573425,-0.2156544327735901,2.2711374759674072,0.3685963451862335,-0.3939687609672546,watch,user3,walk
1763575535933635584,-0.0340213179588317,-0.0673667788505554,-0.2070408463478088,2.4338228702545166,0.3143120408058166,-0.3533001840114593,watch,user3,walk
1763575535943634688,-0.0395233631134033,-0.0787412524223327,-0.1914058327674865,2.552003860473633,0.2723657786846161,-0.3151447772979736,watch,user3,walk
1763575535953632512,-0.0409150719642639,-0.087917149066925,-0.1673569679260254,2.597045421600342,0.2511204183101654,-0.2826994955539703,watch,user3,walk
1763575535963631616,-0.0351817607879638,-0.0954760313034057,-0.1415703296661377,2.5877625942230225,0.2422560751438141,-0.2487131655216217,watch,user3,walk
1763575535973630720,-0.0209660530090332,-0.0951666831970214,-0.118144616484642,2.5493760108947754,0.2150937020778656,-0.2239838391542434,watch,user3,walk
1763575535983629824,-0.0063545107841491,-0.0893495976924896,-0.0928922295570373,2.494401693344116,0.1617849320173263,-0.2052600979804992,watch,user3,walk
1763575535993628672,0.0036001801490783,-0.0809962153434753,-0.0763060003519058,2.444619417190552,0.1113808751106262,-0.1807236075401306,watch,user3,walk
1763575536003627776,0.0054206848144531,-0.0685887932777404,-0.0693877786397934,2.382819652557373,0.0771434605121612,-0.1568082869052887,watch,user3,walk
1763575536013625600,-0.0002482533454895,-0.0625412166118621,-0.0562451183795928,2.3081700801849365,0.0363994911313056,-0.1393195688724517,watch,user3,walk
1763575536023624704,-0.0036101937294006,-0.0591388344764709,-0.0405202955007553,2.2254135608673096,0.0070887403562664,-0.1373823136091232,watch,user3,walk
1763575536033623808,-0.0075804591178894,-0.053950011730194,-0.0181653350591659,2.1344549655914307,-0.0264580342918634,-0.115394189953804,watch,user3,walk
1763575536043622656,-0.0116282701492309,-0.0461430847644805,0.0042406469583511,2.041455030441284,-0.0613642632961273,-0.0837891325354576,watch,user3,walk
1763575536053621760,-0.0160434246063232,-0.0404654443264007,0.0230936110019683,1.9243940114974976,-0.0892291814088821,-0.0422589927911758,watch,user3,walk
1763575536063620608,-0.0195207595825195,-0.0324939787387847,0.0382987856864929,1.8186790943145752,-0.1073590964078903,-0.0071518733166158,watch,user3,walk
1763575536073618688,-0.0155050754547119,-0.0249519944190979,0.0449997335672378,1.735806226730347,-0.1176399663090705,0.0138596687465906,watch,user3,walk
1763575536083617792,-0.0026940703392028,-0.0117503106594085,0.0500911027193069,1.6723603010177612,-0.1183690503239631,0.029181633144617,watch,user3,walk
1763575536093616640,0.0107831358909606,0.0019614398479461,0.0604968070983886,1.6293333768844604,-0.1027064695954322,0.0463361181318759,watch,user3,walk
1763575536103615744,0.0267949104309082,0.0167968273162841,0.0753286480903625,1.5631266832351685,-0.0947577282786369,0.0729079470038414,watch,user3,walk
1763575536113614592,0.0418693423271179,0.0297822058200836,0.0907132029533386,1.4826587438583374,-0.0842821896076202,0.0960561409592628,watch,user3,walk
1763575536123612672,0.0526775121688842,0.0359275639057159,0.1003522425889968,1.4090059995651243,-0.0815571546554565,0.1078589409589767,watch,user3,walk
1763575536133611776,0.0650480985641479,0.0387051701545715,0.1090657860040664,1.3444275856018066,-0.0719990655779838,0.1035358309745788,watch,user3,walk
1763575536143610624,0.0741207003593444,0.0463615357875824,0.1176803857088089,1.2846615314483645,-0.06462974101305,0.1022002473473548,watch,user3,walk
1763575536153609728,0.0750433802604675,0.0590495765209198,0.1293397694826126,1.2347419261932373,-0.0503855608403682,0.0985722243785858,watch,user3,walk
1763575536163608576,0.06836998462677,0.0718731582164764,0.1425470113754272,1.2127305269241333,-0.020987369120121,0.0919043347239494,watch,user3,walk
1763575536173607680,0.0554490685462951,0.0865563452243805,0.1613712012767791,1.2287791967391968,0.0289780609309673,0.0898278728127479,watch,user3,walk
1763575536183605760,0.0411499738693237,0.1026460826396942,0.1862155199050903,1.296211004257202,0.1186179369688034,0.1031889468431472,watch,user3,walk
1763575536193604608,0.0351141691207885,0.1255289912223816,0.1975108385086059,1.427139401435852,0.2218335270881652,0.1361756473779678,watch,user3,walk
1763575536203603712,0.0329964756965637,0.1569643914699554,0.1905752420425415,1.632215976715088,0.3132809996604919,0.1751500964164734,watch,user3,walk
1763575536213602560,0.0242061018943786,0.1916232109069824,0.1728447079658508,1.893343210220337,0.3823293149471283,0.2113312631845474,watch,user3,walk
1763575536223601664,0.0068644285202026,0.2193710505962371,0.1537258923053741,2.16435980796814,0.4304192960262298,0.2245708405971527,watch,user3,walk
1763575536233600512,-0.0259993076324462,0.2373249232769012,0.1433353126049041,2.3958897590637207,0.4624643325805664,0.2012756317853927,watch,user3,walk
1763575536243598592,-0.0630379319190979,0.2420959770679474,0.152005136013031,2.557401180267334,0.4837794005870819,0.1462063938379287,watch,user3,walk
1763575536253597696,-0.0971653461456298,0.2382000684738159,0.1705805361270904,2.627643346786499,0.4935196340084076,0.057746298611164,watch,user3,walk
1763575536263596800,-0.1275588870048523,0.2320757210254669,0.1882095634937286,2.598982095718384,0.5090312957763672,-0.0579590611159801,watch,user3,walk
1763575536273595648,-0.147081971168518,0.2210738062858581,0.1939919888973236,2.49890398979187,0.5179970860481262,-0.1845723986625671,watch,user3,walk
1763575536283594496,-0.1541275382041931,0.2112248092889785,0.1864816546440124,2.3651111125946045,0.5092934370040894,-0.31414994597435,watch,user3,walk
1763575536293593600,-0.150165855884552,0.2041865140199661,0.1746391057968139,2.20564341545105,0.495077520608902,-0.4429066181182861,watch,user3,walk
1763575536303591424,-0.1397462487220764,0.2002136707305908,0.1648633182048797,2.0365254878997803,0.4938481152057647,-0.5714705586433411,watch,user3,walk
1763575536313590528,-0.1169156432151794,0.1974771469831466,0.1576792299747467,1.8915387392044067,0.502174973487854,-0.6915812492370605,watch,user3,walk
1763575536323589632,-0.0827944874763488,0.1927769631147384,0.1593795716762542,1.7862151861190796,0.5226455330848694,-0.7795858979225159,watch,user3,walk
1763575536333588480,-0.0454699397087097,0.1938705444335937,0.1571971774101257,1.7403327226638794,0.5497389435768127,-0.8460802435874939,watch,user3,walk
1763575536343587328,-0.0145582556724548,0.1915202289819717,0.1367092728614807,1.7462631464004517,0.5819690823554993,-0.8894228339195251,watch,user3,walk
1763575536353586432,0.0011831521987915,0.1870063841342926,0.111606627702713,1.842780351638794,0.6298497915267944,-0.9279800653457642,watch,user3,walk
1763575536363584512,0.0062931776046752,0.1844354718923568,0.0939782857894897,2.000462532043457,0.670074999332428,-0.9491863250732422,watch,user3,walk
1763575536373583616,0.0073202252388,0.1883748173713684,0.079299658536911,2.201266050338745,0.6835050582885742,-0.9654406309127808,watch,user3,walk
1763575536383582464,0.0047992467880249,0.189658984541893,0.0517742335796356,2.422559261322021,0.6818785071372986,-0.9860000014305116,watch,user3,walk
1763575536393581312,-0.013431429862976,0.1821404844522476,0.0314776897430419,2.632488965988159,0.6698154807090759,-1.0195624828338623,watch,user3,walk
1763575536403580416,-0.0295556783676147,0.1617610454559326,0.0206950008869171,2.816145181655884,0.6510820984840393,-1.0502269268035889,watch,user3,walk
1763575536413578496,-0.0365259647369384,0.1287469863891601,0.0007455050945281,2.975306272506714,0.6286814212799072,-1.0833897590637207,watch,user3,walk
1763575536423577600,-0.0456295013427734,0.0840255320072174,-0.0162713527679443,3.1014561653137207,0.5843219757080078,-1.120078682899475,watch,user3,walk
1763575536433576448,-0.0569700002670288,0.0527137219905853,-0.0169028937816619,3.138677835464477,0.5467162728309631,-1.1590988636016846,watch,user3,walk
1763575536443575296,-0.07656991481781,0.0319016724824905,0.0060193538665771,3.0605592727661133,0.5257371068000793,-1.1735955476760864,watch,user3,walk
1763575536453574400,-0.082302987575531,0.0224259495735168,-0.0123324692249298,2.981391191482544,0.4997763633728027,-1.1450201272964478,watch,user3,walk
1763575536463573504,-0.0782013535499572,0.0212003290653228,-0.0400657057762146,2.945743560791016,0.4882001578807831,-1.1049189567565918,watch,user3,walk
1763575536473571584,-0.0761428475379943,0.0314181447029113,-0.0440142452716827,2.95132827758789,0.5034701824188232,-1.0759814977645874,watch,user3,walk
1763575536483570432,-0.0699650049209594,0.0546917021274566,-0.0355691909790039,2.9808571338653564,0.5342636108398438,-1.0346367359161377,watch,user3,walk
1763575536493569280,-0.0604303479194641,0.0641683340072631,-0.0238772630691528,3.01244592666626,0.5567436218261719,-0.9780483841896056,watch,user3,walk
1763575536503568384,-0.0464434623718261,0.0626894235610961,-0.0153939723968505,3.0243687629699707,0.5630238652229309,-0.9189187288284302,watch,user3,walk
1763575536513567488,-0.0308062434196472,0.057336002588272,-0.0085809230804443,2.993272066116333,0.5657349824905396,-0.846611738204956,watch,user3,walk
1763575536523566592,-0.0179170966148376,0.0580154359340667,0.0003913938999176,2.9296553134918213,0.5617995262145996,-0.7790476083755493,watch,user3,walk
1763575536533564672,-0.007286787033081,0.0569384098052978,0.0157561600208282,2.858088731765747,0.5458911061286926,-0.7231249213218689,watch,user3,walk
1763575536543563264,0.0005059242248535,0.0560269951820373,0.0254299342632293,2.795710325241089,0.5385289192199707,-0.6706598997116089,watch,user3,walk
1763575536553562368,0.0148733258247375,0.0630528628826141,0.0301905870437622,2.7776072025299072,0.5483791828155518,-0.6097688674926758,watch,user3,walk
1763575536563561472,0.0344359874725341,0.0750908851623535,0.0341448485851287,2.7900638580322266,0.5583623647689819,-0.5514284372329712,watch,user3,walk
1763575536573560576,0.0577492117881774,0.0914721488952636,0.0354522466659545,2.8003830909729004,0.5606180429458618,-0.5038688778877258,watch,user3,walk
1763575536583559424,0.0794516205787658,0.1062721610069274,0.0396669507026672,2.787365436553955,0.5502114295959473,-0.4700710475444793,watch,user3,walk
1763575536593557248,0.0899106264114379,0.1110611408948898,0.0504550039768219,2.751311779022217,0.5244040489196777,-0.4424990713596344,watch,user3,walk
1763575536603556352,0.0885761976242065,0.1097619533538818,0.0662664473056793,2.682480573654175,0.4921489059925079,-0.4335918724536896,watch,user3,walk
1763575536613555456,0.0806351900100708,0.1079537570476532,0.0881210267543792,2.58146071434021,0.4690132439136505,-0.4227927625179291,watch,user3,walk
1763575536623554560,0.0686829090118408,0.1048367321491241,0.1115986704826355,2.4694278240203857,0.4441093802452087,-0.4098098278045654,watch,user3,walk
1763575536633553408,0.0568798780441284,0.1047882139682769,0.1264480650424957,2.3497791290283203,0.4155509769916534,-0.4117805659770965,watch,user3,walk
1763575536643551232,0.0500696897506713,0.106804758310318,0.1250009834766388,2.221823215484619,0.3843549787998199,-0.4152809083461761,watch,user3,walk
1763575536653550336,0.037147045135498,0.1065680682659149,0.1288042068481445,2.08627986907959,0.3605420589447021,-0.4183142483234405,watch,user3,walk
1763575536663549440,0.0173523426055908,0.104872778058052,0.1498877704143524,1.9262608289718628,0.3615545928478241,-0.4169283211231231,watch,user3,walk
1763575536673548544,-0.0064212679862976,0.0883641988039016,0.1779123544692993,1.7927643060684204,0.3664060533046722,-0.404760867357254,watch,user3,walk
1763575536683547392,-0.0226537585258483,0.0755525976419448,0.1918004155158996,1.6943073272705078,0.3588418960571289,-0.3915789127349853,watch,user3,walk
1763575536693546496,-0.0281699895858764,0.1004607379436492,0.1901887953281402,1.6338831186294556,0.347588449716568,-0.3780774772167206,watch,user3,walk
1763575536703544320,-0.0264519453048706,0.1486294567584991,0.1774494349956512,1.6707717180252075,0.3527844250202179,-0.3554113805294037,watch,user3,walk
1763575536713543424,-0.0168169736862182,0.1928741037845611,0.1531331241130828,1.8155536651611328,0.3825487196445465,-0.3211652636528015,watch,user3,walk
1763575536723542528,-0.005107045173645,0.2331640571355819,0.1367912590503692,1.986271858215332,0.4231016635894775,-0.2865656614303589,watch,user3,walk
1763575536733541376,0.0097693800926208,0.2561275660991668,0.1387240290641784,2.144838571548462,0.4488136768341064,-0.2573007345199585,watch,user3,walk
1763575536743540480,0.0188292860984802,0.2581350803375244,0.1508938074111938,2.2507247924804688,0.4662664532661438,-0.2277767360210418,watch,user3,walk
1763575536753539584,0.018854796886444,0.2471247315406799,0.1707278490066528,2.310216426849365,0.4764330685138702,-0.1963293254375457,watch,user3,walk
1763575536763537408,0.0118622183799743,0.2362528294324875,0.1869749426841735,2.33627986907959,0.4789255261421203,-0.1659253984689712,watch,user3,walk
1763575536773536512,0.0052334070205688,0.233606144785881,0.1965950429439544,2.355431318283081,0.4681248068809509,-0.1386269330978393,watch,user3,walk
1763575536783535360,-0.0043149590492248,0.2420097887516021,0.1989221274852752,2.405040740966797,0.4507884085178375,-0.1164604574441909,watch,user3,walk
1763575536793534464,-0.0061869621276855,0.2626124620437622,0.1954396963119506,2.476713895797729,0.4388161897659302,-0.0976151302456855,watch,user3,walk
1763575536803533568,-0.0012580156326293,0.2880035638809204,0.1882297694683075,2.572291612625122,0.4228037297725677,-0.0861970260739326,watch,user3,walk
1763575536813532416,0.0155679583549499,0.3093677759170532,0.1852632462978363,2.676203489303589,0.410675436258316,-0.0797058343887329,watch,user3,walk
1763575536823530496,0.0327163338661193,0.3232957422733307,0.1870130002498626,2.7479898929595947,0.3902142941951751,-0.082442432641983,watch,user3,walk
1763575536833529600,0.0423592925071716,0.3282479047775268,0.2003853321075439,2.744309663772583,0.3607927560806274,-0.1036715507507324,watch,user3,walk
1763575536843528448,0.0400856733322143,0.3259153962135315,0.2198507189750671,2.661672592163086,0.3319780528545379,-0.1404856890439987,watch,user3,walk
1763575536853527552,0.0287251472473144,0.3236447274684906,0.2423665523529052,2.509108066558838,0.3079542219638824,-0.1954871565103531,watch,user3,walk
1763575536863526400,0.0139587521553039,0.3196646571159363,0.2592955827713012,2.3155903816223145,0.2953930497169494,-0.2585148513317108,watch,user3,walk
1763575536873524480,0.0006875991821289,0.3156220614910126,0.2740471363067627,2.0959906578063965,0.2896696329116821,-0.3296239376068115,watch,user3,walk
1763575536883523584,-0.0082976222038269,0.3114421665668487,0.2805568873882293,1.8725451231002808,0.2839418053627014,-0.4055856466293335,watch,user3,walk
1763575536893522432,-0.0151001214981079,0.306228905916214,0.2799877524375915,1.6506096124649048,0.2789955139160156,-0.4885551035404205,watch,user3,walk
1763575536903521536,-0.0222525000572204,0.2972946166992187,0.2746053338050842,1.4532384872436523,0.2704265415668487,-0.5673269033432007,watch,user3,walk
1763575536913520384,-0.0294994711875915,0.2892208397388458,0.2678709030151367,1.2927517890930176,0.2694395780563354,-0.6402122974395752,watch,user3,walk
1763575536923519488,-0.0317641496658325,0.2816200852394104,0.2585945129394531,1.1742960214614868,0.2748321890830993,-0.7062168717384338,watch,user3,walk
1763575536933517568,-0.0315185189247131,0.2820107340812683,0.2473430335521698,1.0872397422790527,0.2892023622989654,-0.7706038951873779,watch,user3,walk
1763575536943516416,-0.0300220251083374,0.2794144749641418,0.2384551167488098,1.0366768836975098,0.2995455265045166,-0.823060929775238,watch,user3,walk
1763575536953515520,-0.0248841643333435,0.2702060341835022,0.234667956829071,1.0189999341964722,0.3095331788063049,-0.8681293725967407,watch,user3,walk
1763575536963514624,-0.0221146941184997,0.2578767538070678,0.2327278554439544,1.0147569179534912,0.3194492161273956,-0.9033214449882508,watch,user3,walk
1763575536973513472,-0.0227037072181701,0.2452147603034973,0.2321058511734008,1.021188735961914,0.3405171930789947,-0.932368814945221,watch,user3,walk
1763575536983512320,-0.0201573371887207,0.238228291273117,0.2278387546539306,1.0460914373397827,0.3567095994949341,-0.9554075598716736,watch,user3,walk
1763575536993510400,-0.0149285197257995,0.2325500696897506,0.221327006816864,1.0876436233520508,0.378315806388855,-0.976364254951477,watch,user3,walk
1763575537003509504,-0.0097577571868896,0.2240510880947113,0.2158872485160827,1.1403526067733765,0.3964618742465973,-0.9932240843772888,watch,user3,walk
1763575537013508608,-0.0045222043991088,0.213879108428955,0.2145293653011322,1.1956336498260498,0.4100194871425628,-1.013463020324707,watch,user3,walk
1763575537023507456,0.0004283189773559,0.2047769278287887,0.2142829596996307,1.2475252151489258,0.4308014810085296,-1.0388017892837524,watch,user3,walk
1763575537033506304,0.0003315806388854,0.1910532116889953,0.2133808135986328,1.2772066593170166,0.4501898288726806,-1.0609089136123655,watch,user3,walk
1763575537043505408,0.0006925463676452,0.1767555922269821,0.2085362374782562,1.3018321990966797,0.4676641523838043,-1.0830028057098389,watch,user3,walk
1763575537053503488,-0.0022820234298706,0.1598619669675827,0.2047005891799926,1.3011707067489624,0.4837667047977447,-1.1064906120300293,watch,user3,walk
1763575537063502592,-0.0056266188621521,0.1413475275039672,0.2032130062580108,1.2754359245300293,0.4979767203330993,-1.132056474685669,watch,user3,walk
1763575537073501440,-0.0045647025108337,0.1210151612758636,0.1929502487182617,1.2232630252838137,0.5030614733695984,-1.159044861793518,watch,user3,walk
1763575537083500288,-0.0021217465400695,0.1036191433668136,0.1808572113513946,1.1560511589050293,0.5007336735725403,-1.183987021446228,watch,user3,walk
1763575537093499392,0.0016566514968872,0.0882304310798645,0.1760583519935608,1.0844933986663818,0.4993933141231537,-1.2080579996109009,watch,user3,walk
1763575537103497472,0.0022397637367248,0.0736997127532959,0.1737581491470337,1.0212801694869995,0.5062816143035889,-1.2159713506698608,watch,user3,walk
1763575537113496576,0.0015865564346313,0.0604686737060546,0.1644744575023651,0.9675374627113342,0.5179832577705383,-1.2147529125213623,watch,user3,walk
1763575537123495424,0.0002803802490234,0.047146126627922,0.1517663598060608,0.9316335320472716,0.5400141477584839,-1.2060481309890747,watch,user3,walk
1763575537133494272,0.0006965994834899,0.0358787328004837,0.1356100440025329,0.910901129245758,0.5636680722236633,-1.177330732345581,watch,user3,walk
1763575537143493376,0.0031279325485229,0.0255778729915618,0.1215163469314575,0.9053291082382202,0.5797296166419983,-1.1436505317687988,watch,user3,walk
1763575537153492480,0.0106599926948547,0.0157497525215148,0.1067146062850952,0.9042593240737916,0.5765607357025146,-1.1064038276672363,watch,user3,walk
1763575537163490560,0.0129604935646057,0.0054205656051635,0.0956706702709198,0.9201849102973938,0.5674088001251221,-1.062785506248474,watch,user3,walk
1763575537173489664,0.00574392080307,-0.0036957263946533,0.0924872756004333,0.9355250000953674,0.5702559351921082,-1.0005921125411987,watch,user3,walk
1763575537183488256,-0.0066720843315124,-0.0139715671539306,0.089125782251358,0.9521124362945556,0.5823761224746704,-0.9334516525268556,watch,user3,walk
1763575537193487360,-0.0192973017692565,-0.0226924121379852,0.0768989920616149,0.9726272821426392,0.6050859689712524,-0.8672539591789246,watch,user3,walk
1763575537203486464,-0.0247802734375,-0.0278830230236053,0.0641586482524871,1.001060962677002,0.6357937455177307,-0.801404595375061,watch,user3,walk
1763575537213485568,-0.0220175385475158,-0.0308408141136169,0.0460540354251861,1.0392755270004272,0.6632570624351501,-0.7355262637138367,watch,user3,walk
1763575537223483648,-0.0169076323509216,-0.0319825708866119,0.0294745713472366,1.1021517515182495,0.6788383722305298,-0.6770466566085815,watch,user3,walk
1763575537233482240,-0.0129167437553405,-0.0324938595294952,0.0121976733207702,1.196582913398743,0.7036467790603638,-0.6033311486244202,watch,user3,walk
1763575537243481344,-0.0100131034851074,-0.0267895460128784,-0.0030706524848937,1.3052239418029783,0.7324260473251343,-0.5231355428695679,watch,user3,walk
1763575537253480448,-0.0099056959152221,-0.0271094739437103,-0.0114882588386535,1.4068562984466553,0.7549484372138977,-0.4366696178913116,watch,user3,walk
1763575537263479552,-0.0052306652069091,-0.0310254395008087,-0.0192290246486663,1.489727258682251,0.7643415331840515,-0.3648615479469299,watch,user3,walk
1763575537273477632,0.0050280690193176,-0.0355578362941741,-0.0225380957126617,1.5629650354385376,0.7694401741027832,-0.2910919785499573,watch,user3,walk
1763575537283476480,0.0220704078674316,-0.0347164571285247,-0.0297740697860717,1.6164697408676147,0.776411235332489,-0.2086536437273025,watch,user3,walk
1763575537293475328,0.0432390570640563,-0.0299119353294372,-0.034445509314537,1.6584874391555786,0.7832984328269958,-0.1191948503255844,watch,user3,walk
1763575537303473664,0.0690325498580932,-0.021431028842926,-0.0401371717453002,1.693928837776184,0.7835093140602112,-0.0397353842854499,watch,user3,walk
1763575537313472768,0.1029805541038513,-0.0094828605651855,-0.0514131784439086,1.723209261894226,0.7796128392219543,0.0335295088589191,watch,user3,walk
1763575537323471872,0.1322836875915527,0.0021612048149108,-0.0618207454681396,1.73374605178833,0.7628105282783508,0.0915238335728645,watch,user3,walk
1763575537333469952,0.1485946774482727,0.0081063210964202,-0.0655513256788253,1.7176473140716553,0.7305724024772644,0.1356670707464218,watch,user3,walk
1763575537343468800,0.1465157866477966,0.0086199939250946,-0.0693960785865783,1.6645150184631348,0.6881925463676453,0.1637399047613144,watch,user3,walk
1763575537353467904,0.1291171908378601,0.0075961351394653,-0.0822795927524566,1.5845930576324463,0.6480286121368408,0.1789968907833099,watch,user3,walk
1763575537363466752,0.1087785959243774,0.0104730725288391,-0.0941672623157501,1.489491581916809,0.601664125919342,0.1852406114339828,watch,user3,walk
1763575537373465856,0.0893653631210327,0.0144360661506652,-0.1060583591461181,1.391505002975464,0.5568929314613342,0.1838054358959198,watch,user3,walk
1763575537383464704,0.076366901397705,0.0189112722873687,-0.1155327260494232,1.2991389036178589,0.5009927153587341,0.1743180602788925,watch,user3,walk
1763575537393462784,0.0706191658973693,0.0244883000850677,-0.1221085488796234,1.212761163711548,0.4464639723300934,0.1482968479394912,watch,user3,walk
1763575537403461888,0.0670063495635986,0.0314453840255737,-0.1203194856643676,1.1433757543563845,0.388405829668045,0.1354802995920181,watch,user3,walk
1763575537413460736,0.0628136396408081,0.0399478375911712,-0.1180621236562728,1.092680811882019,0.3222976624965668,0.1193239763379097,watch,user3,walk
1763575537423459840,0.0585031509399414,0.0506373643875122,-0.1193511188030242,1.0651049613952637,0.2539576590061188,0.1148941367864608,watch,user3,walk
1763575537433458688,0.0472888350486755,0.0566708445549011,-0.1145111173391342,1.057702660560608,0.1821210086345672,0.0966379046440124,watch,user3,walk
1763575537443456768,0.0294103026390075,0.0552184134721756,-0.1074161529541015,1.05194354057312,0.1202115640044212,0.0664063692092895,watch,user3,walk
1763575537453455872,0.0088058710098266,0.056657463312149,-0.0951259732246398,1.035788893699646,0.0638577491044998,0.0343126095831394,watch,user3,walk
1763575537463454720,-0.0112671852111816,0.0548542141914367,-0.0751374959945678,1.020730972290039,0.0140117164701223,-0.0045562232844531,watch,user3,walk
1763575537473453824,-0.0280040502548217,0.0500157326459884,-0.0572048723697662,1.002120018005371,-0.0390219390392303,-0.0461380220949649,watch,user3,walk
1763575537483452672,-0.0391377210617065,0.0489392578601837,-0.0390672385692596,0.9786197543144226,-0.0818669646978378,-0.0866287872195243,watch,user3,walk
1763575537493451776,-0.0495277643203735,0.048709824681282,-0.0168636888265609,0.951232612133026,-0.1170292124152183,-0.1247210502624511,watch,user3,walk
1763575537503449856,-0.0560485124588012,0.0487765669822692,0.0048504769802093,0.9238183498382568,-0.1423885375261306,-0.161382794380188,watch,user3,walk
1763575537513448704,-0.0554603338241577,0.0511992424726486,0.0243256092071533,0.8968000411987305,-0.1570521742105484,-0.201762169599533,watch,user3,walk
1763575537523447808,-0.0470544099807739,0.0564907044172287,0.0416053533554077,0.8726503252983093,-0.1593935340642929,-0.2351953685283661,watch,user3,walk
1763575537533446912,-0.0278877615928649,0.0610078275203704,0.0530678033828735,0.8623260855674744,-0.1581897735595703,-0.2638365924358368,watch,user3,walk
1763575537543445760,-0.0089551210403442,0.0696819722652435,0.0668486952781677,0.8642019033432007,-0.1509759128093719,-0.2822092175483703,watch,user3,walk
1763575537553444864,0.006130576133728,0.0753989666700363,0.0808229446411132,0.864619255065918,-0.1435494124889373,-0.2968645989894867,watch,user3,walk
1763575537563442944,0.020073115825653,0.0807907134294509,0.0934586226940155,0.8644593358039856,-0.1284738034009933,-0.3012243807315826,watch,user3,walk
1763575537573441792,0.0311159491539001,0.0777579694986343,0.1041176617145538,0.8691046833992004,-0.1118239760398864,-0.30414479970932,watch,user3,walk
1763575537583440896,0.0419330596923828,0.0733992308378219,0.114720419049263,0.8695551156997681,-0.0895154774188995,-0.3066756725311279,watch,user3,walk
1763575537593439744,0.052558958530426,0.0681858658790588,0.1257196962833404,0.8557184338569641,-0.060840155929327,-0.3052546083927154,watch,user3,walk
1763575537603438848,0.0649505853652954,0.0646822303533554,0.1308845281600952,0.8332530856132507,-0.0432809591293334,-0.3077226281166076,watch,user3,walk
1763575537613436928,0.0709511637687683,0.0609941631555557,0.1399028003215789,0.8049391508102417,-0.0276404786854982,-0.2995246052742004,watch,user3,walk
1763575537623435776,0.0691030621528625,0.0593015253543853,0.1467966437339782,0.7728764414787292,-0.018578628078103,-0.2900258004665375,watch,user3,walk
1763575537633434880,0.0637203454971313,0.0599887371063232,0.1478713750839233,0.7399062514305115,-0.017189523205161,-0.2842837572097778,watch,user3,walk
1763575537643433728,0.0502136945724487,0.0598918795585632,0.1465999186038971,0.7080625295639038,-0.0088843666017055,-0.2777065932750702,watch,user3,walk
1763575537653432832,0.0318443775177001,0.0563572198152542,0.1430658400058746,0.682265043258667,-0.0022874507121741,-0.2777457535266876,watch,user3,walk
1763575537663431936,0.0142229199409484,0.0526228547096252,0.1422591209411621,0.6553354859352112,0.0115278754383325,-0.2846797406673431,watch,user3,walk
1763575537673429760,-0.0035727024078369,0.0479018986225128,0.1392346918582916,0.6136495471000671,0.0270202830433845,-0.303561806678772,watch,user3,walk
1763575537683428864,-0.0199494957923889,0.0432316362857818,0.1351715922355651,0.5695377588272095,0.0358155481517314,-0.3241340219974518,watch,user3,walk
1763575537693427712,-0.035682201385498,0.0356844067573547,0.1277726888656616,0.5269975066184998,0.0508006252348423,-0.3498212695121765,watch,user3,walk
1763575537703426816,-0.0465855002403259,0.0303974151611328,0.1254543662071228,0.4762722551822662,0.0647483989596366,-0.3827615082263946,watch,user3,walk
1763575537713425920,-0.0515126585960388,0.0256089866161346,0.1270589232444763,0.4363725185394287,0.0824738591909408,-0.401530385017395,watch,user3,walk
1763575537723425024,-0.0538389682769775,0.0212756395339965,0.1280334889888763,0.4100247621536255,0.0887233316898346,-0.4178764224052429,watch,user3,walk
1763575537733422848,-0.0562908053398132,0.0164859890937805,0.1214185655117034,0.3815566301345825,0.1017624363303184,-0.4347281157970428,watch,user3,walk
1763575537743421696,-0.0558052659034729,0.0139758288860321,0.1158271133899688,0.3686500489711761,0.114191934466362,-0.4430296421051025,watch,user3,walk
1763575537753420800,-0.0564439296722412,0.0122787654399871,0.1119619309902191,0.376690924167633,0.1351542025804519,-0.4421723783016205,watch,user3,walk
1763575537763419904,-0.0616256594657897,0.0091898739337921,0.1074411571025848,0.3979305922985077,0.1624179631471634,-0.4461636543273926,watch,user3,walk
1763575537773419008,-0.0666420459747314,0.0098123848438262,0.1008404493331909,0.4296286106109619,0.1886972486972808,-0.4430679976940155,watch,user3,walk
1763575537783416832,-0.0681638717651367,0.0082913637161254,0.0929968059062957,0.4741359353065491,0.2200958281755447,-0.4378920793533325,watch,user3,walk
1763575537793415680,-0.070593774318695,0.0020017325878143,0.083460509777069,0.518969714641571,0.2473788410425186,-0.4270839095115661,watch,user3,walk
1763575537803414784,-0.0681017637252807,-0.001720368862152,0.0813410282135009,0.549483060836792,0.2773586511611938,-0.415945291519165,watch,user3,walk
1763575537813413888,-0.0638335347175598,-0.0060856044292449,0.076832115650177,0.5658546090126038,0.2968300879001617,-0.3958056569099426,watch,user3,walk
1763575537823412992,-0.0553875565528869,-0.0129759311676025,0.0726910233497619,0.5750319361686707,0.3064296543598175,-0.3793976008892059,watch,user3,walk
1763575537833411840,-0.0485888123512268,-0.0178365111351013,0.0702551007270813,0.5621129274368286,0.3163129091262817,-0.3536051511764526,watch,user3,walk
1763575537843409664,-0.0440043807029724,-0.0239025950431823,0.0689185857772827,0.5436075329780579,0.3226943612098694,-0.3355283439159393,watch,user3,walk
1763575537853408768,-0.0445273518562316,-0.0276763439178466,0.062966763973236,0.5226636528968811,0.3331523239612579,-0.3127205073833465,watch,user3,walk
1763575537863407872,-0.0481518507003784,-0.0278322398662567,0.0554723739624023,0.5122641324996948,0.3438968658447265,-0.2983599007129669,watch,user3,walk
1763575537873406976,-0.0527848601341247,-0.0245071351528167,0.0486964583396911,0.5160215497016907,0.3640255630016327,-0.2827833294868469,watch,user3,walk
1763575537883405824,-0.0562494397163391,-0.0198490321636199,0.038175880908966,0.5258785486221313,0.3891744017601013,-0.261262446641922,watch,user3,walk
1763575537893403648,-0.0591294765472412,-0.0170566737651824,0.0282327830791473,0.5701671838760376,0.4148148000240326,-0.2460230439901352,watch,user3,walk
1763575537903402752,-0.0648502707481384,-0.0116206407546997,0.0189993381500244,0.6349097490310669,0.438681960105896,-0.2356973737478256,watch,user3,walk
1763575537913401856,-0.0741798281669616,-0.0082048177719116,0.0092398226261138,0.7164278030395508,0.463708758354187,-0.2248457819223404,watch,user3,walk
1763575537923400960,-0.0850017666816711,-0.0037020742893218,-0.004564344882965,0.8191262483596802,0.4898430407047272,-0.2213264852762222,watch,user3,walk
1763575537933399808,-0.0940536856651306,0.0019851028919219,-0.016861468553543,0.9355570077896118,0.5267680287361145,-0.2186585217714309,watch,user3,walk
1763575537943398656,-0.0904836058616638,0.0072360932826995,-0.0290905535221099,1.0608079433441162,0.5677047371864319,-0.2193871736526489,watch,user3,walk
1763575537953396736,-0.0698347687721252,0.0127927660942077,-0.0369007438421249,1.198359489440918,0.6046867370605469,-0.2170787453651428,watch,user3,walk
1763575537963395840,-0.0333706140518188,0.015473186969757,-0.0461400747299194,1.2996028661727903,0.623041570186615,-0.2114657312631607,watch,user3,walk
1763575537973394944,0.0093083977699279,0.0146519839763641,-0.0516571998596191,1.3769065141677856,0.6207835078239441,-0.1729596108198166,watch,user3,walk
1763575537983393792,0.0520642399787902,0.0096788108348846,-0.0560543537139892,1.4354432821273804,0.5978039503097534,-0.1337279230356216,watch,user3,walk
1763575537993392896,0.081769049167633,0.0093135237693786,-0.0597339272499084,1.4553117752075195,0.5606986880302429,-0.1152048408985138,watch,user3,walk
1763575538003391744,0.0938896536827087,0.0113418698310852,-0.06075119972229,1.449813723564148,0.5148085951805115,-0.1096807792782783,watch,user3,walk
1763575538013389824,0.0925824642181396,0.0129254460334777,-0.0616921633481979,1.419392704963684,0.4767674803733825,-0.1113476529717445,watch,user3,walk
1763575538023388928,0.0797154307365417,0.0119593143463134,-0.0632734149694442,1.3655093908309937,0.4618924856185913,-0.1098909676074981,watch,user3,walk
1763575538033387776,0.0674163699150085,0.0123737454414367,-0.0612059235572814,1.2888872623443604,0.4674366414546966,-0.1172127947211265,watch,user3,walk
1763575538043386880,0.0643317699432373,0.0139181017875671,-0.0545318126678466,1.2022746801376345,0.4924868643283844,-0.1361956745386123,watch,user3,walk
1763575538053385728,0.080250859260559,0.0136363506317138,-0.0509048104286193,1.1133885383605957,0.5148918032646179,-0.1579560935497284,watch,user3,walk
1763575538063383808,0.1225623488426208,0.0220444798469543,-0.0530836433172225,1.0333216190338137,0.5454946756362915,-0.1694763302803039,watch,user3,walk
1763575538073382912,0.1845037341117859,0.0367827117443084,-0.0615835636854171,0.997093141078949,0.5595303773880005,-0.1724587976932525,watch,user3,walk
1763575538083382016,0.2434405088424682,0.0499683320522308,-0.0682597011327743,0.9986212849617004,0.5477368235588074,-0.1740259379148483,watch,user3,walk
1763575538093380864,0.2827942967414856,0.0589911043643951,-0.0731355249881744,1.0399068593978882,0.5052316784858704,-0.16999551653862,watch,user3,walk
1763575538103379712,0.2795929312705993,0.0662841796875,-0.0738803446292877,1.097664713859558,0.4607401192188263,-0.1737052947282791,watch,user3,walk
1763575538113378816,0.2371755838394165,0.0666640102863311,-0.075760543346405,1.1639702320098877,0.4404460191726684,-0.1975909173488617,watch,user3,walk
1763575538123376896,0.1801435351371765,0.0634712278842926,-0.0828746259212493,1.239940166473389,0.4331967532634735,-0.2630117535591125,watch,user3,walk
1763575538133376000,0.1317498087882995,0.0528423190116882,-0.0811354368925094,1.3189021348953247,0.4213544726371765,-0.3418216109275818,watch,user3,walk
1763575538143374848,0.099764883518219,0.0416062176227569,-0.0717582255601883,1.3862299919128418,0.4074132442474365,-0.4185459315776825,watch,user3,walk
1763575538153373696,0.0817144513130188,0.0267158448696136,-0.0532689094543457,1.4347721338272097,0.3809829652309418,-0.5012618899345398,watch,user3,walk
1763575538163372800,0.0702959299087524,0.0115127563476562,-0.0275804698467254,1.4437341690063477,0.3400294184684753,-0.5777567625045776,watch,user3,walk
1763575538173370880,0.0579011440277099,-0.0027146339416503,-0.0041735619306564,1.4204288721084597,0.2915537655353546,-0.6400752663612366,watch,user3,walk
1763575538183369984,0.0381642580032348,-0.0184039771556854,0.0078212618827819,1.3718079328536987,0.2474379688501358,-0.6858617067337036,watch,user3,walk
1763575538193368832,0.0139907598495483,-0.0376361310482025,0.0150161385536193,1.3085205554962158,0.2123396396636963,-0.7226444482803345,watch,user3,walk
1763575538203367680,-0.0155061483383178,-0.0524409711360931,0.0248501002788543,1.2447887659072876,0.1865746974945068,-0.7513042092323303,watch,user3,walk
1763575538213366784,-0.0443641543388366,-0.0591835677623748,0.0299699306488037,1.1800265312194824,0.1638608574867248,-0.7900971174240112,watch,user3,walk
1763575538223365888,-0.0758653283119201,-0.0607793629169464,0.0349215865135192,1.1056839227676392,0.1488368213176727,-0.8282803893089294,watch,user3,walk
1763575538233363968,-0.1006021499633789,-0.0523140430450439,0.0426922440528869,1.0467066764831543,0.1300010830163955,-0.8641968965530396,watch,user3,walk
1763575538243362816,-0.1148170232772827,-0.032456487417221,0.0498356223106384,1.0170990228652954,0.1075987517833709,-0.9100940823554992,watch,user3,walk
1763575538253361920,-0.1138898134231567,0.0188712179660797,0.0576310753822326,1.0014207363128662,0.1031091958284378,-0.984391748905182,watch,user3,walk
1763575538263360768,-0.0948982834815979,0.0776244699954986,0.0817000567913055,0.9870855212211608,0.1098779663443565,-1.0500718355178833,watch,user3,walk
1763575538273359872,-0.060196042060852,0.115016222000122,0.1057994365692138,1.0006977319717407,0.1043886616826057,-1.1126174926757812,watch,user3,walk
1763575538283357952,-0.0253766775131225,0.1407082974910736,0.1353403478860855,1.0408910512924194,0.0935078710317611,-1.1815588474273682,watch,user3,walk
1763575538293356800,-0.0011963248252868,0.1736989021301269,0.1768246293067932,1.136613845825195,0.1129894331097602,-1.2413990497589111,watch,user3,walk
1763575538303355904,0.0121440887451171,0.2231014370918274,0.2028819024562835,1.311625838279724,0.1631426215171814,-1.341258525848389,watch,user3,walk
1763575538313356288,0.0206082463264465,0.3004642426967621,0.2007528841495514,1.576732516288757,0.2161480486392974,-1.4605542421340942,watch,user3,walk
1763575538323355136,0.0426275730133056,0.3914884328842163,0.1962886452674865,1.9344093799591064,0.2696596384048462,-1.563637375831604,watch,user3,walk
1763575538333354240,0.0751649737358093,0.457950621843338,0.1995566189289093,2.337728261947632,0.3276790082454681,-1.6452606916427612,watch,user3,walk
1763575538343352064,0.1059975028038024,0.4829785525798797,0.2185164093971252,2.692548990249634,0.393338531255722,-1.7402359247207642,watch,user3,walk
1763575538353351168,0.1242449879646301,0.4762292206287384,0.2525480985641479,2.882079124450684,0.4315663278102875,-1.8830058574676516,watch,user3,walk
1763575538363350272,0.1327561140060424,0.4506113827228546,0.290412038564682,2.833759069442749,0.4371154904365539,-2.0711240768432617,watch,user3,walk
1763575538373349120,0.129967451095581,0.4112367331981659,0.3202292621135711,2.6020987033843994,0.3944322168827057,-2.249266624450684,watch,user3,walk
1763575538383348224,0.1263718008995056,0.3655367791652679,0.3333630859851837,2.261950254440308,0.3282311856746673,-2.418174743652344,watch,user3,walk
1763575538393346048,0.1101631522178649,0.3321637213230133,0.3446603715419769,1.8853254318237305,0.2662413120269775,-2.5707404613494877,watch,user3,walk
1763575538403345152,0.0879790186882019,0.3035444617271423,0.3534576296806335,1.537591576576233,0.2128662317991256,-2.7037758827209477,watch,user3,walk
1763575538413344256,0.0594990849494934,0.2906403541564941,0.3484412431716919,1.2914276123046875,0.1736791431903839,-2.835897445678711,watch,user3,walk
1763575538423343104,0.0319655537605285,0.3027347922325134,0.3302659392356872,1.1494104862213137,0.1925337016582489,-2.937596321105957,watch,user3,walk
1763575538433342208,0.0011201500892639,0.3265601396560669,0.3089167177677154,1.1477696895599363,0.2318741828203201,-2.985898494720459,watch,user3,walk
1763575538443341312,-0.0249802470207214,0.3381064534187317,0.266606330871582,1.311354398727417,0.2416930794715881,-3.0051398277282715,watch,user3,walk
1763575538453339136,-0.0476143360137939,0.3424259424209595,0.2179763317108154,1.586910367012024,0.2356708645820617,-3.0196123123168945,watch,user3,walk
1763575538463338240,-0.0802195072174072,0.345232605934143,0.172883003950119,1.9214500188827517,0.244589626789093,-3.017201662063598,watch,user3,walk
1763575538473337088,-0.1245583891868591,0.3280729651451111,0.1375941038131714,2.2909035682678223,0.3024079203605652,-2.9970273971557617,watch,user3,walk
1763575538483336192,-0.1869739294052124,0.2943292260169983,0.1143580079078674,2.6695973873138428,0.3740199506282806,-2.9729018211364746,watch,user3,walk
1763575538493335296,-0.2405999302864074,0.2709468007087707,0.0949414670467376,3.032775640487671,0.3973966538906097,-2.937368392944336,watch,user3,walk
1763575538503333120,-0.2671927213668823,0.2428462505340576,0.0755825042724609,3.385116577148437,0.4054613411426544,-2.875514507293701,watch,user3,walk
1763575538513332224,-0.2902727127075195,0.2048802971839904,0.0800077319145202,3.682173252105713,0.4172530174255371,-2.8080859184265137,watch,user3,walk
1763575538523331072,-0.3105178475379944,0.155572772026062,0.0697680115699768,3.875985860824585,0.3596954345703125,-2.7594587802886963,watch,user3,walk
1763575538533330176,-0.313632071018219,0.1125661134719848,0.0465940833091735,3.986063957214356,0.2653087377548218,-2.7294907569885254,watch,user3,walk
1763575538543329280,-0.3023524284362793,0.1007380485534668,-0.0121563673019409,4.030807971954346,0.1635514050722122,-2.7187535762786865,watch,user3,walk
1763575538553328384,-0.2708721160888672,0.0925708413124084,-0.0599958300590515,4.069874286651611,0.0648594498634338,-2.7037835121154785,watch,user3,walk
1763575538563326208,-0.223547101020813,0.0715675950050354,-0.0720636248588562,4.10094165802002,-0.0292238146066665,-2.701800346374512,watch,user3,walk
1763575538573325056,-0.1673626899719238,0.0425731539726257,-0.0455148220062255,4.121344089508057,-0.1243021190166473,-2.667647123336792,watch,user3,walk
1763575538583324160,-0.1155195236206054,0.0223318934440612,-0.0269679427146911,4.124866008758545,-0.1794317811727523,-2.577100276947021,watch,user3,walk
1763575538593323264,-0.1029294729232788,-0.0076477527618408,-0.0130401849746704,4.071047306060791,-0.1971354037523269,-2.4655861854553223,watch,user3,walk
1763575538603322368,-0.0853588581085205,-0.0421988368034362,-0.0142841339111328,3.9791934490203857,-0.2372858524322509,-2.3867504596710205,watch,user3,walk
1763575538613320192,-0.0460722744464874,-0.0655024051666259,-0.0123059749603271,3.9155898094177246,-0.3086881041526794,-2.3223533630371094,watch,user3,walk
1763575538623319040,0.0118157267570495,-0.0617627501487731,-0.0113014578819274,3.892658472061157,-0.3567187488079071,-2.2262191772460938,watch,user3,walk
1763575538633318144,0.0708953440189361,-0.0608991384506225,-0.0243642330169677,3.934026479721069,-0.3324600160121918,-2.127777576446533,watch,user3,walk
1763575538643317248,0.1179749369621276,-0.0813905596733093,-0.0163658857345581,3.896594524383545,-0.2328372150659561,-2.0825560092926025,watch,user3,walk
1763575538653316352,0.1858177185058593,-0.0936270356178283,0.0099816918373107,3.90645432472229,-0.1109632477164268,-2.129162073135376,watch,user3,walk
1763575538663314944,0.3017337620258331,-0.0516967475414276,0.0276148319244384,4.040034770965576,-0.088705338537693,-2.157148599624634,watch,user3,walk
1763575538673313024,0.3993587791919708,-0.031322956085205,0.0009072422981262,4.3358025550842285,-0.0621885135769844,-2.165579080581665,watch,user3,walk
1763575538683312128,0.3931296169757843,-0.0503278970718383,-0.0535090565681457,4.714405059814453,-0.0340702347457408,-2.084645986557007,watch,user3,walk
1763575538693311232,0.3781725466251373,-0.0660151839256286,-0.0397754907608032,5.016839981079102,-0.0908989012241363,-1.7887784242630005,watch,user3,walk
1763575538703310336,0.4043624699115753,-0.0928035676479339,0.0304867029190063,4.92188024520874,-0.2451294809579849,-1.301427125930786,watch,user3,walk
1763575538713308928,0.4117705821990967,-0.176349937915802,0.1210682392120361,4.322957992553711,-0.39947110414505,-0.9278503656387328,watch,user3,walk
1763575538723308032,0.3914683759212494,-0.291096031665802,0.2050773501396179,3.412113666534424,-0.5762996673583984,-0.856641411781311,watch,user3,walk
1763575538733306112,0.387063592672348,-0.3582835495471954,0.2388791441917419,2.46583890914917,-0.6991004347801208,-0.9073163270950316,watch,user3,walk
1763575538743305216,0.4115536212921142,-0.3503986895084381,0.2233511805534362,1.668220043182373,-0.7976323366165161,-0.8569461703300476,watch,user3,walk
1763575538753304320,0.4390693604946136,-0.2986871600151062,0.1794447898864746,1.1597081422805786,-0.8905012607574463,-0.7511390447616577,watch,user3,walk
1763575538763303168,0.4189468920230865,-0.2374418526887893,0.1413550376892089,0.8930631279945374,-0.9130743741989136,-0.6395962834358215,watch,user3,walk
1763575538773302016,0.3862306177616119,-0.1950853019952774,0.1317487359046936,0.7720224261283875,-0.8806701302528381,-0.6100450754165649,watch,user3,walk
1763575538783300096,0.3390310406684875,-0.1595605313777923,0.1759721636772155,0.7614715099334717,-0.7908238768577576,-0.6146520376205444,watch,user3,walk
1763575538793299200,0.3083924353122711,-0.10587839782238,0.2124223709106445,0.8311723470687866,-0.7075228691101074,-0.5325078964233398,watch,user3,walk
1763575538803298304,0.2699789106845855,-0.0541555881500244,0.2174715995788574,0.957627534866333,-0.6154441833496094,-0.4860620498657226,watch,user3,walk
1763575538813297152,0.214651733636856,-0.0462313741445541,0.1928035020828247,1.0783385038375854,-0.4772663116455078,-0.4991789162158966,watch,user3,walk
1763575538823296000,0.1936320960521698,-0.0472134351730346,0.1653672456741333,1.2298340797424316,-0.3445320427417755,-0.4678025543689728,watch,user3,walk
1763575538833294080,0.2033917605876922,-0.0375416278839111,0.1364769339561462,1.3508223295211792,-0.2532724440097809,-0.3581088185310364,watch,user3,walk
1763575538843293184,0.2092321515083313,-0.0305687934160232,0.1181004643440246,1.3393231630325315,-0.1565538942813873,-0.2665861845016479,watch,user3,walk
1763575538853292288,0.1917626857757568,-0.032618448138237,0.1223591566085815,1.2571282386779783,-0.0716856122016906,-0.2596824765205383,watch,user3,walk
1763575538863291136,0.1715795695781707,-0.0447689741849899,0.1249282360076904,1.0988868474960327,-0.0235238522291183,-0.2386246472597122,watch,user3,walk
1763575538873289984,0.1512672901153564,-0.0612719357013702,0.1295353174209594,0.8743588328361511,0.0048071220517158,-0.1770800501108169,watch,user3,walk
1763575538883289088,0.123446375131607,-0.0829189270734787,0.1373918056488037,0.5828456282615662,0.0184530690312385,-0.1283847540616989,watch,user3,walk
1763575538893287168,0.1028359532356262,-0.0957631915807724,0.141100525856018,0.2732411026954651,0.0074179954826831,-0.1018737852573394,watch,user3,walk
1763575538903286272,0.0947013199329376,-0.0890750586986541,0.1340296268463134,0.001912772655487,-0.0130776036530733,-0.0773633867502212,watch,user3,walk
1763575538913285376,0.087991714477539,-0.0682335197925567,0.1202238798141479,-0.2004046440124511,-0.0276168659329414,-0.0684348717331886,watch,user3,walk
1763575538923283968,0.0717522501945495,-0.0490214377641677,0.1075877547264099,-0.3264865577220917,-0.02403225004673,-0.0769920796155929,watch,user3,walk
1763575538933283072,0.0493583381175994,-0.0287580341100692,0.0851913094520568,-0.3643510937690735,-0.0189341604709625,-0.0864433720707893,watch,user3,walk
1763575538943281152,0.0255772173404693,-0.0064303278923034,0.0559712648391723,-0.3257349133491516,-0.0068848663941025,-0.0765284150838851,watch,user3,walk
1763575538953280256,0.0069963037967681,0.0151654183864593,0.0371764302253723,-0.2523514926433563,-0.0048158559948205,-0.0487633645534515,watch,user3,walk
1763575538963279360,-0.0065602958202362,0.0315124690532684,0.0289761424064636,-0.1657977104187011,-0.0019146087579429,-0.0194282475858926,watch,user3,walk
1763575538973277952,-0.0152612924575805,0.0398653000593185,0.0321834683418273,-0.0960476621985435,-0.0063607557676732,0.001044271280989,watch,user3,walk
1763575538983277056,-0.0333682000637054,0.0498085767030715,0.0455418825149536,-0.0565986968576908,-0.0135346911847591,0.0142527511343359,watch,user3,walk
1763575538993276160,-0.052266776561737,0.0652682185173034,0.0557702183723449,-0.0322574041783809,-0.0304926354438066,0.023076070472598,watch,user3,walk
1763575539003274240,-0.068343311548233,0.0817772150039672,0.0592120289802551,0.0061064078472554,-0.0475460104644298,0.0333641283214092,watch,user3,walk
1763575539013273344,-0.0780299603939056,0.0859535187482833,0.0610520243644714,0.0627582371234893,-0.0665564537048339,0.0278828088194131,watch,user3,walk
1763575539023272192,-0.0718632042407989,0.0852328836917877,0.0636535286903381,0.1025288626551628,-0.085375502705574,0.0070473691448569,watch,user3,walk
1763575539033271040,-0.0536673963069915,0.0883601456880569,0.0730389952659607,0.1193014532327652,-0.0822180584073066,0.0021463537123054,watch,user3,walk
1763575539043270144,-0.0415301322937011,0.0898795574903488,0.0833851099014282,0.1146635115146637,-0.0603355765342712,0.025673184543848,watch,user3,walk
1763575539053268224,-0.0440557599067688,0.0962657481431961,0.0810582041740417,0.1227504611015319,-0.0371825844049453,0.0775204077363014,watch,user3,walk
1763575539063267328,-0.0564630925655365,0.1003791987895965,0.0557100176811218,0.1381215751171112,-0.0104170171543955,0.1281467676162719,watch,user3,walk
1763575539073266176,-0.0610277354717254,0.1003956049680709,0.0443801879882812,0.1151704490184784,0.0101979803293943,0.1634008884429931,watch,user3,walk
1763575539083265024,-0.0385998785495758,0.0904179215431213,0.0511139035224914,0.0467644892632961,0.0030287513509392,0.2155667543411255,watch,user3,walk
1763575539093264128,-0.0097061097621917,0.072156012058258,0.0599657893180847,-0.0743795186281204,-0.0043519334867596,0.2710260152816772,watch,user3,walk
1763575539103263232,0.0144648849964141,0.0508848279714584,0.0749044418334961,-0.2495055198669433,-0.0076113762333989,0.3072685897350311,watch,user3,walk
1763575539113261312,0.0297029316425323,0.0299615859985351,0.0909414291381836,-0.4195233285427093,-0.0147624956443905,0.3251482546329498,watch,user3,walk
1763575539123260160,0.0408974289894104,0.0147549360990524,0.1025155186653137,-0.5553640127182007,-0.0085498737171292,0.344597578048706,watch,user3,walk
1763575539133259008,0.0416020154953002,0.0070398449897766,0.1128889322280883,-0.6301178336143494,0.0163805093616247,0.3712078630924225,watch,user3,walk
1763575539143258112,0.027897298336029,0.001916766166687,0.1106202602386474,-0.6516478061676025,0.044422086328268,0.4019745588302612,watch,user3,walk
1763575539153257216,0.0061741471290588,0.0035174787044525,0.1064912676811218,-0.6273403763771057,0.0888180434703826,0.4201975166797638,watch,user3,walk
1763575539163255296,-0.0048328042030334,0.0075505226850509,0.0990427732467651,-0.5760347843170166,0.1331782341003418,0.4298087954521179,watch,user3,walk
1763575539173254144,-0.0062362253665924,0.0028561353683471,0.09627366065979,-0.5091716051101685,0.1751957237720489,0.4271264672279358,watch,user3,walk
1763575539183252992,-0.0075134932994842,-0.0094182789325714,0.1104050874710083,-0.4526347219944,0.2227308303117752,0.4229833781719208,watch,user3,walk
1763575539193252096,-0.0107013583183288,-0.0318228900432586,0.1337650418281555,-0.4045406877994537,0.2661890983581543,0.4115389883518219,watch,user3,walk
1763575539203251200,-0.017477661371231,-0.0603824704885482,0.1593058109283447,-0.3676185309886932,0.3206412494182586,0.3906800448894501,watch,user3,walk
1763575539213250048,-0.026094377040863,-0.0807355940341949,0.1831526160240173,-0.3457262814044952,0.3806340098381042,0.3770366609096527,watch,user3,walk
1763575539223248128,-0.0312184393405914,-0.0996426045894622,0.196347177028656,-0.3244152367115021,0.4388572871685028,0.3838921785354614,watch,user3,walk
1763575539233247232,-0.0278758704662323,-0.1165981739759445,0.2080416083335876,-0.3048622906208038,0.4991869330406189,0.418703943490982,watch,user3,walk
1763575539243246080,-0.0245080888271331,-0.1347342133522033,0.2210831642150879,-0.3144866526126861,0.5659824013710022,0.4639933407306671,watch,user3,walk
1763575539253245184,-0.0160039663314819,-0.1575564444065094,0.2417581677436828,-0.3747718334197998,0.6208611130714417,0.5219149589538574,watch,user3,walk
1763575539263244032,-0.0031158030033111,-0.1811723411083221,0.266213595867157,-0.476517766714096,0.6718593239784241,0.5875298380851746,watch,user3,walk
1763575539273242112,0.0066317915916442,-0.2014676630496978,0.2912050485610962,-0.6004911065101624,0.7343460917472839,0.6666350364685059,watch,user3,walk
1763575539283241216,0.0132787823677062,-0.2147740721702575,0.3142240047454834,-0.7271360754966736,0.8091680407524109,0.7570914030075073,watch,user3,walk
1763575539293240064,0.0219040811061859,-0.2219768166542053,0.3279762268066406,-0.8451178669929504,0.9032524824142456,0.859478771686554,watch,user3,walk
1763575539303239168,0.0278273522853851,-0.2277422845363617,0.3432136178016662,-0.9539749026298524,1.016757845878601,0.9755783081054688,watch,user3,walk
1763575539313238016,0.0359922051429748,-0.2304884195327758,0.356494665145874,-1.0731109380722046,1.1542446613311768,1.0995985269546509,watch,user3,walk
1763575539323236096,0.0452222228050231,-0.2373024821281433,0.3733508586883545,-1.1974207162857056,1.3085302114486694,1.2225226163864136,watch,user3,walk
1763575539333234944,0.0504625439643859,-0.2410106062889099,0.3932079672813415,-1.3148887157440186,1.4729313850402832,1.351590633392334,watch,user3,walk
1763575539343234048,0.0559993982315063,-0.233562484383583,0.4039195775985718,-1.3965777158737185,1.641238808631897,1.4782934188842771,watch,user3,walk
1763575539353233152,0.060367614030838,-0.227229356765747,0.4072762727737427,-1.4253605604171753,1.8360096216201784,1.6142520904541016,watch,user3,walk
1763575539363232256,0.061436653137207,-0.2136148065328598,0.4100147485733032,-1.4138026237487793,2.0514333248138428,1.7527425289154053,watch,user3,walk
1763575539373230848,0.0680101215839386,-0.1969204396009445,0.40292489528656,-1.3692601919174194,2.2533438205718994,1.902284860610962,watch,user3,walk
1763575539383228928,0.0822016596794128,-0.1998317241668701,0.3726067543029785,-1.2529945373535156,2.438183307647705,2.058255672454834,watch,user3,walk
1763575539393228032,0.0952080488204956,-0.2189204096794128,0.3125019073486328,-1.0635844469070437,2.606048822402954,2.242677688598633,watch,user3,walk
1763575539403227136,0.1078377962112426,-0.2272340506315231,0.2309625744819641,-0.8546525835990906,2.7756288051605225,2.4064033031463623,watch,user3,walk
1763575539413226240,0.1197067499160766,-0.2373157739639282,0.1604807376861572,-0.6712552905082703,2.916095495223999,2.5207910537719727,watch,user3,walk
1763575539423224832,0.1451500058174133,-0.238810732960701,0.1010078787803649,-0.5824880003929138,2.9612834453582764,2.5928497314453125,watch,user3,walk
1763575539433222912,0.1820929646492004,-0.2280925512313842,0.0572696328163147,-0.5856132507324219,3.008828401565552,2.64849853515625,watch,user3,walk
1763575539443222016,0.2247862219810485,-0.1949971169233322,0.007235825061798,-0.522290050983429,3.084829330444336,2.6939496994018555,watch,user3,walk
1763575539453221120,0.2753322124481201,-0.1301343291997909,-0.0145303010940551,-0.3616968989372253,3.091961145401001,2.709391832351685,watch,user3,walk
1763575539463220224,0.3037042021751404,-0.0910395383834838,-0.0495829582214355,-0.2433558702468872,3.148721933364868,2.677544116973877,watch,user3,walk
1763575539473218816,0.3254079818725586,-0.0638025850057601,-0.0912306308746337,-0.0912497043609619,3.210845232009888,2.759889841079712,watch,user3,walk
1763575539483217920,0.3694745302200317,-0.0377255752682685,-0.113692820072174,-0.1275579035282135,3.206925630569458,2.852499008178711,watch,user3,walk
1763575539493216000,0.3947224020957947,-0.0439667031168937,-0.1184301376342773,-0.4916152060031891,3.1358306407928467,2.878835201263428,watch,user3,walk
1763575539503215104,0.4144085645675659,-0.0736117884516716,-0.1153411865234375,-1.1140282154083252,3.0002427101135254,2.8733720779418945,watch,user3,walk
1763575539513214208,0.4343904256820678,-0.0844336152076721,-0.1036537289619445,-1.9480842351913448,2.793814182281494,2.8491861820220947,watch,user3,walk
1763575539523213056,0.4587475657463074,-0.0702012032270431,-0.092899203300476,-2.928696393966675,2.5265700817108154,2.7882680892944336,watch,user3,walk
1763575539533211904,0.4731057286262512,-0.0250636562705039,-0.0620011687278747,-3.9143941402435294,2.2210440635681152,2.689385414123535,watch,user3,walk
1763575539543209984,0.4739241600036621,0.0330191627144813,-0.0334966480731964,-4.6740570068359375,1.9208441972732544,2.551800489425659,watch,user3,walk
1763575539553209088,0.4679466485977173,0.1313876062631607,-0.0056091547012329,-5.229245185852051,1.6268306970596311,2.4154984951019287,watch,user3,walk
1763575539563208192,0.475175678730011,0.2213281989097595,0.003562182188034,-5.553729057312012,1.3946179151535034,2.259320974349976,watch,user3,walk
1763575539573207040,0.4797897934913635,0.2696579694747925,-0.0096329748630523,-5.705658912658691,1.2596471309661863,2.061746120452881,watch,user3,walk
1763575539583205888,0.4470154047012329,0.2852713465690613,-0.0283771753311157,-5.712058544158936,1.1934700012207031,1.8017807006835935,watch,user3,walk
1763575539593204992,0.3890672922134399,0.2736264765262604,-0.042612999677658,-5.706536293029785,1.165545105934143,1.589294195175171,watch,user3,walk
1763575539603203072,0.3513291478157043,0.2473573982715606,-0.0056540071964263,-5.731235504150391,1.1405246257781982,1.3967182636260986,watch,user3,walk
1763575539613202176,0.3040143251419067,0.2196342051029205,0.034930408000946,-5.657688140869141,1.046867609024048,1.1735304594039917,watch,user3,walk
1763575539623201024,0.2851182818412781,0.2427727133035659,0.0632791817188263,-5.368067264556885,0.9004154801368713,0.958810031414032,watch,user3,walk
1763575539633199872,0.2901159524917602,0.3232944011688232,0.1033380031585693,-4.817731380462647,0.7713280916213989,0.8313063979148865,watch,user3,walk
1763575539643198976,0.2901865839958191,0.4051098823547363,0.0914772748947143,-4.024736881256104,0.7489475011825562,0.8019861578941345,watch,user3,walk
1763575539653197056,0.2411616444587707,0.4590455889701843,0.0404205918312072,-3.152765274047852,0.8282333016395569,0.7916967868804932,watch,user3,walk
1763575539663196160,0.1536231040954589,0.4865922927856445,0.0108786225318908,-2.350044012069702,0.9036563634872437,0.7486501932144165,watch,user3,walk
1763575539673195008,0.0704514384269714,0.4837019145488739,0.0087410807609558,-1.697679042816162,0.935911238193512,0.6837649345397949,watch,user3,walk
1763575539683193856,0.0089399814605712,0.4471540153026581,0.0164701342582702,-1.222890853881836,0.9274035692214966,0.6408097743988037,watch,user3,walk
1763575539693192960,-0.0355824828147888,0.3950163722038269,0.0216844677925109,-0.9197793006896972,0.897639811038971,0.6157355904579163,watch,user3,walk
1763575539703192064,-0.0721781849861145,0.3396184146404266,0.0232577621936798,-0.7752259373664856,0.8514110445976257,0.5908864140510559,watch,user3,walk
1763575539713190144,-0.1104724407196044,0.2886172533035278,0.0288116931915283,-0.750532865524292,0.7952260971069336,0.5484598875045776,watch,user3,walk
1763575539723188992,-0.1488775610923767,0.2454709857702255,0.0292233526706695,-0.7635648846626282,0.754035234451294,0.4723020792007446,watch,user3,walk
1763575539733188096,-0.1848851442337036,0.2171819359064102,0.0243705213069915,-0.8759159445762634,0.7590765953063965,0.4046793580055237,watch,user3,walk
1763575539743186944,-0.2031986117362976,0.2060809582471847,0.0341659486293792,-1.0834015607833862,0.7506492137908936,0.352612167596817,watch,user3,walk
1763575539753186048,-0.2046823501586914,0.1995596140623092,0.0371289849281311,-1.2572271823883057,0.7475322484970093,0.3062425553798675,watch,user3,walk
1763575539763184128,-0.1824526786804199,0.2004483342170715,0.0177127718925476,-1.3702936172485352,0.7903799414634705,0.2769907712936401,watch,user3,walk
1763575539773183232,-0.1353519558906555,0.2179813086986541,-0.0142762660980224,-1.417517066001892,0.8347519040107727,0.2681120634078979,watch,user3,walk
1763575539783182080,-0.0755491852760315,0.2370103895664215,-0.0503284931182861,-1.348549723625183,0.8424661755561829,0.278471291065216,watch,user3,walk
1763575539793180928,-0.0137937068939208,0.2527621388435364,-0.0932210087776184,-1.166240930557251,0.8243985176086426,0.3072930872440338,watch,user3,walk
1763575539803180032,0.035826563835144,0.2580289244651794,-0.1416004300117492,-0.7214102745056152,0.778468132019043,0.3443911075592041,watch,user3,walk
1763575539813178112,0.0610409379005432,0.2542751133441925,-0.1696666628122329,-0.2723019421100616,0.8114034533500671,0.262212872505188,watch,user3,walk
1763575539823177216,0.0891834497451782,0.3266772031784057,-0.1893305331468582,-0.0480354316532611,0.8907203674316406,0.3733919262886047,watch,user3,walk
1763575539833176064,0.1161865592002868,0.3757578134536743,-0.1811217665672302,0.1783684194087982,0.8460460901260376,0.5037291646003723,watch,user3,walk
1763575539843174912,0.1225098371505737,0.3739441335201263,-0.1565623134374618,0.3458656072616577,0.6779730319976807,0.5734834671020508,watch,user3,walk
1763575539853174016,0.1003089547157287,0.3939479887485504,-0.1339436918497085,0.5685897469520569,0.5499814748764038,0.531622588634491,watch,user3,walk
1763575539863173120,0.0511136651039123,0.4399740099906921,-0.1154291182756424,0.8026618361473083,0.4990633726119995,0.47400763630867,watch,user3,walk
1763575539873171200,0.0018611550331115,0.4951096773147583,-0.0977471619844436,1.0261598825454712,0.4392996430397033,0.4231380522251129,watch,user3,walk
1763575539883170048,-0.0365760922431945,0.5160601735115051,-0.0744951367378234,1.2571115493774414,0.3578836917877197,0.3799442946910858,watch,user3,walk
1763575539893168896,-0.0685144066810607,0.49521604180336,-0.0577629059553146,1.4620505571365356,0.2861072123050689,0.3230237662792206,watch,user3,walk
1763575539903168000,-0.0931155681610107,0.4474996626377105,-0.0443298667669296,1.6186803579330444,0.2300257682800293,0.2570761740207672,watch,user3,walk
1763575539913167104,-0.1091720461845398,0.3879636824131012,-0.0343937873840332,1.6812100410461426,0.1855216771364212,0.1797614246606826,watch,user3,walk
1763575539923165184,-0.1137828826904296,0.3287244141101837,-0.0207002609968185,1.6458115577697754,0.1241244599223136,0.0951809510588646,watch,user3,walk
1763575539933164032,-0.1122366189956665,0.2732570767402649,-0.0122478604316711,1.5356816053390503,0.056615725159645,0.0023199918214231,watch,user3,walk
1763575539943162880,-0.1084857583045959,0.2338641881942749,-0.00828218460083,1.365567684173584,-0.0028960714116692,-0.0944758579134941,watch,user3,walk
1763575539953161984,-0.0986515283584594,0.2103220224380493,-0.0106343030929565,1.1699457168579102,-0.0495674349367618,-0.1889307349920272,watch,user3,walk
1763575539963161088,-0.0932514071464538,0.205274611711502,-0.0133997201919555,0.99567049741745,-0.0891140475869178,-0.2879346013069153,watch,user3,walk
1763575539973159936,-0.0821948051452636,0.2220828384160995,-0.0164241790771484,0.8442969918251038,-0.1285285651683807,-0.3721341490745544,watch,user3,walk
1763575539983158016,-0.0706158280372619,0.2551401555538177,-0.0269044637680053,0.7346946001052856,-0.1765432208776474,-0.4344265758991241,watch,user3,walk
1763575539993157120,-0.0583060383796691,0.2824002504348755,-0.0337132066488266,0.6914661526679993,-0.2270737737417221,-0.4778254628181457,watch,user3,walk
1763575540003155968,-0.0508566498756408,0.2922660410404205,-0.0414883494377136,0.699394166469574,-0.2664223313331604,-0.5129784345626831,watch,user3,walk
1763575540013155072,-0.0521031618118286,0.2914342880249023,-0.0385690331459045,0.712556004524231,-0.2965946197509765,-0.5515111684799194,watch,user3,walk
1763575540023153920,-0.0570899844169616,0.2780371010303497,-0.0321867614984512,0.6988921761512756,-0.3141254186630249,-0.6020572781562805,watch,user3,walk
1763575540033152000,-0.0587415695190429,0.258590966463089,-0.0226352959871292,0.641329824924469,-0.3369159698486328,-0.654686450958252,watch,user3,walk
1763575540043151104,-0.0529099702835083,0.2430701106786728,-0.0112260580062866,0.5596944093704224,-0.36444753408432,-0.7047234177589417,watch,user3,walk
1763575540053149952,-0.0429040789604187,0.2322690486907959,-0.0036984682083129,0.4722944796085357,-0.3927755951881408,-0.747140109539032,watch,user3,walk
1763575540063149056,-0.0256283283233642,0.2284004092216491,0.0010441541671752,0.4012481272220611,-0.4118057191371918,-0.7810563445091248,watch,user3,walk
1763575540073147904,-0.0086809992790222,0.2250506281852722,0.0051628500223159,0.3617521226406097,-0.4262078404426574,-0.816974401473999,watch,user3,walk
1763575540083147008,0.0063180923461914,0.2272682785987854,0.0077911764383316,0.3426147401332855,-0.4343237280845642,-0.8467538952827454,watch,user3,walk
1763575540093145088,0.0176711082458496,0.2292949557304382,0.0143603831529617,0.3286730945110321,-0.4364177882671356,-0.873023271560669,watch,user3,walk
1763575540103143936,0.0259793996810913,0.2245694398880005,0.0231340527534484,0.3198376595973968,-0.4378742575645447,-0.8976561427116394,watch,user3,walk
1763575540113143040,0.0286294817924499,0.2139880359172821,0.0341550111770629,0.3122359216213226,-0.442104697227478,-0.912321925163269,watch,user3,walk
1763575540123141888,0.0291134119033813,0.2017858028411865,0.0441703796386718,0.2896879911422729,-0.4542838335037231,-0.9235681891441344,watch,user3,walk
1763575540133140992,0.0256755352020263,0.1859942227602005,0.0555320978164672,0.2690452933311462,-0.4597659707069397,-0.9415501356124878,watch,user3,walk
1763575540143139072,0.0179319977760314,0.169743075966835,0.0618862211704254,0.2453866899013519,-0.4628127813339233,-0.9553008079528807,watch,user3,walk
1763575540153137920,0.0107747912406921,0.1565295904874801,0.0692698508501052,0.2378059923648834,-0.4632138609886169,-0.9674296379089355,watch,user3,walk
1763575540163137024,0.0021651983261108,0.1471785455942154,0.075383722782135,0.2351764291524887,-0.4667336046695709,-0.9818912148475648,watch,user3,walk
1763575540173135872,-0.005820870399475,0.1371543407440185,0.0815171003341674,0.2374358624219894,-0.4673781096935272,-0.9939646124839784,watch,user3,walk
1763575540183134976,-0.0098630189895629,0.1250361055135727,0.0897852182388305,0.2373829036951065,-0.4660580456256866,-1.0033000707626345,watch,user3,walk
1763575540193133056,-0.0120760202407836,0.1136277318000793,0.100360095500946,0.236857995390892,-0.4564887881278991,-1.013849854469299,watch,user3,walk
1763575540203132160,-0.0093072056770324,0.1000178009271621,0.1079122424125671,0.2428781688213348,-0.4511386454105377,-1.0188636779785156,watch,user3,walk
1763575540213131008,-0.0055964589118957,0.0897991210222244,0.1174009591341018,0.2362807095050811,-0.441250592470169,-1.021287202835083,watch,user3,walk
1763575540223130112,-0.0026253461837768,0.0796002447605133,0.1291705071926117,0.2219768315553665,-0.4250931143760681,-1.02979576587677,watch,user3,walk
1763575540233128960,-0.0010416507720947,0.0686242431402206,0.1450076699256897,0.1882745325565338,-0.4056626856327057,-1.0384936332702637,watch,user3,walk
1763575540243128064,0.0056068301200866,0.0546784996986389,0.1606974899768829,0.1456718891859054,-0.3757244050502777,-1.0479642152786257,watch,user3,walk
1763575540253126144,0.0127105712890625,0.0405334532260894,0.1752863526344299,0.0976646915078163,-0.3398870527744293,-1.047022581100464,watch,user3,walk
1763575540263124992,0.0244295001029968,0.0294233262538909,0.1853474378585815,0.0617952346801757,-0.2990301549434662,-1.03745436668396,watch,user3,walk
1763575540273124096,0.0401429533958435,0.016943335533142,0.1919341385364532,0.02996326982975,-0.245282769203186,-1.0183937549591064,watch,user3,walk
1763575540283122944,0.059661865234375,0.0083769261837005,0.193144679069519,0.0182165559381246,-0.1851868629455566,-0.9909950494766236,watch,user3,walk
1763575540293122048,0.0836699604988098,0.001314491033554,0.188448816537857,0.0354586616158485,-0.1061501130461692,-0.9593383073806764,watch,user3,walk
1763575540303120128,0.1152629852294921,0.0013331472873687,0.1824788153171539,0.0833934247493743,-0.0097828293219208,-0.917409896850586,watch,user3,walk
1763575540313116928,0.1586177349090576,0.0091083943843841,0.1728747487068176,0.1509727388620376,0.0814104601740837,-0.855910062789917,watch,user3,walk
1763575540323116032,0.2101366519927978,0.0180057883262634,0.1656442880630493,0.2202898114919662,0.1546883285045623,-0.7821773290634155,watch,user3,walk
1763575540333115136,0.2533696889877319,0.0203516483306884,0.1633606553077697,0.2603778541088104,0.2016694098711013,-0.7110059261322021,watch,user3,walk
1763575540343114240,0.2686865925788879,0.0122778415679931,0.1610939502716064,0.2878486216068268,0.2317503541707992,-0.6405653357505798,watch,user3,walk
1763575540353112832,0.2499193549156189,0.0052191019058227,0.1545188128948211,0.2983651757240295,0.258837878704071,-0.570763885974884,watch,user3,walk
1763575540363110912,0.1994628310203552,-0.0033504962921142,0.1442173421382904,0.3042159676551819,0.2974186539649963,-0.5179104804992676,watch,user3,walk
1763575540373110016,0.1400069594383239,-0.0093189179897308,0.1271488070487976,0.3009019196033478,0.3379974961280823,-0.4854771494865417,watch,user3,walk
1763575540383109120,0.089322030544281,-0.0154363214969635,0.114491656422615,0.3283709585666656,0.3750785589218139,-0.4619176983833313,watch,user3,walk
1763575540393108224,0.0478603243827819,-0.0183111727237701,0.1010060310363769,0.3996317982673645,0.4270299077033996,-0.4383695125579834,watch,user3,walk
1763575540403106816,0.0117666125297546,-0.0210548639297485,0.0817303210496902,0.5315054059028625,0.4891348481178283,-0.419347196817398,watch,user3,walk
1763575540413104896,-0.0150672197341918,-0.0180341899394989,0.0640285909175872,0.7086610198020935,0.5498970150947571,-0.4072452783584595,watch,user3,walk
1763575540423104000,-0.0304815769195556,-0.0123437643051147,0.0490873456001281,0.9239928722381592,0.6016002297401428,-0.3959196805953979,watch,user3,walk
1763575540433103104,-0.0373880863189697,-0.0080269575119018,0.0322078615427017,1.1396372318267822,0.6310175061225891,-0.3748309016227722,watch,user3,walk
1763575540443102208,-0.0334572196006774,-0.0043338239192962,0.0168321132659912,1.3356612920761108,0.6131501793861389,-0.3574624955654144,watch,user3,walk
1763575540453100800,-0.0295964479446411,-0.0092265903949737,0.004884660243988,1.5403556823730469,0.5679957270622253,-0.3534491062164306,watch,user3,walk
1763575540463099904,-0.0277394652366638,-0.0131706893444061,-0.0082784295082092,1.7225210666656494,0.5253167152404785,-0.3328910768032074,watch,user3,walk
1763575540473097984,-0.0309119224548339,-0.0166163742542266,-0.0060018599033355,1.8549665212631223,0.4811697602272033,-0.3149592280387878,watch,user3,walk
1763575540483097088,-0.039162278175354,-0.0300202369689941,0.0166569650173187,1.9315481185913088,0.4247997999191284,-0.3081976771354675,watch,user3,walk
1763575540493096192,-0.0448794364929199,-0.0496991574764251,0.0565281212329864,1.9487183094024656,0.36576709151268,-0.3047518134117126,watch,user3,walk
1763575540503095040,-0.046402633190155,-0.0679648220539093,0.0923376381397247,1.8984721899032595,0.3061936795711517,-0.2883864641189575,watch,user3,walk
1763575540513093888,-0.0474336147308349,-0.0794211626052856,0.107491135597229,1.829428434371948,0.2521941065788269,-0.2514225840568542,watch,user3,walk
1763575540523091968,-0.0443383455276489,-0.0841444730758667,0.105307936668396,1.767043948173523,0.1981528848409652,-0.2113375663757324,watch,user3,walk
1763575540533091072,-0.0393022298812866,-0.0893899500370025,0.0963109731674194,1.70575213432312,0.1389574706554412,-0.1841618716716766,watch,user3,walk
1763575540543090176,-0.0273464918136596,-0.0965625643730163,0.085222989320755,1.5958812236785889,0.081574335694313,-0.1647952198982238,watch,user3,walk
1763575540553089024,-0.0107334852218627,-0.1068421304225921,0.0761897265911102,1.4228873252868652,0.0389179550111293,-0.1390874683856964,watch,user3,walk
1763575540563087872,0.0061885118484497,-0.118707537651062,0.0680502951145172,1.167032241821289,0.0151999294757843,-0.1272597014904022,watch,user3,walk
1763575540573086976,0.0171971321105957,-0.1335368156433105,0.0705260336399078,0.8397723436355591,8.27619805932045e-05,-0.1328717917203903,watch,user3,walk
1763575540583085056,0.028251826763153,-0.1413593888282776,0.0790072679519653,0.4711976647377014,-0.0144828632473945,-0.1507031768560409,watch,user3,walk
1763575540593084160,0.0460171103477478,-0.1403400599956512,0.091697096824646,0.0986919999122619,-0.0263424534350633,-0.1758330315351486,watch,user3,walk
1763575540603083008,0.0644797086715698,-0.1298196017742157,0.1056564450263977,-0.2159449905157089,-0.0292176902294158,-0.204960361123085,watch,user3,walk
1763575540613081856,0.0859233140945434,-0.1034954786300659,0.1026121377944946,-0.4252076745033264,-0.0352822393178939,-0.214133620262146,watch,user3,walk
1763575540623080960,0.1020501255989074,-0.0693525075912475,0.0925141274929046,-0.5469003319740295,-0.0127227809280157,-0.2138461917638778,watch,user3,walk
1763575540633079040,0.112826406955719,-0.0427557229995727,0.0813822448253631,-0.587971568107605,0.0284773856401443,-0.2221584469079971,watch,user3,walk
1763575540643078144,0.1175211668014526,-0.0344924926757812,0.0735548734664917,-0.55829918384552,0.076050229370594,-0.2277833074331283,watch,user3,walk
1763575540653077248,0.1241211295127868,-0.035445362329483,0.0677941143512725,-0.4710516333580017,0.120216891169548,-0.2176097631454467,watch,user3,walk
1763575540663075840,0.1259939074516296,-0.0370019078254699,0.0681561529636383,-0.3444751799106598,0.146333709359169,-0.2003565579652786,watch,user3,walk
1763575540673074944,0.1175475120544433,-0.0288985669612884,0.0626166462898254,-0.2080515474081039,0.154067263007164,-0.1912341564893722,watch,user3,walk
1763575540683074048,0.0965403914451599,-0.0106159448623657,0.0556298494338989,-0.0535344630479812,0.1570040136575698,-0.1937988549470901,watch,user3,walk
1763575540693072128,0.0702109932899475,0.0034360289573669,0.0464766323566436,0.1512935161590576,0.1629836112260818,-0.2068299651145935,watch,user3,walk
1763575540703071232,0.0379479527473449,0.0112540423870086,0.0438368320465087,0.3917462825775146,0.1780899465084076,-0.2251749485731125,watch,user3,walk
1763575540713070080,0.004234492778778,0.0141776502132415,0.0475139021873474,0.6311591863632202,0.2146722078323364,-0.2344209104776382,watch,user3,walk
1763575540723068928,-0.0233286619186401,0.0109969675540924,0.051625907421112,0.8442549705505371,0.2635554075241089,-0.2431977540254593,watch,user3,walk
1763575540733068032,-0.0444180965423584,0.0029877424240112,0.0619435608386993,0.989885151386261,0.3229910433292389,-0.2418861538171768,watch,user3,walk
1763575540743066112,-0.0596113801002502,-0.0086058974266052,0.0704959332942962,1.0720596313476562,0.3835254907608032,-0.2258091866970062,watch,user3,walk
1763575540753065216,-0.0633378028869628,-0.0239754021167755,0.0826725959777832,1.09321391582489,0.4394145905971527,-0.1999751925468444,watch,user3,walk
1763575540763064064,-0.0604208111763,-0.0294450521469116,0.0815406739711761,1.0496338605880735,0.4810249507427215,-0.1760058850049972,watch,user3,walk
1763575540773062912,-0.0568448901176452,-0.0218686759471893,0.0687745511531829,0.9444319009780884,0.5007997155189514,-0.1682933568954467,watch,user3,walk
1763575540783062016,-0.0581418275833129,-0.0088092982769012,0.0490885078907012,0.8218212723731995,0.4846750795841217,-0.1542345434427261,watch,user3,walk
1763575540793061120,-0.064645767211914,0.0032059848308563,0.0356059372425079,0.6969110369682312,0.4484571516513824,-0.1398055255413055,watch,user3,walk
1763575540803059200,-0.0826523900032043,0.0075260996818542,0.0266000032424926,0.5740887522697449,0.4232919812202453,-0.1422150284051895,watch,user3,walk
1763575540813058048,-0.1040714383125305,0.0208644866943359,0.0272882878780365,0.4681000411510467,0.420922577381134,-0.1598004102706909,watch,user3,walk
1763575540823056896,-0.1148005723953247,0.0347551703453063,0.0323789715766906,0.4027733206748962,0.439840167760849,-0.186352789402008,watch,user3,walk
1763575540833056000,-0.1084880828857421,0.0473362803459167,0.0342090874910354,0.3910402357578277,0.4627039134502411,-0.2023999392986297,watch,user3,walk
1763575540843055104,-0.0898806452751159,0.0607194602489471,0.0289180278778076,0.4243964552879333,0.4698933959007263,-0.2066308259963989,watch,user3,walk
1763575540853053184,-0.0696534514427185,0.074302852153778,0.0140780955553054,0.4998461902141571,0.4666422009468078,-0.2044329196214676,watch,user3,walk
1763575540863052032,-0.0522898435592651,0.0888234078884124,-0.0029358863830566,0.6009491086006165,0.4620017409324646,-0.2075430303812027,watch,user3,walk
1763575540873050880,-0.0465246438980102,0.1014178693294525,-0.0074740946292877,0.7169992923736572,0.4803197681903839,-0.2166595607995987,watch,user3,walk
1763575540883049984,-0.0457554459571838,0.1002782583236694,-0.0018316954374313,0.8598716855049133,0.5013779997825623,-0.2399604171514511,watch,user3,walk
1763575540893049088,-0.0413792133331298,0.0956548452377319,-0.0108305215835571,1.013304591178894,0.5269739031791687,-0.2542930245399475,watch,user3,walk
1763575540903047936,-0.0319500565528869,0.0989164412021637,-0.0236391276121139,1.1565121412277222,0.546681821346283,-0.252798467874527,watch,user3,walk
1763575540913046016,-0.0199078917503356,0.0963324606418609,-0.0335236191749572,1.2874757051467896,0.5717211365699768,-0.2344037294387817,watch,user3,walk
1763575540923044864,-0.0121780633926391,0.0844646394252777,-0.0358007848262786,1.3859643936157229,0.5725142359733582,-0.2185462713241577,watch,user3,walk
1763575540933043968,-0.0083173513412475,0.0713981091976165,-0.0360458344221115,1.4379053115844729,0.5371288061141968,-0.2378094494342804,watch,user3,walk
1763575540943043072,-0.0150362253189086,0.064838707447052,-0.0348430275917053,1.4308240413665771,0.4995621740818023,-0.2588396966457367,watch,user3,walk
1763575540953041920,-0.0289899110794067,0.0646544396877288,-0.0299603193998336,1.400144100189209,0.4836663007736206,-0.2830545008182525,watch,user3,walk
1763575540963040000,-0.0477188229560852,0.0610796809196472,-0.0297408401966094,1.380056381225586,0.4972408711910248,-0.3231992423534393,watch,user3,walk
1763575540973039104,-0.063344657421112,0.0549915134906768,-0.0339416861534118,1.3765223026275637,0.5299074649810791,-0.3693731427192688,watch,user3,walk
1763575540983037952,-0.0662134885787963,0.0541615188121795,-0.0328240692615509,1.3723232746124268,0.5475490689277649,-0.4086795747280121,watch,user3,walk
1763575540993037056,-0.0534747242927551,0.0571755170822143,-0.0423654019832611,1.395642876625061,0.5422168970108032,-0.4324911832809448,watch,user3,walk
1763575541003035904,-0.0390458106994628,0.0626762807369232,-0.0492935627698898,1.4358991384506226,0.5195088982582092,-0.4437215328216553,watch,user3,walk
1763575541013035008,-0.0292245745658874,0.0700583457946777,-0.0557431578636169,1.4895790815353394,0.5008627772331238,-0.4409624934196472,watch,user3,walk
1763575541023033088,-0.0262789130210876,0.0711834132671356,-0.0637110322713851,1.5651910305023191,0.4918165504932403,-0.4351032972335815,watch,user3,walk
1763575541033031936,-0.0231626033782959,0.0650740563869476,-0.0768083333969116,1.645473599433899,0.4916495680809021,-0.4422874450683594,watch,user3,walk
1763575541043031040,-0.022428810596466,0.0518918633460998,-0.0813591182231903,1.705388426780701,0.4896236956119537,-0.4630206525325775,watch,user3,walk
1763575541053029888,-0.0220206379890441,0.0380839407444,-0.0815685391426086,1.7311673164367676,0.4776591956615448,-0.4892208278179168,watch,user3,walk
1763575541063028992,-0.0120064616203308,0.020264983177185,-0.0821971148252487,1.7370449304580688,0.4646008908748626,-0.5010173916816711,watch,user3,walk
1763575541073027072,0.0041181445121765,0.0057542026042938,-0.0888001173734664,1.717979073524475,0.4672182500362396,-0.5131829977035522,watch,user3,walk
1763575541083025920,0.0212835669517517,-0.0066494345664978,-0.0976187586784362,1.6809425354003906,0.4644362330436706,-0.5248560905456543,watch,user3,walk
1763575541093025024,0.0424829125404357,-0.0167260766029357,-0.0999606698751449,1.7220252752304075,0.3951402604579925,-0.551759660243988,watch,user3,walk
1763575541103024128,0.0632779598236084,-0.0041742324829101,-0.1029645651578903,1.7030826807022097,0.3982868790626526,-0.5952106714248657,watch,user3,walk
1763575541113022976,0.0728207230567932,0.0150393545627594,-0.1103943586349487,1.5966957807540894,0.4168909192085266,-0.5395665764808655,watch,user3,walk
1763575541123022080,0.103431224822998,0.0282685756683349,-0.0840992927551269,1.5519118309020996,0.365649551153183,-0.3334133327007293,watch,user3,walk
1763575541133019904,0.1149118542671203,0.0564230978488922,-0.0911465585231781,1.6043742895126345,0.3579791188240051,-0.3252800405025482,watch,user3,walk
1763575541143019008,0.1220217943191528,0.0318380892276763,-0.1161198914051055,1.6725863218307495,0.3640250265598297,-0.4423016309738159,watch,user3,walk
1763575541153018112,0.1825540661811828,0.0360759198665618,-0.0941826701164245,1.6991223096847534,0.3716350197792053,-0.4358764886856079,watch,user3,walk
1763575541163016960,0.2650510668754577,0.0526270568370819,-0.0733823478221893,1.6946438550949097,0.3764565885066986,-0.360991895198822,watch,user3,walk
1763575541173016064,0.3047420978546142,0.0348184704780578,-0.0557588636875152,1.6536108255386353,0.3304893672466278,-0.3049094676971435,watch,user3,walk
1763575541183014144,0.2850751876831054,0.0239188969135284,0.0009719133377075,1.4831416606903076,0.227028027176857,-0.2535351514816284,watch,user3,walk
1763575541193012992,0.2194820046424865,0.015144258737564,0.0682020187377929,1.2056258916854858,0.1254593282938003,-0.2425064742565155,watch,user3,walk
1763575541203012096,0.133107304573059,0.0021789371967315,0.1103995740413665,0.8697746992111206,0.0689591169357299,-0.1942538619041443,watch,user3,walk
1763575541213010944,0.0606940984725952,-0.0100412368774414,0.1201463639736175,0.5913894176483154,0.0655705109238624,-0.1706441342830658,watch,user3,walk
1763575541223010048,0.0067212581634521,-0.0201775729656219,0.1175141036510467,0.361238569021225,0.0543166175484657,-0.1756968051195144,watch,user3,walk
1763575541233009152,-0.016129195690155,-0.0183043181896209,0.1118879318237304,0.1181913092732429,0.0353173613548278,-0.2213170230388641,watch,user3,walk
1763575541243006976,-0.0293893814086914,-0.0287010967731475,0.0857028067111969,-0.1102124750614166,0.0198711138218641,-0.2888937890529632,watch,user3,walk
1763575541253006080,-0.0424912571907043,-0.0599787831306457,0.0717845559120178,-0.3481731116771698,0.0018098223954439,-0.3375084698200226,watch,user3,walk
1763575541263004928,-0.0459174513816833,-0.0805455148220062,0.1081828474998474,-0.6400274634361267,-0.0348257757723331,-0.3498212099075317,watch,user3,walk
1763575541273004032,-0.0570451021194458,-0.0853550732135772,0.1656175553798675,-0.977345049381256,-0.0885265469551086,-0.3542362153530121,watch,user3,walk
1763575541283003136,-0.0843151211738586,-0.0852382779121398,0.209870845079422,-1.2875245809555054,-0.1380923241376876,-0.3662189543247223,watch,user3,walk
1763575541293000960,-0.1180379390716552,-0.0742221772670745,0.2281835973262787,-1.5240771770477295,-0.1446479707956314,-0.3653470277786255,watch,user3,walk
1763575541303000064,-0.147399365901947,-0.0516297519207,0.2232665121555328,-1.6615564823150637,-0.1116780340671539,-0.3462511897087097,watch,user3,walk
1763575541312999168,-0.1658205389976501,-0.0312354564666748,0.2050843238830566,-1.6982812881469729,-0.0481227599084377,-0.3162757158279419,watch,user3,walk
1763575541322998272,-0.1847731471061706,-0.0189722180366516,0.1804674863815307,-1.6226415634155271,0.032061468809843,-0.2992392778396606,watch,user3,walk
1763575541332997376,-0.2024540901184082,-0.0116914212703704,0.1657041907310485,-1.5115790367126465,0.0884547010064125,-0.2922183573246002,watch,user3,walk
1763575541342996480,-0.2045199871063232,-0.0097072124481201,0.1656343936920166,-1.3977103233337402,0.1334308683872223,-0.280053436756134,watch,user3,walk
1763575541352994304,-0.2032978534698486,-0.0195202231407165,0.1632786393165588,-1.2413215637207031,0.1832956373691558,-0.2661069929599762,watch,user3,walk
1763575541362993152,-0.1967655420303344,-0.0260616242885589,0.1664209365844726,-1.0593562126159668,0.2474485337734222,-0.2380824238061905,watch,user3,walk
1763575541372992256,-0.1808990836143493,-0.028532326221466,0.1623504310846328,-0.8296559453010559,0.3176025748252868,-0.2072097212076187,watch,user3,walk
1763575541382991360,-0.150598406791687,-0.0228035151958465,0.1462298035621643,-0.546498715877533,0.3836666345596313,-0.190184012055397,watch,user3,walk
1763575541392990464,-0.1050745248794555,-0.0138481557369232,0.1298709511756897,-0.1959739923477172,0.4368699193000793,-0.1584971845149994,watch,user3,walk
1763575541402988288,-0.0531284213066101,-0.0042953789234161,0.1246944367885589,0.2065276056528091,0.4820329844951629,-0.1109465137124061,watch,user3,walk
1763575541412987136,0.0055452585220336,0.0105343461036682,0.1306802630424499,0.6079144477844238,0.5166428685188293,-0.0518874526023864,watch,user3,walk
1763575541422986240,0.0659454464912414,0.0291957855224609,0.1373119056224823,0.9837123155593872,0.5349545478820801,0.0011408773716539,watch,user3,walk
1763575541432985344,0.1232668161392211,0.0465538799762725,0.1521177887916565,1.3225239515304563,0.5432188510894775,0.0512791462242603,watch,user3,walk
1763575541442984448,0.1739676594734192,0.0543929040431976,0.1746797859668731,1.6166218519210815,0.5301480293273926,0.1107748299837112,watch,user3,walk
1763575541452983296,0.205040693283081,0.0603984594345092,0.1990692764520645,1.8037163019180296,0.5127914547920227,0.18434838950634,watch,user3,walk
1763575541462981120,0.2057287693023681,0.0548491179943084,0.2253424525260925,1.8731802701950075,0.4935521185398102,0.2446822971105575,watch,user3,walk
1763575541472980224,0.1755073070526123,0.0367558300495147,0.2392457127571106,1.8411762714385984,0.4685900509357452,0.275748074054718,watch,user3,walk
1763575541482979328,0.1268684864044189,0.0131844282150268,0.2491514086723327,1.7188926935195925,0.4580763578414917,0.2687330245971679,watch,user3,walk
1763575541492978432,0.0742090344429016,-0.0007593929767608,0.2597726881504059,1.5195223093032837,0.4685236513614654,0.2223958969116211,watch,user3,walk
1763575541502977280,0.0364670753479003,-0.007501482963562,0.2689626812934875,1.284363031387329,0.4855682253837585,0.1692490577697754,watch,user3,walk
1763575541512975104,0.0187845826148986,-0.0101753771305084,0.2709394991397857,1.0605396032333374,0.4901784360408783,0.1224165707826614,watch,user3,walk
1763575541522974208,0.012237012386322,-0.0044055581092834,0.2652260065078735,0.8266323804855347,0.4957980513572693,0.0792218297719955,watch,user3,walk
1763575541532973312,0.0035904049873352,0.0065843164920806,0.2510843276977539,0.6136330366134644,0.5131112337112427,0.0406749695539474,watch,user3,walk
1763575541542972416,-0.0053350925445556,0.0116591751575469,0.2336160540580749,0.4525008499622345,0.5260849595069885,0.0177678577601909,watch,user3,walk
1763575541552971264,-0.0154146552085876,0.0122413635253906,0.2136204242706298,0.3449666798114776,0.5260460376739502,0.0115325981751084,watch,user3,walk
1763575541562970368,-0.030716061592102,0.0172502398490905,0.1949775218963623,0.2762682139873504,0.5325853824615479,-0.0051555675454437,watch,user3,walk
1763575541572968192,-0.0489285588264465,0.0223110914230346,0.1814966201782226,0.2441459596157074,0.5543292760848999,-0.0202160105109214,watch,user3,walk
1763575541582967296,-0.0652401447296142,0.0230867564678192,0.1698315143585205,0.261223554611206,0.5891427397727966,-0.015773057937622,watch,user3,walk
1763575541592966400,-0.0770776867866516,0.0247579514980316,0.1577657610177993,0.3093594014644623,0.6270887851715088,0.0005696958396583,watch,user3,walk
1763575541602965248,-0.0801932215690612,0.032395601272583,0.1457121968269348,0.3927291333675384,0.6690727472305298,0.0267874505370855,watch,user3,walk
1763575541612964352,-0.0712122917175293,0.0369237959384918,0.1343533992767334,0.5213446021080017,0.707091748714447,0.069174587726593,watch,user3,walk
1763575541622963200,-0.0545404553413391,0.0478266179561615,0.1150050014257431,0.6819483637809753,0.7264317274093628,0.1227161735296249,watch,user3,walk
1763575541632961280,-0.0370838642120361,0.0703532397747039,0.0969378948211669,0.8544676899909973,0.7216268181800842,0.1749096065759658,watch,user3,walk
1763575541642960384,-0.0250493288040161,0.09005007147789,0.0824297666549682,1.0320899486541748,0.7071292996406555,0.2218460291624069,watch,user3,walk
1763575541652959232,-0.0190907716751098,0.0976700782775878,0.0723673552274704,1.191665768623352,0.6983696222305298,0.261348158121109,watch,user3,walk
1763575541662958336,-0.0182310938835144,0.1007761657238006,0.0627713650465011,1.2779897451400757,0.687792181968689,0.2876477539539337,watch,user3,walk
1763575541672957184,-0.0164256691932678,0.094461053609848,0.0610096603631973,1.3194639682769775,0.6771195530891418,0.2888506948947906,watch,user3,walk
1763575541682955264,-0.0094472169876098,0.0821205675601959,0.0627632290124893,1.2943642139434814,0.6477645039558411,0.3025307357311249,watch,user3,walk
1763575541692954368,-0.0006511807441711,0.084032267332077,0.0706602483987808,1.201022744178772,0.6134499311447144,0.3179698884487152,watch,user3,walk
1763575541702953216,0.0035071372985839,0.0889036655426025,0.069925844669342,1.074089765548706,0.5772836804389954,0.3051963746547699,watch,user3,walk
1763575541712952320,-9.018182754516602e-05,0.0940551459789276,0.0623291879892349,0.9535765647888184,0.5331841111183167,0.283736377954483,watch,user3,walk
1763575541722951168,-0.003916323184967,0.1005594134330749,0.0451079159975051,0.8434795141220093,0.4974398016929626,0.2539064288139343,watch,user3,walk
1763575541732950272,-0.0042319297790527,0.1068562567234039,0.020532488822937,0.7476738691329956,0.4818403422832489,0.2190280556678772,watch,user3,walk
1763575541742948352,-0.0014987587928771,0.1130526363849639,0.0053460150957107,0.6491470336914062,0.4659351408481598,0.1776646375656128,watch,user3,walk
1763575541752947456,0.0073541402816772,0.1142295897006988,0.0015115141868591,0.5538732409477234,0.4312179088592529,0.1444560885429382,watch,user3,walk
1763575541762946304,0.0161471366882324,0.1031083762645721,-0.0066140741109848,0.4705917835235595,0.375432938337326,0.1161592751741409,watch,user3,walk
1763575541772945408,0.0218840241432189,0.085168570280075,-0.0199624300003051,0.3629130125045776,0.3292343020439148,0.0830612480640411,watch,user3,walk
1763575541782944256,0.0220553874969482,0.0799097120761871,-0.0249006748199462,0.2354974746704101,0.2927277684211731,0.0497285202145576,watch,user3,walk
1763575541792942336,0.0222905874252319,0.0784763693809509,-0.0274855345487594,0.1164099723100662,0.2623259425163269,0.0200715586543083,watch,user3,walk
1763575541802941440,0.0270428657531738,0.0838896036148071,-0.0416649580001831,0.0416072756052017,0.2292823940515518,-0.0051628248766064,watch,user3,walk
1763575541812940288,0.0340325236320495,0.0916736423969268,-0.0599033236503601,0.0131498035043478,0.1875296086072921,-0.0284998398274183,watch,user3,walk
1763575541822939392,0.0385582447052001,0.0982493460178375,-0.0770850777626037,0.0138842584565281,0.1521280407905578,-0.0517933741211891,watch,user3,walk
1763575541832938240,0.0407512187957763,0.1024073958396911,-0.095372200012207,0.0441140681505203,0.130691722035408,-0.0733625814318656,watch,user3,walk
1763575541842937344,0.0445390939712524,0.1024403274059295,-0.1103375554084777,0.1043604910373687,0.11380036175251,-0.0976886302232742,watch,user3,walk
1763575541852935424,0.0523948073387146,0.1011958122253418,-0.1279915422201156,0.2004390954971313,0.0969587936997413,-0.1185763329267501,watch,user3,walk
1763575541862934272,0.0639424920082092,0.1051623821258544,-0.148293599486351,0.3223336338996887,0.0846156701445579,-0.1346679478883743,watch,user3,walk
1763575541872933376,0.0772631168365478,0.1091900169849395,-0.1612144559621811,0.4644702672958374,0.0701480433344841,-0.1440838277339935,watch,user3,walk
1763575541882932224,0.0887027978897094,0.1166910529136657,-0.1659101694822311,0.6176830530166626,0.0686596035957336,-0.1456404477357864,watch,user3,walk
1763575541892931328,0.1052333712577819,0.1229574680328369,-0.1732143014669418,0.7833353877067566,0.0648901686072349,-0.1370464265346527,watch,user3,walk
1763575541902929408,0.1223668456077575,0.1244003474712371,-0.1801943182945251,0.9389493465423584,0.04196647554636,-0.1209271773695945,watch,user3,walk
1763575541912928256,0.1387425661087036,0.1171575784683227,-0.1814760416746139,1.1012955904006958,0.0022393018007278,-0.101460263133049,watch,user3,walk
1763575541922927360,0.1503569483757019,0.1003215610980987,-0.1765951961278915,1.2332440614700315,-0.0343859083950519,-0.1068495735526084,watch,user3,walk
1763575541932926208,0.1551964282989502,0.0918433964252471,-0.1606875658035278,1.2992885112762451,-0.0748222842812538,-0.1078953966498375,watch,user3,walk
1763575541942925312,0.1523017287254333,0.0829169452190399,-0.1415926069021225,1.3139362335205078,-0.1235179081559181,-0.1078788861632347,watch,user3,walk
1763575541952924160,0.1408655643463134,0.0681213438510894,-0.1194708943367004,1.270660638809204,-0.1834917813539505,-0.1042607128620147,watch,user3,walk
1763575541962922240,0.1140426397323608,0.0534624755382537,-0.0952558517456054,1.1721961498260498,-0.2281583845615387,-0.0967443436384201,watch,user3,walk
1763575541972921344,0.0837703347206115,0.0376976728439331,-0.0749943107366561,1.025959849357605,-0.2625062465667724,-0.0938452258706092,watch,user3,walk
1763575541982920192,0.0553083419799804,0.0250609815120697,-0.0583013296127319,0.8634357452392578,-0.2850323319435119,-0.0959006547927856,watch,user3,walk
1763575541992919296,0.0343450307846069,0.0138802528381347,-0.0440926998853683,0.6892237067222595,-0.3092148900032043,-0.098694309592247,watch,user3,walk
1763575542002918144,0.0180707573890686,0.0106077194213867,-0.0304979085922241,0.5470918416976929,-0.3383739590644836,-0.0992284044623375,watch,user3,walk
1763575542012916224,0.0048290491104125,-6.16312026977539e-05,-0.0108736008405685,0.4807370007038116,-0.3762747347354889,-0.0824257209897041,watch,user3,walk
1763575542022915328,-0.0113550424575805,-0.0022304356098175,-0.000762790441513,0.4495178461074829,-0.4096470773220062,-0.0785452276468277,watch,user3,walk
1763575542032914432,-0.0329787731170654,0.0163682699203491,0.0065850317478179,0.4255043864250183,-0.4338695704936981,-0.0833458453416824,watch,user3,walk
1763575542042913280,-0.0506379008293151,0.0367850065231323,0.0105154514312744,0.4496073126792907,-0.4588412344455719,-0.0896167904138565,watch,user3,walk
1763575542052912128,-0.0599956512451171,0.0494745373725891,0.0093178898096084,0.4994220435619354,-0.4700291752815246,-0.0895693823695182,watch,user3,walk
1763575542062911232,-0.0732590556144714,0.0484149158000946,0.0208349525928497,0.5186188817024231,-0.4766684472560882,-0.0939726531505584,watch,user3,walk
1763575542072909312,-0.0872249603271484,0.037024974822998,0.0414174199104309,0.4843216240406036,-0.4809769093990326,-0.1018683984875679,watch,user3,walk
1763575542082908416,-0.1028550267219543,0.0165552198886871,0.0641155242919921,0.3968535661697387,-0.4819462895393371,-0.1094394996762275,watch,user3,walk
1763575542092907264,-0.1136450171470642,-0.0014860332012176,0.0893073976039886,0.2793367803096771,-0.4878262877464294,-0.117019385099411,watch,user3,walk
1763575542102906112,-0.1243515610694885,-0.0098870396614074,0.1105945259332656,0.1547492742538452,-0.4829014837741852,-0.1239411383867263,watch,user3,walk
1763575542112905216,-0.1335324048995971,-0.015165627002716,0.1274463236331939,0.0527137219905853,-0.4559295177459717,-0.1314797550439834,watch,user3,walk
1763575542122904320,-0.1372164487838745,-0.0148773193359375,0.146146073937416,-0.0114286877214908,-0.4201980531215668,-0.1520153880119323,watch,user3,walk
1763575542132902400,-0.1333275437355041,0.0007403790950775,0.1553522050380706,-0.083624318242073,-0.3846456408500671,-0.1840039491653442,watch,user3,walk
1763575542142901248,-0.1176519393920898,0.0277952849864959,0.1509985625743866,-0.0960646569728851,-0.3360540568828583,-0.1867403537034988,watch,user3,walk
1763575542152900096,-0.0916799902915954,0.0310491025447845,0.1603597104549408,-0.0365006625652313,-0.2831407785415649,-0.1732128262519836,watch,user3,walk
1763575542162899200,-0.0639856457710266,0.0265777707099914,0.1675067842006683,0.0254957303404808,-0.237893134355545,-0.1663192808628082,watch,user3,walk
1763575542172898304,-0.0393997430801391,0.0201608836650848,0.1803108155727386,0.0497736409306526,-0.1887186616659164,-0.1617937833070755,watch,user3,walk
1763575542182896384,-0.0209556818008422,0.0156007409095764,0.1916426420211792,0.1842270940542221,-0.1510709822177887,-0.1563032120466232,watch,user3,walk
1763575542192895232,1.5556812286376953e-05,0.0208311378955841,0.1880411803722381,0.2321879714727401,-0.0686767771840095,-0.1474862843751907,watch,user3,walk
1763575542202894336,0.0297958850860595,0.0331112146377563,0.2043371200561523,0.2020973563194275,-0.0174762569367885,-0.0828381776809692,watch,user3,walk
1763575542212893184,0.0614964365959167,0.0283141434192657,0.222184419631958,0.214794248342514,-0.0038424711674451,-0.0516834557056427,watch,user3,walk
1763575542222892288,0.0840964317321777,0.0226311683654785,0.2184627950191497,0.2283385396003723,0.0291570238769054,-0.0402425155043602,watch,user3,walk
1763575542232891392,0.0989139676094055,0.0297756493091583,0.2205025851726532,0.2627106308937073,0.0725202113389968,-0.0210858657956123,watch,user3,walk
1763575542242889472,0.1023481488227844,0.0413495600223541,0.2263048887252807,0.2748184204101562,0.0986828431487083,-0.0097344070672988,watch,user3,walk
1763575542252888320,0.0921400785446167,0.0538239181041717,0.2321745455265045,0.2811721861362457,0.1119874641299247,0.0050916764885187,watch,user3,walk
1763575542262887168,0.0711808800697326,0.0581375062465667,0.2261140048503875,0.3173421919345855,0.1416031420230865,0.0059729167260229,watch,user3,walk
1763575542272886272,0.0412866473197937,0.0553466975688934,0.2070878446102142,0.3767304122447967,0.1902196705341339,-0.0118380384519696,watch,user3,walk
1763575542282885376,0.0140041708946228,0.0586080849170684,0.1965241134166717,0.4450355470180511,0.2464572042226791,-0.0377033241093158,watch,user3,walk
1763575542292883456,-0.0014085173606872,0.064499020576477,0.1912534832954406,0.5331094861030579,0.2899564802646637,-0.071523867547512,watch,user3,walk
1763575542302882304,-0.0140123963356018,0.070061057806015,0.182775616645813,0.6341736316680908,0.3241540491580963,-0.1043160408735275,watch,user3,walk
1763575542312882688,-0.025097370147705,0.0673181116580963,0.1766919493675232,0.7302684783935547,0.3593977689743042,-0.1338749974966049,watch,user3,walk
1763575542322881792,-0.0356562137603759,0.0621487200260162,0.1724870502948761,0.8092318773269653,0.4058132469654083,-0.1639211177825927,watch,user3,walk
1763575542332880640,-0.0441539287567138,0.0528609156608581,0.1664367616176605,0.8689945340156555,0.4466727972030639,-0.1962052881717682,watch,user3,walk
1763575542342879744,-0.0496441721916198,0.0478293001651763,0.1613069474697113,0.925115704536438,0.4973403811454773,-0.216504767537117,watch,user3,walk
1763575542352877568,-0.0471000671386718,0.0449927747249603,0.1494224667549133,0.9873462915420532,0.5401022434234619,-0.2282533049583435,watch,user3,walk
1763575542362876672,-0.0414931774139404,0.0424205064773559,0.1390573382377624,1.0486879348754885,0.5760335922241211,-0.2331150323152542,watch,user3,walk
1763575542372875776,-0.0351780652999877,0.0407441556453704,0.1245394349098205,1.0899347066879272,0.5984787344932556,-0.2471717298030853,watch,user3,walk
1763575542382874624,-0.0302231907844543,0.03473761677742,0.1109237372875213,1.1446877717971802,0.5956821441650391,-0.2507239878177643,watch,user3,walk
1763575542392873728,-0.0228542685508728,0.0317292809486389,0.0998046696186065,1.2058322429656982,0.580596923828125,-0.2463010102510452,watch,user3,walk
1763575542402872832,-0.0218658447265625,0.0319658517837524,0.0941817760467529,1.2330377101898191,0.5776721835136414,-0.2416938692331314,watch,user3,walk
1763575542412870656,-0.024839162826538,0.0360564887523651,0.102491021156311,1.2301510572433472,0.5853220820426941,-0.2370530515909195,watch,user3,walk
1763575542422869760,-0.0253975987434387,0.0326769351959228,0.1078070998191833,1.2053701877593994,0.5936750769615173,-0.2229000777006149,watch,user3,walk
1763575542432868608,-0.0202903747558593,0.0247649848461151,0.104858174920082,1.1764516830444336,0.594966471195221,-0.1988839656114578,watch,user3,walk
1763575542442867712,-0.0168740153312683,0.0211932361125946,0.097148060798645,1.147457718849182,0.5931913256645203,-0.1650540232658386,watch,user3,walk
1763575542452866816,-0.0158665180206298,0.0229703187942504,0.0849289894104003,1.0880303382873535,0.5998169779777527,-0.1439641863107681,watch,user3,walk
1763575542462864640,-0.025506854057312,0.0103703439235687,0.0698077380657196,1.0600800514221191,0.6143413782119751,-0.1259791851043701,watch,user3,walk
1763575542472863744,-0.0259373784065246,0.0082838535308837,0.0583201199769973,1.0297765731811523,0.6217023730278015,-0.0985355824232101,watch,user3,walk
1763575542482862592,-0.0211526155471801,0.0189781188964843,0.0375201851129531,1.0077496767044067,0.6257067322731018,-0.0846597179770469,watch,user3,walk
1763575542492861696,-0.0220379829406738,0.023436039686203,0.0217246413230896,1.0132864713668823,0.6388222575187683,-0.0767890065908432,watch,user3,walk
1763575542502860800,-0.0219778418540954,0.0227052867412567,0.0077651143074035,1.037475347518921,0.652482807636261,-0.0727054551243782,watch,user3,walk
1763575542512859904,-0.0224229097366333,0.0264727175235748,-0.0104593485593795,1.0632412433624268,0.6533182859420776,-0.0668680667877197,watch,user3,walk
1763575542522857728,-0.0212736725807189,0.0332270562648773,-0.0337297320365905,1.0940489768981934,0.6411323547363281,-0.0658695846796035,watch,user3,walk
1763575542532856576,-0.018524169921875,0.0429321229457855,-0.0545869171619415,1.1366592645645142,0.622232973575592,-0.0642541125416755,watch,user3,walk
1763575542542855680,-0.0258798003196716,0.0475156605243682,-0.0739148706197738,1.2064582109451294,0.5904496312141418,-0.0681809410452842,watch,user3,walk
1763575542552854784,-0.0326932668685913,0.0494908392429351,-0.0930786728858947,1.259001851081848,0.5721443891525269,-0.0763461887836456,watch,user3,walk
1763575542562853888,-0.0446453690528869,0.0520319640636444,-0.1075754463672638,1.3023760318756104,0.5503467917442322,-0.0728534609079361,watch,user3,walk
1763575542572851712,-0.0501269102096557,0.0520795285701751,-0.1263632774353027,1.378165602684021,0.5227053165435791,-0.0687716305255889,watch,user3,walk
1763575542582850816,-0.0562045574188232,0.0493355989456176,-0.150062546133995,1.475857138633728,0.492824912071228,-0.0893478095531463,watch,user3,walk
1763575542592849664,-0.0639653801918029,0.0531876981258392,-0.1601373553276062,1.5603100061416626,0.4621444940567016,-0.1063254624605178,watch,user3,walk
1763575542602848768,-0.0656880140304565,0.058696836233139,-0.1650371253490448,1.6314301490783691,0.4262407124042511,-0.1152213513851165,watch,user3,walk
1763575542612847872,-0.0663320422172546,0.0577004253864288,-0.1722646057605743,1.6881070137023926,0.3900265395641327,-0.1126655116677284,watch,user3,walk
1763575542622846720,-0.0629427433013916,0.0448145866394043,-0.1785190105438232,1.7034730911254885,0.3503443896770477,-0.1081852838397026,watch,user3,walk
1763575542632844800,-0.0600277781486511,0.0307206213474273,-0.1797737777233123,1.665459394454956,0.3286103308200836,-0.103079468011856,watch,user3,walk
1763575542642843648,-0.0595485568046569,0.0140726268291473,-0.169422298669815,1.5701066255569458,0.31826251745224,-0.0926970690488815,watch,user3,walk
1763575542652842752,-0.0551043152809143,-0.0028625428676605,-0.1548300683498382,1.4274299144744873,0.2994121015071869,-0.076915442943573,watch,user3,walk
1763575542662841856,-0.0476208329200744,-0.0106582045555114,-0.1401084959506988,1.2494056224822998,0.262883573770523,-0.0543117932975292,watch,user3,walk
1763575542672840704,-0.0377147793769836,-0.0069474279880523,-0.1219294071197509,1.0827738046646118,0.211669921875,-0.033836081624031,watch,user3,walk
1763575542682838784,-0.0318942666053772,0.004526138305664,-0.1082668155431747,0.9552255272865297,0.1659275591373443,-0.0229856967926025,watch,user3,walk
1763575542692837632,-0.0301540493965148,0.0221624374389648,-0.1027491986751556,0.848946750164032,0.1309016793966293,-0.0055790105834603,watch,user3,walk
1763575542702836736,-0.0298535227775573,0.0366681814193725,-0.0980638265609741,0.7657719850540161,0.1046545282006263,0.0299577452242374,watch,user3,walk
1763575542712835840,-0.0300074219703674,0.0435514450073242,-0.0885047912597656,0.6928669214248657,0.0862249210476875,0.041701752692461,watch,user3,walk
1763575542722834688,-0.032322883605957,0.0469200611114501,-0.0797366797924041,0.6195554733276367,0.0662642642855644,0.0473053753376007,watch,user3,walk
1763575542732833536,-0.0248473286628723,0.0491254925727844,-0.0705025196075439,0.5305382609367371,0.0389093458652496,0.0550093688070774,watch,user3,walk
1763575542742831616,-0.0200268030166625,0.0502623319625854,-0.0593118965625762,0.4416129887104034,0.015793016180396,0.0563227720558643,watch,user3,walk
1763575542752830720,-0.0111977458000183,0.0518973171710968,-0.0490598678588867,0.3630534708499908,0.0074746324680745,0.0503439754247665,watch,user3,walk
1763575542762829824,0.0032552480697631,0.058130532503128,-0.037255972623825,0.2897629737854004,0.0159779284149408,0.0374789796769619,watch,user3,walk
1763575542772828928,0.0246755480766296,0.0646732598543167,-0.0272215008735656,0.2415472418069839,0.0317920446395874,0.0263016894459724,watch,user3,walk
1763575542782827520,0.0600227713584899,0.0707058906555175,-0.0189356058835983,0.2164166867733001,0.0578477010130882,0.0236899275332689,watch,user3,walk
1763575542792826624,0.1088425517082214,0.0817687660455703,-0.0144527852535247,0.2055251449346542,0.0764253884553909,0.0220044143497943,watch,user3,walk
1763575542802824704,0.165769875049591,0.094406858086586,-0.0168935656547546,0.2013455480337143,0.0801957100629806,0.0213907547295093,watch,user3,walk
1763575542812823808,0.2179039716720581,0.1072314381599426,-0.0146559178829193,0.2093121260404586,0.0637381747364997,0.0251074619591236,watch,user3,walk
1763575542822822912,0.2452021837234497,0.1141765415668487,-0.0099833011627197,0.2187651544809341,0.0237319003790617,0.0371878966689109,watch,user3,walk
1763575542832821504,0.2383753061294555,0.1144432127475738,-0.0002436935901641,0.2164282202720642,-0.0058955014683306,0.0472700893878936,watch,user3,walk
1763575542842820608,0.1968106627464294,0.1105840355157852,0.0103669166564941,0.200811356306076,-0.0281119458377361,0.0335442908108234,watch,user3,walk
1763575542852818688,0.1404271125793457,0.1041417568922042,0.0253763943910598,0.1808214038610458,-0.0412812791764736,-0.0065330876968801,watch,user3,walk
1763575542862817792,0.0847547650337219,0.0933831334114074,0.0393864512443542,0.1541627645492553,-0.0500071235001087,-0.0720816701650619,watch,user3,walk
1763575542872816896,0.0377582907676696,0.0817779898643493,0.0567880421876907,0.1197560578584671,-0.0543699152767658,-0.1420176178216934,watch,user3,walk
1763575542882815488,0.0007511377334594,0.0677324086427688,0.0731142312288284,0.0770346447825431,-0.047848280519247,-0.2205727994441986,watch,user3,walk
1763575542892814592,-0.0274397134780883,0.0578461587429046,0.0859071910381317,0.0388694144785404,-0.0439313016831874,-0.298473984003067,watch,user3,walk
1763575542902813696,-0.0435243844985961,0.0462917685508728,0.0917473584413528,0.0556906051933765,-0.0736471191048622,-0.3777827322483063,watch,user3,walk
1763575542912811776,-0.0492833852767944,0.0387449264526367,0.1017050296068191,0.072141483426094,-0.0741243511438369,-0.4469029307365417,watch,user3,walk
1763575542922810880,-0.0492855310440063,0.0510578453540802,0.0969418585300445,0.0701279118657112,-0.0364087596535682,-0.5114782452583313,watch,user3,walk
1763575542932809472,-0.0569226145744323,0.0547143518924713,0.0987457036972045,0.1459848582744598,0.0057746479287743,-0.5792315006256104,watch,user3,walk
1763575542942808576,-0.0550121665000915,0.0483021736145019,0.1021664887666702,0.2342233806848526,0.0300807859748601,-0.6323660016059875,watch,user3,walk
1763575542952807680,-0.0519425272941589,0.046358972787857,0.106331467628479,0.3131565451622009,0.0472366027534008,-0.6691109538078308,watch,user3,walk
1763575542962805760,-0.0522940158843994,0.038772314786911,0.1167336106300354,0.3832073509693146,0.0572818666696548,-0.7049010396003723,watch,user3,walk
1763575542972804864,-0.0542009472846984,0.0239355862140655,0.1313727498054504,0.4298499524593353,0.0530924499034881,-0.7361121773719788,watch,user3,walk
1763575542982803712,-0.0638404488563537,0.0051911771297454,0.1441845595836639,0.4572502672672272,0.0439402312040329,-0.7680290341377258,watch,user3,walk
1763575542992802560,-0.0778260827064514,-0.0107500851154327,0.157429352402687,0.4742769300937652,0.0470468066632747,-0.782422661781311,watch,user3,walk
1763575543002801664,-0.0855510234832763,-0.0164900124073028,0.1649872958660125,0.5007073879241943,0.0806642472743988,-0.7846847772598267,watch,user3,walk
1763575543012800768,-0.0909842848777771,-0.0206101536750793,0.1702382862567901,0.5525069832801819,0.1423489153385162,-0.7605775594711304,watch,user3,walk
1763575543022798848,-0.07673180103302,-0.0195474624633789,0.1703509837388992,0.6419370174407959,0.1988702565431594,-0.7418099045753479,watch,user3,walk
1763575543032797696,-0.0411701202392578,-0.0170480608940124,0.1661498546600341,0.751843273639679,0.2458579987287521,-0.7201203107833862,watch,user3,walk
1763575543042796544,0.009611964225769,-0.0118113160133361,0.161579817533493,0.8717784285545349,0.2797955572605133,-0.6706001162528992,watch,user3,walk
1763575543052795648,0.068016767501831,-0.0064157843589782,0.1533395648002624,0.976678192615509,0.314039021730423,-0.575133740901947,watch,user3,walk
1763575543062794752,0.1208520531654357,-0.0022899508476257,0.1436612606048584,1.0648411512374878,0.3271368741989136,-0.482973963022232,watch,user3,walk
1763575543072793600,0.1604413986206054,-0.0022535026073455,0.1413577795028686,1.1052658557891846,0.339919775724411,-0.4001432359218597,watch,user3,walk
1763575543082791680,0.1794382333755493,-0.0022459328174591,0.141316682100296,1.1471641063690186,0.3219403326511383,-0.3448965549468994,watch,user3,walk
1763575543092790528,0.178995132446289,0.0079006254673004,0.1450063586235046,1.1819783449172974,0.2843194603919983,-0.296917587518692,watch,user3,walk
1763575543102789632,0.1625339984893798,0.0183414816856384,0.1504580676555633,1.1981606483459473,0.2572554349899292,-0.24848672747612,watch,user3,walk
1763575543112788736,0.1286481022834777,0.0209247469902038,0.160809189081192,1.196896195411682,0.2497586458921432,-0.2069406062364578,watch,user3,walk
1763575543122787840,0.0962232947349548,0.0155432224273681,0.1699906289577484,1.1944420337677002,0.2575307190418243,-0.1696950495243072,watch,user3,walk
1763575543132785920,0.0703668594360351,0.0054656863212585,0.1808023154735565,1.1908925771713257,0.2607933580875397,-0.1569443643093109,watch,user3,walk
1763575543142784512,0.0511109828948974,-0.0045869350433349,0.186381459236145,1.172473430633545,0.2595053613185882,-0.1520032733678817,watch,user3,walk
1763575543152783616,0.0396333336830139,-0.0158484280109405,0.1913416385650634,1.1408473253250122,0.2511869966983795,-0.152000606060028,watch,user3,walk
1763575543162782720,0.0298442840576171,-0.0237378180027008,0.1942187249660492,1.0850553512573242,0.2466100603342056,-0.1605687290430069,watch,user3,walk
1763575543172781824,0.0183895826339721,-0.0313142538070678,0.1948922872543335,1.009813904762268,0.2399939745664596,-0.1755942851305008,watch,user3,walk
1763575543182780672,0.0084046721458435,-0.0384920835494995,0.1956853568553924,0.9206539392471312,0.2394886016845703,-0.2012407779693603,watch,user3,walk
1763575543192778496,-0.000432014465332,-0.0458627343177795,0.1968433856964111,0.821833610534668,0.2470037788152694,-0.2345457375049591,watch,user3,walk
1763575543202777600,-0.0091389417648315,-0.0505086183547973,0.195870965719223,0.718187153339386,0.2537172436714172,-0.2674112021923065,watch,user3,walk
1763575543212776704,-0.0128818154335021,-0.0559658706188201,0.189634084701538,0.6137864589691162,0.2649036049842834,-0.2980234324932098,watch,user3,walk
1763575543222775808,-0.0126569271087646,-0.0610007345676422,0.1875113844871521,0.5053824782371521,0.2848051488399505,-0.3295861780643463,watch,user3,walk
1763575543232774656,-0.0089139342308044,-0.066517949104309,0.1801282167434692,0.4359743595123291,0.2972301244735718,-0.3443629741668701,watch,user3,walk
1763575543242772736,-0.001918613910675,-0.0642266869544982,0.1749679446220398,0.3965962827205658,0.3008913397789001,-0.3447789549827575,watch,user3,walk
1763575543252771584,0.0082575678825378,-0.0508662462234497,0.1719468533992767,0.3883402049541473,0.3144848942756653,-0.335844337940216,watch,user3,walk
1763575543262770688,0.0142388939857482,-0.0375942587852478,0.1655406951904297,0.4111896455287933,0.3395086824893951,-0.3188136219978332,watch,user3,walk
1763575543272769792,0.0234488844871521,-0.0341566503047943,0.1592468917369842,0.457761138677597,0.3641147017478943,-0.2965810298919678,watch,user3,walk
1763575543282768640,0.0297170281410217,-0.0298770666122436,0.1523703634738922,0.5136619806289673,0.3814307451248169,-0.269682765007019,watch,user3,walk
1763575543292767744,0.0342428684234619,-0.0293821692466735,0.1452982574701309,0.574422299861908,0.3931561112403869,-0.230790764093399,watch,user3,walk
1763575543302765568,0.037331223487854,-0.0260933339595794,0.1336152255535125,0.6345003843307495,0.4047769010066986,-0.186987891793251,watch,user3,walk
1763575543312764416,0.0334542989730834,-0.0275708734989166,0.1235968619585037,0.6937149167060852,0.4195979237556457,-0.144456148147583,watch,user3,walk
1763575543322763520,0.0248079895973205,-0.0266600549221038,0.1165425479412078,0.7449111342430115,0.434675931930542,-0.1021467000246048,watch,user3,walk
1763575543332762368,0.0168096423149108,-0.0257234871387481,0.1042982041835784,0.7864236831665039,0.4487065374851227,-0.0574532598257064,watch,user3,walk
1763575543342761472,0.0118771791458129,-0.0246155261993408,0.0942943692207336,0.8248443007469177,0.4533060789108276,-0.0114118661731481,watch,user3,walk
1763575543352759296,0.0034539103507995,-0.0237797796726226,0.0834130048751831,0.8648601770401001,0.4558049440383911,0.0325742326676845,watch,user3,walk
1763575543362758400,-0.0112222433090209,-0.0186763703823089,0.0728411823511123,0.913781762123108,0.4608623683452606,0.0750110447406768,watch,user3,walk
1763575543372757504,-0.0211489796638488,-0.0110912024974823,0.0632914304733276,0.9783669114112854,0.4747004210948944,0.1078488826751709,watch,user3,walk
1763575543382756352,-0.0260399580001831,-0.0036239624023437,0.0506929159164428,1.0498442649841309,0.4824495017528534,0.139029175043106,watch,user3,walk
1763575543392755456,-0.0247493982315063,0.0059700012207031,0.0393239259719848,1.135176181793213,0.4735236465930938,0.1804682314395904,watch,user3,walk
1763575543402754560,-0.0188645720481872,0.0151282250881195,0.0295785069465637,1.219437837600708,0.4563718140125274,0.2303541004657745,watch,user3,walk
1763575543412752384,-0.0221192836761474,0.0211750268936157,0.0207996517419815,1.2896515130996704,0.4476499557495117,0.2668055891990661,watch,user3,walk
1763575543422751488,-0.0280793905258178,0.0246499478816986,0.0159049034118652,1.3492960929870603,0.4353400468826294,0.2875673174858093,watch,user3,walk
1763575543432750336,-0.0347167253494262,0.0275767147541046,0.0133171081542968,1.3842588663101196,0.4232048094272613,0.3001225292682647,watch,user3,walk
1763575543442749440,-0.0392055511474609,0.0326422750949859,0.0135913491249084,1.3879687786102295,0.4078141450881958,0.3055204153060913,watch,user3,walk
1763575543452748544,-0.0377172231674194,0.0351612865924835,0.0127136707305908,1.366924285888672,0.3833048045635223,0.3066823482513428,watch,user3,walk
1763575543462747392,-0.0310133099555969,0.0347396731376647,0.0115669965744018,1.3194161653518677,0.356704443693161,0.3104806244373321,watch,user3,walk
1763575543472745472,-0.0253763198852539,0.0338579416275024,0.0115179419517517,1.2540597915649414,0.3290336728096008,0.309858500957489,watch,user3,walk
1763575543482744576,-0.0202712416648864,0.0343203842639923,0.0118603855371475,1.1697086095809937,0.2988768219947815,0.3109083771705627,watch,user3,walk
1763575543492743424,-0.0148339867591857,0.0344274640083313,0.0057216882705688,1.0768086910247805,0.2697407901287079,0.3072018027305603,watch,user3,walk
1763575543502742528,-0.0112720727920532,0.0347902178764343,0.0024102330207824,0.978032648563385,0.2409417182207107,0.3016529679298401,watch,user3,walk
1763575543512741632,-0.0082959532737731,0.0375943034887313,-0.0018933713436126,0.8670560717582703,0.2071752250194549,0.2959572672843933,watch,user3,walk
1763575543522739456,-0.0072797536849975,0.0399879366159439,-0.0059217810630798,0.7621501088142395,0.1739592999219894,0.2830507159233093,watch,user3,walk
1763575543532738560,-0.0070815682411193,0.0408222377300262,-0.0096384286880493,0.6503686904907227,0.1444384306669235,0.2726779878139496,watch,user3,walk
1763575543542737408,-0.0062981843948364,0.0435290038585662,-0.0141848921775817,0.5380765199661255,0.1144916266202926,0.2599148452281952,watch,user3,walk
1763575543552736512,-0.0013743638992309,0.0455085337162017,-0.0152898430824279,0.4293069541454315,0.0906475484371185,0.2519895434379577,watch,user3,walk
1763575543562735616,0.0076448321342468,0.0492724180221557,-0.0156566798686981,0.3278042078018188,0.0696548223495483,0.2445389628410339,watch,user3,walk
1763575543572734464,0.0279092192649841,0.0573820769786834,-0.0171781778335571,0.2406221479177475,0.0505967140197753,0.2437535971403122,watch,user3,walk
1763575543582732544,0.0539469122886657,0.0667645782232284,-0.0156943053007125,0.1611367464065551,0.0339821390807628,0.246142566204071,watch,user3,walk
1763575543592731392,0.0848172307014465,0.0777380317449569,-0.0166742801666259,0.096082903444767,0.0215012356638908,0.2448850274085998,watch,user3,walk
1763575543602730496,0.1154201626777648,0.0873308777809143,-0.0141105651855468,0.0388174839317798,0.0089612090960145,0.2416302561759948,watch,user3,walk
1763575543612729600,0.1429083943367004,0.0940882265567779,-0.0095659792423248,-0.0288222823292017,-0.0074957949109375,0.2393750846385955,watch,user3,walk
1763575543622728448,0.1523349285125732,0.0953421741724014,-0.0041438043117523,-0.1110703274607658,-0.0282358713448047,0.2286741733551025,watch,user3,walk
1763575543632726528,0.139427900314331,0.0925429612398147,0.0012333542108535,-0.2084133923053741,-0.0546839907765388,0.2079289406538009,watch,user3,walk
1763575543642725376,0.1045282483100891,0.0878195315599441,0.0072999745607376,-0.3118267357349396,-0.0662532970309257,0.1788555383682251,watch,user3,walk
1763575543652724480,0.0658094882965087,0.0850742906332016,0.0101065635681152,-0.4014666080474853,-0.0732749849557876,0.1388692408800125,watch,user3,walk
1763575543662723584,0.0286281108856201,0.0832924097776413,0.0095942616462707,-0.4701817333698272,-0.0749014616012573,0.0936198085546493,watch,user3,walk
1763575543672722432,-0.0016557574272155,0.0825773775577545,0.0052088648080825,-0.5078310370445251,-0.0680725872516632,0.0451510772109031,watch,user3,walk
1763575543682721280,-0.0326257348060607,0.0831019878387451,-0.0004304945468902,-0.5204801559448242,-0.0631876438856124,-0.0066872183233499,watch,user3,walk
1763575543692719360,-0.0645301938056945,0.0838832706212997,-0.0020494759082794,-0.5059123635292053,-0.0516327172517776,-0.0566475875675678,watch,user3,walk
1763575543702718464,-0.091338038444519,0.0837081223726272,-0.0058376193046569,-0.4742869436740875,-0.0345854721963405,-0.1062777265906333,watch,user3,walk
1763575543712717568,-0.1082677245140075,0.0849373191595077,-0.0096295326948165,-0.4157256484031677,-0.0164930187165737,-0.1450459063053131,watch,user3,walk
1763575543722716672,-0.1109686493873596,0.08866947889328,-0.0093896985054016,-0.3416840136051178,0.0041101723909378,-0.1807915121316909,watch,user3,walk
1763575543732715264,-0.1023638248443603,0.0916065275669097,-0.0094082355499267,-0.2552540600299835,0.0212241783738136,-0.2119709998369217,watch,user3,walk
1763575543742713344,-0.0922631025314331,0.0926215946674346,-0.0054869055747985,-0.148987129330635,0.0248790998011827,-0.2302433997392654,watch,user3,walk
1763575543752712448,-0.0803080797195434,0.090220421552658,8.702278137207031e-06,-0.0348855890333652,0.0260309167206287,-0.2444705516099929,watch,user3,walk
1763575543762711552,-0.0719498991966247,0.087168663740158,0.0032718181610107,0.0763457715511322,0.0279115512967109,-0.2536866962909698,watch,user3,walk
1763575543772710656,-0.0625784397125244,0.0849508494138717,-0.0008831471204757,0.1922798305749893,0.0210469886660575,-0.2536949515342712,watch,user3,walk
1763575543782709248,-0.0536839962005615,0.0820978879928588,-0.0051262974739074,0.3144454061985016,0.0130687803030014,-0.2575894594192505,watch,user3,walk
1763575543792708352,-0.0412056446075439,0.0821392089128494,-0.0098057836294174,0.4268766045570373,0.008254051208496,-0.2614342868328094,watch,user3,walk
1763575543802706432,-0.0298786163330078,0.0793026983737945,-0.009697675704956,0.5093263983726501,0.0152295790612697,-0.2767526507377624,watch,user3,walk
1763575543812705536,-0.0268539786338806,0.0666868984699249,0.0051447451114654,0.5512304306030273,0.0167656913399696,-0.3018817007541656,watch,user3,walk
1763575543822704640,-0.0313286185264587,0.0478648096323013,0.023786261677742,0.5452439785003662,0.0034962249919772,-0.3248647153377533,watch,user3,walk
1763575543832703232,-0.033506691455841,0.0261564254760742,0.0404129922389984,0.4931201040744781,-0.0086451265960931,-0.3398822844028473,watch,user3,walk
1763575543842702336,-0.0384995341300964,0.0072366148233413,0.0558103919029235,0.405061274766922,-0.016224393621087,-0.3545199036598205,watch,user3,walk
1763575543852700416,-0.0386292338371276,-0.0085847526788711,0.066063106060028,0.2989939749240875,-0.0122754592448472,-0.3747455477714538,watch,user3,walk
1763575543862699520,-0.0327498912811279,-0.0149751305580139,0.0679139494895935,0.1991846561431884,-0.0097685372456908,-0.3997055888175964,watch,user3,walk
1763575543872698624,-0.0219408869743347,-0.0172034204006195,0.0700616538524627,0.1188256368041038,-0.0021167425438761,-0.414194792509079,watch,user3,walk
1763575543882697216,-0.0155775547027587,-0.0117138028144836,0.0690042376518249,0.0647952035069465,0.0167684443295002,-0.4372073709964752,watch,user3,walk
1763575543892696320,-0.0044231414794921,-0.0020722448825836,0.0648269802331924,0.0451679676771163,0.0445388220250606,-0.4488512575626373,watch,user3,walk
1763575543902695424,0.0143504738807678,0.0067795813083648,0.059328407049179,0.0724356770515441,0.0809434354305267,-0.4634458422660827,watch,user3,walk
1763575543912693504,0.0412837266921997,0.0135632157325744,0.0534316003322601,0.1207289099693298,0.1209385246038436,-0.471309632062912,watch,user3,walk
1763575543922692608,0.0720264911651611,0.0177952647209167,0.0484645962715148,0.1810278892517089,0.1559578478336334,-0.4828062951564789,watch,user3,walk
1763575543932691456,0.1012711524963378,0.0191831588745117,0.0468802452087402,0.2545106410980224,0.1737211346626281,-0.4935193955898285,watch,user3,walk
1763575543942690304,0.1189392805099487,0.018053263425827,0.0426638126373291,0.3349879384040832,0.1775000691413879,-0.4985610842704773,watch,user3,walk
1763575543952689408,0.1233186721801757,0.01247438788414,0.0339873731136322,0.4169565737247467,0.1819068044424057,-0.5099732279777527,watch,user3,walk
1763575543962688512,0.1101903319358825,0.0068187117576599,0.0279889702796936,0.4835845828056335,0.1990407705307006,-0.5263633131980896,watch,user3,walk
1763575543972686592,0.0879700183868408,-0.0036961436271667,0.0260443985462188,0.5297023057937622,0.2162056565284729,-0.5417651534080505,watch,user3,walk
1763575543982685440,0.0667450428009033,-0.0152319371700286,0.0265541672706604,0.5638884902000427,0.2145575881004333,-0.564623236656189,watch,user3,walk
1763575543992684288,0.0515368580818176,-0.0269217789173126,0.0268120169639587,0.5802363157272339,0.1997663974761963,-0.5824456810951233,watch,user3,walk
1763575544002683392,0.0372419357299804,-0.039783239364624,0.0275297760963439,0.5931500792503357,0.1879143565893173,-0.598161518573761,watch,user3,walk
1763575544012682496,0.0211277604103088,-0.054431140422821,0.0236299335956573,0.6107631921768188,0.1818024069070816,-0.6216607093811035,watch,user3,walk
1763575544022680576,0.0074924230575561,-0.0665351152420044,0.0127944499254226,0.6262297034263611,0.176530048251152,-0.6480432748794556,watch,user3,walk
1763575544032679680,-0.0022220015525817,-0.0749743580818176,0.0072560310363769,0.6284675598144531,0.1746722310781479,-0.6734219193458557,watch,user3,walk
1763575544042678272,-0.0030933022499084,-0.0860163569450378,0.0061240941286087,0.6012659668922424,0.1674189418554306,-0.6822102665901184,watch,user3,walk
1763575544052677376,-0.0033201575279235,-0.1021113693714141,0.0080532431602478,0.5396422743797302,0.1435314416885376,-0.6808528900146484,watch,user3,walk
1763575544062676480,0.0017415285110473,-0.1171575784683227,0.0121366381645202,0.4561516940593719,0.1195770278573036,-0.6716830134391785,watch,user3,walk
1763575544072675584,0.0036142468452453,-0.1307140886783599,0.0171057134866714,0.3513587117195129,0.107180006802082,-0.6537415981292725,watch,user3,walk
1763575544082673664,0.0074184536933898,-0.1404227018356323,0.0183168649673461,0.2375753670930862,0.0933740064501762,-0.6293737888336182,watch,user3,walk
1763575544092672256,0.0079178810119628,-0.1471078097820282,0.0173723101615905,0.1366548687219619,0.0713414102792739,-0.6078386902809143,watch,user3,walk
1763575544102671360,0.0075169801712036,-0.1512067317962646,0.0157684981822967,0.0613966919481754,0.0508375503122806,-0.5789582133293152,watch,user3,walk
1763575544112670464,-0.0001394152641296,-0.1513587534427642,0.0083356201648712,0.0125513914972543,0.0426384769380092,-0.5462207794189453,watch,user3,walk
1763575544122669568,-0.0093568563461303,-0.1522863209247589,0.0001769065856933,-0.0125002553686499,0.053174652159214,-0.505469024181366,watch,user3,walk
1763575544132667648,-0.0183231830596923,-0.1497022211551666,-0.0018075108528137,-0.0288102533668279,0.0645173192024231,-0.4562112390995025,watch,user3,walk
1763575544142666240,-0.0260943174362182,-0.1507177054882049,-0.0005260556936264,-0.0357844047248363,0.0758738368749618,-0.4060121774673462,watch,user3,walk
1763575544152665344,-0.0302903652191162,-0.151922732591629,-0.0055578351020812,-0.0385287925601005,0.0831256359815597,-0.3495891094207763,watch,user3,walk
1763575544162664448,-0.0323505997657775,-0.1507724523544311,-0.0089367628097534,-0.0440786890685558,0.0856183469295501,-0.281417578458786,watch,user3,walk
1763575544172663552,-0.031234323978424,-0.1505356431007385,-0.0114521980285644,-0.039634671062231,0.0875595286488533,-0.2123516947031021,watch,user3,walk
1763575544182662400,-0.0304348468780517,-0.1487504243850708,-0.0172860622406005,-0.035678144544363,0.1029059886932373,-0.1482593268156051,watch,user3,walk
1763575544192660480,-0.0381214618682861,-0.1473715901374817,-0.0210429430007934,-0.0231775324791669,0.1138869971036911,-0.0802017152309417,watch,user3,walk
1763575544202659328,-0.0430319905281066,-0.14540895819664,-0.0256064981222152,-0.0128841502591967,0.1177139729261398,-0.0136177623644471,watch,user3,walk
1763575544212658432,-0.0487008690834045,-0.1444575488567352,-0.0280816406011581,-0.0057660527527332,0.1264715045690536,0.0546704828739166,watch,user3,walk
1763575544222657536,-0.0544787645339965,-0.1433341801166534,-0.0323198437690734,-0.0046210708096623,0.1427935808897018,0.1186468005180358,watch,user3,walk
1763575544232656384,-0.0557288527488708,-0.1388769745826721,-0.0349284708499908,-0.00580111797899,0.1592223495244979,0.187112420797348,watch,user3,walk
1763575544242654464,-0.0552943348884582,-0.1351701617240905,-0.0334338545799255,-0.0094627868384122,0.1645797342061996,0.2654269337654114,watch,user3,walk
1763575544252653312,-0.050668179988861,-0.1311104595661163,-0.0333316177129745,-0.011262284591794,0.1676333248615265,0.3255853354930877,watch,user3,walk
1763575544262652416,-0.0476543307304382,-0.1289701759815216,-0.0335523784160614,-0.0245107114315032,0.1725649535655975,0.3780482709407806,watch,user3,walk
1763575544272651520,-0.0441172122955322,-0.1255633533000946,-0.0331678092479705,-0.0297893621027469,0.1703441441059112,0.4358817636966705,watch,user3,walk
1763575544282650368,-0.0378426313400268,-0.1166662871837616,-0.0353366136550903,-0.0311964005231857,0.1591302901506424,0.4895250201225281,watch,user3,walk
1763575544292649472,-0.0329465866088867,-0.1035479307174682,-0.0400215983390808,-0.0573385208845138,0.1622792184352874,0.53847736120224,watch,user3,walk
1763575544302647296,-0.0286656022071838,-0.1010224223136901,-0.0430207252502441,-0.080311432480812,0.1677023768424987,0.5802809000015259,watch,user3,walk
1763575544312646912,-0.0250815153121948,-0.0979391038417816,-0.0403935313224792,-0.1416429728269577,0.1680845469236374,0.6198089122772217,watch,user3,walk
1763575544322646016,-0.0262259244918823,-0.0967027842998504,-0.0373516380786895,-0.1983693689107895,0.1594343334436416,0.6566004753112793,watch,user3,walk
1763575544332644864,-0.0250319838523864,-0.0904387533664703,-0.0373007357120513,-0.2539649903774261,0.1434849202632904,0.6938698291778564,watch,user3,walk
1763575544342643968,-0.0285180807113647,-0.0764667391777038,-0.0413744449615478,-0.3057783246040344,0.1363915055990219,0.7289780378341675,watch,user3,walk
1763575544352643072,-0.0258036255836486,-0.0603927969932556,-0.0491306781768798,-0.3396327197551727,0.1326066255569458,0.7625546455383301,watch,user3,walk
1763575544362640896,-0.0178954005241394,-0.0425865352153778,-0.0577505826950073,-0.3576636910438537,0.1323025822639465,0.795549213886261,watch,user3,walk
1763575544372640000,-0.0049870610237121,-0.0273631513118743,-0.0613035410642623,-0.3797903060913086,0.1294628530740738,0.819828450679779,watch,user3,walk
1763575544382638848,0.0110958218574523,-0.0107150673866271,-0.0593864172697067,-0.4091635048389435,0.1174061894416809,0.8420340418815613,watch,user3,walk
1763575544392637952,0.0258477926254272,-0.0002897977828979,-0.0529050230979919,-0.4543648064136505,0.0916427746415138,0.8544403910636902,watch,user3,walk
1763575544402637056,0.0364909768104553,0.0082580149173736,-0.0486112236976623,-0.5143924355506897,0.0594286434352397,0.8547490239143372,watch,user3,walk
1763575544412634880,0.0387571454048156,0.0141345262527465,-0.0474381744861602,-0.5750696659088135,0.0304822139441967,0.8426482081413269,watch,user3,walk
1763575544422633984,0.0364736914634704,0.0218987464904785,-0.0436926484107971,-0.6498750448226929,0.0050380174070596,0.817573606967926,watch,user3,walk
1763575544432632832,0.0342589616775512,0.0288770496845245,-0.0348288267850875,-0.738124430179596,-0.0108863543719053,0.7832140326499939,watch,user3,walk
1763575544442631936,0.0373814702033996,0.033185601234436,-0.022996187210083,-0.8365429639816284,-0.0272901840507984,0.7390590310096741,watch,user3,walk
1763575544452631040,0.0499424934387207,0.0334846675395965,-0.0087125301361083,-0.9396550059318542,-0.0405378118157386,0.6932612061500549,watch,user3,walk
1763575544462629888,0.0711994767189025,0.0389679074287414,0.004892349243164,-1.0410196781158447,-0.0504404194653034,0.6439374089241028,watch,user3,walk
1763575544472627968,0.1017953157424926,0.0460092723369598,0.0077238678932189,-1.1239523887634275,-0.0597753301262855,0.5982959270477295,watch,user3,walk
1763575544482626816,0.1436468958854675,0.0563744008541107,0.0021838098764419,-1.198644757270813,-0.0584336295723915,0.5599096417427063,watch,user3,walk
1763575544492625920,0.1959379911422729,0.0723232477903366,-0.0045945048332214,-1.2811630964279177,-0.0685203522443771,0.5294806361198425,watch,user3,walk
1763575544502625024,0.2467574477195739,0.0956787317991256,-0.0034010559320449,-1.411733627319336,-0.107399933040142,0.5268203020095825,watch,user3,walk
1763575544512624128,0.2849457859992981,0.1265761703252792,0.0097565054893493,-1.5575648546218872,-0.1722921133041381,0.5140019655227661,watch,user3,walk
1763575544522621952,0.2922887206077575,0.0908869355916976,-0.0059006959199905,-1.5157427787780762,-0.1447600871324539,0.4356348812580108,watch,user3,walk
1763575544532620800,0.2570169568061828,0.0931055098772049,-0.0238910168409347,-1.535649657249451,-0.1298317313194275,0.3711477518081665,watch,user3,walk
1763575544542619904,0.2351494431495666,0.1420939117670059,-0.0042341947555541,-1.55461323261261,-0.1389114260673523,0.3327394425868988,watch,user3,walk
1763575544552619008,0.2029918432235717,0.152917668223381,-0.0034653693437576,-1.5251238346099854,-0.1549135595560073,0.2963159382343292,watch,user3,walk
1763575544562618112,0.1623557209968567,0.1464386582374572,0.0006175488233566,-1.504010558128357,-0.1810033023357391,0.2390261441469192,watch,user3,walk
1763575544572615936,0.1097661256790161,0.1329213231801986,0.0058997869491577,-1.4948991537094116,-0.1982989460229873,0.1493985205888748,watch,user3,walk
1763575544582614784,0.0538377165794372,0.1168814152479171,0.0088988542556762,-1.4773917198181152,-0.213974580168724,0.0519491955637931,watch,user3,walk
1763575544592613888,-0.0002211928367614,0.1012902110815048,0.0042352080345153,-1.4321211576461792,-0.2248740941286087,-0.0371591076254844,watch,user3,walk
1763575544602612992,-0.0529059767723083,0.0944488942623138,-0.0091807842254638,-1.365768313407898,-0.2223025411367416,-0.1175745874643325,watch,user3,walk
1763575544612612096,-0.0991400480270385,0.0983060151338577,-0.0207502096891403,-1.297069430351257,-0.2169421315193176,-0.205314815044403,watch,user3,walk
1763575544622610688,-0.1337475180625915,0.0912596583366394,-0.0277787894010543,-1.2118934392929075,-0.2211882770061493,-0.2910731434822082,watch,user3,walk
1763575544632608768,-0.1563834547996521,0.0812828540802002,-0.0369246006011962,-1.1050595045089722,-0.2190092802047729,-0.36886727809906,watch,user3,walk
1763575544642607872,-0.1638879179954528,0.0760081708431243,-0.0421370267868042,-0.9824385046958924,-0.1959684044122696,-0.4329416155815124,watch,user3,walk
1763575544652606976,-0.1515295505523681,0.0736900568008422,-0.0418044775724411,-0.8421676754951477,-0.1666523367166519,-0.4890188574790954,watch,user3,walk
1763575544662606080,-0.1141164302825927,0.071634292602539,-0.0398932099342346,-0.6878811717033386,-0.1599845886230468,-0.5363783836364746,watch,user3,walk
1763575544672604672,-0.0558251738548278,0.0668429732322692,-0.0360835194587707,-0.5292435884475708,-0.1709595471620559,-0.564130425453186,watch,user3,walk
1763575544682603776,0.011397898197174,0.0632141828536987,-0.0360388606786727,-0.3818301558494568,-0.1969234198331833,-0.5703645944595337,watch,user3,walk
1763575544692601856,0.0738533735275268,0.0564902424812316,-0.0329637974500656,-0.2641621232032776,-0.2236849963665008,-0.571465790271759,watch,user3,walk
1763575544702600960,0.1265235543251037,0.0435410439968109,-0.0243255496025085,-0.1876279562711715,-0.2533720433712005,-0.5797070860862732,watch,user3,walk
1763575544712600064,0.1623508930206298,0.0216984450817108,-0.0120602250099182,-0.1504667401313781,-0.2848087847232818,-0.5959187746047974,watch,user3,walk
1763575544722598912,0.1902640461921692,-0.0029219388961791,0.0007597208023071,-0.1497684121131897,-0.3177066445350647,-0.6185120344161987,watch,user3,walk
1763575544732597760,0.2021542191505432,-0.0292455852031707,0.014725387096405,-0.1813929080963134,-0.3512108027935028,-0.6499906182289124,watch,user3,walk
1763575544742595840,0.1966261863708496,-0.0544368028640747,0.0258694291114807,-0.2323318123817443,-0.3722043335437774,-0.6903387308120728,watch,user3,walk
1763575544752594944,0.1786462068557739,-0.079269915819168,0.0351884514093399,-0.2880227863788605,-0.3918677866458893,-0.7435513734817505,watch,user3,walk
1763575544762594048,0.1508765816688537,-0.1017298102378845,0.0347319841384887,-0.3429804742336273,-0.3944693505764007,-0.8023232817649841,watch,user3,walk
1763575544772592896,0.1228716373443603,-0.1157656908035278,0.0287376642227172,-0.3958298563957214,-0.3844875395298004,-0.8613069653511047,watch,user3,walk
1763575544782591744,0.1017302870750427,-0.127795398235321,0.0221486240625381,-0.4376726448535919,-0.3774868845939636,-0.9199431538581848,watch,user3,walk
1763575544792589824,0.0889785289764404,-0.1392725706100464,0.0178567171096801,-0.4736884236335754,-0.3733885586261749,-0.9658679962158204,watch,user3,walk
1763575544802588928,0.0809292197227478,-0.1471986472606659,0.0110143572092056,-0.5009557604789734,-0.3767216801643371,-1.0075879096984863,watch,user3,walk
1763575544812588032,0.0792829394340515,-0.1568272411823272,0.0089196562767028,-0.5168676376342773,-0.3880084156990051,-1.0409221649169922,watch,user3,walk
1763575544822587136,0.0768771767616272,-0.1871758699417114,0.0110473036766052,-0.4474551975727081,-0.4427884817123413,-1.0821139812469482,watch,user3,walk
1763575544832585728,0.0649953484535217,-0.2549424469470978,0.0197712779045104,-0.4588372707366943,-0.429875910282135,-1.2393081188201904,watch,user3,walk
1763575544842584832,0.0955365300178527,-0.1513750255107879,0.0088679194450378,-0.4247943758964538,-0.4086306989192962,-1.0659525394439695,watch,user3,walk
1763575544852582912,0.1058017015457153,-0.1566759645938873,0.0101447701454162,-0.3892856538295746,-0.4574352502822876,-0.9500799775123596,watch,user3,walk
1763575544862582016,0.1063995957374572,-0.2135887145996093,0.0400139689445495,-0.4679107964038849,-0.58253413438797,-0.986359179019928,watch,user3,walk
1763575544872581120,0.1063343286514282,-0.2629448771476745,0.0506057441234588,-0.5833340287208557,-0.6593639254570007,-1.0224226713180542,watch,user3,walk
1763575544882579712,0.116395890712738,-0.28306445479393,0.0534238815307617,-0.6814701557159424,-0.707802414894104,-0.9469603300094604,watch,user3,walk
1763575544892578816,0.1435602307319641,-0.2888328433036804,0.059610977768898,-0.7533398270606995,-0.7505128383636475,-0.8530951142311096,watch,user3,walk
1763575544902577920,0.1567315459251403,-0.2959814667701721,0.0659204274415969,-0.800858199596405,-0.8120161294937134,-0.7999415993690491,watch,user3,walk
1763575544912576000,0.159666895866394,-0.300519585609436,0.0758765637874603,-0.8657216429710388,-0.8800146579742432,-0.7460299134254456,watch,user3,walk
1763575544922575104,0.1548574566841125,-0.3094874024391174,0.082882359623909,-0.9467451572418212,-0.9432148337364196,-0.677460253238678,watch,user3,walk
1763575544932573696,0.1424355506896972,-0.3278951942920685,0.0899030268192291,-1.0374172925949097,-0.972865104675293,-0.6038403511047363,watch,user3,walk
1763575544942572800,0.1278659105300903,-0.3419400453567505,0.0914319455623626,-1.1717315912246704,-0.998418390750885,-0.506693959236145,watch,user3,walk
1763575544952571904,0.1224936246871948,-0.3516823053359985,0.0981596410274505,-1.2947566509246826,-1.0311866998672483,-0.404021143913269,watch,user3,walk
1763575544962569984,0.1167196035385131,-0.3517360687255859,0.0966764092445373,-1.3984029293060305,-1.0564515590667725,-0.2961984574794769,watch,user3,walk
1763575544972569088,0.1069897413253784,-0.3486582040786743,0.0917697250843048,-1.5011993646621704,-1.061405062675476,-0.1848309189081192,watch,user3,walk
1763575544982567936,0.0939061641693115,-0.3484401106834411,0.0955160558223724,-1.5894110202789309,-1.0589404106140137,-0.0846316218376159,watch,user3,walk
1763575544992566784,0.0783387422561645,-0.3475329279899597,0.0935083627700805,-1.6514285802841189,-1.048256278038025,0.0315839387476444,watch,user3,walk
1763575545002565888,0.059786319732666,-0.3400864601135254,0.0956744849681854,-1.675462245941162,-1.0520479679107666,0.1655686348676681,watch,user3,walk
1763575545012564992,0.0389055013656616,-0.3295587301254272,0.0938994288444519,-1.6838754415512085,-1.0444862842559814,0.3050157427787781,watch,user3,walk
1763575545022563072,0.0142970085144042,-0.3242211937904358,0.0959563553333282,-1.6972894668579102,-0.99025559425354,0.41588094830513,watch,user3,walk
1763575545032561920,-0.0081385374069213,-0.3256266713142395,0.093570590019226,-1.6883941888809204,-0.914733111858368,0.4946503341197967,watch,user3,walk
1763575545042560768,-0.0071595311164855,-0.3117155432701111,0.0806782841682434,-1.6397180557250977,-0.8833253979682922,0.6079283952713013,watch,user3,walk
1763575545052559872,0.0088173151016235,-0.2788602709770202,0.0690489560365676,-1.562528371810913,-0.8788625001907349,0.7591773271560669,watch,user3,walk
1763575545062558976,0.0189160704612731,-0.2489497065544128,0.0622133761644363,-1.459725022315979,-0.8660504221916199,0.9089239239692688,watch,user3,walk
1763575545072557056,0.0216949582099914,-0.229783296585083,0.0613405108451843,-1.3570315837860107,-0.8372883200645447,1.0699706077575684,watch,user3,walk
1763575545082555904,0.0145653486251831,-0.217175006866455,0.0674148350954055,-1.2625839710235596,-0.8015797138214111,1.231656789779663,watch,user3,walk
1763575545092554752,0.0063286423683166,-0.2082310318946838,0.0785863995552063,-1.16991925239563,-0.7748535871505737,1.3972125053405762,watch,user3,walk
1763575545102553856,-0.0045350193977355,-0.1972220540046692,0.1047431528568267,-1.0778056383132937,-0.7494668364524841,1.5882785320281982,watch,user3,walk
1763575545112552960,-0.0125428438186645,-0.1790826618671417,0.1281578838825225,-0.8457278609275818,-0.7159395217895508,1.7624412775039673,watch,user3,walk
1763575545122551040,-0.0199674367904663,-0.1514866352081298,0.1346517950296402,-0.6166391968727112,-0.696683406829834,1.8929848670959477,watch,user3,walk
1763575545132549888,-0.0194128155708313,-0.104358971118927,0.1296947598457336,-0.4668750464916229,-0.6786234974861145,1.966152310371399,watch,user3,walk
1763575545142548736,-0.011619746685028,-0.0683072209358215,0.100572794675827,-0.4385687410831451,-0.656639814376831,2.009631633758545,watch,user3,walk
1763575545152547840,0.0094567537307739,-0.0485834777355194,0.0552153587341308,-0.5279772281646729,-0.6640103459358215,2.08625864982605,watch,user3,walk
1763575545162546944,0.0311692953109741,-0.0453035533428192,0.0109300315380096,-0.6768094897270203,-0.6520658731460571,2.15088415145874,watch,user3,walk
1763575545172545792,0.0336586833000183,-0.0571904182434082,-0.0076035112142562,-0.9458582401275636,-0.6002157330513,2.176665067672729,watch,user3,walk
1763575545182543872,0.0302013754844665,-0.0672445893287658,0.0226750373840332,-1.3005390167236328,-0.5729799270629883,2.167039632797241,watch,user3,walk
1763575545192542976,0.0327257513999938,-0.0591878294944763,0.0596711039543151,-1.7485785484313965,-0.5625057220458984,2.1444101333618164,watch,user3,walk
1763575545202541824,0.0293967723846435,-0.0316526293754577,0.0924547612667083,-2.193456649780273,-0.5711293816566467,2.1210525035858154,watch,user3,walk
1763575545212540928,0.0194116830825805,0.0108719766139984,0.1105445623397827,-2.540609359741211,-0.5724194645881653,2.095754146575928,watch,user3,walk
1763575545222539776,0.0012359619140625,0.0610877573490142,0.0928834974765777,-2.688703775405884,-0.5314174294471741,2.072080612182617,watch,user3,walk
1763575545232538880,-0.0095696449279785,0.1213696300983429,0.0577400922775268,-2.670985698699951,-0.4548800587654114,2.039151430130005,watch,user3,walk
1763575545242536960,-0.0120362043380737,0.1820723712444305,0.0247697979211807,-2.5585522651672363,-0.3655473291873932,1.994032621383667,watch,user3,walk
1763575545252535808,-0.0016767978668212,0.2292279601097107,0.0120667964220047,-2.3878285884857178,-0.3159291744232178,1.941945195198059,watch,user3,walk
1763575545262534912,0.023170530796051,0.2640835642814636,0.0129936337471008,-2.1975653171539307,-0.3167478442192077,1.8841997385025024,watch,user3,walk
1763575545272534016,0.0439706444740295,0.2960841059684753,-0.0043720602989196,-1.9718115329742432,-0.344526469707489,1.8304100036621092,watch,user3,walk
1763575545282532864,0.0545213818550109,0.3257238268852234,-0.0402650535106658,-1.6593122482299805,-0.3515802025794983,1.7826995849609375,watch,user3,walk
1763575545292530944,0.0429606437683105,0.3460605144500732,-0.0616528391838073,-1.3143421411514282,-0.3176219761371612,1.7292320728302002,watch,user3,walk
1763575545302529792,0.0176914930343627,0.3511401414871216,-0.0565092861652374,-0.9817126393318176,-0.2611934244632721,1.6507891416549685,watch,user3,walk
1763575545312529664,-0.0011010766029357,0.3439986109733581,-0.0451592206954956,-0.7201531529426575,-0.216342031955719,1.5614802837371826,watch,user3,walk
1763575545322528512,-0.001838743686676,0.3396419882774353,-0.0324744582176208,-0.5788617730140686,-0.1985356956720352,1.4576153755187988,watch,user3,walk
1763575545332527616,0.0091574192047119,0.3333377242088318,-0.0238249003887176,-0.4870080053806305,-0.1636975556612014,1.3402671813964844,watch,user3,walk
1763575545342526720,0.0083995461463928,0.3300811946392059,-0.0057363510131835,-0.4893134236335754,-0.1166258305311203,1.2210861444473269,watch,user3,walk
1763575545352524544,0.0116298794746398,0.3426617085933685,0.0135630667209625,-0.544864296913147,-0.1122513264417648,1.1037014722824097,watch,user3,walk
1763575545362523648,0.019698679447174,0.355955421924591,0.005698025226593,-0.5818254947662354,-0.1234963461756706,0.980168879032135,watch,user3,walk
1763575545372522496,0.017233669757843,0.3770027458667755,-0.008107841014862,-0.6177440881729126,-0.1302245557308197,0.8599783182144165,watch,user3,walk
1763575545382521600,0.008783996105194,0.3993561863899231,-0.0282973051071167,-0.6391820311546326,-0.1295893043279647,0.7454398274421692,watch,user3,walk
1763575545392520704,-0.0035059452056884,0.3985418379306793,-0.0425617098808288,-0.613749086856842,-0.1174463555216789,0.6286671161651611,watch,user3,walk
1763575545402518528,-0.0202527046203613,0.3792127966880798,-0.050475925207138,-0.583102822303772,-0.1023875996470451,0.515903890132904,watch,user3,walk
1763575545412517632,-0.0321729779243469,0.361400693655014,-0.0556337684392929,-0.584450364112854,-0.0977843254804611,0.4159009158611297,watch,user3,walk
1763575545422516480,-0.0358946919441223,0.3395953178405761,-0.055197462439537,-0.6011010408401489,-0.1002447232604026,0.3216734230518341,watch,user3,walk
1763575545432515584,-0.0331619977951049,0.3217159509658813,-0.0534350126981735,-0.6450919508934021,-0.1056815683841705,0.2245247662067413,watch,user3,walk
1763575545442514688,-0.0110102295875549,0.3301305174827575,-0.0445176213979721,-0.7220544219017029,-0.1024779677391052,0.1369965821504593,watch,user3,walk
1763575545452512512,0.0271737575531005,0.3541091680526733,-0.0326444208621978,-0.7717399597167969,-0.1036175340414047,0.0611614696681499,watch,user3,walk
1763575545462511616,0.0724274516105651,0.3738366067409515,-0.039571389555931,-0.7647189497947693,-0.1042439118027687,0.0119712213054299,watch,user3,walk
1763575545472510464,0.11160409450531,0.3799944221973419,-0.047155737876892,-0.7440056800842285,-0.1097071170806884,-0.0287437178194522,watch,user3,walk
1763575545482509568,0.1269097328186035,0.3577055037021637,-0.0438569784164428,-0.7525163292884827,-0.1240477040410041,-0.0766348093748092,watch,user3,walk
1763575545492508672,0.1050261855125427,0.3167137205600738,-0.0378640890121459,-0.8116715550422668,-0.1358553618192672,-0.1315063089132309,watch,user3,walk
1763575545502507776,0.0633198022842407,0.2806744873523712,-0.0307941138744354,-0.9292641878128052,-0.1384111940860748,-0.1928988397121429,watch,user3,walk
1763575545512505600,0.0199945569038391,0.2578876614570617,-0.0166264176368713,-1.056135892868042,-0.1216343566775322,-0.252261221408844,watch,user3,walk
1763575545522504448,-0.0061120390892028,0.2420513778924942,-0.0098764896392822,-1.1324032545089722,-0.1119813695549964,-0.2973966896533966,watch,user3,walk
1763575545532503552,-0.0195701718330383,0.2312824577093124,-0.0193763077259063,-1.1317178010940552,-0.103767916560173,-0.3375752568244934,watch,user3,walk
1763575545542502656,-0.0407789349555969,0.2399727553129196,-0.0346376597881317,-1.0986244678497314,-0.0971890166401863,-0.3857013881206512,watch,user3,walk
1763575545552501760,-0.0702583193778991,0.2681757807731628,-0.0455992221832275,-1.04771888256073,-0.1024567484855651,-0.4398951232433319,watch,user3,walk
1763575545562499584,-0.1008607745170593,0.2877194881439209,-0.0512079298496246,-0.9005206823348999,-0.1031157970428466,-0.4925160408020019,watch,user3,walk
1763575545572498432,-0.1244136691093444,0.2807009816169739,-0.0707587897777557,-0.69781494140625,-0.0631529316306114,-0.5369319915771484,watch,user3,walk
1763575545582497536,-0.1453938484191894,0.2646759748458862,-0.0735421031713485,-0.4182476699352264,0.0161868967115879,-0.6217759847640991,watch,user3,walk
1763575545592496640,-0.158454954624176,0.2434044480323791,-0.0751973986625671,-0.2745477855205536,0.0516274459660053,-0.6065022349357605,watch,user3,walk
1763575545602495744,-0.1478928923606872,0.2293632924556732,-0.0638659596443176,-0.1296633183956146,0.0215167701244354,-0.6115216612815857,watch,user3,walk
1763575545612494592,-0.1421700716018676,0.1910813599824905,-0.0617496073246002,0.066836416721344,0.0078401071950793,-0.6200376152992249,watch,user3,walk
1763575545622492672,-0.1333017945289611,0.167044848203659,-0.063833937048912,0.2295296043157577,0.0263200476765632,-0.6358310580253601,watch,user3,walk
1763575545632491520,-0.1191651225090026,0.1424545496702194,-0.0649089217185974,0.3633286654949188,0.0203162170946598,-0.6637598872184753,watch,user3,walk
1763575545642490624,-0.1009878516197204,0.1115559041500091,-0.0688009262084961,0.4633965790271759,0.0230858158320188,-0.6933211088180542,watch,user3,walk
1763575545652489728,-0.0758700966835022,0.0914928317070007,-0.0767750740051269,0.5576741099357605,0.0212455727159976,-0.7084012627601624,watch,user3,walk
1763575545662488576,-0.0622012615203857,0.0734182745218277,-0.0710035413503646,0.6026103496551514,0.0070010339841246,-0.7381847500801086,watch,user3,walk
1763575545672486656,-0.0508685708045959,0.0611255764961242,-0.0486654639244079,0.5948368310928345,-0.0312219858169555,-0.7855695486068726,watch,user3,walk
1763575545682485504,-0.0451627373695373,0.0567602813243866,-0.035986304283142,0.5577499866485596,-0.0936059951782226,-0.8295119404792786,watch,user3,walk
1763575545692484608,-0.0324774980545043,0.0485930442810058,-0.0391902923583984,0.5423963665962219,-0.1322338134050369,-0.8624605536460876,watch,user3,walk
1763575545702483712,-0.0202554464340209,0.0278343111276626,-0.0415825694799423,0.5316823124885559,-0.1294825971126556,-0.8970617055892944,watch,user3,walk
1763575545712482816,-0.0106231570243835,0.0091208517551422,-0.0304675549268722,0.4860695004463196,-0.0983824729919433,-0.9565375447273254,watch,user3,walk
1763575545722481408,0.0089550018310546,-0.0038807094097137,-0.0220421999692916,0.4402497112751007,-0.0661889314651489,-1.0294362306594849,watch,user3,walk
1763575545732479488,0.0414195656776428,-0.0178518593311309,-0.0275322794914245,0.4153598248958587,-0.0512307584285736,-1.0784727334976196,watch,user3,walk
1763575545742478592,0.079790711402893,-0.0316093266010284,-0.0277961492538452,0.4356194734573364,-0.0554652735590934,-1.1173726320266724,watch,user3,walk
1763575545752477696,0.1139836907386779,-0.038101315498352,-0.0248254239559173,0.4879156947135925,-0.0643024444580078,-1.154069900512695,watch,user3,walk
1763575545762476800,0.1271623969078064,-0.0339781939983367,-0.0110483616590499,0.5628655552864075,-0.0692153498530387,-1.1966851949691772,watch,user3,walk
1763575545772475392,0.1237128376960754,-0.0277141630649566,0.0184281468391418,0.7010154128074646,-0.0770098939538002,-1.2242158651351929,watch,user3,walk
1763575545782473472,0.1115704178810119,-0.0296719670295715,0.0301170051097869,0.8767372369766235,-0.085933968424797,-1.219772458076477,watch,user3,walk
1763575545792472576,0.0901734232902526,-0.0443910658359527,0.0316947996616363,1.0497502088546753,-0.0800510421395301,-1.2042193412780762,watch,user3,walk
1763575545802471680,0.0670440793037414,-0.0727468729019165,0.0263127237558364,1.1882870197296145,-0.0654745921492576,-1.1932209730148315,watch,user3,walk
1763575545812470784,0.0477328300476074,-0.1009531319141388,0.0190184712409973,1.2536473274230957,-0.0426483675837516,-1.2053625583648682,watch,user3,walk
1763575545822469376,0.041120707988739,-0.1212216317653656,0.0216164588928222,1.240532398223877,-0.0276417229324579,-1.1946560144424438,watch,user3,walk
1763575545832468480,0.0485651493072509,-0.1379775404930114,0.026111751794815,1.1748812198638916,-0.0299315061420202,-1.1478190422058103,watch,user3,walk
1763575545842466560,0.0627153515815734,-0.1588140428066253,0.0457046031951904,1.1125842332839966,-0.0408986695110797,-1.084630012512207,watch,user3,walk
1763575545852465664,0.0705650448799133,-0.1833105385303497,0.0716083645820617,1.0420570373535156,-0.0507680773735046,-1.0219488143920898,watch,user3,walk
1763575545862464768,0.0647986531257629,-0.1938932240009308,0.0960242748260498,0.9296627044677734,-0.054740447551012,-0.9547950625419616,watch,user3,walk
1763575545872463360,0.043211281299591,-0.1944948136806488,0.1327819526195526,0.8201204538345337,-0.0283072460442781,-0.905450999736786,watch,user3,walk
1763575545882462464,0.0129106640815734,-0.2052138447761535,0.1570387780666351,0.6392158269882202,0.003894456429407,-0.8313961029052734,watch,user3,walk
1763575545892460544,0.0140090584754943,-0.2257195115089416,0.1027030050754547,0.4846659898757934,0.0186233352869749,-0.7764361500740051,watch,user3,walk
1763575545902459648,0.0026430487632751,-0.2030163407325744,0.104434460401535,0.3498763144016266,0.0405870452523231,-0.7113089561462402,watch,user3,walk
1763575545912458752,-0.0041844844818115,-0.1797006726264953,0.1070213913917541,0.3121230602264404,0.0684056282043457,-0.6276236176490784,watch,user3,walk
1763575545922457600,-0.0114543437957763,-0.1776438355445861,0.1023574471473693,0.375469297170639,0.0920046046376228,-0.5305496454238892,watch,user3,walk
1763575545932456448,-0.0214343667030334,-0.1692281067371368,0.0939122438430786,0.461208164691925,0.133018359541893,-0.4277961254119873,watch,user3,walk
1763575545942455552,-0.0370168685913085,-0.1571972966194152,0.0913662016391754,0.5172522664070129,0.1920809745788574,-0.3309277892112732,watch,user3,walk
1763575545952453632,-0.0471112132072448,-0.1610799431800842,0.0844375491142273,0.5577400326728821,0.2524665296077728,-0.2271172702312469,watch,user3,walk
1763575545962452736,-0.0491517782211303,-0.1665318608283996,0.0734429955482482,0.5460902452468872,0.295020192861557,-0.0918910577893257,watch,user3,walk
1763575545972451584,-0.0472289323806762,-0.1666150093078613,0.0669693648815155,0.5170236825942993,0.3560894131660461,0.0163382049649953,watch,user3,walk
1763575545982450432,-0.0496809482574462,-0.1621540188789367,0.0643340349197387,0.5046960115432739,0.4399436712265014,0.1015758737921714,watch,user3,walk
1763575545992449536,-0.046688437461853,-0.1487064063549041,0.0539576709270477,0.5126298069953918,0.5117214918136597,0.2096725106239318,watch,user3,walk
1763575546002447616,-0.0364834666252136,-0.1317813992500305,0.0411943197250366,0.5495753884315491,0.5766982436180115,0.3319974243640899,watch,user3,walk
1763575546012446720,-0.0248622894287109,-0.1113729774951934,0.0296826958656311,0.6229201555252075,0.6366835236549377,0.4610307812690735,watch,user3,walk
1763575546022445568,-0.017507255077362,-0.0875070989131927,0.0173224508762359,0.7313677072525024,0.6997359991073608,0.5734819769859314,watch,user3,walk
1763575546032444416,-0.0094151496887207,-0.0731644034385681,0.008787989616394,0.8679084777832031,0.7486287355422974,0.6432405710220337,watch,user3,walk
1763575546042443520,-0.0032143592834472,-0.0680787861347198,-0.0065922737121582,1.0031012296676636,0.7702156901359558,0.6823644638061523,watch,user3,walk
1763575546052442624,0.0013689994812011,-0.0604026317596435,-0.0258552134037017,1.1016600131988523,0.7844780087471008,0.7088959813117981,watch,user3,walk
1763575546062440704,-0.0010761022567749,-0.0475322306156158,-0.0320405662059783,1.1425548791885376,0.7954120635986328,0.7275282144546509,watch,user3,walk
1763575546072439552,-0.0098848938941955,-0.0326804220676422,-0.0463939011096954,1.1669981479644775,0.8035045862197876,0.7381816506385803,watch,user3,walk
1763575546082438400,-0.0183832049369812,-0.0164112150669097,-0.0599675774574279,1.1599836349487305,0.8041846752166748,0.7314389944076538,watch,user3,walk
1763575546092437504,-0.0301764607429504,0.000310480594635,-0.0722935646772384,1.1383566856384275,0.8052818775177002,0.7046806216239929,watch,user3,walk
1763575546102436608,-0.0381675958633422,0.0179671943187713,-0.0874847769737243,1.1388036012649536,0.7947278022766113,0.6815016865730286,watch,user3,walk
1763575546112434688,-0.0433043241500854,0.0414575338363647,-0.0945872664451599,1.1435599327087402,0.7797741293907166,0.655775785446167,watch,user3,walk
1763575546122433536,-0.0511410236358642,0.062491089105606,-0.1023139059543609,1.184308409690857,0.756179690361023,0.6248304843902588,watch,user3,walk
1763575546132432384,-0.0576667785644531,0.0749736428260803,-0.1171420216560363,1.2526015043258667,0.7372323870658875,0.5845112800598145,watch,user3,walk
1763575546142431488,-0.0548827648162841,0.092763215303421,-0.1317525804042816,1.3129137754440308,0.7072538733482361,0.5430902242660522,watch,user3,walk
1763575546152430592,-0.0487727522850036,0.1107047498226165,-0.1501083076000213,1.3512123823165894,0.6940283179283142,0.5064994692802429,watch,user3,walk
1763575546162428672,-0.0413196086883544,0.1192292273044586,-0.1539171934127807,1.3779737949371338,0.6701538562774658,0.475591629743576,watch,user3,walk
1763575546172427776,-0.0300402641296386,0.1223318576812744,-0.1440141797065735,1.3951293230056765,0.6297765970230103,0.432850033044815,watch,user3,walk
1763575546182426624,-0.0286493301391601,0.1249918937683105,-0.1379652470350265,1.3897082805633545,0.5848647356033325,0.386476069688797,watch,user3,walk
1763575546192425472,-0.0339348912239074,0.1295748353004455,-0.1277942061424255,1.3202868700027466,0.5470872521400452,0.3482407927513122,watch,user3,walk
1763575546202424576,-0.0383296012878418,0.134030669927597,-0.1210260391235351,1.230551838874817,0.518083393573761,0.3168379962444305,watch,user3,walk
1763575546212423680,-0.0427803993225097,0.1359189599752426,-0.1151862293481826,1.165799260139465,0.4766749739646911,0.2642863690853119,watch,user3,walk
1763575546222421760,-0.0523636937141418,0.143361434340477,-0.1182260960340499,1.1111804246902466,0.4502620100975036,0.2118025869131088,watch,user3,walk
1763575546232420608,-0.0585089325904846,0.1527027636766433,-0.121484637260437,1.06065034866333,0.4254466593265533,0.1622938811779022,watch,user3,walk
1763575546242419456,-0.0719327926635742,0.159813180565834,-0.121055394411087,1.0045679807662964,0.4099420309066772,0.1161608099937439,watch,user3,walk
1763575546252418560,-0.0745641589164733,0.1678431928157806,-0.1288082897663116,0.965049684047699,0.4045736193656921,0.0678406804800033,watch,user3,walk
1763575546262417664,-0.0718573927879333,0.1730516105890274,-0.1371539682149887,0.9533642530441284,0.4124996364116668,0.0209235716611146,watch,user3,walk
1763575546272415744,-0.0568229556083679,0.1821598261594772,-0.1398717761039734,0.966171145439148,0.4304647743701935,-0.0212710201740264,watch,user3,walk
1763575546282414592,-0.0277896523475646,0.1925048977136612,-0.1337387561798095,1.0133002996444702,0.4364886879920959,-0.0542399547994136,watch,user3,walk
1763575546292413440,0.0110184550285339,0.2043276876211166,-0.1216972470283508,1.0974957942962646,0.4394735395908355,-0.0688822790980339,watch,user3,walk
1763575546302412544,0.0493125319480896,0.2206926494836807,-0.1179637014865875,1.2091063261032104,0.4456867575645447,-0.0634114816784858,watch,user3,walk
1763575546312410624,0.0745853185653686,0.2348693013191223,-0.1207229495048523,1.338152527809143,0.4252012372016907,-0.066049076616764,watch,user3,walk
1763575546322408448,0.0876302123069763,0.2470373660326004,-0.1133307218551635,1.4625463485717771,0.3880369663238525,-0.0818466171622276,watch,user3,walk
1763575546332407552,0.0848149061203002,0.2565494775772095,-0.1048318147659301,1.5797057151794434,0.3505492508411407,-0.1026874482631683,watch,user3,walk
1763575546342406400,0.0598484873771667,0.261344850063324,-0.1030103415250778,1.731939435005188,0.3267807066440582,-0.1201995983719825,watch,user3,walk
1763575546352405504,0.0181884765625,0.2614105939865112,-0.098240852355957,1.888096809387207,0.3345885574817657,-0.1334815919399261,watch,user3,walk
1763575546362404608,-0.0320891141891479,0.2474595457315445,-0.0748593509197235,2.019549369812012,0.3697792291641235,-0.1597830951213836,watch,user3,walk
1763575546372403712,-0.0687761306762695,0.2191520482301712,-0.0446916073560714,2.129051685333252,0.4285869002342224,-0.1976769417524337,watch,user3,walk
1763575546382401536,-0.0825451612472534,0.1911660879850387,-0.0112839788198471,2.2197811603546143,0.4579876661300659,-0.2275096029043197,watch,user3,walk
1763575546392400384,-0.072677731513977,0.1678363978862762,0.0085066109895706,2.3219637870788574,0.4569889903068542,-0.2410453855991363,watch,user3,walk
1763575546402399488,-0.044230580329895,0.1631892919540405,0.0210530310869216,2.4438204765319824,0.4377232193946838,-0.2397899180650711,watch,user3,walk
1763575546412398592,-0.0178419351577758,0.1703228801488876,0.0231329202651977,2.581915855407715,0.4278833568096161,-0.2128531038761139,watch,user3,walk
1763575546422397696,0.0023921132087707,0.1910314857959747,0.017254501581192,2.732203245162964,0.4159514904022217,-0.1754666417837143,watch,user3,walk
1763575546432395520,0.0178126692771911,0.209234282374382,0.0176350027322769,2.902052640914917,0.402992308139801,-0.1410095989704132,watch,user3,walk
1763575546442394368,0.0247946381568908,0.2236368507146835,0.0302194654941558,3.046924591064453,0.3970098793506622,-0.116101861000061,watch,user3,walk
1763575546452393472,0.0226955413818359,0.2452254891395568,0.05469411611557,3.1372740268707275,0.407896339893341,-0.0860558152198791,watch,user3,walk
1763575546462392576,0.0203847289085388,0.2686613798141479,0.084003061056137,3.191575050354004,0.4183303415775299,-0.0492018535733222,watch,user3,walk
1763575546472391680,0.0244338512420654,0.285035490989685,0.118389755487442,3.241551160812378,0.421500563621521,-0.0136537151411175,watch,user3,walk
1763575546482389504,0.0271258950233459,0.29585862159729,0.1474447250366211,3.2745275497436523,0.3981757164001465,0.0151801314204931,watch,user3,walk
1763575546492388608,0.0282058715820312,0.3067923188209533,0.1691943556070327,3.2548108100891118,0.3843387365341186,0.0335218533873558,watch,user3,walk
1763575546502387456,0.0168780088424682,0.3104353547096252,0.1694120317697525,3.4367966651916504,0.3411013185977936,0.0044477907940745,watch,user3,walk
1763575546512386560,0.0025653839111328,0.3252595663070678,0.1677398085594177,3.389961004257202,0.3737905621528625,0.0013569262810051,watch,user3,walk
1763575546522385664,-0.0012791752815246,0.339830070734024,0.1699869632720947,3.32558274269104,0.3640233278274536,0.0009925393387675,watch,user3,walk
1763575546532384512,0.0033328533172607,0.3105897307395935,0.1904743015766143,3.176936149597168,0.3100962042808532,0.031023409217596,watch,user3,walk
1763575546542382592,0.0195580720901489,0.2977423071861267,0.2003985941410064,2.993553638458252,0.2203102856874466,0.0428725443780422,watch,user3,walk
1763575546552381440,0.0282023549079895,0.3043379187583923,0.2023883163928985,2.865607976913452,0.1520004719495773,0.0411449521780014,watch,user3,walk
1763575546562380544,0.0260688066482543,0.3198613822460174,0.1942724138498306,2.784844160079956,0.147319346666336,0.0148917762562632,watch,user3,walk
1763575546572379648,0.0213982462882995,0.3313551545143127,0.1836507618427276,2.742693424224853,0.1516363322734832,-0.025387467816472,watch,user3,walk
1763575546582378752,0.0212776660919189,0.3370710611343384,0.1845133006572723,2.688276767730713,0.1300191879272461,-0.0568178296089172,watch,user3,walk
1763575546592376576,0.0181079506874084,0.3339709341526031,0.1959595382213592,2.595629930496216,0.0852471888065338,-0.0848321542143821,watch,user3,walk
1763575546602375424,0.01221364736557,0.3288399577140808,0.2071607708930969,2.479750633239746,0.0360565669834613,-0.0944844484329223,watch,user3,walk
1763575546612374528,0.0001482367515563,0.3238404095172882,0.215724378824234,2.380347728729248,-0.00548528553918,-0.1089320927858352,watch,user3,walk
1763575546622373632,-0.0143831372261047,0.3281516432762146,0.2289856076240539,2.2901618480682373,-0.0266012232750654,-0.1429007798433303,watch,user3,walk
1763575546632372736,-0.0320568680763244,0.3396723568439483,0.2392866015434265,2.225496768951416,-0.035711895674467,-0.1810183376073837,watch,user3,walk
1763575546642371584,-0.0415124297142028,0.3527877330780029,0.24606654047966,2.2015178203582764,-0.0487665385007858,-0.1972219347953796,watch,user3,walk
1763575546652369408,-0.0446946620941162,0.3625578582286834,0.2512968778610229,2.2150399684906006,-0.0661138370633125,-0.2017698138952255,watch,user3,walk
1763575546662368512,-0.0423960089683532,0.3672043085098266,0.2490153312683105,2.2609705924987797,-0.0832540243864059,-0.2108433544635772,watch,user3,walk
1763575546672367616,-0.0393659472465515,0.3705848753452301,0.2411010563373565,2.30891752243042,-0.1053151190280914,-0.218049868941307,watch,user3,walk
1763575546682366720,-0.0375279784202575,0.3701688647270202,0.2422769367694854,2.345571994781494,-0.1185420751571655,-0.2440239936113357,watch,user3,walk
1763575546692365568,-0.0319071412086486,0.3674502372741699,0.2408744394779205,2.3687984943389893,-0.1365631520748138,-0.2710263133049011,watch,user3,walk
1763575546702363392,-0.0188445448875427,0.3682636320590973,0.2396585047245025,2.3872361183166504,-0.1488379091024398,-0.2995518445968628,watch,user3,walk
1763575546712362496,-0.0045587420463562,0.3670118153095245,0.243808701634407,2.3833460807800293,-0.1549711674451828,-0.3360150456428528,watch,user3,walk
1763575546722361600,0.0112944245338439,0.3684538304805755,0.2580152750015259,2.333303451538086,-0.1636230796575546,-0.3681923747062683,watch,user3,walk
1763575546732360704,0.0315387845039367,0.3706560134887695,0.2755078077316284,2.2575953006744385,-0.1861211955547332,-0.3981928825378418,watch,user3,walk
1763575546742359552,0.0551573038101196,0.3701330125331878,0.2896776795387268,2.148959159851074,-0.2064532786607742,-0.4345366358757019,watch,user3,walk
1763575546752357376,0.077467143535614,0.3729671537876129,0.3039152026176452,2.0254225730896,-0.2285319566726684,-0.46483114361763,watch,user3,walk
1763575546762356480,0.0966532230377197,0.3726953268051147,0.3114247322082519,1.901160717010498,-0.2578960657119751,-0.505325436592102,watch,user3,walk
1763575546772355584,0.1091217994689941,0.372616559267044,0.3122601807117462,1.7829560041427612,-0.2936378121376037,-0.5542269349098206,watch,user3,walk
1763575546782354688,0.1100686192512512,0.3663710057735443,0.3131892681121826,1.6622759103775024,-0.325780838727951,-0.6123530864715576,watch,user3,walk
1763575546792353536,0.0975609421730041,0.3596539199352264,0.3162205517292022,1.5364391803741455,-0.347937524318695,-0.6722188591957092,watch,user3,walk
1763575546802352384,0.0768575668334961,0.3478210270404815,0.3194144666194916,1.4041478633880615,-0.3631340563297272,-0.7433825135231018,watch,user3,walk
1763575546812350464,0.0538297295570373,0.33024662733078,0.3238230049610138,1.2570830583572388,-0.3619324564933777,-0.8200322985649109,watch,user3,walk
1763575546822349568,0.0330776572227478,0.3117703795433044,0.3302921652793884,1.1047614812850952,-0.3580560386180877,-0.8962448835372925,watch,user3,walk
1763575546832348672,0.020500361919403,0.2924211621284485,0.3335001766681671,0.9569970369338988,-0.3558639883995056,-0.968613624572754,watch,user3,walk
1763575546842347520,0.0177516937255859,0.2771436870098114,0.3325125575065613,0.8192024230957031,-0.3528964221477508,-1.0440595149993896,watch,user3,walk
1763575546852346368,0.0199392437934875,0.270884245634079,0.323968768119812,0.7031669020652771,-0.3474579751491546,-1.112414002418518,watch,user3,walk
1763575546862344448,0.0263176560401916,0.2686530947685241,0.317212164402008,0.6366068124771118,-0.3398068845272064,-1.1735239028930664,watch,user3,walk
1763575546872343552,0.0344486832618713,0.2699295878410339,0.3105111718177795,0.6085968017578125,-0.3268871009349823,-1.223719358444214,watch,user3,walk
1763575546882342656,0.0410555005073547,0.2748217582702636,0.308172196149826,0.6305356025695801,-0.3092718124389648,-1.2677794694900513,watch,user3,walk
1763575546892341504,0.0456759333610534,0.274186909198761,0.3073837161064148,0.6836826801300049,-0.2837174534797668,-1.3094017505645752,watch,user3,walk
1763575546902340608,0.0473966598510742,0.2676411271095276,0.3172456324100494,0.7450305819511414,-0.2489343434572219,-1.3419791460037231,watch,user3,walk
1763575546912338432,0.0503441095352172,0.256112277507782,0.3310171663761139,0.8255743980407715,-0.2087850570678711,-1.3657915592193604,watch,user3,walk
1763575546922337536,0.0525732040405273,0.2446633577346801,0.3431481719017029,0.919931709766388,-0.1637241840362548,-1.3782055377960205,watch,user3,walk
1763575546932336640,0.0578676462173461,0.2343440800905227,0.3405435085296631,1.0355372428894043,-0.1240127310156822,-1.3834331035614014,watch,user3,walk
1763575546942335488,0.0668444633483886,0.2319084256887436,0.323879212141037,1.1882878541946411,-0.0839252322912216,-1.3912488222122192,watch,user3,walk
1763575546952334592,0.082358717918396,0.2297320961952209,0.3094462454319,1.35087251663208,-0.0418707206845283,-1.395557880401611,watch,user3,walk
1763575546962333440,0.0977526903152465,0.2243440747261047,0.3032068312168121,1.5033482313156128,-0.0095198862254619,-1.405815362930298,watch,user3,walk
1763575546972331520,0.1132696270942688,0.210600733757019,0.3058627843856811,1.6165874004364014,0.0184568874537944,-1.4240039587020874,watch,user3,walk
1763575546982330624,0.1219979524612426,0.1889449656009674,0.3166095018386841,1.6680666208267212,0.0379536226391792,-1.4405747652053833,watch,user3,walk
1763575546992329472,0.1300702691078186,0.1610436290502548,0.3315378129482269,1.648800015449524,0.0536702685058116,-1.4616215229034424,watch,user3,walk
1763575547002328576,0.1367027759552002,0.1327527612447738,0.3490303754806518,1.5542548894882202,0.0774971321225166,-1.4789832830429075,watch,user3,walk
1763575547012327424,0.1450482010841369,0.105781689286232,0.3676041960716247,1.3978148698806765,0.1153358519077301,-1.485315203666687,watch,user3,walk
1763575547022325504,0.1634942293167114,0.0826324373483657,0.3834522664546966,1.200454831123352,0.1555540263652801,-1.4845330715179443,watch,user3,walk
1763575547032324608,0.1868631839752197,0.0674986392259597,0.3934758305549621,1.0033817291259766,0.1940159201622009,-1.481209635734558,watch,user3,walk
1763575547042323712,0.2116585373878479,0.0550841242074966,0.3975609540939331,0.8106818199157715,0.2386234253644943,-1.4568183422088623,watch,user3,walk
1763575547052322560,0.2328782677650451,0.0450595319271087,0.4000550508499145,0.6338503360748291,0.2896890342235565,-1.4386107921600342,watch,user3,walk
1763575547062321408,0.242347240447998,0.0331465899944305,0.3993981480598449,0.48178830742836,0.3396112024784088,-1.4236607551574707,watch,user3,walk
1763575547072319488,0.2352787852287292,0.0208471417427063,0.3918615579605102,0.3591760993003845,0.3808143138885498,-1.4025424718856812,watch,user3,walk
1763575547082318592,0.2070658206939697,0.0111840069293975,0.3814661502838135,0.2558901607990265,0.4224776923656463,-1.3805809020996094,watch,user3,walk
1763575547092317696,0.1577284336090088,-0.0015778243541717,0.3631126284599304,0.1917433887720108,0.4795351326465606,-1.3739103078842163,watch,user3,walk
1763575547102316544,0.1072221398353576,-0.0104664266109466,0.3347337245941162,0.1825393736362457,0.5594680309295654,-1.37405264377594,watch,user3,walk
1763575547112315648,0.070678174495697,-0.013097196817398,0.3026596307754516,0.240424245595932,0.6631800532341003,-1.377602458000183,watch,user3,walk
1763575547122314496,0.0539136528968811,-0.0096750855445861,0.2733332514762878,0.3646515905857086,0.765165388584137,-1.37338125705719,watch,user3,walk
1763575547132312576,0.0504584312438964,-0.0029002726078033,0.2457311749458313,0.5302927494049072,0.8500549793243408,-1.352980136871338,watch,user3,walk
1763575547142311680,0.0567463040351867,-0.0002596080303192,0.2256436347961425,0.7365846633911133,0.9083741903305054,-1.3295469284057615,watch,user3,walk
1763575547152310528,0.0666875839233398,-0.007065862417221,0.2152966856956482,0.9496005773544312,0.9387139678001404,-1.290512204170227,watch,user3,walk
1763575547162309632,0.0677031278610229,-0.0218107998371124,0.2075394988059997,1.1019830703735352,0.9570748805999756,-1.2280035018920898,watch,user3,walk
1763575547172308480,0.0574155449867248,-0.0444604754447937,0.2020230889320373,1.2397936582565308,0.943142294883728,-1.1937438249588013,watch,user3,walk
1763575547182306560,0.0363726615905761,-0.0691027343273162,0.1959506571292877,1.3756258487701416,0.9373334050178528,-1.1764758825302124,watch,user3,walk
1763575547192305664,0.0084020495414733,-0.0818233489990234,0.1896906495094299,1.4693049192428589,0.971159815788269,-1.161271095275879,watch,user3,walk
1763575547202304512,-0.0157323479652404,-0.0878591239452362,0.1840168237686157,1.5470412969589231,1.0080091953277588,-1.1419565677642822,watch,user3,walk
1763575547212303616,-0.0321123003959655,-0.0902490317821502,0.18118417263031,1.642503023147583,1.048527479171753,-1.1213359832763672,watch,user3,walk
1763575547222302464,-0.0372063517570495,-0.0849264860153198,0.183146983385086,1.7501287460327148,1.0964057445526123,-1.1009743213653564,watch,user3,walk
1763575547232300544,-0.0318139195442199,-0.0761325061321258,0.1822967827320099,1.8868227005004885,1.1404958963394165,-1.0812376737594604,watch,user3,walk
1763575547242299648,-0.0182044506072998,-0.0704706907272338,0.1732073128223419,2.0712521076202397,1.1749248504638672,-1.0800864696502686,watch,user3,walk
1763575547252298496,0.004210352897644,-0.0701642334461212,0.1693852543830871,2.243664264678955,1.2005122900009155,-1.0587948560714722,watch,user3,walk
1763575547262297600,0.0274081230163574,-0.0721855461597442,0.1840932369232177,2.419104814529419,1.2082582712173462,-1.0185374021530151,watch,user3,walk
1763575547272296448,0.0551170706748962,-0.0850284993648529,0.1937050819396972,2.611156225204468,1.1996504068374634,-0.988387167453766,watch,user3,walk
1763575547282295552,0.0866746306419372,-0.1008770763874054,0.1948565244674682,2.7887277603149414,1.1629856824874878,-0.9677810668945312,watch,user3,walk
1763575547292293632,0.1186981797218322,-0.1137760281562805,0.1900041997432708,2.916747808456421,1.134286642074585,-0.9467684626579284,watch,user3,walk
1763575547302292480,0.1438682675361633,-0.126125693321228,0.1794900894165039,3.0005557537078857,1.1063085794448853,-0.9093446135520936,watch,user3,walk
1763575547312291584,0.1592562794685363,-0.1436232030391693,0.1686210632324218,3.020050287246704,1.0998772382736206,-0.8597671985626221,watch,user3,walk
1763575547322290176,0.1606755852699279,-0.1723352372646331,0.1630442142486572,2.926297903060913,1.1265249252319336,-0.824211835861206,watch,user3,walk
1763575547332289280,0.156521737575531,-0.2111067771911621,0.1574878394603729,2.739551544189453,1.1732112169265747,-0.8018918633460999,watch,user3,walk
1763575547342287104,0.1541803479194641,-0.2473190426826477,0.1534550189971923,2.49457049369812,1.206500768661499,-0.7899618744850159,watch,user3,walk
1763575547352286208,0.153292179107666,-0.2603644728660583,0.1505709290504455,2.20671010017395,1.2190802097320557,-0.776647686958313,watch,user3,walk
1763575547362285056,0.15220707654953,-0.2380303144454956,0.1487267911434173,1.9087313413619995,1.201104998588562,-0.7712801694869995,watch,user3,walk
1763575547372284160,0.1531640291213989,-0.1876478791236877,0.1277881264686584,1.6985206604003906,1.1835403442382812,-0.752944827079773,watch,user3,walk
1763575547382283264,0.144909381866455,-0.145214557647705,0.1013041734695434,1.6282747983932495,1.1979601383209229,-0.6982077360153198,watch,user3,walk
1763575547392281088,0.1199064254760742,-0.1256510615348816,0.0812364518642425,1.6792844533920288,1.244560718536377,-0.6261053085327148,watch,user3,walk
1763575547402280192,0.0875446796417236,-0.1239135563373565,0.0644536316394805,1.801700592041016,1.2939411401748655,-0.5636319518089294,watch,user3,walk
1763575547412279040,0.0590092539787292,-0.1327387690544128,0.0603180825710296,1.931082248687744,1.317577838897705,-0.5143064856529236,watch,user3,walk
1763575547422278144,0.0369424819946289,-0.1333415210247039,0.056354135274887,2.013629198074341,1.3174340724945068,-0.4737972617149353,watch,user3,walk
1763575547432277248,0.0224499106407165,-0.1204111576080322,0.056894838809967,2.059987068176269,1.337215542793274,-0.4246012270450592,watch,user3,walk
1763575547442276352,0.0138047933578491,-0.1123383343219757,0.0574192404747009,2.123945713043213,1.3716955184936523,-0.3485180735588074,watch,user3,walk
1763575547452274176,0.0116920471191406,-0.1078238785266876,0.0531290173530578,2.1873106956481934,1.3991320133209229,-0.2467900961637497,watch,user3,walk
1763575547462273024,0.0209519863128662,-0.0903905928134918,0.0461998581886291,2.231640100479126,1.41339111328125,-0.1367084681987762,watch,user3,walk
1763575547472272128,0.0282660126686096,-0.0809939205646514,0.0379396378993988,2.2640316486358643,1.405243158340454,-0.0511552169919014,watch,user3,walk
1763575547482271232,0.0387381911277771,-0.0797081589698791,0.0336281359195709,2.29754900932312,1.3607548475265503,0.0184152722358703,watch,user3,walk
1763575547492270336,0.0497593283653259,-0.0655324459075927,0.0224766284227371,2.3208510875701904,1.3009158372879028,0.0577003583312034,watch,user3,walk
1763575547502268160,0.054606020450592,-0.0335077047348022,0.011554479598999,2.325411558151245,1.2410849332809448,0.0721346959471702,watch,user3,walk
1763575547512267008,0.0505960583686828,-0.0107281804084777,0.0035793185234069,2.340113878250122,1.1920441389083862,0.0833114460110664,watch,user3,walk
1763575547522266112,0.0453910827636718,-0.0018033981323242,-0.007111519575119,2.3537416458129883,1.152729868888855,0.1121958941221237,watch,user3,walk
1763575547532265216,0.0345973968505859,0.0020050406455993,-0.0066362917423248,2.3175368309021,1.1310080289840698,0.1376602500677108,watch,user3,walk
1763575547542264320,0.0234630703926086,-0.002925157546997,0.0047245919704437,2.228146553039551,1.1137512922286987,0.1510562747716903,watch,user3,walk
1763575547552262144,0.0230028629302978,-0.0035147070884704,0.0167638063430786,2.083992719650269,1.0914283990859983,0.1531673520803451,watch,user3,walk
1763575547562260992,0.0278331637382507,-0.0037275552749633,0.0218426287174224,1.9374430179595947,1.0578352212905884,0.1586115360260009,watch,user3,walk
1763575547572260096,0.0319684147834777,-0.000887393951416,0.0196264684200286,1.7991710901260376,1.023497462272644,0.1561944484710693,watch,user3,walk
1763575547582259200,0.027739942073822,0.0064689517021179,0.0193204432725906,1.681688666343689,0.9841211438179016,0.1490756124258041,watch,user3,walk
1763575547592258304,0.0169631242752075,0.0221333801746368,0.0211797356605529,1.585357666015625,0.9476025700569152,0.1386189758777618,watch,user3,walk
1763575547602256128,0.0006481409072875,0.0428471863269805,0.0202547907829284,1.5037418603897097,0.9189317226409912,0.1234813034534454,watch,user3,walk
1763575547612254976,-0.0128424763679504,0.0621668100357055,0.016944795846939,1.4596055746078491,0.9046065807342528,0.1039291694760322,watch,user3,walk
1763575547622254080,-0.0240895152091979,0.081499844789505,0.0098041296005249,1.4796717166900637,0.89571613073349,0.0870326161384582,watch,user3,walk
1763575547632253184,-0.0291579961776733,0.0962446331977844,-0.0004967898130416,1.5617202520370483,0.8869311809539795,0.0619384497404098,watch,user3,walk
1763575547642252288,-0.0307085514068603,0.1117899417877197,-0.0096648335456848,1.6762380599975586,0.8657650947570801,0.0321930684149265,watch,user3,walk
1763575547652251136,-0.0265406966209411,0.1244433224201202,-0.0179746747016906,1.787999153137207,0.8378351926803589,-0.0035047407727688,watch,user3,walk
1763575547662249216,-0.0257253050804138,0.1365306973457336,-0.0254462212324142,1.892820954322815,0.8183331489562988,-0.0603441223502159,watch,user3,walk
1763575547672248064,-0.0298614501953125,0.1449246704578399,-0.0129701197147369,1.9511516094207764,0.8092512488365173,-0.1119689643383026,watch,user3,walk
1763575547682247168,-0.0352746248245239,0.1480858325958252,0.0038083493709564,2.000676155090332,0.7756685018539429,-0.1680726408958435,watch,user3,walk
1763575547692246272,-0.0396761298179626,0.1336762607097625,0.0086188316345214,2.054398775100708,0.7366641163825989,-0.2308673113584518,watch,user3,walk
1763575547702245120,-0.0512493252754211,0.1219525933265686,0.0092676430940628,2.064561128616333,0.7068474888801575,-0.3019367158412933,watch,user3,walk
1763575547712243200,-0.0661636590957641,0.1124818325042724,0.0079680681228637,2.038228988647461,0.6889528632164001,-0.3610815405845642,watch,user3,walk
1763575547722242048,-0.0736071467399597,0.0932396948337555,0.0048484951257705,1.9991040229797363,0.6746519804000854,-0.4220374822616577,watch,user3,walk
1763575547732241152,-0.0764347910881042,0.0751919448375701,-0.0001865029335021,1.9401323795318604,0.6635942459106445,-0.4787745177745819,watch,user3,walk
1763575547742240256,-0.0729259848594665,0.0649942755699157,-0.0022716224193573,1.862175464630127,0.6517460942268372,-0.5254619121551514,watch,user3,walk
1763575547752239104,-0.0592179894447326,0.0594705939292907,-0.005082368850708,1.7729885578155518,0.6394910216331482,-0.5606659650802612,watch,user3,walk
1763575547762237184,-0.0442219972610473,0.0593434870243072,-0.0085675567388534,1.6802573204040527,0.6264973878860474,-0.5774121284484863,watch,user3,walk
1763575547772236032,-0.0267735719680786,0.055439293384552,-0.0145553201436996,1.588100790977478,0.6123634576797485,-0.5879793167114258,watch,user3,walk
1763575547782235136,-0.0089125037193298,0.0494990646839141,-0.0196147561073303,1.4875606298446655,0.5970645546913147,-0.5844929218292236,watch,user3,walk
1763575547792234240,0.0059528946876525,0.0475684702396392,-0.0295717716217041,1.4503775835037231,0.5821870565414429,-0.5801676511764526,watch,user3,walk
1763575547802233344,0.0209312438964843,0.0484039783477783,-0.0370304882526397,1.4448460340499878,0.5852073431015015,-0.5621928572654724,watch,user3,walk
1763575547812231168,0.0421077609062194,0.0652930438518524,-0.0397137403488159,1.3730123043060305,0.57075035572052,-0.5137688517570496,watch,user3,walk
1763575547822230016,0.058561086654663,0.0673156082630157,-0.035712718963623,1.329342246055603,0.5283380150794983,-0.4899269640445709,watch,user3,walk
1763575547832229120,0.0727823972702026,0.0499514043331146,-0.0274201929569244,1.2886260747909546,0.5047456622123718,-0.463125467300415,watch,user3,walk
1763575547842228224,0.0940221548080444,0.0297326445579528,-0.009398341178894,1.2523330450057983,0.5049564838409424,-0.4142065346240997,watch,user3,walk
1763575547852227328,0.1224236488342285,0.0123223066329956,0.0036791712045669,1.2210650444030762,0.4982487857341766,-0.3609132170677185,watch,user3,walk
1763575547862225152,0.1530768275260925,0.0104267299175262,0.0085416436195373,1.1799689531326294,0.4710412323474884,-0.3290362954139709,watch,user3,walk
1763575547872224000,0.1815927624702453,0.021000325679779,0.0148508250713348,1.1542233228683472,0.4379954040050506,-0.3071123659610748,watch,user3,walk
1763575547882223104,0.2001272439956665,0.0289679169654846,0.0205294638872146,1.1679868698120115,0.4040552675724029,-0.2609967887401581,watch,user3,walk
1763575547892222208,0.2070607542991638,0.0298075377941131,0.0232366472482681,1.216002345085144,0.3723450005054474,-0.2115626633167266,watch,user3,walk
1763575547902221312,0.1987873315811157,0.0417935252189636,0.0192321836948394,1.261284351348877,0.3412800431251526,-0.1838200539350509,watch,user3,walk
1763575547912220160,0.1734780669212341,0.0617720484733581,0.0071092247962951,1.2911722660064695,0.3160761594772339,-0.1817630380392074,watch,user3,walk
1763575547922217984,0.1420029997825622,0.0725545585155487,-0.0032348036766052,1.31035315990448,0.3025198578834533,-0.1745392084121704,watch,user3,walk
1763575547932217088,0.1071796417236328,0.0613736808300018,-0.0057870745658874,1.3674182891845703,0.3008865416049957,-0.1789515316486358,watch,user3,walk
1763575547942216192,0.06996351480484,0.0309681296348571,0.0039550215005874,1.424255609512329,0.271685242652893,-0.1840141266584396,watch,user3,walk
1763575547952215296,0.0394242405891418,0.0018030405044555,0.0173869132995605,1.44038724899292,0.236740306019783,-0.2011291980743408,watch,user3,walk
1763575547962214144,0.0064390897750854,-0.0048489570617675,0.0187130570411682,1.3728837966918943,0.2012932896614074,-0.2294423282146453,watch,user3,walk
1763575547972211968,-0.0349031090736389,-0.0171829462051391,0.0367732197046279,1.3094648122787476,0.1567756235599517,-0.2573967278003692,watch,user3,walk
1763575547982211072,-0.0721993446350097,-0.0387259125709533,0.0396975874900817,1.260324239730835,0.1090221181511879,-0.2888422012329101,watch,user3,walk
1763575547992210176,-0.1113506555557251,-0.0450589954853057,0.0462689995765686,1.186501383781433,0.0646874085068702,-0.3315883576869964,watch,user3,walk
1763575548002209280,-0.1508604288101196,-0.0440812110900878,0.0632267892360687,1.1285614967346191,0.02329558506608,-0.3773379921913147,watch,user3,walk
1763575548012208128,-0.1857365369796753,-0.0463154017925262,0.0743318796157836,1.122222661972046,0.0017253118567168,-0.4156371653079986,watch,user3,walk
1763575548022205952,-0.2141744494438171,-0.0466598570346832,0.0785802155733108,1.1431931257247925,0.0014090165495872,-0.4383713006973266,watch,user3,walk
1763575548032205056,-0.2319871187210083,-0.0480522215366363,0.0902933478355407,1.1667355298995972,0.0280944220721721,-0.4518778026103973,watch,user3,walk
1763575548042204160,-0.2271334528923034,-0.042863130569458,0.1013876944780349,1.1932133436203003,0.0504691489040851,-0.451299101114273,watch,user3,walk
1763575548052203264,-0.1896705031394958,-0.0338019430637359,0.1059594750404357,1.2560876607894895,0.0600282996892929,-0.4200828671455383,watch,user3,walk
1763575548062202112,-0.1222192049026489,-0.027256429195404,0.1081675887107849,1.3471455574035645,0.0434660091996192,-0.3503909111022949,watch,user3,walk
1763575548072199936,-0.0510786771774292,-0.0190801322460174,0.1068213582038879,1.414387822151184,0.0234211962670087,-0.273307591676712,watch,user3,walk
1763575548082199040,0.0133169889450073,-0.014575570821762,0.1092382669448852,1.4737707376480105,0.0176584720611572,-0.1913517415523529,watch,user3,walk
1763575548092198144,0.0706146359443664,-0.0093369781970977,0.1081668138504028,1.5011285543441772,0.0213160570710897,-0.1038112416863441,watch,user3,walk
1763575548102197248,0.1191490888595581,-0.0053941309452056,0.1212730109691619,1.471746802330017,0.0244689732789993,-0.0017210886580869,watch,user3,walk
1763575548112196096,0.1550450921058654,-0.0084165632724761,0.1546371281147003,1.399550437927246,0.0083813499659299,0.0911686420440673,watch,user3,walk
1763575548122195200,0.1783363819122314,-0.0156967341899871,0.1821950078010559,1.3271671533584597,-0.027057334780693,0.1558295935392379,watch,user3,walk
1763575548132193024,0.1804341673851013,-0.0079255998134613,0.1941138207912445,1.246137261390686,-0.0627287849783897,0.2043206989765167,watch,user3,walk
1763575548142192128,0.1599112749099731,0.0209620594978332,0.1980578303337097,1.1631932258605957,-0.0813650488853454,0.251570850610733,watch,user3,walk
1763575548152191232,0.1264410018920898,0.0447790324687957,0.1950917243957519,1.1048479080200195,-0.078061394393444,0.2939888834953308,watch,user3,walk
1763575548162190080,0.0910971164703369,0.0436681509017944,0.1926929950714111,1.0882084369659424,-0.0515061318874359,0.3042090833187103,watch,user3,walk
1763575548172189184,0.0615157485008239,0.0258557498455047,0.2010122239589691,1.054243803024292,-0.0362664572894573,0.2974699437618255,watch,user3,walk
1763575548182187008,0.0429110527038574,0.0189860761165618,0.2165317237377166,0.9310840964317322,-0.0355616062879562,0.2652533650398254,watch,user3,walk
1763575548192186112,0.0293678045272827,0.0181587040424346,0.2288649082183838,0.7464689612388611,-0.0385091938078403,0.2204033136367797,watch,user3,walk
1763575548202185216,0.0143682360649108,0.0121999680995941,0.2345516085624694,0.5491385459899902,-0.0392196364700794,0.1809490621089935,watch,user3,walk
1763575548212184064,-0.0071845054626464,0.0052740275859832,0.2280880808830261,0.3527815341949463,-0.0348278172314167,0.1269316375255584,watch,user3,walk
1763575548222183168,-0.029467761516571,0.0030575692653656,0.2118808031082153,0.1514339447021484,-0.0318869762122631,0.0470527745783329,watch,user3,walk
1763575548232180992,-0.0484408736228942,0.0094992816448211,0.2026310861110687,-0.0220896322280168,-0.0109830256551504,-0.0334838777780532,watch,user3,walk
1763575548242180096,-0.063450813293457,0.0156570672988891,0.2019115686416626,-0.1594030261039734,0.0354931280016899,-0.0917109698057174,watch,user3,walk
1763575548252179200,-0.0695521235466003,0.0186982154846191,0.2025179266929626,-0.2444646507501602,0.0829895362257957,-0.1267629563808441,watch,user3,walk
1763575548262178304,-0.0686995983123779,0.0249596536159515,0.195308655500412,-0.2887710332870483,0.129668191075325,-0.1478238999843597,watch,user3,walk
1763575548272177152,-0.0580444931983947,0.0349823534488678,0.1800298392772674,-0.2755425870418548,0.1726846247911453,-0.1645978242158889,watch,user3,walk
1763575548282174976,-0.0447831153869628,0.0463159382343292,0.1575021147727966,-0.1832825094461441,0.2149566262960434,-0.171559989452362,watch,user3,walk
1763575548292174080,-0.0358551740646362,0.0600985586643219,0.1324509084224701,-0.0186895728111267,0.2587397992610931,-0.1569898426532745,watch,user3,walk
1763575548302173184,-0.03421550989151,0.0682107806205749,0.1143348813056945,0.2187326550483703,0.3005113005638122,-0.1190732195973396,watch,user3,walk
1763575548312172288,-0.0442670583724975,0.0734978318214416,0.1025155484676361,0.4185253977775574,0.348864197731018,-0.0925342813134193,watch,user3,walk
1763575548322171392,-0.0538723468780517,0.0687515139579773,0.1009738445281982,0.5637248158454895,0.3796316087245941,-0.0602684877812862,watch,user3,walk
1763575548332169472,-0.0591949820518493,0.0445397198200225,0.0996185839176178,0.6772263646125793,0.3963149785995483,-0.038066778331995,watch,user3,walk
1763575548342168576,-0.0580406785011291,0.0211335718631744,0.0942999422550201,0.7418265342712402,0.4045915305614471,-0.0282580237835645,watch,user3,walk
1763575548352167680,-0.0537739992141723,0.0148319005966186,0.0923311412334442,0.7617757320404053,0.3974577188491821,-0.0067130508832633,watch,user3,walk
1763575548362166528,-0.052678108215332,0.0206468105316162,0.0827386677265167,0.7677208185195923,0.3890797793865204,0.031578280031681,watch,user3,walk
1763575548372165376,-0.0568516850471496,0.0225054025650024,0.0670083463191986,0.781265914440155,0.3817779421806335,0.0610461570322513,watch,user3,walk
1763575548382164480,-0.0652452707290649,0.0231878161430358,0.0520415604114532,0.7922664880752563,0.3816258609294891,0.0895797312259674,watch,user3,walk
1763575548392162560,-0.068130612373352,0.0237068235874176,0.0366449356079101,0.7897253036499023,0.3851247131824493,0.1167271956801414,watch,user3,walk
1763575548402161664,-0.0654149651527404,0.0229832828044891,0.0265180468559265,0.7450201511383057,0.3901700675487518,0.1323307901620865,watch,user3,walk
1763575548412160512,-0.0594266653060913,0.0173973739147186,0.0182499289512634,0.6695709228515625,0.3902377188205719,0.14956995844841,watch,user3,walk
1763575548422159360,-0.0483816266059875,0.0105043053627014,0.0114405453205108,0.5681843161582947,0.3782638609409332,0.1619240343570709,watch,user3,walk
1763575548432158464,-0.0374817252159118,0.0070095360279083,0.0045187175273895,0.4532073438167572,0.3665174543857574,0.1665960103273391,watch,user3,walk
1763575548442156544,-0.0319458842277526,0.009422168135643,-0.003210961818695,0.3292710781097412,0.3583292365074157,0.1607327461242675,watch,user3,walk
1763575548452155648,-0.0230158567428588,0.0194475203752517,-0.0169000327587127,0.2241480946540832,0.3388740718364715,0.1529075801372528,watch,user3,walk
1763575548462154752,-0.0081490874290466,0.0318976789712905,-0.0303602516651153,0.1361085623502731,0.3112434148788452,0.1568648219108581,watch,user3,walk
1763575548472153344,0.0161285996437072,0.0442247688770294,-0.0494177043437957,0.058062769472599,0.2845161855220794,0.1669515520334243,watch,user3,walk
1763575548482152448,0.0377383232116699,0.0515352636575698,-0.0685304999351501,-0.0336564965546131,0.2637741565704345,0.1657387465238571,watch,user3,walk
1763575548492150528,0.0536952018737793,0.059741660952568,-0.0785519480705261,-0.1444282829761505,0.2420978844165802,0.1482809334993362,watch,user3,walk
1763575548502149632,0.0652835369110107,0.0649414956569671,-0.0786415934562683,-0.2419649213552475,0.2132443189620971,0.1397179961204528,watch,user3,walk
1763575548512148736,0.0654453039169311,0.0575604885816574,-0.0796385407447815,-0.265894204378128,0.1877293586730957,0.1375299394130706,watch,user3,walk
1763575548522147584,0.051811397075653,0.0518689751625061,-0.0799625515937805,-0.2444449514150619,0.1706022173166275,0.1126276552677154,watch,user3,walk
1763575548532146432,0.0341589450836181,0.0624698102474212,-0.0807663649320602,-0.2400339543819427,0.1674708724021911,0.0643924847245216,watch,user3,walk
1763575548542144512,0.0177441835403442,0.0753841400146484,-0.0744064152240753,-0.243156686425209,0.1703655570745468,0.0143973603844642,watch,user3,walk
1763575548552143616,0.0149198174476623,0.0780159533023834,-0.0773020088672638,-0.2190111428499221,0.1459869742393493,-0.0110089294612407,watch,user3,walk
1763575548562142720,0.0318198800086975,0.0745069086551666,-0.0940102636814117,-0.1473020017147064,0.1144571900367736,-0.0087410481646656,watch,user3,walk
1763575548572141568,0.0461994409561157,0.069581538438797,-0.1094874143600463,-0.0518884062767028,0.1066155061125755,-0.0119845112785696,watch,user3,walk
1763575548582140416,0.0482575893402099,0.0616717487573623,-0.1201948821544647,0.0221947859972715,0.1049533411860466,-0.0364058315753936,watch,user3,walk
1763575548592138496,0.0618954300880432,0.0535424500703811,-0.1231763809919357,0.0561442300677299,0.1013279780745506,-0.0465985462069511,watch,user3,walk
1763575548602137600,0.0955631732940673,0.0543281733989715,-0.1197996586561203,0.0541222244501113,0.1152632385492324,-0.0401704125106334,watch,user3,walk
1763575548612136704,0.1432098746299743,0.0501659959554672,-0.1090301275253295,0.0481439605355262,0.1400085240602493,0.0033946440089493,watch,user3,walk
1763575548622135552,0.2146133184432983,0.0432722568511962,-0.0981734842061996,0.0011443619150668,0.1542428582906723,0.0589989833533763,watch,user3,walk
1763575548632134400,0.2882283926010132,0.0355121046304702,-0.0851892530918121,-0.1129835397005081,0.1572391837835312,0.105066604912281,watch,user3,walk
1763575548642132480,0.3330680131912231,0.0251277983188629,-0.0680178254842758,-0.2822552919387817,0.1489320695400238,0.1357333064079284,watch,user3,walk
1763575548652131584,0.3356264233589172,0.0112181901931762,-0.0580704808235168,-0.4594114422798157,0.1229867562651634,0.1661356836557388,watch,user3,walk
1763575548662130688,0.3081680536270141,0.0102549791336059,-0.0665650069713592,-0.6027367115020752,0.0633755400776863,0.2094121873378753,watch,user3,walk
1763575548672129536,0.2548366785049438,0.0330938845872879,-0.0728944838047027,-0.6838235855102539,0.0073391664773225,0.2516320943832397,watch,user3,walk
1763575548682128384,0.1723313927650451,0.0532411783933639,-0.0883901417255401,-0.6543577909469604,-0.0301379896700382,0.2676631808280945,watch,user3,walk
1763575548692127488,0.0831695199012756,0.071277379989624,-0.1103688925504684,-0.5671696066856384,-0.0350211635231971,0.2515851557254791,watch,user3,walk
1763575548702125568,-0.0022109150886535,0.081655353307724,-0.1294848620891571,-0.4536118805408478,-0.0329101644456386,0.1965327560901641,watch,user3,walk
1763575548712124672,-0.0743566751480102,0.0802522152662277,-0.1398031711578369,-0.3344074487686157,-0.0366132892668247,0.1300725042819976,watch,user3,walk
1763575548722123520,-0.1205219626426696,0.0716840177774429,-0.1439017057418823,-0.2528979480266571,-0.0621178522706031,0.0584441125392913,watch,user3,walk
1763575548732122368,-0.1508563756942749,0.0592825412750244,-0.1453564614057541,-0.215279996395111,-0.1043880730867385,-0.0144111840054392,watch,user3,walk
1763575548742121472,-0.1775035858154297,0.0451445132493972,-0.1416342854499817,-0.2158730775117874,-0.173746645450592,-0.0988684073090553,watch,user3,walk
1763575548752119552,-0.2031810283660888,0.0333186388015747,-0.1324721574783325,-0.2519839406013489,-0.2435052096843719,-0.1783062368631363,watch,user3,walk
1763575548762118656,-0.2313787937164306,0.0266386568546295,-0.1172141283750534,-0.3037609457969665,-0.3073428869247436,-0.2544667720794678,watch,user3,walk
1763575548772117504,-0.2535992264747619,0.0208471715450286,-0.0971435159444809,-0.3400111198425293,-0.352144718170166,-0.3306073546409607,watch,user3,walk
1763575548782116608,-0.2613750100135803,0.014136716723442,-0.0713063180446624,-0.3010338246822357,-0.3760666251182556,-0.3915030062198639,watch,user3,walk
1763575548792115456,-0.2479962706565857,0.0057189166545867,-0.0444251000881195,-0.1488919705152511,-0.3731515407562256,-0.4228910505771637,watch,user3,walk
1763575548802113536,-0.2118816971778869,-0.0017463564872741,-0.0254516303539276,0.0398913584649562,-0.3530454039573669,-0.4271427690982818,watch,user3,walk
1763575548812112640,-0.1627096533775329,0.0047916769981384,-0.0142889469861984,0.1548576205968856,-0.3372461795806885,-0.4057509303092956,watch,user3,walk
1763575548822111488,-0.1022381782531738,0.0035042166709899,-0.0037007331848144,0.1944035142660141,-0.3283479213714599,-0.4354325234889984,watch,user3,walk
1763575548832110592,-0.0437113046646118,-0.0113869309425354,0.006326287984848,0.2147497981786728,-0.350161612033844,-0.4715116918087005,watch,user3,walk
1763575548842109440,0.0280137658119201,-0.0198742151260375,0.0067510902881622,0.2038097232580185,-0.3886539936065674,-0.4684714078903198,watch,user3,walk
1763575548852107520,0.0922467112541198,-0.0202976167201995,0.0190852880477905,0.1406456679105758,-0.4157756268978119,-0.4245750606060028,watch,user3,walk
1763575548862106624,0.1388702988624572,-0.0260335505008697,0.0431543588638305,0.0233387909829616,-0.4415287375450134,-0.378629207611084,watch,user3,walk
1763575548872105472,0.1557956933975219,-0.0389831662178039,0.0688512623310089,-0.1349107772111892,-0.4649163484573364,-0.3377829790115356,watch,user3,walk
1763575548882104576,0.1471849679946899,-0.0551710426807403,0.0911496579647064,-0.3335016667842865,-0.4671842157840729,-0.3048450946807861,watch,user3,walk
1763575548892103424,0.1187378168106079,-0.0711593329906463,0.1137829422950744,-0.5513026714324951,-0.460368663072586,-0.2659347057342529,watch,user3,walk
1763575548902101504,0.084642469882965,-0.0813497006893158,0.1314809918403625,-0.7794277667999268,-0.4378334283828735,-0.2377960681915283,watch,user3,walk
1763575548912100608,0.0501006245613098,-0.0789372622966766,0.1389911472797393,-0.9824437499046326,-0.416503369808197,-0.201991468667984,watch,user3,walk
1763575548922099712,0.0213348865509033,-0.0760710835456848,0.1366946995258331,-1.1269608736038208,-0.3967984318733215,-0.171692818403244,watch,user3,walk
1763575548932098560,-0.0074996352195739,-0.0708286464214325,0.1293398439884185,-1.1918865442276,-0.3852235376834869,-0.1387479156255722,watch,user3,walk
1763575548942097408,-0.0378738641738891,-0.0597856938838958,0.11546191573143,-1.215538740158081,-0.3581219911575317,-0.1063649430871009,watch,user3,walk
1763575548952095488,-0.0701756477355957,-0.0468388199806213,0.1030260324478149,-1.2207878828048706,-0.3087640106678009,-0.0928102508187294,watch,user3,walk
1763575548962094592,-0.0970628857612609,-0.0339076220989227,0.0970480144023895,-1.16864275932312,-0.252767413854599,-0.0948451086878776,watch,user3,walk
1763575548972093696,-0.1120999455451965,-0.0297669470310211,0.088792860507965,-1.0635507106781006,-0.200624331831932,-0.0905954986810684,watch,user3,walk
1763575548982092544,-0.1164469122886657,-0.0308146774768829,0.0833103060722351,-0.8868210911750793,-0.1506940573453903,-0.0727630406618118,watch,user3,walk
1763575548992091392,-0.1105159521102905,-0.0368035435676574,0.0806356370449066,-0.6565353870391846,-0.1107213348150253,-0.0426064729690551,watch,user3,walk
1763575549002089472,-0.1013490557670593,-0.0418495237827301,0.0786641240119934,-0.423820823431015,-0.079171136021614,-0.0225906167179346,watch,user3,walk
1763575549012088576,-0.0867376327514648,-0.0365001857280731,0.0631711781024932,-0.2157789468765258,-0.0546554066240787,-0.0094995833933353,watch,user3,walk
1763575549022087680,-0.0748944878578186,-0.0263139903545379,0.0445748269557952,-0.0389692783355712,-0.0146669764071702,-0.0054036411456763,watch,user3,walk
1763575549032086528,-0.0578563213348388,-0.0079493522644042,0.0502455830574035,0.0954186171293258,0.0444477424025535,0.0103028835728764,watch,user3,walk
1763575549042085632,-0.0318489670753479,0.0065666437149047,0.0586875975131988,0.1890785843133926,0.0881341472268104,0.0435361377894878,watch,user3,walk
1763575549052084480,-0.0065574645996093,0.0070334672927856,0.0654113888740539,0.275368183851242,0.1141116842627525,0.083621509373188,watch,user3,walk
1763575549062082560,0.0085019469261169,-0.0153868794441223,0.0667462348937988,0.3362318873405456,0.1298313438892364,0.0997763723134994,watch,user3,walk
1763575549072081664,0.006703495979309,-0.0432026088237762,0.0533811151981353,0.3650936484336853,0.1451293379068374,0.1220361366868019,watch,user3,walk
1763575549082080512,0.0042775273323059,-0.0546801686286926,0.0283499360084533,0.3457487821578979,0.1663995683193206,0.1432050764560699,watch,user3,walk
1763575549092079616,-0.0005574226379394,-0.0519954562187194,0.0127656757831573,0.2762618660926819,0.1815827786922454,0.1605843305587768,watch,user3,walk
1763575549102078464,-0.0020968317985534,-0.0423870980739593,0.0062256455421447,0.2146659642457962,0.1855781525373459,0.1785452216863632,watch,user3,walk
1763575549112076544,-0.0050349831581115,-0.0320548117160797,-0.0040655434131622,0.1826901882886886,0.1878799200057983,0.1883299350738525,watch,user3,walk
1763575549122075648,-0.0099936127662658,-0.0173822343349456,-0.0131531357765197,0.1936836689710617,0.1902086734771728,0.1985313892364502,watch,user3,walk
1763575549132074496,-0.0149086713790893,0.0100893080234527,-0.0296571850776672,0.2598712146282196,0.1796300709247589,0.2080860137939453,watch,user3,walk
1763575549142073600,-0.0209623575210571,0.0357181131839752,-0.0374702662229537,0.4130824208259582,0.1548523604869842,0.2329317033290863,watch,user3,walk
1763575549152072448,-0.0291290879249572,0.041494220495224,-0.054731473326683,0.6594069600105286,0.1308042854070663,0.2576900422573089,watch,user3,walk
1763575549162070528,-0.0447204113006591,0.0485482215881347,-0.0879417955875396,0.8942393660545349,0.1518160104751587,0.2530615925788879,watch,user3,walk
1763575549172069632,-0.0801640152931213,0.0546081066131591,-0.1009646356105804,1.0780377388000488,0.2280444651842117,0.2156700193881988,watch,user3,walk
1763575549182068480,-0.1114061474800109,0.0518889427185058,-0.0966018140316009,1.1998294591903689,0.3058837652206421,0.1729063093662262,watch,user3,walk
1763575549192067584,-0.1153150200843811,0.0484192967414855,-0.0803874135017395,1.2809818983078003,0.3545533120632171,0.1514873057603836,watch,user3,walk
1763575549202066432,-0.092128038406372,0.0449049174785614,-0.0607999563217163,1.3614768981933594,0.3539714217185974,0.1461451947689056,watch,user3,walk
1763575549212064512,-0.0589285492897033,0.0398907959461212,-0.052098125219345,1.466405153274536,0.3237394988536834,0.1489407122135162,watch,user3,walk
1763575549222063616,-0.0280337333679199,0.0457926392555236,-0.0638886392116546,1.5991002321243286,0.2925583124160766,0.1529542356729507,watch,user3,walk
1763575549232062464,-0.0145173072814941,0.0563821494579315,-0.0723341107368469,1.737647533416748,0.280280590057373,0.1555665284395218,watch,user3,walk
1763575549242061568,-0.0081195831298828,0.0573096573352813,-0.0805175602436065,1.8490291833877563,0.2716121971607208,0.1500393450260162,watch,user3,walk
1763575549252060672,-0.0066467523574829,0.0544943511486053,-0.0905813872814178,1.883108377456665,0.2806538939476013,0.1312451511621475,watch,user3,walk
1763575549262058496,-0.0048447847366333,0.0509465038776397,-0.089367002248764,1.8278228044509888,0.2926580011844635,0.114609383046627,watch,user3,walk
1763575549272057600,0.0056384801864624,0.0410004705190658,-0.0899370312690734,1.6825941801071167,0.3176360428333282,0.1181500554084777,watch,user3,walk
1763575549282056448,0.0180502533912658,0.0148277133703231,-0.0728561580181121,1.5357288122177124,0.327094703912735,0.1290962547063827,watch,user3,walk
1763575549292055552,0.0460370182991027,-0.0036449879407882,-0.0600582957267761,1.3894435167312622,0.3300960958003998,0.1297647058963775,watch,user3,walk
1763575549302054656,0.0947719812393188,0.0089694559574127,-0.0478895604610443,1.240042805671692,0.3355449140071869,0.128483384847641,watch,user3,walk
1763575549312052480,0.1625893712043762,0.0382157415151596,-0.0529030263423919,0.969550609588623,0.308632880449295,0.170097678899765,watch,user3,walk
1763575549322052352,0.2462360858917236,0.0143843740224838,-0.1243854463100433,0.949371576309204,0.3814612925052643,0.2248748987913131,watch,user3,walk
1763575549332051200,0.268246054649353,-0.0155705213546752,-0.1125746965408325,0.8623788952827454,0.3989137709140777,0.1145462691783905,watch,user3,walk
1763575549342050304,0.2977499961853027,0.10288867354393,-0.0602760016918182,0.6315629482269287,0.3111335933208465,0.0964277163147926,watch,user3,walk
1763575549352049408,0.3082340955734253,0.1703988760709762,-0.0606201887130737,0.5509195327758789,0.2714415788650512,0.1617675721645355,watch,user3,walk
1763575549362047232,0.224651038646698,0.1199283897876739,-0.095277339220047,0.6418899893760681,0.32118621468544,0.1560252010822296,watch,user3,walk
1763575549372046336,0.1154443025588989,0.0999172925949096,-0.0876817107200622,0.73483806848526,0.3765213787555694,0.0857592895627021,watch,user3,walk
1763575549382045184,0.0480569005012512,0.1108213365077972,-0.059090256690979,0.8101525902748108,0.3857051730155945,-0.0005859162774868,watch,user3,walk
1763575549392044288,0.0150051116943359,0.1350440382957458,-0.0368493497371673,0.8771918416023254,0.3748093843460083,-0.0633129477500915,watch,user3,walk
1763575549402043392,-0.0057021379470825,0.1656959056854248,-0.0216739177703857,0.9242467880249025,0.3718336820602417,-0.0895689204335212,watch,user3,walk
1763575549412041216,-0.0335457921028137,0.176810160279274,-0.0110083073377609,1.0116360187530518,0.3929892778396606,-0.1204535961151123,watch,user3,walk
1763575549422040320,-0.0658808350563049,0.1701153069734573,-0.0097409188747406,1.1322216987609863,0.4083916246891022,-0.1631398200988769,watch,user3,walk
1763575549432039168,-0.0955754518508911,0.1643608510494232,-0.0073696970939636,1.242651343345642,0.3958422541618347,-0.2151846438646316,watch,user3,walk
1763575549442038272,-0.1169297099113464,0.1660299301147461,-0.0054337382316589,1.3673549890518188,0.3460895419120788,-0.2800930440425873,watch,user3,walk
1763575549452037376,-0.132621943950653,0.185668483376503,-0.0093434303998947,1.5368865728378296,0.29302579164505,-0.3448866903781891,watch,user3,walk
1763575549462035200,-0.1563453078269958,0.2143086940050125,0.001746654510498,1.788116693496704,0.2610961496829986,-0.3864039182662964,watch,user3,walk
1763575549472034304,-0.1834372282028198,0.2299579083919525,0.0183901935815811,2.0624308586120605,0.266262412071228,-0.4259665012359619,watch,user3,walk
1763575549482033152,-0.2131633162498474,0.2300120741128921,0.0441695153713226,2.274116039276123,0.2792968153953552,-0.4664876759052276,watch,user3,walk
1763575549492032256,-0.2295060157775879,0.2171341329813003,0.0611701160669326,2.395693063735962,0.2793340981006622,-0.5151207447052002,watch,user3,walk
1763575549502031360,-0.2145990133285522,0.2154136598110199,0.0689240097999572,2.452824831008911,0.231814444065094,-0.5549647212028503,watch,user3,walk
1763575549512030464,-0.1615540981292724,0.2382790148258209,0.0609991550445556,2.5849814414978027,0.1246831938624382,-0.5928140878677368,watch,user3,walk
1763575549522028288,-0.0875604152679443,0.2956829071044922,0.0360469222068786,2.832679510116577,0.0101970937103033,-0.6278354525566101,watch,user3,walk
1763575549532027136,-0.0247821807861328,0.3741956949234009,0.0236518383026123,3.099120855331421,-0.0365768037736415,-0.6652281284332275,watch,user3,walk
1763575549542026240,0.0090072154998779,0.4350693225860595,0.0290661752223968,3.3609116077423096,-0.0145110040903091,-0.7057624459266663,watch,user3,walk
1763575549552025344,0.0319951176643371,0.454666256904602,0.053541362285614,3.618709087371826,0.004106621723622,-0.7547856569290161,watch,user3,walk
1763575549562024448,0.0526793599128723,0.4501497149467468,0.0667977035045623,3.8137526512146,-0.0222977325320243,-0.8378427028656006,watch,user3,walk
1763575549572022272,0.0685904622077941,0.4526856541633606,0.0672242641448974,3.900154829025269,-0.0706149339675903,-0.9486733675003052,watch,user3,walk
1763575549582021120,0.0741385817527771,0.467378705739975,0.0719495117664337,3.948103427886963,-0.1641780883073806,-1.0608841180801392,watch,user3,walk
1763575549592020224,0.0793263912200927,0.4974085390567779,0.0609875917434692,4.011500835418701,-0.273710161447525,-1.1679987907409668,watch,user3,walk
1763575549602019328,0.0736451148986816,0.5329268574714661,0.0430153906345367,4.111308097839356,-0.3341757357120514,-1.2816826105117798,watch,user3,walk
1763575549612018432,0.0454369783401489,0.5525525808334351,0.035569280385971,4.223114490509033,-0.3518207669258117,-1.426842212677002,watch,user3,walk
1763575549622016256,0.0244550108909606,0.5601705312728882,0.0391500890254974,4.290696144104004,-0.3904218673706054,-1.5760999917984009,watch,user3,walk
1763575549632015104,0.0129861831665039,0.5585054159164429,0.0471956431865692,4.366046905517578,-0.4217393100261688,-1.6991183757781982,watch,user3,walk
1763575549642014208,0.0039354562759399,0.5315757393836975,0.0830364525318145,4.49944543838501,-0.4400850236415863,-1.7705060243606567,watch,user3,walk
1763575549652013312,-0.0020512342453002,0.4721063375473022,0.1049554944038391,4.625701904296875,-0.4680894911289215,-1.8481000661849976,watch,user3,walk
1763575549662012416,-0.0105593800544738,0.4122994542121887,0.1039065420627594,4.605083465576172,-0.5227754712104797,-2.0072617530822754,watch,user3,walk
1763575549672010240,-0.0102642774581909,0.3900394439697265,0.1008222699165344,4.459825038909912,-0.6260212063789368,-2.1806986331939697,watch,user3,walk
1763575549682009344,0.0184049010276794,0.3993363082408905,0.088160216808319,4.301514148712158,-0.7226897478103638,-2.2980403900146484,watch,user3,walk
1763575549692008192,0.0447536706924438,0.3975329399108886,0.0667369961738586,4.151574611663818,-0.815695583820343,-2.357422351837158,watch,user3,walk
1763575549702007296,0.0637081861495971,0.3833924531936645,0.0309026837348938,4.074988842010498,-0.8745522499084473,-2.376073122024536,watch,user3,walk
1763575549712006400,0.0649507045745849,0.3749763667583465,-0.0022971034049987,4.0552287101745605,-0.9189373254776,-2.3750391006469727,watch,user3,walk
1763575549722004224,0.0617725253105163,0.3574118018150329,-0.0145420134067535,4.04256534576416,-0.9732138514518738,-2.3927981853485107,watch,user3,walk
1763575549732003328,0.0685117244720459,0.3241271376609802,-0.0048998594284057,4.015003204345703,-1.042521595954895,-2.415463447570801,watch,user3,walk
1763575549742002176,0.0830460786819458,0.2888729572296142,0.0154947042465209,3.992342710494995,-1.1113711595535278,-2.4258837699890137,watch,user3,walk
1763575549752001280,0.097613513469696,0.2509111762046814,0.0436533093452453,3.9897751808166495,-1.172769546508789,-2.410364866256714,watch,user3,walk
1763575549762000384,0.1115363240242004,0.2274892330169677,0.0597910284996032,3.9923996925354,-1.2298402786254885,-2.389522790908813,watch,user3,walk
1763575549771998464,0.1271498799324035,0.223366692662239,0.0658997297286987,3.9889395236968994,-1.274786114692688,-2.379328966140747,watch,user3,walk
1763575549781997312,0.1460875272750854,0.2290189266204834,0.0725505948066711,3.955009937286377,-1.291735291481018,-2.3604443073272705,watch,user3,walk
1763575549791996160,0.1634522676467895,0.2151431441307068,0.0805010199546814,3.8976221084594727,-1.309458613395691,-2.3175718784332275,watch,user3,walk
1763575549801995264,0.1820383667945861,0.1845824569463729,0.0818141102790832,3.770827293395996,-1.3445165157318115,-2.258111000061035,watch,user3,walk
1763575549811994368,0.1915071010589599,0.1508376747369766,0.091878592967987,3.581655502319336,-1.3985559940338137,-2.2036373615264893,watch,user3,walk
1763575549821992448,0.1942830085754394,0.1234202086925506,0.1103313565254211,3.3412771224975586,-1.4384112358093262,-2.1511945724487305,watch,user3,walk
1763575549831991296,0.1894055604934692,0.0914501249790191,0.1344518065452575,3.074182271957397,-1.4789469242095947,-2.097064971923828,watch,user3,walk
1763575549841990144,0.1775883436203003,0.0606545209884643,0.1674761772155761,2.8047869205474854,-1.5191535949707031,-2.0373990535736084,watch,user3,walk
1763575549851989248,0.160193383693695,0.0347973406314849,0.1948151588439941,2.5563132762908936,-1.561302661895752,-1.982844591140747,watch,user3,walk
1763575549861988352,0.1460010409355163,0.0107650607824325,0.2044141888618469,2.336930274963379,-1.58862566947937,-1.9391443729400637,watch,user3,walk
1763575549871986432,0.1287132501602172,-0.0016835033893585,0.1996269226074218,2.156914234161377,-1.6005361080169678,-1.880445122718811,watch,user3,walk
1763575549881985280,0.1162235736846923,-0.0098173767328262,0.1922699809074401,2.016995906829834,-1.6120576858520508,-1.815865993499756,watch,user3,walk
1763575549891984128,0.1096855998039245,-0.0131332129240036,0.1840786933898925,1.910589575767517,-1.6243301630020142,-1.7428287267684937,watch,user3,walk
1763575549901983232,0.1090248227119445,0.0005594342947006,0.1624268889427185,1.7879914045333862,-1.614237904548645,-1.6668087244033811,watch,user3,walk
1763575549911982336,0.110312819480896,0.010700985789299,0.1694846153259277,1.7037383317947388,-1.592637538909912,-1.5936816930770874,watch,user3,walk
1763575549921980416,0.1226224899291992,0.004116453230381,0.1716883182525634,1.6365125179290771,-1.558708906173706,-1.519319772720337,watch,user3,walk
1763575549931979264,0.1213963031768798,-0.0094163715839385,0.1804624795913696,1.5613967180252075,-1.5152466297149658,-1.455871820449829,watch,user3,walk
1763575549941978112,0.1110039353370666,-0.0220917463302612,0.1930938363075256,1.4700167179107666,-1.455937147140503,-1.3893368244171145,watch,user3,walk
1763575549951977216,0.1013736724853515,-0.0380096361041069,0.2105328440666198,1.389457106590271,-1.387397527694702,-1.3253628015518188,watch,user3,walk
1763575549961976320,0.0911802649497985,-0.0464774593710899,0.2164652943611145,1.3151905536651611,-1.317102074623108,-1.2732101678848269,watch,user3,walk
1763575549971974400,0.0924358963966369,-0.0414903461933136,0.2153307199478149,1.2336981296539309,-1.242372751235962,-1.195033311843872,watch,user3,walk
1763575549981973248,0.1010581254959106,-0.022409938275814,0.2008734941482544,1.1557974815368652,-1.156091809272766,-1.1024607419967651,watch,user3,walk
1763575549991972096,0.105709969997406,-0.0137399137020111,0.1872547268867492,1.097550392150879,-1.0809824466705322,-1.045615792274475,watch,user3,walk
1763575550001971200,0.1106916666030883,-0.0091300159692764,0.1757060289382934,1.024221420288086,-1.000473976135254,-0.9836384057998656,watch,user3,walk
1763575550011970304,0.1135790348052978,-0.0056969970464706,0.1707819700241089,0.9411534070968628,-0.913247287273407,-0.9317477345466614,watch,user3,walk
1763575550021969408,0.1138606667518615,-0.0085825026035308,0.1667705774307251,0.8602128028869629,-0.8068041801452637,-0.8709790706634521,watch,user3,walk
1763575550031967488,0.1217966079711914,-0.0074258670210838,0.1580713987350464,0.7685531973838806,-0.6966294646263123,-0.7818185687065125,watch,user3,walk
1763575550041966080,0.1346468329429626,-0.0124654173851013,0.1470105648040771,0.6612346172332764,-0.6052191257476807,-0.6838013529777527,watch,user3,walk
1763575550051965184,0.1475943326950073,-0.0210603922605514,0.1243319511413574,0.5105899572372437,-0.5530794858932495,-0.6041965484619141,watch,user3,walk
1763575550061964288,0.1544637084007263,-0.0125165283679962,0.1028394699096679,0.3057806491851806,-0.5197408199310303,-0.5713976621627808,watch,user3,walk
1763575550071963392,0.1494952738285064,0.0076570212841033,0.1012744307518005,0.0776159241795539,-0.5030944347381592,-0.5781322717666626,watch,user3,walk
1763575550081961472,0.1348273754119873,0.0227305963635444,0.1083372831344604,-0.0993756279349327,-0.4879077672958374,-0.6012707948684692,watch,user3,walk
1763575550091960064,0.1115608513355255,0.0283115580677986,0.1089464426040649,-0.1924270242452621,-0.4525873363018036,-0.6405388116836548,watch,user3,walk
1763575550101959168,0.0804067850112915,0.0279413238167762,0.106353223323822,-0.1778375953435897,-0.3966680467128753,-0.6940562129020691,watch,user3,walk
1763575550111958272,0.0491576492786407,0.0300120413303375,0.1008608937263488,-0.0772566571831703,-0.3323273956775665,-0.7431470155715942,watch,user3,walk
1763575550121957376,0.0214190483093261,0.0331776142120361,0.0850874781608581,0.0695104598999023,-0.2675671577453613,-0.7779324054718018,watch,user3,walk
1763575550131955456,-0.0002442300319671,0.0352338030934333,0.071914792060852,0.2333366721868515,-0.2045887112617492,-0.8012558221817017,watch,user3,walk
1763575550141954304,-0.0139813423156738,0.0330132618546485,0.0584877729415893,0.3905021250247955,-0.150000661611557,-0.8155385851860046,watch,user3,walk
1763575550151953152,-0.024857759475708,0.0277494937181472,0.0552430152893066,0.511031448841095,-0.1193282231688499,-0.8075070381164551,watch,user3,walk
1763575550161952256,-0.0282317698001861,0.0173375010490417,0.0546857714653015,0.583753764629364,-0.1138956472277641,-0.7856801152229309,watch,user3,walk
1763575550171951360,-0.0366134643554687,0.0065991878509521,0.0580496788024902,0.6054528951644897,-0.1110372766852378,-0.7704273462295532,watch,user3,walk
1763575550181949440,-0.0517393052577972,-0.0030643045902252,0.0661194920539856,0.5885685086250305,-0.1153764575719833,-0.7618948817253113,watch,user3,walk
1763575550191948288,-0.0659767687320709,-0.0023500993847846,0.0784013271331787,0.5542550086975098,-0.1092149689793586,-0.7447404265403748,watch,user3,walk
1763575550201947136,-0.0803648829460144,-0.0015919059514999,0.09538334608078,0.5228580832481384,-0.0908151790499687,-0.7290289402008057,watch,user3,walk
1763575550211946240,-0.1028902828693389,-0.0058197304606437,0.1066012382507324,0.5184084177017212,-0.0694901868700981,-0.6988015174865723,watch,user3,walk
1763575550221945344,-0.1197836995124816,-0.0095942020416259,0.088191270828247,0.5510658025741577,-0.0495861694216728,-0.6671756505966187,watch,user3,walk
1763575550231943424,-0.130538135766983,-0.0031497925519943,0.0591478943824768,0.5866488218307495,-0.0324260890483856,-0.6336496472358704,watch,user3,walk
1763575550241942272,-0.1238763332366943,0.0180398970842361,0.0396345853805542,0.6048881411552429,-0.0303789172321558,-0.6032752990722656,watch,user3,walk
1763575550251941120,-0.1072559356689453,0.0370183959603309,0.0304657220840454,0.5852822065353394,-0.0443163029849529,-0.5759323239326477,watch,user3,walk
1763575550261940224,-0.086003839969635,0.0481085702776908,0.0288277268409729,0.5441923141479492,-0.0591567680239677,-0.5507030487060547,watch,user3,walk
1763575550271939328,-0.0693960189819336,0.0460819527506828,0.0303168892860412,0.4962583780288696,-0.0684107169508934,-0.5151175856590271,watch,user3,walk
1763575550281937408,-0.0544403493404388,0.0402207374572753,0.0303235650062561,0.4487316310405731,-0.0804578810930252,-0.4776135683059692,watch,user3,walk
1763575550291936512,-0.0411586463451385,0.0423184782266616,0.0277995467185974,0.4049125015735626,-0.0997751206159591,-0.439446747303009,watch,user3,walk
1763575550301935104,-0.0226160585880279,0.0597861260175704,0.0188562870025634,0.3655603229999542,-0.1189331039786338,-0.4257497191429138,watch,user3,walk
1763575550311934208,-0.0078293979167938,0.0723820179700851,0.0142757296562194,0.3406869173049927,-0.124558500945568,-0.434329628944397,watch,user3,walk
1763575550321933312,0.0059281587600708,0.0812211632728576,-0.0025378465652465,0.3205825388431549,-0.1343676298856735,-0.4248674213886261,watch,user3,walk
1763575550331931136,0.0185522437095642,0.0899728015065193,-0.0298462510108947,0.3081229329109192,-0.136627584695816,-0.3970637619495392,watch,user3,walk
1763575550341930240,0.0351343750953674,0.0999109894037246,-0.0450589060783386,0.2925646603107452,-0.1416131258010864,-0.3851833939552307,watch,user3,walk
1763575550351929088,0.0532854497432708,0.102209135890007,-0.0498939752578735,0.2629697620868683,-0.1660351157188415,-0.3770596981048584,watch,user3,walk
1763575550361928192,0.0759533047676086,0.1013107225298881,-0.05171799659729,0.2089056372642517,-0.2022232860326767,-0.366515964269638,watch,user3,walk
1763575550371927296,0.0889304280281066,0.1060422882437706,-0.052516222000122,0.1366495490074157,-0.2451363950967788,-0.3808320462703705,watch,user3,walk
1763575550381925120,0.0920436382293701,0.1120699569582939,-0.0531415343284606,0.0647856518626213,-0.2879417538642883,-0.412509560585022,watch,user3,walk
1763575550391924224,0.0959384441375732,0.1224013045430183,-0.0578156113624572,0.0167504847049713,-0.3361140787601471,-0.4265324175357818,watch,user3,walk
1763575550401923072,0.0997985899448394,0.1265516877174377,-0.0557499527931213,-0.0198086779564619,-0.3790461719036102,-0.4365911781787872,watch,user3,walk
1763575550411922176,0.0915686786174774,0.1126404777169227,-0.0430139899253845,-0.0625670626759529,-0.4208405017852783,-0.4467021524906158,watch,user3,walk
1763575550421921280,0.0783331990242004,0.0906265303492546,-0.0267056822776794,-0.1123343035578727,-0.4507137835025787,-0.4773612022399902,watch,user3,walk
1763575550431919104,0.0572108924388885,0.0740715265274047,-0.011410117149353,-0.1526889204978943,-0.4705785810947418,-0.5175318121910095,watch,user3,walk
1763575550441918208,0.0347674190998077,0.0655360892415046,-0.008071482181549,-0.1642967611551284,-0.4766281247138977,-0.5593926906585693,watch,user3,walk
1763575550451917056,0.0157340168952941,0.0615146905183792,0.0039988160133361,-0.140143483877182,-0.4857246875762939,-0.6029910445213318,watch,user3,walk
1763575550461916160,0.002619594335556,0.057141825556755,0.0012681484222412,-0.0977827087044715,-0.4923272132873535,-0.6671441793441772,watch,user3,walk
1763575550471915264,-0.0036317408084869,0.0489847436547279,0.012459397315979,-0.0304297655820846,-0.4872663915157318,-0.7204580307006836,watch,user3,walk
1763575550481913088,-0.0084036588668823,0.0318140387535095,0.0266435146331787,0.0611979775130748,-0.4465612173080444,-0.7644878029823303,watch,user3,walk
1763575550491912192,-0.0128529667854309,0.0211413353681564,0.0224380493164062,0.1640646904706955,-0.3874824643135071,-0.8123647570610046,watch,user3,walk
1763575550501911040,-0.0221120119094848,0.0170609131455421,0.0138095617294311,0.243342250585556,-0.3371905982494354,-0.8365878462791443,watch,user3,walk
1763575550511910144,-0.0311919152736663,0.011230930685997,0.0228381752967834,0.2952880263328552,-0.2985478639602661,-0.8200528025627136,watch,user3,walk
1763575550521909248,-0.0435799658298492,-0.0102468281984329,0.0318540930747985,0.3354003727436065,-0.259167343378067,-0.7853189706802368,watch,user3,walk
1763575550531907072,-0.0471691489219665,-0.034903384745121,0.0440537929534912,0.339028388261795,-0.22781503200531,-0.7436364889144897,watch,user3,walk
1763575550541906176,-0.0396286249160766,-0.0602689757943153,0.0605909824371337,0.2953222393989563,-0.2158599197864532,-0.7189156413078308,watch,user3,walk
1763575550551905280,-0.0339913070201873,-0.0795562863349914,0.0719496607780456,0.2246379554271698,-0.2094448953866958,-0.6989275217056274,watch,user3,walk
1763575550561904128,-0.0319849848747253,-0.08836530148983,0.0710412263870239,0.1834034174680709,-0.1752499043941497,-0.6895498633384705,watch,user3,walk
1763575550571903232,-0.0276997685432434,-0.0928425565361976,0.0385709404945373,0.1513751894235611,-0.1350308358669281,-0.6839921474456787,watch,user3,walk
1763575550581901056,-0.0326809287071228,-0.0923230424523353,0.0238804817199707,0.1063044294714927,-0.107222206890583,-0.6844451427459717,watch,user3,walk
1763575550591900160,-0.0399079024791717,-0.0714021772146225,0.0288869142532348,0.0505149289965629,-0.0895950123667717,-0.7009360194206238,watch,user3,walk
1763575550601899264,-0.0303285121917724,-0.0226719677448272,0.0213314890861511,-0.0008828806458041,-0.1129224449396133,-0.7443928718566895,watch,user3,walk
1763575550611898112,-0.0050280392169952,0.0126318931579589,0.0266572833061218,-0.0273789353668689,-0.154486671090126,-0.753915011882782,watch,user3,walk
1763575550621897216,0.0179755389690399,0.0210074037313461,0.0129005312919616,0.004339178558439,-0.1650346517562866,-0.7651100754737854,watch,user3,walk
1763575550631895040,0.0287462770938873,0.0199143812060356,-0.0220927596092224,0.0613468065857887,-0.1466452628374099,-0.812820315361023,watch,user3,walk
1763575550641894144,0.0252103805541992,0.0228432267904281,-0.0303497314453125,0.1340312659740448,-0.1296798586845398,-0.8833281397819519,watch,user3,walk
1763575550651893248,0.0196272730827331,0.0310772135853767,-0.0302643775939941,0.2206945121288299,-0.1298295259475708,-0.9266862273216248,watch,user3,walk
1763575550661892096,0.0223914980888366,0.0396621972322464,-0.021289050579071,0.3024301528930664,-0.1461171358823776,-0.9503656029701232,watch,user3,walk
1763575550671891200,0.029264211654663,0.0300056487321853,-0.0067706108093261,0.363133430480957,-0.1735828518867492,-0.975184977054596,watch,user3,walk
1763575550681889024,0.0393628180027008,0.011931262910366,-0.00816410779953,0.3780624270439148,-0.1802338361740112,-1.0270541906356812,watch,user3,walk
1763575550691888128,0.0319558382034301,-0.0072263330221176,0.005177617073059,0.343300998210907,-0.163344606757164,-1.0810548067092896,watch,user3,walk
1763575550701887232,0.0191361606121063,-0.0234035924077034,0.0285342931747436,0.3093539178371429,-0.1480454504489898,-1.0867164134979248,watch,user3,walk
1763575550711886080,0.0166470110416412,-0.0405882000923156,0.0376065373420715,0.2761909067630768,-0.1546442210674286,-1.067933201789856,watch,user3,walk
1763575550721885184,0.0244867503643035,-0.0435904264450073,0.0408906936645507,0.2432354539632797,-0.1746834516525268,-1.0475656986236572,watch,user3,walk
1763575550731883008,0.0314416587352752,-0.0431188493967056,0.0435448884963989,0.2065038084983825,-0.1891553401947021,-1.0395251512527466,watch,user3,walk
1763575550741882112,0.0375354886054992,-0.0454923659563064,0.0453460216522216,0.1797845959663391,-0.2035273611545562,-1.0396437644958496,watch,user3,walk
1763575550751881216,0.0403505861759185,-0.0433870181441307,0.0405900478363037,0.176222339272499,-0.1983730792999267,-1.0525203943252563,watch,user3,walk
1763575550761880064,0.0349239110946655,-0.0315540358424186,0.0432573556900024,0.2015338689088821,-0.1734715402126312,-1.0686701536178589,watch,user3,walk
1763575550771879168,0.032055377960205,-0.0074274167418479,0.0388104915618896,0.2520425915718078,-0.1419652700424194,-1.0670645236968994,watch,user3,walk
1763575550781878272,0.0295360088348388,0.0171491652727127,0.0283952355384826,0.3158433437347412,-0.104829803109169,-1.0529922246932983,watch,user3,walk
1763575550791876096,0.0318230092525482,0.0375317260622978,0.0138737559318542,0.3590499460697174,-0.0721624046564102,-1.0273070335388184,watch,user3,walk
1763575550801875200,0.0457642674446105,0.0544486790895462,0.0104628205299377,0.3723402619361877,-0.0411522015929222,-0.9891250729560852,watch,user3,walk
1763575550811874048,0.0712196826934814,0.0656789243221283,0.0053220987319946,0.3427477478981018,-0.0101495459675788,-0.9583014249801636,watch,user3,walk
1763575550821873152,0.0884489119052887,0.0681265816092491,0.0017324686050415,0.2741470336914062,0.0029869396239519,-0.9261611700057985,watch,user3,walk
1763575550831872256,0.0960696339607238,0.071961373090744,-0.0086622834205627,0.1906444281339645,0.0041251746006309,-0.9120437502861024,watch,user3,walk
1763575550841870080,0.0880113542079925,0.0751154497265815,-0.0167261362075805,0.1204070597887039,0.0147614851593971,-0.934171736240387,watch,user3,walk
1763575550851869184,0.0692436695098877,0.0822903960943222,-0.0234257578849792,0.0846589133143425,0.0307620242238044,-0.968024492263794,watch,user3,walk
1763575550861868032,0.0533490777015686,0.0982386842370033,-0.0295673608779907,0.0901835113763809,0.0515685006976127,-0.9891663193702698,watch,user3,walk
1763575550871867136,0.0355076789855957,0.1155229061841964,-0.0286087989807128,0.1417561471462249,0.079959399998188,-0.9950372576713562,watch,user3,walk
1763575550881866240,0.0221980512142181,0.1215105652809143,-0.0231488943099975,0.2043589204549789,0.1064717918634414,-0.9995325803756714,watch,user3,walk
1763575550891864064,0.0142691433429718,0.1234862357378006,-0.0119304656982421,0.2472206354141235,0.1271586865186691,-1.003077268600464,watch,user3,walk
1763575550901863168,0.0086617767810821,0.1127870827913284,0.006227970123291,0.2476457953453064,0.1320650279521942,-1.000232815742493,watch,user3,walk
1763575550911862016,0.0054326653480529,0.096103087067604,0.0267080068588256,0.2172663211822509,0.1212419420480728,-1.0071340799331665,watch,user3,walk
1763575550921861120,0.0029584765434265,0.0863067507743835,0.0446473360061645,0.1712310165166854,0.1048883572220802,-1.0137749910354614,watch,user3,walk
1763575550931860224,-0.0060073137283325,0.0807271003723144,0.060202419757843,0.1321041136980056,0.1057616099715232,-1.019959807395935,watch,user3,walk
1763575550941858048,-0.0184310376644134,0.0749645829200744,0.075381338596344,0.1242118328809738,0.1265225410461425,-1.0194121599197388,watch,user3,walk
1763575550951857152,-0.0358067452907562,0.062902495265007,0.0803238153457641,0.1448798179626464,0.1431137770414352,-1.0120396614074707,watch,user3,walk
1763575550961856000,-0.0519505143165588,0.0533181279897689,0.0882915258407592,0.1655558943748474,0.1562171429395675,-1.0073001384735107,watch,user3,walk
1763575550971855104,-0.0604650974273681,0.0476855635643005,0.0986815094947815,0.1643915623426437,0.1588366329669952,-0.9958631992340088,watch,user3,walk
1763575550981854208,-0.0699745416641235,0.0400775969028472,0.1145417094230651,0.1407784819602966,0.1616423577070236,-0.9866631627082824,watch,user3,walk
1763575550991852032,-0.0802744626998901,0.0322096496820449,0.1297855973243713,0.0938562303781509,0.1651161909103393,-0.9817144870758056,watch,user3,walk
1763575551001851136,-0.0920513272285461,0.0272132903337478,0.1402174830436706,0.0501895770430564,0.1700230538845062,-0.9728607535362244,watch,user3,walk
1763575551011850240,-0.100953608751297,0.0279751420021057,0.1462621688842773,0.0281657706946134,0.1962346881628036,-0.9490020275115968,watch,user3,walk
1763575551021849088,-0.1116536855697631,0.0324401408433914,0.1493666172027588,0.0165291335433721,0.2308226823806762,-0.9093130230903624,watch,user3,walk
1763575551031848192,-0.1181588470935821,0.0323417335748672,0.1547485589981079,0.0193683300167322,0.270180195569992,-0.8711485862731934,watch,user3,walk
1763575551041846272,-0.1210134327411651,0.0281876325607299,0.1602669358253479,0.0186738651245832,0.3152002394199371,-0.8272032141685486,watch,user3,walk
1763575551051845120,-0.1168702840805053,0.020732045173645,0.1701982021331787,0.0021574730053544,0.3660216033458709,-0.7617843151092529,watch,user3,walk
1763575551061844224,-0.1132684350013732,0.0126212984323501,0.1807801723480224,-0.0306019373238086,0.4287238717079162,-0.6952787041664124,watch,user3,walk
1763575551071843072,-0.1125198900699615,0.0046601742506027,0.1866158246994018,-0.0743821710348129,0.5017243027687073,-0.6081855893135071,watch,user3,walk
1763575551081842176,-0.1092258691787719,-0.000797301530838,0.1936128139495849,-0.1149268075823783,0.5740967988967896,-0.5349042415618896,watch,user3,walk
1763575551091840256,-0.102656602859497,-0.0022305697202682,0.1957651972770691,-0.1437427401542663,0.6487417221069336,-0.4636420309543609,watch,user3,walk
1763575551101839104,-0.096477061510086,-0.0042159855365753,0.2060205340385437,-0.1821513473987579,0.7356615662574768,-0.3813014328479767,watch,user3,walk
1763575551111838208,-0.0910425186157226,-0.0168128758668899,0.2221184968948364,-0.2486874908208847,0.8270351886749268,-0.2925167083740234,watch,user3,walk
1763575551121837056,-0.0918666422367096,-0.0468028634786605,0.2456421256065368,-0.3369702994823456,0.9163082242012024,-0.1876740455627441,watch,user3,walk
1763575551131836160,-0.0901941955089569,-0.0820794254541397,0.2655261754989624,-0.4534796178340912,1.0060703754425049,-0.0771528631448745,watch,user3,walk
1763575551141834240,-0.0813241899013519,-0.104549154639244,0.287272572517395,-0.5981333255767822,1.100490927696228,0.0415683276951313,watch,user3,walk
1763575551151833088,-0.0693358182907104,-0.1209091544151306,0.2977235913276672,-0.7554340362548828,1.191630244255066,0.149739533662796,watch,user3,walk
1763575551161832192,-0.0580727458000183,-0.1360028237104416,0.3096773624420166,-0.9264582991600036,1.3002638816833496,0.2618365883827209,watch,user3,walk
1763575551171831040,-0.0529065132141113,-0.1465752720832824,0.3209525942802429,-1.092215895652771,1.406946897506714,0.3746877908706665,watch,user3,walk
1763575551181830144,-0.0476256012916564,-0.1556884199380874,0.322767436504364,-1.2553449869155884,1.5125930309295654,0.4942631125450134,watch,user3,walk
1763575551191829248,-0.0355474650859832,-0.1571542769670486,0.3233765959739685,-1.399793267250061,1.619915008544922,0.632971465587616,watch,user3,walk
1763575551201827072,-0.0219237804412841,-0.1581537872552871,0.3282721042633056,-1.535332441329956,1.7362823486328125,0.7685070037841797,watch,user3,walk
1763575551211826176,-0.0084515511989593,-0.1559931635856628,0.3309695124626159,-1.6468583345413208,1.858731865882873,0.9071401953697203,watch,user3,walk
1763575551221825024,0.0052812099456787,-0.1516061425209045,0.3272284269332886,-1.701168417930603,1.9659507274627688,1.030839204788208,watch,user3,walk
1763575551231824128,0.0256630182266235,-0.1367433667182922,0.3143776059150696,-1.673368215560913,2.047149896621704,1.1499890089035034,watch,user3,walk
1763575551241823232,0.0539637207984924,-0.1102286875247955,0.2972376942634582,-1.5444689989089966,2.1370599269866943,1.2873843908309937,watch,user3,walk
1763575551251821312,0.0835326313972473,-0.0915006399154663,0.2642697691917419,-1.3308733701705933,2.247558832168579,1.4376380443572998,watch,user3,walk
1763575551261820160,0.1086236834526062,-0.0857523083686828,0.2231721878051757,-1.0702728033065796,2.3687992095947266,1.576168179512024,watch,user3,walk
1763575551271819008,0.1372278928756714,-0.1024930477142334,0.17978036403656,-0.84053635597229,2.503369092941284,1.7120213508605957,watch,user3,walk
1763575551281818112,0.1642948985099792,-0.1317402720451355,0.152464210987091,-0.6781578063964844,2.610293388366699,1.8030409812927248,watch,user3,walk
1763575551291817216,0.196150541305542,-0.1384061574935913,0.1328353285789489,-0.5998938679695129,2.6515378952026367,1.825977087020874,watch,user3,walk
1763575551301815296,0.2313323020935058,-0.0942355990409851,0.107692003250122,-0.5650600790977478,2.645352602005005,1.7866277694702148,watch,user3,walk
1763575551311814144,0.2658161520957947,-0.008298248052597,0.0521639585494995,-0.5004001259803772,2.630824565887451,1.7381012439727783,watch,user3,walk
1763575551321812224,0.3050082921981811,0.0813200175762176,-0.0239524245262146,-0.388942688703537,2.62192964553833,1.7090016603469849,watch,user3,walk
1763575551331811072,0.340196430683136,0.1376374065876007,-0.0988083481788635,-0.2655485868453979,2.6173996925354004,1.7034335136413574,watch,user3,walk
1763575551341809920,0.349211573600769,0.1416919380426406,-0.162347674369812,-0.185026615858078,2.5936293601989746,1.6807571649551392,watch,user3,walk
1763575551351808000,0.33349609375,0.1072970926761627,-0.2015470266342163,-0.211867555975914,2.54889178276062,1.6107640266418457,watch,user3,walk
1763575551361807104,0.2971147298812866,0.059240847826004,-0.2082763314247131,-0.3497209250926971,2.446117877960205,1.5252021551132202,watch,user3,walk
1763575551371806208,0.267310619354248,0.0287657231092453,-0.2023739218711853,-0.5348311066627502,2.289278507232666,1.443084478378296,watch,user3,walk
1763575551381805056,0.2393432259559631,0.0206855535507202,-0.1928368210792541,-0.7149878740310669,2.14515233039856,1.3709098100662231,watch,user3,walk
1763575551391803904,0.2023792266845703,0.0226033627986907,-0.1817641854286193,-0.8386453986167908,2.01137113571167,1.274694561958313,watch,user3,walk
1763575551401801984,0.1639761924743652,0.0342307388782501,-0.168800950050354,-0.9141085147857666,1.869818329811096,1.1595336198806765,watch,user3,walk
1763575551411801088,0.1395186185836792,0.053907960653305,-0.1639164686203003,-0.9640915393829346,1.7260252237319946,1.060680270195007,watch,user3,walk
1763575551421800192,0.1256454586982727,0.0628436952829361,-0.1780554056167602,-1.0202280282974243,1.601749300956726,0.9745267033576964,watch,user3,walk
1763575551431799040,0.1081701517105102,0.0571744740009307,-0.1894567012786865,-1.101183295249939,1.493187665939331,0.8729010224342346,watch,user3,walk
1763575551441797888,0.0823278427124023,0.0504246950149536,-0.1746492385864257,-1.1616493463516235,1.3755230903625488,0.7499769926071167,watch,user3,walk
1763575551451795968,0.0577002167701721,0.0679876208305358,-0.1562223136425018,-1.120827317237854,1.263059139251709,0.6602838635444641,watch,user3,walk
1763575551461795072,0.0527388453483581,0.1046096086502075,-0.1692016720771789,-0.943963348865509,1.1965067386627195,0.6460327506065369,watch,user3,walk
1763575551471794176,0.0593697428703308,0.1213412135839462,-0.2219299077987671,-0.665116012096405,1.1653478145599363,0.6628735065460205,watch,user3,walk
1763575551481793024,0.0445814132690429,0.1167459785938263,-0.2770832777023315,-0.3887893259525299,1.1162489652633667,0.6339667439460754,watch,user3,walk
1763575551491791872,0.0239015221595764,0.1251556873321533,-0.3118028044700622,-0.2140918374061584,1.040696382522583,0.5662857294082642,watch,user3,walk
1763575551501789952,0.0050246715545654,0.1459369957447052,-0.3185315728187561,-0.146920770406723,0.961117684841156,0.5218366384506226,watch,user3,walk
1763575551511789056,-0.0061423778533935,0.1531521528959274,-0.3055385053157806,-0.1854428648948669,0.8921068906784058,0.5224694013595581,watch,user3,walk
1763575551521788160,-0.0167068243026733,0.1312125325202942,-0.28175088763237,-0.3332270085811615,0.8178824186325073,0.5122225880622864,watch,user3,walk
1763575551531787008,-0.027689516544342,0.0864989459514617,-0.2536599636077881,-0.5697000026702881,0.7332029342651367,0.4681914746761322,watch,user3,walk
1763575551541785856,-0.0364818572998046,0.0458050072193145,-0.2248941957950592,-0.7980236411094666,0.6228062510490417,0.4105800092220306,watch,user3,walk
1763575551551783936,-0.0213088393211364,0.0345174074172973,-0.2138876914978027,-0.9176675081253052,0.5186140537261963,0.3796500563621521,watch,user3,walk
1763575551561783040,0.0203346610069274,0.0745643973350524,-0.2323678135871887,-0.8884410262107849,0.4503762423992157,0.3842942118644714,watch,user3,walk
1763575551571782144,0.0644615888595581,0.1395663619041443,-0.2785023152828216,-0.7363689541816711,0.4324790239334106,0.4144757986068725,watch,user3,walk
1763575551581781248,0.0765166282653808,0.188267782330513,-0.3143284916877746,-0.5265118479728699,0.4196561276912689,0.416349321603775,watch,user3,walk
1763575551591779840,0.0592682361602783,0.2209185361862182,-0.3187462389469147,-0.3182425498962402,0.3777334690093994,0.3892593681812286,watch,user3,walk
1763575551601777920,0.0377002954483032,0.2376631647348404,-0.2998393177986145,-0.1494117379188537,0.3370555639266968,0.3475593626499176,watch,user3,walk
1763575551611777024,0.0314821004867553,0.2396582067012787,-0.2648541629314422,-0.0508324205875396,0.3074414730072021,0.3060694336891174,watch,user3,walk
1763575551621776128,0.0477885007858276,0.2237628102302551,-0.2228544950485229,-0.017621336504817,0.2827353179454803,0.2457195967435836,watch,user3,walk
1763575551631775232,0.06904798746109,0.1950849592685699,-0.1878888607025146,-0.0569008328020572,0.276262491941452,0.1507046669721603,watch,user3,walk
1763575551641773824,0.0816783308982849,0.1546816676855087,-0.1562583446502685,-0.1965656131505966,0.2753236591815948,0.0489321015775203,watch,user3,walk
1763575551651771904,0.0785976648330688,0.104126289486885,-0.1260946989059448,-0.4056898057460785,0.2522044777870178,-0.045452456921339,watch,user3,walk
1763575551661771008,0.0687333345413208,0.0600072965025901,-0.1000972390174865,-0.6651995182037354,0.1971004903316497,-0.1440833657979965,watch,user3,walk
1763575551671770112,0.0549638867378234,0.0268922448158264,-0.0773151516914367,-0.9525404572486876,0.1130540519952774,-0.2436371147632599,watch,user3,walk
1763575551681769216,0.0426080226898193,0.0016549378633499,-0.0588878989219665,-1.2222353219985962,0.03133300319314,-0.3347587287425995,watch,user3,walk
1763575551691767808,0.0270020961761474,-0.0049628615379333,-0.0504462718963623,-1.454518437385559,-0.0235611349344253,-0.41481813788414,watch,user3,walk
1763575551701765888,0.0082741379737854,-0.0095342844724655,-0.0479366183280944,-1.672242283821106,-0.0693264901638031,-0.4782807528972626,watch,user3,walk
1763575551711764992,-0.0104211568832397,-0.0152268558740615,-0.042421281337738,-1.81856632232666,-0.1145861148834228,-0.5270506739616394,watch,user3,walk
1763575551721764096,-0.012153148651123,-0.0079191923141479,-0.0405183732509613,-1.899325251579285,-0.1517702341079712,-0.5537592768669128,watch,user3,walk
1763575551731763200,-0.0104264020919799,0.0080184638500213,-0.0397724509239196,-1.8911607265472408,-0.1770143508911132,-0.5377819538116455,watch,user3,walk
1763575551741762048,-0.0073912739753723,0.022877037525177,-0.0483304858207702,-1.7808994054794312,-0.1974924653768539,-0.4826962351799011,watch,user3,walk
1763575551751760128,0.0004870891571044,0.0385724902153015,-0.0670259296894073,-1.5624914169311523,-0.1949057281017303,-0.4846917390823364,watch,user3,walk
1763575551761758976,0.0029314160346984,0.0512567460536956,-0.0825023651123046,-1.2913076877593994,-0.1633776277303695,-0.4876546859741211,watch,user3,walk
1763575551771758080,0.0083343386650085,0.0585904866456985,-0.083215057849884,-1.0458314418792725,-0.1334572732448578,-0.4361504912376404,watch,user3,walk
1763575551781757184,0.0098520517349243,0.0508064329624176,-0.0726554095745086,-0.8387959599494934,-0.1073763146996498,-0.3639241755008697,watch,user3,walk
1763575551791756032,0.0015510916709899,0.0308820456266403,-0.0602482259273529,-0.6636699438095093,-0.0977388694882392,-0.2937608063220978,watch,user3,walk
1763575551801754880,-0.0146151781082153,0.0141176879405975,-0.0470728278160095,-0.5510327816009521,-0.1040499433875083,-0.2185827046632766,watch,user3,walk
1763575551811752960,-0.0342866778373718,0.0026480704545974,-0.0325933396816253,-0.486744612455368,-0.1169532239437103,-0.1436677128076553,watch,user3,walk
1763575551821752064,-0.0583192706108093,-0.0103809535503387,-0.0237639248371124,-0.4522280097007751,-0.1325727552175521,-0.0754148811101913,watch,user3,walk
1763575551831751168,-0.0734171271324157,-0.0226107090711593,-0.0184939801692962,-0.3988406956195831,-0.1532713770866394,-0.0130119603127241,watch,user3,walk
1763575551841750272,-0.0819859504699707,-0.0364731848239898,-0.0050490498542785,-0.3617210984230041,-0.1708256900310516,0.0369715802371501,watch,user3,walk
1763575551851748864,-0.0834316611289978,-0.0398194044828414,0.012691706418991,-0.3897702991962433,-0.1826959252357483,0.0770888999104499,watch,user3,walk
1763575551861746944,-0.0877341628074646,-0.0491646230220794,0.0406962037086486,-0.4476155936717987,-0.2076333314180374,0.1063712909817695,watch,user3,walk
1763575551871746048,-0.0930986404418945,-0.0631273388862609,0.0653803348541259,-0.5306731462478638,-0.2406948804855346,0.1438464969396591,watch,user3,walk
1763575551881745152,-0.0917581915855407,-0.0748003721237182,0.0815926790237426,-0.6499436497688293,-0.2727369666099548,0.196397989988327,watch,user3,walk
1763575551891744256,-0.0855527520179748,-0.0771325379610061,0.0906991362571716,-0.7946246862411499,-0.2950654327869415,0.2639594674110412,watch,user3,walk
1763575551901742848,-0.0729009509086608,-0.076080098748207,0.0940755009651184,-0.91465961933136,-0.3125925064086914,0.3132282495498657,watch,user3,walk
1763575551911740928,-0.0490986108779907,-0.0678931325674057,0.0918015837669372,-1.0175199508666992,-0.3234478235244751,0.3576740324497223,watch,user3,walk
1763575551921740032,-0.0206922888755798,-0.0550318211317062,0.0878821015357971,-1.1055301427841189,-0.3220359086990356,0.405604749917984,watch,user3,walk
1763575551931739136,0.0098837018013,-0.0440597832202911,0.0852294266223907,-1.1815820932388306,-0.3105475604534149,0.4453497529029846,watch,user3,walk
1763575551941738240,0.0409418940544128,-0.0355648696422576,0.0868898630142211,-1.2515711784362793,-0.2915348708629608,0.48129403591156,watch,user3,walk
1763575551951736832,0.0708051919937133,-0.0261929482221603,0.0910501182079315,-1.3412773609161377,-0.2737249732017517,0.5223634243011475,watch,user3,walk
1763575551961734912,0.1002335548400878,-0.0194799453020095,0.0976197719573974,-1.4447065591812134,-0.2458750903606414,0.5571103096008301,watch,user3,walk
1763575551971734016,0.121612012386322,-0.0173926055431365,0.1031813025474548,-1.5678702592849731,-0.2161861509084701,0.5707417130470276,watch,user3,walk
1763575551981733120,0.1304062604904174,-0.0158867090940475,0.116918534040451,-1.713670015335083,-0.1921967566013336,0.5662330389022827,watch,user3,walk
1763575551991732224,0.1269831657409668,-0.0114682018756866,0.12692591547966,-1.837848663330078,-0.1842869073152542,0.5483259558677673,watch,user3,walk
1763575552001730816,0.1102261543273925,-0.0004494190216064,0.1271024346351623,-1.911699295043945,-0.1908804327249527,0.5163280367851257,watch,user3,walk
1763575552011728896,0.0872859954833984,0.0195343196392059,0.1209234595298767,-1.8859648704528809,-0.1897962689399719,0.4688771963119507,watch,user3,walk
1763575552021728000,0.0629012584686279,0.0400494039058685,0.1022270619869232,-1.7607736587524414,-0.1553064733743667,0.4069416522979736,watch,user3,walk
1763575552031727104,0.0362036228179931,0.0583737194538116,0.0869545042514801,-1.5473724603652954,-0.0876509994268417,0.3337025940418243,watch,user3,walk
1763575552041726208,0.0160824656486511,0.0741199254989624,0.0730932056903839,-1.290042519569397,0.003088938537985,0.2571261823177337,watch,user3,walk
1763575552051725056,0.0018950700759887,0.0795991718769073,0.0551203787326812,-0.9660273790359496,0.0823243781924247,0.1779602468013763,watch,user3,walk
1763575552061722880,0.0012082457542419,0.0790769755840301,0.0341362655162811,-0.617902934551239,0.1409082412719726,0.0989725664258003,watch,user3,walk
1763575552071721984,0.0148321986198425,0.0787547528743743,0.0120618641376495,-0.2813124060630798,0.2128106653690338,0.0132792331278324,watch,user3,walk
1763575552081721088,0.0296013355255126,0.0691122114658355,-0.0048639774322509,0.0166526157408952,0.2953000962734222,-0.0739257112145423,watch,user3,walk
1763575552091720192,0.0453590750694274,0.0479891300201416,-0.0075989961624145,0.2746649980545044,0.3467798233032226,-0.1683387756347656,watch,user3,walk
1763575552101719040,0.0622016787528991,0.0314395129680633,-0.0001115202903747,0.4694555401802063,0.3664104044437408,-0.2601140141487121,watch,user3,walk
1763575552111716864,0.0714344382286071,0.0263208448886871,0.0106072425842285,0.6110867261886597,0.350437581539154,-0.3498777151107788,watch,user3,walk
1763575552121715968,0.0884273648262023,0.0236603021621704,0.0068930983543396,0.7443287968635559,0.3073040544986725,-0.4300039708614349,watch,user3,walk
1763575552131715072,0.1130855679512023,0.0252151191234588,-0.0007026195526123,0.8601136803627014,0.2670296132564544,-0.5184713006019592,watch,user3,walk
1763575552141714176,0.1396780014038086,0.0261885523796081,-0.0033636093139648,0.9572156071662904,0.2240447551012039,-0.5850368738174438,watch,user3,walk
1763575552151713024,0.1731680631637573,0.0209490060806274,-0.0035459697246551,1.006248116493225,0.1698787212371826,-0.6644235849380493,watch,user3,walk
1763575552161711104,0.2045446038246154,0.0158042013645172,-0.005688339471817,1.0574361085891724,0.0578806400299072,-0.7956489324569702,watch,user3,walk
1763575552171709952,0.2319979071617126,0.0355581939220428,-0.0230975151062011,1.1113262176513672,-0.0877492651343345,-0.9517983198165894,watch,user3,walk
1763575552181709056,0.2458042502403259,0.0845317542552948,-0.0433101952075958,1.215759038925171,-0.2894148528575897,-1.1091127395629885,watch,user3,walk
1763575552191708160,0.2611119747161865,0.1407987773418426,-0.0838310718536377,1.4402238130569458,-0.4530434608459472,-1.283449649810791,watch,user3,walk
1763575552201707008,0.2664881944656372,0.1775069534778595,-0.0933475792407989,1.634914755821228,-0.4699971377849579,-1.4452942609786987,watch,user3,walk
1763575552211705088,0.2511327266693115,0.1578122675418853,-0.0524400472640991,1.7196285724639893,-0.4614542424678802,-1.5823006629943848,watch,user3,walk
1763575552221703936,0.2339428067207336,0.119846373796463,-0.0058810114860534,1.6107577085494995,-0.5508357882499695,-1.7299388647079468,watch,user3,walk
1763575552231703040,0.2045284509658813,0.1242100596427917,0.0254823565483093,1.2454073429107666,-0.666836678981781,-1.9045466184616089,watch,user3,walk
1763575552241702144,0.1515145897865295,0.1691557765007019,0.0356191396713256,0.6815696954727173,-0.7593032717704773,-2.020831346511841,watch,user3,walk
1763575552251700992,0.1012789607048034,0.2022919654846191,0.0201606452465057,0.0347083583474159,-0.8449499607086182,-2.032110929489136,watch,user3,walk
1763575552261699072,0.0603856444358825,0.1947084665298462,-0.0301090776920318,-0.5813060998916626,-0.9330700039863586,-1.998090386390686,watch,user3,walk
1763575552271697920,0.0102865099906921,0.1604768335819244,-0.0890577435493469,-1.109769582748413,-0.9996799230575562,-1.9399293661117556,watch,user3,walk
1763575552281697024,-0.043029248714447,0.1327323019504547,-0.1292885243892669,-1.560010313987732,-1.0163004398345947,-1.8945672512054443,watch,user3,walk
1763575552291696128,-0.1164079904556274,0.1159814000129699,-0.1298505365848541,-1.931275486946106,-0.9754368662834167,-1.8980029821395876,watch,user3,walk
1763575552301695232,-0.194451093673706,0.1003817021846771,-0.0989652574062347,-2.173978805541992,-0.968619167804718,-1.8974626064300537,watch,user3,walk
1763575552311693056,-0.2554838061332702,0.0822806060314178,-0.0717563331127166,-2.30922794342041,-1.0077801942825315,-1.768457531929016,watch,user3,walk
1763575552321693184,-0.3227182626724243,0.0610256195068359,-0.0441044867038726,-2.380222082138061,-1.0444025993347168,-1.6367958784103394,watch,user3,walk
1763575552331692288,-0.4043883085250854,0.0378865599632263,-0.0087039768695831,-2.393706798553467,-1.0221593379974363,-1.536754488945007,watch,user3,walk
1763575552341691136,-0.4814020991325378,0.0316364765167236,0.0072152316570281,-2.377682685852051,-0.9485421180725098,-1.4340078830718994,watch,user3,walk
1763575552351690240,-0.5453536510467529,0.0404881834983825,0.0128834843635559,-2.316770076751709,-0.854516863822937,-1.324294924736023,watch,user3,walk
1763575552361689088,-0.5911926627159119,0.043852686882019,0.0163028538227081,-2.232146978378296,-0.7518467307090759,-1.2062773704528809,watch,user3,walk
1763575552371687168,-0.6087545156478882,0.0490821599960327,0.022363007068634,-2.1124532222747803,-0.6472446918487549,-1.1223134994506836,watch,user3,walk
1763575552381686272,-0.6158049702644348,0.0483053922653198,0.0377390086650848,-1.9406507015228271,-0.5030269026756287,-1.0709121227264404,watch,user3,walk
1763575552391685120,-0.6004812121391296,0.0434813499450683,0.0515011250972747,-1.7491703033447266,-0.361786425113678,-1.0410538911819458,watch,user3,walk
1763575552401684224,-0.5600731372833252,0.0460674166679382,0.0647626221179962,-1.5275537967681885,-0.2503825724124908,-0.9592140316963196,watch,user3,walk
1763575552411683328,-0.503541886806488,0.0642993450164794,0.0777161419391632,-1.3070472478866575,-0.1297096759080886,-0.87684166431427,watch,user3,walk
1763575552421681152,-0.461587131023407,0.0612913966178894,0.0886344611644744,-1.142561912536621,-0.0059824977070093,-0.7909533977508545,watch,user3,walk
1763575552431680256,-0.4322078227996826,0.0380697846412658,0.0905687808990478,-0.9714990258216858,0.1659498512744903,-0.7486594915390015,watch,user3,walk
1763575552441679360,-0.4077314734458923,0.0279924869537353,0.0648859739303588,-0.7897218465805054,0.3399443626403808,-0.6483322978019714,watch,user3,walk
1763575552451678208,-0.3564565181732178,0.057000994682312,0.0353489518165588,-0.6364156603813171,0.4517377614974975,-0.5105765461921692,watch,user3,walk
1763575552461677312,-0.2944164276123047,0.1017395257949829,0.0029071867465972,-0.363224446773529,0.7119210958480835,-0.4788923263549804,watch,user3,walk
1763575552471675136,-0.2263684868812561,0.1488522887229919,-0.0439244508743286,-0.0223100092262029,1.0196049213409424,-0.5440787672996521,watch,user3,walk
1763575552481674240,-0.1624205708503723,0.1842209696769714,-0.0628697276115417,0.4855145514011383,1.3292944431304932,-0.7311685681343079,watch,user3,walk
1763575552491673344,-0.0940859913825988,0.1634414196014404,-0.0590127110481262,1.1475039720535278,1.549504041671753,-0.8477314114570618,watch,user3,walk
1763575552501672192,-0.0251428484916687,0.1228212714195251,-0.0271554589271545,1.777975082397461,1.7676728963851929,-0.7441121935844421,watch,user3,walk
1763575552511671296,0.0325189232826232,0.0667396783828735,-0.0069357603788375,2.2606561183929443,1.995544910430908,-0.6520139575004578,watch,user3,walk
1763575552521669120,0.1135312914848327,0.0258756875991821,0.0214225202798843,2.631019353866577,2.1308836936950684,-0.6507180333137512,watch,user3,walk
1763575552531668224,0.2066947221755981,-0.0075815916061401,0.0476530492305755,2.85706090927124,2.0747392177581787,-0.6539191603660583,watch,user3,walk
1763575552541667328,0.2799785733222961,-0.0552087426185607,0.0656991302967071,2.8923139572143555,1.788644790649414,-0.5496571063995361,watch,user3,walk
1763575552551666176,0.2896426916122436,-0.1298471093177795,0.1261970698833465,2.684023141860962,1.4493328332901,-0.2947574257850647,watch,user3,walk
1763575552561665280,0.1928136944770813,-0.2164301872253418,0.14462611079216,2.356168270111084,1.2081859111785889,-0.0522057674825191,watch,user3,walk
1763575552571663104,0.0503803491592407,-0.2580221891403198,0.1569953262805938,2.0392894744873047,1.157568335533142,0.0463383831083774,watch,user3,walk
1763575552581662208,-0.0538345575332641,-0.2387903928756714,0.1900052428245544,1.7623165845870972,1.1752361059188845,0.0546015724539756,watch,user3,walk
1763575552591661312,-0.0840916037559509,-0.1945034861564636,0.2408084571361541,1.5702569484710691,1.2169513702392578,0.0945764183998107,watch,user3,walk
1763575552601660160,-0.067374050617218,-0.1639820337295532,0.2675257623195648,1.4486955404281616,1.2450467348098757,0.2369107902050018,watch,user3,walk
1763575552611659264,-0.0191458463668823,-0.1454325914382934,0.2743323147296905,1.4335964918136597,1.2255595922470093,0.4205775558948517,watch,user3,walk
1763575552621657088,0.0120741724967956,-0.123888611793518,0.2800062298774719,1.4062858819961548,1.2144689559936523,0.5601053237915039,watch,user3,walk
1763575552631656192,0.0226457118988037,-0.0868027210235595,0.2872758507728576,1.390515923500061,1.248014211654663,0.6144066452980042,watch,user3,walk
1763575552641655296,0.016373336315155,-0.0425835847854614,0.299624502658844,1.3444923162460327,1.347961664199829,0.6173146963119507,watch,user3,walk
1763575552651654144,0.0325563549995422,0.0113794207572937,0.316052109003067,1.3000085353851318,1.470954656600952,0.620582103729248,watch,user3,walk
1763575552661653248,0.0871621370315551,0.0542842745780944,0.3182790875434875,1.3039252758026123,1.5493693351745603,0.6644685864448547,watch,user3,walk
1763575552671651072,0.1528627276420593,0.0802759528160095,0.2922589182853699,1.4291911125183103,1.5855334997177124,0.7385910153388977,watch,user3,walk
1763575552681650176,0.2012012004852295,0.088993489742279,0.2636937499046325,1.631937026977539,1.5917847156524658,0.8263665437698364,watch,user3,walk
1763575552691649280,0.2107256054878235,0.083203911781311,0.2392928302288055,1.860512971878052,1.5648982524871826,0.8697770833969116,watch,user3,walk
1763575552701648128,0.1863390803337097,0.060139775276184,0.216934323310852,2.103037118911743,1.5682154893875122,0.8370423316955566,watch,user3,walk
1763575552711647232,0.1463203430175781,0.0337392687797546,0.1983271539211273,2.346830368041992,1.561817288398743,0.8026271462440491,watch,user3,walk
1763575552721645056,0.1017135381698608,0.0212788581848144,0.1816478967666626,2.565377712249756,1.5886611938476562,0.8111023902893066,watch,user3,walk
1763575552731644160,0.0620696544647216,0.0122877359390258,0.169385015964508,2.726922035217285,1.6720366477966309,0.8078823685646057,watch,user3,walk
1763575552741643264,0.0347612500190734,0.0131377577781677,0.1656114757061004,2.8224377632141118,1.7379896640777588,0.7651777863502502,watch,user3,walk
1763575552751642112,0.0389298200607299,0.010825753211975,0.137932687997818,2.8773744106292725,1.7376797199249268,0.7286751866340637,watch,user3,walk
1763575552761641216,0.0629330277442932,-0.0048581659793853,0.0978705883026123,2.91119384765625,1.7404714822769165,0.7406109571456909,watch,user3,walk
1763575552771639040,0.088154137134552,-0.0382346510887146,0.0895073115825653,2.8742785453796387,1.6834933757781982,0.7484492063522339,watch,user3,walk
1763575552781638144,0.1228970885276794,-0.0490681231021881,0.1063127517700195,2.796867847442627,1.5981121063232422,0.7130963206291199,watch,user3,walk
1763575552791637248,0.1364511847496032,-0.036027193069458,0.1216719150543212,2.6997087001800537,1.5158487558364868,0.6483687162399292,watch,user3,walk
1763575552801636096,0.1302846670150756,-0.0235868096351623,0.1239140033721923,2.6045916080474854,1.4520082473754885,0.6071890592575073,watch,user3,walk
1763575552811635200,0.1098345518112182,-0.0193190574645996,0.1091892719268798,2.51401424407959,1.4049835205078125,0.5718603730201721,watch,user3,walk
1763575552821633024,0.1009149551391601,-0.0237533152103424,0.0950818657875061,2.431475877761841,1.361589431762695,0.5328808426856995,watch,user3,walk
1763575552831632128,0.1045131087303161,-0.0177676081657409,0.0860845744609832,2.334310293197632,1.3080655336380005,0.4715176522731781,watch,user3,walk
1763575552841631232,0.1175218224525451,-0.0084466934204101,0.0749638080596923,2.229613304138184,1.234365940093994,0.4230565726757049,watch,user3,walk
1763575552851630336,0.1353030800819397,0.0024886131286621,0.0564371943473815,2.1148157119750977,1.1393808126449585,0.392159104347229,watch,user3,walk
1763575552861629184,0.1562424302101135,3.904104232788086e-06,0.0274898707866668,2.003295421600342,1.0031747817993164,0.3585060834884643,watch,user3,walk
1763575552871628288,0.1646733880043029,-0.0023694336414337,0.0226572155952453,1.851551175117493,0.8922128677368164,0.3550679385662079,watch,user3,walk
1763575552881626112,0.148388922214508,-0.0070412456989288,0.0399995446205139,1.6590734720230105,0.8194825649261475,0.3319475054740906,watch,user3,walk
1763575552891625216,0.1178145408630371,-0.0239202082157135,0.0537402927875518,1.4296280145645142,0.7679874300956726,0.3043800592422485,watch,user3,walk
1763575552901624320,0.0907184481620788,-0.0471703112125396,0.0697997510433197,1.1695610284805298,0.719502329826355,0.2867969274520874,watch,user3,walk
1763575552911623168,0.0702601075172424,-0.0678577125072479,0.0856158733367919,0.8959786891937256,0.6657256484031677,0.279021292924881,watch,user3,walk
1763575552921622272,0.0558072328567504,-0.0812353491783142,0.0926021337509155,0.6315531730651855,0.6120904088020325,0.2891343832015991,watch,user3,walk
1763575552931620096,0.0464511513710022,-0.0851453244686126,0.0851146876811981,0.4110474288463592,0.5651758909225464,0.3089589476585388,watch,user3,walk
1763575552941619200,0.03687584400177,-0.0778111517429351,0.0728123933076858,0.2519557178020477,0.5353437662124634,0.3320359587669372,watch,user3,walk
1763575552951618304,0.0296523571014404,-0.0673576295375824,0.0529617071151733,0.142095535993576,0.5221619009971619,0.3501888811588287,watch,user3,walk
1763575552961617152,0.0227925181388854,-0.0561842322349548,0.0367085486650466,0.0702818855643272,0.5136673450469971,0.3668018281459808,watch,user3,walk
1763575552971616256,0.0220621824264526,-0.0443744659423828,0.0196485519409179,0.0146460561081767,0.5019102692604065,0.3870295882225036,watch,user3,walk
1763575552981614080,0.0188944339752197,-0.0365384817123413,0.0101130902767181,-0.0298886112868785,0.4766858220100403,0.4050326347351074,watch,user3,walk
1763575552991613184,0.0144100785255432,-0.0280749499797821,0.0027483999729156,-0.086446426808834,0.4470778405666351,0.4212661981582641,watch,user3,walk
1763575553001612288,0.0055233836174011,-0.0166693925857543,-0.0046645402908325,-0.1602332592010498,0.4246147871017456,0.4320228993892669,watch,user3,walk
1763575553011611136,-0.0052952766418457,-0.0079177618026733,-0.0038235187530517,-0.2439444065093994,0.4000404775142669,0.4504197537899017,watch,user3,walk
1763575553021610240,-0.0125958919525146,0.0040654242038726,-0.0066130757331848,-0.3217787444591522,0.3756946325302124,0.4735065400600433,watch,user3,walk
1763575553031608064,-0.0223410725593566,0.0155509412288665,-0.0095175504684448,-0.3908411860466003,0.3517057001590729,0.5014162063598633,watch,user3,walk
1763575553041607168,-0.0330283045768737,0.0304523706436157,-0.0154553055763244,-0.448405921459198,0.3323756456375122,0.5259010791778564,watch,user3,walk
1763575553051606272,-0.0386340618133544,0.0448354184627532,-0.0254278182983398,-0.4869008660316467,0.309636503458023,0.5438670516014099,watch,user3,walk
1763575553061605120,-0.0484479069709777,0.0614286959171295,-0.0344319343566894,-0.4970498085021972,0.3011182248592376,0.5623031258583069,watch,user3,walk
1763575553071604224,-0.0576364994049072,0.0762641131877899,-0.0403697788715362,-0.4827012419700622,0.3031307756900787,0.5730119347572327,watch,user3,walk
1763575553081602048,-0.05936199426651,0.0914007127285003,-0.0459668487310409,-0.453260600566864,0.304173856973648,0.5859290957450867,watch,user3,walk
1763575553091601152,-0.0594883561134338,0.1065339744091034,-0.05093514919281,-0.4044030606746673,0.2922064065933227,0.602638304233551,watch,user3,walk
1763575553101600256,-0.0592051148414611,0.1227273643016815,-0.0561461597681045,-0.3387112021446228,0.2827670276165008,0.6129050254821777,watch,user3,walk
1763575553111599104,-0.0568751096725463,0.1371082365512848,-0.0608362555503845,-0.2515592575073242,0.2689473628997803,0.6126230359077454,watch,user3,walk
1763575553121598208,-0.0549423098564147,0.1521415412425995,-0.0706886053085327,-0.1469451487064361,0.2653257846832275,0.6071088314056396,watch,user3,walk
1763575553131596032,-0.0495070219039917,0.1640004068613052,-0.0745322555303573,-0.0477961935102939,0.2628248035907745,0.5936753153800964,watch,user3,walk
1763575553141595136,-0.0430635809898376,0.1760918498039245,-0.0764172673225402,0.0502609051764011,0.2553527057170868,0.5730038285255432,watch,user3,walk
1763575553151594240,-0.0323357582092285,0.1855372041463852,-0.0827200412750244,0.1465576291084289,0.2416808158159256,0.5534676313400269,watch,user3,walk
1763575553161593088,-0.0222481489181518,0.1962742209434509,-0.085163727402687,0.2354640960693359,0.2205618768930435,0.5363357067108154,watch,user3,walk
1763575553171592192,-0.0122126340866088,0.206666424870491,-0.0876656770706176,0.3226956725120544,0.2018009722232818,0.5088527202606201,watch,user3,walk
1763575553181590272,-0.0043509006500244,0.2119196653366089,-0.0869612693786621,0.4043693244457245,0.1865715086460113,0.4702225029468536,watch,user3,walk
1763575553191589120,0.0002473592758178,0.2153543382883072,-0.0804070383310318,0.4681448340415954,0.1667647808790207,0.430033266544342,watch,user3,walk
1763575553201588224,0.0057246685028076,0.2145191729068756,-0.0747328996658325,0.5041339993476868,0.1508899331092834,0.3910581469535827,watch,user3,walk
1763575553211587072,0.005641758441925,0.2088980674743652,-0.0660491585731506,0.5151309967041016,0.1379128843545913,0.3500896692276001,watch,user3,walk
1763575553221586176,0.0122057795524597,0.2030926793813705,-0.0576251298189163,0.5053462982177734,0.1357320249080658,0.303015649318695,watch,user3,walk
1763575553231585280,0.0255501270294189,0.197697564959526,-0.0507829338312149,0.4839357733726501,0.1367163211107254,0.2617864608764648,watch,user3,walk
1763575553241583104,0.0500004291534423,0.1931354105472564,-0.0449921339750289,0.4553369581699371,0.1365474015474319,0.2239228934049606,watch,user3,walk
1763575553251582208,0.0740075707435607,0.1934818774461746,-0.038472756743431,0.4270930588245392,0.1206270158290863,0.1840543001890182,watch,user3,walk
1763575553261581056,0.0897380113601684,0.1905386745929718,-0.0317141413688659,0.3840600252151489,0.1047425046563148,0.1479550153017044,watch,user3,walk
1763575553271580160,0.0869320631027221,0.1881065368652343,-0.0266032814979553,0.3480703234672546,0.0866561755537986,0.1141102388501167,watch,user3,walk
1763575553281579264,0.0659268498420715,0.1840451210737228,-0.0209158211946487,0.3083742558956146,0.0777890086174011,0.0734992325305938,watch,user3,walk
1763575553291577088,0.0359962582588195,0.1792095601558685,-0.0216416716575622,0.2790224850177765,0.0792843773961067,0.022281315177679,watch,user3,walk
1763575553301576192,0.010424792766571,0.1792506128549575,-0.0244651287794113,0.2672009468078613,0.0960232317447662,-0.0321600213646888,watch,user3,walk
1763575553311575296,-0.0053055882453918,0.1781564056873321,-0.0194685459136962,0.258817583322525,0.1206545382738113,-0.0852354913949966,watch,user3,walk
1763575553321573376,-0.0066088438034057,0.182269662618637,-0.0148263573646545,0.2729602456092834,0.1416611075401306,-0.126095101237297,watch,user3,walk
1763575553331572480,0.0039085149765014,0.1861404329538345,-0.0129008740186691,0.3083086609840393,0.1486825346946716,-0.1505024433135986,watch,user3,walk
1763575553341570560,0.0216884016990661,0.188769593834877,-0.0153474062681198,0.3644390404224396,0.1438768655061721,-0.1776871979236602,watch,user3,walk
1763575553351569664,0.0279031991958618,0.1861979067325592,-0.0180011987686157,0.4294055104255676,0.1289785951375961,-0.2113106697797775,watch,user3,walk
1763575553361568512,0.0197842717170715,0.1803012043237686,-0.0162539482116699,0.4906083941459656,0.1190970316529274,-0.2449219524860382,watch,user3,walk
1763575553371567360,0.0010725855827331,0.1728876829147339,-0.015028953552246,0.5427775382995605,0.1117062270641326,-0.2814304232597351,watch,user3,walk
1763575553381566464,-0.0271872878074646,0.1630335599184036,-0.0117572546005249,0.597505509853363,0.1025852560997009,-0.324302464723587,watch,user3,walk
1763575553391564544,-0.0589186549186706,0.1556987315416336,-0.0094539523124694,0.6658155918121338,0.0997175648808479,-0.3635042011737823,watch,user3,walk
1763575553401563648,-0.0824745893478393,0.1515278071165084,-0.0068285912275314,0.7518157362937927,0.1038584262132644,-0.4040533006191253,watch,user3,walk
1763575553411562496,-0.0900890231132507,0.1483226865530014,-0.0014676451683044,0.8525609970092773,0.1196640208363533,-0.4354165494441986,watch,user3,walk
1763575553421561600,-0.0836111903190612,0.1495213210582733,0.0047127157449722,0.9673144817352296,0.1366256922483444,-0.4586419761180877,watch,user3,walk
1763575553431560448,-0.0560004115104675,0.1494102776050567,0.0051183849573135,1.0972473621368408,0.13298861682415,-0.4785829186439514,watch,user3,walk
1763575553441558528,-0.0202330350875854,0.1518788635730743,0.0074119716882705,1.2295701503753662,0.1147205755114555,-0.4939964413642883,watch,user3,walk
1763575553451557632,0.0086132287979125,0.1516539901494979,0.0184478014707565,1.35080087184906,0.0959191918373107,-0.5055257678031921,watch,user3,walk
1763575553461556480,0.028517723083496,0.1433078944683075,0.0321797132492065,1.434188723564148,0.0656541362404823,-0.5172969102859497,watch,user3,walk
1763575553471555584,0.0370083451271057,0.129374161362648,0.0430390983819961,1.4776583909988403,0.0292636398226022,-0.540734052658081,watch,user3,walk
1763575553481554432,0.0356313586235046,0.1067107915878295,0.0546967536211013,1.4839428663253784,-0.0110042430460453,-0.571429967880249,watch,user3,walk
1763575553491552512,0.0256653428077697,0.0816487967967987,0.0685256123542785,1.442399978637695,-0.048706080764532,-0.6034566164016724,watch,user3,walk
1763575553501551616,0.0141864418983459,0.0615860670804977,0.0807762742042541,1.3748341798782349,-0.0836918577551841,-0.6390151977539062,watch,user3,walk
1763575553511550464,0.0009765028953552,0.041690245270729,0.0894641727209091,1.28898823261261,-0.1165888160467147,-0.6894536018371582,watch,user3,walk
1763575553521549568,-0.012242317199707,0.0247673094272613,0.0947693437337875,1.199831485748291,-0.1445845812559127,-0.7407986521720886,watch,user3,walk
1763575553531548416,-0.0211690068244934,0.0105203241109848,0.100852370262146,1.1130993366241455,-0.1574644297361374,-0.7924674153327942,watch,user3,walk
1763575553541546496,-0.0230236053466796,0.0001283138990402,0.1085996031761169,1.025540828704834,-0.1572986990213394,-0.8411743640899658,watch,user3,walk
1763575553551545600,-0.0165391564369201,-0.0106760561466217,0.1180387139320373,0.944551408290863,-0.1492868363857269,-0.885015606880188,watch,user3,walk
1763575553561544448,0.0004175305366516,-0.017575979232788,0.1263195276260376,0.8704443573951721,-0.1473192125558853,-0.9230234622955322,watch,user3,walk
1763575553571543552,0.022567868232727,-0.0217664539813995,0.1345429122447967,0.8337041735649109,-0.1482534408569336,-0.9542517066001892,watch,user3,walk
1763575553581542400,0.0420510172843933,-0.02545627951622,0.1381568312644958,0.8487594127655029,-0.1405075490474701,-0.978659689426422,watch,user3,walk
1763575553591540480,0.058876097202301,-0.0239033102989196,0.1370348334312439,0.9265003204345704,-0.1026943922042846,-0.9960471987724304,watch,user3,walk
1763575553601539584,0.0770175457000732,-0.0230855047702789,0.1309074163436889,1.0502159595489502,-0.0610403306782245,-1.0064570903778076,watch,user3,walk
1763575553611538688,0.1008360385894775,-0.0269038677215576,0.1196398138999939,1.1876888275146484,-0.0269553363323211,-1.0041478872299194,watch,user3,walk
1763575553621537536,0.1251021027565002,-0.0372017323970794,0.1167394518852233,1.298287272453308,-0.0054482677951455,-0.9893696904182434,watch,user3,walk
1763575553631536384,0.1383504271507263,-0.055970162153244,0.1168565452098846,1.3508192300796509,0.0034794467501342,-0.968049168586731,watch,user3,walk
1763575553641534464,0.1462537050247192,-0.0719304382801055,0.1175901293754577,1.3287807703018188,0.0063029304146766,-0.9440463781356812,watch,user3,walk
1763575553651533568,0.1437947750091552,-0.0845913290977478,0.1169161945581436,1.273106575012207,0.0015699602663516,-0.9055573344230652,watch,user3,walk
1763575553661532672,0.1346688270568847,-0.0901893973350524,0.1169245988130569,1.2363977432250977,0.000116407405585,-0.8646028637886047,watch,user3,walk
1763575553671531520,0.1178148984909057,-0.0942818522453308,0.1168315410614013,1.2244657278060913,-0.0003879955038428,-0.8233513236045837,watch,user3,walk
1763575553681530368,0.0931028127670288,-0.0977754890918731,0.1115786433219909,1.2265825271606443,0.0097982408478856,-0.7796615362167358,watch,user3,walk
1763575553691529472,0.0681728720664978,-0.1054628789424896,0.1016789376735687,1.227396845817566,0.0429511331021785,-0.7334657907485962,watch,user3,walk
1763575553701527552,0.045341670513153,-0.1228866279125213,0.0897317230701446,1.2170363664627075,0.086805410683155,-0.7022423148155212,watch,user3,walk
1763575553711526656,0.0281578302383422,-0.1456660330295562,0.0821056365966796,1.1728603839874268,0.1164887398481369,-0.6818049550056458,watch,user3,walk
1763575553721525504,0.0239779353141784,-0.1665641665458679,0.0755915641784668,1.0965288877487185,0.1314848214387893,-0.6599842309951782,watch,user3,walk
1763575553731524352,0.0268259644508361,-0.1832947134971618,0.0749062895774841,0.9888224005699158,0.1295969039201736,-0.6250158548355103,watch,user3,walk
1763575553741523456,0.0278387069702148,-0.1951974034309387,0.0779038965702056,0.8454328179359436,0.1195616647601127,-0.5794294476509094,watch,user3,walk
1763575553751521536,0.0197787284851074,-0.1994577944278717,0.0785831212997436,0.6837574243545532,0.1037371605634689,-0.5346158742904663,watch,user3,walk
1763575553761520640,0.0066489577293396,-0.2025720775127411,0.0759652853012085,0.5124215483665466,0.0816960409283638,-0.4898656010627746,watch,user3,walk
1763575553771519488,-0.0105923414230346,-0.1994012594223022,0.0669295787811279,0.3495644927024841,0.0583920553326606,-0.4501085877418518,watch,user3,walk
1763575553781518336,-0.0230879187583923,-0.1868478953838348,0.0560818910598754,0.2047135978937149,0.0484391972422599,-0.4094400703907013,watch,user3,walk
1763575553791517440,-0.0331853628158569,-0.1731543838977813,0.0474199056625366,0.0782315582036972,0.0486759543418884,-0.3621838688850403,watch,user3,walk
1763575553801515520,-0.0395599603652954,-0.1574924886226654,0.0347153544425964,-0.0296645052731037,0.0529126860201358,-0.3089818358421325,watch,user3,walk
1763575553811514624,-0.0400102138519287,-0.1440650522708892,0.0259010195732116,-0.125438705086708,0.0560807846486568,-0.2590702176094055,watch,user3,walk
1763575553821513728,-0.0409880280494689,-0.1335930824279785,0.0179899036884307,-0.1990266889333725,0.0599989145994186,-0.1995122581720352,watch,user3,walk
1763575553831512576,-0.0384935736656188,-0.1222854256629943,0.0094051957130432,-0.2244817167520523,0.0612894818186759,-0.1384084224700927,watch,user3,walk
1763575553841511424,-0.035448670387268,-0.1081517934799194,0.0023963749408721,-0.2074277549982071,0.0730276331305503,-0.0749297887086868,watch,user3,walk
1763575553851509504,-0.0379592776298522,-0.0911890268325805,0.0050359070301055,-0.164775088429451,0.0872390568256378,-0.0095284115523099,watch,user3,walk
1763575553861508608,-0.0385624170303344,-0.0829648971557617,0.0014853179454803,-0.0665983781218528,0.0862234160304069,0.0560424737632274,watch,user3,walk
1763575553871507712,-0.0351128578186035,-0.0677821934223175,0.0023220777511596,0.0408066436648368,0.0996859669685363,0.1218696907162666,watch,user3,walk
1763575553881506560,-0.0438900589942932,-0.0588329136371612,0.0161641538143157,0.1512864083051681,0.1172851920127868,0.1895639896392822,watch,user3,walk
1763575553891505408,-0.0539078116416931,-0.0644256174564361,0.024458110332489,0.2577196657657623,0.1319973021745681,0.2489247769117355,watch,user3,walk
1763575553901503488,-0.0620752573013305,-0.0698088705539703,0.0357709825038909,0.353839635848999,0.1543617248535156,0.3023823499679565,watch,user3,walk
1763575553911502592,-0.074083387851715,-0.0685755312442779,0.0515424311161041,0.4263487458229065,0.1802330017089843,0.348218023777008,watch,user3,walk
1763575553921501696,-0.0796105861663818,-0.0679757297039032,0.0581306219100952,0.4798168838024139,0.2088249772787094,0.3941472172737121,watch,user3,walk
1763575553931500544,-0.0825995206832885,-0.0680757761001586,0.0591220259666442,0.5072442293167114,0.2366550117731094,0.4298237264156341,watch,user3,walk
1763575553941499392,-0.0816065073013305,-0.068217396736145,0.0573121905326843,0.5289899706840515,0.2546621263027191,0.4693393111228943,watch,user3,walk
1763575553951497472,-0.0768019556999206,-0.065776914358139,0.0495970547199249,0.5269089341163635,0.2701340317726135,0.5031058192253113,watch,user3,walk
1763575553961496576,-0.0754846930503845,-0.0565453469753265,0.0472515821456909,0.5027623772621155,0.2812627851963043,0.526538074016571,watch,user3,walk
1763575553971495680,-0.0709049701690673,-0.0509412884712219,0.0409413576126098,0.457712858915329,0.2860977351665497,0.5418773293495178,watch,user3,walk
1763575553981494528,-0.0639865398406982,-0.0401370525360107,0.0346559882164001,0.3895978927612304,0.2917732000350952,0.5632714033126831,watch,user3,walk
1763575553991493376,-0.0575996041297912,-0.0336231291294097,0.0275803506374359,0.2984144389629364,0.2872663140296936,0.5893735289573669,watch,user3,walk
1763575554001492480,-0.0534327626228332,-0.0289834439754486,0.0136751234531402,0.1978367865085601,0.2776707708835602,0.6096306443214417,watch,user3,walk
1763575554011490560,-0.0536441206932067,-0.0188309848308563,-0.0011388659477233,0.109690673649311,0.2496197074651718,0.6176398396492004,watch,user3,walk
1763575554021489664,-0.052926480770111,-0.0070502758026123,-0.019467294216156,0.024068584665656,0.2259269058704376,0.6099720001220703,watch,user3,walk
1763575554031488512,-0.0560086965560913,0.0104231834411621,-0.0369679778814315,-0.0570536963641643,0.2111503630876541,0.5911921858787537,watch,user3,walk
1763575554041487360,-0.0576980113983154,0.0249230563640594,-0.0529481023550033,-0.1264269649982452,0.1998626291751861,0.568181037902832,watch,user3,walk
1763575554051486464,-0.0600475072860717,0.0330234467983245,-0.0646731853485107,-0.1878874003887176,0.1808876097202301,0.5369471907615662,watch,user3,walk
1763575554061484544,-0.0613048672676086,0.0405629277229309,-0.0736934244632721,-0.2437738180160522,0.1504756361246109,0.4957030117511749,watch,user3,walk
1763575554071483648,-0.0573896765708923,0.0496945083141326,-0.0840511173009872,-0.2857122123241424,0.121287927031517,0.4545936584472656,watch,user3,walk
1763575554081482752,-0.0510567426681518,0.0595439374446868,-0.0947447270154953,-0.301219493150711,0.1019610092043876,0.4165210127830505,watch,user3,walk
1763575554091481344,-0.0388367772102355,0.0727965831756591,-0.0981993079185485,-0.2699398696422577,0.0834866613149643,0.3817140460014343,watch,user3,walk
1763575554101480448,-0.0227941274642944,0.0863447487354278,-0.0942926406860351,-0.2022000253200531,0.0709259510040283,0.3433788418769836,watch,user3,walk
1763575554111478528,-0.0002052187919616,0.0975758731365203,-0.0879997014999389,-0.1146805509924888,0.0676830187439918,0.3080402910709381,watch,user3,walk
1763575554121477632,0.0376750826835632,0.1013284623622894,-0.0762429684400558,-0.0125227142125368,0.0773755088448524,0.2736313939094543,watch,user3,walk
1763575554131476736,0.0895027518272399,0.1035789549350738,-0.0644149035215377,0.0831369683146476,0.1022627502679824,0.2374773770570755,watch,user3,walk
1763575554141475328,0.1625232100486755,0.1038437783718109,-0.0588870048522949,0.1464424282312393,0.1217102110385894,0.2042216807603836,watch,user3,walk
1763575554151474432,0.2574570775032043,0.1041515171527862,-0.0645185708999633,0.1665735244750976,0.1263001710176468,0.1740352809429168,watch,user3,walk
1763575554161472512,0.3538259863853454,0.1043292582035064,-0.06587815284729,0.1514113098382949,0.1024761572480201,0.1699210405349731,watch,user3,walk
1763575554171471616,0.4175132513046264,0.1053522229194641,-0.0482452511787414,0.1230720877647399,0.0404719077050685,0.1899552047252655,watch,user3,walk
1763575554181470720,0.4224293231964111,0.1092122793197631,-0.0248885601758956,0.0962598696351051,-0.0396281667053699,0.1985327899456024,watch,user3,walk
1763575554191469312,0.3737854361534118,0.1061230897903442,0.0038057565689086,0.0529265105724334,-0.092406690120697,0.169216975569725,watch,user3,walk
1763575554201468416,0.2967031002044678,0.0894050896167755,0.0314812064170837,-0.012453737668693,-0.1097855940461158,0.1165890470147132,watch,user3,walk
1763575554211466496,0.2263551354408264,0.0599061846733093,0.0553610473871231,-0.1278064250946045,-0.1257424503564834,0.0610900968313217,watch,user3,walk
1763575554221465600,0.1676072478294372,0.030534952878952,0.0801327377557754,-0.3066504299640655,-0.1507773250341415,2.8142123483121395e-05,watch,user3,walk
1763575554231464704,0.1214053630828857,0.0061797797679901,0.0928857922554016,-0.5578289031982422,-0.1958063244819641,-0.0720077008008956,watch,user3,walk
1763575554241463296,0.0743456482887268,-0.0156070590019226,0.0897719413042068,-0.8600234389305115,-0.256539523601532,-0.1579160839319229,watch,user3,walk
1763575554251462400,0.0172256827354431,-0.0253986418247222,0.0671428442001342,-1.162142038345337,-0.3170523941516876,-0.2529219686985016,watch,user3,walk
1763575554261460480,-0.0485528111457824,-0.0284838676452636,0.033559039235115,-1.39732825756073,-0.3498487174510956,-0.3515692353248596,watch,user3,walk
1763575554271459584,-0.1137325763702392,-0.0244655609130859,-0.0024406164884567,-1.5110758543014526,-0.3472912907600403,-0.4572836756706238,watch,user3,walk
1763575554281458688,-0.1692925691604614,-0.0138016641139984,-0.0283812880516052,-1.499905347824097,-0.3147724568843841,-0.5657346248626709,watch,user3,walk
1763575554291457536,-0.2107024192810058,-0.0048816502094268,-0.0340967774391174,-1.3881464004516602,-0.2667644619941711,-0.6637783646583557,watch,user3,walk
1763575554301456384,-0.2377749681472778,0.0016984045505523,-0.027154192328453,-1.220064997673035,-0.2242747992277145,-0.7384685277938843,watch,user3,walk
1763575554311454464,-0.2409642338752746,0.0056579113006591,-0.0204481929540634,-1.0196360349655151,-0.1973358541727066,-0.7930737137794495,watch,user3,walk
1763575554321453568,-0.2099639177322387,0.0016834139823913,-0.0167713016271591,-0.8076897859573364,-0.1709228903055191,-0.8182882070541382,watch,user3,walk
1763575554331452672,-0.1494210958480835,-0.0092722475528717,1.5988945960998535e-05,-0.5998591184616089,-0.1555524617433548,-0.8127794861793518,watch,user3,walk
1763575554341451520,-0.0751091837882995,-0.0275520384311676,0.0333458185195922,-0.427057534456253,-0.1782882958650589,-0.784024178981781,watch,user3,walk
1763575554351450368,-0.0001008510589599,-0.0404432117938995,0.0673136115074157,-0.2991781234741211,-0.2354948669672012,-0.7349693179130554,watch,user3,walk
1763575554361449472,0.0664434432983398,-0.0498988628387451,0.0963834524154663,-0.1965921521186828,-0.3015864491462707,-0.6711380481719971,watch,user3,walk
1763575554371447552,0.1255780458450317,-0.0563969314098358,0.1166605949401855,-0.0895160362124443,-0.3530222177505493,-0.5871888399124146,watch,user3,walk
1763575554381446656,0.1711750626564026,-0.0571229159832,0.1314622163772583,0.0328992269933223,-0.3972711563110351,-0.4993835389614105,watch,user3,walk
1763575554391445760,0.1993815302848816,-0.0575990676879882,0.1408166289329528,0.1564171612262725,-0.4493007957935333,-0.4187771081924438,watch,user3,walk
1763575554401444352,0.2039960622787475,-0.0603845119476318,0.1429997086524963,0.2621607780456543,-0.4829147160053253,-0.3547629117965698,watch,user3,walk
1763575554411443456,0.1951239109039306,-0.0667694211006164,0.1406121402978897,0.3237058818340301,-0.4666209518909454,-0.3034499287605285,watch,user3,walk
1763575554421441536,0.1831267476081848,-0.0794642865657806,0.1413993537425995,0.3280666470527649,-0.4252680838108063,-0.2686198949813843,watch,user3,walk
1763575554431440640,0.1706253290176391,-0.0920008718967437,0.146661639213562,0.2907810509204864,-0.4167545139789581,-0.2507492899894714,watch,user3,walk
1763575554441439744,0.1559042930603027,-0.1066848337650299,0.1539692878723144,0.2468345910310745,-0.4367102682590484,-0.2388974875211715,watch,user3,walk
1763575554451438336,0.1353636384010315,-0.1227408349514007,0.1498097777366638,0.212515503168106,-0.4534083008766174,-0.2173913866281509,watch,user3,walk
1763575554461437440,0.1115113496780395,-0.1422448754310608,0.1351524889469146,0.1695058941841125,-0.4325454235076904,-0.1946413367986679,watch,user3,walk
1763575554471435520,0.0832158327102661,-0.1638655662536621,0.1227070689201355,0.0771413519978523,-0.3857696652412414,-0.1836627274751663,watch,user3,walk
1763575554481434624,0.066016137599945,-0.1866057515144348,0.1218253672122955,-0.0978693962097168,-0.3472320735454559,-0.1721400916576385,watch,user3,walk
1763575554491433728,0.0579042434692382,-0.2054394781589508,0.1340540051460266,-0.3598272502422333,-0.3332187831401825,-0.1567539423704147,watch,user3,walk
1763575554501432320,0.0539188385009765,-0.2122441828250885,0.1461358368396759,-0.6932801008224487,-0.3440819680690765,-0.1404738426208496,watch,user3,walk
1763575554511431424,0.046719491481781,-0.2047279179096222,0.1533942818641662,-1.0332733392715454,-0.3713061213493347,-0.1243276298046112,watch,user3,walk
1763575554521429504,0.0364642739295959,-0.1921853125095367,0.1486279368400573,-1.2923673391342163,-0.3989423811435699,-0.1048500016331672,watch,user3,walk
1763575554531428608,0.0258391499519348,-0.1741021275520324,0.1343282461166381,-1.4183436632156372,-0.4073497056961059,-0.0792969688773155,watch,user3,walk
1763575554541427712,0.0081875324249267,-0.1534581184387207,0.1143316030502319,-1.4141641855239868,-0.3955419659614563,-0.0618914850056171,watch,user3,walk
1763575554551426560,-0.0083093047142028,-0.1408750116825103,0.0990074276924133,-1.3220123052597046,-0.3690560162067413,-0.0391635335981845,watch,user3,walk
1763575554561425408,-0.0204253196716308,-0.1329558193683624,0.0911815762519836,-1.1837711334228516,-0.3378793895244598,-0.0121591491624712,watch,user3,walk
1763575554571423488,-0.0252002477645874,-0.1335044801235199,0.0957657098770141,-1.0442036390304563,-0.3153192102909088,0.0285222344100475,watch,user3,walk
1763575554581422592,-0.0242823958396911,-0.1345691084861755,0.109181135892868,-0.9345710277557372,-0.3106781244277954,0.0798862874507904,watch,user3,walk
1763575554591421696,-0.0156590342521667,-0.1377150118350982,0.124621033668518,-0.8748411536216736,-0.3185642957687378,0.1452442705631256,watch,user3,walk
1763575554601420544,-0.005100667476654,-0.1430171728134155,0.1349743008613586,-0.8585326075553894,-0.3377496302127838,0.2134223729372024,watch,user3,walk
1763575554611419392,-5.5849552154541016e-05,-0.1462661623954773,0.1355400383472442,-0.8712161779403687,-0.3575534224510193,0.287097156047821,watch,user3,walk
1763575554621417472,0.002527892589569,-0.1473868489265442,0.1254907846450805,-0.9039624333381652,-0.3592679500579834,0.365895003080368,watch,user3,walk
1763575554631416576,0.0028855204582214,-0.1456665694713592,0.1105496883392334,-0.9314646124839784,-0.3420700430870056,0.4412273168563843,watch,user3,walk
1763575554641415680,0.0027598738670349,-0.1401166915893554,0.0958786606788635,-0.9468910694122314,-0.3199273645877838,0.524829626083374,watch,user3,walk
1763575554651414528,0.0057061910629272,-0.1292822062969207,0.0811076462268829,-0.9610239267349244,-0.292343407869339,0.601345956325531,watch,user3,walk
1763575554661413376,0.0145030617713928,-0.1148735284805297,0.0688405036926269,-0.974512815475464,-0.2719345390796661,0.6829269528388977,watch,user3,walk
1763575554671412480,0.0225008130073547,-0.1037024557590484,0.0585523843765258,-0.990493655204773,-0.2571928799152374,0.7607040405273438,watch,user3,walk
1763575554681410560,0.0303292274475097,-0.0923721492290496,0.0496004819869995,-1.012999176979065,-0.254862517118454,0.8405306935310364,watch,user3,walk
1763575554691409664,0.0347790122032165,-0.084817349910736,0.048167884349823,-1.0471559762954712,-0.2574300765991211,0.9195905923843384,watch,user3,walk
1763575554701408512,0.0354945063591003,-0.0769208371639251,0.0529598891735076,-1.0924772024154663,-0.2687541246414184,0.99204683303833,watch,user3,walk
1763575554711407360,0.0328374505043029,-0.0695559382438659,0.0581797063350677,-1.1565093994140625,-0.2881720066070556,1.050371170043945,watch,user3,walk
1763575554721406464,0.0309135317802429,-0.0626051723957061,0.0586324632167816,-1.2250447273254397,-0.3176153004169464,1.1040728092193604,watch,user3,walk
1763575554731404544,0.0284486413002014,-0.0557234287261962,0.0576869249343872,-1.2992972135543823,-0.344767302274704,1.1541727781295776,watch,user3,walk
1763575554741403648,0.0307797193527221,-0.0452745258808136,0.0630317479372024,-1.3703455924987793,-0.3661406636238098,1.198581576347351,watch,user3,walk
1763575554751402496,0.0306438207626342,-0.0335782468318939,0.0683560371398925,-1.4499015808105469,-0.3889802098274231,1.2430182695388794,watch,user3,walk
1763575554761401600,0.0378798246383667,-0.019128680229187,0.07898510992527,-1.5331120491027832,-0.4216955304145813,1.2754411697387695,watch,user3,walk
1763575554771400448,0.0467624068260192,-0.0056847035884857,0.0916565060615539,-1.6148087978363037,-0.453202873468399,1.3119696378707886,watch,user3,walk
1763575554781398528,0.0516084432601928,0.0078729391098022,0.1041672974824905,-1.6894875764846802,-0.4810958504676819,1.338551044464111,watch,user3,walk
1763575554791397632,0.057859182357788,0.0184288322925567,0.1132928133010864,-1.760617733001709,-0.5035295486450195,1.3626097440719604,watch,user3,walk
1763575554801396736,0.0601705908775329,0.0340215265750885,0.1203212738037109,-1.809037446975708,-0.5306857228279114,1.3784165382385254,watch,user3,walk
1763575554811395584,0.0607005953788757,0.0530897676944732,0.1282721757888794,-1.8373676538467407,-0.5486266016960144,1.3862627744674685,watch,user3,walk
1763575554821394432,0.0604010820388793,0.0710543990135192,0.1294774562120437,-1.8414719104766848,-0.5545343160629272,1.3814852237701416,watch,user3,walk
1763575554831392512,0.0601831078529357,0.0893596112728118,0.1327568888664245,-1.82538902759552,-0.5418509840965271,1.3626409769058228,watch,user3,walk
1763575554841391616,0.0582780241966247,0.1032238006591796,0.1352189779281616,-1.8205839395523071,-0.5295813083648682,1.348941445350647,watch,user3,walk
1763575554851390720,0.0615473985671997,0.110680878162384,0.1416710019111633,-1.84858512878418,-0.5182101130485535,1.3292971849441528,watch,user3,walk
1763575554861389568,0.0724385976791381,0.1129106283187866,0.1513079404830932,-1.9292610883712769,-0.5147845149040222,1.2992165088653564,watch,user3,walk
1763575554871388416,0.0853603482246398,0.1114238500595092,0.1595142483711242,-2.0502398014068604,-0.504562497138977,1.2676324844360352,watch,user3,walk
1763575554881386496,0.107829213142395,0.1139001548290252,0.166786253452301,-2.187089204788208,-0.4893403649330139,1.2303844690322876,watch,user3,walk
1763575554891385600,0.1302775144577026,0.1205839812755584,0.1753055453300476,-2.329286336898804,-0.4707581698894501,1.1888495683670044,watch,user3,walk
1763575554901384704,0.1520693898200988,0.1288309693336486,0.1811849772930145,-2.4426987171173096,-0.4703765511512756,1.1450024843215942,watch,user3,walk
1763575554911383552,0.1591878533363342,0.1367412656545639,0.1861694157123565,-2.529696226119995,-0.4721169173717499,1.1125541925430298,watch,user3,walk
1763575554921382400,0.1494851112365722,0.1466367691755294,0.1834577918052673,-2.5873923301696777,-0.4591729640960693,1.0751750469207764,watch,user3,walk
1763575554931380480,0.1277007460594177,0.1545291692018509,0.1750696003437042,-2.6235365867614746,-0.433462530374527,1.0365650653839111,watch,user3,walk
1763575554941379584,0.1025527715682983,0.1590662747621536,0.1622084379196167,-2.6435546875,-0.4001877605915069,0.9811477065086364,watch,user3,walk
1763575554951378688,0.0743308067321777,0.1604234874248504,0.1481356769800186,-2.656288385391236,-0.3779913783073425,0.9287585616111756,watch,user3,walk
1763575554961377536,0.0475233197212219,0.1596860736608505,0.1394969224929809,-2.666987180709839,-0.3527730107307434,0.881217896938324,watch,user3,walk
1763575554971376384,0.0190854668617248,0.1567629426717758,0.1396389603614807,-2.6849849224090576,-0.3297851383686065,0.8329230546951294,watch,user3,walk
1763575554981375488,-0.0106940865516662,0.1561859101057052,0.1412850022315979,-2.703298330307007,-0.3051583766937256,0.7803953886032104,watch,user3,walk
1763575554991373568,-0.0419793128967285,0.1564775109291076,0.1370349526405334,-2.707839012145996,-0.2853234112262726,0.72371906042099,watch,user3,walk
1763575555001372672,-0.0725258588790893,0.1598806530237198,0.1253898739814758,-2.6769611835479736,-0.2712166309356689,0.6693103909492493,watch,user3,walk
1763575555011371520,-0.1020464897155761,0.1614842414855957,0.0996463447809219,-2.6068358421325684,-0.248205080628395,0.6171033978462219,watch,user3,walk
1763575555021370624,-0.1256585717201233,0.1631721705198288,0.0698830187320709,-2.505888700485229,-0.2206264436244964,0.5696060061454773,watch,user3,walk
1763575555031369472,-0.1412978172302246,0.15925133228302,0.0444309115409851,-2.394853353500366,-0.1810750365257263,0.5290226340293884,watch,user3,walk
1763575555041367552,-0.1477074027061462,0.154201477766037,0.0322406888008117,-2.2954089641571045,-0.1409095227718353,0.4905728995800018,watch,user3,walk
1763575555051366656,-0.1456243991851806,0.1484064310789108,0.026680052280426,-2.210707902908325,-0.1080586165189743,0.4650193154811859,watch,user3,walk
1763575555061365504,-0.127187430858612,0.1478877365589141,0.0255910158157348,-2.139186143875122,-0.090731032192707,0.4475358724594116,watch,user3,walk
1763575555071364608,-0.1022751927375793,0.1561684161424636,0.0147165209054946,-2.043373346328736,-0.0869386866688728,0.4401804804801941,watch,user3,walk
1763575555081363456,-0.0790630578994751,0.1743339598178863,-0.0119106322526931,-1.8958467245101929,-0.0891903862357139,0.4346924424171448,watch,user3,walk
1763575555091361536,-0.0644392371177673,0.1930646002292633,-0.0510275959968566,-1.6839946508407593,-0.0876795798540115,0.4203284382820129,watch,user3,walk
1763575555101360640,-0.0561608672142028,0.207413300871849,-0.0949944257736206,-1.417574167251587,-0.0750419944524765,0.3841724097728729,watch,user3,walk
1763575555111359488,-0.048208475112915,0.2132599204778671,-0.1235891431570053,-1.1355273723602295,-0.0530810356140136,0.3257759511470794,watch,user3,walk
1763575555121358592,-0.0389344096183776,0.2138236910104751,-0.1385460346937179,-0.8664238452911377,-0.0225333347916603,0.2585702836513519,watch,user3,walk
1763575555131357440,-0.0324212908744812,0.1996998488903045,-0.1432428956031799,-0.6300871968269348,0.0038926801644265,0.1898732334375381,watch,user3,walk
1763575555141355520,-0.0240309238433837,0.1799840778112411,-0.1582687348127365,-0.4131123125553131,0.0090389726683497,0.1120215952396392,watch,user3,walk
1763575555151354624,-0.0195989608764648,0.1659382134675979,-0.1861092448234558,-0.1857044398784637,0.0089574800804257,0.0293735805898904,watch,user3,walk
1763575555161353472,-0.0191759467124938,0.1571293622255325,-0.2248714566230774,0.0743148922920227,0.0127237224951386,-0.0572678372263908,watch,user3,walk
1763575555171352576,-0.0167875885963439,0.1469997465610504,-0.2750971913337707,0.3946550786495209,0.0348822884261608,-0.1574234664440155,watch,user3,walk
1763575555181351424,-0.0080174803733825,0.137514129281044,-0.3285835385322571,0.7559965252876282,0.0603361614048481,-0.2656741142272949,watch,user3,walk
1763575555191350528,0.0187879800796508,0.1194503605365753,-0.375198483467102,1.1255426406860352,0.0502571612596511,-0.3744264245033264,watch,user3,walk
1763575555201348608,0.0507260560989379,0.0913761705160141,-0.4028280377388,1.434544324874878,0.004305203910917,-0.4663161337375641,watch,user3,walk
1763575555211347456,0.0785079598426818,0.049966424703598,-0.4044600129127502,1.621776461601257,-0.063721515238285,-0.5249962210655212,watch,user3,walk
1763575555221346560,0.0915475487709045,-0.0063088089227676,-0.3792749047279358,1.6451457738876345,-0.127986878156662,-0.5576567649841309,watch,user3,walk
1763575555231345664,0.0832800269126892,-0.0742183178663253,-0.3294366598129272,1.503890872001648,-0.1864152997732162,-0.573183000087738,watch,user3,walk
1763575555241344512,0.0584827065467834,-0.1388352960348129,-0.2641870677471161,1.2313990592956543,-0.2483123987913131,-0.5675747990608215,watch,user3,walk
1763575555251342592,0.0294028520584106,-0.1875662356615066,-0.1925438642501831,0.8868679404258728,-0.3149074018001556,-0.5496019124984741,watch,user3,walk
1763575555261341696,0.0054661631584167,-0.214528277516365,-0.1242453455924987,0.5284707546234131,-0.3889562487602234,-0.5213778614997864,watch,user3,walk
1763575555271340544,-0.0104598999023437,-0.2183722257614135,-0.0717012882232666,0.2062738239765167,-0.4576772451400757,-0.4866859018802643,watch,user3,walk
1763575555281339648,-0.0130215883255004,-0.2107715159654617,-0.0468216240406036,-0.0772601217031478,-0.5197809338569641,-0.4390822350978851,watch,user3,walk
1763575555291338496,-0.0152842998504638,-0.1974504590034485,-0.0408297032117843,-0.3357417285442352,-0.5771584510803223,-0.3780575096607208,watch,user3,walk
1763575555301336576,-0.0265524387359619,-0.1867748647928238,-0.0416047573089599,-0.5852197408676147,-0.6142051815986633,-0.313857764005661,watch,user3,walk
1763575555311335680,-0.0409722924232482,-0.1770036518573761,-0.0480535477399826,-0.8310859799385071,-0.6299564838409424,-0.2625418305397033,watch,user3,walk
1763575555321334528,-0.0563486218452453,-0.1660319864749908,-0.0413850396871566,-1.075583815574646,-0.6262211799621582,-0.2355795204639434,watch,user3,walk
1763575555331333632,-0.0649808049201965,-0.1537901163101196,-0.0276568233966827,-1.2992565631866455,-0.6201193332672119,-0.2242472469806671,watch,user3,walk
1763575555341332736,-0.0571033358573913,-0.1351392865180969,-0.0139508545398712,-1.4656661748886108,-0.6184292435646057,-0.2192883640527725,watch,user3,walk
1763575555351330816,-0.0397353172302246,-0.1071000099182128,-0.0039339363574981,-1.5659948587417605,-0.611981987953186,-0.2113862335681915,watch,user3,walk
1763575555361329664,-0.0264821052551269,-0.0757186114788055,-0.0029079169034957,-1.5866254568099976,-0.5962310433387756,-0.1909035295248031,watch,user3,walk
1763575555371328512,-0.0160096883773803,-0.0465290248394012,-0.0008315742015838,-1.5375865697860718,-0.5655514597892761,-0.1730473041534423,watch,user3,walk
1763575555381327616,-0.0111373662948608,-0.0243321657180786,-0.0018860548734664,-1.4353513717651367,-0.5261110663414001,-0.1602165848016739,watch,user3,walk
1763575555391326720,-0.0064495205879211,-0.0118398070335388,-0.0072034299373626,-1.2781391143798828,-0.4895552098751068,-0.1537182182073593,watch,user3,walk
1763575555401324800,-0.0004732608795166,-0.0037268102169036,-0.0151011943817138,-1.0963265895843506,-0.4583064615726471,-0.1507321447134018,watch,user3,walk
1763575555411323648,0.0056945085525512,-0.0071548521518707,-0.0217146128416061,-0.9079013466835022,-0.4242933690547943,-0.1415253281593322,watch,user3,walk
1763575555421322496,0.0098533034324646,-0.0155962705612182,-0.0198682397603988,-0.734562337398529,-0.389607310295105,-0.1288056671619415,watch,user3,walk
1763575555431321600,0.0121322274208068,-0.0271693468093872,-0.013925552368164,-0.5851456522941589,-0.3542522490024566,-0.1070620268583297,watch,user3,walk
1763575555441320704,0.0075460076332092,-0.0435681641101837,0.0037608444690704,-0.4802915155887604,-0.3173798024654388,-0.0864126682281494,watch,user3,walk
1763575555451319808,0.0010881423950195,-0.0619576275348663,0.0184706002473831,-0.4179631471633911,-0.2739705443382263,-0.0599011704325675,watch,user3,walk
1763575555461317888,-0.0019394755363464,-0.0764862895011901,0.0325379967689514,-0.3963804841041565,-0.2306971102952957,-0.0216917991638183,watch,user3,walk
1763575555471316480,-0.0050494670867919,-0.0876605510711669,0.041379228234291,-0.3956457078456878,-0.1937838345766067,0.0242208316922187,watch,user3,walk
1763575555481315584,-0.0124254822731018,-0.0927934348583221,0.0426763296127319,-0.4090912044048309,-0.1593686789274215,0.0744760781526565,watch,user3,walk
1763575555491314688,-0.0235260725021362,-0.0938452780246734,0.0387148559093475,-0.422238677740097,-0.1354726701974868,0.1266894787549972,watch,user3,walk
1763575555501313792,-0.0411170721054077,-0.0925659835338592,0.0251493006944656,-0.436244249343872,-0.1062135845422744,0.1738585829734802,watch,user3,walk
1763575555511311872,-0.061767041683197,-0.093111366033554,0.0108214020729064,-0.4438427686691284,-0.0746119767427444,0.2214367538690567,watch,user3,walk
1763575555521310464,-0.0826393365859985,-0.0928536653518676,-0.001969501376152,-0.4558034241199493,-0.0305984504520893,0.265602558851242,watch,user3,walk
1763575555531309568,-0.0983493328094482,-0.0887409448623657,-0.0136753916740417,-0.4690459966659546,0.0160239115357399,0.3112427592277527,watch,user3,walk
1763575555541308672,-0.1059290766716003,-0.0809797644615173,-0.0203995704650878,-0.4976888000965118,0.064622513949871,0.357714831829071,watch,user3,walk
1763575555551307776,-0.1084901094436645,-0.0711747705936431,-0.0257350802421569,-0.5306083559989929,0.1095673590898513,0.4033015072345733,watch,user3,walk
1763575555561305856,-0.1070232987403869,-0.0595396161079406,-0.0355249941349029,-0.5766534209251404,0.1472054570913314,0.4614894390106201,watch,user3,walk
1763575555571304448,-0.1076975464820861,-0.0459010303020477,-0.0529406517744064,-0.6146607398986816,0.1805626153945922,0.5252586007118225,watch,user3,walk
1763575555581303552,-0.1054316163063049,-0.0313571989536285,-0.07202909886837,-0.6631293296813965,0.214766040444374,0.5811825394630432,watch,user3,walk
1763575555591302656,-0.1018034815788269,-0.013954758644104,-0.0897615849971771,-0.7037169337272644,0.2376199513673782,0.6382154822349548,watch,user3,walk
1763575555601301760,-0.0962831974029541,0.0034821927547454,-0.1140931844711303,-0.7297227382659912,0.2517999708652496,0.6939992308616638,watch,user3,walk
1763575555611299840,-0.0905830264091491,0.0221643149852752,-0.1365257948637008,-0.7346053719520569,0.256369948387146,0.7394330501556396,watch,user3,walk
1763575555621298432,-0.0854968428611755,0.0448063015937805,-0.1553302109241485,-0.701409637928009,0.2544149160385132,0.7671946287155151,watch,user3,walk
1763575555631297536,-0.0823633074760437,0.072047472000122,-0.1738588213920593,-0.6292051672935486,0.2473271638154983,0.7970947623252869,watch,user3,walk
1763575555641296640,-0.0785691142082214,0.1019592881202697,-0.1893329918384552,-0.5016958117485046,0.2263437807559967,0.8045654296875,watch,user3,walk
1763575555651295744,-0.0759397149085998,0.1328725814819336,-0.2027755826711654,-0.3184878826141357,0.1971126496791839,0.7974497079849243,watch,user3,walk
1763575555661293824,-0.0797716975212097,0.1694765239953994,-0.2061363458633422,-0.0808217003941536,0.1698912382125854,0.7845665812492371,watch,user3,walk
1763575555671292416,-0.0842506289482116,0.2029665112495422,-0.2128430604934692,0.1959656924009323,0.1677074432373047,0.7632506489753723,watch,user3,walk
1763575555681291520,-0.0859630107879638,0.2327386438846588,-0.2188192009925842,0.4983618557453155,0.1709163784980774,0.7214897274971008,watch,user3,walk
1763575555691290624,-0.0828967094421386,0.2520902752876282,-0.2206244170665741,0.8080211877822876,0.1744402796030044,0.659820020198822,watch,user3,walk
1763575555701289728,-0.0701976418495178,0.2719285786151886,-0.2161454260349273,1.14895498752594,0.1303175538778305,0.5862662196159363,watch,user3,walk
1763575555711287808,-0.0471311211585998,0.3083147704601288,-0.2295202910900116,1.5139074325561523,0.0513180755078792,0.4853273928165436,watch,user3,walk
1763575555721286656,-0.029229998588562,0.3683035969734192,-0.2385146021842956,1.8845840692520144,-0.0251770541071891,0.363911360502243,watch,user3,walk
1763575555731285504,-0.0239869952201843,0.414897084236145,-0.2426092326641082,2.229893207550049,-0.0411096811294555,0.2386106848716735,watch,user3,walk
1763575555741284608,-0.0340844392776489,0.4143844842910766,-0.2388340681791305,2.508080005645752,-0.0355688892304897,0.1136552989482879,watch,user3,walk
1763575555751283712,-0.043792724609375,0.3757198750972748,-0.2396830767393112,2.677372932434082,-0.0576946958899498,-0.0284983739256858,watch,user3,walk
1763575555761282560,-0.0483348965644836,0.3424274027347564,-0.2253632396459579,2.700347185134888,-0.1143072843551635,-0.2019300907850265,watch,user3,walk
1763575555771280640,-0.0506585240364074,0.3185284733772278,-0.1962852776050567,2.620879411697388,-0.2080734670162201,-0.3784225583076477,watch,user3,walk
1763575555781279488,-0.0515153408050537,0.2999542951583862,-0.1854956150054931,2.534907102584839,-0.3064263761043548,-0.5418962240219116,watch,user3,walk
1763575555791278592,-0.0515429377555847,0.2990202307701111,-0.1787155866622924,2.494797468185425,-0.4058853387832641,-0.6922908425331116,watch,user3,walk
1763575555801277696,-0.0444759130477905,0.312059223651886,-0.1751272678375244,2.5025906562805176,-0.470427930355072,-0.8129734396934509,watch,user3,walk
1763575555811276800,-0.0325061678886413,0.3149077296257019,-0.1802687346935272,2.6427903175354004,-0.5111618041992188,-0.901441216468811,watch,user3,walk
1763575555821274880,-0.0077854394912719,0.3139020502567291,-0.190367043018341,2.90418553352356,-0.5415374040603638,-0.9849942922592164,watch,user3,walk
1763575555831273472,0.0225185751914978,0.3360285758972168,-0.199289321899414,3.247650146484375,-0.5823274254798889,-1.0900928974151611,watch,user3,walk
1763575555841272576,0.0549896955490112,0.3780637383460998,-0.2174574732780456,3.620617389678955,-0.5997966527938843,-1.1980513334274292,watch,user3,walk
1763575555851271680,0.079555869102478,0.4108775854110718,-0.245483785867691,4.010656356811523,-0.5665601491928101,-1.3074475526809692,watch,user3,walk
1763575555861270784,0.1100214123725891,0.4142015874385834,-0.2687808275222778,4.377374649047852,-0.5426648855209351,-1.4247931241989136,watch,user3,walk
1763575555871268864,0.155101478099823,0.4007400274276733,-0.2544561326503753,4.663052558898926,-0.5324658155441284,-1.5369377136230469,watch,user3,walk
1763575555881267456,0.1995376348495483,0.3766574263572693,-0.1940352618694305,4.833041191101074,-0.5661669969558716,-1.6173454523086548,watch,user3,walk
1763575555891266560,0.2351070642471313,0.3420242965221405,-0.1362513899803161,4.878951072692871,-0.6472970247268677,-1.6590957641601562,watch,user3,walk
1763575555901265664,0.2573671340942383,0.3214462399482727,-0.0804125666618347,4.829596996307373,-0.7414296269416809,-1.6775211095809937,watch,user3,walk
1763575555911264768,0.2554718255996704,0.2973625063896179,-0.0271973609924316,4.731812477111816,-0.8258848786354065,-1.6873493194580078,watch,user3,walk
1763575555921262848,0.2391432523727417,0.2661668062210083,0.0090582966804504,4.622091770172119,-0.9151402711868286,-1.7078351974487305,watch,user3,walk
1763575555931261696,0.2217106223106384,0.2380426824092865,0.0327971577644348,4.481046199798584,-1.007334589958191,-1.7459931373596191,watch,user3,walk
1763575555941260544,0.2004194855690002,0.2127932012081146,0.0555585920810699,4.312369346618652,-1.0943892002105713,-1.796895146369934,watch,user3,walk
1763575555951259648,0.1812708377838134,0.1851675063371658,0.0702782273292541,4.119441986083984,-1.1869556903839111,-1.8617208003997805,watch,user3,walk
1763575555961258752,0.1678504347801208,0.1519838869571685,0.0774604082107544,3.858523607254028,-1.2818477153778076,-1.9280192852020264,watch,user3,walk
1763575555971256832,0.154924213886261,0.1148201078176498,0.0946052372455596,3.526118278503418,-1.3800711631774902,-1.96430242061615,watch,user3,walk
1763575555981255680,0.1306037306785583,0.0935527235269546,0.1156627535820007,3.1869044303894043,-1.5050199031829834,-1.952542304992676,watch,user3,walk
1763575555991254528,0.0989352464675903,0.1015446335077285,0.1315328478813171,2.969383478164673,-1.584770679473877,-1.971946597099304,watch,user3,walk
1763575556001253632,0.0777565836906433,0.1373240500688552,0.1476724743843078,2.9263932704925537,-1.584634780883789,-2.012606382369995,watch,user3,walk
1763575556011252736,0.0765907168388366,0.1716296076774597,0.1690741181373596,2.967231035232544,-1.6088922023773191,-2.0804805755615234,watch,user3,walk
1763575556021250816,0.0744458436965942,0.184696763753891,0.1902090907096862,2.983168125152588,-1.6491574048995972,-2.153229236602783,watch,user3,walk
1763575556031249664,0.0529577732086181,0.1633225083351135,0.1987175941467285,2.8705406188964844,-1.6890833377838137,-2.153386354446411,watch,user3,walk
1763575556041248512,0.0365360379219055,0.1112676560878753,0.1925078630447387,2.575036764144897,-1.7345339059829712,-2.099012613296509,watch,user3,walk
1763575556051247616,0.0403721928596496,0.0471456497907638,0.192936897277832,2.1240463256835938,-1.79438316822052,-2.093801498413086,watch,user3,walk
1763575556061246720,0.0440243482589721,0.0117733627557754,0.2088236808776855,1.7034622430801392,-1.8642868995666504,-2.1323375701904297,watch,user3,walk
1763575556071245568,0.0544376969337463,0.0346930027008056,0.1912896633148193,1.454285979270935,-1.866774320602417,-2.1600050926208496,watch,user3,walk
1763575556081243648,0.0632446408271789,0.0887967646121978,0.1763422489166259,1.3586220741271973,-1.8083667755126955,-2.161036968231201,watch,user3,walk
1763575556091242496,0.0695908069610595,0.123436838388443,0.1700677275657653,1.358782410621643,-1.721346139907837,-2.1420137882232666,watch,user3,walk
1763575556101241600,0.0758828520774841,0.1212990432977676,0.1815139651298523,1.3333947658538818,-1.619367003440857,-2.111325025558472,watch,user3,walk
1763575556111240704,0.0913357138633728,0.0984891206026077,0.2138348817825317,1.2185678482055664,-1.5334951877593994,-2.0618271827697754,watch,user3,walk
1763575556121239552,0.1097217202186584,0.0794447213411331,0.2437661290168762,1.0360554456710815,-1.4727022647857666,-2.0259296894073486,watch,user3,walk
1763575556131237632,0.1234858632087707,0.0841754823923111,0.2558749914169311,0.8853669166564941,-1.4048364162445068,-1.9889525175094604,watch,user3,walk
1763575556141236480,0.123386263847351,0.1074984073638916,0.2446567416191101,0.832675039768219,-1.3125898838043213,-1.9430514574050903,watch,user3,walk
1763575556151235584,0.1235290765762329,0.128102958202362,0.2134748697280883,0.8767522573471069,-1.1929545402526855,-1.899948477745056,watch,user3,walk
1763575556161234688,0.1185722947120666,0.1355804651975631,0.1907762885093689,0.9693520069122314,-1.0667182207107544,-1.8613113164901731,watch,user3,walk
1763575556171233536,0.1127464771270752,0.1302892416715622,0.1746054887771606,1.066727876663208,-0.9497969150543212,-1.8142238855361936,watch,user3,walk
1763575556181231616,0.1066662669181823,0.1088581979274749,0.171017587184906,1.118022322654724,-0.8574476838111877,-1.7600457668304443,watch,user3,walk
1763575556191230720,0.1014896631240844,0.0799159854650497,0.1764704585075378,1.0887099504470823,-0.7993084788322449,-1.7164559364318848,watch,user3,walk
1763575556201229568,0.0951848030090332,0.0506278574466705,0.1904650330543518,1.0013211965560913,-0.7730335593223572,-1.670598030090332,watch,user3,walk
1763575556211228672,0.0957173109054565,0.0241701602935791,0.1982507705688476,0.8637913465499878,-0.7489979863166809,-1.6279001235961914,watch,user3,walk
1763575556221227520,0.0896053314208984,0.0056535452604293,0.2108798027038574,0.722471296787262,-0.7248720526695251,-1.588218331336975,watch,user3,walk
1763575556231225856,0.0842989087104797,-0.0005789697170257,0.2175266146659851,0.5948204398155212,-0.6980623006820679,-1.5518749952316284,watch,user3,walk
1763575556241224704,0.076370358467102,-0.0005786567926406,0.2206791639328003,0.507295548915863,-0.6630423069000244,-1.5069568157196045,watch,user3,walk
1763575556251223552,0.072281002998352,-0.0022589415311813,0.2153884172439575,0.4509616792201996,-0.6174969673156738,-1.448841214179993,watch,user3,walk
1763575556261222656,0.0667462348937988,-0.0056473463773727,0.2008413076400756,0.4234280288219452,-0.5757158994674683,-1.397383213043213,watch,user3,walk
1763575556271221760,0.0593325793743133,-0.014365792274475,0.1885367631912231,0.4147325456142425,-0.5372254848480225,-1.3573240041732788,watch,user3,walk
1763575556281219840,0.0523863434791564,-0.0163990557193756,0.1794208288192749,0.4205070734024048,-0.503806471824646,-1.328264594078064,watch,user3,walk
1763575556291218688,0.0465077757835388,-0.0110718309879302,0.1705741286277771,0.4231007099151611,-0.4531662166118622,-1.3027472496032717,watch,user3,walk
1763575556301217536,0.0440023243427276,-0.0065691173076629,0.1754701137542724,0.4255194962024688,-0.3792905807495117,-1.2743899822235107,watch,user3,walk
1763575556311216640,0.036707192659378,-0.0139377415180206,0.1871190667152404,0.4245269298553467,-0.3143145143985748,-1.2347848415374756,watch,user3,walk
1763575556321214464,0.0309914052486419,-0.0236228704452514,0.1932172775268554,0.4105069041252136,-0.2519176006317138,-1.1943148374557495,watch,user3,walk
1763575556331213568,0.021704763174057,-0.027613341808319,0.1880826354026794,0.3936315178871155,-0.2001473605632782,-1.1545357704162598,watch,user3,walk
1763575556341211648,0.0137722492218017,-0.0237743854522705,0.167868971824646,0.3780106604099273,-0.1512962728738784,-1.1160485744476318,watch,user3,walk
1763575556351210496,0.0173418819904327,-0.0139117538928985,0.1495614051818847,0.3577946126461029,-0.1027087792754173,-1.0789382457733154,watch,user3,walk
1763575556361209600,0.0205976963043212,-0.0141150057315826,0.13417649269104,0.3382714390754699,-0.0555022023618221,-1.0365073680877686,watch,user3,walk
1763575556371208448,0.0224673151969909,-0.0220536291599273,0.1292877197265625,0.3034095764160156,-0.0097331181168556,-0.9913840889930724,watch,user3,walk
1763575556381207552,0.0183857381343841,-0.0291142165660858,0.1246370673179626,0.258315235376358,0.030832152813673,-0.9515846967697144,watch,user3,walk
1763575556391205632,0.0106643438339233,-0.0330702364444732,0.1213937401771545,0.2258062660694122,0.0721127465367317,-0.9097232222557068,watch,user3,walk
1763575556401204480,0.0036425590515136,-0.0331287086009979,0.1171164512634277,0.2148592323064804,0.1182751879096031,-0.8706379532814026,watch,user3,walk
1763575556411203584,-0.0005825757980346,-0.0269928872585296,0.1038400530815124,0.2380740046501159,0.1536637991666793,-0.831002414226532,watch,user3,walk
1763575556421202432,0.0032626688480377,-0.0191873610019683,0.0785940885543823,0.2740829288959503,0.1843403875827789,-0.7973751425743103,watch,user3,walk
1763575556431201536,0.0095973908901214,-0.0118584930896759,0.0596446990966796,0.313738465309143,0.2063698023557663,-0.7665114998817444,watch,user3,walk
1763575556441199616,0.0226069688796997,-0.0072154104709625,0.0463314056396484,0.3381930887699127,0.2190554141998291,-0.7321192026138306,watch,user3,walk
1763575556451198464,0.0282212197780609,-0.0122094452381134,0.0348778367042541,0.3386461138725281,0.218332901597023,-0.7012512683868408,watch,user3,walk
1763575556461197568,0.0296715199947357,-0.0190426409244537,0.0239730477333068,0.3256586790084839,0.2153821140527725,-0.6702715158462524,watch,user3,walk
1763575556471196672,0.0258813798427581,-0.0208613574504852,0.016659140586853,0.3074290752410888,0.2084776014089584,-0.6436545848846436,watch,user3,walk
1763575556481195520,0.0192524790763854,-0.0230302512645721,0.0041343569755554,0.2993919253349304,0.1982309967279434,-0.617789089679718,watch,user3,walk
1763575556491194368,0.0159619450569152,-0.0207602679729461,-0.0099549889564514,0.2988715469837188,0.1888031512498855,-0.5943726897239685,watch,user3,walk
1763575556501192448,0.0155194699764251,-0.0186195969581604,-0.01582932472229,0.305715948343277,0.1753162741661071,-0.5660896301269531,watch,user3,walk
1763575556511191552,0.0185147523880004,-0.0220958590507507,-0.0229802727699279,0.3079783022403717,0.1548701226711273,-0.5408346056938171,watch,user3,walk
1763575556521190656,0.0198252499103546,-0.0235002636909484,-0.0317742824554443,0.2992445826530456,0.1398442983627319,-0.5232248902320862,watch,user3,walk
1763575556531189504,0.0200911164283752,-0.0204575359821319,-0.040116012096405,0.2815659940242767,0.1311267018318176,-0.5025299787521362,watch,user3,walk
1763575556541187584,0.0166912972927093,-0.0188024342060089,-0.0423962473869323,0.266273558139801,0.1287933439016342,-0.4761395752429962,watch,user3,walk
1763575556551186688,0.0111586153507232,-0.0148539841175079,-0.0489848852157592,0.2655560970306396,0.1294119954109192,-0.443682312965393,watch,user3,walk
1763575556561185536,0.0066153109073638,-0.0103267729282379,-0.0600028038024902,0.2648815512657165,0.1496836096048355,-0.407583624124527,watch,user3,walk
1763575556571184640,0.0027979314327239,-0.0030039548873901,-0.068506896495819,0.2747626602649688,0.1702898144721985,-0.3695220053195953,watch,user3,walk
1763575556581183488,0.0057120621204376,0.0060663223266601,-0.0810964107513427,0.2757379710674286,0.1870308965444564,-0.3346177637577057,watch,user3,walk
1763575556591182592,0.0156419575214386,0.0146948397159576,-0.0996057391166687,0.2623502612113952,0.2059273570775985,-0.3108053803443908,watch,user3,walk
1763575556601180672,0.0264821946620941,0.0296343266963958,-0.110166311264038,0.2308645546436309,0.2293790578842163,-0.2890342175960541,watch,user3,walk
1763575556611179520,0.0373745560646057,0.0369350314140319,-0.1119768023490905,0.18374764919281,0.2447883784770965,-0.2782489359378814,watch,user3,walk
1763575556621178624,0.0378510057926178,0.0343036353588104,-0.1066579818725586,0.1242357119917869,0.2450789213180542,-0.2844985425472259,watch,user3,walk
1763575556631177472,0.0305409133434295,0.0308198630809783,-0.0995945930480957,0.0700952485203743,0.2378433942794799,-0.3087074756622314,watch,user3,walk
1763575556641176576,0.0080528557300567,0.0293453335762023,-0.0822905302047729,0.0342029370367527,0.2283432781696319,-0.3455047607421875,watch,user3,walk
1763575556651174656,-0.0147930979728698,0.0310474336147308,-0.0591130852699279,0.0371103100478649,0.2336379140615463,-0.3929359316825866,watch,user3,walk
1763575556661173504,-0.0387918353080749,0.036777377128601,-0.0411127209663391,0.0816769301891326,0.238846868276596,-0.4419916868209839,watch,user3,walk
1763575556671172608,-0.0545424818992614,0.0444310307502746,-0.0327095985412597,0.1690954566001892,0.2479064166545868,-0.4933382272720337,watch,user3,walk
1763575556681171456,-0.058103322982788,0.0540391206741333,-0.0273708701133728,0.2851386070251465,0.2644133865833282,-0.5336838364601135,watch,user3,walk
1763575556691170560,-0.060160607099533,0.0577960014343261,-0.0250738859176635,0.4060458540916443,0.2801377475261688,-0.5606576204299927,watch,user3,walk
1763575556701168640,-0.0652289986610412,0.0529915690422058,-0.0231561064720153,0.4980577230453491,0.2947448492050171,-0.5852834582328796,watch,user3,walk
1763575556711167488,-0.0750201642513275,0.0528332889080047,-0.015950322151184,0.5501970648765564,0.2942202091217041,-0.6180475354194641,watch,user3,walk
1763575556721166592,-0.0821999609470367,0.0599044263362884,-0.0121434926986694,0.5830362439155579,0.2925373315811157,-0.6431862115859985,watch,user3,walk
1763575556731165696,-0.0918694734573364,0.0715429782867431,-0.0096521973609924,0.59670090675354,0.2989502251148224,-0.6699720025062561,watch,user3,walk
1763575556741164544,-0.1000300347805023,0.0791506767272949,-0.0029417872428894,0.6123053431510925,0.302161306142807,-0.7007917761802673,watch,user3,walk
1763575556751163392,-0.1098913848400116,0.0897343754768371,0.0020291805267333,0.6326982378959656,0.303088366985321,-0.7308706045150757,watch,user3,walk
1763575556761161472,-0.1191400587558746,0.0911654233932495,0.0057394504547119,0.6662521362304688,0.3050858080387115,-0.7686740159988403,watch,user3,walk
1763575556771160576,-0.1289382576942443,0.0871150493621826,0.0067768096923828,0.6867185235023499,0.3098211586475372,-0.8144814372062683,watch,user3,walk
1763575556781159680,-0.1336239874362945,0.0902965664863586,0.0039305686950683,0.6952282190322876,0.3024426996707916,-0.8689633011817932,watch,user3,walk
1763575556791158528,-0.125577837228775,0.0952517688274383,0.0038836598396301,0.6990786194801331,0.2774020731449127,-0.9159931540489196,watch,user3,walk
1763575556801157376,-0.1170995235443115,0.103525161743164,0.0052012801170349,0.6932424902915955,0.2448024153709411,-0.9558608531951904,watch,user3,walk
1763575556811155456,-0.1157827973365783,0.1112770736217498,0.0073124766349792,0.6848133206367493,0.2109057009220123,-0.9833580255508424,watch,user3,walk
1763575556821154560,-0.1146133244037628,0.1173287779092788,0.0126572847366333,0.682929515838623,0.1897645443677902,-1.0022203922271729,watch,user3,walk
1763575556831153664,-0.1156047582626342,0.1220872998237609,0.0172183513641357,0.6860637664794922,0.1646592020988464,-1.0309489965438845,watch,user3,walk
1763575556841152512,-0.1126664876937866,0.1261653751134872,0.0119940638542175,0.6863609552383423,0.1421811431646347,-1.0564773082733154,watch,user3,walk
1763575556851151360,-0.1039516627788543,0.128023162484169,0.0076540112495422,0.6910185217857361,0.1311873346567154,-1.068253517150879,watch,user3,walk
1763575556861149440,-0.0934661626815795,0.1359736919403076,0.0041354298591613,0.6900851726531982,0.1203893721103668,-1.0749804973602295,watch,user3,walk
1763575556871148544,-0.0863081216812133,0.1464830040931701,0.0005713701248168,0.6908974051475525,0.1061680912971496,-1.0921623706817627,watch,user3,walk
1763575556881147648,-0.0783011317253112,0.1609986424446106,-0.005151629447937,0.6866446137428284,0.0993488058447837,-1.1059492826461792,watch,user3,walk
1763575556891146496,-0.0632476508617401,0.1695265173912048,-0.0141753554344177,0.675527811050415,0.0970837846398353,-1.120223879814148,watch,user3,walk
1763575556901145344,-0.0480339229106903,0.1699858009815216,-0.0130317211151123,0.6566275358200073,0.0977100729942321,-1.142420530319214,watch,user3,walk
1763575556911144448,-0.0401540100574493,0.1656572073698043,-0.0106984972953796,0.6197800040245056,0.0891277715563774,-1.181050419807434,watch,user3,walk
1763575556921142528,-0.0323966145515441,0.1624326109886169,-0.0073238611221313,0.5814552903175354,0.0761415809392929,-1.2311279773712158,watch,user3,walk
1763575556931141632,-0.0270917415618896,0.1632199138402938,-0.0059141516685485,0.5496649146080017,0.0650063678622245,-1.281747579574585,watch,user3,walk
1763575556941140736,-0.0216188430786132,0.1627611368894577,0.0007134675979614,0.5270764231681824,0.0617699176073074,-1.3282021284103394,watch,user3,walk
1763575556951139328,-0.0155853927135467,0.1514121145009994,0.0087839365005493,0.5087800025939941,0.0619278401136398,-1.3756599426269531,watch,user3,walk
1763575556961138432,-0.0229530036449432,0.1374256014823913,0.0183735489845275,0.491270899772644,0.062901847064495,-1.4346731901168823,watch,user3,walk
1763575556971136512,-0.0317626893520355,0.1319778859615326,0.0224717259407043,0.4877075850963592,0.0684217810630798,-1.508432149887085,watch,user3,walk
1763575556981135616,-0.0384608507156372,0.1311725527048111,0.0245788097381591,0.5004268884658813,0.0792413204908371,-1.5788991451263428,watch,user3,walk
1763575556991134720,-0.0398937463760376,0.1354216933250427,0.026141881942749,0.5418207049369812,0.1018510237336158,-1.6426211595535278,watch,user3,walk
1763575557001133568,-0.0437420010566711,0.1372384130954742,0.0285865068435668,0.5936747789382935,0.1343796849250793,-1.698833703994751,watch,user3,walk
1763575557011132416,-0.0493414998054504,0.1368663012981414,0.0325279831886291,0.6522368788719177,0.1686780005693435,-1.7502888441085815,watch,user3,walk
1763575557021130496,-0.0534988641738891,0.1331651508808136,0.0381988883018493,0.7062379717826843,0.2000465542078018,-1.7997885942459106,watch,user3,walk
1763575557031129600,-0.0544123351573944,0.1265025436878204,0.0387881398200988,0.7515202760696411,0.2388578653335571,-1.8450900316238403,watch,user3,walk
1763575557041128704,-0.0573607087135314,0.1211897730827331,0.0457739830017089,0.79017174243927,0.2752326428890228,-1.881747841835022,watch,user3,walk
1763575557051127552,-0.0602907240390777,0.1155966520309448,0.0477623343467712,0.8188084363937378,0.3131222426891327,-1.920693635940552,watch,user3,walk
1763575557061126400,-0.0669397413730621,0.10977703332901,0.0526884794235229,0.8480243682861328,0.3457978963851928,-1.9613549709320068,watch,user3,walk
1763575557071125504,-0.0670472681522369,0.1079344153404235,0.0544010400772094,0.8725680708885193,0.3782202899456024,-2.001118421554565,watch,user3,walk
1763575557081123584,-0.0659115612506866,0.1106539070606231,0.0582002401351928,0.9026651978492736,0.4168450832366943,-2.0333669185638428,watch,user3,walk
1763575557091122688,-0.0612922608852386,0.1134531497955322,0.060510516166687,0.9367080926895142,0.4528904557228088,-2.047174453735352,watch,user3,walk
1763575557101121536,-0.0607938468456268,0.1090195775032043,0.0587296485900878,0.9692280888557434,0.4800684452056885,-2.055139780044556,watch,user3,walk
1763575557111120384,-0.0601050555706024,0.1051997244358062,0.0553976893424987,0.9868276119232178,0.5062254667282104,-2.069365978240967,watch,user3,walk
1763575557121119488,-0.0572313666343688,0.1081685423851013,0.0494834184646606,1.0006204843521118,0.5119031071662903,-2.0854268074035645,watch,user3,walk
1763575557131117568,-0.0515649914741516,0.1115397214889526,0.0419013500213623,1.007028341293335,0.517461359500885,-2.1005570888519287,watch,user3,walk
1763575557141116672,-0.040777176618576,0.1118521690368652,0.0413865447044372,1.0073002576828003,0.5225516557693481,-2.1105339527130127,watch,user3,walk
1763575557151115520,-0.0326585471630096,0.1092488467693328,0.0400242209434509,0.9994887709617616,0.5196855664253235,-2.1185073852539062,watch,user3,walk
1763575557161114368,-0.0224168300628662,0.1032176911830902,0.0408404469490051,0.987343430519104,0.5173283219337463,-2.124021053314209,watch,user3,walk
1763575557171113472,-0.0144142806529998,0.0986163616180419,0.0420941114425659,0.9670379161834716,0.5080762505531311,-2.125422954559326,watch,user3,walk
1763575557181112576,-0.0085425078868865,0.094459444284439,0.0419414639472961,0.947142481803894,0.4928699135780334,-2.1211612224578857,watch,user3,walk
1763575557191110656,-0.0028536319732666,0.0959356129169464,0.0404108166694641,0.935860514640808,0.4810124635696411,-2.126024007797241,watch,user3,walk
1763575557201109760,0.0046480596065521,0.0998518466949462,0.037224531173706,0.9238118529319764,0.4697163105010986,-2.1297175884246826,watch,user3,walk
1763575557211108352,0.0057885646820068,0.1051072478294372,0.0389406085014343,0.9180229306221008,0.460345983505249,-2.1372084617614746,watch,user3,walk
1763575557221107456,0.0062882900238037,0.1070451736450195,0.0365935564041137,0.9184655547142028,0.4513426423072815,-2.143303394317627,watch,user3,walk
1763575557231106560,0.0042261183261871,0.1055430769920349,0.0376115441322326,0.925184428691864,0.4355769753456116,-2.1479926109313965,watch,user3,walk
1763575557241104640,0.0042558312416076,0.1079611778259277,0.0351418256759643,0.9351352453231812,0.4249064922332763,-2.15195894241333,watch,user3,walk
1763575557251103744,0.0053991377353668,0.108002632856369,0.0354403853416442,0.9328225255012512,0.4081424176692962,-2.1638078689575195,watch,user3,walk
1763575557261102336,0.0077301561832427,0.1148476004600524,0.0387361049652099,0.9360228776931764,0.3858878910541534,-2.1800007820129395,watch,user3,walk
1763575557271101440,0.0107269585132598,0.1178750246763229,0.0442450642585754,0.944413721561432,0.3680897355079651,-2.1961231231689453,watch,user3,walk
1763575557281100544,0.0118162631988525,0.1183136999607086,0.0491302013397216,0.9612118601799012,0.3570962846279144,-2.2085766792297363,watch,user3,walk
1763575557291098624,0.0147832036018371,0.1214397698640823,0.0542280673980712,0.9928200840950012,0.3578214645385742,-2.222430467605591,watch,user3,walk
1763575557301097728,0.0145021677017211,0.1231402456760406,0.0566765666007995,1.024299144744873,0.3610682189464569,-2.252211332321167,watch,user3,walk
1763575557311096320,0.0169815123081207,0.1301286816596985,0.0482615828514099,1.0532013177871704,0.3689290881156921,-2.2826714515686035,watch,user3,walk
1763575557321095424,0.0206292271614074,0.1404503732919693,0.0433840751647949,1.065979242324829,0.3871522843837738,-2.2984325885772705,watch,user3,walk
1763575557331095552,0.0238840878009796,0.1461762934923172,0.0459094643592834,1.0480958223342896,0.3921686112880707,-2.307781219482422,watch,user3,walk
1763575557341094400,0.0309692919254302,0.1484777182340622,0.0549128055572509,1.0037187337875366,0.3934848308563232,-2.320619583129883,watch,user3,walk
1763575557351092480,0.0380388498306274,0.1457444280385971,0.0694802403450012,0.9240289330482484,0.3977336287498474,-2.3436710834503174,watch,user3,walk
1763575557361091584,0.0398823618888855,0.1449536085128784,0.0876204371452331,0.8173713088035583,0.4055551588535309,-2.384458303451538,watch,user3,walk
1763575557371090688,0.0336423814296722,0.1447506695985794,0.1062987446784973,0.725413978099823,0.4202089309692383,-2.4396989345550537,watch,user3,walk
1763575557381089536,0.025524228811264,0.1435673981904983,0.1128847599029541,0.6817373037338257,0.4458069801330566,-2.494175434112549,watch,user3,walk
1763575557391088384,0.0158589482307434,0.1378922164440155,0.1064121723175048,0.6932277679443359,0.5023967623710632,-2.536345958709717,watch,user3,walk
1763575557401086464,0.0069103240966796,0.1341064572334289,0.1035768985748291,0.7348892092704773,0.5618211627006531,-2.557936191558838,watch,user3,walk
1763575557411085568,0.0024207234382629,0.1386802494525909,0.0964215993881225,0.7740307450294495,0.6288910508155823,-2.5560009479522705,watch,user3,walk
1763575557421084672,0.0079301595687866,0.1480028331279754,0.0848929286003112,0.8054643273353577,0.6932002305984497,-2.5383002758026123,watch,user3,walk
1763575557431083520,0.0223364531993865,0.1590710580348968,0.0682973861694336,0.8256036639213562,0.7559115886688232,-2.5036864280700684,watch,user3,walk
1763575557441082368,0.0406277775764465,0.1689927875995636,0.0476782917976379,0.8313465118408203,0.8155285716056824,-2.4655580520629883,watch,user3,walk
1763575557451081472,0.0547827184200286,0.1752224564552307,0.0378159284591674,0.8288040161132812,0.8602398633956909,-2.430882453918457,watch,user3,walk
1763575557461079552,0.0637344121932983,0.1761571168899536,0.0302312970161438,0.8302834630012512,0.8869048357009888,-2.4172186851501465,watch,user3,walk
1763575557471078656,0.0624746084213256,0.1799287497997284,0.0220518708229064,0.8405699133872986,0.9074753522872924,-2.419248104095459,watch,user3,walk
1763575557481077504,0.0620351433753967,0.180383563041687,0.0215845108032226,0.8574587106704712,0.9216533899307252,-2.4219601154327397,watch,user3,walk
1763575557491076352,0.0582877993583679,0.1738049983978271,0.0327622890472412,0.8714125752449036,0.9240595698356628,-2.4147379398345947,watch,user3,walk
1763575557501075456,0.0512645244598388,0.166651040315628,0.0488548278808593,0.8773233890533447,0.9045153260231018,-2.4159555435180664,watch,user3,walk
1763575557511073536,0.0437753796577453,0.1572338044643402,0.0678597688674926,0.8601300120353699,0.8776949048042297,-2.418330192565918,watch,user3,walk
1763575557521072640,0.0341219305992126,0.1466233134269714,0.0868192911148071,0.8373480439186096,0.8486416935920715,-2.4121930599212646,watch,user3,walk
1763575557531071488,0.024383932352066,0.1338323652744293,0.0988998413085937,0.8136813044548035,0.825071394443512,-2.4023525714874268,watch,user3,walk
1763575557541070336,0.01803919672966,0.1329289376735687,0.102442443370819,0.8009291291236877,0.7979732155799866,-2.3983724117279053,watch,user3,walk
1763575557551069440,0.0159453749656677,0.1383913457393646,0.0974436998367309,0.8064301609992981,0.7875794172286987,-2.395750999450684,watch,user3,walk
1763575557561068544,0.0102610886096954,0.1479615569114685,0.0904203057289123,0.8241785764694214,0.7823566198348999,-2.3834969997406006,watch,user3,walk
1763575557571066624,0.0037353932857513,0.1536300182342529,0.0808920264244079,0.8325291872024536,0.7814537882804871,-2.368284225463867,watch,user3,walk
1763575557581065728,0.0007924437522888,0.1544202864170074,0.0784067511558532,0.8423430919647217,0.7865906953811646,-2.351500988006592,watch,user3,walk
1763575557591064576,0.0048480927944183,0.1573814153671264,0.0743303298950195,0.8593361973762512,0.7967391610145569,-2.321062564849853,watch,user3,walk
1763575557601063424,0.0070317685604095,0.1588071584701538,0.0731610655784607,0.8848403096199036,0.8118109703063965,-2.2737491130828857,watch,user3,walk
1763575557611062528,0.0084945261478424,0.1600545942783355,0.0642856359481811,0.9121001362800598,0.8287758231163025,-2.229283332824707,watch,user3,walk
1763575557621060608,0.0052041411399841,0.1561813950538635,0.0530334115028381,0.9368079304695128,0.8398699760437012,-2.1889665126800537,watch,user3,walk
1763575557631059712,-8.869171142578125e-05,0.1492177844047546,0.0485649704933166,0.9417614340782166,0.841981828212738,-2.148902177810669,watch,user3,walk
1763575557641058560,-0.0027821362018585,0.1405476331710815,0.0409376621246337,0.9250024557113647,0.8384945392608643,-2.1159400939941406,watch,user3,walk
1763575557651057408,-0.0011900663375854,0.1300609111785888,0.0335763692855834,0.9037411212921144,0.8244937658309937,-2.0768585205078125,watch,user3,walk
1763575557661056512,0.0056460797786712,0.1197600960731506,0.0255413651466369,0.8753026723861694,0.8101173043251038,-2.024879217147827,watch,user3,walk
1763575557671055616,0.0069575309753417,0.1056928932666778,0.0162602663040161,0.8442813754081726,0.793213963508606,-1.9719263315200808,watch,user3,walk
1763575557681053696,-0.0003592073917388,0.0968056321144104,0.0068103671073913,0.8112406134605408,0.7744305729866028,-1.934006929397583,watch,user3,walk
1763575557691052544,-0.0049602687358856,0.0944150388240814,-0.0029512047767639,0.7813770174980164,0.7490267157554626,-1.894990086555481,watch,user3,walk
1763575557701051392,-0.0045502483844757,0.0949402153491973,-0.0180833935737609,0.7480539083480835,0.7111683487892151,-1.851624608039856,watch,user3,walk
1763575557711050496,-0.0046058893203735,0.0881516337394714,-0.031653344631195,0.7061941027641296,0.6728076338768005,-1.8085730075836184,watch,user3,walk
1763575557721049600,-0.0101083815097808,0.0753543078899383,-0.0350480675697326,0.6535738110542297,0.6324155926704407,-1.7702420949935913,watch,user3,walk
1763575557731047680,-0.0215681493282318,0.0615197718143463,-0.028593361377716,0.5944087505340576,0.594293475151062,-1.742947340011597,watch,user3,walk
1763575557741046528,-0.040508359670639,0.0535367429256439,-0.0241256952285766,0.5497562289237976,0.5696434378623962,-1.7268527746200562,watch,user3,walk
1763575557751045376,-0.0607512593269348,0.0550614297389984,-0.0225908756256103,0.5419601202011108,0.552104651927948,-1.7095552682876587,watch,user3,walk
1763575557761044480,-0.0723793804645538,0.0542841255664825,-0.0304635167121887,0.5764733552932739,0.5397486686706543,-1.6912579536437988,watch,user3,walk
1763575557771043584,-0.0786783397197723,0.0552664697170257,-0.042887270450592,0.6374637484550476,0.5330327153205872,-1.6788865327835083,watch,user3,walk
1763575557781042688,-0.0835227966308593,0.0552894473075866,-0.0516293048858642,0.699550986289978,0.5284293293952942,-1.6742216348648071,watch,user3,walk
1763575557791040512,-0.08442884683609,0.0596575736999511,-0.0518633723258972,0.7469283938407898,0.5199149250984192,-1.673867106437683,watch,user3,walk
1763575557801039360,-0.0842487812042236,0.0624606907367706,-0.0529929995536804,0.7842245697975159,0.5059349536895752,-1.6735869646072388,watch,user3,walk
1763575557811038464,-0.0838450491428375,0.0639361441135406,-0.0563204288482666,0.8175559043884277,0.4946761727333069,-1.6685538291931152,watch,user3,walk
1763575557821037568,-0.085564374923706,0.0623049139976501,-0.0557311177253723,0.8531269431114197,0.4804813265800476,-1.6577104330062866,watch,user3,walk
1763575557831036672,-0.0860301554203033,0.0604752600193023,-0.0552868247032165,0.8770591616630554,0.4555235207080841,-1.6436759233474731,watch,user3,walk
1763575557841034752,-0.0795005857944488,0.0531103909015655,-0.0516844391822814,0.891182005405426,0.4296154975891113,-1.6255176067352295,watch,user3,walk
1763575557851033344,-0.0723794102668762,0.0421420037746429,-0.0407813787460327,0.8882767558097839,0.3995470702648163,-1.6123621463775637,watch,user3,walk
1763575557861032448,-0.0675165057182312,0.0365515053272247,-0.0296552181243896,0.8737648725509644,0.3733072876930237,-1.599718689918518,watch,user3,walk
1763575557871031552,-0.066748023033142,0.0353277623653411,-0.0223060250282287,0.8649293184280396,0.3501902520656585,-1.5826209783554075,watch,user3,walk
1763575557881030656,-0.0658563673496246,0.0343716740608215,-0.0173112750053405,0.8737988471984863,0.3305254876613617,-1.5650675296783447,watch,user3,walk
1763575557891029504,-0.068660169839859,0.0372370779514312,-0.0172644853591918,0.8922921419143677,0.3165071308612823,-1.5450679063796997,watch,user3,walk
1763575557901027328,-0.0657038688659668,0.047188401222229,-0.0145443081855773,0.9193618893623352,0.3029371500015259,-1.525650143623352,watch,user3,walk
1763575557911026432,-0.0617655813694,0.0520841479301452,-0.0076645016670227,0.9379347562789916,0.286108911037445,-1.5020707845687866,watch,user3,walk
1763575557921025536,-0.0586824715137481,0.0500968098640441,0.0027418136596679,0.94025856256485,0.2681632936000824,-1.4798742532730105,watch,user3,walk
1763575557931024640,-0.0539763271808624,0.0463515520095825,0.0101004242897033,0.9301186203956604,0.2470172643661499,-1.4554795026779177,watch,user3,walk
1763575557941023488,-0.0535448193550109,0.0396200269460678,0.0171541571617126,0.9024648070335388,0.2296474277973175,-1.437430500984192,watch,user3,walk
1763575557951021312,-0.0546736717224121,0.0375516563653945,0.0254990458488464,0.8714890480041504,0.2099379003047943,-1.423878192901611,watch,user3,walk
1763575557961020416,-0.057502269744873,0.0354120284318923,0.0317698121070861,0.8413323163986206,0.1844944208860397,-1.4019449949264526,watch,user3,walk
1763575557971019520,-0.0578137636184692,0.0300253629684448,0.0336638092994689,0.8231554627418518,0.1666528284549713,-1.3735547065734863,watch,user3,walk
1763575557981018624,-0.0572948455810546,0.0229538232088089,0.0365393161773681,0.8064964413642883,0.1525507718324661,-1.3416255712509155,watch,user3,walk
1763575557991017472,-0.0539752542972564,0.0194145143032073,0.0395237207412719,0.7872199416160583,0.1424890905618667,-1.3067392110824585,watch,user3,walk
1763575558001016576,-0.050437718629837,0.0207467824220657,0.04175865650177,0.7666784524917603,0.1414659023284912,-1.270712971687317,watch,user3,walk
1763575558011014400,-0.0487224459648132,0.0216452926397323,0.03431898355484,0.7471020817756653,0.1407079696655273,-1.2324159145355225,watch,user3,walk
1763575558021013504,-0.0505513548851013,0.0234724879264831,0.0248615741729736,0.7257532477378845,0.1423776745796203,-1.195808172225952,watch,user3,walk
1763575558031012608,-0.049837052822113,0.0208067744970321,0.0173994898796081,0.6991810202598572,0.1376095563173294,-1.162561297416687,watch,user3,walk
1763575558041011456,-0.0472993552684783,0.0118701159954071,0.013686180114746,0.6705836057662964,0.1376004070043563,-1.131595492362976,watch,user3,walk
1763575558051010560,-0.0422007143497467,0.0067783743143081,0.0143482089042663,0.6440377235412598,0.140856921672821,-1.1006776094436646,watch,user3,walk
1763575558061008384,-0.0348643362522125,0.0016343593597412,0.015380859375,0.6172325611114502,0.1476778984069824,-1.0692975521087646,watch,user3,walk
1763575558071007488,-0.0313189923763275,-0.0051008164882659,0.0164929032325744,0.5982106924057007,0.154657781124115,-1.0382152795791626,watch,user3,walk
1763575558081006592,-0.0293788611888885,-0.0097763836383819,0.0141419768333435,0.5826420783996582,0.1648361980915069,-1.0126144886016846,watch,user3,walk
1763575558091005440,-0.0289256572723388,-0.0127460807561874,0.0073959827423095,0.571590781211853,0.169982761144638,-0.9978552460670472,watch,user3,walk
1763575558101004544,-0.0287705957889556,-0.007378801703453,0.0016657710075378,0.5675405859947205,0.1803076565265655,-0.977118194103241,watch,user3,walk
1763575558111003648,-0.0289883911609649,0.0019564181566238,-0.0049090981483459,0.5854972004890442,0.1897320598363876,-0.9568547010421752,watch,user3,walk
1763575558121001472,-0.0253089964389801,0.0062121152877807,-0.008718729019165,0.6104415655136108,0.1997908949851989,-0.9409852623939514,watch,user3,walk
1763575558131000576,-0.0222188234329223,0.0083906352519989,-0.012982428073883,0.6426045298576355,0.2048607617616653,-0.9343385100364684,watch,user3,walk
1763575558140999680,-0.0181311666965484,0.0034800618886947,-0.011529803276062,0.6677585244178772,0.2020967602729797,-0.9363954663276672,watch,user3,walk
1763575558150998528,-0.014336884021759,-0.0083072185516357,-0.0093008279800415,0.6870185136795044,0.2030248790979385,-0.9432672262191772,watch,user3,walk
1763575558160997632,-0.0135090351104736,-0.0225837081670761,-0.0063197016716003,0.7038318514823914,0.201026514172554,-0.9447563886642456,watch,user3,walk
1763575558170996480,-0.0138019323348999,-0.0339493006467819,-0.0092456340789794,0.7193785309791565,0.2092253267765045,-0.9306933283805848,watch,user3,walk
1763575558180994560,-0.0144197642803192,-0.0402690768241882,-0.0146815776824951,0.742929995059967,0.2128158062696457,-0.913320541381836,watch,user3,walk
1763575558190993664,-0.0093002319335937,-0.0378086268901824,-0.0272791981697082,0.7615824937820435,0.220281183719635,-0.8797146677970886,watch,user3,walk
1763575558200992512,0.0001588463783264,-0.0334847569465637,-0.0403594374656677,0.7723077535629272,0.2273861467838287,-0.836496114730835,watch,user3,walk
1763575558210991616,0.018686830997467,-0.0285819619894027,-0.0502890348434448,0.7532728314399719,0.2299089431762695,-0.7868244647979736,watch,user3,walk
1763575558220990464,0.0329083204269409,-0.0291003733873367,-0.0532531142234802,0.696038007736206,0.2335482388734817,-0.7400286197662354,watch,user3,walk
1763575558230988544,0.0408395826816558,-0.0363339185714721,-0.0486977100372314,0.6070681810379028,0.2378638982772827,-0.7036259174346924,watch,user3,walk
1763575558240987648,0.0363265872001647,-0.0446063727140426,-0.0388303399085998,0.4999495446681976,0.2365259230136871,-0.6803644299507141,watch,user3,walk
1763575558250986496,0.0250121653079986,-0.043425515294075,-0.0304880738258361,0.4000107049942016,0.232425719499588,-0.6664597988128662,watch,user3,walk
1763575558260985600,0.0131288468837738,-0.0324083268642425,-0.0257234573364257,0.3457160294055938,0.2390548586845398,-0.6604291796684265,watch,user3,walk
1763575558270984704,0.0056555569171905,-0.0154081284999847,-0.0272125601768493,0.3379611670970917,0.2544290125370025,-0.6526570320129395,watch,user3,walk
1763575558280983552,0.0018535256385803,0.0091620236635208,-0.0255067348480224,0.3594492673873901,0.2735788524150848,-0.6542760133743286,watch,user3,walk
1763575558290981632,0.0008864700794219,0.0322999507188797,-0.0243635773658752,0.3963444232940674,0.292545348405838,-0.659419596195221,watch,user3,walk
1763575558300980480,-0.0010212361812591,0.0489599555730819,-0.023724615573883,0.4347918927669525,0.3052332699298858,-0.6660997867584229,watch,user3,walk
1763575558310979584,0.0001821815967559,0.0591997355222702,-0.0205258131027221,0.4751270711421966,0.3207741379737854,-0.6763896942138672,watch,user3,walk
1763575558320978688,0.0002033114433288,0.0625184327363967,-0.0173639059066772,0.5078767538070679,0.3244482278823852,-0.6923227906227112,watch,user3,walk
1763575558330978048,-0.0016829669475555,0.0547061115503311,-0.0185128450393676,0.534614622592926,0.3254996538162231,-0.7080298066139221,watch,user3,walk
1763575558340975872,-0.0084621310234069,0.0481675416231155,-0.0155708789825439,0.5514387488365173,0.3156025409698486,-0.7223864793777466,watch,user3,walk
1763575558350974976,-0.0091108381748199,0.0488029271364212,-0.0145815014839172,0.5684083700180054,0.3012398481369018,-0.7375920414924622,watch,user3,walk
1763575558360974080,-0.0058397650718688,0.0519708395004272,-0.0126271247863769,0.5894717574119568,0.2824568450450897,-0.748748779296875,watch,user3,walk
1763575558370973184,-0.0092972218990325,0.051044687628746,-0.0109085440635681,0.6061399579048157,0.2630000412464142,-0.7596453428268433,watch,user3,walk
1763575558380972032,-0.0118849873542785,0.0517613440752029,-0.0074056386947631,0.6159763336181641,0.2348246127367019,-0.7749043703079224,watch,user3,walk
1763575558390970880,-0.0144490003585815,0.0532836467027664,-0.0003976225852966,0.626443088054657,0.2040299475193023,-0.7887277603149414,watch,user3,walk
1763575558400968960,-0.0178338289260864,0.0554397851228714,0.0091000795364379,0.6461253762245178,0.1750277727842331,-0.7990609407424927,watch,user3,walk
1763575558410968064,-0.01606285572052,0.0587392300367355,0.019341230392456,0.6696903109550476,0.157645046710968,-0.8026831150054932,watch,user3,walk
1763575558420967168,-0.0189381539821624,0.0587715804576873,0.0324757099151611,0.6829226613044739,0.1496627628803253,-0.7932627201080322,watch,user3,walk
1763575558430966016,-0.0178894400596618,0.0575355142354965,0.0461023449897766,0.6911802887916565,0.1450839936733245,-0.775037944316864,watch,user3,walk
1763575558440964864,-0.0145027637481689,0.0609063878655433,0.044539988040924,0.6897310018539429,0.1334567070007324,-0.7446203231811523,watch,user3,walk
1763575558450963968,-0.008751094341278,0.0676827132701873,0.0375767946243286,0.6771091818809509,0.1290089637041092,-0.7153007388114929,watch,user3,walk
1763575558460962048,-0.0030654072761535,0.0708289518952369,0.0262608528137207,0.6448980569839478,0.1144428923726081,-0.6783179640769958,watch,user3,walk
1763575558470961152,0.0085853934288024,0.0625227317214012,0.0108728408813476,0.5776905417442322,0.0939216390252113,-0.6306953430175781,watch,user3,walk
1763575558480960256,0.0210976302623748,0.0467932969331741,0.0083046555519104,0.4663653373718261,0.0686520561575889,-0.5834633111953735,watch,user3,walk
1763575558490958848,0.0360018610954284,0.0389749556779861,0.0161945819854736,0.3225573003292084,0.0410044528543949,-0.5537235140800476,watch,user3,walk
1763575558500957952,0.0460812449455261,0.040423609316349,0.0293561220169067,0.1780443489551544,0.0170942358672618,-0.5236201882362366,watch,user3,walk
1763575558510956032,0.053744614124298,0.0457929670810699,0.0307690501213073,0.0627688840031623,-0.0068153580650687,-0.4931315183639526,watch,user3,walk
1763575558520955136,0.0557988882064819,0.054614134132862,0.0227376818656921,-0.012309749610722,-0.0234891436994075,-0.4768938720226288,watch,user3,walk
1763575558530954240,0.050598531961441,0.0636199191212654,0.0171878337860107,-0.0515780635178089,-0.0396100580692291,-0.4798624813556671,watch,user3,walk
1763575558540952832,0.0489112734794616,0.0695800930261612,0.0178175568580627,-0.0695571973919868,-0.0580244809389114,-0.4989378452301025,watch,user3,walk
1763575558550951936,0.0490428507328033,0.0703833997249603,0.0224815607070922,-0.0666961595416069,-0.0713104605674743,-0.5207789540290833,watch,user3,walk
1763575558560951040,0.0419589579105377,0.0640022903680801,0.0297653079032897,-0.0463399365544319,-0.0741538256406784,-0.5425909161567688,watch,user3,walk
1763575558570949120,0.0337693989276886,0.0512076318264007,0.0343371033668518,-0.013530321419239,-0.0736081451177597,-0.5654357671737671,watch,user3,walk
1763575558580948224,0.0232873558998107,0.0384102240204811,0.032464325428009,0.0144028645008802,-0.0673730596899986,-0.5848907232284546,watch,user3,walk
1763575558590947072,0.017811119556427,0.0287041813135147,0.0331080555915832,0.0459586605429649,-0.0608073063194751,-0.5969130396842957,watch,user3,walk
1763575558600945920,0.0157257318496704,0.0241311341524124,0.032392144203186,0.0592293702065944,-0.0591756775975227,-0.6035202145576477,watch,user3,walk
1763575558610945024,0.01641246676445,0.0163351595401763,0.0363719463348388,0.0692425891757011,-0.0568014681339263,-0.615444540977478,watch,user3,walk
1763575558620944128,0.0173595547676086,0.0057651698589324,0.0430338382720947,0.072395421564579,-0.0537301376461982,-0.623493492603302,watch,user3,walk
1763575558630942208,0.0113581717014312,-0.0059153139591217,0.0515345335006713,0.0769800543785095,-0.0359407551586627,-0.6308930516242981,watch,user3,walk
1763575558640941056,0.0008455216884613,-0.0181919932365417,0.0597078800201416,0.085489384829998,-0.0176887772977352,-0.6346377730369568,watch,user3,walk
1763575558650939904,-0.0103860199451446,-0.0304799079895019,0.0635828375816345,0.105758436024189,0.0057307938113808,-0.6323642134666443,watch,user3,walk
1763575558660939008,-0.0201617181301116,-0.0419422388076782,0.0692850351333618,0.1225295588374137,0.0350093208253383,-0.6231850385665894,watch,user3,walk
1763575558670938112,-0.0262262225151062,-0.0530120432376861,0.0750606060028076,0.120083175599575,0.0643008947372436,-0.6115888357162476,watch,user3,walk
1763575558680936960,-0.0293136537075042,-0.061241403222084,0.0789992213249206,0.0991378128528595,0.0829874947667121,-0.5994985103607178,watch,user3,walk
1763575558690935040,-0.0263606905937194,-0.067603051662445,0.0785672664642334,0.0660056918859481,0.0984029397368431,-0.5790558457374573,watch,user3,walk
1763575558700933888,-0.02053102850914,-0.0730527639389038,0.0703811049461364,0.0348178148269653,0.1086641028523445,-0.547569751739502,watch,user3,walk
1763575558710932992,-0.01034876704216,-0.0766225755214691,0.058190107345581,-0.0039793825708329,0.1187159344553947,-0.5264372825622559,watch,user3,walk
1763575558720932096,-0.0053098797798156,-0.0783067196607589,0.0519497990608215,-0.0410524047911167,0.1276920288801193,-0.5087653994560242,watch,user3,walk
1763575558730930944,-0.0052516460418701,-0.0768298357725143,0.0541753768920898,-0.0665748044848442,0.1293703615665435,-0.4951649606227875,watch,user3,walk
1763575558740929024,-0.0058074593544006,-0.0759109854698181,0.0485900044441223,-0.0789011120796203,0.1349819004535675,-0.4753347337245941,watch,user3,walk
1763575558750927872,-0.0092547535896301,-0.0758635401725769,0.0456817150115966,-0.0694266557693481,0.1415484547615051,-0.4595094323158264,watch,user3,walk
1763575558760926976,-0.0121354460716247,-0.0782777220010757,0.0409639477729797,-0.0454850159585475,0.1445437967777252,-0.4666106104850769,watch,user3,walk
1763575558770926080,-0.0160179734230041,-0.0763408988714218,0.0364372730255126,-0.0218771565705537,0.1547671407461166,-0.4882506430149078,watch,user3,walk
1763575558780924928,-0.0187923312187194,-0.0732849836349487,0.0374048948287963,0.0059641948901116,0.1708835363388061,-0.5025060772895813,watch,user3,walk
1763575558790924032,-0.023253709077835,-0.081922173500061,0.047944962978363,0.0269483067095279,0.1884654611349105,-0.4929139316082001,watch,user3,walk
1763575558800922112,-0.0356930196285247,-0.1053031235933303,0.0605936646461486,0.0301320273429155,0.2003883421421051,-0.4790902435779571,watch,user3,walk
1763575558810920960,-0.0537315905094146,-0.1173145323991775,0.0532280206680297,0.0285445172339677,0.1952066272497177,-0.4733319580554962,watch,user3,walk
1763575558820920064,-0.0636520385742187,-0.1065259128808975,0.0322743654251098,0.0471145622432231,0.1844906955957412,-0.4791625440120697,watch,user3,walk
1763575558830918912,-0.0570188462734222,-0.0780500918626785,0.0032508969306945,0.1049677357077598,0.1799135208129882,-0.4954546988010406,watch,user3,walk
1763575558840918016,-0.0395543575286865,-0.0496217310428619,-0.0245777964591979,0.1835606396198272,0.1939093172550201,-0.5172247290611267,watch,user3,walk
1763575558850917120,-0.0225892663002014,-0.0330221354961395,-0.0339534878730773,0.2785273790359497,0.2155331224203109,-0.5448291897773743,watch,user3,walk
1763575558860914944,-0.0131230950355529,-0.0332877337932586,-0.0344632863998413,0.3540286123752594,0.2338365763425827,-0.5812195539474487,watch,user3,walk
1763575558870914048,-0.0157492458820343,-0.0428984314203262,-0.0314700603485107,0.4067309498786926,0.2380411773920059,-0.617893397808075,watch,user3,walk
1763575558880912896,-0.0201073586940765,-0.0504746586084365,-0.0344970226287841,0.4410902261734009,0.2401148080825805,-0.6478873491287231,watch,user3,walk
1763575558890912000,-0.0221263766288757,-0.0575207471847534,-0.0390262603759765,0.4635611772537231,0.2351429462432861,-0.6642793416976929,watch,user3,walk
1763575558900911104,-0.0227990448474884,-0.0635478198528289,-0.0433751344680786,0.4735331237316131,0.2190324068069458,-0.6765417456626892,watch,user3,walk
1763575558910908928,-0.0187995731830596,-0.0627502053976059,-0.0526436567306518,0.4653820097446441,0.1956706345081329,-0.6907869577407837,watch,user3,walk
1763575558920908032,-0.0100145041942596,-0.055894136428833,-0.0621994137763977,0.4540945589542389,0.1711422055959701,-0.6973459720611572,watch,user3,walk
1763575558930907136,0.002411663532257,-0.0476372838020324,-0.070229947566986,0.442766785621643,0.1483042687177658,-0.6930375099182129,watch,user3,walk
1763575558940905984,0.0060252547264099,-0.0490243285894393,-0.0760733485221862,0.422213077545166,0.1264156699180603,-0.6815778017044067,watch,user3,walk
1763575558950905088,0.0089694857597351,-0.0512179732322692,-0.0797958374023437,0.4033573567867279,0.1000290662050247,-0.673336923122406,watch,user3,walk
1763575558960904192,0.0128434896469116,-0.0550110638141632,-0.0791304111480712,0.3770342767238617,0.0808612331748008,-0.6645697951316833,watch,user3,walk
1763575558970902016,0.0084748864173889,-0.0611628144979476,-0.0779929757118225,0.3507827222347259,0.062067300081253,-0.6657319664955139,watch,user3,walk
1763575558980901120,0.0019378960132598,-0.0555083453655242,-0.0766709446907043,0.3293278515338897,0.0582369677722454,-0.6657871007919312,watch,user3,walk
1763575558990899968,-0.0012282729148864,-0.0460047274827957,-0.0843555331230163,0.3295651376247406,0.0625872388482093,-0.6593278646469116,watch,user3,walk
1763575559000899072,0.0043733417987823,-0.0324561446905136,-0.0977770686149597,0.3489777147769928,0.0822701305150985,-0.6440340280532837,watch,user3,walk
1763575559010898176,0.0189312100410461,-0.0120399743318557,-0.1145825982093811,0.3822911977767944,0.1061211302876472,-0.6208741068840027,watch,user3,walk
1763575559020897024,0.039846658706665,0.0055689364671707,-0.1284908056259155,0.3902760744094848,0.1233042106032371,-0.5953295230865479,watch,user3,walk
1763575559030895104,0.0597649812698364,0.0136497020721435,-0.1288280487060547,0.3478133082389831,0.1291559636592865,-0.5793840885162354,watch,user3,walk
1763575559040893952,0.0733281672000885,0.0139815211296081,-0.1181241273880004,0.2714220583438873,0.1240503340959549,-0.567446768283844,watch,user3,walk
1763575559050893056,0.0756827294826507,0.0087740570306777,-0.1063616871833801,0.1807347536087036,0.1111838072538375,-0.5679095983505249,watch,user3,walk
1763575559060892160,0.0706036388874054,0.0108439177274703,-0.0940939784049987,0.113472506403923,0.1101662069559097,-0.5774701833724976,watch,user3,walk
1763575559070891264,0.06572225689888,0.0185526907444,-0.086391806602478,0.0815443992614746,0.115997202694416,-0.5904112458229065,watch,user3,walk
1763575559080889856,0.0584480762481689,0.036794513463974,-0.0795948505401611,0.0990805104374885,0.1330542117357254,-0.6061816811561584,watch,user3,walk
1763575559090887936,0.0530274212360382,0.0570774376392364,-0.0772050023078918,0.151880070567131,0.1606797128915786,-0.6130976676940918,watch,user3,walk
1763575559100887040,0.0463484525680542,0.0753760784864425,-0.0753949284553527,0.2040334194898605,0.1815985888242721,-0.617106556892395,watch,user3,walk
1763575559110886144,0.0402568876743316,0.088856503367424,-0.0673407316207885,0.220472052693367,0.1800954937934875,-0.6305238604545593,watch,user3,walk
1763575559120885248,0.0323019623756408,0.0970251262187957,-0.0501184463500976,0.212376669049263,0.1610670387744903,-0.6565548181533813,watch,user3,walk
1763575559130883840,0.022861897945404,0.095110610127449,-0.0298882126808166,0.1848888397216797,0.1293141692876815,-0.6903731822967529,watch,user3,walk
1763575559140881920,0.0044668316841125,0.0856899321079254,0.0027328133583068,0.1396276205778122,0.0976883322000503,-0.7340928316116333,watch,user3,walk
1763575559150881024,-0.0236239731311798,0.0671417862176895,0.0454519987106323,0.0976325049996376,0.0656401067972183,-0.7868572473526001,watch,user3,walk
1763575559160880128,-0.0565206706523895,0.0467437505722045,0.0821861624717712,0.0808401629328727,0.0432693809270858,-0.833987295627594,watch,user3,walk
1763575559170879232,-0.0945112109184265,0.0309436023235321,0.1105357408523559,0.0963797122240066,0.042741809040308,-0.8659073710441589,watch,user3,walk
1763575559180877824,-0.1329298913478851,0.027953565120697,0.1220456957817077,0.1550641059875488,0.0647255778312683,-0.8839240074157715,watch,user3,walk
1763575559190876928,-0.1583231091499328,0.0437232106924057,0.1171097755432128,0.2483866065740585,0.1016995757818222,-0.8868446946144104,watch,user3,walk
1763575559200875008,-0.1682832539081573,0.0748022049665451,0.1096833348274231,0.3636637330055237,0.16400246322155,-0.8667140007019043,watch,user3,walk
1763575559210874112,-0.1682722568511963,0.1049002856016159,0.0888044238090515,0.4768022894859314,0.2294067740440368,-0.8250808119773865,watch,user3,walk
1763575559220873216,-0.161720722913742,0.1234831511974334,0.061478316783905,0.5621786117553711,0.2970464527606964,-0.7745203971862793,watch,user3,walk
1763575559230872064,-0.1561322212219238,0.1407530009746551,0.0366984009742736,0.5957006216049194,0.3565947413444519,-0.7425296902656555,watch,user3,walk
1763575559240870912,-0.1444845795631408,0.155635803937912,0.0173555016517639,0.587689220905304,0.392732560634613,-0.7308254837989807,watch,user3,walk
1763575559250870016,-0.128604918718338,0.1610399484634399,0.0126353502273559,0.5513096451759338,0.4074041843414306,-0.7187456488609314,watch,user3,walk
1763575559260868096,-0.1105429232120513,0.1537120640277862,0.0212982296943664,0.488928735256195,0.4131843149662018,-0.7049502730369568,watch,user3,walk
1763575559270867200,-0.0997305810451507,0.1331009864807129,0.0360804200172424,0.4042537808418274,0.4041530191898346,-0.7096084356307983,watch,user3,walk
1763575559280866048,-0.0964201688766479,0.1116610765457153,0.0503064393997192,0.3088850975036621,0.3798893690109253,-0.7375396490097046,watch,user3,walk
1763575559290864896,-0.0877035856246948,0.097294196486473,0.0598029494285583,0.2259486615657806,0.3481647372245788,-0.7630698084831238,watch,user3,walk
1763575559300864000,-0.0791696608066558,0.0909861922264099,0.0600578784942626,0.1641894727945327,0.3093466758728027,-0.7717894315719604,watch,user3,walk
1763575559310862080,-0.0742728114128112,0.0892937630414962,0.053174078464508,0.1300048679113388,0.2770769000053406,-0.7733937501907349,watch,user3,walk
1763575559320861184,-0.0787950754165649,0.0885221064090728,0.0434625744819641,0.1085112541913986,0.2451406270265579,-0.7634607553482056,watch,user3,walk
1763575559330859776,-0.0877045094966888,0.0935946404933929,0.0314375758171081,0.0946122109889984,0.2143060266971588,-0.7646833658218384,watch,user3,walk
1763575559340858880,-0.0959192216396331,0.0982503592967987,0.0188239812850952,0.0882077515125274,0.1874255836009979,-0.7653983235359192,watch,user3,walk
1763575559350857984,-0.1018904745578765,0.1037477999925613,0.0083392262458801,0.0976523905992508,0.1730993688106537,-0.7605289816856384,watch,user3,walk
1763575559360857088,-0.1094627082347869,0.1051430851221084,-0.0005876421928405,0.1152759045362472,0.1685956120491027,-0.7521324753761292,watch,user3,walk
1763575559370854912,-0.1197356581687927,0.1039348095655441,-0.0045268535614013,0.1321776509284973,0.1662256717681884,-0.7610329985618591,watch,user3,walk
1763575559380854016,-0.1283676028251648,0.0995769649744033,-0.0063454508781433,0.152199700474739,0.1695389151573181,-0.7702236771583557,watch,user3,walk
1763575559390852864,-0.1298361718654632,0.0953245013952255,-0.0070437788963317,0.174433633685112,0.1678003966808319,-0.7731369137763977,watch,user3,walk
1763575559400851968,-0.119686871767044,0.0844044834375381,-0.0076615214347839,0.1864352077245712,0.1659574061632156,-0.7697405219078064,watch,user3,walk
1763575559410851072,-0.103082925081253,0.0705215781927108,-0.0033438205718994,0.1809610873460769,0.1599991172552108,-0.7616069912910461,watch,user3,walk
1763575559420849920,-0.0889349579811096,0.0615395307540893,0.0013158917427062,0.1511266678571701,0.1470808237791061,-0.7555876970291138,watch,user3,walk
1763575559430848000,-0.0796127021312713,0.056892305612564,0.0066640973091125,0.107965350151062,0.1297545582056045,-0.7490725517272949,watch,user3,walk
1763575559440846848,-0.075725644826889,0.0513115525245666,0.0027324557304382,0.0663708969950676,0.1111324056982994,-0.7455347180366516,watch,user3,walk
1763575559450845952,-0.0721144378185272,0.0468933880329132,-0.0061269998550415,0.0328960306942462,0.0917224884033203,-0.7425975203514099,watch,user3,walk
1763575559460845056,-0.0728336572647094,0.0470858365297317,-0.0128365755081176,0.021500764414668,0.0754825323820114,-0.7460647821426392,watch,user3,walk
1763575559470843904,-0.0712759494781494,0.0481230318546295,-0.0170279145240783,0.0290249940007925,0.0626663342118263,-0.7539027333259583,watch,user3,walk
1763575559480841984,-0.0685633420944213,0.0485482215881347,-0.018399953842163,0.0430134683847427,0.0582128204405307,-0.748619556427002,watch,user3,walk
1763575559490840832,-0.0671056807041168,0.0442939847707748,-0.0104978680610656,0.0619565360248088,0.0572053492069244,-0.7362819314002991,watch,user3,walk
1763575559500839936,-0.0659166276454925,0.0376809537410736,-0.0075047016143798,0.0796231031417846,0.0594656616449356,-0.7196581363677979,watch,user3,walk
1763575559510839040,-0.065795361995697,0.0335135906934738,-0.0069292783737182,0.0972998365759849,0.0613453201949596,-0.7016152143478394,watch,user3,walk
1763575559520838144,-0.0626802444458007,0.0301404595375061,-0.0068283677101135,0.1178436875343322,0.0663931667804718,-0.6863359808921814,watch,user3,walk
1763575559530836992,-0.0599734783172607,0.0279620140790939,-0.005652904510498,0.1399846673011779,0.0737698525190353,-0.6721543669700623,watch,user3,walk
1763575559540834816,-0.0607547760009765,0.0284584015607833,-0.002872884273529,0.1615691035985946,0.0803949162364006,-0.6559097766876221,watch,user3,walk
1763575559550833920,-0.059704452753067,0.0316332727670669,-0.0067403316497802,0.1882523745298385,0.0864400267601013,-0.6380288004875183,watch,user3,walk
1763575559560833024,-0.0518946945667266,0.0317087322473526,-0.0043138861656188,0.2058690935373306,0.0927934348583221,-0.6171900033950806,watch,user3,walk
1763575559570832128,-0.0401638448238372,0.0262479186058044,0.0043047070503234,0.1975091695785522,0.0917763710021972,-0.5907714366912842,watch,user3,walk
1763575559580830976,-0.0248758196830749,0.0120744109153747,0.0157011151313781,0.1619061231613159,0.0901929438114166,-0.5576105117797852,watch,user3,walk
1763575559590829824,-0.0126051008701324,-0.0029670149087905,0.0296410322189331,0.0922021493315696,0.0857579857110977,-0.5212868452072144,watch,user3,walk
1763575559600827904,-0.0015771389007568,-0.0146602839231491,0.0399619340896606,0.0084821693599224,0.0932665914297103,-0.4767005145549774,watch,user3,walk
1763575559610827008,0.0057401955127716,-0.0180988609790802,0.0407707095146179,-0.0681969001889228,0.1044337525963783,-0.4281266033649444,watch,user3,walk
1763575559620826112,0.009607195854187,-0.0101440697908401,0.0281227827072143,-0.1273312270641327,0.1238666698336601,-0.3723472058773041,watch,user3,walk
1763575559630824960,0.01454558968544,0.0094527602195739,0.0105822086334228,-0.1726190894842147,0.1514535546302795,-0.3110226094722748,watch,user3,walk
1763575559640823808,0.0251331627368927,0.0279144644737243,-0.0043368935585021,-0.2214529365301132,0.1758939176797866,-0.2537349760532379,watch,user3,walk
1763575559650822912,0.041957676410675,0.0457814335823059,-0.0154935717582702,-0.2900194823741913,0.1934172511100769,-0.2068707793951034,watch,user3,walk
1763575559660820992,0.0618730187416076,0.0599546730518341,-0.02419114112854,-0.3831739723682403,0.2085930854082107,-0.1547270864248275,watch,user3,walk
1763575559670820096,0.0837157666683197,0.0670284777879715,-0.0323467254638671,-0.5007165670394897,0.2173847258090973,-0.1236724928021431,watch,user3,walk
1763575559680818944,0.0952419936656951,0.0647105276584625,-0.0301375985145568,-0.6351176500320435,0.215984508395195,-0.1151122972369194,watch,user3,walk
1763575559690818048,0.0915693640708923,0.0602230131626129,-0.0214396119117736,-0.763730525970459,0.1921153962612152,-0.139436274766922,watch,user3,walk
1763575559700816896,0.0768664181232452,0.0607937723398208,-0.0139383673667907,-0.8555082082748413,0.169911116361618,-0.1897537112236023,watch,user3,walk
1763575559710814976,0.0565718412399292,0.0657701790332794,-0.004213809967041,-0.882809579372406,0.1601106971502304,-0.2459709048271179,watch,user3,walk
1763575559720814080,0.0346694588661193,0.0644967257976532,0.0035102367401123,-0.8365573883056641,0.1512080132961273,-0.3061691224575043,watch,user3,walk
1763575559730812928,0.0155307054519653,0.0584290027618408,0.0090497136116027,-0.7409163117408752,0.1432129442691803,-0.3591801524162292,watch,user3,walk
1763575559740812032,-0.0023794174194335,0.0575798153877258,0.0037863254547119,-0.6352932453155518,0.1450005322694778,-0.4246797561645508,watch,user3,walk
1763575559750810880,-0.0271011292934417,0.0613314509391784,-0.0010710954666137,-0.5146059989929199,0.1523178368806839,-0.5075322985649109,watch,user3,walk
1763575559760809984,-0.0384560823440551,0.0721943974494934,-0.0119921565055847,-0.3689804375171661,0.165116012096405,-0.5842506885528564,watch,user3,walk
1763575559770808064,-0.0487720966339111,0.0839902162551879,-0.0142936110496521,-0.2061363905668258,0.189749464392662,-0.6433355808258057,watch,user3,walk
1763575559780806912,-0.0592681169509887,0.0895851254463195,-0.0156352519989013,-0.0357192046940326,0.2175112217664718,-0.6929422616958618,watch,user3,walk
1763575559790806016,-0.0670834779739379,0.0897049605846405,-0.0160698890686035,0.1166237294673919,0.2452392578125,-0.7405268549919128,watch,user3,walk
1763575559800804864,-0.0787049233913421,0.0822948217391967,-0.007261037826538,0.2247199267148971,0.2750758230686188,-0.7974560856819153,watch,user3,walk
1763575559810803968,-0.0853235125541687,0.0693867206573486,0.0049370527267456,0.2848173379898071,0.3022525608539581,-0.8647072911262512,watch,user3,walk
1763575559820802816,-0.0799952149391174,0.0607615411281585,0.0093691945075988,0.3011412322521209,0.3271498382091522,-0.9162550568580629,watch,user3,walk
1763575559830800896,-0.0671887695789337,0.0638931691646575,-0.0016883015632629,0.2777187526226043,0.350032776594162,-0.9606283903121948,watch,user3,walk
1763575559840800000,-0.0489404201507568,0.0793538689613342,-0.0196067094802856,0.2337890118360519,0.3737278878688812,-0.9896206259727478,watch,user3,walk
1763575559850798848,-0.0282878279685974,0.0975340902805328,-0.0391290783882141,0.1803409606218338,0.3867390155792236,-1.0140948295593262,watch,user3,walk
1763575559860797952,-0.0145809352397918,0.1164162158966064,-0.0632588863372802,0.1090481430292129,0.3897585272789001,-1.061768651008606,watch,user3,walk
1763575559870796800,0.0010387897491455,0.133669912815094,-0.0852078199386596,0.055357489734888,0.3830319046974182,-1.1237778663635254,watch,user3,walk
1763575559880794880,0.0181406140327453,0.1512932777404785,-0.0973927974700927,0.0378552824258804,0.3723721504211426,-1.1771821975708008,watch,user3,walk
1763575559890793984,0.0249326527118682,0.1635762155055999,-0.1050847172737121,0.0769845768809318,0.3680178821086883,-1.2278903722763062,watch,user3,walk
1763575559900792832,0.0209542512893676,0.1714862585067749,-0.1125483512878418,0.1615644842386245,0.3793815374374389,-1.2823710441589355,watch,user3,walk
1763575559910791936,0.0091670155525207,0.1759563684463501,-0.1070579886436462,0.2754292488098144,0.3944851160049438,-1.3283214569091797,watch,user3,walk
1763575559920790784,-0.0032823979854583,0.1716830432415008,-0.0921729207038879,0.3946735858917236,0.4012941122055053,-1.368360996246338,watch,user3,walk
1763575559930789888,-0.0206187069416046,0.1632933616638183,-0.0814672112464904,0.5114103555679321,0.4113475382328033,-1.4174821376800537,watch,user3,walk
1763575559940787968,-0.0300278961658477,0.1476114094257354,-0.0713354349136352,0.5971779823303223,0.41387540102005,-1.4706313610076904,watch,user3,walk
1763575559950787072,-0.0301838815212249,0.1254945397377014,-0.0571737885475158,0.6448246240615845,0.4005707800388336,-1.5042588710784912,watch,user3,walk
1763575559960785920,-0.0299334824085235,0.1030471324920654,-0.0454349517822265,0.6651524901390076,0.381340354681015,-1.53692626953125,watch,user3,walk
1763575559970785024,-0.0355432033538818,0.085949569940567,-0.0300794839859008,0.6894668936729431,0.3565554022789001,-1.574067234992981,watch,user3,walk
1763575559980783872,-0.0395068526268005,0.0779395401477813,-0.0232691168785095,0.7277876734733582,0.3332799077033996,-1.6071932315826416,watch,user3,walk
1763575559990782976,-0.0373575687408447,0.0753232538700103,-0.0129453539848327,0.7831515669822693,0.3185092210769653,-1.6274516582489014,watch,user3,walk
1763575560000781056,-0.0313148200511932,0.0674656927585601,0.00238037109375,0.8440530300140381,0.3013707101345062,-1.6420081853866575,watch,user3,walk
1763575560010779904,-0.0223723948001861,0.0578584372997283,0.0123152732849121,0.9056335687637328,0.2842199504375458,-1.654762625694275,watch,user3,walk
1763575560020779008,-0.0132436156272888,0.045285016298294,0.0310765504837036,0.9457602500915528,0.260838121175766,-1.6686217784881592,watch,user3,walk
1763575560030777856,-0.0032794177532196,0.0287185907363891,0.0557000637054443,0.9733623266220092,0.2386933863162994,-1.6708170175552368,watch,user3,walk
1763575560040776960,0.0041549801826477,0.0150940716266632,0.0784485936164856,0.9784801602363586,0.2203354984521865,-1.67277193069458,watch,user3,walk
1763575560050775040,0.0115298926830291,0.0012429654598236,0.0994496345520019,0.9697718620300292,0.1957747638225555,-1.6603765487670898,watch,user3,walk
1763575560060773888,0.0187881886959075,-0.0113317668437957,0.1076805591583252,0.9472086429595948,0.1807042062282562,-1.627411961555481,watch,user3,walk
1763575560070772992,0.02940234541893,-0.0207751989364624,0.1121689677238464,0.9186409711837769,0.172706738114357,-1.585651993751526,watch,user3,walk
1763575560080771840,0.0406862497329711,-0.0216774046421051,0.1177939772605896,0.8872384428977966,0.1699144095182418,-1.5482394695281982,watch,user3,walk
1763575560090770944,0.050814151763916,-0.0076099932193756,0.1172007918357849,0.8677869439125061,0.1649713218212127,-1.5126692056655884,watch,user3,walk
1763575560100770048,0.0585739016532897,0.0069992244243621,0.1136284470558166,0.854819118976593,0.1616904735565185,-1.4683139324188232,watch,user3,walk
1763575560110767872,0.0635032653808593,0.0232022404670715,0.1058713197708129,0.8642182350158691,0.1637592166662216,-1.4269942045211792,watch,user3,walk
1763575560120766976,0.0679677426815033,0.0327245891094207,0.0996819138526916,0.8591877222061157,0.17354616522789,-1.368169188499451,watch,user3,walk
1763575560130765824,0.0692890584468841,0.0336706638336181,0.105684220790863,0.8519814610481262,0.1879272311925888,-1.3302768468856812,watch,user3,walk
1763575560140764928,0.0643526017665863,0.0220423638820648,0.1135677099227905,0.8178560137748718,0.2053404003381729,-1.2923089265823364,watch,user3,walk
1763575560150764032,0.061145931482315,0.0143584609031677,0.1151441931724548,0.7912659049034119,0.2343387603759765,-1.2412235736846924,watch,user3,walk
1763575560160762112,0.0606504380702972,0.0170127153396606,0.1077291965484619,0.780289888381958,0.271870881319046,-1.1849374771118164,watch,user3,walk
1763575560170760960,0.0680948495864868,0.0292487442493438,0.0933917760848999,0.766770601272583,0.3267018795013428,-1.1272441148757937,watch,user3,walk
1763575560180759808,0.0776535272598266,0.0471459329128265,0.0816727876663208,0.7456929683685303,0.3866643905639648,-1.060652494430542,watch,user3,walk
1763575560190758912,0.0916845798492431,0.0603303909301757,0.0565203428268432,0.7123890519142151,0.4332212209701538,-0.9976608753204346,watch,user3,walk
1763575560200758016,0.1076328456401825,0.0714729130268096,0.0197880864143371,0.6490188837051392,0.4650643765926361,-0.947130560874939,watch,user3,walk
1763575560210757120,0.1232226490974426,0.0861510634422302,-0.0180104970932006,0.5569819211959839,0.4809264242649078,-0.912166714668274,watch,user3,walk
1763575560220754944,0.1387076377868652,0.1011487543582916,-0.0521780848503112,0.4506511092185974,0.4700787663459778,-0.895128607749939,watch,user3,walk
1763575560230753792,0.1509600579738617,0.1073207557201385,-0.0707849264144897,0.3532960712909698,0.4468069970607757,-0.8839476108551025,watch,user3,walk
1763575560240752896,0.1550262868404388,0.1060895323753357,-0.074268102645874,0.2811022102832794,0.4220355153083801,-0.8792255520820618,watch,user3,walk
1763575560250752000,0.1457449197769165,0.0945118963718414,-0.0551996231079101,0.2395483702421188,0.3962803483009338,-0.8799464702606201,watch,user3,walk
1763575560260751104,0.1199311017990112,0.0793347358703613,-0.0251488089561462,0.2303661853075027,0.3709417283535003,-0.8807576894760132,watch,user3,walk
1763575560270749952,0.0903769135475158,0.0623440742492675,0.0049613118171691,0.2424031347036361,0.3450241088867187,-0.878370463848114,watch,user3,walk
1763575560280747776,0.0603356659412384,0.0360326468944549,0.0402824282646179,0.2643607556819916,0.3170014917850494,-0.859862744808197,watch,user3,walk
1763575560290746880,0.0326831340789794,0.0036653578281402,0.0755490064620971,0.2850777804851532,0.2894862592220306,-0.8287777900695801,watch,user3,walk
1763575560300745984,0.0065987110137939,-0.0268097221851348,0.1024473905563354,0.2948620915412903,0.2604535520076751,-0.7933208346366882,watch,user3,walk
1763575560310745088,-0.0142182409763336,-0.0438929796218872,0.1162591576576232,0.29453906416893,0.231851726770401,-0.7673909664154053,watch,user3,walk
1763575560320743936,-0.0285424590110778,-0.0423366725444793,0.1237812042236328,0.2934335172176361,0.2064066380262375,-0.7406668663024902,watch,user3,walk
1763575560330742016,-0.038043588399887,-0.0362995266914367,0.1242414712905883,0.2936465740203857,0.1879378855228424,-0.7043535709381104,watch,user3,walk
1763575560340741120,-0.0526488721370697,-0.0268778800964355,0.1181379556655883,0.3043495118618011,0.1873478144407272,-0.67061448097229,watch,user3,walk
1763575560350740224,-0.0641547441482544,-0.0100600719451904,0.1132130622863769,0.3102082014083862,0.1935021132230758,-0.6260132193565369,watch,user3,walk
1763575560360739328,-0.070322185754776,0.0080157220363616,0.1126697063446044,0.3200863599777221,0.2038600444793701,-0.5817095637321472,watch,user3,walk
1763575560370738176,-0.0690881609916687,0.0190973281860351,0.1122631430625915,0.3121048510074615,0.2088550627231598,-0.5336823463439941,watch,user3,walk
1763575560380737280,-0.0659066140651702,0.0247591137886047,0.1173637509346008,0.2743039429187774,0.2303630113601684,-0.4781659841537475,watch,user3,walk
1763575560390735104,-0.0680175721645355,0.0212436318397521,0.1264646649360656,0.2101931422948837,0.2674651145935058,-0.4278250634670257,watch,user3,walk
1763575560400734208,-0.0697939991950988,0.0269787609577178,0.132965862751007,0.1356548517942428,0.2925848662853241,-0.400926798582077,watch,user3,walk
1763575560410733312,-0.0511788129806518,0.0390836894512176,0.1309327483177185,0.078273594379425,0.2971716225147247,-0.3564304411411285,watch,user3,walk
1763575560420732160,-0.0315555036067962,0.0434513688087463,0.1206865906715393,0.0479366369545459,0.319367915391922,-0.2935527861118316,watch,user3,walk
1763575560430731264,-0.0228759944438934,0.0296188592910766,0.109398603439331,0.0177851226180791,0.3549080491065979,-0.22808538377285,watch,user3,walk
1763575560440729088,-0.01470348238945,0.0134784281253814,0.1048170328140258,-0.0611868351697921,0.3829938471317291,-0.1591832935810089,watch,user3,walk
1763575560450728192,-0.0039052069187164,-0.001405656337738,0.1127261519432067,-0.1885873973369598,0.3969005942344665,-0.1113353297114372,watch,user3,walk
1763575560460727296,0.010901004076004,-0.0108962357044219,0.1163678765296936,-0.3189306557178497,0.3901903033256531,-0.1009945422410965,watch,user3,walk
1763575560470726144,0.0190457701683044,0.0029744207859039,0.1115922331809997,-0.4381476044654846,0.3937882483005523,-0.1047298908233642,watch,user3,walk
1763575560480725248,0.0161429643630981,0.0411704182624816,0.0997140407562255,-0.4993858337402344,0.4092676937580108,-0.1096081361174583,watch,user3,walk
1763575560490724096,0.0071940422058105,0.0769553482532501,0.0814956426620483,-0.4877952039241791,0.4380692541599273,-0.0974332317709922,watch,user3,walk
1763575560500722176,-0.0004884302616119,0.0907610654830932,0.0725825428962707,-0.4213284850120544,0.4686280488967895,-0.0638821944594383,watch,user3,walk
1763575560510721280,-0.0071872174739837,0.079644501209259,0.0723228454589843,-0.3402384221553802,0.5108777284622192,-0.0277577489614486,watch,user3,walk
1763575560520720128,-0.0134783387184143,0.0524190068244934,0.0685581564903259,-0.2685458064079284,0.5148355960845947,-0.008865550160408,watch,user3,walk
1763575560530719232,-0.0116078555583953,0.0370336472988128,0.0391122698783874,-0.236458420753479,0.51534104347229,-0.0421835631132125,watch,user3,walk
1763575560540718336,-0.0080048441886901,0.0534166991710662,0.0264672040939331,-0.2220038026571273,0.5343855023384094,-0.0890693739056587,watch,user3,walk
1763575560550716160,0.0070064961910247,0.0733268857002258,0.02228444814682,-0.2064629346132278,0.5542367100715637,-0.0951123535633087,watch,user3,walk
1763575560560715264,0.0149075984954833,0.0683945715427398,0.0153613686561584,-0.1911337822675705,0.5673761963844299,-0.080567367374897,watch,user3,walk
1763575560570714112,0.0065284669399261,0.0511212348937988,7.146596908569336e-05,-0.1910040825605392,0.566702663898468,-0.0802358090877533,watch,user3,walk
1763575560580713216,0.0047256648540496,0.04846853017807,-0.0181570053100585,-0.2062201797962188,0.5473923683166504,-0.1054606661200523,watch,user3,walk
1763575560590712320,0.0098985731601715,0.0526897311210632,-0.0363839864730834,-0.2184712588787078,0.5209245681762695,-0.1282346844673156,watch,user3,walk
1763575560600711168,0.0183081328868865,0.0526955723762512,-0.0445271730422973,-0.2191298604011535,0.5021692514419556,-0.137244164943695,watch,user3,walk
1763575560610709248,0.0220004022121429,0.0360051691532135,-0.0523945689201355,-0.218980461359024,0.4959608912467956,-0.12676702439785,watch,user3,walk
1763575560620708352,0.014537900686264,0.0099090337753295,-0.0573285222053527,-0.2236096113920211,0.4769918024539947,-0.1072995141148567,watch,user3,walk
1763575560630707200,0.0049566030502319,-0.0139863789081573,-0.0638042688369751,-0.2493863403797149,0.4460946023464203,-0.0965573862195015,watch,user3,walk
1763575560640706304,-0.0056028068065643,-0.0283087491989135,-0.0690621733665466,-0.2796283662319183,0.4102965593338012,-0.0921410024166107,watch,user3,walk
1763575560650705152,-0.014700561761856,-0.0331896245479583,-0.0802362561225891,-0.3198567628860473,0.3803658485412597,-0.0886842161417007,watch,user3,walk
1763575560660703232,-0.020402193069458,-0.0363720953464508,-0.0864782929420471,-0.3588021993637085,0.3625469803810119,-0.0852001383900642,watch,user3,walk
1763575560670702336,-0.0249844789505004,-0.04200080037117,-0.0859208106994628,-0.4033917784690857,0.3464207351207733,-0.0647297501564025,watch,user3,walk
1763575560680701184,-0.027750015258789,-0.0550042986869812,-0.0766924023628234,-0.4540058672428131,0.3326475024223327,-0.033518698066473,watch,user3,walk
1763575560690700288,-0.0336855351924896,-0.070713460445404,-0.0714828968048095,-0.4970835447311401,0.3305798172950744,-0.0083512943238019,watch,user3,walk
1763575560700699136,-0.0414839088916778,-0.0821526050567627,-0.0623020529747009,-0.5459792613983154,0.3371821343898773,0.0291242431849241,watch,user3,walk
1763575560710698240,-0.0490432679653167,-0.0914898514747619,-0.0486062765121459,-0.576120913028717,0.3636814057826996,0.0639208331704139,watch,user3,walk
1763575560720696320,-0.0581579208374023,-0.0971228182315826,-0.0352008938789367,-0.5798177123069763,0.393414169549942,0.1072165146470069,watch,user3,walk
1763575560730695168,-0.0608220696449279,-0.0954861640930175,-0.0175023078918457,-0.504611611366272,0.3934719562530517,0.1505006104707718,watch,user3,walk
1763575560740694272,-0.0521552264690399,-0.0731793642044067,-0.0303194522857666,-0.3749535679817199,0.3806870281696319,0.1784731745719909,watch,user3,walk
1763575560750693376,-0.0354119539260864,-0.0142501592636108,-0.0393629670143127,-0.2229829281568527,0.3940246701240539,0.1819667220115661,watch,user3,walk
1763575560760692224,-0.0164636075496673,0.046559065580368,-0.0302649736404418,-0.0541046038269996,0.4167375266551971,0.1899078637361526,watch,user3,walk
1763575560770690304,0.0013802051544189,0.0677266120910644,-0.0165166854858398,0.0836053267121315,0.4284663498401642,0.2244985997676849,watch,user3,walk
1763575560780689152,0.0025603175163269,0.0533587932586669,0.0085028409957885,0.1570830941200256,0.44269859790802,0.2578347325325012,watch,user3,walk
1763575560790688256,-0.0090883374214172,0.0164178907871246,0.0311091542243957,0.1585387736558914,0.45958411693573,0.2825035750865936,watch,user3,walk
1763575560800687360,-0.0225417017936706,-0.0186569392681121,0.0544841289520263,0.0812272578477859,0.471035897731781,0.3058969974517822,watch,user3,walk
1763575560810686208,-0.0296942293643951,-0.041018009185791,0.0797320008277893,-0.0191472843289375,0.4761547744274139,0.313652366399765,watch,user3,walk
1763575560820685056,-0.0368565917015075,-0.0441710650920867,0.0982028245925903,-0.1235743090510368,0.4974410533905029,0.3435922265052795,watch,user3,walk
1763575560830683136,-0.0377689003944397,-0.0407112836837768,0.1187936663627624,-0.239848181605339,0.5366824865341187,0.3845361769199371,watch,user3,walk
1763575560840682240,-0.039603054523468,-0.0432905554771423,0.133450448513031,-0.3302851319313049,0.5746461153030396,0.419610857963562,watch,user3,walk
1763575560850681344,-0.039718747138977,-0.0464380383491516,0.1298773288726806,-0.3461375832557678,0.5544793009757996,0.4423891305923462,watch,user3,walk
1763575560860680192,-0.0263932347297668,-0.0207660198211669,0.085480511188507,-0.3275474309921264,0.5587957501411438,0.4163262248039245,watch,user3,walk
1763575560870679040,-0.0140734910964965,0.0436446368694305,0.0530889630317688,-0.255890280008316,0.5873072743415833,0.3789266645908355,watch,user3,walk
1763575560880677120,0.0100486278533935,0.0894589126110076,0.0401230454444885,-0.1537213325500488,0.6282069087028503,0.3566785454750061,watch,user3,walk
1763575560890676224,0.0320105552673339,0.092958390712738,0.0397461652755737,-0.0752073526382446,0.6619733572006226,0.3624134063720703,watch,user3,walk
1763575560900675328,0.033841848373413,0.0653658509254455,0.0523995161056518,-0.0490730479359626,0.7041148543357849,0.36691415309906,watch,user3,walk
1763575560910674176,0.0226452350616455,0.0247712433338165,0.0649287700653076,-0.0824256762862205,0.7389700412750244,0.3695040643215179,watch,user3,walk
1763575560920673024,0.0145027637481689,-0.0154854655265808,0.0791090726852417,-0.1716624796390533,0.7705429196357727,0.3747819662094116,watch,user3,walk
1763575560930671104,0.0093352794647216,-0.0455469489097595,0.0927749276161193,-0.3103654980659485,0.8032225370407104,0.3942981660366058,watch,user3,walk
1763575560940670208,0.0069388151168823,-0.0715626776218414,0.1022586822509765,-0.4786886572837829,0.8549103140830994,0.4170816540718078,watch,user3,walk
1763575560950669312,0.0050827860832214,-0.0906408727169036,0.1092624068260192,-0.680422306060791,0.9052075743675232,0.4619628190994262,watch,user3,walk
1763575560960668160,0.0016138553619384,-0.1124767959117889,0.1185135841369628,-0.929409921169281,0.9639261364936828,0.5103880167007446,watch,user3,walk
1763575560970667008,0.0001843571662902,-0.1401292085647583,0.1257309317588806,-1.2239898443222046,1.0216975212097168,0.5641250014305115,watch,user3,walk
1763575560980666112,-0.0033483505249023,-0.1626761555671692,0.1330124735832214,-1.5357708930969238,1.104462504386902,0.6273670196533203,watch,user3,walk
1763575560990664192,-0.0097357034683227,-0.1794196367263794,0.1463786363601684,-1.8875036239624023,1.1752716302871704,0.7010175585746765,watch,user3,walk
1763575561000663296,-0.0093617439270019,-0.2025900483131408,0.1557792425155639,-2.2577428817749023,1.2230489253997805,0.7865455746650696,watch,user3,walk
1763575561010662400,0.0030540823936462,-0.2145253419876098,0.1624478101730346,-2.6423540115356445,1.2730436325073242,0.8753060698509216,watch,user3,walk
1763575561020660992,0.0105759501457214,-0.2172615230083465,0.1609800457954406,-2.9771859645843506,1.2898935079574585,0.9739188551902772,watch,user3,walk
1763575561030660096,0.0252754688262939,-0.2114578783512115,0.1503158807754516,-3.286747455596924,1.321033000946045,1.0694600343704224,watch,user3,walk
1763575561040658176,0.0417200922966003,-0.1978251338005066,0.1420565247535705,-3.5336930751800537,1.320215940475464,1.17097806930542,watch,user3,walk
1763575561050657280,0.059008240699768,-0.1825393736362457,0.1277836561203003,-3.710351467132568,1.2859349250793457,1.2596216201782229,watch,user3,walk
1763575561060656384,0.0796613097190857,-0.1612465381622314,0.0956543087959289,-3.719029664993286,1.1874570846557615,1.341323733329773,watch,user3,walk
1763575561070655232,0.1097853183746337,-0.1039142608642578,0.0516927242279052,-3.5483083724975586,1.1186058521270752,1.424125909805298,watch,user3,walk
1763575561080654080,0.1331549286842346,-0.0265223681926727,0.0186525881290435,-3.201843500137329,1.1047632694244385,1.5103192329406738,watch,user3,walk
1763575561090653184,0.133330225944519,0.0317336022853851,-0.0181489586830139,-2.783414363861084,1.1086411476135254,1.5917317867279053,watch,user3,walk
1763575561100651264,0.12331223487854,0.0714596509933471,-0.0492229461669921,-2.3769848346710205,1.1461762189865112,1.6453827619552612,watch,user3,walk
1763575561110650368,0.1163752079010009,0.0861901342868805,-0.0731188654899597,-2.088735342025757,1.1690267324447632,1.6583359241485596,watch,user3,walk
1763575561120649216,0.1175549626350402,0.0797610580921173,-0.0779880285263061,-1.959823489189148,1.1599674224853516,1.6566028594970703,watch,user3,walk
1763575561130648064,0.1311401128768921,0.0640002489089965,-0.081363558769226,-1.9225690364837649,1.046420335769653,1.6454122066497805,watch,user3,walk
1763575561140647168,0.1681891083717346,0.0667583644390106,-0.1162249147891998,-1.7493840456008911,0.7507125735282898,1.590918779373169,watch,user3,walk
1763575561150645248,0.2155042886734008,0.1389276981353759,-0.1537244915962219,-1.4113106727600098,0.4937558770179748,1.506799340248108,watch,user3,walk
1763575561160644352,0.2059777975082397,0.2440834641456604,-0.1453663110733032,-0.9098435640335084,0.3902066349983215,1.4300614595413208,watch,user3,walk
1763575561170643200,0.1635977029800415,0.3041402995586395,-0.1595382094383239,-0.4021244049072265,0.4211123585700989,1.3643347024917605,watch,user3,walk
1763575561180642048,0.1099343299865722,0.3116644322872162,-0.1578429937362671,-0.0302318930625915,0.4648576378822326,1.2627218961715698,watch,user3,walk
1763575561190641152,0.07077157497406,0.2741473913192749,-0.1287567615509033,0.171479120850563,0.4350677728652954,1.1544963121414185,watch,user3,walk
1763575561200640256,0.0550313591957092,0.2155738770961761,-0.1035608649253845,0.2172488719224929,0.3625645339488983,1.054166316986084,watch,user3,walk
1763575561210638336,0.0412648320198059,0.1721514463424682,-0.0768316090106964,0.1912268698215484,0.2851501703262329,0.9579551219940186,watch,user3,walk
1763575561220637440,0.0243195295333862,0.1557376086711883,-0.0692550837993621,0.1979381591081619,0.2475029528141021,0.8506301641464233,watch,user3,walk
1763575561230636032,0.0079748034477233,0.1577623188495636,-0.0521906912326812,0.2339475601911544,0.2410916537046432,0.769357442855835,watch,user3,walk
1763575561240635136,-0.0086739063262939,0.1576966643333435,-0.0495996475219726,0.2570884823799133,0.2363889515399933,0.6995546221733093,watch,user3,walk
1763575561250634240,-0.0209131240844726,0.1461104750633239,-0.0458754003047943,0.231294959783554,0.2065761834383011,0.6312986016273499,watch,user3,walk
1763575561260632320,-0.0377531647682189,0.1308990120887756,-0.0404073894023895,0.14603191614151,0.1899803578853607,0.5605014562606812,watch,user3,walk
1763575561270631424,-0.0494991540908813,0.1137650609016418,-0.0385956466197967,0.0244016144424676,0.1474033296108245,0.4906123876571655,watch,user3,walk
1763575561280630016,-0.0565558075904846,0.1121573150157928,-0.0430808663368225,-0.1086949184536933,0.1084277033805847,0.4084324240684509,watch,user3,walk
1763575561290629120,-0.0601073503494262,0.1258511543273925,-0.0486771166324615,-0.2124974727630615,0.0642064437270164,0.3211398422718048,watch,user3,walk
1763575561300628224,-0.0555054545402526,0.1536302268505096,-0.052990049123764,-0.288894385099411,0.0296564549207687,0.2398165762424469,watch,user3,walk
1763575561310627328,-0.0492564439773559,0.1810214221477508,-0.0528083145618438,-0.2886467278003692,0.0155190648511052,0.1699767708778381,watch,user3,walk
1763575561320625408,-0.0480934381484985,0.1911399066448211,-0.0554098486900329,-0.228232592344284,0.0122843012213706,0.1120970174670219,watch,user3,walk
1763575561330623744,-0.0451602935791015,0.1902802586555481,-0.0549392998218536,-0.1452881693840026,0.0277455486357212,0.0635683685541153,watch,user3,walk
1763575561340622592,-0.0457115769386291,0.1777284741401672,-0.0563778579235076,-0.0552258379757404,0.0392448976635932,0.0169876851141452,watch,user3,walk
1763575561350621440,-0.0408523678779602,0.1618493795394897,-0.0522594153881073,0.0231901425868272,0.037526361644268,-0.0365487746894359,watch,user3,walk
1763575561360620544,-0.0343745350837707,0.1486020684242248,-0.0488628149032592,0.1132978424429893,0.0369600877165794,-0.0883966609835624,watch,user3,walk
1763575561370618624,-0.0275362730026245,0.1369162499904632,-0.0448780357837677,0.2033571600914001,0.0422294177114963,-0.1367045491933822,watch,user3,walk
1763575561380617728,-0.0185337662696838,0.123346209526062,-0.0434486269950866,0.2798498868942261,0.0546930953860282,-0.173053503036499,watch,user3,walk
1763575561390616576,-0.0056678056716918,0.1054374277591705,-0.0351507365703582,0.3430741429328918,0.0559863299131393,-0.207968071103096,watch,user3,walk
1763575561400615680,0.0076695084571838,0.085398644208908,-0.0309224128723144,0.391258180141449,0.0505785122513771,-0.2359300553798675,watch,user3,walk
1763575561410614528,0.0177079439163208,0.0679752230644226,-0.0276004970073699,0.4296271502971649,0.0384454205632209,-0.2652386724948883,watch,user3,walk
1763575561420612608,0.0240381360054016,0.0534019172191619,-0.0309712290763854,0.4605709612369537,0.0317386947572231,-0.2844113707542419,watch,user3,walk
1763575561430611712,0.0295376181602478,0.0369814932346344,-0.0323300659656524,0.4809923470020294,0.0260384622961282,-0.2994656860828399,watch,user3,walk
1763575561440610560,0.0341403484344482,0.0220003724098205,-0.0351319313049316,0.5018333792686462,0.0142447426915168,-0.3133942186832428,watch,user3,walk
1763575561450609664,0.0356135964393615,0.0065240859985351,-0.0339154303073883,0.5227615833282471,2.639181911945343e-05,-0.3216910362243652,watch,user3,walk
1763575561460608512,0.0374755263328552,-0.0084814429283142,-0.0288880765438079,0.5334991812705994,-0.0109156481921672,-0.3248839676380157,watch,user3,walk
1763575561470607616,0.039300262928009,-0.0206882059574127,-0.021991491317749,0.5304597020149231,-0.0165602192282676,-0.3211036026477813,watch,user3,walk
1763575561480605696,0.038385272026062,-0.0338727831840515,-0.0157907307147979,0.5198318362236023,-0.0193677227944135,-0.3140168190002441,watch,user3,walk
1763575561490604544,0.037215769290924,-0.0496209263801574,-0.0066213309764862,0.4869966208934784,-0.0256695598363876,-0.2963019907474518,watch,user3,walk
1763575561500603648,0.0328477621078491,-0.0631628632545471,0.0023764669895172,0.442353755235672,-0.0289267860352993,-0.2791799306869507,watch,user3,walk
1763575561510602496,0.0278398394584655,-0.0753381550312042,0.0099228918552398,0.388883888721466,-0.0359207801520824,-0.2568466365337372,watch,user3,walk
1763575561520601600,0.0224928855895996,-0.0835388004779815,0.0150696337223052,0.3299287259578705,-0.042494349181652,-0.2314366996288299,watch,user3,walk
1763575561530599680,0.0179903507232666,-0.0901543200016021,0.0165996253490448,0.2756998240947723,-0.0458960048854351,-0.1989756971597671,watch,user3,walk
1763575561540598528,0.0127613544464111,-0.0904749035835266,0.0170264840126037,0.2355801314115524,-0.0527365989983081,-0.1650036126375198,watch,user3,walk
1763575561550597632,0.0055210590362548,-0.0853839516639709,0.0132963955402374,0.2028623968362808,-0.0512201935052871,-0.1374747902154922,watch,user3,walk
1763575561560596480,0.002466082572937,-0.078105628490448,0.0142553150653839,0.1794980317354202,-0.0476493425667285,-0.1036053746938705,watch,user3,walk
1763575561570595584,-0.002095878124237,-0.0695652067661285,0.0158020853996276,0.1605461835861206,-0.0344227515161037,-0.0633679404854774,watch,user3,walk
1763575561580593664,-0.0053686499595642,-0.0660564303398132,0.0136345922946929,0.1439166367053985,-0.0195847693830728,-0.0220369473099708,watch,user3,walk
1763575561590592512,-0.0104101300239562,-0.0641685724258422,0.0126814246177673,0.1221772655844688,-0.0039874357171356,0.0137910917401313,watch,user3,walk
1763575561600591616,-0.0156754851341247,-0.0579560995101928,0.0101639628410339,0.0919495373964309,0.0104805417358875,0.0385866500437259,watch,user3,walk
1763575561610590720,-0.019501507282257,-0.0471150577068328,0.0103444457054138,0.0581894516944885,0.032899297773838,0.0545413829386234,watch,user3,walk
1763575561620589568,-0.0212231874465942,-0.0371581017971038,0.0135284960269927,0.0325869284570217,0.0497716665267944,0.0672431364655494,watch,user3,walk
1763575561630588416,-0.019995093345642,-0.0322327017784118,0.0160439908504486,0.0279873833060264,0.051656387746334,0.0820857286453247,watch,user3,walk
1763575561640586496,-0.0148535370826721,-0.0289889276027679,0.0156179666519165,0.0390151776373386,0.0425184592604637,0.0873448029160499,watch,user3,walk
1763575561650585600,-0.0149486064910888,-0.0188011229038238,0.0234975814819335,0.0452384538948535,0.0489079132676124,0.0724726468324661,watch,user3,walk
1763575561660584704,-0.0172787904739379,-0.0061295628547668,0.0342617034912109,0.0410086438059806,0.0790461972355842,0.0584064945578575,watch,user3,walk
1763575561670583552,-0.0211530327796936,-0.0018040239810943,0.0479930639266967,0.0362762063741683,0.0932166054844856,0.0519893430173397,watch,user3,walk
1763575561680582400,-0.0129117965698242,0.0042820870876312,0.0501810908317565,0.0257579181343317,0.0802648589015007,0.053303949534893,watch,user3,walk
1763575561690580480,-0.0005770325660705,0.0152991712093353,0.0468513667583465,0.0351136028766632,0.0527426898479461,0.061871338635683,watch,user3,walk
1763575561700579584,0.0089039802551269,0.0148209929466247,0.0352314710617065,0.0807629823684692,0.0458893105387687,0.0816158130764961,watch,user3,walk
1763575561710578688,0.0096313953399658,0.0068803131580352,0.0157080590724945,0.1372305303812027,0.0516910068690776,0.100573256611824,watch,user3,walk
1763575561720577536,0.0088552832603454,-0.0029937326908111,-0.0025124251842498,0.1698014587163925,0.0643304586410522,0.1191627159714698,watch,user3,walk
1763575561730576640,0.0074508190155029,-0.0125708580017089,-0.0128635466098785,0.1575205624103546,0.0643821209669113,0.1252301931381225,watch,user3,walk
1763575561740574720,0.0093356370925903,-0.0193195044994354,-0.0214748680591583,0.1069478020071983,0.0521036200225353,0.1231466084718704,watch,user3,walk
1763575561750573568,0.0137225985527038,-0.0232785940170288,-0.0245338976383209,0.0261988919228315,0.038186740130186,0.1191723719239234,watch,user3,walk
1763575561760572672,0.0190153121948242,-0.0230055749416351,-0.0236417651176452,-0.0620570220053195,0.0230673514306545,0.1095293387770652,watch,user3,walk
1763575561770571520,0.0228279829025268,-0.0190975069999694,-0.0203442573547363,-0.1341913938522339,0.0075243446044623,0.0994876250624656,watch,user3,walk
1763575561780570624,0.0200353264808654,-0.0161812901496887,-0.0166894793510437,-0.1794421374797821,-0.0066965804435312,0.0894387140870094,watch,user3,walk
1763575561790569472,0.0149521827697753,-0.0121943056583404,-0.0144119262695312,-0.1942940652370453,-0.022184194996953,0.0792294889688491,watch,user3,walk
1763575561800567552,0.0111111402511596,-0.0098335444927215,-0.0203665196895599,-0.1844539195299148,-0.0326595604419708,0.0766879692673683,watch,user3,walk
1763575561810566656,0.0067156553268432,-0.0052058696746826,-0.0224235355854034,-0.1580433398485183,-0.040421076118946,0.0737307965755462,watch,user3,walk
1763575561820565504,0.0044007897377014,-0.0062001943588256,-0.0231943130493164,-0.1280867606401443,-0.0534037202596664,0.0695778578519821,watch,user3,walk
1763575561830564608,0.0011736154556274,-0.0035274028778076,-0.0229788720607757,-0.1125967651605606,-0.0621479451656341,0.0639114454388618,watch,user3,walk
1763575561840563456,0.0001813173294067,-0.0014323890209197,-0.0216276049613952,-0.1088936775922775,-0.0705863460898399,0.060228232294321,watch,user3,walk
1763575561850561536,-0.0006799101829528,-0.002390831708908,-0.0161947011947631,-0.115558236837387,-0.0790285691618919,0.0626708790659904,watch,user3,walk
1763575561860560640,-0.0040541291236877,-0.006831020116806,-0.0114159286022186,-0.1237738728523254,-0.0835209637880325,0.0650139972567558,watch,user3,walk
1763575561870559744,-0.0077878236770629,-0.0111396610736846,-0.0101819932460784,-0.1356662064790725,-0.0877551287412643,0.0657831206917762,watch,user3,walk
1763575561880558592,-0.0104469656944274,-0.012150228023529,-0.0079469978809356,-0.1450182199478149,-0.0823986232280731,0.0684575363993644,watch,user3,walk
1763575561890557440,-0.0097336173057556,-0.0122133195400238,-0.0071305632591247,-0.1524492353200912,-0.0749534890055656,0.0719577297568321,watch,user3,walk
1763575561900555520,-0.0051660537719726,-0.0127003788948059,-0.0033756792545318,-0.1481582969427108,-0.0672695562243461,0.0805394276976585,watch,user3,walk
1763575561910554624,-0.0034742355346679,-0.0116231739521026,-0.0008904635906219,-0.1482256799936294,-0.058228924870491,0.0894548892974853,watch,user3,walk
1763575561920553728,-0.0003519654273986,-0.0085242688655853,0.002620905637741,-0.1543524116277694,-0.0536829084157943,0.097548708319664,watch,user3,walk
1763575561930552576,0.0016452670097351,-0.0041894614696502,0.0047976672649383,-0.1673811376094818,-0.0447264313697814,0.1049003675580024,watch,user3,walk
1763575561940551424,0.0069194436073303,-0.0012210309505462,0.0022306442260742,-0.1832121610641479,-0.0335797742009162,0.1109130457043647,watch,user3,walk
1763575561950549504,0.0096432566642761,0.000432014465332,0.0036260187625885,-0.2045408934354782,-0.0214996729046106,0.1095843911170959,watch,user3,walk
1763575561960548608,0.0117444396018981,-0.0002115964889526,0.0027260780334472,-0.2312904298305511,-0.0036794855259358,0.1156684532761573,watch,user3,walk
1763575561970547712,0.0131081938743591,-0.008003681898117,0.0086405873298645,-0.2708471417427063,0.0126179950311779,0.1188096553087234,watch,user3,walk
1763575561980546560,0.0134249329566955,-0.0178825855255126,0.0108300149440765,-0.325882226228714,0.0323236137628555,0.1183535233139991,watch,user3,walk
1763575561990545408,0.0116997957229614,-0.0271579027175903,0.0182046890258789,-0.3982067704200744,0.0455264970660209,0.1196494176983833,watch,user3,walk
1763575562000544512,0.0148881673812866,-0.0358864665031433,0.0228796005249023,-0.4614785015583038,0.0415961146354675,0.1189881488680839,watch,user3,walk
1763575562010542592,0.0221709609031677,-0.0324594676494598,0.0210757255554199,-0.5056717991828918,0.0278986804187297,0.1187580525875091,watch,user3,walk
1763575562020541696,0.0304876565933227,-0.0210720002651214,0.0170657932758331,-0.5068540573120117,0.0107567999511957,0.1161321103572845,watch,user3,walk
1763575562030540544,0.0341619253158569,-0.0001709461212158,0.0125690400600433,-0.4753448069095611,0.0067162523046135,0.1114263013005256,watch,user3,walk
1763575562040539392,0.028842806816101,0.0199043452739715,0.0062269270420074,-0.4098138809204101,0.0079373121261596,0.1073099225759506,watch,user3,walk
1763575562050538496,0.0239710807800292,0.0302783846855163,0.0012039542198181,-0.327299028635025,0.0153214586898684,0.0990549251437187,watch,user3,walk
1763575562060536576,0.0157712697982788,0.0314839482307434,0.0023687779903411,-0.2472501844167709,0.0242183711379766,0.0939087644219398,watch,user3,walk
1763575562070535680,0.0083774924278259,0.0251950621604919,0.0041172504425048,-0.1722675561904907,0.0288575962185859,0.0864090397953987,watch,user3,walk
1763575562080534784,0.0026028156280517,0.0180811882019042,0.0035898983478546,-0.1248731836676597,0.0334095582365989,0.0845764502882957,watch,user3,walk
1763575562090533376,2.777576446533203e-05,0.0133845806121826,0.0009119808673858,-0.0988490357995033,0.03668924421072,0.0847223922610282,watch,user3,walk
1763575562100532480,-0.0032240152359008,0.0121700167655944,-0.0077812075614929,-0.0877898186445236,0.0415022857487201,0.0844098702073097,watch,user3,walk
1763575562110530560,-0.0056553483009338,0.0162744522094726,-0.0146981179714202,-0.0775832533836364,0.0452453568577766,0.076449416577816,watch,user3,walk
1763575562120529664,-0.010000467300415,0.0242883563041687,-0.0173340141773223,-0.0572861433029174,0.0470798313617706,0.0697058886289596,watch,user3,walk
1763575562130528768,-0.0129290223121643,0.0293230414390563,-0.0211476385593414,-0.0283200088888406,0.0418206192553043,0.0661870539188385,watch,user3,walk
1763575562140527360,-0.0169667601585388,0.0323465466499328,-0.0256189703941345,0.0125948451459407,0.0376151353120803,0.0599201060831546,watch,user3,walk
1763575562150526464,-0.0237650275230407,0.036300390958786,-0.0293784439563751,0.0477440431714057,0.032967384904623,0.0490868985652923,watch,user3,walk
1763575562160525568,-0.0274779796600341,0.0404139459133148,-0.0290141999721527,0.0821005031466484,0.0282504837960004,0.0388803333044052,watch,user3,walk
1763575562170523648,-0.0259279012680053,0.0470564663410186,-0.0305033028125762,0.115331694483757,0.0214458405971527,0.0253410879522562,watch,user3,walk
1763575562180522752,-0.0237094759941101,0.0507150590419769,-0.0276970863342285,0.1425583362579345,0.0112031465396285,0.0115946503356099,watch,user3,walk
1763575562190521600,-0.0224930047988891,0.0513291954994201,-0.0238501131534576,0.16307133436203,0.0059663066640496,0.0015292328316718,watch,user3,walk
1763575562200520448,-0.0239241123199462,0.0457718670368194,-0.0195780098438262,0.1781826466321945,0.002476766705513,-0.0093646943569183,watch,user3,walk
1763575562210519552,-0.0292895436286926,0.0378781259059906,-0.0141003727912902,0.1742997616529464,0.0049468483775854,-0.0244847908616065,watch,user3,walk
1763575562220517632,-0.035220444202423,0.0293752551078796,-0.0071844458580017,0.1677631139755249,0.0089033292606472,-0.0430723242461681,watch,user3,walk
1763575562230516736,-0.0408965349197387,0.021944373846054,0.0035360455513,0.1443928182125091,0.0122610423713922,-0.0585253164172172,watch,user3,walk
1763575562240515584,-0.0440793633460998,0.016089916229248,0.0123538970947265,0.1182038336992263,0.0209983419626951,-0.0703944936394691,watch,user3,walk
1763575562250514432,-0.046560525894165,0.0169792771339416,0.0161231160163879,0.0961179733276367,0.0335370376706123,-0.0802623033523559,watch,user3,walk
1763575562260513536,-0.0481767654418945,0.0184055864810943,0.0171920657157897,0.088735245168209,0.0477837063372135,-0.0848818197846412,watch,user3,walk
1763575562270511616,-0.0479559302330017,0.0226061046123504,0.0171709954738616,0.1073763072490692,0.0657592415809631,-0.0852394849061966,watch,user3,walk
1763575562280510720,-0.0458724498748779,0.0287415385246276,0.0112382769584655,0.148561030626297,0.0805845260620117,-0.082037828862667,watch,user3,walk
1763575562290509568,-0.0446580648422241,0.0324960947036743,0.003572255373001,0.2186176180839538,0.1055415421724319,-0.0786428302526474,watch,user3,walk
1763575562300508416,-0.0478219389915466,0.0351809561252594,-0.0025678277015686,0.3020943105220794,0.1336077153682708,-0.077395275235176,watch,user3,walk
1763575562310507520,-0.0452873110771179,0.0352670848369598,-0.0059078335762023,0.3914569318294525,0.1659323722124099,-0.070400483906269,watch,user3,walk
1763575562320505600,-0.0409796833992004,0.0326834619045257,-0.0038756728172302,0.4645934700965881,0.1917391866445541,-0.0609328113496303,watch,user3,walk
1763575562330503424,-0.0341398119926452,0.0283984243869781,0.0033529996871948,0.5257306098937988,0.2033862620592117,-0.0465091317892074,watch,user3,walk
1763575562340502528,-0.0250449776649475,0.0251312851905822,0.0088404715061187,0.5658761262893677,0.2102260589599609,-0.0381240397691726,watch,user3,walk
1763575562350501632,-0.0131449103355407,0.0236408412456512,0.0109506249427795,0.5979200601577759,0.211060956120491,-0.0345857627689838,watch,user3,walk
1763575562360500224,-0.0005866289138793,0.020264983177185,0.0094247162342071,0.6330286860466003,0.2068735808134079,-0.0330621674656868,watch,user3,walk
1763575562370498304,0.0139975547790527,0.0179218053817749,0.003283679485321,0.6717297434806824,0.1960984170436859,-0.0343961417675018,watch,user3,walk
1763575562380497408,0.0289737582206726,0.0156145095825195,-0.0033277571201324,0.7122230529785156,0.1897192746400833,-0.0396516285836696,watch,user3,walk
1763575562390496512,0.0445983409881591,0.0159662961959838,-0.0096233487129211,0.740813136100769,0.1845231801271438,-0.0383099280297756,watch,user3,walk
1763575562400495616,0.0565948486328125,0.0162247717380523,-0.0144420266151428,0.7685606479644775,0.1686668992042541,-0.0491390712559223,watch,user3,walk
1763575562410494464,0.0643701553344726,0.0144870281219482,-0.0221282839775085,0.782260537147522,0.1443258672952652,-0.0702563449740409,watch,user3,walk
1763575562420493312,0.0691575407981872,0.0141815841197967,-0.0243616104125976,0.7830692529678345,0.1195266023278236,-0.0915829986333847,watch,user3,walk
1763575562430491392,0.068806767463684,0.0134057104587554,-0.0248422920703887,0.7892547249794006,0.0776446610689163,-0.1080943346023559,watch,user3,walk
1763575562440490496,0.0679684281349182,0.0049997270107269,-0.0256396234035491,0.8099123239517212,0.015768514946103,-0.1288155913352966,watch,user3,walk
1763575562450489600,0.0647691488265991,0.0043000280857086,-0.0326715111732482,0.8244422674179077,-0.0469718314707279,-0.1548794209957122,watch,user3,walk
1763575562460488448,0.0612476468086242,0.0060967803001403,-0.0429251194000244,0.8449712991714478,-0.1267943084239959,-0.1767516136169433,watch,user3,walk
1763575562470487296,0.0606183409690856,0.0137769281864166,-0.0564413368701934,0.8681226968765259,-0.2093640267848968,-0.204772338271141,watch,user3,walk
1763575562480485376,0.0572298765182495,0.0338540375232696,-0.0639302730560302,0.8906047344207764,-0.2782860994338989,-0.2431369721889495,watch,user3,walk
1763575562490484480,0.0492289662361145,0.0483478605747222,-0.057179570198059,0.9228598475456238,-0.3286667168140411,-0.27082160115242,watch,user3,walk
1763575562500483584,0.0403527617454528,0.0459436178207397,-0.0435764789581298,0.9858955144882202,-0.3824614882469177,-0.288304716348648,watch,user3,walk
1763575562510482432,0.0304502844810485,0.0358739495277404,-0.0366915762424469,1.0712977647781372,-0.4450772106647491,-0.3048075437545776,watch,user3,walk
1763575562520481280,0.0264179110527038,0.0346984267234802,-0.0432644784450531,1.2265260219573977,-0.5537075996398926,-0.3216749429702759,watch,user3,walk
1763575562530479360,0.0326856970787048,0.0611445605754852,-0.0681793093681335,1.4658139944076538,-0.6664226651191711,-0.3566475808620453,watch,user3,walk
1763575562540478464,0.036231517791748,0.1101664900779724,-0.0893774032592773,1.8796281814575195,-0.812873363494873,-0.392680674791336,watch,user3,walk
1763575562550477568,0.0489137768745422,0.1742887496948242,-0.1212592124938964,2.4338901042938232,-0.8927468657493591,-0.4464757144451141,watch,user3,walk
1763575562560476416,0.0318713784217834,0.2408519685268402,-0.107645571231842,3.053234100341797,-0.8380674123764038,-0.4754370748996734,watch,user3,walk
1763575562570475264,0.0050860047340393,0.260523647069931,-0.0998700261116027,3.6979126930236816,-0.7374422550201416,-0.4697983562946319,watch,user3,walk
1763575562580473344,-0.0127528309822082,0.2422198951244354,-0.0850774645805358,4.1635284423828125,-0.6262019872665405,-0.4585278630256653,watch,user3,walk
1763575562590472448,-0.0320926904678344,0.1912988722324371,-0.0405917465686798,4.363612174987793,-0.5480273365974426,-0.4369075298309326,watch,user3,walk
1763575562600471552,-0.0358482003211975,0.0979752987623214,0.0029433965682983,4.260963439941406,-0.5217888355255127,-0.4020953476428985,watch,user3,walk
1763575562610470656,-0.0242732167243957,-0.0071911960840225,0.0344217419624328,3.8547637462615967,-0.5403886437416077,-0.3656230866909027,watch,user3,walk
1763575562620469504,-0.018106997013092,-0.0928123444318771,0.0546637177467346,3.220081090927124,-0.5883819460868835,-0.3451200723648071,watch,user3,walk
1763575562630467328,-0.0165704488754272,-0.1519333124160766,0.0695705413818359,2.5179603099823,-0.6567562222480774,-0.334034651517868,watch,user3,walk
1763575562640466432,-0.0159084796905517,-0.1783673614263534,0.0720308423042297,1.8711512088775637,-0.7081714272499084,-0.3311178982257843,watch,user3,walk
1763575562650465536,-0.0194727778434753,-0.1653123795986175,0.0559463500976562,1.352810025215149,-0.740996241569519,-0.3227758109569549,watch,user3,walk
1763575562660464640,-0.016545832157135,-0.1259887218475341,0.0356019735336303,0.9969342350959778,-0.7718178629875183,-0.3085058629512787,watch,user3,walk
1763575562670463488,-0.007150113582611,-0.0705479979515075,0.0145656466484069,0.8002592921257019,-0.8018644452095032,-0.2982710599899292,watch,user3,walk
1763575562680462336,0.0035824179649353,-0.01995849609375,-0.0081050395965576,0.7355989217758179,-0.817050576210022,-0.2958517670631408,watch,user3,walk
1763575562690460416,0.0032593011856079,0.0182379782199859,-0.0258026123046875,0.7587870955467224,-0.8152920603752136,-0.3030846416950226,watch,user3,walk
1763575562700459520,0.0021376609802246,0.0400313138961792,-0.0387865304946899,0.8172490000724792,-0.8048340678215027,-0.3153110444545746,watch,user3,walk
1763575562710458624,0.006646990776062,0.0480324476957321,-0.0407949686050415,0.8807051777839661,-0.7936349511146545,-0.3279693126678467,watch,user3,walk
1763575562720457472,0.0100616812705993,0.0371977984905242,-0.0418225526809692,0.9160424470901488,-0.7919249534606934,-0.3334010243415832,watch,user3,walk
1763575562730456320,0.012240707874298,0.0170168727636337,-0.0408004522323608,0.9105760455131532,-0.7926262021064758,-0.3336588144302368,watch,user3,walk
1763575562740454400,0.0158575177192688,0.0004454106092453,-0.0354911088943481,0.8590061068534851,-0.7991161346435547,-0.3292973041534424,watch,user3,walk
1763575562750453504,0.0184419155120849,-0.0096634775400161,-0.0291057229042053,0.7664673924446106,-0.8082143068313599,-0.3230223655700683,watch,user3,walk
1763575562760452608,0.0200182795524597,-0.0146357119083404,-0.0265253782272338,0.6687033176422119,-0.8295508623123169,-0.3178083598613739,watch,user3,walk
1763575562770451456,0.0214484333992004,-0.0174241364002227,-0.0246039628982543,0.5896335244178772,-0.8528652787208557,-0.3107238113880157,watch,user3,walk
1763575562780450304,0.0260431170463562,-0.0134753733873367,-0.0223183631896972,0.5394216775894165,-0.8637137413024902,-0.3099625408649444,watch,user3,walk
1763575562790448384,0.0311923623085021,-0.0121088624000549,-0.0155892372131347,0.5099245309829712,-0.8626463413238525,-0.3030002415180206,watch,user3,walk
1763575562800447488,0.034992516040802,-0.0172425508499145,-0.0069860816001892,0.489606499671936,-0.8648861646652222,-0.2892882227897644,watch,user3,walk
1763575562810446592,0.0341153144836425,-0.0209345668554306,-0.0022998452186584,0.4577300548553467,-0.868262767791748,-0.2838053107261657,watch,user3,walk
1763575562820445440,0.0309759378433227,-0.020173043012619,0.0059077739715576,0.4216509163379669,-0.8719302415847778,-0.2690651714801788,watch,user3,walk
1763575562830444288,0.0290021300315856,-0.0193581283092498,0.0052595138549804,0.3913318812847137,-0.8816894292831421,-0.2494637668132782,watch,user3,walk
1763575562840442368,0.034270703792572,-0.0239056646823883,0.0009711384773254,0.349876344203949,-0.8913050293922424,-0.2104554027318954,watch,user3,walk
1763575562850441472,0.045889139175415,-0.0402655452489852,0.0020170807838439,0.2868728637695312,-0.9006333351135254,-0.1648767292499542,watch,user3,walk
1763575562860440576,0.0512881875038147,-0.0566751509904861,0.009486436843872,0.2061104327440261,-0.9138420820236206,-0.1236631721258163,watch,user3,walk
1763575562870439424,0.0557020306587219,-0.0650971829891204,0.0236698389053344,0.1196165457367897,-0.920448362827301,-0.0870843902230262,watch,user3,walk
1763575562880438528,0.0572190880775451,-0.0600783973932266,0.0430471897125244,0.0658794566988945,-0.9236679077148438,-0.0343454107642173,watch,user3,walk
1763575562890437376,0.0574395060539245,-0.0405836999416351,0.055769920349121,0.0592931993305683,-0.9064804315567015,-0.0019429966341704,watch,user3,walk
1763575562900435456,0.051934003829956,-0.0325186699628829,0.0654563903808593,0.0741859972476959,-0.8840635418891907,0.014010602608323,watch,user3,walk
1763575562910434560,0.0485541224479675,-0.0263162851333618,0.0776724815368652,0.1030879542231559,-0.8495644330978394,0.0300753228366374,watch,user3,walk
1763575562920433408,0.0462170839309692,-0.0211210250854492,0.0822765827178955,0.1136920377612114,-0.8218644857406616,0.0423499643802642,watch,user3,walk
1763575562930432512,0.0493918061256408,-0.022401139140129,0.0911175012588501,0.0963633805513382,-0.7950682640075684,0.0432692877948284,watch,user3,walk
1763575562940431360,0.0491619110107421,-0.0231230854988098,0.1007933616638183,0.0660347267985344,-0.7705979943275452,0.054761029779911,watch,user3,walk
1763575562950429440,0.0488579273223876,-0.0247188508510589,0.1061680316925048,0.0243147052824497,-0.7362716794013977,0.0581078231334686,watch,user3,walk
1763575562960428544,0.0439432859420776,-0.0222148299217224,0.1123304367065429,-0.0123509401455521,-0.6997625827789307,0.0543423146009445,watch,user3,walk
1763575562970427392,0.0406112074851989,-0.0153484195470809,0.1230397820472717,-0.0432955399155616,-0.6563123464584351,0.0512146949768066,watch,user3,walk
1763575562980426496,0.033860445022583,-0.0024332553148269,0.1307201981544494,-0.0572963543236255,-0.6021957397460938,0.0549209490418434,watch,user3,walk
1763575562990425344,0.0282138586044311,0.0042753666639328,0.1372565627098083,-0.072713665664196,-0.5577126741409302,0.0620286613702774,watch,user3,walk
1763575563000423424,0.0217477679252624,0.0035769790410995,0.1361376643180847,-0.075652852654457,-0.5175005793571472,0.0736715346574783,watch,user3,walk
1763575563010422528,0.0173909068107604,-0.0020080804824829,0.1229539513587951,-0.0769833698868751,-0.4851178526878357,0.078520081937313,watch,user3,walk
1763575563020421632,0.0109249353408813,-0.0069156438112258,0.1215571165084838,-0.0855407789349556,-0.4563352167606354,0.0736432373523712,watch,user3,walk
1763575563030420480,0.010009765625,-0.0022280514240264,0.1201326847076416,-0.102792203426361,-0.4261655807495117,0.0631375983357429,watch,user3,walk
1763575563040419328,0.0106269717216491,0.0037518739700317,0.122534155845642,-0.1132831871509552,-0.3879433572292328,0.0608542077243328,watch,user3,walk
1763575563050417408,0.0079421997070312,0.0054030567407608,0.1203504204750061,-0.1062079742550849,-0.3527006804943084,0.066792793571949,watch,user3,walk
1763575563060416512,0.0068740844726562,0.0053995102643966,0.1167762875556945,-0.0880860015749931,-0.3182968199253082,0.0709243565797805,watch,user3,walk
1763575563070415616,0.0029534101486206,0.0034142136573791,0.1102948188781738,-0.0736673846840858,-0.2773645520210266,0.0675527900457382,watch,user3,walk
1763575563080414464,-0.002224326133728,-0.0014960169792175,0.1086516380310058,-0.073064886033535,-0.2420360445976257,0.0658342465758323,watch,user3,walk
1763575563090413568,-0.0017873048782348,-0.0078282952308654,0.1042230725288391,-0.0660123005509376,-0.2130672484636306,0.0579848513007164,watch,user3,walk
1763575563100411392,-0.000705599784851,-0.0085857808589935,0.097589373588562,-0.0576176233589649,-0.1825492829084396,0.0435247533023357,watch,user3,walk
1763575563110410496,-0.0021742582321166,0.0019709318876266,0.0918049812316894,-0.0591276362538337,-0.1484384536743164,0.0290832296013832,watch,user3,walk
1763575563120409600,-0.0041785836219787,0.0111005306243896,0.0854197144508361,-0.0621370933949947,-0.121215708553791,0.0214483458548784,watch,user3,walk
1763575563130408448,-0.0053679943084716,0.0154175460338592,0.0780282616615295,-0.0575543269515037,-0.0890782698988914,0.0229820609092712,watch,user3,walk
1763575563140407552,-0.0076342225074768,0.0161466747522354,0.0609405040740966,-0.0610315687954425,-0.0577867478132247,0.0236194226890802,watch,user3,walk
1763575563150405376,-0.00931316614151,0.0154373049736022,0.0514158606529235,-0.0697124078869819,-0.0375198274850845,0.0233826674520969,watch,user3,walk
1763575563160404480,-0.0097660422325134,0.0128866881132125,0.0389115810394287,-0.0678001269698143,-0.0213919915258884,0.0241443961858749,watch,user3,walk
1763575563170403584,-0.0069749355316162,0.0108157694339752,0.0277522802352905,-0.0680632516741752,-0.0091188140213489,0.0219669975340366,watch,user3,walk
1763575563180402432,-0.0056712627410888,0.01160828769207,0.0228764414787292,-0.0629703998565673,-0.0037982631474733,0.0208150465041399,watch,user3,walk
1763575563190401536,0.000696837902069,0.0100074410438537,0.0192131996154785,-0.0624369643628597,-0.0002701068297028,0.017433363944292,watch,user3,walk
1763575563200399360,0.0064053535461425,0.0059836655855178,0.0123059153556823,-0.0741034746170044,0.0014060866087675,0.0123681649565696,watch,user3,walk
1763575563210398464,0.0054178833961486,0.0004750490188598,0.0094517469406127,-0.0893665850162506,-0.0005675815045833,0.0095726447179913,watch,user3,walk
1763575563220397568,0.0034882426261901,-0.0034602731466293,0.0045925974845886,-0.1095446497201919,-0.0074727144092321,0.0129336873069405,watch,user3,walk
1763575563230396416,0.0015153884887695,-0.004242330789566,0.0007250905036926,-0.1323306560516357,-0.0180491916835308,0.0095647890120744,watch,user3,walk
1763575563240395520,-0.0001160502433776,-0.0052825212478637,-0.0003128051757812,-0.156511589884758,-0.0245215613394975,0.0166972000151872,watch,user3,walk
1763575563250394368,-0.0007932782173156,-0.0079046487808227,-0.0025891065597534,-0.1708625555038452,-0.0346359834074974,0.0222152695059776,watch,user3,walk
1763575563260392448,-0.0018854141235351,-0.0135525614023208,-0.0031370520591735,-0.1900845021009445,-0.0474717952311039,0.0293289069086313,watch,user3,walk
1763575563270391552,-0.0035458207130432,-0.016247808933258,-0.0098567605018615,-0.2107847183942794,-0.0569110997021198,0.0333409570157527,watch,user3,walk
1763575563280390400,-0.0050392746925354,-0.0157241076231002,-0.0145754814147949,-0.2178922891616821,-0.0651727616786956,0.0275867320597171,watch,user3,walk
1763575563290389504,-0.0052679181098937,-0.0116687417030334,-0.0151858329772949,-0.2170778959989547,-0.0678140819072723,0.0303500294685363,watch,user3,walk
1763575563300388352,-0.0049117803573608,-0.0070680081844329,-0.0155349969863891,-0.2008348852396011,-0.0668979585170745,0.0319075137376785,watch,user3,walk
1763575563310386432,-0.0050262808799743,-0.0060275793075561,-0.0155322551727294,-0.1798222810029983,-0.0663615986704826,0.0301503576338291,watch,user3,walk
1763575563320385536,-0.0061933398246765,-0.0068084150552749,-0.0176931619644165,-0.1570835411548614,-0.0598376467823982,0.0280221607536077,watch,user3,walk
1763575563330385664,-0.0042113065719604,-0.0051350742578506,-0.0176720023155212,-0.1301477998495102,-0.057928167283535,0.0223994273692369,watch,user3,walk
1763575563340384768,-0.0050162076950073,-0.0012292265892028,-0.0184451937675476,-0.1100731492042541,-0.0539512671530246,0.0207764972001314,watch,user3,walk
1763575563350383872,-0.0043196678161621,0.0033278167247772,-0.0181775689125061,-0.0904302075505256,-0.0559837892651557,0.0214803703129291,watch,user3,walk
1763575563360381952,-0.0030248165130615,0.0028959661722183,-0.0151230096817016,-0.0764157623052597,-0.0584974624216556,0.0189164113253355,watch,user3,walk
1763575563370380800,-0.0030884146690368,0.0002373158931732,-0.0136572122573852,-0.0696753039956092,-0.0574484430253505,0.0224072840064764,watch,user3,walk
1763575563380379648,-0.0005921125411987,-7.648766040802002e-05,-0.0114001035690307,-0.0720584765076637,-0.0597344115376472,0.0205016583204269,watch,user3,walk
1763575563390378752,0.0005144476890563,-0.0028328448534011,-0.0078843235969543,-0.0785185098648071,-0.060744285583496,0.0193008407950401,watch,user3,walk
1763575563400377856,0.0033718347549438,-0.0059692412614822,-0.0040016770362854,-0.0919425785541534,-0.0650732442736625,0.0204645749181509,watch,user3,walk
1763575563410375936,0.004299521446228,-0.0076522231101989,-0.0015773773193359,-0.1064568012952804,-0.0733476877212524,0.0245778262615203,watch,user3,walk
1763575563420374784,0.0057349801063537,-0.0066263377666473,-0.0037775039672851,-0.1115041524171829,-0.0810993537306785,0.0220604073256254,watch,user3,walk
1763575563430373632,0.0089623928070068,-0.0033024251461029,-0.0021923184394836,-0.101899467408657,-0.0882792398333549,0.0140741197392344,watch,user3,walk
1763575563440372736,0.0100679397583007,0.0021734237670898,-0.006622314453125,-0.0850495994091034,-0.093996062874794,0.012921436689794,watch,user3,walk
1763575563450371840,0.0087811350822448,0.0027173161506652,-0.0057350993156433,-0.0765647739171981,-0.0898931995034217,0.0148226674646139,watch,user3,walk
1763575563460369920,0.0104690194129943,0.0007907748222351,-0.0021544694900512,-0.0748382434248924,-0.0923712700605392,0.0148905785754323,watch,user3,walk
1763575563470368768,0.0076619982719421,-0.0082646608352661,0.0021736025810241,-0.0814284980297088,-0.0954030156135559,0.0132623212411999,watch,user3,walk
1763575563480367872,0.0034304857254028,-0.0165409594774246,0.0045192241668701,-0.0917640998959541,-0.0973316729068756,0.0156359300017356,watch,user3,walk
1763575563490366720,0.0033421516418457,-0.0188038498163223,0.0013867616653442,-0.1047800332307815,-0.1012710183858871,0.018267398700118,watch,user3,walk
1763575563500365824,0.0018719434738159,-0.0145914703607559,0.0020714998245239,-0.1056807935237884,-0.1034759432077407,0.0164765585213899,watch,user3,walk
1763575563510363904,0.0034997463226318,-0.0122630298137664,0.0018213987350463,-0.0959477424621582,-0.09882552921772,0.0171793662011623,watch,user3,walk
1763575563520362752,0.0009269714355468,-0.0090600997209548,0.0010079741477966,-0.0771104469895362,-0.0912977531552314,0.0185313858091831,watch,user3,walk
1763575563530361856,1.931190490722656e-05,-0.0067649781703948,-0.0016950964927673,-0.0625655949115753,-0.0820275545120239,0.0198131650686264,watch,user3,walk
1763575563540360704,-0.0041020512580871,-0.0061463415622711,-0.0015022158622741,-0.0489346496760845,-0.0764683783054351,0.0264071524143219,watch,user3,walk
1763575563550359808,-0.0037360191345214,-0.009348377585411,0.0011570453643798,-0.0514452122151851,-0.070704236626625,0.0264348480850458,watch,user3,walk
1763575563560357888,-0.0065388083457946,-0.0131687819957733,0.0026843547821044,-0.0597900077700614,-0.0653125792741775,0.0299573447555303,watch,user3,walk
1763575563570356736,-0.007794976234436,-0.0154501050710678,0.0073431134223937,-0.0705949813127517,-0.0611505880951881,0.0355364046990871,watch,user3,walk
1763575563580355840,-0.0069800019264221,-0.0148726105690002,0.0075050592422485,-0.0796286910772323,-0.0570037811994552,0.0418434329330921,watch,user3,walk
1763575563590354688,-0.0087421536445617,-0.0137675702571868,0.0089625716209411,-0.0849944278597831,-0.0563411861658096,0.042216807603836,watch,user3,walk
1763575563600353792,-0.0099009275436401,-0.0117602348327636,0.0131202936172485,-0.082699716091156,-0.0513525530695915,0.0474302768707275,watch,user3,walk
1763575563610351872,-0.0073609352111816,-0.004744604229927,0.0143412351608276,-0.0726587995886802,-0.0467998795211315,0.0461037568747997,watch,user3,walk
1763575563620350720,-0.0064717531204223,-0.0002277642488479,0.0094834566116333,-0.0497130043804645,-0.0455918684601783,0.0488172508776187,watch,user3,walk
1763575563630349824,-0.0033953189849853,0.0060807466506958,0.004859983921051,-0.0289235711097717,-0.0325775332748889,0.0501693375408649,watch,user3,walk
1763575563640348672,8.83340835571289e-05,0.0071520656347274,0.0026992559432983,-0.0227947495877742,-0.0284511446952819,0.0498933047056198,watch,user3,walk
1763575563650347776,0.0006595849990844,0.0034614503383636,0.0037682652473449,-0.0307378936558961,-0.0261664204299449,0.0504067614674568,watch,user3,walk
1763575563660345856,0.0030619502067565,-0.0012218356132507,0.006664752960205,-0.0517235547304153,-0.0308491438627243,0.0458570830523967,watch,user3,walk
1763575563670344704,0.0030717253684997,-0.0019113421440124,0.0087556838989257,-0.073542833328247,-0.0362862534821033,0.0373458862304687,watch,user3,walk
1763575563680343808,0.0017750263214111,0.0001961439847946,0.0110876560211181,-0.0790603682398796,-0.0347354933619499,0.0351776741445064,watch,user3,walk
1763575563690342912,0.0042697191238403,0.0025989860296249,0.0105462074279785,-0.0704999044537544,-0.0338950008153915,0.0355220213532447,watch,user3,walk
1763575563700341760,0.0013436675071716,0.0036300867795944,0.0047814846038818,-0.0633061826229095,-0.0341991335153579,0.0330920182168483,watch,user3,walk
1763575563710339840,0.0014028549194335,0.0030669718980789,0.0029087662696838,-0.0602651126682758,-0.0303007997572422,0.0276551768183708,watch,user3,walk
1763575563720338944,-0.0003706812858581,3.744661808013916e-05,0.0055032968521118,-0.0631932988762855,-0.0317412130534648,0.023379536345601,watch,user3,walk
1763575563730337792,0.0003973841667175,-0.0054867565631866,0.0074950456619262,-0.0754643455147743,-0.0278711095452308,0.023429337888956,watch,user3,walk
1763575563740336896,-0.001836359500885,-0.0103009790182113,0.009827971458435,-0.0876810252666473,-0.026700735092163,0.0266126804053783,watch,user3,walk
1763575563750335744,-0.0040639042854309,-0.0145288854837417,0.0114926695823669,-0.1049159318208694,-0.0228316970169544,0.0289504043757915,watch,user3,walk
1763575563760334848,-0.0069470405578613,-0.0125326514244079,0.0128320455551147,-0.1081587374210357,-0.018891017884016,0.0292990785092115,watch,user3,walk
1763575563770332928,-0.0082930922508239,-0.009378045797348,0.00600266456604,-0.1056881174445152,-0.011147609911859,0.0305022951215505,watch,user3,walk
1763575563780331776,-0.0058795809745788,-0.0033837258815765,0.0005210638046264,-0.0960674062371254,-0.0058000721037387,0.0317852050065994,watch,user3,walk
1763575563790330880,-0.0060821771621704,-0.0019226819276809,-0.0013923645019531,-0.0825747698545456,-3.965431824326515e-05,0.0299103409051895,watch,user3,walk
1763575563800329728,-0.0035071969032287,-0.000928908586502,-0.0025613903999328,-0.0738241970539093,0.0016406229697167,0.0274123605340719,watch,user3,walk
1763575563810328832,-0.001804232597351,-0.00044447183609,-6.473064422607422e-05,-0.0681119859218597,0.0030273306183516,0.0214346293359994,watch,user3,walk
1763575563820326912,-0.0055010318756103,0.0006938278675079,0.0021155476570129,-0.0611051619052886,0.0044839913025498,0.0167813561856746,watch,user3,walk
1763575563830325760,-0.004230797290802,0.0040674656629562,0.0028481483459472,-0.0492146797478199,0.0062794941477477,0.0126566514372825,watch,user3,walk
1763575563840324864,-0.0042929053306579,0.003676027059555,0.0006564855575561,-0.0402914062142372,0.0153681533411145,0.017824649810791,watch,user3,walk
1763575563850323712,-0.0039665102958679,0.0017893463373184,0.0004532933235168,-0.0340436324477195,0.0162014551460742,0.0159780140966177,watch,user3,walk
1763575563860322816,-0.0045040249824523,-0.0008825212717056,0.0041509866714477,-0.0435810312628746,0.0138990646228194,0.0151464417576789,watch,user3,walk
1763575563870320896,-0.0069392323493957,-0.0022235512733459,0.0036313533782958,-0.0571921803057193,0.0092356028035283,0.0165800210088491,watch,user3,walk
1763575563880319744,-0.0057355761528015,-0.0040366947650909,0.0006435513496398,-0.0742595866322517,0.0060035907663404,0.0159959886223077,watch,user3,walk
1763575563890318848,-0.0061715841293334,-0.0049042105674743,0.0002524256706237,-0.0847303345799446,0.0039982302114367,0.0167672410607337,watch,user3,walk
1763575563900317696,-0.0068495869636535,-0.00285205245018,-0.0010042786598205,-0.0961857885122299,-0.0015038601122796,0.0154397226870059,watch,user3,walk
1763575563910316800,-0.0044714212417602,0.000953733921051,-0.0018017292022705,-0.0904605239629745,-0.0041324007324874,0.0111935781314969,watch,user3,walk
1763575563920314880,-0.0043906569480896,0.0040952861309051,-0.0059522986412048,-0.079582080245018,-0.0042540179565548,0.0040522450581192,watch,user3,walk
1763575563930313728,-0.0034845471382141,0.0088675916194915,-0.0043866634368896,-0.0577209964394569,-0.0033687828108668,-0.0022269561886787,watch,user3,walk
1763575563940312832,-0.0040521025657653,0.010961890220642,-0.0048463940620422,-0.0344941467046737,0.002449513413012,-0.0064596510492265,watch,user3,walk
1763575563950311936,-0.0074033737182617,0.009155660867691,-0.0053685307502746,-0.0189830996096134,0.0033448683097958,-0.0087675470858812,watch,user3,walk
1763575563960310784,-0.0066453218460083,0.0024806261062622,-0.0031539797782897,-0.0147878658026456,0.0031348336488008,-0.0063960682600736,watch,user3,walk
1763575563970308864,-0.0052211284637451,-0.0032415241003036,-0.0051645040512084,-0.025629861280322,-0.001889752689749,-0.0073153912089765,watch,user3,walk
1763575563980307712,-0.0011231303215026,-0.0055274367332458,-0.0051197409629821,-0.0411196053028106,-0.0083686895668506,-0.0107455430552363,watch,user3,walk
1763575563990306816,0.0022060871124267,-0.0048784762620925,-0.002177357673645,-0.0528015606105327,-0.0065846391953527,-0.0136862052604556,watch,user3,walk
1763575564000305920,0.0020524263381958,-0.004091203212738,-0.0020074248313903,-0.0522072315216064,-0.0132381040602922,-0.013090455904603,watch,user3,walk
1763575564010304768,0.0006117820739746,-0.0014828294515609,-0.0029973983764648,-0.047383714467287,-0.0092598740011453,-0.0103442044928669,watch,user3,walk
1763575564020302848,-0.000216007232666,0.0001261234283447,-0.0060935616493225,-0.032869353890419,-0.007943739183247,-0.0106429448351264,watch,user3,walk
1763575564030301696,-0.0022960305213928,-0.0007509291172027,-0.0066287517547607,-0.0176837425678968,-0.0097237955778837,-0.0108621232211589,watch,user3,walk
1763575564040300800,-0.0009709596633911,-0.0027110129594802,-0.0060853362083435,-0.0105162449181079,-0.0141097549349069,-0.0162558890879154,watch,user3,walk
1763575564050299904,-0.000548779964447,-0.0029946416616439,0.0005646347999572,-0.0075995502993464,-0.0180586911737918,-0.0219960659742355,watch,user3,walk
1763575564060298752,-0.0034552216529846,-0.0042656362056732,0.0035473704338073,-0.0059353411197662,-0.0153433326631784,-0.022538686171174,watch,user3,walk
1763575564070296832,-0.005021333694458,-0.0055579841136932,0.0027427673339843,-0.007981713861227,-0.0175287220627069,-0.0204313267022371,watch,user3,walk
1763575564080295680,-0.0071770548820495,-0.0059854984283447,0.0031318068504333,-0.0086604207754135,-0.0139851197600364,-0.0155017487704753,watch,user3,walk
1763575564090294784,-0.0066280961036682,-0.0056429207324981,-0.0005478858947753,-0.0148264374583959,-0.01414624042809,-0.0120004909113049,watch,user3,walk
1763575564100293888,-0.0044252276420593,-0.0052357614040374,0.0019391179084777,-0.0186884216964244,-0.011676425114274,-0.0102399419993162,watch,user3,walk
1763575564110292736,-0.0029471516609191,-0.0044718235731124,0.0023891925811767,-0.02663529291749,-0.0112995877861976,-0.012639982625842,watch,user3,walk
1763575564120290816,-0.0033196210861206,-0.0036127716302871,0.0042459964752197,-0.0383733958005905,-0.0132906548678874,-0.0094298738986253,watch,user3,walk
1763575564130289920,-0.0069386959075927,-0.0046268105506896,0.0062183141708374,-0.0380761884152889,-0.010598998516798,-0.00756939034909,watch,user3,walk
1763575564140288768,-0.0023876428604125,-0.0044599920511245,0.0031198859214782,-0.0390466004610061,-0.0076155485585331,-0.0103547237813472,watch,user3,walk
1763575564150287872,-0.0025854706764221,-0.0009971559047698,0.0016291737556457,-0.0311087816953659,-0.0069990269839763,-0.0114399623125791,watch,user3,walk
1763575564160286976,-0.0025136470794677,0.0035409480333328,0.0036374330520629,-0.0152864539995789,-0.0048574903048574,-0.0098245553672313,watch,user3,walk
1763575564170284800,0.0009491443634033,0.0053569078445434,0.0008152723312377,-0.0008422674145549,-0.0078647322952747,-0.0090730115771293,watch,user3,walk
1763575564180283904,0.0036638975143432,0.0064485520124435,-0.0013031363487243,0.002777722897008,-0.0032363357022404,-0.0091537712141871,watch,user3,walk
1763575564190282752,0.0015367865562438,0.001767948269844,-0.0012852549552917,-0.0004737303243018,-0.0053540812805294,-0.0096509838476777,watch,user3,walk
1763575564200281856,0.0012807250022888,-0.0028690546751022,0.0032668709754943,-0.0116295348852872,-0.008425592444837,-0.0113195870071649,watch,user3,walk
1763575564210280960,0.0023503303527832,-0.0056733340024948,0.0017401576042175,-0.0189311243593692,-0.0112786376848816,-0.0142051223665475,watch,user3,walk
1763575564220278784,0.0029449462890625,-0.0027231276035308,0.0022264122962951,-0.0193084925413131,-0.0132586983963847,-0.0150665212422609,watch,user3,walk
1763575564230277888,0.0054779052734375,-0.0004260390996932,0.0016149878501892,-0.0194160845130682,-0.0104839513078331,-0.0102219656109809,watch,user3,walk
1763575564240276736,0.0049671530723571,-0.0007823705673217,0.000446081161499,-0.017073567956686,-0.0101095093414187,-0.0102471318095922,watch,user3,walk
1763575564250275840,0.0030218958854675,-0.0011671036481857,-0.0003293752670288,-0.018018189817667,-0.0083909714594483,-0.0128961782902479,watch,user3,walk
1763575564260274944,0.0002655982971191,0.000736191868782,-0.0015690922737121,-0.0140536772087216,-0.0114544061943888,-0.0176511872559785,watch,user3,walk
1763575564270272768,0.0020437836647033,0.0008389502763748,-0.0019049644470214,-0.0040223477408289,-0.0151958810165524,-0.0177529193460941,watch,user3,walk
1763575564280271872,0.0020381808280944,0.0016273707151412,-0.0019739270210266,0.0092630973085761,-0.0141380727291107,-0.0236684642732143,watch,user3,walk
1763575564290270720,-0.0018587708473205,0.0025370270013809,0.000352919101715,0.0180328860878944,-0.008003482595086,-0.0220766942948102,watch,user3,walk
1763575564300269824,-0.0022520422935485,0.0008236020803451,-0.000238299369812,0.0211626775562763,-0.0095953419804573,-0.0202182736247777,watch,user3,walk
1763575564310268928,-0.0031656026840209,-0.0032337754964828,0.0008374452590942,0.0163077358156442,-0.0127250887453556,-0.0186051968485116,watch,user3,walk
1763575564320266752,0.0028238296508789,-0.0083029717206954,0.0698292851448059,0.139982134103775,-0.2314773947000503,-0.0232954900711774,watch,user3,walk
1763575564330265856,0.0509241223335266,-0.029515728354454,0.0164617300033569,-0.1366894096136093,0.0053742858581244,0.0043348064646124,watch,user3,walk
1763575564340264704,-0.060453176498413,-0.0054139494895935,0.0165449380874633,-0.0073447744362056,0.0519962050020694,0.0027415039949119,watch,user3,walk
1763575564350263808,-0.0151873230934143,0.0181939750909805,-0.0248817801475524,0.0516959056258201,0.0855794623494148,-0.0277274549007415,watch,user3,walk
1763575564360262912,-0.013004183769226,0.0469613820314407,-0.0205343961715698,0.0677328035235405,0.0869161039590835,-0.0524557717144489,watch,user3,walk
1763575564370260736,0.0128728151321411,-0.0196591615676879,-0.0135815739631652,-0.0518188998103141,0.0561853572726249,-0.0245216097682714,watch,user3,walk
1763575564380259840,0.0136636495590209,-0.0604618191719055,0.0090991258621215,-0.176600694656372,-0.0099855847656726,0.0026683332398533,watch,user3,walk
1763575564390258688,0.0136618018150329,-0.0320604443550109,0.0171763896942138,-0.1826255619525909,-0.0389597117900848,0.0007473953301087,watch,user3,walk
1763575564400257792,0.0032148361206054,0.0132050812244415,0.0016610026359558,-0.0900025889277458,-0.0141565389931201,-0.0067427451722323,watch,user3,walk
1763575564410256896,-0.0025743246078491,0.0202079564332962,-0.0099849700927734,0.0217937137931585,0.0107836984097957,-0.0045413761399686,watch,user3,walk
1763575564420254720,-0.0010643005371093,0.0082723647356033,-0.0081291794776916,0.0606265999376773,0.0165233425796031,-0.0047622853890061,watch,user3,walk
1763575564430253824,0.004330039024353,-0.0071772187948226,-0.0044004321098327,0.0366512238979339,0.003941505216062,-0.0035196547396481,watch,user3,walk
1763575564440252672,0.006944715976715,-0.0185061246156692,-0.002676248550415,-0.0145701086148619,-0.0120543278753757,0.0009654415771365,watch,user3,walk
1763575564450251776,0.0038298368453979,-0.0142477452754974,-0.0041007995605468,-0.0445770062506198,-0.0183377899229526,0.0050888140685856,watch,user3,walk
1763575564460250880,0.000330626964569,-0.0011766701936721,-0.0076084733009338,-0.0374248661100864,-0.0173430107533931,0.0064280512742698,watch,user3,walk
1763575564470248704,-0.0032183527946472,0.0043786764144897,-0.0042577385902404,-0.0160269010812044,-0.0117535684257745,0.0067737293429672,watch,user3,walk
1763575564480247808,-0.0044123530387878,0.003945842385292,-0.0007049441337585,0.0008610903751105,-0.0043703978881239,0.0054220422171056,watch,user3,walk
1763575564490246656,-0.0044499039649963,-0.0036971718072891,0.0043010711669921,0.001029668492265,-0.005794390104711,0.0073837260715663,watch,user3,walk
1763575564500245760,-0.0036030411720275,-0.0067431926727294,0.0063083171844482,-0.0137850521132349,-0.0112329199910163,0.0088962679728865,watch,user3,walk
1763575564510244864,-0.0019251108169555,-0.0066120326519012,0.0066723823547363,-0.0217031631618738,-0.0144217889755964,0.0105082793161273,watch,user3,walk
1763575564520242688,-0.0007790327072143,-0.0038540661334991,0.004723310470581,-0.0232781115919351,-0.0135787203907966,0.008773430250585,watch,user3,walk
1763575564530241792,-0.0016056299209594,4.169344902038574e-05,0.0064514875411987,-0.0231071375310421,-0.0096668042242527,0.0059267776086926,watch,user3,walk
1763575564540240640,-0.0029478073120117,0.0034039616584777,0.0046083331108093,-0.0134074157103896,-0.0089327469468116,0.005481163971126,watch,user3,walk
1763575564550239744,-0.002658724784851,0.0059541016817092,0.0006571412086486,-0.0029023112729191,-0.0064110006205737,0.0009532576659694,watch,user3,walk
1763575564560238848,-0.0020527243614196,0.0089560151100158,-0.0014436244964599,0.0100503722205758,-0.0049254898913204,-0.0011242076288908,watch,user3,walk
1763575564570236672,-0.0010192394256591,0.0068068355321884,-0.0036910772323608,0.015972975641489,7.750000804662704e-06,-0.0062843486666679,watch,user3,walk
1763575564580235776,0.0016990303993225,0.0054649859666824,0.0012076497077941,0.0137180779129266,0.0009566345252096,-0.0141294887289404,watch,user3,walk
1763575564590234880,0.001895785331726,0.0030337274074554,0.0039195418357849,0.0116791613399982,0.000244771130383,-0.0166744068264961,watch,user3,walk
1763575564600233728,0.003418743610382,-0.0008015632629394,0.0049640536308288,0.0011049028253182,-0.0004712641239166,-0.0166626889258623,watch,user3,walk
1763575564610232832,0.0025693774223327,-0.0040519684553146,0.0072899460792541,-0.0064811115153133,-0.0018806084990501,-0.0224420148879289,watch,user3,walk
1763575564620230656,2.396106719970703e-05,-0.0055109411478042,0.0032666325569152,-0.0051053226925432,-0.0028715711086988,-0.0179246254265308,watch,user3,walk
1763575564630229760,0.0021503567695617,-0.0007305592298507,-0.0029167532920837,0.0025403467006981,0.0022294479422271,-0.0167592260986566,watch,user3,walk
1763575564640228864,0.0013498663902282,0.0036746859550476,-0.0043386816978454,0.0177333261817693,0.0054792147129774,-0.0195061452686786,watch,user3,walk
1763575564650227712,0.0016748905181884,0.0024971812963485,-0.0026464462280273,0.0217278003692626,0.0035867723636329,-0.0213104374706745,watch,user3,walk
1763575564660226816,0.0021254420280456,-0.002280056476593,0.0008490681648254,0.0180756300687789,0.0027527590282261,-0.0229747779667377,watch,user3,walk
1763575564670224896,-0.0013843774795532,-0.0106353312730789,0.0055488348007202,0.0086621548980474,0.0004302165471017,-0.0242807921022176,watch,user3,walk
1763575564680223744,-0.0033355355262756,-0.014715701341629,0.0089420080184936,-0.0016836044378578,-0.0025974428281188,-0.0251303408294916,watch,user3,walk
1763575564690222848,-0.0061455965042114,-0.0148708373308181,0.0092700123786926,-0.0027842889539897,0.0005229827947914,-0.0208405219018459,watch,user3,walk
1763575564700221696,-0.0074094533920288,-0.0114564150571823,0.0038460493087768,0.0080939698964357,0.0027716672047972,-0.0131802717223763,watch,user3,walk
1763575564710220800,-0.0054049491882324,-0.0069655179977416,-0.0013659596443176,0.0220361500978469,0.0092362239956855,-0.0146511355414986,watch,user3,walk
1763575564720218880,-0.0060734748840332,-0.0017028450965881,-0.0035507678985595,0.0343234874308109,0.0129824038594961,-0.013222549110651,watch,user3,walk
1763575564730217728,-0.0012302994728088,-0.0014086663722991,-0.0026981234550476,0.0423065796494483,0.0198285933583974,-0.0152798406779766,watch,user3,walk
1763575564740216832,-0.0002160668373107,-0.0020116567611694,-0.0023883581161499,0.0497328899800777,0.0212542712688446,-0.015822060406208,watch,user3,walk
1763575564750215680,-0.0009732842445373,-0.0054965913295745,0.0026973485946655,0.0464862324297428,0.0214303061366081,-0.0137969925999641,watch,user3,walk
1763575564760214784,0.0012653470039367,-0.0077636986970901,0.0029717683792114,0.0385424643754959,0.0204022377729415,-0.0117840422317385,watch,user3,walk
1763575564770212864,-0.0003743767738342,-0.0077943354845047,0.0031849145889282,0.0326225236058235,0.0166285391896963,-0.0096260830760002,watch,user3,walk
1763575564780211712,0.0011919736862182,-0.0039255619049072,0.0023136734962463,0.0264424849301576,0.0169905498623847,-0.0065055242739617,watch,user3,walk
1763575564790210816,0.0039344429969787,-0.0020031481981277,0.0006369948387145,0.024573478847742,0.0169801637530326,-0.0022503254003822,watch,user3,walk
1763575564800209664,0.002405822277069,-0.0019615590572357,0.0021679997444152,0.0154026160016655,0.0132810333743691,-0.0013239448890089,watch,user3,walk
1763575564810208768,0.001844584941864,-0.0048528611660003,0.0024415254592895,0.0126883219927549,0.0047583854757249,-0.0039578108116984,watch,user3,walk
1763575564820206848,5.650520324707031e-05,-0.0045522153377532,0.0014355182647705,0.0054362681694328,0.0041754199191927,-0.0060316147282719,watch,user3,walk
1763575564830205696,0.0006859898567199,-0.0034984350204467,0.0018132925033569,0.0132859349250793,0.0058590704575181,-0.0061261570081114,watch,user3,walk
1763575564840204800,0.0011405944824218,-0.0022318512201309,0.0004390478134155,0.0213371161371469,0.0086947148665785,-0.0038893679156899,watch,user3,walk
1763575564850203648,0.0021419525146484,0.0008394867181777,-0.001301884651184,0.0269097797572612,0.0102151138707995,-0.0074284421280026,watch,user3,walk
1763575564860202752,0.0020702481269836,0.0003055334091186,-0.0008232593536376,0.0241335667669773,0.011649758554995,-0.0072282394394278,watch,user3,walk
1763575564870200832,0.0006890296936035,-0.0021999031305313,0.0027206540107727,0.0151757588610053,0.0072307754307985,-0.0021879407577216,watch,user3,walk
1763575564880199680,0.0009906291961669,-0.0074225515127182,0.0068922638893127,1.9546132534742355e-06,0.0023900363594293,-0.0050621572881937,watch,user3,walk
1763575564890198784,-0.0025264024734497,-0.0080427825450897,0.0078538060188293,-0.0072796600870788,-0.0010225386358797,-0.0067556612193584,watch,user3,walk
1763575564900197632,-0.0031899213790893,-0.0046169906854629,0.0047980546951293,-0.0095609240233898,-0.0003271871246397,-0.0068637859076261,watch,user3,walk
1763575564910196736,-0.004555344581604,-0.002354010939598,0.0032228231430053,-0.0016824947670102,0.0017495458014309,-0.0037375011015683,watch,user3,walk
1763575564920194816,-0.0032204985618591,-6.848573684692383e-05,0.0009099841117858,0.0075595621019601,0.0069063128903508,-0.0044905100949108,watch,user3,walk
1763575564930193920,-0.0041781663894653,0.0030304342508316,-0.0015825629234313,0.0186886470764875,0.0098730744794011,-0.0078077432699501,watch,user3,walk
1763575564940192768,-0.0029221177101135,0.0065543055534362,-0.0020612478256225,0.025289112702012,0.0119826532900333,-0.0109970122575759,watch,user3,walk
1763575564950191616,-0.0007979273796081,0.0066962391138076,-0.0014299750328063,0.0317752435803413,0.0105376224964857,-0.0116119356825947,watch,user3,walk
1763575564960190720,0.0009527206420898,0.0022197365760803,0.0019652247428894,0.0277854278683662,0.0083378516137599,-0.0112937539815902,watch,user3,walk
1763575564970188800,0.0007926225662231,-0.0042453855276107,0.0032095909118652,0.0168504882603883,0.0088510429486632,-0.013135596178472,watch,user3,walk
1763575564980187904,-0.0001087188720703,-0.0045510232448577,0.0055029392242431,0.0033738268539309,0.0073484871536493,-0.0186945460736751,watch,user3,walk
1763575564990186752,-0.0002461671829223,-0.0059612095355987,0.0058372020721435,-0.0064527047798037,0.0017111077904701,-0.0175158306956291,watch,user3,walk
1763575565000185856,0.0014086961746215,-0.0040227025747299,0.0032526850700378,-0.0047518769279122,0.0017856759950518,-0.0164823252707719,watch,user3,walk
1763575565010184704,0.0004975795745849,0.0012775510549545,-0.0012584924697875,0.0035966006107628,0.0041779936291277,-0.0180735643953084,watch,user3,walk
1763575565020182784,0.0006904006004333,0.0030855983495712,-0.0027434229850769,0.0162074230611324,0.012167565524578,-0.0170361958444118,watch,user3,walk
1763575565030181888,0.000231385231018,0.0025321096181869,-5.990266799926758e-05,0.0247828029096126,0.0173314362764358,-0.0160883776843547,watch,user3,walk
1763575565040180736,-0.0015612244606018,-0.0026197731494903,0.0047537088394165,0.0316144302487373,0.0138001721352338,-0.015008863992989,watch,user3,walk
1763575565050179840,0.0004284381866455,-0.0070295184850692,0.0016713738441467,0.0213431511074304,0.0129711292684078,-0.017699722200632,watch,user3,walk
1763575565060177920,0.0002532005310058,-0.0074305087327957,0.002849519252777,0.0158948563039302,0.0087020825594663,-0.0196483582258224,watch,user3,walk
1763575565070176768,0.0077443718910217,-0.0062214434146881,0.0381264090538024,0.1130235344171524,-0.1148190572857856,-0.0144474692642688,watch,user3,walk
1763575565080175872,0.0348960757255554,-0.0135203152894973,0.0119808316230773,-0.0442308001220226,0.020480178296566,-0.0090106260031461,watch,user3,walk
1763575565090174720,-0.0370664000511169,-0.0044338256120681,0.0111037492752075,0.0510821379721164,0.0288973655551671,-0.0136349396780133,watch,user3,walk
1763575565100173824,-0.0100864768028259,0.0040831118822097,-0.0081753134727478,0.0730625391006469,0.0494298040866851,-0.0307327006012201,watch,user3,walk
1763575565110171904,-0.0102089643478393,0.0281343460083007,-0.0069095492362976,0.095025360584259,0.0669874921441078,-0.0364321321249008,watch,user3,walk
1763575565120170752,0.0055100917816162,0.0032291412353515,-0.0044140815734863,0.0755776241421699,0.07318627089262,-0.0222465377300977,watch,user3,walk
1763575565130169856,0.0078580379486083,-0.0196173340082168,0.006062626838684,0.0036983776371926,0.0495810732245445,-0.0172536429017782,watch,user3,walk
1763575565140168960,0.0057513713836669,-0.0346883386373519,0.0125335454940795,-0.0961526334285736,0.0166740790009498,-0.0182369481772184,watch,user3,walk
1763575565150167808,0.0049558877944946,-0.0416061878204345,0.0145729184150695,-0.1841400116682052,-0.0059521379880607,-0.0151253109797835,watch,user3,walk
1763575565160165888,-0.0022177100181579,-0.035305231809616,0.0067901015281677,-0.1892010420560836,-0.0195569861680269,-0.0067420126870274,watch,user3,walk
1763575565170164736,-0.0025283098220825,-0.0099718570709228,0.0025286674499511,-0.1176453605294227,-0.0064068287611007,-0.0054117636755108,watch,user3,walk
1763575565180163840,-0.0027639269828796,0.01212939620018,-0.0066025853157043,-0.038745928555727,0.0142767000943422,-0.0050415843725204,watch,user3,walk
